<?xml version="1.0" encoding="UTF-8"?>
<gpx creator="Garmin Connect" version="1.1"
  xsi:schemaLocation="http://www.topografix.com/GPX/1/1 http://www.topografix.com/GPX/11.xsd"
  xmlns:ns3="http://www.garmin.com/xmlschemas/TrackPointExtension/v1"
  xmlns="http://www.topografix.com/GPX/1/1"
  xmlns:xsi="http://www.w3.org/2001/XMLSchema-instance" xmlns:ns2="http://www.garmin.com/xmlschemas/GpxExtensions/v3">
  <metadata>
    <link href="connect.garmin.com">
      <text>Garmin Connect</text>
    </link>
    <time>2026-08-06T12:00:50.000Z</time>
  </metadata>
  <trk>
    <name>厦门市 跑步</name>
    <type>running</type>
    <trkseg>
      <trkpt lat="24.53450675122439861297607421875" lon="118.15382678993046283721923828125">
        <ele>20.799999237060546875</ele>
        <time>2026-08-06T12:00:50.000Z</time>
        <extensions>
          <ns3:TrackPointExtension>
            <ns3:hr>115</ns3:hr>
            <ns3:cad>0</ns3:cad>
          </ns3:TrackPointExtension>
        </extensions>
      </trkpt>
      <trkpt lat="24.5345167256891727447509765625" lon="118.15380130894482135772705078125">
        <ele>20.799999237060546875</ele>
        <time>2026-08-06T12:00:51.000Z</time>
        <extensions>
          <ns3:TrackPointExtension>
            <ns3:hr>116</ns3:hr>
            <ns3:cad>0</ns3:cad>
          </ns3:TrackPointExtension>
        </extensions>
      </trkpt>
      <trkpt lat="24.53454312868416309356689453125" lon="118.15380382351577281951904296875">
        <ele>21</ele>
        <time>2026-08-06T12:00:52.000Z</time>
        <extensions>
          <ns3:TrackPointExtension>
            <ns3:hr>116</ns3:hr>
            <ns3:cad>0</ns3:cad>
          </ns3:TrackPointExtension>
        </extensions>
      </trkpt>
      <trkpt lat="24.534559808671474456787109375" lon="118.15380231477320194244384765625">
        <ele>20.799999237060546875</ele>
        <time>2026-08-06T12:00:53.000Z</time>
        <extensions>
          <ns3:TrackPointExtension>
            <ns3:hr>117</ns3:hr>
            <ns3:cad>0</ns3:cad>
          </ns3:TrackPointExtension>
        </extensions>
      </trkpt>
      <trkpt lat="24.5345854572951793670654296875" lon="118.15381270833313465118408203125">
        <ele>20.799999237060546875</ele>
        <time>2026-08-06T12:00:54.000Z</time>
        <extensions>
          <ns3:TrackPointExtension>
            <ns3:hr>116</ns3:hr>
            <ns3:cad>0</ns3:cad>
          </ns3:TrackPointExtension>
        </extensions>
      </trkpt>
      <trkpt lat="24.5346072502434253692626953125" lon="118.15381689928472042083740234375">
        <ele>20.799999237060546875</ele>
        <time>2026-08-06T12:00:55.000Z</time>
        <extensions>
          <ns3:TrackPointExtension>
            <ns3:hr>116</ns3:hr>
            <ns3:cad>0</ns3:cad>
          </ns3:TrackPointExtension>
        </extensions>
      </trkpt>
      <trkpt lat="24.534632228314876556396484375" lon="118.153824694454669952392578125">
        <ele>21</ele>
        <time>2026-08-06T12:00:56.000Z</time>
        <extensions>
          <ns3:TrackPointExtension>
            <ns3:hr>116</ns3:hr>
            <ns3:cad>87</ns3:cad>
          </ns3:TrackPointExtension>
        </extensions>
      </trkpt>
      <trkpt lat="24.5346565358340740203857421875" lon="118.15383181907236576080322265625">
        <ele>21.200000762939453125</ele>
        <time>2026-08-06T12:00:57.000Z</time>
        <extensions>
          <ns3:TrackPointExtension>
            <ns3:hr>116</ns3:hr>
            <ns3:cad>88</ns3:cad>
          </ns3:TrackPointExtension>
        </extensions>
      </trkpt>
      <trkpt lat="24.53468444757163524627685546875" lon="118.1538376025855541229248046875">
        <ele>21.200000762939453125</ele>
        <time>2026-08-06T12:00:58.000Z</time>
        <extensions>
          <ns3:TrackPointExtension>
            <ns3:hr>117</ns3:hr>
            <ns3:cad>89</ns3:cad>
          </ns3:TrackPointExtension>
        </extensions>
      </trkpt>
      <trkpt lat="24.5347048155963420867919921875" lon="118.15382980741560459136962890625">
        <ele>21.200000762939453125</ele>
        <time>2026-08-06T12:00:59.000Z</time>
        <extensions>
          <ns3:TrackPointExtension>
            <ns3:hr>118</ns3:hr>
            <ns3:cad>89</ns3:cad>
          </ns3:TrackPointExtension>
        </extensions>
      </trkpt>
      <trkpt lat="24.53472736291587352752685546875" lon="118.1538302265107631683349609375">
        <ele>21.3999996185302734375</ele>
        <time>2026-08-06T12:01:00.000Z</time>
        <extensions>
          <ns3:TrackPointExtension>
            <ns3:hr>118</ns3:hr>
            <ns3:cad>90</ns3:cad>
          </ns3:TrackPointExtension>
        </extensions>
      </trkpt>
      <trkpt lat="24.53474932350218296051025390625" lon="118.15382301807403564453125">
        <ele>21.3999996185302734375</ele>
        <time>2026-08-06T12:01:01.000Z</time>
        <extensions>
          <ns3:TrackPointExtension>
            <ns3:hr>119</ns3:hr>
            <ns3:cad>91</ns3:cad>
          </ns3:TrackPointExtension>
        </extensions>
      </trkpt>
      <trkpt lat="24.5347762294113636016845703125" lon="118.153820671141147613525390625">
        <ele>21.3999996185302734375</ele>
        <time>2026-08-06T12:01:02.000Z</time>
        <extensions>
          <ns3:TrackPointExtension>
            <ns3:hr>119</ns3:hr>
            <ns3:cad>91</ns3:cad>
          </ns3:TrackPointExtension>
        </extensions>
      </trkpt>
      <trkpt lat="24.53479492105543613433837890625" lon="118.15381027758121490478515625">
        <ele>21.3999996185302734375</ele>
        <time>2026-08-06T12:01:03.000Z</time>
        <extensions>
          <ns3:TrackPointExtension>
            <ns3:hr>118</ns3:hr>
            <ns3:cad>91</ns3:cad>
          </ns3:TrackPointExtension>
        </extensions>
      </trkpt>
      <trkpt lat="24.5348151214420795440673828125" lon="118.15380147658288478851318359375">
        <ele>21.3999996185302734375</ele>
        <time>2026-08-06T12:01:04.000Z</time>
        <extensions>
          <ns3:TrackPointExtension>
            <ns3:hr>118</ns3:hr>
            <ns3:cad>91</ns3:cad>
          </ns3:TrackPointExtension>
        </extensions>
      </trkpt>
      <trkpt lat="24.534838758409023284912109375" lon="118.15379862673580646514892578125">
        <ele>21.200000762939453125</ele>
        <time>2026-08-06T12:01:05.000Z</time>
        <extensions>
          <ns3:TrackPointExtension>
            <ns3:hr>118</ns3:hr>
            <ns3:cad>90</ns3:cad>
          </ns3:TrackPointExtension>
        </extensions>
      </trkpt>
      <trkpt lat="24.53485786914825439453125" lon="118.15379208885133266448974609375">
        <ele>21.3999996185302734375</ele>
        <time>2026-08-06T12:01:06.000Z</time>
        <extensions>
          <ns3:TrackPointExtension>
            <ns3:hr>118</ns3:hr>
            <ns3:cad>90</ns3:cad>
          </ns3:TrackPointExtension>
        </extensions>
      </trkpt>
      <trkpt lat="24.53488360159099102020263671875" lon="118.153783790767192840576171875">
        <ele>21.3999996185302734375</ele>
        <time>2026-08-06T12:01:07.000Z</time>
        <extensions>
          <ns3:TrackPointExtension>
            <ns3:hr>119</ns3:hr>
            <ns3:cad>90</ns3:cad>
          </ns3:TrackPointExtension>
        </extensions>
      </trkpt>
      <trkpt lat="24.53489852137863636016845703125" lon="118.1537775881588459014892578125">
        <ele>21.3999996185302734375</ele>
        <time>2026-08-06T12:01:08.000Z</time>
        <extensions>
          <ns3:TrackPointExtension>
            <ns3:hr>119</ns3:hr>
            <ns3:cad>92</ns3:cad>
          </ns3:TrackPointExtension>
        </extensions>
      </trkpt>
      <trkpt lat="24.53492366708815097808837890625" lon="118.15376794897019863128662109375">
        <ele>21.6000003814697265625</ele>
        <time>2026-08-06T12:01:09.000Z</time>
        <extensions>
          <ns3:TrackPointExtension>
            <ns3:hr>120</ns3:hr>
            <ns3:cad>92</ns3:cad>
          </ns3:TrackPointExtension>
        </extensions>
      </trkpt>
      <trkpt lat="24.5349428616464138031005859375" lon="118.153761662542819976806640625">
        <ele>21.799999237060546875</ele>
        <time>2026-08-06T12:01:10.000Z</time>
        <extensions>
          <ns3:TrackPointExtension>
            <ns3:hr>120</ns3:hr>
            <ns3:cad>92</ns3:cad>
          </ns3:TrackPointExtension>
        </extensions>
      </trkpt>
      <trkpt lat="24.53496607951819896697998046875" lon="118.153750933706760406494140625">
        <ele>21.799999237060546875</ele>
        <time>2026-08-06T12:01:11.000Z</time>
        <extensions>
          <ns3:TrackPointExtension>
            <ns3:hr>121</ns3:hr>
            <ns3:cad>94</ns3:cad>
          </ns3:TrackPointExtension>
        </extensions>
      </trkpt>
      <trkpt lat="24.53498837538063526153564453125" lon="118.15374054014682769775390625">
        <ele>21.6000003814697265625</ele>
        <time>2026-08-06T12:01:12.000Z</time>
        <extensions>
          <ns3:TrackPointExtension>
            <ns3:hr>121</ns3:hr>
            <ns3:cad>94</ns3:cad>
          </ns3:TrackPointExtension>
        </extensions>
      </trkpt>
      <trkpt lat="24.53501201234757900238037109375" lon="118.1537239439785480499267578125">
        <ele>21.6000003814697265625</ele>
        <time>2026-08-06T12:01:13.000Z</time>
        <extensions>
          <ns3:TrackPointExtension>
            <ns3:hr>122</ns3:hr>
            <ns3:cad>94</ns3:cad>
          </ns3:TrackPointExtension>
        </extensions>
      </trkpt>
      <trkpt lat="24.53503112308681011199951171875" lon="118.15371296368539333343505859375">
        <ele>21.6000003814697265625</ele>
        <time>2026-08-06T12:01:14.000Z</time>
        <extensions>
          <ns3:TrackPointExtension>
            <ns3:hr>122</ns3:hr>
            <ns3:cad>92</ns3:cad>
          </ns3:TrackPointExtension>
        </extensions>
      </trkpt>
      <trkpt lat="24.53504889272153377532958984375" lon="118.1537028215825557708740234375">
        <ele>21.3999996185302734375</ele>
        <time>2026-08-06T12:01:15.000Z</time>
        <extensions>
          <ns3:TrackPointExtension>
            <ns3:hr>122</ns3:hr>
            <ns3:cad>92</ns3:cad>
          </ns3:TrackPointExtension>
        </extensions>
      </trkpt>
      <trkpt lat="24.5350702665746212005615234375" lon="118.153689242899417877197265625">
        <ele>21.3999996185302734375</ele>
        <time>2026-08-06T12:01:16.000Z</time>
        <extensions>
          <ns3:TrackPointExtension>
            <ns3:hr>123</ns3:hr>
            <ns3:cad>91</ns3:cad>
          </ns3:TrackPointExtension>
        </extensions>
      </trkpt>
      <trkpt lat="24.5350934006273746490478515625" lon="118.15367792733013629913330078125">
        <ele>21.6000003814697265625</ele>
        <time>2026-08-06T12:01:17.000Z</time>
        <extensions>
          <ns3:TrackPointExtension>
            <ns3:hr>123</ns3:hr>
            <ns3:cad>91</ns3:cad>
          </ns3:TrackPointExtension>
        </extensions>
      </trkpt>
      <trkpt lat="24.5351218990981578826904296875" lon="118.15366200171411037445068359375">
        <ele>21.6000003814697265625</ele>
        <time>2026-08-06T12:01:18.000Z</time>
        <extensions>
          <ns3:TrackPointExtension>
            <ns3:hr>123</ns3:hr>
            <ns3:cad>91</ns3:cad>
          </ns3:TrackPointExtension>
        </extensions>
      </trkpt>
      <trkpt lat="24.535143859684467315673828125" lon="118.15365076996386051177978515625">
        <ele>21.799999237060546875</ele>
        <time>2026-08-06T12:01:19.000Z</time>
        <extensions>
          <ns3:TrackPointExtension>
            <ns3:hr>124</ns3:hr>
            <ns3:cad>91</ns3:cad>
          </ns3:TrackPointExtension>
        </extensions>
      </trkpt>
      <trkpt lat="24.53517026267945766448974609375" lon="118.15362931229174137115478515625">
        <ele>22</ele>
        <time>2026-08-06T12:01:20.000Z</time>
        <extensions>
          <ns3:TrackPointExtension>
            <ns3:hr>125</ns3:hr>
            <ns3:cad>91</ns3:cad>
          </ns3:TrackPointExtension>
        </extensions>
      </trkpt>
      <trkpt lat="24.53518845140933990478515625" lon="118.15361715853214263916015625">
        <ele>22</ele>
        <time>2026-08-06T12:01:21.000Z</time>
        <extensions>
          <ns3:TrackPointExtension>
            <ns3:hr>127</ns3:hr>
            <ns3:cad>91</ns3:cad>
          </ns3:TrackPointExtension>
        </extensions>
      </trkpt>
      <trkpt lat="24.53521301038563251495361328125" lon="118.15359377302229404449462890625">
        <ele>22</ele>
        <time>2026-08-06T12:01:22.000Z</time>
        <extensions>
          <ns3:TrackPointExtension>
            <ns3:hr>128</ns3:hr>
            <ns3:cad>92</ns3:cad>
          </ns3:TrackPointExtension>
        </extensions>
      </trkpt>
      <trkpt lat="24.53522600233554840087890625" lon="118.1535749137401580810546875">
        <ele>22.200000762939453125</ele>
        <time>2026-08-06T12:01:23.000Z</time>
        <extensions>
          <ns3:TrackPointExtension>
            <ns3:hr>130</ns3:hr>
            <ns3:cad>92</ns3:cad>
          </ns3:TrackPointExtension>
        </extensions>
      </trkpt>
      <trkpt lat="24.53524569980800151824951171875" lon="118.15355035476386547088623046875">
        <ele>22.200000762939453125</ele>
        <time>2026-08-06T12:01:24.000Z</time>
        <extensions>
          <ns3:TrackPointExtension>
            <ns3:hr>131</ns3:hr>
            <ns3:cad>91</ns3:cad>
          </ns3:TrackPointExtension>
        </extensions>
      </trkpt>
      <trkpt lat="24.53525642864406108856201171875" lon="118.15353141166269779205322265625">
        <ele>22.200000762939453125</ele>
        <time>2026-08-06T12:01:25.000Z</time>
        <extensions>
          <ns3:TrackPointExtension>
            <ns3:hr>132</ns3:hr>
            <ns3:cad>92</ns3:cad>
          </ns3:TrackPointExtension>
        </extensions>
      </trkpt>
      <trkpt lat="24.53527889214456081390380859375" lon="118.15350475721061229705810546875">
        <ele>22.200000762939453125</ele>
        <time>2026-08-06T12:01:26.000Z</time>
        <extensions>
          <ns3:TrackPointExtension>
            <ns3:hr>132</ns3:hr>
            <ns3:cad>92</ns3:cad>
          </ns3:TrackPointExtension>
        </extensions>
      </trkpt>
      <trkpt lat="24.53528911806643009185791015625" lon="118.15348749049007892608642578125">
        <ele>22.200000762939453125</ele>
        <time>2026-08-06T12:01:27.000Z</time>
        <extensions>
          <ns3:TrackPointExtension>
            <ns3:hr>132</ns3:hr>
            <ns3:cad>92</ns3:cad>
          </ns3:TrackPointExtension>
        </extensions>
      </trkpt>
      <trkpt lat="24.535311497747898101806640625" lon="118.153463937342166900634765625">
        <ele>22.3999996185302734375</ele>
        <time>2026-08-06T12:01:28.000Z</time>
        <extensions>
          <ns3:TrackPointExtension>
            <ns3:hr>132</ns3:hr>
            <ns3:cad>92</ns3:cad>
          </ns3:TrackPointExtension>
        </extensions>
      </trkpt>
      <trkpt lat="24.535321891307830810546875" lon="118.15344591625034809112548828125">
        <ele>22.3999996185302734375</ele>
        <time>2026-08-06T12:01:29.000Z</time>
        <extensions>
          <ns3:TrackPointExtension>
            <ns3:hr>132</ns3:hr>
            <ns3:cad>92</ns3:cad>
          </ns3:TrackPointExtension>
        </extensions>
      </trkpt>
      <trkpt lat="24.53534561209380626678466796875" lon="118.15342445857822895050048828125">
        <ele>22.3999996185302734375</ele>
        <time>2026-08-06T12:01:30.000Z</time>
        <extensions>
          <ns3:TrackPointExtension>
            <ns3:hr>133</ns3:hr>
            <ns3:cad>92</ns3:cad>
          </ns3:TrackPointExtension>
        </extensions>
      </trkpt>
      <trkpt lat="24.53536137007176876068115234375" lon="118.15340551547706127166748046875">
        <ele>22.6000003814697265625</ele>
        <time>2026-08-06T12:01:31.000Z</time>
        <extensions>
          <ns3:TrackPointExtension>
            <ns3:hr>133</ns3:hr>
            <ns3:cad>92</ns3:cad>
          </ns3:TrackPointExtension>
        </extensions>
      </trkpt>
      <trkpt lat="24.535385929048061370849609375" lon="118.15338891930878162384033203125">
        <ele>22.6000003814697265625</ele>
        <time>2026-08-06T12:01:32.000Z</time>
        <extensions>
          <ns3:TrackPointExtension>
            <ns3:hr>131</ns3:hr>
            <ns3:cad>92</ns3:cad>
          </ns3:TrackPointExtension>
        </extensions>
      </trkpt>
      <trkpt lat="24.53540210612118244171142578125" lon="118.15337316133081912994384765625">
        <ele>22.6000003814697265625</ele>
        <time>2026-08-06T12:01:33.000Z</time>
        <extensions>
          <ns3:TrackPointExtension>
            <ns3:hr>131</ns3:hr>
            <ns3:cad>92</ns3:cad>
          </ns3:TrackPointExtension>
        </extensions>
      </trkpt>
      <trkpt lat="24.53542624600231647491455078125" lon="118.15335958264768123626708984375">
        <ele>22.6000003814697265625</ele>
        <time>2026-08-06T12:01:34.000Z</time>
        <extensions>
          <ns3:TrackPointExtension>
            <ns3:hr>132</ns3:hr>
            <ns3:cad>92</ns3:cad>
          </ns3:TrackPointExtension>
        </extensions>
      </trkpt>
      <trkpt lat="24.5354440994560718536376953125" lon="118.15334700979292392730712890625">
        <ele>22.6000003814697265625</ele>
        <time>2026-08-06T12:01:35.000Z</time>
        <extensions>
          <ns3:TrackPointExtension>
            <ns3:hr>132</ns3:hr>
            <ns3:cad>92</ns3:cad>
          </ns3:TrackPointExtension>
        </extensions>
      </trkpt>
      <trkpt lat="24.535466730594635009765625" lon="118.1533281505107879638671875">
        <ele>22.6000003814697265625</ele>
        <time>2026-08-06T12:01:36.000Z</time>
        <extensions>
          <ns3:TrackPointExtension>
            <ns3:hr>132</ns3:hr>
            <ns3:cad>92</ns3:cad>
          </ns3:TrackPointExtension>
        </extensions>
      </trkpt>
      <trkpt lat="24.53548257239162921905517578125" lon="118.15330526791512966156005859375">
        <ele>22.6000003814697265625</ele>
        <time>2026-08-06T12:01:37.000Z</time>
        <extensions>
          <ns3:TrackPointExtension>
            <ns3:hr>133</ns3:hr>
            <ns3:cad>91</ns3:cad>
          </ns3:TrackPointExtension>
        </extensions>
      </trkpt>
      <trkpt lat="24.53549916855990886688232421875" lon="118.15328213386237621307373046875">
        <ele>22.6000003814697265625</ele>
        <time>2026-08-06T12:01:38.000Z</time>
        <extensions>
          <ns3:TrackPointExtension>
            <ns3:hr>133</ns3:hr>
            <ns3:cad>91</ns3:cad>
          </ns3:TrackPointExtension>
        </extensions>
      </trkpt>
      <trkpt lat="24.5355155132710933685302734375" lon="118.15326218493282794952392578125">
        <ele>22.799999237060546875</ele>
        <time>2026-08-06T12:01:39.000Z</time>
        <extensions>
          <ns3:TrackPointExtension>
            <ns3:hr>133</ns3:hr>
            <ns3:cad>91</ns3:cad>
          </ns3:TrackPointExtension>
        </extensions>
      </trkpt>
      <trkpt lat="24.53553839586675167083740234375" lon="118.15324190072715282440185546875">
        <ele>22.799999237060546875</ele>
        <time>2026-08-06T12:01:40.000Z</time>
        <extensions>
          <ns3:TrackPointExtension>
            <ns3:hr>134</ns3:hr>
            <ns3:cad>90</ns3:cad>
          </ns3:TrackPointExtension>
        </extensions>
      </trkpt>
      <trkpt lat="24.5355564169585704803466796875" lon="118.15321926958858966827392578125">
        <ele>22.799999237060546875</ele>
        <time>2026-08-06T12:01:41.000Z</time>
        <extensions>
          <ns3:TrackPointExtension>
            <ns3:hr>134</ns3:hr>
            <ns3:cad>91</ns3:cad>
          </ns3:TrackPointExtension>
        </extensions>
      </trkpt>
      <trkpt lat="24.53557225875556468963623046875" lon="118.153200410306453704833984375">
        <ele>22.799999237060546875</ele>
        <time>2026-08-06T12:01:42.000Z</time>
        <extensions>
          <ns3:TrackPointExtension>
            <ns3:hr>135</ns3:hr>
            <ns3:cad>92</ns3:cad>
          </ns3:TrackPointExtension>
        </extensions>
      </trkpt>
      <trkpt lat="24.53559204004704952239990234375" lon="118.15317970700562000274658203125">
        <ele>22.799999237060546875</ele>
        <time>2026-08-06T12:01:43.000Z</time>
        <extensions>
          <ns3:TrackPointExtension>
            <ns3:hr>135</ns3:hr>
            <ns3:cad>92</ns3:cad>
          </ns3:TrackPointExtension>
        </extensions>
      </trkpt>
      <trkpt lat="24.53561349771916866302490234375" lon="118.1531626917421817779541015625">
        <ele>22.799999237060546875</ele>
        <time>2026-08-06T12:01:44.000Z</time>
        <extensions>
          <ns3:TrackPointExtension>
            <ns3:hr>136</ns3:hr>
            <ns3:cad>92</ns3:cad>
          </ns3:TrackPointExtension>
        </extensions>
      </trkpt>
      <trkpt lat="24.5356412418186664581298828125" lon="118.1531482748687267303466796875">
        <ele>22.799999237060546875</ele>
        <time>2026-08-06T12:01:45.000Z</time>
        <extensions>
          <ns3:TrackPointExtension>
            <ns3:hr>136</ns3:hr>
            <ns3:cad>92</ns3:cad>
          </ns3:TrackPointExtension>
        </extensions>
      </trkpt>
      <trkpt lat="24.53566462732851505279541015625" lon="118.1531439162790775299072265625">
        <ele>22.799999237060546875</ele>
        <time>2026-08-06T12:01:46.000Z</time>
        <extensions>
          <ns3:TrackPointExtension>
            <ns3:hr>136</ns3:hr>
            <ns3:cad>90</ns3:cad>
          </ns3:TrackPointExtension>
        </extensions>
      </trkpt>
      <trkpt lat="24.5356935448944568634033203125" lon="118.15314500592648983001708984375">
        <ele>22.799999237060546875</ele>
        <time>2026-08-06T12:01:47.000Z</time>
        <extensions>
          <ns3:TrackPointExtension>
            <ns3:hr>137</ns3:hr>
            <ns3:cad>90</ns3:cad>
          </ns3:TrackPointExtension>
        </extensions>
      </trkpt>
      <trkpt lat="24.53572061844170093536376953125" lon="118.1531529687345027923583984375">
        <ele>23</ele>
        <time>2026-08-06T12:01:48.000Z</time>
        <extensions>
          <ns3:TrackPointExtension>
            <ns3:hr>137</ns3:hr>
            <ns3:cad>90</ns3:cad>
          </ns3:TrackPointExtension>
        </extensions>
      </trkpt>
      <trkpt lat="24.5357512123882770538330078125" lon="118.15317048691213130950927734375">
        <ele>22.799999237060546875</ele>
        <time>2026-08-06T12:01:49.000Z</time>
        <extensions>
          <ns3:TrackPointExtension>
            <ns3:hr>138</ns3:hr>
            <ns3:cad>91</ns3:cad>
          </ns3:TrackPointExtension>
        </extensions>
      </trkpt>
      <trkpt lat="24.53577124513685703277587890625" lon="118.153184987604618072509765625">
        <ele>22.799999237060546875</ele>
        <time>2026-08-06T12:01:50.000Z</time>
        <extensions>
          <ns3:TrackPointExtension>
            <ns3:hr>138</ns3:hr>
            <ns3:cad>91</ns3:cad>
          </ns3:TrackPointExtension>
        </extensions>
      </trkpt>
      <trkpt lat="24.53579706139862537384033203125" lon="118.15320971421897411346435546875">
        <ele>23</ele>
        <time>2026-08-06T12:01:51.000Z</time>
        <extensions>
          <ns3:TrackPointExtension>
            <ns3:hr>139</ns3:hr>
            <ns3:cad>91</ns3:cad>
          </ns3:TrackPointExtension>
        </extensions>
      </trkpt>
      <trkpt lat="24.53581281937658786773681640625" lon="118.1532287411391735076904296875">
        <ele>23</ele>
        <time>2026-08-06T12:01:52.000Z</time>
        <extensions>
          <ns3:TrackPointExtension>
            <ns3:hr>139</ns3:hr>
            <ns3:cad>91</ns3:cad>
          </ns3:TrackPointExtension>
        </extensions>
      </trkpt>
      <trkpt lat="24.53583528287708759307861328125" lon="118.1532525457441806793212890625">
        <ele>23</ele>
        <time>2026-08-06T12:01:53.000Z</time>
        <extensions>
          <ns3:TrackPointExtension>
            <ns3:hr>140</ns3:hr>
            <ns3:cad>90</ns3:cad>
          </ns3:TrackPointExtension>
        </extensions>
      </trkpt>
      <trkpt lat="24.53584835864603519439697265625" lon="118.153267465531826019287109375">
        <ele>23.200000762939453125</ele>
        <time>2026-08-06T12:01:54.000Z</time>
        <extensions>
          <ns3:TrackPointExtension>
            <ns3:hr>140</ns3:hr>
            <ns3:cad>89</ns3:cad>
          </ns3:TrackPointExtension>
        </extensions>
      </trkpt>
      <trkpt lat="24.5358725823462009429931640625" lon="118.15328724682331085205078125">
        <ele>23.200000762939453125</ele>
        <time>2026-08-06T12:01:55.000Z</time>
        <extensions>
          <ns3:TrackPointExtension>
            <ns3:hr>141</ns3:hr>
            <ns3:cad>89</ns3:cad>
          </ns3:TrackPointExtension>
        </extensions>
      </trkpt>
      <trkpt lat="24.5358903519809246063232421875" lon="118.15330308862030506134033203125">
        <ele>23.200000762939453125</ele>
        <time>2026-08-06T12:01:56.000Z</time>
        <extensions>
          <ns3:TrackPointExtension>
            <ns3:hr>140</ns3:hr>
            <ns3:cad>89</ns3:cad>
          </ns3:TrackPointExtension>
        </extensions>
      </trkpt>
      <trkpt lat="24.5359171740710735321044921875" lon="118.15332136116921901702880859375">
        <ele>23.200000762939453125</ele>
        <time>2026-08-06T12:01:57.000Z</time>
        <extensions>
          <ns3:TrackPointExtension>
            <ns3:hr>140</ns3:hr>
            <ns3:cad>90</ns3:cad>
          </ns3:TrackPointExtension>
        </extensions>
      </trkpt>
      <trkpt lat="24.53593553043901920318603515625" lon="118.15333577804267406463623046875">
        <ele>23.200000762939453125</ele>
        <time>2026-08-06T12:01:58.000Z</time>
        <extensions>
          <ns3:TrackPointExtension>
            <ns3:hr>140</ns3:hr>
            <ns3:cad>90</ns3:cad>
          </ns3:TrackPointExtension>
        </extensions>
      </trkpt>
      <trkpt lat="24.5359594188630580902099609375" lon="118.15335321240127086639404296875">
        <ele>23.200000762939453125</ele>
        <time>2026-08-06T12:01:59.000Z</time>
        <extensions>
          <ns3:TrackPointExtension>
            <ns3:hr>140</ns3:hr>
            <ns3:cad>90</ns3:cad>
          </ns3:TrackPointExtension>
        </extensions>
      </trkpt>
      <trkpt lat="24.53597861342132091522216796875" lon="118.15336729399859905242919921875">
        <ele>23.200000762939453125</ele>
        <time>2026-08-06T12:02:00.000Z</time>
        <extensions>
          <ns3:TrackPointExtension>
            <ns3:hr>141</ns3:hr>
            <ns3:cad>90</ns3:cad>
          </ns3:TrackPointExtension>
        </extensions>
      </trkpt>
      <trkpt lat="24.53600375913083553314208984375" lon="118.15338917076587677001953125">
        <ele>23.200000762939453125</ele>
        <time>2026-08-06T12:02:01.000Z</time>
        <extensions>
          <ns3:TrackPointExtension>
            <ns3:hr>140</ns3:hr>
            <ns3:cad>90</ns3:cad>
          </ns3:TrackPointExtension>
        </extensions>
      </trkpt>
      <trkpt lat="24.53602370806038379669189453125" lon="118.153402246534824371337890625">
        <ele>23.3999996185302734375</ele>
        <time>2026-08-06T12:02:02.000Z</time>
        <extensions>
          <ns3:TrackPointExtension>
            <ns3:hr>141</ns3:hr>
            <ns3:cad>89</ns3:cad>
          </ns3:TrackPointExtension>
        </extensions>
      </trkpt>
      <trkpt lat="24.53604332171380519866943359375" lon="118.15342538058757781982421875">
        <ele>23.3999996185302734375</ele>
        <time>2026-08-06T12:02:03.000Z</time>
        <extensions>
          <ns3:TrackPointExtension>
            <ns3:hr>141</ns3:hr>
            <ns3:cad>89</ns3:cad>
          </ns3:TrackPointExtension>
        </extensions>
      </trkpt>
      <trkpt lat="24.53606192953884601593017578125" lon="118.153438456356525421142578125">
        <ele>23.3999996185302734375</ele>
        <time>2026-08-06T12:02:04.000Z</time>
        <extensions>
          <ns3:TrackPointExtension>
            <ns3:hr>141</ns3:hr>
            <ns3:cad>90</ns3:cad>
          </ns3:TrackPointExtension>
        </extensions>
      </trkpt>
      <trkpt lat="24.53608405776321887969970703125" lon="118.15345354378223419189453125">
        <ele>23.3999996185302734375</ele>
        <time>2026-08-06T12:02:05.000Z</time>
        <extensions>
          <ns3:TrackPointExtension>
            <ns3:hr>141</ns3:hr>
            <ns3:cad>91</ns3:cad>
          </ns3:TrackPointExtension>
        </extensions>
      </trkpt>
      <trkpt lat="24.5361055992543697357177734375" lon="118.15346519462764263153076171875">
        <ele>23.3999996185302734375</ele>
        <time>2026-08-06T12:02:06.000Z</time>
        <extensions>
          <ns3:TrackPointExtension>
            <ns3:hr>141</ns3:hr>
            <ns3:cad>91</ns3:cad>
          </ns3:TrackPointExtension>
        </extensions>
      </trkpt>
      <trkpt lat="24.53613619320094585418701171875" lon="118.15348816104233264923095703125">
        <ele>23.3999996185302734375</ele>
        <time>2026-08-06T12:02:07.000Z</time>
        <extensions>
          <ns3:TrackPointExtension>
            <ns3:hr>141</ns3:hr>
            <ns3:cad>92</ns3:cad>
          </ns3:TrackPointExtension>
        </extensions>
      </trkpt>
      <trkpt lat="24.536157734692096710205078125" lon="118.15349956043064594268798828125">
        <ele>23.3999996185302734375</ele>
        <time>2026-08-06T12:02:08.000Z</time>
        <extensions>
          <ns3:TrackPointExtension>
            <ns3:hr>141</ns3:hr>
            <ns3:cad>92</ns3:cad>
          </ns3:TrackPointExtension>
        </extensions>
      </trkpt>
      <trkpt lat="24.53618614934384822845458984375" lon="118.15351766534149646759033203125">
        <ele>23.3999996185302734375</ele>
        <time>2026-08-06T12:02:09.000Z</time>
        <extensions>
          <ns3:TrackPointExtension>
            <ns3:hr>141</ns3:hr>
            <ns3:cad>92</ns3:cad>
          </ns3:TrackPointExtension>
        </extensions>
      </trkpt>
      <trkpt lat="24.53620341606438159942626953125" lon="118.1535257957875728607177734375">
        <ele>23.3999996185302734375</ele>
        <time>2026-08-06T12:02:10.000Z</time>
        <extensions>
          <ns3:TrackPointExtension>
            <ns3:hr>141</ns3:hr>
            <ns3:cad>89</ns3:cad>
          </ns3:TrackPointExtension>
        </extensions>
      </trkpt>
      <trkpt lat="24.53622780740261077880859375" lon="118.15354113467037677764892578125">
        <ele>23.3999996185302734375</ele>
        <time>2026-08-06T12:02:11.000Z</time>
        <extensions>
          <ns3:TrackPointExtension>
            <ns3:hr>141</ns3:hr>
            <ns3:cad>89</ns3:cad>
          </ns3:TrackPointExtension>
        </extensions>
      </trkpt>
      <trkpt lat="24.53624381683766841888427734375" lon="118.153551109135150909423828125">
        <ele>23.3999996185302734375</ele>
        <time>2026-08-06T12:02:12.000Z</time>
        <extensions>
          <ns3:TrackPointExtension>
            <ns3:hr>142</ns3:hr>
            <ns3:cad>89</ns3:cad>
          </ns3:TrackPointExtension>
        </extensions>
      </trkpt>
      <trkpt lat="24.536267034709453582763671875" lon="118.15356695093214511871337890625">
        <ele>23.3999996185302734375</ele>
        <time>2026-08-06T12:02:13.000Z</time>
        <extensions>
          <ns3:TrackPointExtension>
            <ns3:hr>141</ns3:hr>
            <ns3:cad>89</ns3:cad>
          </ns3:TrackPointExtension>
        </extensions>
      </trkpt>
      <trkpt lat="24.5362873189151287078857421875" lon="118.153576590120792388916015625">
        <ele>23.6000003814697265625</ele>
        <time>2026-08-06T12:02:14.000Z</time>
        <extensions>
          <ns3:TrackPointExtension>
            <ns3:hr>141</ns3:hr>
            <ns3:cad>90</ns3:cad>
          </ns3:TrackPointExtension>
        </extensions>
      </trkpt>
      <trkpt lat="24.53630869276821613311767578125" lon="118.15359142608940601348876953125">
        <ele>23.6000003814697265625</ele>
        <time>2026-08-06T12:02:15.000Z</time>
        <extensions>
          <ns3:TrackPointExtension>
            <ns3:hr>141</ns3:hr>
            <ns3:cad>90</ns3:cad>
          </ns3:TrackPointExtension>
        </extensions>
      </trkpt>
      <trkpt lat="24.53632998280227184295654296875" lon="118.153600059449672698974609375">
        <ele>23.6000003814697265625</ele>
        <time>2026-08-06T12:02:16.000Z</time>
        <extensions>
          <ns3:TrackPointExtension>
            <ns3:hr>141</ns3:hr>
            <ns3:cad>90</ns3:cad>
          </ns3:TrackPointExtension>
        </extensions>
      </trkpt>
      <trkpt lat="24.536355547606945037841796875" lon="118.15361489541828632354736328125">
        <ele>23.6000003814697265625</ele>
        <time>2026-08-06T12:02:17.000Z</time>
        <extensions>
          <ns3:TrackPointExtension>
            <ns3:hr>141</ns3:hr>
            <ns3:cad>90</ns3:cad>
          </ns3:TrackPointExtension>
        </extensions>
      </trkpt>
      <trkpt lat="24.5363761670887470245361328125" lon="118.15362730063498020172119140625">
        <ele>23.6000003814697265625</ele>
        <time>2026-08-06T12:02:18.000Z</time>
        <extensions>
          <ns3:TrackPointExtension>
            <ns3:hr>141</ns3:hr>
            <ns3:cad>89</ns3:cad>
          </ns3:TrackPointExtension>
        </extensions>
      </trkpt>
      <trkpt lat="24.536401145160198211669921875" lon="118.15364473499357700347900390625">
        <ele>23.6000003814697265625</ele>
        <time>2026-08-06T12:02:19.000Z</time>
        <extensions>
          <ns3:TrackPointExtension>
            <ns3:hr>141</ns3:hr>
            <ns3:cad>89</ns3:cad>
          </ns3:TrackPointExtension>
        </extensions>
      </trkpt>
      <trkpt lat="24.5364160649478435516357421875" lon="118.153656385838985443115234375">
        <ele>23.3999996185302734375</ele>
        <time>2026-08-06T12:02:20.000Z</time>
        <extensions>
          <ns3:TrackPointExtension>
            <ns3:hr>141</ns3:hr>
            <ns3:cad>89</ns3:cad>
          </ns3:TrackPointExtension>
        </extensions>
      </trkpt>
      <trkpt lat="24.53644012100994586944580078125" lon="118.15367105416953563690185546875">
        <ele>23.6000003814697265625</ele>
        <time>2026-08-06T12:02:21.000Z</time>
        <extensions>
          <ns3:TrackPointExtension>
            <ns3:hr>141</ns3:hr>
            <ns3:cad>89</ns3:cad>
          </ns3:TrackPointExtension>
        </extensions>
      </trkpt>
      <trkpt lat="24.53646006993949413299560546875" lon="118.15368287265300750732421875">
        <ele>23.6000003814697265625</ele>
        <time>2026-08-06T12:02:22.000Z</time>
        <extensions>
          <ns3:TrackPointExtension>
            <ns3:hr>141</ns3:hr>
            <ns3:cad>90</ns3:cad>
          </ns3:TrackPointExtension>
        </extensions>
      </trkpt>
      <trkpt lat="24.53648823313415050506591796875" lon="118.15369938500225543975830078125">
        <ele>23.6000003814697265625</ele>
        <time>2026-08-06T12:02:23.000Z</time>
        <extensions>
          <ns3:TrackPointExtension>
            <ns3:hr>141</ns3:hr>
            <ns3:cad>90</ns3:cad>
          </ns3:TrackPointExtension>
        </extensions>
      </trkpt>
      <trkpt lat="24.536509104073047637939453125" lon="118.153712041676044464111328125">
        <ele>23.6000003814697265625</ele>
        <time>2026-08-06T12:02:24.000Z</time>
        <extensions>
          <ns3:TrackPointExtension>
            <ns3:hr>141</ns3:hr>
            <ns3:cad>90</ns3:cad>
          </ns3:TrackPointExtension>
        </extensions>
      </trkpt>
      <trkpt lat="24.5365370996296405792236328125" lon="118.15372704528272151947021484375">
        <ele>23.6000003814697265625</ele>
        <time>2026-08-06T12:02:25.000Z</time>
        <extensions>
          <ns3:TrackPointExtension>
            <ns3:hr>141</ns3:hr>
            <ns3:cad>90</ns3:cad>
          </ns3:TrackPointExtension>
        </extensions>
      </trkpt>
      <trkpt lat="24.5365602336823940277099609375" lon="118.153740875422954559326171875">
        <ele>23.6000003814697265625</ele>
        <time>2026-08-06T12:02:26.000Z</time>
        <extensions>
          <ns3:TrackPointExtension>
            <ns3:hr>141</ns3:hr>
            <ns3:cad>89</ns3:cad>
          </ns3:TrackPointExtension>
        </extensions>
      </trkpt>
      <trkpt lat="24.53658797778189182281494140625" lon="118.15375202335417270660400390625">
        <ele>23.6000003814697265625</ele>
        <time>2026-08-06T12:02:27.000Z</time>
        <extensions>
          <ns3:TrackPointExtension>
            <ns3:hr>141</ns3:hr>
            <ns3:cad>88</ns3:cad>
          </ns3:TrackPointExtension>
        </extensions>
      </trkpt>
      <trkpt lat="24.536611028015613555908203125" lon="118.15376811660826206207275390625">
        <ele>23.6000003814697265625</ele>
        <time>2026-08-06T12:02:28.000Z</time>
        <extensions>
          <ns3:TrackPointExtension>
            <ns3:hr>141</ns3:hr>
            <ns3:cad>88</ns3:cad>
          </ns3:TrackPointExtension>
        </extensions>
      </trkpt>
      <trkpt lat="24.53663139604032039642333984375" lon="118.15378102473914623260498046875">
        <ele>23.6000003814697265625</ele>
        <time>2026-08-06T12:02:29.000Z</time>
        <extensions>
          <ns3:TrackPointExtension>
            <ns3:hr>141</ns3:hr>
            <ns3:cad>88</ns3:cad>
          </ns3:TrackPointExtension>
        </extensions>
      </trkpt>
      <trkpt lat="24.536653272807598114013671875" lon="118.1537940166890621185302734375">
        <ele>23.6000003814697265625</ele>
        <time>2026-08-06T12:02:30.000Z</time>
        <extensions>
          <ns3:TrackPointExtension>
            <ns3:hr>141</ns3:hr>
            <ns3:cad>89</ns3:cad>
          </ns3:TrackPointExtension>
        </extensions>
      </trkpt>
      <trkpt lat="24.53667464666068553924560546875" lon="118.15379820764064788818359375">
        <ele>23.799999237060546875</ele>
        <time>2026-08-06T12:02:31.000Z</time>
        <extensions>
          <ns3:TrackPointExtension>
            <ns3:hr>141</ns3:hr>
            <ns3:cad>89</ns3:cad>
          </ns3:TrackPointExtension>
        </extensions>
      </trkpt>
      <trkpt lat="24.53670012764632701873779296875" lon="118.15381119959056377410888671875">
        <ele>23.799999237060546875</ele>
        <time>2026-08-06T12:02:32.000Z</time>
        <extensions>
          <ns3:TrackPointExtension>
            <ns3:hr>141</ns3:hr>
            <ns3:cad>89</ns3:cad>
          </ns3:TrackPointExtension>
        </extensions>
      </trkpt>
      <trkpt lat="24.5367206633090972900390625" lon="118.15381840802729129791259765625">
        <ele>23.799999237060546875</ele>
        <time>2026-08-06T12:02:33.000Z</time>
        <extensions>
          <ns3:TrackPointExtension>
            <ns3:hr>141</ns3:hr>
            <ns3:cad>89</ns3:cad>
          </ns3:TrackPointExtension>
        </extensions>
      </trkpt>
      <trkpt lat="24.5367446355521678924560546875" lon="118.15383148379623889923095703125">
        <ele>23.799999237060546875</ele>
        <time>2026-08-06T12:02:34.000Z</time>
        <extensions>
          <ns3:TrackPointExtension>
            <ns3:hr>141</ns3:hr>
            <ns3:cad>89</ns3:cad>
          </ns3:TrackPointExtension>
        </extensions>
      </trkpt>
      <trkpt lat="24.5367650873959064483642578125" lon="118.15383885987102985382080078125">
        <ele>23.799999237060546875</ele>
        <time>2026-08-06T12:02:35.000Z</time>
        <extensions>
          <ns3:TrackPointExtension>
            <ns3:hr>142</ns3:hr>
            <ns3:cad>88</ns3:cad>
          </ns3:TrackPointExtension>
        </extensions>
      </trkpt>
      <trkpt lat="24.536786377429962158203125" lon="118.15385629422962665557861328125">
        <ele>23.6000003814697265625</ele>
        <time>2026-08-06T12:02:36.000Z</time>
        <extensions>
          <ns3:TrackPointExtension>
            <ns3:hr>142</ns3:hr>
            <ns3:cad>88</ns3:cad>
          </ns3:TrackPointExtension>
        </extensions>
      </trkpt>
      <trkpt lat="24.536806158721446990966796875" lon="118.15386769361793994903564453125">
        <ele>23.6000003814697265625</ele>
        <time>2026-08-06T12:02:37.000Z</time>
        <extensions>
          <ns3:TrackPointExtension>
            <ns3:hr>142</ns3:hr>
            <ns3:cad>88</ns3:cad>
          </ns3:TrackPointExtension>
        </extensions>
      </trkpt>
      <trkpt lat="24.5368251018226146697998046875" lon="118.15388462506234645843505859375">
        <ele>23.6000003814697265625</ele>
        <time>2026-08-06T12:02:38.000Z</time>
        <extensions>
          <ns3:TrackPointExtension>
            <ns3:hr>142</ns3:hr>
            <ns3:cad>89</ns3:cad>
          </ns3:TrackPointExtension>
        </extensions>
      </trkpt>
      <trkpt lat="24.53684546984732151031494140625" lon="118.15389166586101055145263671875">
        <ele>23.6000003814697265625</ele>
        <time>2026-08-06T12:02:39.000Z</time>
        <extensions>
          <ns3:TrackPointExtension>
            <ns3:hr>142</ns3:hr>
            <ns3:cad>90</ns3:cad>
          </ns3:TrackPointExtension>
        </extensions>
      </trkpt>
      <trkpt lat="24.5368670113384723663330078125" lon="118.1539110280573368072509765625">
        <ele>23.6000003814697265625</ele>
        <time>2026-08-06T12:02:40.000Z</time>
        <extensions>
          <ns3:TrackPointExtension>
            <ns3:hr>142</ns3:hr>
            <ns3:cad>89</ns3:cad>
          </ns3:TrackPointExtension>
        </extensions>
      </trkpt>
      <trkpt lat="24.53688536770641803741455078125" lon="118.1539237685501575469970703125">
        <ele>23.6000003814697265625</ele>
        <time>2026-08-06T12:02:41.000Z</time>
        <extensions>
          <ns3:TrackPointExtension>
            <ns3:hr>143</ns3:hr>
            <ns3:cad>89</ns3:cad>
          </ns3:TrackPointExtension>
        </extensions>
      </trkpt>
      <trkpt lat="24.536909423768520355224609375" lon="118.153945393860340118408203125">
        <ele>23.6000003814697265625</ele>
        <time>2026-08-06T12:02:42.000Z</time>
        <extensions>
          <ns3:TrackPointExtension>
            <ns3:hr>142</ns3:hr>
            <ns3:cad>89</ns3:cad>
          </ns3:TrackPointExtension>
        </extensions>
      </trkpt>
      <trkpt lat="24.5369323901832103729248046875" lon="118.1539539434015750885009765625">
        <ele>23.6000003814697265625</ele>
        <time>2026-08-06T12:02:43.000Z</time>
        <extensions>
          <ns3:TrackPointExtension>
            <ns3:hr>142</ns3:hr>
            <ns3:cad>89</ns3:cad>
          </ns3:TrackPointExtension>
        </extensions>
      </trkpt>
      <trkpt lat="24.53696072101593017578125" lon="118.15397162921726703643798828125">
        <ele>23.6000003814697265625</ele>
        <time>2026-08-06T12:02:44.000Z</time>
        <extensions>
          <ns3:TrackPointExtension>
            <ns3:hr>143</ns3:hr>
            <ns3:cad>89</ns3:cad>
          </ns3:TrackPointExtension>
        </extensions>
      </trkpt>
      <trkpt lat="24.53698779456317424774169921875" lon="118.1539807654917240142822265625">
        <ele>23.3999996185302734375</ele>
        <time>2026-08-06T12:02:45.000Z</time>
        <extensions>
          <ns3:TrackPointExtension>
            <ns3:hr>142</ns3:hr>
            <ns3:cad>89</ns3:cad>
          </ns3:TrackPointExtension>
        </extensions>
      </trkpt>
      <trkpt lat="24.53701059333980083465576171875" lon="118.15400071442127227783203125">
        <ele>23.3999996185302734375</ele>
        <time>2026-08-06T12:02:46.000Z</time>
        <extensions>
          <ns3:TrackPointExtension>
            <ns3:hr>142</ns3:hr>
            <ns3:cad>90</ns3:cad>
          </ns3:TrackPointExtension>
        </extensions>
      </trkpt>
      <trkpt lat="24.5370289497077465057373046875" lon="118.1540072523057460784912109375">
        <ele>23.6000003814697265625</ele>
        <time>2026-08-06T12:02:47.000Z</time>
        <extensions>
          <ns3:TrackPointExtension>
            <ns3:hr>142</ns3:hr>
            <ns3:cad>90</ns3:cad>
          </ns3:TrackPointExtension>
        </extensions>
      </trkpt>
      <trkpt lat="24.53704998828470706939697265625" lon="118.1540223397314548492431640625">
        <ele>23.6000003814697265625</ele>
        <time>2026-08-06T12:02:48.000Z</time>
        <extensions>
          <ns3:TrackPointExtension>
            <ns3:hr>142</ns3:hr>
            <ns3:cad>91</ns3:cad>
          </ns3:TrackPointExtension>
        </extensions>
      </trkpt>
      <trkpt lat="24.53706624917685985565185546875" lon="118.15402862615883350372314453125">
        <ele>23.6000003814697265625</ele>
        <time>2026-08-06T12:02:49.000Z</time>
        <extensions>
          <ns3:TrackPointExtension>
            <ns3:hr>142</ns3:hr>
            <ns3:cad>91</ns3:cad>
          </ns3:TrackPointExtension>
        </extensions>
      </trkpt>
      <trkpt lat="24.53708971850574016571044921875" lon="118.15404773689806461334228515625">
        <ele>23.6000003814697265625</ele>
        <time>2026-08-06T12:02:50.000Z</time>
        <extensions>
          <ns3:TrackPointExtension>
            <ns3:hr>142</ns3:hr>
            <ns3:cad>91</ns3:cad>
          </ns3:TrackPointExtension>
        </extensions>
      </trkpt>
      <trkpt lat="24.53710547648370265960693359375" lon="118.15405745990574359893798828125">
        <ele>23.6000003814697265625</ele>
        <time>2026-08-06T12:02:51.000Z</time>
        <extensions>
          <ns3:TrackPointExtension>
            <ns3:hr>142</ns3:hr>
            <ns3:cad>89</ns3:cad>
          </ns3:TrackPointExtension>
        </extensions>
      </trkpt>
      <trkpt lat="24.53713246621191501617431640625" lon="118.15407983958721160888671875">
        <ele>23.3999996185302734375</ele>
        <time>2026-08-06T12:02:52.000Z</time>
        <extensions>
          <ns3:TrackPointExtension>
            <ns3:hr>141</ns3:hr>
            <ns3:cad>88</ns3:cad>
          </ns3:TrackPointExtension>
        </extensions>
      </trkpt>
      <trkpt lat="24.53715291805565357208251953125" lon="118.15409635193645954132080078125">
        <ele>23.3999996185302734375</ele>
        <time>2026-08-06T12:02:53.000Z</time>
        <extensions>
          <ns3:TrackPointExtension>
            <ns3:hr>141</ns3:hr>
            <ns3:cad>88</ns3:cad>
          </ns3:TrackPointExtension>
        </extensions>
      </trkpt>
      <trkpt lat="24.53718292526900768280029296875" lon="118.1541155464947223663330078125">
        <ele>23.3999996185302734375</ele>
        <time>2026-08-06T12:02:54.000Z</time>
        <extensions>
          <ns3:TrackPointExtension>
            <ns3:hr>141</ns3:hr>
            <ns3:cad>89</ns3:cad>
          </ns3:TrackPointExtension>
        </extensions>
      </trkpt>
      <trkpt lat="24.537204466760158538818359375" lon="118.15412669442594051361083984375">
        <ele>23.3999996185302734375</ele>
        <time>2026-08-06T12:02:55.000Z</time>
        <extensions>
          <ns3:TrackPointExtension>
            <ns3:hr>141</ns3:hr>
            <ns3:cad>89</ns3:cad>
          </ns3:TrackPointExtension>
        </extensions>
      </trkpt>
      <trkpt lat="24.53723003156483173370361328125" lon="118.15414748154580593109130859375">
        <ele>23.3999996185302734375</ele>
        <time>2026-08-06T12:02:56.000Z</time>
        <extensions>
          <ns3:TrackPointExtension>
            <ns3:hr>142</ns3:hr>
            <ns3:cad>88</ns3:cad>
          </ns3:TrackPointExtension>
        </extensions>
      </trkpt>
      <trkpt lat="24.53724930994212627410888671875" lon="118.154163323342800140380859375">
        <ele>23.3999996185302734375</ele>
        <time>2026-08-06T12:02:57.000Z</time>
        <extensions>
          <ns3:TrackPointExtension>
            <ns3:hr>141</ns3:hr>
            <ns3:cad>88</ns3:cad>
          </ns3:TrackPointExtension>
        </extensions>
      </trkpt>
      <trkpt lat="24.537274539470672607421875" lon="118.15417899750173091888427734375">
        <ele>23.3999996185302734375</ele>
        <time>2026-08-06T12:02:58.000Z</time>
        <extensions>
          <ns3:TrackPointExtension>
            <ns3:hr>141</ns3:hr>
            <ns3:cad>88</ns3:cad>
          </ns3:TrackPointExtension>
        </extensions>
      </trkpt>
      <trkpt lat="24.5372981764376163482666015625" lon="118.15419106744229793548583984375">
        <ele>23.6000003814697265625</ele>
        <time>2026-08-06T12:02:59.000Z</time>
        <extensions>
          <ns3:TrackPointExtension>
            <ns3:hr>142</ns3:hr>
            <ns3:cad>88</ns3:cad>
          </ns3:TrackPointExtension>
        </extensions>
      </trkpt>
      <trkpt lat="24.53732617199420928955078125" lon="118.1542020477354526519775390625">
        <ele>23.6000003814697265625</ele>
        <time>2026-08-06T12:03:00.000Z</time>
        <extensions>
          <ns3:TrackPointExtension>
            <ns3:hr>141</ns3:hr>
            <ns3:cad>88</ns3:cad>
          </ns3:TrackPointExtension>
        </extensions>
      </trkpt>
      <trkpt lat="24.53734704293310642242431640625" lon="118.15421252511441707611083984375">
        <ele>23.3999996185302734375</ele>
        <time>2026-08-06T12:03:01.000Z</time>
        <extensions>
          <ns3:TrackPointExtension>
            <ns3:hr>141</ns3:hr>
            <ns3:cad>88</ns3:cad>
          </ns3:TrackPointExtension>
        </extensions>
      </trkpt>
      <trkpt lat="24.53737235628068447113037109375" lon="118.15422694198787212371826171875">
        <ele>23.3999996185302734375</ele>
        <time>2026-08-06T12:03:02.000Z</time>
        <extensions>
          <ns3:TrackPointExtension>
            <ns3:hr>141</ns3:hr>
            <ns3:cad>88</ns3:cad>
          </ns3:TrackPointExtension>
        </extensions>
      </trkpt>
      <trkpt lat="24.53739012591540813446044921875" lon="118.1542426161468029022216796875">
        <ele>23.3999996185302734375</ele>
        <time>2026-08-06T12:03:03.000Z</time>
        <extensions>
          <ns3:TrackPointExtension>
            <ns3:hr>141</ns3:hr>
            <ns3:cad>89</ns3:cad>
          </ns3:TrackPointExtension>
        </extensions>
      </trkpt>
      <trkpt lat="24.53741661272943019866943359375" lon="118.15425845794379711151123046875">
        <ele>23.3999996185302734375</ele>
        <time>2026-08-06T12:03:04.000Z</time>
        <extensions>
          <ns3:TrackPointExtension>
            <ns3:hr>142</ns3:hr>
            <ns3:cad>90</ns3:cad>
          </ns3:TrackPointExtension>
        </extensions>
      </trkpt>
      <trkpt lat="24.5374349690973758697509765625" lon="118.1542741321027278900146484375">
        <ele>23.200000762939453125</ele>
        <time>2026-08-06T12:03:05.000Z</time>
        <extensions>
          <ns3:TrackPointExtension>
            <ns3:hr>141</ns3:hr>
            <ns3:cad>90</ns3:cad>
          </ns3:TrackPointExtension>
        </extensions>
      </trkpt>
      <trkpt lat="24.53746162354946136474609375" lon="118.1542929075658321380615234375">
        <ele>23.200000762939453125</ele>
        <time>2026-08-06T12:03:06.000Z</time>
        <extensions>
          <ns3:TrackPointExtension>
            <ns3:hr>141</ns3:hr>
            <ns3:cad>90</ns3:cad>
          </ns3:TrackPointExtension>
        </extensions>
      </trkpt>
      <trkpt lat="24.53748215921223163604736328125" lon="118.1543093360960483551025390625">
        <ele>23.200000762939453125</ele>
        <time>2026-08-06T12:03:07.000Z</time>
        <extensions>
          <ns3:TrackPointExtension>
            <ns3:hr>142</ns3:hr>
            <ns3:cad>89</ns3:cad>
          </ns3:TrackPointExtension>
        </extensions>
      </trkpt>
      <trkpt lat="24.53750277869403362274169921875" lon="118.154335655272006988525390625">
        <ele>23.200000762939453125</ele>
        <time>2026-08-06T12:03:08.000Z</time>
        <extensions>
          <ns3:TrackPointExtension>
            <ns3:hr>142</ns3:hr>
            <ns3:cad>89</ns3:cad>
          </ns3:TrackPointExtension>
        </extensions>
      </trkpt>
      <trkpt lat="24.5375154353678226470947265625" lon="118.15435987897217273712158203125">
        <ele>23.200000762939453125</ele>
        <time>2026-08-06T12:03:09.000Z</time>
        <extensions>
          <ns3:TrackPointExtension>
            <ns3:hr>142</ns3:hr>
            <ns3:cad>89</ns3:cad>
          </ns3:TrackPointExtension>
        </extensions>
      </trkpt>
      <trkpt lat="24.5375275053083896636962890625" lon="118.15438888035714626312255859375">
        <ele>23.200000762939453125</ele>
        <time>2026-08-06T12:03:10.000Z</time>
        <extensions>
          <ns3:TrackPointExtension>
            <ns3:hr>142</ns3:hr>
            <ns3:cad>89</ns3:cad>
          </ns3:TrackPointExtension>
        </extensions>
      </trkpt>
      <trkpt lat="24.53753178007900714874267578125" lon="118.1544159539043903350830078125">
        <ele>23.200000762939453125</ele>
        <time>2026-08-06T12:03:11.000Z</time>
        <extensions>
          <ns3:TrackPointExtension>
            <ns3:hr>141</ns3:hr>
            <ns3:cad>90</ns3:cad>
          </ns3:TrackPointExtension>
        </extensions>
      </trkpt>
      <trkpt lat="24.53753228299319744110107421875" lon="118.15444353036582469940185546875">
        <ele>23.200000762939453125</ele>
        <time>2026-08-06T12:03:12.000Z</time>
        <extensions>
          <ns3:TrackPointExtension>
            <ns3:hr>142</ns3:hr>
            <ns3:cad>90</ns3:cad>
          </ns3:TrackPointExtension>
        </extensions>
      </trkpt>
      <trkpt lat="24.53752691857516765594482421875" lon="118.1544680893421173095703125">
        <ele>23.200000762939453125</ele>
        <time>2026-08-06T12:03:13.000Z</time>
        <extensions>
          <ns3:TrackPointExtension>
            <ns3:hr>142</ns3:hr>
            <ns3:cad>90</ns3:cad>
          </ns3:TrackPointExtension>
        </extensions>
      </trkpt>
      <trkpt lat="24.53752239234745502471923828125" lon="118.15449566580355167388916015625">
        <ele>23.200000762939453125</ele>
        <time>2026-08-06T12:03:14.000Z</time>
        <extensions>
          <ns3:TrackPointExtension>
            <ns3:hr>141</ns3:hr>
            <ns3:cad>89</ns3:cad>
          </ns3:TrackPointExtension>
        </extensions>
      </trkpt>
      <trkpt lat="24.53751300461590290069580078125" lon="118.15452282316982746124267578125">
        <ele>23</ele>
        <time>2026-08-06T12:03:15.000Z</time>
        <extensions>
          <ns3:TrackPointExtension>
            <ns3:hr>142</ns3:hr>
            <ns3:cad>89</ns3:cad>
          </ns3:TrackPointExtension>
        </extensions>
      </trkpt>
      <trkpt lat="24.5375020243227481842041015625" lon="118.15454788506031036376953125">
        <ele>23</ele>
        <time>2026-08-06T12:03:16.000Z</time>
        <extensions>
          <ns3:TrackPointExtension>
            <ns3:hr>142</ns3:hr>
            <ns3:cad>88</ns3:cad>
          </ns3:TrackPointExtension>
        </extensions>
      </trkpt>
      <trkpt lat="24.5374855957925319671630859375" lon="118.15457227639853954315185546875">
        <ele>23.200000762939453125</ele>
        <time>2026-08-06T12:03:17.000Z</time>
        <extensions>
          <ns3:TrackPointExtension>
            <ns3:hr>142</ns3:hr>
            <ns3:cad>88</ns3:cad>
          </ns3:TrackPointExtension>
        </extensions>
      </trkpt>
      <trkpt lat="24.53747713007032871246337890625" lon="118.1545990146696567535400390625">
        <ele>23.200000762939453125</ele>
        <time>2026-08-06T12:03:18.000Z</time>
        <extensions>
          <ns3:TrackPointExtension>
            <ns3:hr>143</ns3:hr>
            <ns3:cad>88</ns3:cad>
          </ns3:TrackPointExtension>
        </extensions>
      </trkpt>
      <trkpt lat="24.5374607853591442108154296875" lon="118.15462457947432994842529296875">
        <ele>23.3999996185302734375</ele>
        <time>2026-08-06T12:03:19.000Z</time>
        <extensions>
          <ns3:TrackPointExtension>
            <ns3:hr>142</ns3:hr>
            <ns3:cad>89</ns3:cad>
          </ns3:TrackPointExtension>
        </extensions>
      </trkpt>
      <trkpt lat="24.5374564267694950103759765625" lon="118.15465156920254230499267578125">
        <ele>23.3999996185302734375</ele>
        <time>2026-08-06T12:03:20.000Z</time>
        <extensions>
          <ns3:TrackPointExtension>
            <ns3:hr>142</ns3:hr>
            <ns3:cad>90</ns3:cad>
          </ns3:TrackPointExtension>
        </extensions>
      </trkpt>
      <trkpt lat="24.5374467037618160247802734375" lon="118.15468509681522846221923828125">
        <ele>23.6000003814697265625</ele>
        <time>2026-08-06T12:03:21.000Z</time>
        <extensions>
          <ns3:TrackPointExtension>
            <ns3:hr>141</ns3:hr>
            <ns3:cad>90</ns3:cad>
          </ns3:TrackPointExtension>
        </extensions>
      </trkpt>
      <trkpt lat="24.5374413393437862396240234375" lon="118.15470957197248935699462890625">
        <ele>23.6000003814697265625</ele>
        <time>2026-08-06T12:03:22.000Z</time>
        <extensions>
          <ns3:TrackPointExtension>
            <ns3:hr>141</ns3:hr>
            <ns3:cad>90</ns3:cad>
          </ns3:TrackPointExtension>
        </extensions>
      </trkpt>
      <trkpt lat="24.5374259166419506072998046875" lon="118.1547371484339237213134765625">
        <ele>23.6000003814697265625</ele>
        <time>2026-08-06T12:03:23.000Z</time>
        <extensions>
          <ns3:TrackPointExtension>
            <ns3:hr>141</ns3:hr>
            <ns3:cad>90</ns3:cad>
          </ns3:TrackPointExtension>
        </extensions>
      </trkpt>
      <trkpt lat="24.53741728328168392181396484375" lon="118.15475852228701114654541015625">
        <ele>23.6000003814697265625</ele>
        <time>2026-08-06T12:03:24.000Z</time>
        <extensions>
          <ns3:TrackPointExtension>
            <ns3:hr>141</ns3:hr>
            <ns3:cad>89</ns3:cad>
          </ns3:TrackPointExtension>
        </extensions>
      </trkpt>
      <trkpt lat="24.5373974181711673736572265625" lon="118.154784925282001495361328125">
        <ele>23.6000003814697265625</ele>
        <time>2026-08-06T12:03:25.000Z</time>
        <extensions>
          <ns3:TrackPointExtension>
            <ns3:hr>141</ns3:hr>
            <ns3:cad>88</ns3:cad>
          </ns3:TrackPointExtension>
        </extensions>
      </trkpt>
      <trkpt lat="24.5373883657157421112060546875" lon="118.1548035331070423126220703125">
        <ele>23.6000003814697265625</ele>
        <time>2026-08-06T12:03:26.000Z</time>
        <extensions>
          <ns3:TrackPointExtension>
            <ns3:hr>141</ns3:hr>
            <ns3:cad>87</ns3:cad>
          </ns3:TrackPointExtension>
        </extensions>
      </trkpt>
      <trkpt lat="24.5373662374913692474365234375" lon="118.15482893027365207672119140625">
        <ele>23.6000003814697265625</ele>
        <time>2026-08-06T12:03:27.000Z</time>
        <extensions>
          <ns3:TrackPointExtension>
            <ns3:hr>141</ns3:hr>
            <ns3:cad>88</ns3:cad>
          </ns3:TrackPointExtension>
        </extensions>
      </trkpt>
      <trkpt lat="24.537351988255977630615234375" lon="118.1548538245260715484619140625">
        <ele>23.799999237060546875</ele>
        <time>2026-08-06T12:03:28.000Z</time>
        <extensions>
          <ns3:TrackPointExtension>
            <ns3:hr>141</ns3:hr>
            <ns3:cad>88</ns3:cad>
          </ns3:TrackPointExtension>
        </extensions>
      </trkpt>
      <trkpt lat="24.53733296133577823638916015625" lon="118.15487553365528583526611328125">
        <ele>23.799999237060546875</ele>
        <time>2026-08-06T12:03:29.000Z</time>
        <extensions>
          <ns3:TrackPointExtension>
            <ns3:hr>141</ns3:hr>
            <ns3:cad>88</ns3:cad>
          </ns3:TrackPointExtension>
        </extensions>
      </trkpt>
      <trkpt lat="24.53731854446232318878173828125" lon="118.15489531494677066802978515625">
        <ele>23.799999237060546875</ele>
        <time>2026-08-06T12:03:30.000Z</time>
        <extensions>
          <ns3:TrackPointExtension>
            <ns3:hr>140</ns3:hr>
            <ns3:cad>89</ns3:cad>
          </ns3:TrackPointExtension>
        </extensions>
      </trkpt>
      <trkpt lat="24.53730446286499500274658203125" lon="118.154919706284999847412109375">
        <ele>23.799999237060546875</ele>
        <time>2026-08-06T12:03:31.000Z</time>
        <extensions>
          <ns3:TrackPointExtension>
            <ns3:hr>140</ns3:hr>
            <ns3:cad>89</ns3:cad>
          </ns3:TrackPointExtension>
        </extensions>
      </trkpt>
      <trkpt lat="24.5372877828776836395263671875" lon="118.154939152300357818603515625">
        <ele>24</ele>
        <time>2026-08-06T12:03:32.000Z</time>
        <extensions>
          <ns3:TrackPointExtension>
            <ns3:hr>139</ns3:hr>
            <ns3:cad>89</ns3:cad>
          </ns3:TrackPointExtension>
        </extensions>
      </trkpt>
      <trkpt lat="24.53727613203227519989013671875" lon="118.1549614481627941131591796875">
        <ele>23.799999237060546875</ele>
        <time>2026-08-06T12:03:33.000Z</time>
        <extensions>
          <ns3:TrackPointExtension>
            <ns3:hr>139</ns3:hr>
            <ns3:cad>88</ns3:cad>
          </ns3:TrackPointExtension>
        </extensions>
      </trkpt>
      <trkpt lat="24.53725987114012241363525390625" lon="118.15498282201588153839111328125">
        <ele>23.799999237060546875</ele>
        <time>2026-08-06T12:03:34.000Z</time>
        <extensions>
          <ns3:TrackPointExtension>
            <ns3:hr>138</ns3:hr>
            <ns3:cad>87</ns3:cad>
          </ns3:TrackPointExtension>
        </extensions>
      </trkpt>
      <trkpt lat="24.5372525788843631744384765625" lon="118.15500696189701557159423828125">
        <ele>24</ele>
        <time>2026-08-06T12:03:35.000Z</time>
        <extensions>
          <ns3:TrackPointExtension>
            <ns3:hr>137</ns3:hr>
            <ns3:cad>87</ns3:cad>
          </ns3:TrackPointExtension>
        </extensions>
      </trkpt>
      <trkpt lat="24.5372384972870349884033203125" lon="118.15502942539751529693603515625">
        <ele>24</ele>
        <time>2026-08-06T12:03:36.000Z</time>
        <extensions>
          <ns3:TrackPointExtension>
            <ns3:hr>134</ns3:hr>
            <ns3:cad>88</ns3:cad>
          </ns3:TrackPointExtension>
        </extensions>
      </trkpt>
      <trkpt lat="24.5372329652309417724609375" lon="118.15505021251738071441650390625">
        <ele>24</ele>
        <time>2026-08-06T12:03:37.000Z</time>
        <extensions>
          <ns3:TrackPointExtension>
            <ns3:hr>132</ns3:hr>
            <ns3:cad>88</ns3:cad>
          </ns3:TrackPointExtension>
        </extensions>
      </trkpt>
      <trkpt lat="24.53721812926232814788818359375" lon="118.1550757773220539093017578125">
        <ele>24</ele>
        <time>2026-08-06T12:03:38.000Z</time>
        <extensions>
          <ns3:TrackPointExtension>
            <ns3:hr>131</ns3:hr>
            <ns3:cad>89</ns3:cad>
          </ns3:TrackPointExtension>
        </extensions>
      </trkpt>
      <trkpt lat="24.53721310012042522430419921875" lon="118.155095390975475311279296875">
        <ele>23.799999237060546875</ele>
        <time>2026-08-06T12:03:39.000Z</time>
        <extensions>
          <ns3:TrackPointExtension>
            <ns3:hr>131</ns3:hr>
            <ns3:cad>89</ns3:cad>
          </ns3:TrackPointExtension>
        </extensions>
      </trkpt>
      <trkpt lat="24.53720019198954105377197265625" lon="118.1551227159798145294189453125">
        <ele>23.799999237060546875</ele>
        <time>2026-08-06T12:03:40.000Z</time>
        <extensions>
          <ns3:TrackPointExtension>
            <ns3:hr>131</ns3:hr>
            <ns3:cad>89</ns3:cad>
          </ns3:TrackPointExtension>
        </extensions>
      </trkpt>
      <trkpt lat="24.5371928997337818145751953125" lon="118.155144341289997100830078125">
        <ele>23.799999237060546875</ele>
        <time>2026-08-06T12:03:41.000Z</time>
        <extensions>
          <ns3:TrackPointExtension>
            <ns3:hr>132</ns3:hr>
            <ns3:cad>88</ns3:cad>
          </ns3:TrackPointExtension>
        </extensions>
      </trkpt>
      <trkpt lat="24.53717923723161220550537109375" lon="118.15517325885593891143798828125">
        <ele>23.799999237060546875</ele>
        <time>2026-08-06T12:03:42.000Z</time>
        <extensions>
          <ns3:TrackPointExtension>
            <ns3:hr>132</ns3:hr>
            <ns3:cad>87</ns3:cad>
          </ns3:TrackPointExtension>
        </extensions>
      </trkpt>
      <trkpt lat="24.53717370517551898956298828125" lon="118.15519295632839202880859375">
        <ele>24</ele>
        <time>2026-08-06T12:03:43.000Z</time>
        <extensions>
          <ns3:TrackPointExtension>
            <ns3:hr>133</ns3:hr>
            <ns3:cad>88</ns3:cad>
          </ns3:TrackPointExtension>
        </extensions>
      </trkpt>
      <trkpt lat="24.53716062940657138824462890625" lon="118.15521751530468463897705078125">
        <ele>24</ele>
        <time>2026-08-06T12:03:44.000Z</time>
        <extensions>
          <ns3:TrackPointExtension>
            <ns3:hr>134</ns3:hr>
            <ns3:cad>88</ns3:cad>
          </ns3:TrackPointExtension>
        </extensions>
      </trkpt>
      <trkpt lat="24.5371471345424652099609375" lon="118.15523712895810604095458984375">
        <ele>24</ele>
        <time>2026-08-06T12:03:45.000Z</time>
        <extensions>
          <ns3:TrackPointExtension>
            <ns3:hr>135</ns3:hr>
            <ns3:cad>89</ns3:cad>
          </ns3:TrackPointExtension>
        </extensions>
      </trkpt>
      <trkpt lat="24.53713246621191501617431640625" lon="118.15525598824024200439453125">
        <ele>24</ele>
        <time>2026-08-06T12:03:46.000Z</time>
        <extensions>
          <ns3:TrackPointExtension>
            <ns3:hr>136</ns3:hr>
            <ns3:cad>89</ns3:cad>
          </ns3:TrackPointExtension>
        </extensions>
      </trkpt>
      <trkpt lat="24.53711234964430332183837890625" lon="118.15527384169399738311767578125">
        <ele>24.200000762939453125</ele>
        <time>2026-08-06T12:03:47.000Z</time>
        <extensions>
          <ns3:TrackPointExtension>
            <ns3:hr>137</ns3:hr>
            <ns3:cad>89</ns3:cad>
          </ns3:TrackPointExtension>
        </extensions>
      </trkpt>
      <trkpt lat="24.53709625639021396636962890625" lon="118.15529680810868740081787109375">
        <ele>24.200000762939453125</ele>
        <time>2026-08-06T12:03:48.000Z</time>
        <extensions>
          <ns3:TrackPointExtension>
            <ns3:hr>137</ns3:hr>
            <ns3:cad>89</ns3:cad>
          </ns3:TrackPointExtension>
        </extensions>
      </trkpt>
      <trkpt lat="24.53707898966968059539794921875" lon="118.1553158350288867950439453125">
        <ele>24.200000762939453125</ele>
        <time>2026-08-06T12:03:49.000Z</time>
        <extensions>
          <ns3:TrackPointExtension>
            <ns3:hr>138</ns3:hr>
            <ns3:cad>88</ns3:cad>
          </ns3:TrackPointExtension>
        </extensions>
      </trkpt>
      <trkpt lat="24.5370698533952236175537109375" lon="118.1553416512906551361083984375">
        <ele>24.200000762939453125</ele>
        <time>2026-08-06T12:03:50.000Z</time>
        <extensions>
          <ns3:TrackPointExtension>
            <ns3:hr>138</ns3:hr>
            <ns3:cad>87</ns3:cad>
          </ns3:TrackPointExtension>
        </extensions>
      </trkpt>
      <trkpt lat="24.53705417923629283905029296875" lon="118.15536252222955226898193359375">
        <ele>24.200000762939453125</ele>
        <time>2026-08-06T12:03:51.000Z</time>
        <extensions>
          <ns3:TrackPointExtension>
            <ns3:hr>138</ns3:hr>
            <ns3:cad>87</ns3:cad>
          </ns3:TrackPointExtension>
        </extensions>
      </trkpt>
      <trkpt lat="24.53704261220991611480712890625" lon="118.15538163296878337860107421875">
        <ele>24.3999996185302734375</ele>
        <time>2026-08-06T12:03:52.000Z</time>
        <extensions>
          <ns3:TrackPointExtension>
            <ns3:hr>139</ns3:hr>
            <ns3:cad>88</ns3:cad>
          </ns3:TrackPointExtension>
        </extensions>
      </trkpt>
      <trkpt lat="24.5370232500135898590087890625" lon="118.1554016657173633575439453125">
        <ele>24.3999996185302734375</ele>
        <time>2026-08-06T12:03:53.000Z</time>
        <extensions>
          <ns3:TrackPointExtension>
            <ns3:hr>139</ns3:hr>
            <ns3:cad>89</ns3:cad>
          </ns3:TrackPointExtension>
        </extensions>
      </trkpt>
      <trkpt lat="24.53701595775783061981201171875" lon="118.15542404539883136749267578125">
        <ele>24.3999996185302734375</ele>
        <time>2026-08-06T12:03:54.000Z</time>
        <extensions>
          <ns3:TrackPointExtension>
            <ns3:hr>139</ns3:hr>
            <ns3:cad>89</ns3:cad>
          </ns3:TrackPointExtension>
        </extensions>
      </trkpt>
      <trkpt lat="24.5369991101324558258056640625" lon="118.1554482690989971160888671875">
        <ele>24.3999996185302734375</ele>
        <time>2026-08-06T12:03:55.000Z</time>
        <extensions>
          <ns3:TrackPointExtension>
            <ns3:hr>140</ns3:hr>
            <ns3:cad>89</ns3:cad>
          </ns3:TrackPointExtension>
        </extensions>
      </trkpt>
      <trkpt lat="24.536990225315093994140625" lon="118.1554663740098476409912109375">
        <ele>24.3999996185302734375</ele>
        <time>2026-08-06T12:03:56.000Z</time>
        <extensions>
          <ns3:TrackPointExtension>
            <ns3:hr>140</ns3:hr>
            <ns3:cad>89</ns3:cad>
          </ns3:TrackPointExtension>
        </extensions>
      </trkpt>
      <trkpt lat="24.53697270713746547698974609375" lon="118.15549076534807682037353515625">
        <ele>24.3999996185302734375</ele>
        <time>2026-08-06T12:03:57.000Z</time>
        <extensions>
          <ns3:TrackPointExtension>
            <ns3:hr>141</ns3:hr>
            <ns3:cad>88</ns3:cad>
          </ns3:TrackPointExtension>
        </extensions>
      </trkpt>
      <trkpt lat="24.5369602181017398834228515625" lon="118.15550769679248332977294921875">
        <ele>24.3999996185302734375</ele>
        <time>2026-08-06T12:03:58.000Z</time>
        <extensions>
          <ns3:TrackPointExtension>
            <ns3:hr>141</ns3:hr>
            <ns3:cad>87</ns3:cad>
          </ns3:TrackPointExtension>
        </extensions>
      </trkpt>
      <trkpt lat="24.5369377546012401580810546875" lon="118.155534602701663970947265625">
        <ele>24.3999996185302734375</ele>
        <time>2026-08-06T12:03:59.000Z</time>
        <extensions>
          <ns3:TrackPointExtension>
            <ns3:hr>141</ns3:hr>
            <ns3:cad>87</ns3:cad>
          </ns3:TrackPointExtension>
        </extensions>
      </trkpt>
      <trkpt lat="24.5369273610413074493408203125" lon="118.15555639564990997314453125">
        <ele>24.3999996185302734375</ele>
        <time>2026-08-06T12:04:00.000Z</time>
        <extensions>
          <ns3:TrackPointExtension>
            <ns3:hr>142</ns3:hr>
            <ns3:cad>87</ns3:cad>
          </ns3:TrackPointExtension>
        </extensions>
      </trkpt>
      <trkpt lat="24.53690984286367893218994140625" lon="118.15558397211134433746337890625">
        <ele>24.6000003814697265625</ele>
        <time>2026-08-06T12:04:01.000Z</time>
        <extensions>
          <ns3:TrackPointExtension>
            <ns3:hr>142</ns3:hr>
            <ns3:cad>89</ns3:cad>
          </ns3:TrackPointExtension>
        </extensions>
      </trkpt>
      <trkpt lat="24.53689659945666790008544921875" lon="118.155607692897319793701171875">
        <ele>24.6000003814697265625</ele>
        <time>2026-08-06T12:04:02.000Z</time>
        <extensions>
          <ns3:TrackPointExtension>
            <ns3:hr>142</ns3:hr>
            <ns3:cad>89</ns3:cad>
          </ns3:TrackPointExtension>
        </extensions>
      </trkpt>
      <trkpt lat="24.53688587062060832977294921875" lon="118.15563560463488101959228515625">
        <ele>24.6000003814697265625</ele>
        <time>2026-08-06T12:04:03.000Z</time>
        <extensions>
          <ns3:TrackPointExtension>
            <ns3:hr>141</ns3:hr>
            <ns3:cad>89</ns3:cad>
          </ns3:TrackPointExtension>
        </extensions>
      </trkpt>
      <trkpt lat="24.536871872842311859130859375" lon="118.15565831959247589111328125">
        <ele>24.6000003814697265625</ele>
        <time>2026-08-06T12:04:04.000Z</time>
        <extensions>
          <ns3:TrackPointExtension>
            <ns3:hr>142</ns3:hr>
            <ns3:cad>88</ns3:cad>
          </ns3:TrackPointExtension>
        </extensions>
      </trkpt>
      <trkpt lat="24.53686374239623546600341796875" lon="118.15568287856876850128173828125">
        <ele>24.6000003814697265625</ele>
        <time>2026-08-06T12:04:05.000Z</time>
        <extensions>
          <ns3:TrackPointExtension>
            <ns3:hr>142</ns3:hr>
            <ns3:cad>87</ns3:cad>
          </ns3:TrackPointExtension>
        </extensions>
      </trkpt>
      <trkpt lat="24.5368495769798755645751953125" lon="118.15570567734539508819580078125">
        <ele>24.799999237060546875</ele>
        <time>2026-08-06T12:04:06.000Z</time>
        <extensions>
          <ns3:TrackPointExtension>
            <ns3:hr>142</ns3:hr>
            <ns3:cad>87</ns3:cad>
          </ns3:TrackPointExtension>
        </extensions>
      </trkpt>
      <trkpt lat="24.53684278763830661773681640625" lon="118.1557299010455608367919921875">
        <ele>24.799999237060546875</ele>
        <time>2026-08-06T12:04:07.000Z</time>
        <extensions>
          <ns3:TrackPointExtension>
            <ns3:hr>142</ns3:hr>
            <ns3:cad>87</ns3:cad>
          </ns3:TrackPointExtension>
        </extensions>
      </trkpt>
      <trkpt lat="24.53683055005967617034912109375" lon="118.15575596876442432403564453125">
        <ele>24.799999237060546875</ele>
        <time>2026-08-06T12:04:08.000Z</time>
        <extensions>
          <ns3:TrackPointExtension>
            <ns3:hr>143</ns3:hr>
            <ns3:cad>87</ns3:cad>
          </ns3:TrackPointExtension>
        </extensions>
      </trkpt>
      <trkpt lat="24.5368254370987415313720703125" lon="118.15577809698879718780517578125">
        <ele>24.799999237060546875</ele>
        <time>2026-08-06T12:04:09.000Z</time>
        <extensions>
          <ns3:TrackPointExtension>
            <ns3:hr>143</ns3:hr>
            <ns3:cad>89</ns3:cad>
          </ns3:TrackPointExtension>
        </extensions>
      </trkpt>
      <trkpt lat="24.536807835102081298828125" lon="118.1558053381741046905517578125">
        <ele>24.799999237060546875</ele>
        <time>2026-08-06T12:04:10.000Z</time>
        <extensions>
          <ns3:TrackPointExtension>
            <ns3:hr>143</ns3:hr>
            <ns3:cad>89</ns3:cad>
          </ns3:TrackPointExtension>
        </extensions>
      </trkpt>
      <trkpt lat="24.536800123751163482666015625" lon="118.1558224372565746307373046875">
        <ele>24.799999237060546875</ele>
        <time>2026-08-06T12:04:11.000Z</time>
        <extensions>
          <ns3:TrackPointExtension>
            <ns3:hr>142</ns3:hr>
            <ns3:cad>89</ns3:cad>
          </ns3:TrackPointExtension>
        </extensions>
      </trkpt>
      <trkpt lat="24.53678227029740810394287109375" lon="118.155848421156406402587890625">
        <ele>24.799999237060546875</ele>
        <time>2026-08-06T12:04:12.000Z</time>
        <extensions>
          <ns3:TrackPointExtension>
            <ns3:hr>143</ns3:hr>
            <ns3:cad>89</ns3:cad>
          </ns3:TrackPointExtension>
        </extensions>
      </trkpt>
      <trkpt lat="24.53676885925233364105224609375" lon="118.15586761571466922760009765625">
        <ele>24.799999237060546875</ele>
        <time>2026-08-06T12:04:13.000Z</time>
        <extensions>
          <ns3:TrackPointExtension>
            <ns3:hr>143</ns3:hr>
            <ns3:cad>88</ns3:cad>
          </ns3:TrackPointExtension>
        </extensions>
      </trkpt>
      <trkpt lat="24.5367510057985782623291015625" lon="118.1558935157954692840576171875">
        <ele>24.799999237060546875</ele>
        <time>2026-08-06T12:04:14.000Z</time>
        <extensions>
          <ns3:TrackPointExtension>
            <ns3:hr>142</ns3:hr>
            <ns3:cad>88</ns3:cad>
          </ns3:TrackPointExtension>
        </extensions>
      </trkpt>
      <trkpt lat="24.53673801384866237640380859375" lon="118.15591069869697093963623046875">
        <ele>25</ele>
        <time>2026-08-06T12:04:15.000Z</time>
        <extensions>
          <ns3:TrackPointExtension>
            <ns3:hr>142</ns3:hr>
            <ns3:cad>87</ns3:cad>
          </ns3:TrackPointExtension>
        </extensions>
      </trkpt>
      <trkpt lat="24.536719657480716705322265625" lon="118.155937604606151580810546875">
        <ele>24.799999237060546875</ele>
        <time>2026-08-06T12:04:16.000Z</time>
        <extensions>
          <ns3:TrackPointExtension>
            <ns3:hr>142</ns3:hr>
            <ns3:cad>87</ns3:cad>
          </ns3:TrackPointExtension>
        </extensions>
      </trkpt>
      <trkpt lat="24.536706916987895965576171875" lon="118.155956380069255828857421875">
        <ele>25</ele>
        <time>2026-08-06T12:04:17.000Z</time>
        <extensions>
          <ns3:TrackPointExtension>
            <ns3:hr>142</ns3:hr>
            <ns3:cad>88</ns3:cad>
          </ns3:TrackPointExtension>
        </extensions>
      </trkpt>
      <trkpt lat="24.53669509850442409515380859375" lon="118.15598596818745136260986328125">
        <ele>25</ele>
        <time>2026-08-06T12:04:18.000Z</time>
        <extensions>
          <ns3:TrackPointExtension>
            <ns3:hr>142</ns3:hr>
            <ns3:cad>89</ns3:cad>
          </ns3:TrackPointExtension>
        </extensions>
      </trkpt>
      <trkpt lat="24.536686800420284271240234375" lon="118.15601279027760028839111328125">
        <ele>25</ele>
        <time>2026-08-06T12:04:19.000Z</time>
        <extensions>
          <ns3:TrackPointExtension>
            <ns3:hr>143</ns3:hr>
            <ns3:cad>89</ns3:cad>
          </ns3:TrackPointExtension>
        </extensions>
      </trkpt>
      <trkpt lat="24.5366715453565120697021484375" lon="118.15604028292000293731689453125">
        <ele>25</ele>
        <time>2026-08-06T12:04:20.000Z</time>
        <extensions>
          <ns3:TrackPointExtension>
            <ns3:hr>142</ns3:hr>
            <ns3:cad>89</ns3:cad>
          </ns3:TrackPointExtension>
        </extensions>
      </trkpt>
      <trkpt lat="24.53665184788405895233154296875" lon="118.1560598127543926239013671875">
        <ele>25</ele>
        <time>2026-08-06T12:04:21.000Z</time>
        <extensions>
          <ns3:TrackPointExtension>
            <ns3:hr>142</ns3:hr>
            <ns3:cad>88</ns3:cad>
          </ns3:TrackPointExtension>
        </extensions>
      </trkpt>
      <trkpt lat="24.53663223423063755035400390625" lon="118.15607632510364055633544921875">
        <ele>25</ele>
        <time>2026-08-06T12:04:22.000Z</time>
        <extensions>
          <ns3:TrackPointExtension>
            <ns3:hr>142</ns3:hr>
            <ns3:cad>88</ns3:cad>
          </ns3:TrackPointExtension>
        </extensions>
      </trkpt>
      <trkpt lat="24.53660893253982067108154296875" lon="118.15608973614871501922607421875">
        <ele>25</ele>
        <time>2026-08-06T12:04:23.000Z</time>
        <extensions>
          <ns3:TrackPointExtension>
            <ns3:hr>142</ns3:hr>
            <ns3:cad>88</ns3:cad>
          </ns3:TrackPointExtension>
        </extensions>
      </trkpt>
      <trkpt lat="24.536584876477718353271484375" lon="118.15610348246991634368896484375">
        <ele>25</ele>
        <time>2026-08-06T12:04:24.000Z</time>
        <extensions>
          <ns3:TrackPointExtension>
            <ns3:hr>142</ns3:hr>
            <ns3:cad>88</ns3:cad>
          </ns3:TrackPointExtension>
        </extensions>
      </trkpt>
      <trkpt lat="24.536562077701091766357421875" lon="118.15611488185822963714599609375">
        <ele>25.200000762939453125</ele>
        <time>2026-08-06T12:04:25.000Z</time>
        <extensions>
          <ns3:TrackPointExtension>
            <ns3:hr>141</ns3:hr>
            <ns3:cad>89</ns3:cad>
          </ns3:TrackPointExtension>
        </extensions>
      </trkpt>
      <trkpt lat="24.53653936274349689483642578125" lon="118.15612426958978176116943359375">
        <ele>25.200000762939453125</ele>
        <time>2026-08-06T12:04:26.000Z</time>
        <extensions>
          <ns3:TrackPointExtension>
            <ns3:hr>141</ns3:hr>
            <ns3:cad>89</ns3:cad>
          </ns3:TrackPointExtension>
        </extensions>
      </trkpt>
      <trkpt lat="24.53651052899658679962158203125" lon="118.15612544305622577667236328125">
        <ele>25.200000762939453125</ele>
        <time>2026-08-06T12:04:27.000Z</time>
        <extensions>
          <ns3:TrackPointExtension>
            <ns3:hr>141</ns3:hr>
            <ns3:cad>89</ns3:cad>
          </ns3:TrackPointExtension>
        </extensions>
      </trkpt>
      <trkpt lat="24.536486975848674774169921875" lon="118.156131394207477569580078125">
        <ele>25.200000762939453125</ele>
        <time>2026-08-06T12:04:28.000Z</time>
        <extensions>
          <ns3:TrackPointExtension>
            <ns3:hr>141</ns3:hr>
            <ns3:cad>89</ns3:cad>
          </ns3:TrackPointExtension>
        </extensions>
      </trkpt>
      <trkpt lat="24.536458142101764678955078125" lon="118.15612728707492351531982421875">
        <ele>25.200000762939453125</ele>
        <time>2026-08-06T12:04:29.000Z</time>
        <extensions>
          <ns3:TrackPointExtension>
            <ns3:hr>141</ns3:hr>
            <ns3:cad>89</ns3:cad>
          </ns3:TrackPointExtension>
        </extensions>
      </trkpt>
      <trkpt lat="24.53643660061061382293701171875" lon="118.15612577833235263824462890625">
        <ele>25.200000762939453125</ele>
        <time>2026-08-06T12:04:30.000Z</time>
        <extensions>
          <ns3:TrackPointExtension>
            <ns3:hr>141</ns3:hr>
            <ns3:cad>88</ns3:cad>
          </ns3:TrackPointExtension>
        </extensions>
      </trkpt>
      <trkpt lat="24.5364068448543548583984375" lon="118.1561144627630710601806640625">
        <ele>25.200000762939453125</ele>
        <time>2026-08-06T12:04:31.000Z</time>
        <extensions>
          <ns3:TrackPointExtension>
            <ns3:hr>141</ns3:hr>
            <ns3:cad>89</ns3:cad>
          </ns3:TrackPointExtension>
        </extensions>
      </trkpt>
      <trkpt lat="24.53638815321028232574462890625" lon="118.15611287020146846771240234375">
        <ele>25.200000762939453125</ele>
        <time>2026-08-06T12:04:32.000Z</time>
        <extensions>
          <ns3:TrackPointExtension>
            <ns3:hr>141</ns3:hr>
            <ns3:cad>90</ns3:cad>
          </ns3:TrackPointExtension>
        </extensions>
      </trkpt>
      <trkpt lat="24.53635831363499164581298828125" lon="118.1561015546321868896484375">
        <ele>25.200000762939453125</ele>
        <time>2026-08-06T12:04:33.000Z</time>
        <extensions>
          <ns3:TrackPointExtension>
            <ns3:hr>141</ns3:hr>
            <ns3:cad>90</ns3:cad>
          </ns3:TrackPointExtension>
        </extensions>
      </trkpt>
      <trkpt lat="24.53633668832480907440185546875" lon="118.1560953520238399505615234375">
        <ele>25.200000762939453125</ele>
        <time>2026-08-06T12:04:34.000Z</time>
        <extensions>
          <ns3:TrackPointExtension>
            <ns3:hr>141</ns3:hr>
            <ns3:cad>90</ns3:cad>
          </ns3:TrackPointExtension>
        </extensions>
      </trkpt>
      <trkpt lat="24.53630936332046985626220703125" lon="118.15607942640781402587890625">
        <ele>25.200000762939453125</ele>
        <time>2026-08-06T12:04:35.000Z</time>
        <extensions>
          <ns3:TrackPointExtension>
            <ns3:hr>141</ns3:hr>
            <ns3:cad>90</ns3:cad>
          </ns3:TrackPointExtension>
        </extensions>
      </trkpt>
      <trkpt lat="24.53629394061863422393798828125" lon="118.15606928430497646331787109375">
        <ele>25.3999996185302734375</ele>
        <time>2026-08-06T12:04:36.000Z</time>
        <extensions>
          <ns3:TrackPointExtension>
            <ns3:hr>141</ns3:hr>
            <ns3:cad>88</ns3:cad>
          </ns3:TrackPointExtension>
        </extensions>
      </trkpt>
      <trkpt lat="24.53626745380461215972900390625" lon="118.15605168230831623077392578125">
        <ele>25.3999996185302734375</ele>
        <time>2026-08-06T12:04:37.000Z</time>
        <extensions>
          <ns3:TrackPointExtension>
            <ns3:hr>141</ns3:hr>
            <ns3:cad>88</ns3:cad>
          </ns3:TrackPointExtension>
        </extensions>
      </trkpt>
      <trkpt lat="24.53624800778925418853759765625" lon="118.15603944472968578338623046875">
        <ele>25.3999996185302734375</ele>
        <time>2026-08-06T12:04:38.000Z</time>
        <extensions>
          <ns3:TrackPointExtension>
            <ns3:hr>141</ns3:hr>
            <ns3:cad>87</ns3:cad>
          </ns3:TrackPointExtension>
        </extensions>
      </trkpt>
      <trkpt lat="24.53622487373650074005126953125" lon="118.15602435730397701263427734375">
        <ele>25.3999996185302734375</ele>
        <time>2026-08-06T12:04:39.000Z</time>
        <extensions>
          <ns3:TrackPointExtension>
            <ns3:hr>141</ns3:hr>
            <ns3:cad>87</ns3:cad>
          </ns3:TrackPointExtension>
        </extensions>
      </trkpt>
      <trkpt lat="24.53620676882565021514892578125" lon="118.15600994043052196502685546875">
        <ele>25.3999996185302734375</ele>
        <time>2026-08-06T12:04:40.000Z</time>
        <extensions>
          <ns3:TrackPointExtension>
            <ns3:hr>141</ns3:hr>
            <ns3:cad>88</ns3:cad>
          </ns3:TrackPointExtension>
        </extensions>
      </trkpt>
      <trkpt lat="24.536185897886753082275390625" lon="118.15599652938544750213623046875">
        <ele>25.6000003814697265625</ele>
        <time>2026-08-06T12:04:41.000Z</time>
        <extensions>
          <ns3:TrackPointExtension>
            <ns3:hr>141</ns3:hr>
            <ns3:cad>89</ns3:cad>
          </ns3:TrackPointExtension>
        </extensions>
      </trkpt>
      <trkpt lat="24.53616586513817310333251953125" lon="118.15597959794104099273681640625">
        <ele>25.6000003814697265625</ele>
        <time>2026-08-06T12:04:42.000Z</time>
        <extensions>
          <ns3:TrackPointExtension>
            <ns3:hr>141</ns3:hr>
            <ns3:cad>89</ns3:cad>
          </ns3:TrackPointExtension>
        </extensions>
      </trkpt>
      <trkpt lat="24.53614600002765655517578125" lon="118.15596836619079113006591796875">
        <ele>25.6000003814697265625</ele>
        <time>2026-08-06T12:04:43.000Z</time>
        <extensions>
          <ns3:TrackPointExtension>
            <ns3:hr>141</ns3:hr>
            <ns3:cad>89</ns3:cad>
          </ns3:TrackPointExtension>
        </extensions>
      </trkpt>
      <trkpt lat="24.53612412326037883758544921875" lon="118.15595202147960662841796875">
        <ele>25.6000003814697265625</ele>
        <time>2026-08-06T12:04:44.000Z</time>
        <extensions>
          <ns3:TrackPointExtension>
            <ns3:hr>141</ns3:hr>
            <ns3:cad>88</ns3:cad>
          </ns3:TrackPointExtension>
        </extensions>
      </trkpt>
      <trkpt lat="24.5361055992543697357177734375" lon="118.155942298471927642822265625">
        <ele>25.6000003814697265625</ele>
        <time>2026-08-06T12:04:45.000Z</time>
        <extensions>
          <ns3:TrackPointExtension>
            <ns3:hr>141</ns3:hr>
            <ns3:cad>87</ns3:cad>
          </ns3:TrackPointExtension>
        </extensions>
      </trkpt>
      <trkpt lat="24.5360794477164745330810546875" lon="118.15592444501817226409912109375">
        <ele>25.6000003814697265625</ele>
        <time>2026-08-06T12:04:46.000Z</time>
        <extensions>
          <ns3:TrackPointExtension>
            <ns3:hr>141</ns3:hr>
            <ns3:cad>87</ns3:cad>
          </ns3:TrackPointExtension>
        </extensions>
      </trkpt>
      <trkpt lat="24.53606243245303630828857421875" lon="118.15591539256274700164794921875">
        <ele>25.6000003814697265625</ele>
        <time>2026-08-06T12:04:47.000Z</time>
        <extensions>
          <ns3:TrackPointExtension>
            <ns3:hr>140</ns3:hr>
            <ns3:cad>87</ns3:cad>
          </ns3:TrackPointExtension>
        </extensions>
      </trkpt>
      <trkpt lat="24.53603829257190227508544921875" lon="118.155899383127689361572265625">
        <ele>25.6000003814697265625</ele>
        <time>2026-08-06T12:04:48.000Z</time>
        <extensions>
          <ns3:TrackPointExtension>
            <ns3:hr>141</ns3:hr>
            <ns3:cad>87</ns3:cad>
          </ns3:TrackPointExtension>
        </extensions>
      </trkpt>
      <trkpt lat="24.53601934947073459625244140625" lon="118.1558901630342006683349609375">
        <ele>25.6000003814697265625</ele>
        <time>2026-08-06T12:04:49.000Z</time>
        <extensions>
          <ns3:TrackPointExtension>
            <ns3:hr>141</ns3:hr>
            <ns3:cad>88</ns3:cad>
          </ns3:TrackPointExtension>
        </extensions>
      </trkpt>
      <trkpt lat="24.53599554486572742462158203125" lon="118.15587432123720645904541015625">
        <ele>25.6000003814697265625</ele>
        <time>2026-08-06T12:04:50.000Z</time>
        <extensions>
          <ns3:TrackPointExtension>
            <ns3:hr>140</ns3:hr>
            <ns3:cad>88</ns3:cad>
          </ns3:TrackPointExtension>
        </extensions>
      </trkpt>
      <trkpt lat="24.5359758473932743072509765625" lon="118.15585990436375141143798828125">
        <ele>25.6000003814697265625</ele>
        <time>2026-08-06T12:04:51.000Z</time>
        <extensions>
          <ns3:TrackPointExtension>
            <ns3:hr>141</ns3:hr>
            <ns3:cad>88</ns3:cad>
          </ns3:TrackPointExtension>
        </extensions>
      </trkpt>
      <trkpt lat="24.53595330007374286651611328125" lon="118.15584666095674037933349609375">
        <ele>25.6000003814697265625</ele>
        <time>2026-08-06T12:04:52.000Z</time>
        <extensions>
          <ns3:TrackPointExtension>
            <ns3:hr>141</ns3:hr>
            <ns3:cad>88</ns3:cad>
          </ns3:TrackPointExtension>
        </extensions>
      </trkpt>
      <trkpt lat="24.5359322614967823028564453125" lon="118.1558318249881267547607421875">
        <ele>25.6000003814697265625</ele>
        <time>2026-08-06T12:04:53.000Z</time>
        <extensions>
          <ns3:TrackPointExtension>
            <ns3:hr>141</ns3:hr>
            <ns3:cad>87</ns3:cad>
          </ns3:TrackPointExtension>
        </extensions>
      </trkpt>
      <trkpt lat="24.53591072000563144683837890625" lon="118.1558130495250225067138671875">
        <ele>25.6000003814697265625</ele>
        <time>2026-08-06T12:04:54.000Z</time>
        <extensions>
          <ns3:TrackPointExtension>
            <ns3:hr>140</ns3:hr>
            <ns3:cad>87</ns3:cad>
          </ns3:TrackPointExtension>
        </extensions>
      </trkpt>
      <trkpt lat="24.53589144162833690643310546875" lon="118.15580223686993122100830078125">
        <ele>25.6000003814697265625</ele>
        <time>2026-08-06T12:04:55.000Z</time>
        <extensions>
          <ns3:TrackPointExtension>
            <ns3:hr>141</ns3:hr>
            <ns3:cad>87</ns3:cad>
          </ns3:TrackPointExtension>
        </extensions>
      </trkpt>
      <trkpt lat="24.53587065450847148895263671875" lon="118.15579201094806194305419921875">
        <ele>25.799999237060546875</ele>
        <time>2026-08-06T12:04:56.000Z</time>
        <extensions>
          <ns3:TrackPointExtension>
            <ns3:hr>141</ns3:hr>
            <ns3:cad>87</ns3:cad>
          </ns3:TrackPointExtension>
        </extensions>
      </trkpt>
      <trkpt lat="24.535848610103130340576171875" lon="118.15577767789363861083984375">
        <ele>25.799999237060546875</ele>
        <time>2026-08-06T12:04:57.000Z</time>
        <extensions>
          <ns3:TrackPointExtension>
            <ns3:hr>140</ns3:hr>
            <ns3:cad>89</ns3:cad>
          </ns3:TrackPointExtension>
        </extensions>
      </trkpt>
      <trkpt lat="24.53582958318293094635009765625" lon="118.1557704694569110870361328125">
        <ele>25.6000003814697265625</ele>
        <time>2026-08-06T12:04:58.000Z</time>
        <extensions>
          <ns3:TrackPointExtension>
            <ns3:hr>141</ns3:hr>
            <ns3:cad>89</ns3:cad>
          </ns3:TrackPointExtension>
        </extensions>
      </trkpt>
      <trkpt lat="24.53580695204436779022216796875" lon="118.15575353801250457763671875">
        <ele>25.6000003814697265625</ele>
        <time>2026-08-06T12:04:59.000Z</time>
        <extensions>
          <ns3:TrackPointExtension>
            <ns3:hr>141</ns3:hr>
            <ns3:cad>89</ns3:cad>
          </ns3:TrackPointExtension>
        </extensions>
      </trkpt>
      <trkpt lat="24.5357864163815975189208984375" lon="118.1557496823370456695556640625">
        <ele>25.6000003814697265625</ele>
        <time>2026-08-06T12:05:00.000Z</time>
        <extensions>
          <ns3:TrackPointExtension>
            <ns3:hr>141</ns3:hr>
            <ns3:cad>89</ns3:cad>
          </ns3:TrackPointExtension>
        </extensions>
      </trkpt>
      <trkpt lat="24.5357616059482097625732421875" lon="118.15573275089263916015625">
        <ele>25.6000003814697265625</ele>
        <time>2026-08-06T12:05:01.000Z</time>
        <extensions>
          <ns3:TrackPointExtension>
            <ns3:hr>141</ns3:hr>
            <ns3:cad>88</ns3:cad>
          </ns3:TrackPointExtension>
        </extensions>
      </trkpt>
      <trkpt lat="24.5357438363134860992431640625" lon="118.15572411753237247467041015625">
        <ele>25.6000003814697265625</ele>
        <time>2026-08-06T12:05:02.000Z</time>
        <extensions>
          <ns3:TrackPointExtension>
            <ns3:hr>140</ns3:hr>
            <ns3:cad>88</ns3:cad>
          </ns3:TrackPointExtension>
        </extensions>
      </trkpt>
      <trkpt lat="24.53571818768978118896484375" lon="118.15570919774472713470458984375">
        <ele>25.6000003814697265625</ele>
        <time>2026-08-06T12:05:03.000Z</time>
        <extensions>
          <ns3:TrackPointExtension>
            <ns3:hr>141</ns3:hr>
            <ns3:cad>88</ns3:cad>
          </ns3:TrackPointExtension>
        </extensions>
      </trkpt>
      <trkpt lat="24.53569538891315460205078125" lon="118.15570517443120479583740234375">
        <ele>25.6000003814697265625</ele>
        <time>2026-08-06T12:05:04.000Z</time>
        <extensions>
          <ns3:TrackPointExtension>
            <ns3:hr>141</ns3:hr>
            <ns3:cad>88</ns3:cad>
          </ns3:TrackPointExtension>
        </extensions>
      </trkpt>
      <trkpt lat="24.53566898591816425323486328125" lon="118.15568857826292514801025390625">
        <ele>25.6000003814697265625</ele>
        <time>2026-08-06T12:05:05.000Z</time>
        <extensions>
          <ns3:TrackPointExtension>
            <ns3:hr>141</ns3:hr>
            <ns3:cad>90</ns3:cad>
          </ns3:TrackPointExtension>
        </extensions>
      </trkpt>
      <trkpt lat="24.53564987517893314361572265625" lon="118.15568271093070507049560546875">
        <ele>25.6000003814697265625</ele>
        <time>2026-08-06T12:05:06.000Z</time>
        <extensions>
          <ns3:TrackPointExtension>
            <ns3:hr>141</ns3:hr>
            <ns3:cad>90</ns3:cad>
          </ns3:TrackPointExtension>
        </extensions>
      </trkpt>
      <trkpt lat="24.53562422655522823333740234375" lon="118.1556635163724422454833984375">
        <ele>25.6000003814697265625</ele>
        <time>2026-08-06T12:05:07.000Z</time>
        <extensions>
          <ns3:TrackPointExtension>
            <ns3:hr>140</ns3:hr>
            <ns3:cad>90</ns3:cad>
          </ns3:TrackPointExtension>
        </extensions>
      </trkpt>
      <trkpt lat="24.53560779802501201629638671875" lon="118.155650608241558074951171875">
        <ele>25.6000003814697265625</ele>
        <time>2026-08-06T12:05:08.000Z</time>
        <extensions>
          <ns3:TrackPointExtension>
            <ns3:hr>141</ns3:hr>
            <ns3:cad>89</ns3:cad>
          </ns3:TrackPointExtension>
        </extensions>
      </trkpt>
      <trkpt lat="24.5355805568397045135498046875" lon="118.1556303240358829498291015625">
        <ele>25.6000003814697265625</ele>
        <time>2026-08-06T12:05:09.000Z</time>
        <extensions>
          <ns3:TrackPointExtension>
            <ns3:hr>141</ns3:hr>
            <ns3:cad>88</ns3:cad>
          </ns3:TrackPointExtension>
        </extensions>
      </trkpt>
      <trkpt lat="24.53556354157626628875732421875" lon="118.15561917610466480255126953125">
        <ele>25.799999237060546875</ele>
        <time>2026-08-06T12:05:10.000Z</time>
        <extensions>
          <ns3:TrackPointExtension>
            <ns3:hr>141</ns3:hr>
            <ns3:cad>88</ns3:cad>
          </ns3:TrackPointExtension>
        </extensions>
      </trkpt>
      <trkpt lat="24.53553772531449794769287109375" lon="118.15559939481317996978759765625">
        <ele>25.799999237060546875</ele>
        <time>2026-08-06T12:05:11.000Z</time>
        <extensions>
          <ns3:TrackPointExtension>
            <ns3:hr>141</ns3:hr>
            <ns3:cad>89</ns3:cad>
          </ns3:TrackPointExtension>
        </extensions>
      </trkpt>
      <trkpt lat="24.5355171896517276763916015625" lon="118.155588246881961822509765625">
        <ele>25.799999237060546875</ele>
        <time>2026-08-06T12:05:12.000Z</time>
        <extensions>
          <ns3:TrackPointExtension>
            <ns3:hr>141</ns3:hr>
            <ns3:cad>89</ns3:cad>
          </ns3:TrackPointExtension>
        </extensions>
      </trkpt>
      <trkpt lat="24.53549078665673732757568359375" lon="118.15557223744690418243408203125">
        <ele>25.799999237060546875</ele>
        <time>2026-08-06T12:05:13.000Z</time>
        <extensions>
          <ns3:TrackPointExtension>
            <ns3:hr>140</ns3:hr>
            <ns3:cad>89</ns3:cad>
          </ns3:TrackPointExtension>
        </extensions>
      </trkpt>
      <trkpt lat="24.53547318466007709503173828125" lon="118.1555625982582569122314453125">
        <ele>25.799999237060546875</ele>
        <time>2026-08-06T12:05:14.000Z</time>
        <extensions>
          <ns3:TrackPointExtension>
            <ns3:hr>141</ns3:hr>
            <ns3:cad>89</ns3:cad>
          </ns3:TrackPointExtension>
        </extensions>
      </trkpt>
      <trkpt lat="24.5354492962360382080078125" lon="118.15554759465157985687255859375">
        <ele>25.799999237060546875</ele>
        <time>2026-08-06T12:05:15.000Z</time>
        <extensions>
          <ns3:TrackPointExtension>
            <ns3:hr>141</ns3:hr>
            <ns3:cad>89</ns3:cad>
          </ns3:TrackPointExtension>
        </extensions>
      </trkpt>
      <trkpt lat="24.5354333706200122833251953125" lon="118.15553518943488597869873046875">
        <ele>25.799999237060546875</ele>
        <time>2026-08-06T12:05:16.000Z</time>
        <extensions>
          <ns3:TrackPointExtension>
            <ns3:hr>141</ns3:hr>
            <ns3:cad>89</ns3:cad>
          </ns3:TrackPointExtension>
        </extensions>
      </trkpt>
      <trkpt lat="24.535411410033702850341796875" lon="118.1555200181901454925537109375">
        <ele>25.799999237060546875</ele>
        <time>2026-08-06T12:05:17.000Z</time>
        <extensions>
          <ns3:TrackPointExtension>
            <ns3:hr>141</ns3:hr>
            <ns3:cad>88</ns3:cad>
          </ns3:TrackPointExtension>
        </extensions>
      </trkpt>
      <trkpt lat="24.5353928022086620330810546875" lon="118.15550551749765872955322265625">
        <ele>25.799999237060546875</ele>
        <time>2026-08-06T12:05:18.000Z</time>
        <extensions>
          <ns3:TrackPointExtension>
            <ns3:hr>141</ns3:hr>
            <ns3:cad>87</ns3:cad>
          </ns3:TrackPointExtension>
        </extensions>
      </trkpt>
      <trkpt lat="24.53536975197494029998779296875" lon="118.15549244172871112823486328125">
        <ele>26</ele>
        <time>2026-08-06T12:05:19.000Z</time>
        <extensions>
          <ns3:TrackPointExtension>
            <ns3:hr>141</ns3:hr>
            <ns3:cad>89</ns3:cad>
          </ns3:TrackPointExtension>
        </extensions>
      </trkpt>
      <trkpt lat="24.53535147942602634429931640625" lon="118.15547986887395381927490234375">
        <ele>26</ele>
        <time>2026-08-06T12:05:20.000Z</time>
        <extensions>
          <ns3:TrackPointExtension>
            <ns3:hr>141</ns3:hr>
            <ns3:cad>89</ns3:cad>
          </ns3:TrackPointExtension>
        </extensions>
      </trkpt>
      <trkpt lat="24.5353307761251926422119140625" lon="118.155466206371784210205078125">
        <ele>26</ele>
        <time>2026-08-06T12:05:21.000Z</time>
        <extensions>
          <ns3:TrackPointExtension>
            <ns3:hr>141</ns3:hr>
            <ns3:cad>89</ns3:cad>
          </ns3:TrackPointExtension>
        </extensions>
      </trkpt>
      <trkpt lat="24.53530889935791492462158203125" lon="118.155448101460933685302734375">
        <ele>26</ele>
        <time>2026-08-06T12:05:22.000Z</time>
        <extensions>
          <ns3:TrackPointExtension>
            <ns3:hr>141</ns3:hr>
            <ns3:cad>89</ns3:cad>
          </ns3:TrackPointExtension>
        </extensions>
      </trkpt>
      <trkpt lat="24.5352878607809543609619140625" lon="118.1554402224719524383544921875">
        <ele>26</ele>
        <time>2026-08-06T12:05:23.000Z</time>
        <extensions>
          <ns3:TrackPointExtension>
            <ns3:hr>141</ns3:hr>
            <ns3:cad>89</ns3:cad>
          </ns3:TrackPointExtension>
        </extensions>
      </trkpt>
      <trkpt lat="24.5352642238140106201171875" lon="118.15542102791368961334228515625">
        <ele>26</ele>
        <time>2026-08-06T12:05:24.000Z</time>
        <extensions>
          <ns3:TrackPointExtension>
            <ns3:hr>140</ns3:hr>
            <ns3:cad>88</ns3:cad>
          </ns3:TrackPointExtension>
        </extensions>
      </trkpt>
      <trkpt lat="24.53524687327444553375244140625" lon="118.15541247837245464324951171875">
        <ele>26</ele>
        <time>2026-08-06T12:05:25.000Z</time>
        <extensions>
          <ns3:TrackPointExtension>
            <ns3:hr>141</ns3:hr>
            <ns3:cad>87</ns3:cad>
          </ns3:TrackPointExtension>
        </extensions>
      </trkpt>
      <trkpt lat="24.53522323630750179290771484375" lon="118.15538942813873291015625">
        <ele>26</ele>
        <time>2026-08-06T12:05:26.000Z</time>
        <extensions>
          <ns3:TrackPointExtension>
            <ns3:hr>141</ns3:hr>
            <ns3:cad>87</ns3:cad>
          </ns3:TrackPointExtension>
        </extensions>
      </trkpt>
      <trkpt lat="24.53520630486309528350830078125" lon="118.15537936985492706298828125">
        <ele>26</ele>
        <time>2026-08-06T12:05:27.000Z</time>
        <extensions>
          <ns3:TrackPointExtension>
            <ns3:hr>141</ns3:hr>
            <ns3:cad>87</ns3:cad>
          </ns3:TrackPointExtension>
        </extensions>
      </trkpt>
      <trkpt lat="24.53517830930650234222412109375" lon="118.1553614325821399688720703125">
        <ele>25.799999237060546875</ele>
        <time>2026-08-06T12:05:28.000Z</time>
        <extensions>
          <ns3:TrackPointExtension>
            <ns3:hr>141</ns3:hr>
            <ns3:cad>89</ns3:cad>
          </ns3:TrackPointExtension>
        </extensions>
      </trkpt>
      <trkpt lat="24.53515869565308094024658203125" lon="118.15535120666027069091796875">
        <ele>26</ele>
        <time>2026-08-06T12:05:29.000Z</time>
        <extensions>
          <ns3:TrackPointExtension>
            <ns3:hr>141</ns3:hr>
            <ns3:cad>89</ns3:cad>
          </ns3:TrackPointExtension>
        </extensions>
      </trkpt>
      <trkpt lat="24.5351326279342174530029296875" lon="118.15533586777746677398681640625">
        <ele>26</ele>
        <time>2026-08-06T12:05:30.000Z</time>
        <extensions>
          <ns3:TrackPointExtension>
            <ns3:hr>141</ns3:hr>
            <ns3:cad>89</ns3:cad>
          </ns3:TrackPointExtension>
        </extensions>
      </trkpt>
      <trkpt lat="24.5351118408143520355224609375" lon="118.1553232111036777496337890625">
        <ele>26</ele>
        <time>2026-08-06T12:05:31.000Z</time>
        <extensions>
          <ns3:TrackPointExtension>
            <ns3:hr>141</ns3:hr>
            <ns3:cad>89</ns3:cad>
          </ns3:TrackPointExtension>
        </extensions>
      </trkpt>
      <trkpt lat="24.53508795239031314849853515625" lon="118.155307285487651824951171875">
        <ele>26</ele>
        <time>2026-08-06T12:05:32.000Z</time>
        <extensions>
          <ns3:TrackPointExtension>
            <ns3:hr>141</ns3:hr>
            <ns3:cad>88</ns3:cad>
          </ns3:TrackPointExtension>
        </extensions>
      </trkpt>
      <trkpt lat="24.53506850637495517730712890625" lon="118.15529060550034046173095703125">
        <ele>26</ele>
        <time>2026-08-06T12:05:33.000Z</time>
        <extensions>
          <ns3:TrackPointExtension>
            <ns3:hr>141</ns3:hr>
            <ns3:cad>88</ns3:cad>
          </ns3:TrackPointExtension>
        </extensions>
      </trkpt>
      <trkpt lat="24.5350451208651065826416015625" lon="118.15527937375009059906005859375">
        <ele>26</ele>
        <time>2026-08-06T12:05:34.000Z</time>
        <extensions>
          <ns3:TrackPointExtension>
            <ns3:hr>142</ns3:hr>
            <ns3:cad>88</ns3:cad>
          </ns3:TrackPointExtension>
        </extensions>
      </trkpt>
      <trkpt lat="24.53502274118363857269287109375" lon="118.15526931546628475189208984375">
        <ele>26</ele>
        <time>2026-08-06T12:05:35.000Z</time>
        <extensions>
          <ns3:TrackPointExtension>
            <ns3:hr>142</ns3:hr>
            <ns3:cad>88</ns3:cad>
          </ns3:TrackPointExtension>
        </extensions>
      </trkpt>
      <trkpt lat="24.53500111587345600128173828125" lon="118.15525908954441547393798828125">
        <ele>26</ele>
        <time>2026-08-06T12:05:36.000Z</time>
        <extensions>
          <ns3:TrackPointExtension>
            <ns3:hr>142</ns3:hr>
            <ns3:cad>88</ns3:cad>
          </ns3:TrackPointExtension>
        </extensions>
      </trkpt>
      <trkpt lat="24.53497731126844882965087890625" lon="118.15525104291737079620361328125">
        <ele>26</ele>
        <time>2026-08-06T12:05:37.000Z</time>
        <extensions>
          <ns3:TrackPointExtension>
            <ns3:hr>143</ns3:hr>
            <ns3:cad>89</ns3:cad>
          </ns3:TrackPointExtension>
        </extensions>
      </trkpt>
      <trkpt lat="24.53495166264474391937255859375" lon="118.1552450917661190032958984375">
        <ele>26</ele>
        <time>2026-08-06T12:05:38.000Z</time>
        <extensions>
          <ns3:TrackPointExtension>
            <ns3:hr>143</ns3:hr>
            <ns3:cad>89</ns3:cad>
          </ns3:TrackPointExtension>
        </extensions>
      </trkpt>
      <trkpt lat="24.5349264331161975860595703125" lon="118.15523880533874034881591796875">
        <ele>26</ele>
        <time>2026-08-06T12:05:39.000Z</time>
        <extensions>
          <ns3:TrackPointExtension>
            <ns3:hr>143</ns3:hr>
            <ns3:cad>89</ns3:cad>
          </ns3:TrackPointExtension>
        </extensions>
      </trkpt>
      <trkpt lat="24.53489852137863636016845703125" lon="118.1552424095571041107177734375">
        <ele>26</ele>
        <time>2026-08-06T12:05:40.000Z</time>
        <extensions>
          <ns3:TrackPointExtension>
            <ns3:hr>143</ns3:hr>
            <ns3:cad>89</ns3:cad>
          </ns3:TrackPointExtension>
        </extensions>
      </trkpt>
      <trkpt lat="24.5348726212978363037109375" lon="118.15524366684257984161376953125">
        <ele>26</ele>
        <time>2026-08-06T12:05:41.000Z</time>
        <extensions>
          <ns3:TrackPointExtension>
            <ns3:hr>143</ns3:hr>
            <ns3:cad>89</ns3:cad>
          </ns3:TrackPointExtension>
        </extensions>
      </trkpt>
      <trkpt lat="24.534848146140575408935546875" lon="118.15524936653673648834228515625">
        <ele>26.200000762939453125</ele>
        <time>2026-08-06T12:05:42.000Z</time>
        <extensions>
          <ns3:TrackPointExtension>
            <ns3:hr>144</ns3:hr>
            <ns3:cad>89</ns3:cad>
          </ns3:TrackPointExtension>
        </extensions>
      </trkpt>
      <trkpt lat="24.53482358716428279876708984375" lon="118.1552528031170368194580078125">
        <ele>26.200000762939453125</ele>
        <time>2026-08-06T12:05:43.000Z</time>
        <extensions>
          <ns3:TrackPointExtension>
            <ns3:hr>144</ns3:hr>
            <ns3:cad>89</ns3:cad>
          </ns3:TrackPointExtension>
        </extensions>
      </trkpt>
      <trkpt lat="24.53479953110218048095703125" lon="118.15525758080184459686279296875">
        <ele>26</ele>
        <time>2026-08-06T12:05:44.000Z</time>
        <extensions>
          <ns3:TrackPointExtension>
            <ns3:hr>144</ns3:hr>
            <ns3:cad>90</ns3:cad>
          </ns3:TrackPointExtension>
        </extensions>
      </trkpt>
      <trkpt lat="24.53477203845977783203125" lon="118.15525959245860576629638671875">
        <ele>26</ele>
        <time>2026-08-06T12:05:45.000Z</time>
        <extensions>
          <ns3:TrackPointExtension>
            <ns3:hr>144</ns3:hr>
            <ns3:cad>90</ns3:cad>
          </ns3:TrackPointExtension>
        </extensions>
      </trkpt>
      <trkpt lat="24.53474831767380237579345703125" lon="118.1552685610949993133544921875">
        <ele>26</ele>
        <time>2026-08-06T12:05:46.000Z</time>
        <extensions>
          <ns3:TrackPointExtension>
            <ns3:hr>144</ns3:hr>
            <ns3:cad>90</ns3:cad>
          </ns3:TrackPointExtension>
        </extensions>
      </trkpt>
      <trkpt lat="24.5347212441265583038330078125" lon="118.155275098979473114013671875">
        <ele>26</ele>
        <time>2026-08-06T12:05:47.000Z</time>
        <extensions>
          <ns3:TrackPointExtension>
            <ns3:hr>144</ns3:hr>
            <ns3:cad>89</ns3:cad>
          </ns3:TrackPointExtension>
        </extensions>
      </trkpt>
      <trkpt lat="24.534700624644756317138671875" lon="118.15528809092938899993896484375">
        <ele>26.200000762939453125</ele>
        <time>2026-08-06T12:05:48.000Z</time>
        <extensions>
          <ns3:TrackPointExtension>
            <ns3:hr>144</ns3:hr>
            <ns3:cad>89</ns3:cad>
          </ns3:TrackPointExtension>
        </extensions>
      </trkpt>
      <trkpt lat="24.534670449793338775634765625" lon="118.15529664047062397003173828125">
        <ele>26.200000762939453125</ele>
        <time>2026-08-06T12:05:49.000Z</time>
        <extensions>
          <ns3:TrackPointExtension>
            <ns3:hr>144</ns3:hr>
            <ns3:cad>88</ns3:cad>
          </ns3:TrackPointExtension>
        </extensions>
      </trkpt>
      <trkpt lat="24.5346531830728054046630859375" lon="118.15530426800251007080078125">
        <ele>26.200000762939453125</ele>
        <time>2026-08-06T12:05:50.000Z</time>
        <extensions>
          <ns3:TrackPointExtension>
            <ns3:hr>144</ns3:hr>
            <ns3:cad>88</ns3:cad>
          </ns3:TrackPointExtension>
        </extensions>
      </trkpt>
      <trkpt lat="24.53462518751621246337890625" lon="118.15531306900084018707275390625">
        <ele>26.200000762939453125</ele>
        <time>2026-08-06T12:05:51.000Z</time>
        <extensions>
          <ns3:TrackPointExtension>
            <ns3:hr>144</ns3:hr>
            <ns3:cad>88</ns3:cad>
          </ns3:TrackPointExtension>
        </extensions>
      </trkpt>
      <trkpt lat="24.5346089266240596771240234375" lon="118.1553232111036777496337890625">
        <ele>26.3999996185302734375</ele>
        <time>2026-08-06T12:05:52.000Z</time>
        <extensions>
          <ns3:TrackPointExtension>
            <ns3:hr>144</ns3:hr>
            <ns3:cad>89</ns3:cad>
          </ns3:TrackPointExtension>
        </extensions>
      </trkpt>
      <trkpt lat="24.53458101488649845123291015625" lon="118.155334107577800750732421875">
        <ele>26.3999996185302734375</ele>
        <time>2026-08-06T12:05:53.000Z</time>
        <extensions>
          <ns3:TrackPointExtension>
            <ns3:hr>144</ns3:hr>
            <ns3:cad>89</ns3:cad>
          </ns3:TrackPointExtension>
        </extensions>
      </trkpt>
      <trkpt lat="24.53456089831888675689697265625" lon="118.15534911118447780609130859375">
        <ele>26.3999996185302734375</ele>
        <time>2026-08-06T12:05:54.000Z</time>
        <extensions>
          <ns3:TrackPointExtension>
            <ns3:hr>144</ns3:hr>
            <ns3:cad>88</ns3:cad>
          </ns3:TrackPointExtension>
        </extensions>
      </trkpt>
      <trkpt lat="24.5345344953238964080810546875" lon="118.15535816363990306854248046875">
        <ele>26.3999996185302734375</ele>
        <time>2026-08-06T12:05:55.000Z</time>
        <extensions>
          <ns3:TrackPointExtension>
            <ns3:hr>144</ns3:hr>
            <ns3:cad>88</ns3:cad>
          </ns3:TrackPointExtension>
        </extensions>
      </trkpt>
      <trkpt lat="24.53451479785144329071044921875" lon="118.15536268986761569976806640625">
        <ele>26.3999996185302734375</ele>
        <time>2026-08-06T12:05:56.000Z</time>
        <extensions>
          <ns3:TrackPointExtension>
            <ns3:hr>144</ns3:hr>
            <ns3:cad>87</ns3:cad>
          </ns3:TrackPointExtension>
        </extensions>
      </trkpt>
      <trkpt lat="24.5344944298267364501953125" lon="118.15536285750567913055419921875">
        <ele>26.3999996185302734375</ele>
        <time>2026-08-06T12:05:57.000Z</time>
        <extensions>
          <ns3:TrackPointExtension>
            <ns3:hr>145</ns3:hr>
            <ns3:cad>87</ns3:cad>
          </ns3:TrackPointExtension>
        </extensions>
      </trkpt>
      <trkpt lat="24.53447221778333187103271484375" lon="118.1553654558956623077392578125">
        <ele>26.3999996185302734375</ele>
        <time>2026-08-06T12:05:58.000Z</time>
        <extensions>
          <ns3:TrackPointExtension>
            <ns3:hr>144</ns3:hr>
            <ns3:cad>87</ns3:cad>
          </ns3:TrackPointExtension>
        </extensions>
      </trkpt>
      <trkpt lat="24.534442462027072906494140625" lon="118.1553704850375652313232421875">
        <ele>26.200000762939453125</ele>
        <time>2026-08-06T12:05:59.000Z</time>
        <extensions>
          <ns3:TrackPointExtension>
            <ns3:hr>144</ns3:hr>
            <ns3:cad>87</ns3:cad>
          </ns3:TrackPointExtension>
        </extensions>
      </trkpt>
      <trkpt lat="24.53441874124109745025634765625" lon="118.15537341870367527008056640625">
        <ele>26.200000762939453125</ele>
        <time>2026-08-06T12:06:00.000Z</time>
        <extensions>
          <ns3:TrackPointExtension>
            <ns3:hr>144</ns3:hr>
            <ns3:cad>87</ns3:cad>
          </ns3:TrackPointExtension>
        </extensions>
      </trkpt>
      <trkpt lat="24.5343925058841705322265625" lon="118.15537802875041961669921875">
        <ele>26.200000762939453125</ele>
        <time>2026-08-06T12:06:01.000Z</time>
        <extensions>
          <ns3:TrackPointExtension>
            <ns3:hr>144</ns3:hr>
            <ns3:cad>89</ns3:cad>
          </ns3:TrackPointExtension>
        </extensions>
      </trkpt>
      <trkpt lat="24.53436610288918018341064453125" lon="118.15537995658814907073974609375">
        <ele>26.3999996185302734375</ele>
        <time>2026-08-06T12:06:02.000Z</time>
        <extensions>
          <ns3:TrackPointExtension>
            <ns3:hr>144</ns3:hr>
            <ns3:cad>89</ns3:cad>
          </ns3:TrackPointExtension>
        </extensions>
      </trkpt>
      <trkpt lat="24.534342549741268157958984375" lon="118.1553845666348934173583984375">
        <ele>26.3999996185302734375</ele>
        <time>2026-08-06T12:06:03.000Z</time>
        <extensions>
          <ns3:TrackPointExtension>
            <ns3:hr>144</ns3:hr>
            <ns3:cad>89</ns3:cad>
          </ns3:TrackPointExtension>
        </extensions>
      </trkpt>
      <trkpt lat="24.53431547619402408599853515625" lon="118.155383728444576263427734375">
        <ele>26.3999996185302734375</ele>
        <time>2026-08-06T12:06:04.000Z</time>
        <extensions>
          <ns3:TrackPointExtension>
            <ns3:hr>145</ns3:hr>
            <ns3:cad>88</ns3:cad>
          </ns3:TrackPointExtension>
        </extensions>
      </trkpt>
      <trkpt lat="24.53428932465612888336181640625" lon="118.15538666211068630218505859375">
        <ele>26.3999996185302734375</ele>
        <time>2026-08-06T12:06:05.000Z</time>
        <extensions>
          <ns3:TrackPointExtension>
            <ns3:hr>145</ns3:hr>
            <ns3:cad>88</ns3:cad>
          </ns3:TrackPointExtension>
        </extensions>
      </trkpt>
      <trkpt lat="24.53426116146147251129150390625" lon="118.1553808785974979400634765625">
        <ele>26.3999996185302734375</ele>
        <time>2026-08-06T12:06:06.000Z</time>
        <extensions>
          <ns3:TrackPointExtension>
            <ns3:hr>145</ns3:hr>
            <ns3:cad>88</ns3:cad>
          </ns3:TrackPointExtension>
        </extensions>
      </trkpt>
      <trkpt lat="24.5342369377613067626953125" lon="118.15538649447262287139892578125">
        <ele>26.3999996185302734375</ele>
        <time>2026-08-06T12:06:07.000Z</time>
        <extensions>
          <ns3:TrackPointExtension>
            <ns3:hr>145</ns3:hr>
            <ns3:cad>88</ns3:cad>
          </ns3:TrackPointExtension>
        </extensions>
      </trkpt>
      <trkpt lat="24.5342086069285869598388671875" lon="118.1553800404071807861328125">
        <ele>26.3999996185302734375</ele>
        <time>2026-08-06T12:06:08.000Z</time>
        <extensions>
          <ns3:TrackPointExtension>
            <ns3:hr>145</ns3:hr>
            <ns3:cad>89</ns3:cad>
          </ns3:TrackPointExtension>
        </extensions>
      </trkpt>
      <trkpt lat="24.53418639488518238067626953125" lon="118.15538330934941768646240234375">
        <ele>26.200000762939453125</ele>
        <time>2026-08-06T12:06:09.000Z</time>
        <extensions>
          <ns3:TrackPointExtension>
            <ns3:hr>145</ns3:hr>
            <ns3:cad>89</ns3:cad>
          </ns3:TrackPointExtension>
        </extensions>
      </trkpt>
      <trkpt lat="24.534157812595367431640625" lon="118.1553792022168636322021484375">
        <ele>26.200000762939453125</ele>
        <time>2026-08-06T12:06:10.000Z</time>
        <extensions>
          <ns3:TrackPointExtension>
            <ns3:hr>145</ns3:hr>
            <ns3:cad>89</ns3:cad>
          </ns3:TrackPointExtension>
        </extensions>
      </trkpt>
      <trkpt lat="24.534136690199375152587890625" lon="118.1553818844258785247802734375">
        <ele>26.200000762939453125</ele>
        <time>2026-08-06T12:06:11.000Z</time>
        <extensions>
          <ns3:TrackPointExtension>
            <ns3:hr>145</ns3:hr>
            <ns3:cad>89</ns3:cad>
          </ns3:TrackPointExtension>
        </extensions>
      </trkpt>
      <trkpt lat="24.53410861082375049591064453125" lon="118.15537207759916782379150390625">
        <ele>26.3999996185302734375</ele>
        <time>2026-08-06T12:06:12.000Z</time>
        <extensions>
          <ns3:TrackPointExtension>
            <ns3:hr>145</ns3:hr>
            <ns3:cad>88</ns3:cad>
          </ns3:TrackPointExtension>
        </extensions>
      </trkpt>
      <trkpt lat="24.53408950008451938629150390625" lon="118.15536855719983577728271484375">
        <ele>26.3999996185302734375</ele>
        <time>2026-08-06T12:06:13.000Z</time>
        <extensions>
          <ns3:TrackPointExtension>
            <ns3:hr>145</ns3:hr>
            <ns3:cad>88</ns3:cad>
          </ns3:TrackPointExtension>
        </extensions>
      </trkpt>
      <trkpt lat="24.5340607501566410064697265625" lon="118.1553577445447444915771484375">
        <ele>26.3999996185302734375</ele>
        <time>2026-08-06T12:06:14.000Z</time>
        <extensions>
          <ns3:TrackPointExtension>
            <ns3:hr>145</ns3:hr>
            <ns3:cad>88</ns3:cad>
          </ns3:TrackPointExtension>
        </extensions>
      </trkpt>
      <trkpt lat="24.53404180705547332763671875" lon="118.15535849891602993011474609375">
        <ele>26.6000003814697265625</ele>
        <time>2026-08-06T12:06:15.000Z</time>
        <extensions>
          <ns3:TrackPointExtension>
            <ns3:hr>144</ns3:hr>
            <ns3:cad>89</ns3:cad>
          </ns3:TrackPointExtension>
        </extensions>
      </trkpt>
      <trkpt lat="24.53401096165180206298828125" lon="118.15534357912838459014892578125">
        <ele>26.6000003814697265625</ele>
        <time>2026-08-06T12:06:16.000Z</time>
        <extensions>
          <ns3:TrackPointExtension>
            <ns3:hr>144</ns3:hr>
            <ns3:cad>89</ns3:cad>
          </ns3:TrackPointExtension>
        </extensions>
      </trkpt>
      <trkpt lat="24.5339913479983806610107421875" lon="118.1553369574248790740966796875">
        <ele>26.6000003814697265625</ele>
        <time>2026-08-06T12:06:17.000Z</time>
        <extensions>
          <ns3:TrackPointExtension>
            <ns3:hr>144</ns3:hr>
            <ns3:cad>89</ns3:cad>
          </ns3:TrackPointExtension>
        </extensions>
      </trkpt>
      <trkpt lat="24.53396125696599483489990234375" lon="118.155316673219203948974609375">
        <ele>26.6000003814697265625</ele>
        <time>2026-08-06T12:06:18.000Z</time>
        <extensions>
          <ns3:TrackPointExtension>
            <ns3:hr>144</ns3:hr>
            <ns3:cad>89</ns3:cad>
          </ns3:TrackPointExtension>
        </extensions>
      </trkpt>
      <trkpt lat="24.53394315205514430999755859375" lon="118.15530502237379550933837890625">
        <ele>26.6000003814697265625</ele>
        <time>2026-08-06T12:06:19.000Z</time>
        <extensions>
          <ns3:TrackPointExtension>
            <ns3:hr>144</ns3:hr>
            <ns3:cad>89</ns3:cad>
          </ns3:TrackPointExtension>
        </extensions>
      </trkpt>
      <trkpt lat="24.5339150726795196533203125" lon="118.15528674982488155364990234375">
        <ele>26.6000003814697265625</ele>
        <time>2026-08-06T12:06:20.000Z</time>
        <extensions>
          <ns3:TrackPointExtension>
            <ns3:hr>144</ns3:hr>
            <ns3:cad>88</ns3:cad>
          </ns3:TrackPointExtension>
        </extensions>
      </trkpt>
      <trkpt lat="24.53389721922576427459716796875" lon="118.1552735902369022369384765625">
        <ele>26.6000003814697265625</ele>
        <time>2026-08-06T12:06:21.000Z</time>
        <extensions>
          <ns3:TrackPointExtension>
            <ns3:hr>144</ns3:hr>
            <ns3:cad>88</ns3:cad>
          </ns3:TrackPointExtension>
        </extensions>
      </trkpt>
      <trkpt lat="24.53387458808720111846923828125" lon="118.1552548147737979888916015625">
        <ele>26.6000003814697265625</ele>
        <time>2026-08-06T12:06:22.000Z</time>
        <extensions>
          <ns3:TrackPointExtension>
            <ns3:hr>144</ns3:hr>
            <ns3:cad>88</ns3:cad>
          </ns3:TrackPointExtension>
        </extensions>
      </trkpt>
      <trkpt lat="24.5338558964431285858154296875" lon="118.15523897297680377960205078125">
        <ele>26.6000003814697265625</ele>
        <time>2026-08-06T12:06:23.000Z</time>
        <extensions>
          <ns3:TrackPointExtension>
            <ns3:hr>144</ns3:hr>
            <ns3:cad>89</ns3:cad>
          </ns3:TrackPointExtension>
        </extensions>
      </trkpt>
      <trkpt lat="24.533832930028438568115234375" lon="118.1552179343998432159423828125">
        <ele>26.6000003814697265625</ele>
        <time>2026-08-06T12:06:24.000Z</time>
        <extensions>
          <ns3:TrackPointExtension>
            <ns3:hr>144</ns3:hr>
            <ns3:cad>89</ns3:cad>
          </ns3:TrackPointExtension>
        </extensions>
      </trkpt>
      <trkpt lat="24.53381407074630260467529296875" lon="118.15519605763256549835205078125">
        <ele>26.6000003814697265625</ele>
        <time>2026-08-06T12:06:25.000Z</time>
        <extensions>
          <ns3:TrackPointExtension>
            <ns3:hr>143</ns3:hr>
            <ns3:cad>89</ns3:cad>
          </ns3:TrackPointExtension>
        </extensions>
      </trkpt>
      <trkpt lat="24.5337925292551517486572265625" lon="118.15517275594174861907958984375">
        <ele>26.6000003814697265625</ele>
        <time>2026-08-06T12:06:26.000Z</time>
        <extensions>
          <ns3:TrackPointExtension>
            <ns3:hr>143</ns3:hr>
            <ns3:cad>89</ns3:cad>
          </ns3:TrackPointExtension>
        </extensions>
      </trkpt>
      <trkpt lat="24.5337740890681743621826171875" lon="118.15515046007931232452392578125">
        <ele>26.3999996185302734375</ele>
        <time>2026-08-06T12:06:27.000Z</time>
        <extensions>
          <ns3:TrackPointExtension>
            <ns3:hr>143</ns3:hr>
            <ns3:cad>89</ns3:cad>
          </ns3:TrackPointExtension>
        </extensions>
      </trkpt>
      <trkpt lat="24.5337533019483089447021484375" lon="118.15512665547430515289306640625">
        <ele>26.3999996185302734375</ele>
        <time>2026-08-06T12:06:28.000Z</time>
        <extensions>
          <ns3:TrackPointExtension>
            <ns3:hr>143</ns3:hr>
            <ns3:cad>88</ns3:cad>
          </ns3:TrackPointExtension>
        </extensions>
      </trkpt>
      <trkpt lat="24.53373712487518787384033203125" lon="118.15510503016412258148193359375">
        <ele>26.3999996185302734375</ele>
        <time>2026-08-06T12:06:29.000Z</time>
        <extensions>
          <ns3:TrackPointExtension>
            <ns3:hr>143</ns3:hr>
            <ns3:cad>88</ns3:cad>
          </ns3:TrackPointExtension>
        </extensions>
      </trkpt>
      <trkpt lat="24.5337174274027347564697265625" lon="118.15508432686328887939453125">
        <ele>26.3999996185302734375</ele>
        <time>2026-08-06T12:06:30.000Z</time>
        <extensions>
          <ns3:TrackPointExtension>
            <ns3:hr>143</ns3:hr>
            <ns3:cad>88</ns3:cad>
          </ns3:TrackPointExtension>
        </extensions>
      </trkpt>
      <trkpt lat="24.5337026752531528472900390625" lon="118.15505708567798137664794921875">
        <ele>26.3999996185302734375</ele>
        <time>2026-08-06T12:06:31.000Z</time>
        <extensions>
          <ns3:TrackPointExtension>
            <ns3:hr>142</ns3:hr>
            <ns3:cad>89</ns3:cad>
          </ns3:TrackPointExtension>
        </extensions>
      </trkpt>
      <trkpt lat="24.533688761293888092041015625" lon="118.155037723481655120849609375">
        <ele>26.3999996185302734375</ele>
        <time>2026-08-06T12:06:32.000Z</time>
        <extensions>
          <ns3:TrackPointExtension>
            <ns3:hr>143</ns3:hr>
            <ns3:cad>89</ns3:cad>
          </ns3:TrackPointExtension>
        </extensions>
      </trkpt>
      <trkpt lat="24.53367359004914760589599609375" lon="118.155011571943759918212890625">
        <ele>26.3999996185302734375</ele>
        <time>2026-08-06T12:06:33.000Z</time>
        <extensions>
          <ns3:TrackPointExtension>
            <ns3:hr>143</ns3:hr>
            <ns3:cad>90</ns3:cad>
          </ns3:TrackPointExtension>
        </extensions>
      </trkpt>
      <trkpt lat="24.53365732915699481964111328125" lon="118.154988102614879608154296875">
        <ele>26.3999996185302734375</ele>
        <time>2026-08-06T12:06:34.000Z</time>
        <extensions>
          <ns3:TrackPointExtension>
            <ns3:hr>143</ns3:hr>
            <ns3:cad>90</ns3:cad>
          </ns3:TrackPointExtension>
        </extensions>
      </trkpt>
      <trkpt lat="24.5336441695690155029296875" lon="118.154957927763462066650390625">
        <ele>26.200000762939453125</ele>
        <time>2026-08-06T12:06:35.000Z</time>
        <extensions>
          <ns3:TrackPointExtension>
            <ns3:hr>142</ns3:hr>
            <ns3:cad>90</ns3:cad>
          </ns3:TrackPointExtension>
        </extensions>
      </trkpt>
      <trkpt lat="24.53363033942878246307373046875" lon="118.15493789501488208770751953125">
        <ele>26.3999996185302734375</ele>
        <time>2026-08-06T12:06:36.000Z</time>
        <extensions>
          <ns3:TrackPointExtension>
            <ns3:hr>143</ns3:hr>
            <ns3:cad>89</ns3:cad>
          </ns3:TrackPointExtension>
        </extensions>
      </trkpt>
      <trkpt lat="24.5336227118968963623046875" lon="118.154905624687671661376953125">
        <ele>26.3999996185302734375</ele>
        <time>2026-08-06T12:06:37.000Z</time>
        <extensions>
          <ns3:TrackPointExtension>
            <ns3:hr>143</ns3:hr>
            <ns3:cad>88</ns3:cad>
          </ns3:TrackPointExtension>
        </extensions>
      </trkpt>
      <trkpt lat="24.53361474908888339996337890625" lon="118.1548839993774890899658203125">
        <ele>26.200000762939453125</ele>
        <time>2026-08-06T12:06:38.000Z</time>
        <extensions>
          <ns3:TrackPointExtension>
            <ns3:hr>143</ns3:hr>
            <ns3:cad>88</ns3:cad>
          </ns3:TrackPointExtension>
        </extensions>
      </trkpt>
      <trkpt lat="24.5336074568331241607666015625" lon="118.1548511423170566558837890625">
        <ele>26.200000762939453125</ele>
        <time>2026-08-06T12:06:39.000Z</time>
        <extensions>
          <ns3:TrackPointExtension>
            <ns3:hr>143</ns3:hr>
            <ns3:cad>89</ns3:cad>
          </ns3:TrackPointExtension>
        </extensions>
      </trkpt>
      <trkpt lat="24.53359630890190601348876953125" lon="118.15482616424560546875">
        <ele>26.200000762939453125</ele>
        <time>2026-08-06T12:06:40.000Z</time>
        <extensions>
          <ns3:TrackPointExtension>
            <ns3:hr>143</ns3:hr>
            <ns3:cad>89</ns3:cad>
          </ns3:TrackPointExtension>
        </extensions>
      </trkpt>
      <trkpt lat="24.53358993865549564361572265625" lon="118.15478802658617496490478515625">
        <ele>26.200000762939453125</ele>
        <time>2026-08-06T12:06:41.000Z</time>
        <extensions>
          <ns3:TrackPointExtension>
            <ns3:hr>144</ns3:hr>
            <ns3:cad>89</ns3:cad>
          </ns3:TrackPointExtension>
        </extensions>
      </trkpt>
      <trkpt lat="24.533579461276531219482421875" lon="118.1547639705240726470947265625">
        <ele>26.200000762939453125</ele>
        <time>2026-08-06T12:06:42.000Z</time>
        <extensions>
          <ns3:TrackPointExtension>
            <ns3:hr>144</ns3:hr>
            <ns3:cad>89</ns3:cad>
          </ns3:TrackPointExtension>
        </extensions>
      </trkpt>
      <trkpt lat="24.5335735939443111419677734375" lon="118.15472935326397418975830078125">
        <ele>26.200000762939453125</ele>
        <time>2026-08-06T12:06:43.000Z</time>
        <extensions>
          <ns3:TrackPointExtension>
            <ns3:hr>144</ns3:hr>
            <ns3:cad>89</ns3:cad>
          </ns3:TrackPointExtension>
        </extensions>
      </trkpt>
      <trkpt lat="24.5335662178695201873779296875" lon="118.15470688976347446441650390625">
        <ele>26.200000762939453125</ele>
        <time>2026-08-06T12:06:44.000Z</time>
        <extensions>
          <ns3:TrackPointExtension>
            <ns3:hr>144</ns3:hr>
            <ns3:cad>89</ns3:cad>
          </ns3:TrackPointExtension>
        </extensions>
      </trkpt>
      <trkpt lat="24.5335638709366321563720703125" lon="118.15467688255012035369873046875">
        <ele>26.200000762939453125</ele>
        <time>2026-08-06T12:06:45.000Z</time>
        <extensions>
          <ns3:TrackPointExtension>
            <ns3:hr>144</ns3:hr>
            <ns3:cad>88</ns3:cad>
          </ns3:TrackPointExtension>
        </extensions>
      </trkpt>
      <trkpt lat="24.5335575006902217864990234375" lon="118.15465073101222515106201171875">
        <ele>26.3999996185302734375</ele>
        <time>2026-08-06T12:06:46.000Z</time>
        <extensions>
          <ns3:TrackPointExtension>
            <ns3:hr>144</ns3:hr>
            <ns3:cad>87</ns3:cad>
          </ns3:TrackPointExtension>
        </extensions>
      </trkpt>
      <trkpt lat="24.53355188481509685516357421875" lon="118.15462122671306133270263671875">
        <ele>26.3999996185302734375</ele>
        <time>2026-08-06T12:06:47.000Z</time>
        <extensions>
          <ns3:TrackPointExtension>
            <ns3:hr>145</ns3:hr>
            <ns3:cad>87</ns3:cad>
          </ns3:TrackPointExtension>
        </extensions>
      </trkpt>
      <trkpt lat="24.53354819677770137786865234375" lon="118.1545968353748321533203125">
        <ele>26.3999996185302734375</ele>
        <time>2026-08-06T12:06:48.000Z</time>
        <extensions>
          <ns3:TrackPointExtension>
            <ns3:hr>144</ns3:hr>
            <ns3:cad>88</ns3:cad>
          </ns3:TrackPointExtension>
        </extensions>
      </trkpt>
      <trkpt lat="24.53354467637836933135986328125" lon="118.1545671634376049041748046875">
        <ele>26.3999996185302734375</ele>
        <time>2026-08-06T12:06:49.000Z</time>
        <extensions>
          <ns3:TrackPointExtension>
            <ns3:hr>144</ns3:hr>
            <ns3:cad>88</ns3:cad>
          </ns3:TrackPointExtension>
        </extensions>
      </trkpt>
      <trkpt lat="24.53354434110224246978759765625" lon="118.1545423530042171478271484375">
        <ele>26.3999996185302734375</ele>
        <time>2026-08-06T12:06:50.000Z</time>
        <extensions>
          <ns3:TrackPointExtension>
            <ns3:hr>144</ns3:hr>
            <ns3:cad>88</ns3:cad>
          </ns3:TrackPointExtension>
        </extensions>
      </trkpt>
      <trkpt lat="24.53354568220674991607666015625" lon="118.15450966358184814453125">
        <ele>26.3999996185302734375</ele>
        <time>2026-08-06T12:06:51.000Z</time>
        <extensions>
          <ns3:TrackPointExtension>
            <ns3:hr>145</ns3:hr>
            <ns3:cad>88</ns3:cad>
          </ns3:TrackPointExtension>
        </extensions>
      </trkpt>
      <trkpt lat="24.5335528068244457244873046875" lon="118.154479153454303741455078125">
        <ele>26.3999996185302734375</ele>
        <time>2026-08-06T12:06:52.000Z</time>
        <extensions>
          <ns3:TrackPointExtension>
            <ns3:hr>145</ns3:hr>
            <ns3:cad>88</ns3:cad>
          </ns3:TrackPointExtension>
        </extensions>
      </trkpt>
      <trkpt lat="24.53355473466217517852783203125" lon="118.15444906242191791534423828125">
        <ele>26.3999996185302734375</ele>
        <time>2026-08-06T12:06:53.000Z</time>
        <extensions>
          <ns3:TrackPointExtension>
            <ns3:hr>145</ns3:hr>
            <ns3:cad>87</ns3:cad>
          </ns3:TrackPointExtension>
        </extensions>
      </trkpt>
      <trkpt lat="24.533560685813426971435546875" lon="118.15441704355180263519287109375">
        <ele>26.200000762939453125</ele>
        <time>2026-08-06T12:06:54.000Z</time>
        <extensions>
          <ns3:TrackPointExtension>
            <ns3:hr>145</ns3:hr>
            <ns3:cad>87</ns3:cad>
          </ns3:TrackPointExtension>
        </extensions>
      </trkpt>
      <trkpt lat="24.5335601828992366790771484375" lon="118.1543903052806854248046875">
        <ele>26.200000762939453125</ele>
        <time>2026-08-06T12:06:55.000Z</time>
        <extensions>
          <ns3:TrackPointExtension>
            <ns3:hr>145</ns3:hr>
            <ns3:cad>87</ns3:cad>
          </ns3:TrackPointExtension>
        </extensions>
      </trkpt>
      <trkpt lat="24.5335682295262813568115234375" lon="118.154362477362155914306640625">
        <ele>26.200000762939453125</ele>
        <time>2026-08-06T12:06:56.000Z</time>
        <extensions>
          <ns3:TrackPointExtension>
            <ns3:hr>145</ns3:hr>
            <ns3:cad>89</ns3:cad>
          </ns3:TrackPointExtension>
        </extensions>
      </trkpt>
      <trkpt lat="24.5335690677165985107421875" lon="118.15434135496616363525390625">
        <ele>26.200000762939453125</ele>
        <time>2026-08-06T12:06:57.000Z</time>
        <extensions>
          <ns3:TrackPointExtension>
            <ns3:hr>145</ns3:hr>
            <ns3:cad>89</ns3:cad>
          </ns3:TrackPointExtension>
        </extensions>
      </trkpt>
      <trkpt lat="24.533581472933292388916015625" lon="118.15430891700088977813720703125">
        <ele>26</ele>
        <time>2026-08-06T12:06:58.000Z</time>
        <extensions>
          <ns3:TrackPointExtension>
            <ns3:hr>145</ns3:hr>
            <ns3:cad>89</ns3:cad>
          </ns3:TrackPointExtension>
        </extensions>
      </trkpt>
      <trkpt lat="24.53358641825616359710693359375" lon="118.1542868725955486297607421875">
        <ele>26</ele>
        <time>2026-08-06T12:06:59.000Z</time>
        <extensions>
          <ns3:TrackPointExtension>
            <ns3:hr>144</ns3:hr>
            <ns3:cad>89</ns3:cad>
          </ns3:TrackPointExtension>
        </extensions>
      </trkpt>
      <trkpt lat="24.5335985720157623291015625" lon="118.1542556919157505035400390625">
        <ele>26.200000762939453125</ele>
        <time>2026-08-06T12:07:00.000Z</time>
        <extensions>
          <ns3:TrackPointExtension>
            <ns3:hr>144</ns3:hr>
            <ns3:cad>89</ns3:cad>
          </ns3:TrackPointExtension>
        </extensions>
      </trkpt>
      <trkpt lat="24.53360703773796558380126953125" lon="118.1542360782623291015625">
        <ele>26.200000762939453125</ele>
        <time>2026-08-06T12:07:01.000Z</time>
        <extensions>
          <ns3:TrackPointExtension>
            <ns3:hr>144</ns3:hr>
            <ns3:cad>87</ns3:cad>
          </ns3:TrackPointExtension>
        </extensions>
      </trkpt>
      <trkpt lat="24.53362413682043552398681640625" lon="118.15420724451541900634765625">
        <ele>26.200000762939453125</ele>
        <time>2026-08-06T12:07:02.000Z</time>
        <extensions>
          <ns3:TrackPointExtension>
            <ns3:hr>144</ns3:hr>
            <ns3:cad>87</ns3:cad>
          </ns3:TrackPointExtension>
        </extensions>
      </trkpt>
      <trkpt lat="24.53363687731325626373291015625" lon="118.15418402664363384246826171875">
        <ele>26.200000762939453125</ele>
        <time>2026-08-06T12:07:03.000Z</time>
        <extensions>
          <ns3:TrackPointExtension>
            <ns3:hr>144</ns3:hr>
            <ns3:cad>87</ns3:cad>
          </ns3:TrackPointExtension>
        </extensions>
      </trkpt>
      <trkpt lat="24.53365196473896503448486328125" lon="118.15415770746767520904541015625">
        <ele>26.200000762939453125</ele>
        <time>2026-08-06T12:07:04.000Z</time>
        <extensions>
          <ns3:TrackPointExtension>
            <ns3:hr>143</ns3:hr>
            <ns3:cad>88</ns3:cad>
          </ns3:TrackPointExtension>
        </extensions>
      </trkpt>
      <trkpt lat="24.53366705216467380523681640625" lon="118.15413440577685832977294921875">
        <ele>26.200000762939453125</ele>
        <time>2026-08-06T12:07:05.000Z</time>
        <extensions>
          <ns3:TrackPointExtension>
            <ns3:hr>144</ns3:hr>
            <ns3:cad>88</ns3:cad>
          </ns3:TrackPointExtension>
        </extensions>
      </trkpt>
      <trkpt lat="24.53368146903812885284423828125" lon="118.15411060117185115814208984375">
        <ele>26.200000762939453125</ele>
        <time>2026-08-06T12:07:06.000Z</time>
        <extensions>
          <ns3:TrackPointExtension>
            <ns3:hr>144</ns3:hr>
            <ns3:cad>89</ns3:cad>
          </ns3:TrackPointExtension>
        </extensions>
      </trkpt>
      <trkpt lat="24.53369974158704280853271484375" lon="118.15408780239522457122802734375">
        <ele>26.200000762939453125</ele>
        <time>2026-08-06T12:07:07.000Z</time>
        <extensions>
          <ns3:TrackPointExtension>
            <ns3:hr>144</ns3:hr>
            <ns3:cad>89</ns3:cad>
          </ns3:TrackPointExtension>
        </extensions>
      </trkpt>
      <trkpt lat="24.53371298499405384063720703125" lon="118.154068775475025177001953125">
        <ele>26.200000762939453125</ele>
        <time>2026-08-06T12:07:08.000Z</time>
        <extensions>
          <ns3:TrackPointExtension>
            <ns3:hr>143</ns3:hr>
            <ns3:cad>89</ns3:cad>
          </ns3:TrackPointExtension>
        </extensions>
      </trkpt>
      <trkpt lat="24.5337351970374584197998046875" lon="118.15404840745031833648681640625">
        <ele>26.200000762939453125</ele>
        <time>2026-08-06T12:07:09.000Z</time>
        <extensions>
          <ns3:TrackPointExtension>
            <ns3:hr>142</ns3:hr>
            <ns3:cad>88</ns3:cad>
          </ns3:TrackPointExtension>
        </extensions>
      </trkpt>
      <trkpt lat="24.533749781548976898193359375" lon="118.15402493812143802642822265625">
        <ele>26.200000762939453125</ele>
        <time>2026-08-06T12:07:10.000Z</time>
        <extensions>
          <ns3:TrackPointExtension>
            <ns3:hr>141</ns3:hr>
            <ns3:cad>87</ns3:cad>
          </ns3:TrackPointExtension>
        </extensions>
      </trkpt>
      <trkpt lat="24.533776603639125823974609375" lon="118.1540049053728580474853515625">
        <ele>26.200000762939453125</ele>
        <time>2026-08-06T12:07:11.000Z</time>
        <extensions>
          <ns3:TrackPointExtension>
            <ns3:hr>137</ns3:hr>
            <ns3:cad>87</ns3:cad>
          </ns3:TrackPointExtension>
        </extensions>
      </trkpt>
      <trkpt lat="24.533790014684200286865234375" lon="118.153985626995563507080078125">
        <ele>26.200000762939453125</ele>
        <time>2026-08-06T12:07:12.000Z</time>
        <extensions>
          <ns3:TrackPointExtension>
            <ns3:hr>137</ns3:hr>
            <ns3:cad>89</ns3:cad>
          </ns3:TrackPointExtension>
        </extensions>
      </trkpt>
      <trkpt lat="24.53381256200373172760009765625" lon="118.15396475605666637420654296875">
        <ele>26.200000762939453125</ele>
        <time>2026-08-06T12:07:13.000Z</time>
        <extensions>
          <ns3:TrackPointExtension>
            <ns3:hr>138</ns3:hr>
            <ns3:cad>90</ns3:cad>
          </ns3:TrackPointExtension>
        </extensions>
      </trkpt>
      <trkpt lat="24.53382790088653564453125" lon="118.153948076069355010986328125">
        <ele>26.200000762939453125</ele>
        <time>2026-08-06T12:07:14.000Z</time>
        <extensions>
          <ns3:TrackPointExtension>
            <ns3:hr>138</ns3:hr>
            <ns3:cad>90</ns3:cad>
          </ns3:TrackPointExtension>
        </extensions>
      </trkpt>
      <trkpt lat="24.53385271131992340087890625" lon="118.153932653367519378662109375">
        <ele>26.200000762939453125</ele>
        <time>2026-08-06T12:07:15.000Z</time>
        <extensions>
          <ns3:TrackPointExtension>
            <ns3:hr>138</ns3:hr>
            <ns3:cad>90</ns3:cad>
          </ns3:TrackPointExtension>
        </extensions>
      </trkpt>
      <trkpt lat="24.53386335633695125579833984375" lon="118.1539137102663516998291015625">
        <ele>26.200000762939453125</ele>
        <time>2026-08-06T12:07:16.000Z</time>
        <extensions>
          <ns3:TrackPointExtension>
            <ns3:hr>138</ns3:hr>
            <ns3:cad>90</ns3:cad>
          </ns3:TrackPointExtension>
        </extensions>
      </trkpt>
      <trkpt lat="24.5338887535035610198974609375" lon="118.15389837138354778289794921875">
        <ele>26.200000762939453125</ele>
        <time>2026-08-06T12:07:17.000Z</time>
        <extensions>
          <ns3:TrackPointExtension>
            <ns3:hr>139</ns3:hr>
            <ns3:cad>89</ns3:cad>
          </ns3:TrackPointExtension>
        </extensions>
      </trkpt>
      <trkpt lat="24.5339081995189189910888671875" lon="118.153888396918773651123046875">
        <ele>26</ele>
        <time>2026-08-06T12:07:18.000Z</time>
        <extensions>
          <ns3:TrackPointExtension>
            <ns3:hr>140</ns3:hr>
            <ns3:cad>88</ns3:cad>
          </ns3:TrackPointExtension>
        </extensions>
      </trkpt>
      <trkpt lat="24.53393661417067050933837890625" lon="118.15387389622628688812255859375">
        <ele>26</ele>
        <time>2026-08-06T12:07:19.000Z</time>
        <extensions>
          <ns3:TrackPointExtension>
            <ns3:hr>140</ns3:hr>
            <ns3:cad>88</ns3:cad>
          </ns3:TrackPointExtension>
        </extensions>
      </trkpt>
      <trkpt lat="24.53395488671958446502685546875" lon="118.15385780297219753265380859375">
        <ele>26</ele>
        <time>2026-08-06T12:07:20.000Z</time>
        <extensions>
          <ns3:TrackPointExtension>
            <ns3:hr>141</ns3:hr>
            <ns3:cad>88</ns3:cad>
          </ns3:TrackPointExtension>
        </extensions>
      </trkpt>
      <trkpt lat="24.53398816287517547607421875" lon="118.15384908579289913177490234375">
        <ele>26</ele>
        <time>2026-08-06T12:07:21.000Z</time>
        <extensions>
          <ns3:TrackPointExtension>
            <ns3:hr>141</ns3:hr>
            <ns3:cad>88</ns3:cad>
          </ns3:TrackPointExtension>
        </extensions>
      </trkpt>
      <trkpt lat="24.53400484286248683929443359375" lon="118.1538392789661884307861328125">
        <ele>26</ele>
        <time>2026-08-06T12:07:22.000Z</time>
        <extensions>
          <ns3:TrackPointExtension>
            <ns3:hr>141</ns3:hr>
            <ns3:cad>90</ns3:cad>
          </ns3:TrackPointExtension>
        </extensions>
      </trkpt>
      <trkpt lat="24.53403518535196781158447265625" lon="118.1538285501301288604736328125">
        <ele>26</ele>
        <time>2026-08-06T12:07:23.000Z</time>
        <extensions>
          <ns3:TrackPointExtension>
            <ns3:hr>141</ns3:hr>
            <ns3:cad>90</ns3:cad>
          </ns3:TrackPointExtension>
        </extensions>
      </trkpt>
      <trkpt lat="24.53405546955764293670654296875" lon="118.15381907857954502105712890625">
        <ele>26.200000762939453125</ele>
        <time>2026-08-06T12:07:24.000Z</time>
        <extensions>
          <ns3:TrackPointExtension>
            <ns3:hr>141</ns3:hr>
            <ns3:cad>90</ns3:cad>
          </ns3:TrackPointExtension>
        </extensions>
      </trkpt>
      <trkpt lat="24.5340845547616481781005859375" lon="118.1538121215999126434326171875">
        <ele>26.200000762939453125</ele>
        <time>2026-08-06T12:07:25.000Z</time>
        <extensions>
          <ns3:TrackPointExtension>
            <ns3:hr>142</ns3:hr>
            <ns3:cad>89</ns3:cad>
          </ns3:TrackPointExtension>
        </extensions>
      </trkpt>
      <trkpt lat="24.53411313705146312713623046875" lon="118.1538069248199462890625">
        <ele>26.200000762939453125</ele>
        <time>2026-08-06T12:07:26.000Z</time>
        <extensions>
          <ns3:TrackPointExtension>
            <ns3:hr>141</ns3:hr>
            <ns3:cad>88</ns3:cad>
          </ns3:TrackPointExtension>
        </extensions>
      </trkpt>
      <trkpt lat="24.53414046205580234527587890625" lon="118.1538017280399799346923828125">
        <ele>26.200000762939453125</ele>
        <time>2026-08-06T12:07:27.000Z</time>
        <extensions>
          <ns3:TrackPointExtension>
            <ns3:hr>141</ns3:hr>
            <ns3:cad>87</ns3:cad>
          </ns3:TrackPointExtension>
        </extensions>
      </trkpt>
      <trkpt lat="24.53416761942207813262939453125" lon="118.15379912964999675750732421875">
        <ele>26</ele>
        <time>2026-08-06T12:07:28.000Z</time>
        <extensions>
          <ns3:TrackPointExtension>
            <ns3:hr>141</ns3:hr>
            <ns3:cad>87</ns3:cad>
          </ns3:TrackPointExtension>
        </extensions>
      </trkpt>
      <trkpt lat="24.5341938547790050506591796875" lon="118.15379560925066471099853515625">
        <ele>26</ele>
        <time>2026-08-06T12:07:29.000Z</time>
        <extensions>
          <ns3:TrackPointExtension>
            <ns3:hr>141</ns3:hr>
            <ns3:cad>88</ns3:cad>
          </ns3:TrackPointExtension>
        </extensions>
      </trkpt>
      <trkpt lat="24.53422193415462970733642578125" lon="118.1537948548793792724609375">
        <ele>26</ele>
        <time>2026-08-06T12:07:30.000Z</time>
        <extensions>
          <ns3:TrackPointExtension>
            <ns3:hr>141</ns3:hr>
            <ns3:cad>88</ns3:cad>
          </ns3:TrackPointExtension>
        </extensions>
      </trkpt>
      <trkpt lat="24.53424707986414432525634765625" lon="118.15378974191844463348388671875">
        <ele>26</ele>
        <time>2026-08-06T12:07:31.000Z</time>
        <extensions>
          <ns3:TrackPointExtension>
            <ns3:hr>142</ns3:hr>
            <ns3:cad>88</ns3:cad>
          </ns3:TrackPointExtension>
        </extensions>
      </trkpt>
      <trkpt lat="24.5342759974300861358642578125" lon="118.15378789789974689483642578125">
        <ele>26</ele>
        <time>2026-08-06T12:07:32.000Z</time>
        <extensions>
          <ns3:TrackPointExtension>
            <ns3:hr>141</ns3:hr>
            <ns3:cad>88</ns3:cad>
          </ns3:TrackPointExtension>
        </extensions>
      </trkpt>
      <trkpt lat="24.534299634397029876708984375" lon="118.1537829525768756866455078125">
        <ele>26</ele>
        <time>2026-08-06T12:07:33.000Z</time>
        <extensions>
          <ns3:TrackPointExtension>
            <ns3:hr>141</ns3:hr>
            <ns3:cad>88</ns3:cad>
          </ns3:TrackPointExtension>
        </extensions>
      </trkpt>
      <trkpt lat="24.53432922251522541046142578125" lon="118.153789155185222625732421875">
        <ele>26</ele>
        <time>2026-08-06T12:07:34.000Z</time>
        <extensions>
          <ns3:TrackPointExtension>
            <ns3:hr>142</ns3:hr>
            <ns3:cad>88</ns3:cad>
          </ns3:TrackPointExtension>
        </extensions>
      </trkpt>
      <trkpt lat="24.53435252420604228973388671875" lon="118.1537896580994129180908203125">
        <ele>25.799999237060546875</ele>
        <time>2026-08-06T12:07:35.000Z</time>
        <extensions>
          <ns3:TrackPointExtension>
            <ns3:hr>141</ns3:hr>
            <ns3:cad>88</ns3:cad>
          </ns3:TrackPointExtension>
        </extensions>
      </trkpt>
      <trkpt lat="24.53438404016196727752685546875" lon="118.1537930108606815338134765625">
        <ele>25.799999237060546875</ele>
        <time>2026-08-06T12:07:36.000Z</time>
        <extensions>
          <ns3:TrackPointExtension>
            <ns3:hr>141</ns3:hr>
            <ns3:cad>89</ns3:cad>
          </ns3:TrackPointExtension>
        </extensions>
      </trkpt>
      <trkpt lat="24.53440767712891101837158203125" lon="118.153788149356842041015625">
        <ele>25.799999237060546875</ele>
        <time>2026-08-06T12:07:37.000Z</time>
        <extensions>
          <ns3:TrackPointExtension>
            <ns3:hr>141</ns3:hr>
            <ns3:cad>89</ns3:cad>
          </ns3:TrackPointExtension>
        </extensions>
      </trkpt>
      <trkpt lat="24.53444304876029491424560546875" lon="118.15379175357520580291748046875">
        <ele>25.799999237060546875</ele>
        <time>2026-08-06T12:07:38.000Z</time>
        <extensions>
          <ns3:TrackPointExtension>
            <ns3:hr>141</ns3:hr>
            <ns3:cad>89</ns3:cad>
          </ns3:TrackPointExtension>
        </extensions>
      </trkpt>
      <trkpt lat="24.5344647578895092010498046875" lon="118.1537923403084278106689453125">
        <ele>25.799999237060546875</ele>
        <time>2026-08-06T12:07:39.000Z</time>
        <extensions>
          <ns3:TrackPointExtension>
            <ns3:hr>142</ns3:hr>
            <ns3:cad>89</ns3:cad>
          </ns3:TrackPointExtension>
        </extensions>
      </trkpt>
      <trkpt lat="24.5344976149499416351318359375" lon="118.153795190155506134033203125">
        <ele>25.799999237060546875</ele>
        <time>2026-08-06T12:07:40.000Z</time>
        <extensions>
          <ns3:TrackPointExtension>
            <ns3:hr>141</ns3:hr>
            <ns3:cad>89</ns3:cad>
          </ns3:TrackPointExtension>
        </extensions>
      </trkpt>
      <trkpt lat="24.53451697714626789093017578125" lon="118.15379627980291843414306640625">
        <ele>25.799999237060546875</ele>
        <time>2026-08-06T12:07:41.000Z</time>
        <extensions>
          <ns3:TrackPointExtension>
            <ns3:hr>141</ns3:hr>
            <ns3:cad>89</ns3:cad>
          </ns3:TrackPointExtension>
        </extensions>
      </trkpt>
      <trkpt lat="24.53454044647514820098876953125" lon="118.15379577688872814178466796875">
        <ele>25.799999237060546875</ele>
        <time>2026-08-06T12:07:42.000Z</time>
        <extensions>
          <ns3:TrackPointExtension>
            <ns3:hr>141</ns3:hr>
            <ns3:cad>88</ns3:cad>
          </ns3:TrackPointExtension>
        </extensions>
      </trkpt>
      <trkpt lat="24.53456274233758449554443359375" lon="118.15379829145967960357666015625">
        <ele>25.6000003814697265625</ele>
        <time>2026-08-06T12:07:43.000Z</time>
        <extensions>
          <ns3:TrackPointExtension>
            <ns3:hr>141</ns3:hr>
            <ns3:cad>88</ns3:cad>
          </ns3:TrackPointExtension>
        </extensions>
      </trkpt>
      <trkpt lat="24.53459526412189006805419921875" lon="118.1538023985922336578369140625">
        <ele>25.6000003814697265625</ele>
        <time>2026-08-06T12:07:44.000Z</time>
        <extensions>
          <ns3:TrackPointExtension>
            <ns3:hr>141</ns3:hr>
            <ns3:cad>88</ns3:cad>
          </ns3:TrackPointExtension>
        </extensions>
      </trkpt>
      <trkpt lat="24.5346149615943431854248046875" lon="118.15380332060158252716064453125">
        <ele>25.6000003814697265625</ele>
        <time>2026-08-06T12:07:45.000Z</time>
        <extensions>
          <ns3:TrackPointExtension>
            <ns3:hr>141</ns3:hr>
            <ns3:cad>89</ns3:cad>
          </ns3:TrackPointExtension>
        </extensions>
      </trkpt>
      <trkpt lat="24.53464932739734649658203125" lon="118.153803907334804534912109375">
        <ele>25.6000003814697265625</ele>
        <time>2026-08-06T12:07:46.000Z</time>
        <extensions>
          <ns3:TrackPointExtension>
            <ns3:hr>141</ns3:hr>
            <ns3:cad>89</ns3:cad>
          </ns3:TrackPointExtension>
        </extensions>
      </trkpt>
      <trkpt lat="24.53467573039233684539794921875" lon="118.15380801446735858917236328125">
        <ele>25.6000003814697265625</ele>
        <time>2026-08-06T12:07:47.000Z</time>
        <extensions>
          <ns3:TrackPointExtension>
            <ns3:hr>141</ns3:hr>
            <ns3:cad>89</ns3:cad>
          </ns3:TrackPointExtension>
        </extensions>
      </trkpt>
      <trkpt lat="24.5347063243389129638671875" lon="118.15380625426769256591796875">
        <ele>25.6000003814697265625</ele>
        <time>2026-08-06T12:07:48.000Z</time>
        <extensions>
          <ns3:TrackPointExtension>
            <ns3:hr>141</ns3:hr>
            <ns3:cad>89</ns3:cad>
          </ns3:TrackPointExtension>
        </extensions>
      </trkpt>
      <trkpt lat="24.5347249321639537811279296875" lon="118.153801225125789642333984375">
        <ele>25.799999237060546875</ele>
        <time>2026-08-06T12:07:49.000Z</time>
        <extensions>
          <ns3:TrackPointExtension>
            <ns3:hr>141</ns3:hr>
            <ns3:cad>88</ns3:cad>
          </ns3:TrackPointExtension>
        </extensions>
      </trkpt>
      <trkpt lat="24.5347530953586101531982421875" lon="118.1537975370883941650390625">
        <ele>25.799999237060546875</ele>
        <time>2026-08-06T12:07:50.000Z</time>
        <extensions>
          <ns3:TrackPointExtension>
            <ns3:hr>141</ns3:hr>
            <ns3:cad>88</ns3:cad>
          </ns3:TrackPointExtension>
        </extensions>
      </trkpt>
      <trkpt lat="24.534779749810695648193359375" lon="118.15379393287003040313720703125">
        <ele>25.799999237060546875</ele>
        <time>2026-08-06T12:07:51.000Z</time>
        <extensions>
          <ns3:TrackPointExtension>
            <ns3:hr>141</ns3:hr>
            <ns3:cad>88</ns3:cad>
          </ns3:TrackPointExtension>
        </extensions>
      </trkpt>
      <trkpt lat="24.5348043926060199737548828125" lon="118.15378722734749317169189453125">
        <ele>25.799999237060546875</ele>
        <time>2026-08-06T12:07:52.000Z</time>
        <extensions>
          <ns3:TrackPointExtension>
            <ns3:hr>141</ns3:hr>
            <ns3:cad>88</ns3:cad>
          </ns3:TrackPointExtension>
        </extensions>
      </trkpt>
      <trkpt lat="24.53482769429683685302734375" lon="118.15378286875784397125244140625">
        <ele>25.799999237060546875</ele>
        <time>2026-08-06T12:07:53.000Z</time>
        <extensions>
          <ns3:TrackPointExtension>
            <ns3:hr>142</ns3:hr>
            <ns3:cad>89</ns3:cad>
          </ns3:TrackPointExtension>
        </extensions>
      </trkpt>
      <trkpt lat="24.5348489843308925628662109375" lon="118.15377700142562389373779296875">
        <ele>25.799999237060546875</ele>
        <time>2026-08-06T12:07:54.000Z</time>
        <extensions>
          <ns3:TrackPointExtension>
            <ns3:hr>142</ns3:hr>
            <ns3:cad>89</ns3:cad>
          </ns3:TrackPointExtension>
        </extensions>
      </trkpt>
      <trkpt lat="24.53487421385943889617919921875" lon="118.15377314575016498565673828125">
        <ele>25.6000003814697265625</ele>
        <time>2026-08-06T12:07:55.000Z</time>
        <extensions>
          <ns3:TrackPointExtension>
            <ns3:hr>142</ns3:hr>
            <ns3:cad>89</ns3:cad>
          </ns3:TrackPointExtension>
        </extensions>
      </trkpt>
      <trkpt lat="24.53489466570317745208740234375" lon="118.15376468002796173095703125">
        <ele>25.799999237060546875</ele>
        <time>2026-08-06T12:07:56.000Z</time>
        <extensions>
          <ns3:TrackPointExtension>
            <ns3:hr>142</ns3:hr>
            <ns3:cad>89</ns3:cad>
          </ns3:TrackPointExtension>
        </extensions>
      </trkpt>
      <trkpt lat="24.534922577440738677978515625" lon="118.1537591479718685150146484375">
        <ele>25.6000003814697265625</ele>
        <time>2026-08-06T12:07:57.000Z</time>
        <extensions>
          <ns3:TrackPointExtension>
            <ns3:hr>142</ns3:hr>
            <ns3:cad>89</ns3:cad>
          </ns3:TrackPointExtension>
        </extensions>
      </trkpt>
      <trkpt lat="24.53494009561836719512939453125" lon="118.15374682657420635223388671875">
        <ele>25.6000003814697265625</ele>
        <time>2026-08-06T12:07:58.000Z</time>
        <extensions>
          <ns3:TrackPointExtension>
            <ns3:hr>142</ns3:hr>
            <ns3:cad>88</ns3:cad>
          </ns3:TrackPointExtension>
        </extensions>
      </trkpt>
      <trkpt lat="24.5349690131843090057373046875" lon="118.15373517572879791259765625">
        <ele>25.3999996185302734375</ele>
        <time>2026-08-06T12:07:59.000Z</time>
        <extensions>
          <ns3:TrackPointExtension>
            <ns3:hr>142</ns3:hr>
            <ns3:cad>87</ns3:cad>
          </ns3:TrackPointExtension>
        </extensions>
      </trkpt>
      <trkpt lat="24.5349871180951595306396484375" lon="118.1537239439785480499267578125">
        <ele>25.3999996185302734375</ele>
        <time>2026-08-06T12:08:00.000Z</time>
        <extensions>
          <ns3:TrackPointExtension>
            <ns3:hr>142</ns3:hr>
            <ns3:cad>88</ns3:cad>
          </ns3:TrackPointExtension>
        </extensions>
      </trkpt>
      <trkpt lat="24.5350193046033382415771484375" lon="118.15371883101761341094970703125">
        <ele>25.3999996185302734375</ele>
        <time>2026-08-06T12:08:01.000Z</time>
        <extensions>
          <ns3:TrackPointExtension>
            <ns3:hr>142</ns3:hr>
            <ns3:cad>89</ns3:cad>
          </ns3:TrackPointExtension>
        </extensions>
      </trkpt>
      <trkpt lat="24.53503615222871303558349609375" lon="118.15370474942028522491455078125">
        <ele>25.3999996185302734375</ele>
        <time>2026-08-06T12:08:02.000Z</time>
        <extensions>
          <ns3:TrackPointExtension>
            <ns3:hr>142</ns3:hr>
            <ns3:cad>89</ns3:cad>
          </ns3:TrackPointExtension>
        </extensions>
      </trkpt>
      <trkpt lat="24.53506733290851116180419921875" lon="118.1536956131458282470703125">
        <ele>25.6000003814697265625</ele>
        <time>2026-08-06T12:08:03.000Z</time>
        <extensions>
          <ns3:TrackPointExtension>
            <ns3:hr>143</ns3:hr>
            <ns3:cad>89</ns3:cad>
          </ns3:TrackPointExtension>
        </extensions>
      </trkpt>
      <trkpt lat="24.5350850187242031097412109375" lon="118.15368563868105411529541015625">
        <ele>25.6000003814697265625</ele>
        <time>2026-08-06T12:08:04.000Z</time>
        <extensions>
          <ns3:TrackPointExtension>
            <ns3:hr>142</ns3:hr>
            <ns3:cad>89</ns3:cad>
          </ns3:TrackPointExtension>
        </extensions>
      </trkpt>
      <trkpt lat="24.5351113379001617431640625" lon="118.153672479093074798583984375">
        <ele>25.6000003814697265625</ele>
        <time>2026-08-06T12:08:05.000Z</time>
        <extensions>
          <ns3:TrackPointExtension>
            <ns3:hr>142</ns3:hr>
            <ns3:cad>88</ns3:cad>
          </ns3:TrackPointExtension>
        </extensions>
      </trkpt>
      <trkpt lat="24.535126425325870513916015625" lon="118.1536605767905712127685546875">
        <ele>25.6000003814697265625</ele>
        <time>2026-08-06T12:08:06.000Z</time>
        <extensions>
          <ns3:TrackPointExtension>
            <ns3:hr>142</ns3:hr>
            <ns3:cad>87</ns3:cad>
          </ns3:TrackPointExtension>
        </extensions>
      </trkpt>
      <trkpt lat="24.53515282832086086273193359375" lon="118.15364792011678218841552734375">
        <ele>25.6000003814697265625</ele>
        <time>2026-08-06T12:08:07.000Z</time>
        <extensions>
          <ns3:TrackPointExtension>
            <ns3:hr>141</ns3:hr>
            <ns3:cad>87</ns3:cad>
          </ns3:TrackPointExtension>
        </extensions>
      </trkpt>
      <trkpt lat="24.5351703464984893798828125" lon="118.15363635309040546417236328125">
        <ele>25.6000003814697265625</ele>
        <time>2026-08-06T12:08:08.000Z</time>
        <extensions>
          <ns3:TrackPointExtension>
            <ns3:hr>141</ns3:hr>
            <ns3:cad>89</ns3:cad>
          </ns3:TrackPointExtension>
        </extensions>
      </trkpt>
      <trkpt lat="24.5351918041706085205078125" lon="118.15362378023564815521240234375">
        <ele>25.6000003814697265625</ele>
        <time>2026-08-06T12:08:09.000Z</time>
        <extensions>
          <ns3:TrackPointExtension>
            <ns3:hr>141</ns3:hr>
            <ns3:cad>89</ns3:cad>
          </ns3:TrackPointExtension>
        </extensions>
      </trkpt>
      <trkpt lat="24.53520714305341243743896484375" lon="118.15361045300960540771484375">
        <ele>25.6000003814697265625</ele>
        <time>2026-08-06T12:08:10.000Z</time>
        <extensions>
          <ns3:TrackPointExtension>
            <ns3:hr>141</ns3:hr>
            <ns3:cad>89</ns3:cad>
          </ns3:TrackPointExtension>
        </extensions>
      </trkpt>
      <trkpt lat="24.5352311991155147552490234375" lon="118.1535898335278034210205078125">
        <ele>25.6000003814697265625</ele>
        <time>2026-08-06T12:08:11.000Z</time>
        <extensions>
          <ns3:TrackPointExtension>
            <ns3:hr>141</ns3:hr>
            <ns3:cad>89</ns3:cad>
          </ns3:TrackPointExtension>
        </extensions>
      </trkpt>
      <trkpt lat="24.53524687327444553375244140625" lon="118.1535713933408260345458984375">
        <ele>25.6000003814697265625</ele>
        <time>2026-08-06T12:08:12.000Z</time>
        <extensions>
          <ns3:TrackPointExtension>
            <ns3:hr>141</ns3:hr>
            <ns3:cad>89</ns3:cad>
          </ns3:TrackPointExtension>
        </extensions>
      </trkpt>
      <trkpt lat="24.53527051024138927459716796875" lon="118.15354532562196254730224609375">
        <ele>25.6000003814697265625</ele>
        <time>2026-08-06T12:08:13.000Z</time>
        <extensions>
          <ns3:TrackPointExtension>
            <ns3:hr>141</ns3:hr>
            <ns3:cad>88</ns3:cad>
          </ns3:TrackPointExtension>
        </extensions>
      </trkpt>
      <trkpt lat="24.53528995625674724578857421875" lon="118.15352789126336574554443359375">
        <ele>25.6000003814697265625</ele>
        <time>2026-08-06T12:08:14.000Z</time>
        <extensions>
          <ns3:TrackPointExtension>
            <ns3:hr>141</ns3:hr>
            <ns3:cad>88</ns3:cad>
          </ns3:TrackPointExtension>
        </extensions>
      </trkpt>
      <trkpt lat="24.53531275503337383270263671875" lon="118.15351179800927639007568359375">
        <ele>25.799999237060546875</ele>
        <time>2026-08-06T12:08:15.000Z</time>
        <extensions>
          <ns3:TrackPointExtension>
            <ns3:hr>141</ns3:hr>
            <ns3:cad>88</ns3:cad>
          </ns3:TrackPointExtension>
        </extensions>
      </trkpt>
      <trkpt lat="24.5353358052670955657958984375" lon="118.1534971296787261962890625">
        <ele>25.799999237060546875</ele>
        <time>2026-08-06T12:08:16.000Z</time>
        <extensions>
          <ns3:TrackPointExtension>
            <ns3:hr>141</ns3:hr>
            <ns3:cad>88</ns3:cad>
          </ns3:TrackPointExtension>
        </extensions>
      </trkpt>
      <trkpt lat="24.53535399399697780609130859375" lon="118.1534778513014316558837890625">
        <ele>25.799999237060546875</ele>
        <time>2026-08-06T12:08:17.000Z</time>
        <extensions>
          <ns3:TrackPointExtension>
            <ns3:hr>141</ns3:hr>
            <ns3:cad>88</ns3:cad>
          </ns3:TrackPointExtension>
        </extensions>
      </trkpt>
      <trkpt lat="24.53536815941333770751953125" lon="118.15346200950443744659423828125">
        <ele>25.799999237060546875</ele>
        <time>2026-08-06T12:08:18.000Z</time>
        <extensions>
          <ns3:TrackPointExtension>
            <ns3:hr>141</ns3:hr>
            <ns3:cad>90</ns3:cad>
          </ns3:TrackPointExtension>
        </extensions>
      </trkpt>
      <trkpt lat="24.53538316302001476287841796875" lon="118.1534413062036037445068359375">
        <ele>25.799999237060546875</ele>
        <time>2026-08-06T12:08:19.000Z</time>
        <extensions>
          <ns3:TrackPointExtension>
            <ns3:hr>141</ns3:hr>
            <ns3:cad>90</ns3:cad>
          </ns3:TrackPointExtension>
        </extensions>
      </trkpt>
      <trkpt lat="24.53540747053921222686767578125" lon="118.153421021997928619384765625">
        <ele>25.799999237060546875</ele>
        <time>2026-08-06T12:08:20.000Z</time>
        <extensions>
          <ns3:TrackPointExtension>
            <ns3:hr>141</ns3:hr>
            <ns3:cad>90</ns3:cad>
          </ns3:TrackPointExtension>
        </extensions>
      </trkpt>
      <trkpt lat="24.53542524017393589019775390625" lon="118.15340149216353893280029296875">
        <ele>25.799999237060546875</ele>
        <time>2026-08-06T12:08:21.000Z</time>
        <extensions>
          <ns3:TrackPointExtension>
            <ns3:hr>141</ns3:hr>
            <ns3:cad>90</ns3:cad>
          </ns3:TrackPointExtension>
        </extensions>
      </trkpt>
      <trkpt lat="24.53545055352151393890380859375" lon="118.15338003449141979217529296875">
        <ele>25.6000003814697265625</ele>
        <time>2026-08-06T12:08:22.000Z</time>
        <extensions>
          <ns3:TrackPointExtension>
            <ns3:hr>141</ns3:hr>
            <ns3:cad>90</ns3:cad>
          </ns3:TrackPointExtension>
        </extensions>
      </trkpt>
      <trkpt lat="24.53546396456658840179443359375" lon="118.15336360596120357513427734375">
        <ele>25.6000003814697265625</ele>
        <time>2026-08-06T12:08:23.000Z</time>
        <extensions>
          <ns3:TrackPointExtension>
            <ns3:hr>141</ns3:hr>
            <ns3:cad>90</ns3:cad>
          </ns3:TrackPointExtension>
        </extensions>
      </trkpt>
      <trkpt lat="24.5354836620390415191650390625" lon="118.15333846025168895721435546875">
        <ele>25.3999996185302734375</ele>
        <time>2026-08-06T12:08:24.000Z</time>
        <extensions>
          <ns3:TrackPointExtension>
            <ns3:hr>141</ns3:hr>
            <ns3:cad>90</ns3:cad>
          </ns3:TrackPointExtension>
        </extensions>
      </trkpt>
      <trkpt lat="24.535498917102813720703125" lon="118.153318427503108978271484375">
        <ele>25.3999996185302734375</ele>
        <time>2026-08-06T12:08:25.000Z</time>
        <extensions>
          <ns3:TrackPointExtension>
            <ns3:hr>142</ns3:hr>
            <ns3:cad>88</ns3:cad>
          </ns3:TrackPointExtension>
        </extensions>
      </trkpt>
      <trkpt lat="24.53552263788878917694091796875" lon="118.1532951258122920989990234375">
        <ele>25.200000762939453125</ele>
        <time>2026-08-06T12:08:26.000Z</time>
        <extensions>
          <ns3:TrackPointExtension>
            <ns3:hr>142</ns3:hr>
            <ns3:cad>88</ns3:cad>
          </ns3:TrackPointExtension>
        </extensions>
      </trkpt>
      <trkpt lat="24.535539485514163970947265625" lon="118.15327920019626617431640625">
        <ele>25.200000762939453125</ele>
        <time>2026-08-06T12:08:27.000Z</time>
        <extensions>
          <ns3:TrackPointExtension>
            <ns3:hr>142</ns3:hr>
            <ns3:cad>88</ns3:cad>
          </ns3:TrackPointExtension>
        </extensions>
      </trkpt>
      <trkpt lat="24.535563290119171142578125" lon="118.15325497649610042572021484375">
        <ele>25.200000762939453125</ele>
        <time>2026-08-06T12:08:28.000Z</time>
        <extensions>
          <ns3:TrackPointExtension>
            <ns3:hr>142</ns3:hr>
            <ns3:cad>88</ns3:cad>
          </ns3:TrackPointExtension>
        </extensions>
      </trkpt>
      <trkpt lat="24.53557670116424560546875" lon="118.1532369554042816162109375">
        <ele>25.3999996185302734375</ele>
        <time>2026-08-06T12:08:29.000Z</time>
        <extensions>
          <ns3:TrackPointExtension>
            <ns3:hr>142</ns3:hr>
            <ns3:cad>88</ns3:cad>
          </ns3:TrackPointExtension>
        </extensions>
      </trkpt>
      <trkpt lat="24.53560042195022106170654296875" lon="118.153208792209625244140625">
        <ele>25.3999996185302734375</ele>
        <time>2026-08-06T12:08:30.000Z</time>
        <extensions>
          <ns3:TrackPointExtension>
            <ns3:hr>141</ns3:hr>
            <ns3:cad>88</ns3:cad>
          </ns3:TrackPointExtension>
        </extensions>
      </trkpt>
      <trkpt lat="24.53561584465205669403076171875" lon="118.15318557433784008026123046875">
        <ele>25.3999996185302734375</ele>
        <time>2026-08-06T12:08:31.000Z</time>
        <extensions>
          <ns3:TrackPointExtension>
            <ns3:hr>142</ns3:hr>
            <ns3:cad>87</ns3:cad>
          </ns3:TrackPointExtension>
        </extensions>
      </trkpt>
      <trkpt lat="24.53563830815255641937255859375" lon="118.15315975807607173919677734375">
        <ele>25.3999996185302734375</ele>
        <time>2026-08-06T12:08:32.000Z</time>
        <extensions>
          <ns3:TrackPointExtension>
            <ns3:hr>142</ns3:hr>
            <ns3:cad>87</ns3:cad>
          </ns3:TrackPointExtension>
        </extensions>
      </trkpt>
      <trkpt lat="24.53565649688243865966796875" lon="118.15314701758325099945068359375">
        <ele>25.3999996185302734375</ele>
        <time>2026-08-06T12:08:33.000Z</time>
        <extensions>
          <ns3:TrackPointExtension>
            <ns3:hr>143</ns3:hr>
            <ns3:cad>88</ns3:cad>
          </ns3:TrackPointExtension>
        </extensions>
      </trkpt>
      <trkpt lat="24.5356858335435390472412109375" lon="118.1531398929655551910400390625">
        <ele>25.3999996185302734375</ele>
        <time>2026-08-06T12:08:34.000Z</time>
        <extensions>
          <ns3:TrackPointExtension>
            <ns3:hr>143</ns3:hr>
            <ns3:cad>89</ns3:cad>
          </ns3:TrackPointExtension>
        </extensions>
      </trkpt>
      <trkpt lat="24.53570670448243618011474609375" lon="118.1531429104506969451904296875">
        <ele>25.3999996185302734375</ele>
        <time>2026-08-06T12:08:35.000Z</time>
        <extensions>
          <ns3:TrackPointExtension>
            <ns3:hr>143</ns3:hr>
            <ns3:cad>89</ns3:cad>
          </ns3:TrackPointExtension>
        </extensions>
      </trkpt>
      <trkpt lat="24.53573562204837799072265625" lon="118.15315489657223224639892578125">
        <ele>25.3999996185302734375</ele>
        <time>2026-08-06T12:08:36.000Z</time>
        <extensions>
          <ns3:TrackPointExtension>
            <ns3:hr>143</ns3:hr>
            <ns3:cad>89</ns3:cad>
          </ns3:TrackPointExtension>
        </extensions>
      </trkpt>
      <trkpt lat="24.53575439751148223876953125" lon="118.15316998399794101715087890625">
        <ele>25.200000762939453125</ele>
        <time>2026-08-06T12:08:37.000Z</time>
        <extensions>
          <ns3:TrackPointExtension>
            <ns3:hr>143</ns3:hr>
            <ns3:cad>89</ns3:cad>
          </ns3:TrackPointExtension>
        </extensions>
      </trkpt>
      <trkpt lat="24.53577660955488681793212890625" lon="118.15319144167006015777587890625">
        <ele>25.200000762939453125</ele>
        <time>2026-08-06T12:08:38.000Z</time>
        <extensions>
          <ns3:TrackPointExtension>
            <ns3:hr>143</ns3:hr>
            <ns3:cad>89</ns3:cad>
          </ns3:TrackPointExtension>
        </extensions>
      </trkpt>
      <trkpt lat="24.53579454682767391204833984375" lon="118.15321055240929126739501953125">
        <ele>25.200000762939453125</ele>
        <time>2026-08-06T12:08:39.000Z</time>
        <extensions>
          <ns3:TrackPointExtension>
            <ns3:hr>142</ns3:hr>
            <ns3:cad>88</ns3:cad>
          </ns3:TrackPointExtension>
        </extensions>
      </trkpt>
      <trkpt lat="24.535817764699459075927734375" lon="118.15322848968207836151123046875">
        <ele>25</ele>
        <time>2026-08-06T12:08:40.000Z</time>
        <extensions>
          <ns3:TrackPointExtension>
            <ns3:hr>143</ns3:hr>
            <ns3:cad>88</ns3:cad>
          </ns3:TrackPointExtension>
        </extensions>
      </trkpt>
      <trkpt lat="24.5358353666961193084716796875" lon="118.15324307419359683990478515625">
        <ele>25</ele>
        <time>2026-08-06T12:08:41.000Z</time>
        <extensions>
          <ns3:TrackPointExtension>
            <ns3:hr>142</ns3:hr>
            <ns3:cad>89</ns3:cad>
          </ns3:TrackPointExtension>
        </extensions>
      </trkpt>
      <trkpt lat="24.5358588360249996185302734375" lon="118.153262101113796234130859375">
        <ele>25</ele>
        <time>2026-08-06T12:08:42.000Z</time>
        <extensions>
          <ns3:TrackPointExtension>
            <ns3:hr>142</ns3:hr>
            <ns3:cad>89</ns3:cad>
          </ns3:TrackPointExtension>
        </extensions>
      </trkpt>
      <trkpt lat="24.5358786173164844512939453125" lon="118.15328280441462993621826171875">
        <ele>25</ele>
        <time>2026-08-06T12:08:43.000Z</time>
        <extensions>
          <ns3:TrackPointExtension>
            <ns3:hr>142</ns3:hr>
            <ns3:cad>90</ns3:cad>
          </ns3:TrackPointExtension>
        </extensions>
      </trkpt>
      <trkpt lat="24.53590149991214275360107421875" lon="118.1533021666109561920166015625">
        <ele>25.200000762939453125</ele>
        <time>2026-08-06T12:08:44.000Z</time>
        <extensions>
          <ns3:TrackPointExtension>
            <ns3:hr>142</ns3:hr>
            <ns3:cad>90</ns3:cad>
          </ns3:TrackPointExtension>
        </extensions>
      </trkpt>
      <trkpt lat="24.53592262230813503265380859375" lon="118.15332186408340930938720703125">
        <ele>25.200000762939453125</ele>
        <time>2026-08-06T12:08:45.000Z</time>
        <extensions>
          <ns3:TrackPointExtension>
            <ns3:hr>142</ns3:hr>
            <ns3:cad>90</ns3:cad>
          </ns3:TrackPointExtension>
        </extensions>
      </trkpt>
      <trkpt lat="24.53594206832349300384521484375" lon="118.1533348560333251953125">
        <ele>25.200000762939453125</ele>
        <time>2026-08-06T12:08:46.000Z</time>
        <extensions>
          <ns3:TrackPointExtension>
            <ns3:hr>142</ns3:hr>
            <ns3:cad>89</ns3:cad>
          </ns3:TrackPointExtension>
        </extensions>
      </trkpt>
      <trkpt lat="24.53596134670078754425048828125" lon="118.15335430204868316650390625">
        <ele>25.200000762939453125</ele>
        <time>2026-08-06T12:08:47.000Z</time>
        <extensions>
          <ns3:TrackPointExtension>
            <ns3:hr>142</ns3:hr>
            <ns3:cad>88</ns3:cad>
          </ns3:TrackPointExtension>
        </extensions>
      </trkpt>
      <trkpt lat="24.53598012216389179229736328125" lon="118.153370060026645660400390625">
        <ele>25.3999996185302734375</ele>
        <time>2026-08-06T12:08:48.000Z</time>
        <extensions>
          <ns3:TrackPointExtension>
            <ns3:hr>142</ns3:hr>
            <ns3:cad>88</ns3:cad>
          </ns3:TrackPointExtension>
        </extensions>
      </trkpt>
      <trkpt lat="24.5359993167221546173095703125" lon="118.15338623709976673126220703125">
        <ele>25.3999996185302734375</ele>
        <time>2026-08-06T12:08:49.000Z</time>
        <extensions>
          <ns3:TrackPointExtension>
            <ns3:hr>142</ns3:hr>
            <ns3:cad>88</ns3:cad>
          </ns3:TrackPointExtension>
        </extensions>
      </trkpt>
      <trkpt lat="24.53601582907140254974365234375" lon="118.1533967144787311553955078125">
        <ele>25.3999996185302734375</ele>
        <time>2026-08-06T12:08:50.000Z</time>
        <extensions>
          <ns3:TrackPointExtension>
            <ns3:hr>141</ns3:hr>
            <ns3:cad>88</ns3:cad>
          </ns3:TrackPointExtension>
        </extensions>
      </trkpt>
      <trkpt lat="24.53604181297123432159423828125" lon="118.15341942943632602691650390625">
        <ele>25.3999996185302734375</ele>
        <time>2026-08-06T12:08:51.000Z</time>
        <extensions>
          <ns3:TrackPointExtension>
            <ns3:hr>141</ns3:hr>
            <ns3:cad>88</ns3:cad>
          </ns3:TrackPointExtension>
        </extensions>
      </trkpt>
      <trkpt lat="24.53606444410979747772216796875" lon="118.15342806279659271240234375">
        <ele>25.200000762939453125</ele>
        <time>2026-08-06T12:08:52.000Z</time>
        <extensions>
          <ns3:TrackPointExtension>
            <ns3:hr>141</ns3:hr>
            <ns3:cad>88</ns3:cad>
          </ns3:TrackPointExtension>
        </extensions>
      </trkpt>
      <trkpt lat="24.5360848121345043182373046875" lon="118.153452537953853607177734375">
        <ele>25.200000762939453125</ele>
        <time>2026-08-06T12:08:53.000Z</time>
        <extensions>
          <ns3:TrackPointExtension>
            <ns3:hr>141</ns3:hr>
            <ns3:cad>88</ns3:cad>
          </ns3:TrackPointExtension>
        </extensions>
      </trkpt>
      <trkpt lat="24.53610434196889400482177734375" lon="118.153464607894420623779296875">
        <ele>25.200000762939453125</ele>
        <time>2026-08-06T12:08:54.000Z</time>
        <extensions>
          <ns3:TrackPointExtension>
            <ns3:hr>141</ns3:hr>
            <ns3:cad>88</ns3:cad>
          </ns3:TrackPointExtension>
        </extensions>
      </trkpt>
      <trkpt lat="24.53613082878291606903076171875" lon="118.153483383357524871826171875">
        <ele>25.200000762939453125</ele>
        <time>2026-08-06T12:08:55.000Z</time>
        <extensions>
          <ns3:TrackPointExtension>
            <ns3:hr>141</ns3:hr>
            <ns3:cad>88</ns3:cad>
          </ns3:TrackPointExtension>
        </extensions>
      </trkpt>
      <trkpt lat="24.53615480102598667144775390625" lon="118.1534966267645359039306640625">
        <ele>25.200000762939453125</ele>
        <time>2026-08-06T12:08:56.000Z</time>
        <extensions>
          <ns3:TrackPointExtension>
            <ns3:hr>142</ns3:hr>
            <ns3:cad>87</ns3:cad>
          </ns3:TrackPointExtension>
        </extensions>
      </trkpt>
      <trkpt lat="24.5361807011067867279052734375" lon="118.15350995399057865142822265625">
        <ele>25.200000762939453125</ele>
        <time>2026-08-06T12:08:57.000Z</time>
        <extensions>
          <ns3:TrackPointExtension>
            <ns3:hr>141</ns3:hr>
            <ns3:cad>87</ns3:cad>
          </ns3:TrackPointExtension>
        </extensions>
      </trkpt>
      <trkpt lat="24.53620090149343013763427734375" lon="118.153524287045001983642578125">
        <ele>25.200000762939453125</ele>
        <time>2026-08-06T12:08:58.000Z</time>
        <extensions>
          <ns3:TrackPointExtension>
            <ns3:hr>141</ns3:hr>
            <ns3:cad>87</ns3:cad>
          </ns3:TrackPointExtension>
        </extensions>
      </trkpt>
      <trkpt lat="24.536221437156200408935546875" lon="118.1535371951758861541748046875">
        <ele>25.200000762939453125</ele>
        <time>2026-08-06T12:08:59.000Z</time>
        <extensions>
          <ns3:TrackPointExtension>
            <ns3:hr>142</ns3:hr>
            <ns3:cad>88</ns3:cad>
          </ns3:TrackPointExtension>
        </extensions>
      </trkpt>
      <trkpt lat="24.5362423919141292572021484375" lon="118.15355286933481693267822265625">
        <ele>25.200000762939453125</ele>
        <time>2026-08-06T12:09:00.000Z</time>
        <extensions>
          <ns3:TrackPointExtension>
            <ns3:hr>142</ns3:hr>
            <ns3:cad>88</ns3:cad>
          </ns3:TrackPointExtension>
        </extensions>
      </trkpt>
      <trkpt lat="24.5362604968249797821044921875" lon="118.15356577746570110321044921875">
        <ele>25.200000762939453125</ele>
        <time>2026-08-06T12:09:01.000Z</time>
        <extensions>
          <ns3:TrackPointExtension>
            <ns3:hr>143</ns3:hr>
            <ns3:cad>88</ns3:cad>
          </ns3:TrackPointExtension>
        </extensions>
      </trkpt>
      <trkpt lat="24.53628153540194034576416015625" lon="118.1535816192626953125">
        <ele>25.200000762939453125</ele>
        <time>2026-08-06T12:09:02.000Z</time>
        <extensions>
          <ns3:TrackPointExtension>
            <ns3:hr>143</ns3:hr>
            <ns3:cad>88</ns3:cad>
          </ns3:TrackPointExtension>
        </extensions>
      </trkpt>
      <trkpt lat="24.53630215488374233245849609375" lon="118.15358656458556652069091796875">
        <ele>25.3999996185302734375</ele>
        <time>2026-08-06T12:09:03.000Z</time>
        <extensions>
          <ns3:TrackPointExtension>
            <ns3:hr>143</ns3:hr>
            <ns3:cad>88</ns3:cad>
          </ns3:TrackPointExtension>
        </extensions>
      </trkpt>
      <trkpt lat="24.53632210381329059600830078125" lon="118.1536019034683704376220703125">
        <ele>25.3999996185302734375</ele>
        <time>2026-08-06T12:09:04.000Z</time>
        <extensions>
          <ns3:TrackPointExtension>
            <ns3:hr>144</ns3:hr>
            <ns3:cad>87</ns3:cad>
          </ns3:TrackPointExtension>
        </extensions>
      </trkpt>
      <trkpt lat="24.536342136561870574951171875" lon="118.15361338667571544647216796875">
        <ele>25.3999996185302734375</ele>
        <time>2026-08-06T12:09:05.000Z</time>
        <extensions>
          <ns3:TrackPointExtension>
            <ns3:hr>143</ns3:hr>
            <ns3:cad>87</ns3:cad>
          </ns3:TrackPointExtension>
        </extensions>
      </trkpt>
      <trkpt lat="24.5363651029765605926513671875" lon="118.15363383851945400238037109375">
        <ele>25.3999996185302734375</ele>
        <time>2026-08-06T12:09:06.000Z</time>
        <extensions>
          <ns3:TrackPointExtension>
            <ns3:hr>143</ns3:hr>
            <ns3:cad>88</ns3:cad>
          </ns3:TrackPointExtension>
        </extensions>
      </trkpt>
      <trkpt lat="24.53638312406837940216064453125" lon="118.1536421366035938262939453125">
        <ele>25.3999996185302734375</ele>
        <time>2026-08-06T12:09:07.000Z</time>
        <extensions>
          <ns3:TrackPointExtension>
            <ns3:hr>143</ns3:hr>
            <ns3:cad>89</ns3:cad>
          </ns3:TrackPointExtension>
        </extensions>
      </trkpt>
      <trkpt lat="24.5364100299775600433349609375" lon="118.1536607444286346435546875">
        <ele>25.3999996185302734375</ele>
        <time>2026-08-06T12:09:08.000Z</time>
        <extensions>
          <ns3:TrackPointExtension>
            <ns3:hr>143</ns3:hr>
            <ns3:cad>89</ns3:cad>
          </ns3:TrackPointExtension>
        </extensions>
      </trkpt>
      <trkpt lat="24.5364274643361568450927734375" lon="118.15366770140826702117919921875">
        <ele>25.200000762939453125</ele>
        <time>2026-08-06T12:09:09.000Z</time>
        <extensions>
          <ns3:TrackPointExtension>
            <ns3:hr>143</ns3:hr>
            <ns3:cad>89</ns3:cad>
          </ns3:TrackPointExtension>
        </extensions>
      </trkpt>
      <trkpt lat="24.53645604662597179412841796875" lon="118.153688907623291015625">
        <ele>25.200000762939453125</ele>
        <time>2026-08-06T12:09:10.000Z</time>
        <extensions>
          <ns3:TrackPointExtension>
            <ns3:hr>143</ns3:hr>
            <ns3:cad>89</ns3:cad>
          </ns3:TrackPointExtension>
        </extensions>
      </trkpt>
      <trkpt lat="24.536475241184234619140625" lon="118.15370039083063602447509765625">
        <ele>25.200000762939453125</ele>
        <time>2026-08-06T12:09:11.000Z</time>
        <extensions>
          <ns3:TrackPointExtension>
            <ns3:hr>143</ns3:hr>
            <ns3:cad>88</ns3:cad>
          </ns3:TrackPointExtension>
        </extensions>
      </trkpt>
      <trkpt lat="24.53650466166436672210693359375" lon="118.15372235141694545745849609375">
        <ele>25.200000762939453125</ele>
        <time>2026-08-06T12:09:12.000Z</time>
        <extensions>
          <ns3:TrackPointExtension>
            <ns3:hr>143</ns3:hr>
            <ns3:cad>87</ns3:cad>
          </ns3:TrackPointExtension>
        </extensions>
      </trkpt>
      <trkpt lat="24.53652846626937389373779296875" lon="118.1537333317101001739501953125">
        <ele>25.200000762939453125</ele>
        <time>2026-08-06T12:09:13.000Z</time>
        <extensions>
          <ns3:TrackPointExtension>
            <ns3:hr>143</ns3:hr>
            <ns3:cad>87</ns3:cad>
          </ns3:TrackPointExtension>
        </extensions>
      </trkpt>
      <trkpt lat="24.5365595631301403045654296875" lon="118.1537584774196147918701171875">
        <ele>25.200000762939453125</ele>
        <time>2026-08-06T12:09:14.000Z</time>
        <extensions>
          <ns3:TrackPointExtension>
            <ns3:hr>143</ns3:hr>
            <ns3:cad>88</ns3:cad>
          </ns3:TrackPointExtension>
        </extensions>
      </trkpt>
      <trkpt lat="24.5365806855261325836181640625" lon="118.15376811660826206207275390625">
        <ele>25.200000762939453125</ele>
        <time>2026-08-06T12:09:15.000Z</time>
        <extensions>
          <ns3:TrackPointExtension>
            <ns3:hr>143</ns3:hr>
            <ns3:cad>90</ns3:cad>
          </ns3:TrackPointExtension>
        </extensions>
      </trkpt>
      <trkpt lat="24.5366108603775501251220703125" lon="118.15378873609006404876708984375">
        <ele>25.200000762939453125</ele>
        <time>2026-08-06T12:09:16.000Z</time>
        <extensions>
          <ns3:TrackPointExtension>
            <ns3:hr>143</ns3:hr>
            <ns3:cad>90</ns3:cad>
          </ns3:TrackPointExtension>
        </extensions>
      </trkpt>
      <trkpt lat="24.53663189895451068878173828125" lon="118.15379108302295207977294921875">
        <ele>25.200000762939453125</ele>
        <time>2026-08-06T12:09:17.000Z</time>
        <extensions>
          <ns3:TrackPointExtension>
            <ns3:hr>142</ns3:hr>
            <ns3:cad>90</ns3:cad>
          </ns3:TrackPointExtension>
        </extensions>
      </trkpt>
      <trkpt lat="24.53666098415851593017578125" lon="118.15380248241126537322998046875">
        <ele>25.200000762939453125</ele>
        <time>2026-08-06T12:09:18.000Z</time>
        <extensions>
          <ns3:TrackPointExtension>
            <ns3:hr>142</ns3:hr>
            <ns3:cad>89</ns3:cad>
          </ns3:TrackPointExtension>
        </extensions>
      </trkpt>
      <trkpt lat="24.53668034635484218597412109375" lon="118.1538060866296291351318359375">
        <ele>25.200000762939453125</ele>
        <time>2026-08-06T12:09:19.000Z</time>
        <extensions>
          <ns3:TrackPointExtension>
            <ns3:hr>142</ns3:hr>
            <ns3:cad>88</ns3:cad>
          </ns3:TrackPointExtension>
        </extensions>
      </trkpt>
      <trkpt lat="24.53670683316886425018310546875" lon="118.15381698310375213623046875">
        <ele>25.200000762939453125</ele>
        <time>2026-08-06T12:09:20.000Z</time>
        <extensions>
          <ns3:TrackPointExtension>
            <ns3:hr>142</ns3:hr>
            <ns3:cad>87</ns3:cad>
          </ns3:TrackPointExtension>
        </extensions>
      </trkpt>
      <trkpt lat="24.5367352478206157684326171875" lon="118.15382511354982852935791015625">
        <ele>25.200000762939453125</ele>
        <time>2026-08-06T12:09:21.000Z</time>
        <extensions>
          <ns3:TrackPointExtension>
            <ns3:hr>142</ns3:hr>
            <ns3:cad>87</ns3:cad>
          </ns3:TrackPointExtension>
        </extensions>
      </trkpt>
      <trkpt lat="24.5367650873959064483642578125" lon="118.153836093842983245849609375">
        <ele>25.200000762939453125</ele>
        <time>2026-08-06T12:09:22.000Z</time>
        <extensions>
          <ns3:TrackPointExtension>
            <ns3:hr>142</ns3:hr>
            <ns3:cad>88</ns3:cad>
          </ns3:TrackPointExtension>
        </extensions>
      </trkpt>
      <trkpt lat="24.53678796999156475067138671875" lon="118.15384841524064540863037109375">
        <ele>25.200000762939453125</ele>
        <time>2026-08-06T12:09:23.000Z</time>
        <extensions>
          <ns3:TrackPointExtension>
            <ns3:hr>141</ns3:hr>
            <ns3:cad>89</ns3:cad>
          </ns3:TrackPointExtension>
        </extensions>
      </trkpt>
      <trkpt lat="24.53681194223463535308837890625" lon="118.15386182628571987152099609375">
        <ele>25.200000762939453125</ele>
        <time>2026-08-06T12:09:24.000Z</time>
        <extensions>
          <ns3:TrackPointExtension>
            <ns3:hr>141</ns3:hr>
            <ns3:cad>89</ns3:cad>
          </ns3:TrackPointExtension>
        </extensions>
      </trkpt>
      <trkpt lat="24.53683675266802310943603515625" lon="118.153876326978206634521484375">
        <ele>25.200000762939453125</ele>
        <time>2026-08-06T12:09:25.000Z</time>
        <extensions>
          <ns3:TrackPointExtension>
            <ns3:hr>141</ns3:hr>
            <ns3:cad>89</ns3:cad>
          </ns3:TrackPointExtension>
        </extensions>
      </trkpt>
      <trkpt lat="24.53685812652111053466796875" lon="118.15388361923396587371826171875">
        <ele>25</ele>
        <time>2026-08-06T12:09:26.000Z</time>
        <extensions>
          <ns3:TrackPointExtension>
            <ns3:hr>142</ns3:hr>
            <ns3:cad>89</ns3:cad>
          </ns3:TrackPointExtension>
        </extensions>
      </trkpt>
      <trkpt lat="24.53688017092645168304443359375" lon="118.15390457399189472198486328125">
        <ele>25</ele>
        <time>2026-08-06T12:09:27.000Z</time>
        <extensions>
          <ns3:TrackPointExtension>
            <ns3:hr>141</ns3:hr>
            <ns3:cad>88</ns3:cad>
          </ns3:TrackPointExtension>
        </extensions>
      </trkpt>
      <trkpt lat="24.536899030208587646484375" lon="118.1539173983037471771240234375">
        <ele>25.200000762939453125</ele>
        <time>2026-08-06T12:09:28.000Z</time>
        <extensions>
          <ns3:TrackPointExtension>
            <ns3:hr>141</ns3:hr>
            <ns3:cad>88</ns3:cad>
          </ns3:TrackPointExtension>
        </extensions>
      </trkpt>
      <trkpt lat="24.53692342154681682586669921875" lon="118.15393726341426372528076171875">
        <ele>25</ele>
        <time>2026-08-06T12:09:29.000Z</time>
        <extensions>
          <ns3:TrackPointExtension>
            <ns3:hr>141</ns3:hr>
            <ns3:cad>88</ns3:cad>
          </ns3:TrackPointExtension>
        </extensions>
      </trkpt>
      <trkpt lat="24.53694420866668224334716796875" lon="118.1539465673267841339111328125">
        <ele>25</ele>
        <time>2026-08-06T12:09:30.000Z</time>
        <extensions>
          <ns3:TrackPointExtension>
            <ns3:hr>142</ns3:hr>
            <ns3:cad>88</ns3:cad>
          </ns3:TrackPointExtension>
        </extensions>
      </trkpt>
      <trkpt lat="24.53697136603295803070068359375" lon="118.15396693535149097442626953125">
        <ele>25</ele>
        <time>2026-08-06T12:09:31.000Z</time>
        <extensions>
          <ns3:TrackPointExtension>
            <ns3:hr>141</ns3:hr>
            <ns3:cad>88</ns3:cad>
          </ns3:TrackPointExtension>
        </extensions>
      </trkpt>
      <trkpt lat="24.53699165023863315582275390625" lon="118.153976909816265106201171875">
        <ele>25</ele>
        <time>2026-08-06T12:09:32.000Z</time>
        <extensions>
          <ns3:TrackPointExtension>
            <ns3:hr>141</ns3:hr>
            <ns3:cad>88</ns3:cad>
          </ns3:TrackPointExtension>
        </extensions>
      </trkpt>
      <trkpt lat="24.53701931051909923553466796875" lon="118.15399811603128910064697265625">
        <ele>25</ele>
        <time>2026-08-06T12:09:33.000Z</time>
        <extensions>
          <ns3:TrackPointExtension>
            <ns3:hr>141</ns3:hr>
            <ns3:cad>88</ns3:cad>
          </ns3:TrackPointExtension>
        </extensions>
      </trkpt>
      <trkpt lat="24.5370356552302837371826171875" lon="118.15401454456150531768798828125">
        <ele>25</ele>
        <time>2026-08-06T12:09:34.000Z</time>
        <extensions>
          <ns3:TrackPointExtension>
            <ns3:hr>141</ns3:hr>
            <ns3:cad>88</ns3:cad>
          </ns3:TrackPointExtension>
        </extensions>
      </trkpt>
      <trkpt lat="24.53705795109272003173828125" lon="118.15403382293879985809326171875">
        <ele>25</ele>
        <time>2026-08-06T12:09:35.000Z</time>
        <extensions>
          <ns3:TrackPointExtension>
            <ns3:hr>141</ns3:hr>
            <ns3:cad>88</ns3:cad>
          </ns3:TrackPointExtension>
        </extensions>
      </trkpt>
      <trkpt lat="24.53707446344196796417236328125" lon="118.15405142493546009063720703125">
        <ele>25</ele>
        <time>2026-08-06T12:09:36.000Z</time>
        <extensions>
          <ns3:TrackPointExtension>
            <ns3:hr>141</ns3:hr>
            <ns3:cad>88</ns3:cad>
          </ns3:TrackPointExtension>
        </extensions>
      </trkpt>
      <trkpt lat="24.5370970107614994049072265625" lon="118.154068775475025177001953125">
        <ele>25</ele>
        <time>2026-08-06T12:09:37.000Z</time>
        <extensions>
          <ns3:TrackPointExtension>
            <ns3:hr>141</ns3:hr>
            <ns3:cad>87</ns3:cad>
          </ns3:TrackPointExtension>
        </extensions>
      </trkpt>
      <trkpt lat="24.53711830079555511474609375" lon="118.1540870480239391326904296875">
        <ele>25</ele>
        <time>2026-08-06T12:09:38.000Z</time>
        <extensions>
          <ns3:TrackPointExtension>
            <ns3:hr>141</ns3:hr>
            <ns3:cad>87</ns3:cad>
          </ns3:TrackPointExtension>
        </extensions>
      </trkpt>
      <trkpt lat="24.53714369796216487884521484375" lon="118.154102303087711334228515625">
        <ele>25</ele>
        <time>2026-08-06T12:09:39.000Z</time>
        <extensions>
          <ns3:TrackPointExtension>
            <ns3:hr>141</ns3:hr>
            <ns3:cad>87</ns3:cad>
          </ns3:TrackPointExtension>
        </extensions>
      </trkpt>
      <trkpt lat="24.5371659100055694580078125" lon="118.15412032417953014373779296875">
        <ele>25</ele>
        <time>2026-08-06T12:09:40.000Z</time>
        <extensions>
          <ns3:TrackPointExtension>
            <ns3:hr>141</ns3:hr>
            <ns3:cad>88</ns3:cad>
          </ns3:TrackPointExtension>
        </extensions>
      </trkpt>
      <trkpt lat="24.53718946315348148345947265625" lon="118.154133819043636322021484375">
        <ele>25</ele>
        <time>2026-08-06T12:09:41.000Z</time>
        <extensions>
          <ns3:TrackPointExtension>
            <ns3:hr>141</ns3:hr>
            <ns3:cad>88</ns3:cad>
          </ns3:TrackPointExtension>
        </extensions>
      </trkpt>
      <trkpt lat="24.53721217811107635498046875" lon="118.15415251068770885467529296875">
        <ele>25</ele>
        <time>2026-08-06T12:09:42.000Z</time>
        <extensions>
          <ns3:TrackPointExtension>
            <ns3:hr>141</ns3:hr>
            <ns3:cad>88</ns3:cad>
          </ns3:TrackPointExtension>
        </extensions>
      </trkpt>
      <trkpt lat="24.53723606653511524200439453125" lon="118.1541624851524829864501953125">
        <ele>25</ele>
        <time>2026-08-06T12:09:43.000Z</time>
        <extensions>
          <ns3:TrackPointExtension>
            <ns3:hr>141</ns3:hr>
            <ns3:cad>88</ns3:cad>
          </ns3:TrackPointExtension>
        </extensions>
      </trkpt>
      <trkpt lat="24.5372599549591541290283203125" lon="118.15418310463428497314453125">
        <ele>24.799999237060546875</ele>
        <time>2026-08-06T12:09:44.000Z</time>
        <extensions>
          <ns3:TrackPointExtension>
            <ns3:hr>141</ns3:hr>
            <ns3:cad>87</ns3:cad>
          </ns3:TrackPointExtension>
        </extensions>
      </trkpt>
      <trkpt lat="24.53728501684963703155517578125" lon="118.15419576130807399749755859375">
        <ele>24.799999237060546875</ele>
        <time>2026-08-06T12:09:45.000Z</time>
        <extensions>
          <ns3:TrackPointExtension>
            <ns3:hr>141</ns3:hr>
            <ns3:cad>87</ns3:cad>
          </ns3:TrackPointExtension>
        </extensions>
      </trkpt>
      <trkpt lat="24.5373112522065639495849609375" lon="118.1542121060192584991455078125">
        <ele>24.799999237060546875</ele>
        <time>2026-08-06T12:09:46.000Z</time>
        <extensions>
          <ns3:TrackPointExtension>
            <ns3:hr>141</ns3:hr>
            <ns3:cad>88</ns3:cad>
          </ns3:TrackPointExtension>
        </extensions>
      </trkpt>
      <trkpt lat="24.53733296133577823638916015625" lon="118.15422023646533489227294921875">
        <ele>24.799999237060546875</ele>
        <time>2026-08-06T12:09:47.000Z</time>
        <extensions>
          <ns3:TrackPointExtension>
            <ns3:hr>141</ns3:hr>
            <ns3:cad>90</ns3:cad>
          </ns3:TrackPointExtension>
        </extensions>
      </trkpt>
      <trkpt lat="24.53735995106399059295654296875" lon="118.1542355753481388092041015625">
        <ele>24.799999237060546875</ele>
        <time>2026-08-06T12:09:48.000Z</time>
        <extensions>
          <ns3:TrackPointExtension>
            <ns3:hr>141</ns3:hr>
            <ns3:cad>90</ns3:cad>
          </ns3:TrackPointExtension>
        </extensions>
      </trkpt>
      <trkpt lat="24.53738308511674404144287109375" lon="118.1542449630796909332275390625">
        <ele>24.799999237060546875</ele>
        <time>2026-08-06T12:09:49.000Z</time>
        <extensions>
          <ns3:TrackPointExtension>
            <ns3:hr>141</ns3:hr>
            <ns3:cad>89</ns3:cad>
          </ns3:TrackPointExtension>
        </extensions>
      </trkpt>
      <trkpt lat="24.5374058000743389129638671875" lon="118.15426616929471492767333984375">
        <ele>24.799999237060546875</ele>
        <time>2026-08-06T12:09:50.000Z</time>
        <extensions>
          <ns3:TrackPointExtension>
            <ns3:hr>141</ns3:hr>
            <ns3:cad>89</ns3:cad>
          </ns3:TrackPointExtension>
        </extensions>
      </trkpt>
      <trkpt lat="24.5374255813658237457275390625" lon="118.1542774848639965057373046875">
        <ele>24.799999237060546875</ele>
        <time>2026-08-06T12:09:51.000Z</time>
        <extensions>
          <ns3:TrackPointExtension>
            <ns3:hr>141</ns3:hr>
            <ns3:cad>89</ns3:cad>
          </ns3:TrackPointExtension>
        </extensions>
      </trkpt>
      <trkpt lat="24.5374473743140697479248046875" lon="118.15429843962192535400390625">
        <ele>24.6000003814697265625</ele>
        <time>2026-08-06T12:09:52.000Z</time>
        <extensions>
          <ns3:TrackPointExtension>
            <ns3:hr>141</ns3:hr>
            <ns3:cad>89</ns3:cad>
          </ns3:TrackPointExtension>
        </extensions>
      </trkpt>
      <trkpt lat="24.53746564686298370361328125" lon="118.1543073244392871856689453125">
        <ele>24.6000003814697265625</ele>
        <time>2026-08-06T12:09:53.000Z</time>
        <extensions>
          <ns3:TrackPointExtension>
            <ns3:hr>141</ns3:hr>
            <ns3:cad>89</ns3:cad>
          </ns3:TrackPointExtension>
        </extensions>
      </trkpt>
      <trkpt lat="24.537485428154468536376953125" lon="118.15433322452008724212646484375">
        <ele>24.6000003814697265625</ele>
        <time>2026-08-06T12:09:54.000Z</time>
        <extensions>
          <ns3:TrackPointExtension>
            <ns3:hr>141</ns3:hr>
            <ns3:cad>89</ns3:cad>
          </ns3:TrackPointExtension>
        </extensions>
      </trkpt>
      <trkpt lat="24.53750177286565303802490234375" lon="118.15434713847935199737548828125">
        <ele>24.6000003814697265625</ele>
        <time>2026-08-06T12:09:55.000Z</time>
        <extensions>
          <ns3:TrackPointExtension>
            <ns3:hr>141</ns3:hr>
            <ns3:cad>89</ns3:cad>
          </ns3:TrackPointExtension>
        </extensions>
      </trkpt>
      <trkpt lat="24.53751132823526859283447265625" lon="118.15438091754913330078125">
        <ele>24.6000003814697265625</ele>
        <time>2026-08-06T12:09:56.000Z</time>
        <extensions>
          <ns3:TrackPointExtension>
            <ns3:hr>141</ns3:hr>
            <ns3:cad>89</ns3:cad>
          </ns3:TrackPointExtension>
        </extensions>
      </trkpt>
      <trkpt lat="24.53752507455646991729736328125" lon="118.1543965078890323638916015625">
        <ele>24.6000003814697265625</ele>
        <time>2026-08-06T12:09:57.000Z</time>
        <extensions>
          <ns3:TrackPointExtension>
            <ns3:hr>141</ns3:hr>
            <ns3:cad>89</ns3:cad>
          </ns3:TrackPointExtension>
        </extensions>
      </trkpt>
      <trkpt lat="24.53752934932708740234375" lon="118.154428191483020782470703125">
        <ele>24.6000003814697265625</ele>
        <time>2026-08-06T12:09:58.000Z</time>
        <extensions>
          <ns3:TrackPointExtension>
            <ns3:hr>141</ns3:hr>
            <ns3:cad>89</ns3:cad>
          </ns3:TrackPointExtension>
        </extensions>
      </trkpt>
      <trkpt lat="24.53753446228802204132080078125" lon="118.15444034524261951446533203125">
        <ele>24.3999996185302734375</ele>
        <time>2026-08-06T12:09:59.000Z</time>
        <extensions>
          <ns3:TrackPointExtension>
            <ns3:hr>141</ns3:hr>
            <ns3:cad>89</ns3:cad>
          </ns3:TrackPointExtension>
        </extensions>
      </trkpt>
      <trkpt lat="24.53752876259386539459228515625" lon="118.15447638742625713348388671875">
        <ele>24.3999996185302734375</ele>
        <time>2026-08-06T12:10:00.000Z</time>
        <extensions>
          <ns3:TrackPointExtension>
            <ns3:hr>141</ns3:hr>
            <ns3:cad>88</ns3:cad>
          </ns3:TrackPointExtension>
        </extensions>
      </trkpt>
      <trkpt lat="24.53752624802291393280029296875" lon="118.15449918620288372039794921875">
        <ele>24.3999996185302734375</ele>
        <time>2026-08-06T12:10:01.000Z</time>
        <extensions>
          <ns3:TrackPointExtension>
            <ns3:hr>140</ns3:hr>
            <ns3:cad>88</ns3:cad>
          </ns3:TrackPointExtension>
        </extensions>
      </trkpt>
      <trkpt lat="24.53751350753009319305419921875" lon="118.1545312888920307159423828125">
        <ele>24.3999996185302734375</ele>
        <time>2026-08-06T12:10:02.000Z</time>
        <extensions>
          <ns3:TrackPointExtension>
            <ns3:hr>141</ns3:hr>
            <ns3:cad>89</ns3:cad>
          </ns3:TrackPointExtension>
        </extensions>
      </trkpt>
      <trkpt lat="24.53750546090304851531982421875" lon="118.15455467440187931060791015625">
        <ele>24.3999996185302734375</ele>
        <time>2026-08-06T12:10:03.000Z</time>
        <extensions>
          <ns3:TrackPointExtension>
            <ns3:hr>140</ns3:hr>
            <ns3:cad>89</ns3:cad>
          </ns3:TrackPointExtension>
        </extensions>
      </trkpt>
      <trkpt lat="24.5374919660389423370361328125" lon="118.1545859389007091522216796875">
        <ele>24.3999996185302734375</ele>
        <time>2026-08-06T12:10:04.000Z</time>
        <extensions>
          <ns3:TrackPointExtension>
            <ns3:hr>140</ns3:hr>
            <ns3:cad>91</ns3:cad>
          </ns3:TrackPointExtension>
        </extensions>
      </trkpt>
      <trkpt lat="24.53748308122158050537109375" lon="118.15460714511573314666748046875">
        <ele>24.3999996185302734375</ele>
        <time>2026-08-06T12:10:05.000Z</time>
        <extensions>
          <ns3:TrackPointExtension>
            <ns3:hr>140</ns3:hr>
            <ns3:cad>91</ns3:cad>
          </ns3:TrackPointExtension>
        </extensions>
      </trkpt>
      <trkpt lat="24.5374641381204128265380859375" lon="118.154635392129421234130859375">
        <ele>24.3999996185302734375</ele>
        <time>2026-08-06T12:10:06.000Z</time>
        <extensions>
          <ns3:TrackPointExtension>
            <ns3:hr>140</ns3:hr>
            <ns3:cad>91</ns3:cad>
          </ns3:TrackPointExtension>
        </extensions>
      </trkpt>
      <trkpt lat="24.53745449893176555633544921875" lon="118.15465760417282581329345703125">
        <ele>24.3999996185302734375</ele>
        <time>2026-08-06T12:10:07.000Z</time>
        <extensions>
          <ns3:TrackPointExtension>
            <ns3:hr>140</ns3:hr>
            <ns3:cad>89</ns3:cad>
          </ns3:TrackPointExtension>
        </extensions>
      </trkpt>
      <trkpt lat="24.53744142316281795501708984375" lon="118.15468627028167247772216796875">
        <ele>24.3999996185302734375</ele>
        <time>2026-08-06T12:10:08.000Z</time>
        <extensions>
          <ns3:TrackPointExtension>
            <ns3:hr>140</ns3:hr>
            <ns3:cad>88</ns3:cad>
          </ns3:TrackPointExtension>
        </extensions>
      </trkpt>
      <trkpt lat="24.537429772317409515380859375" lon="118.15470806322991847991943359375">
        <ele>24.3999996185302734375</ele>
        <time>2026-08-06T12:10:09.000Z</time>
        <extensions>
          <ns3:TrackPointExtension>
            <ns3:hr>141</ns3:hr>
            <ns3:cad>88</ns3:cad>
          </ns3:TrackPointExtension>
        </extensions>
      </trkpt>
      <trkpt lat="24.537410326302051544189453125" lon="118.15473488532006740570068359375">
        <ele>24.3999996185302734375</ele>
        <time>2026-08-06T12:10:10.000Z</time>
        <extensions>
          <ns3:TrackPointExtension>
            <ns3:hr>141</ns3:hr>
            <ns3:cad>89</ns3:cad>
          </ns3:TrackPointExtension>
        </extensions>
      </trkpt>
      <trkpt lat="24.53739414922893047332763671875" lon="118.15475399605929851531982421875">
        <ele>24.3999996185302734375</ele>
        <time>2026-08-06T12:10:11.000Z</time>
        <extensions>
          <ns3:TrackPointExtension>
            <ns3:hr>141</ns3:hr>
            <ns3:cad>90</ns3:cad>
          </ns3:TrackPointExtension>
        </extensions>
      </trkpt>
      <trkpt lat="24.53737654723227024078369140625" lon="118.15477830357849597930908203125">
        <ele>24.3999996185302734375</ele>
        <time>2026-08-06T12:10:12.000Z</time>
        <extensions>
          <ns3:TrackPointExtension>
            <ns3:hr>141</ns3:hr>
            <ns3:cad>90</ns3:cad>
          </ns3:TrackPointExtension>
        </extensions>
      </trkpt>
      <trkpt lat="24.537362046539783477783203125" lon="118.1547974981367588043212890625">
        <ele>24.3999996185302734375</ele>
        <time>2026-08-06T12:10:13.000Z</time>
        <extensions>
          <ns3:TrackPointExtension>
            <ns3:hr>141</ns3:hr>
            <ns3:cad>89</ns3:cad>
          </ns3:TrackPointExtension>
        </extensions>
      </trkpt>
      <trkpt lat="24.53734938986599445343017578125" lon="118.15482373349368572235107421875">
        <ele>24.3999996185302734375</ele>
        <time>2026-08-06T12:10:14.000Z</time>
        <extensions>
          <ns3:TrackPointExtension>
            <ns3:hr>141</ns3:hr>
            <ns3:cad>89</ns3:cad>
          </ns3:TrackPointExtension>
        </extensions>
      </trkpt>
      <trkpt lat="24.53733413480222225189208984375" lon="118.1548451073467731475830078125">
        <ele>24.6000003814697265625</ele>
        <time>2026-08-06T12:10:15.000Z</time>
        <extensions>
          <ns3:TrackPointExtension>
            <ns3:hr>141</ns3:hr>
            <ns3:cad>88</ns3:cad>
          </ns3:TrackPointExtension>
        </extensions>
      </trkpt>
      <trkpt lat="24.537320472300052642822265625" lon="118.15486664883792400360107421875">
        <ele>24.6000003814697265625</ele>
        <time>2026-08-06T12:10:16.000Z</time>
        <extensions>
          <ns3:TrackPointExtension>
            <ns3:hr>141</ns3:hr>
            <ns3:cad>88</ns3:cad>
          </ns3:TrackPointExtension>
        </extensions>
      </trkpt>
      <trkpt lat="24.5373035408556461334228515625" lon="118.1548890285193920135498046875">
        <ele>24.6000003814697265625</ele>
        <time>2026-08-06T12:10:17.000Z</time>
        <extensions>
          <ns3:TrackPointExtension>
            <ns3:hr>141</ns3:hr>
            <ns3:cad>87</ns3:cad>
          </ns3:TrackPointExtension>
        </extensions>
      </trkpt>
      <trkpt lat="24.5372961647808551788330078125" lon="118.15491258166730403900146484375">
        <ele>24.799999237060546875</ele>
        <time>2026-08-06T12:10:18.000Z</time>
        <extensions>
          <ns3:TrackPointExtension>
            <ns3:hr>141</ns3:hr>
            <ns3:cad>87</ns3:cad>
          </ns3:TrackPointExtension>
        </extensions>
      </trkpt>
      <trkpt lat="24.53728233464062213897705078125" lon="118.1549386493861675262451171875">
        <ele>24.799999237060546875</ele>
        <time>2026-08-06T12:10:19.000Z</time>
        <extensions>
          <ns3:TrackPointExtension>
            <ns3:hr>141</ns3:hr>
            <ns3:cad>88</ns3:cad>
          </ns3:TrackPointExtension>
        </extensions>
      </trkpt>
      <trkpt lat="24.53727546148002147674560546875" lon="118.15496220253407955169677734375">
        <ele>24.799999237060546875</ele>
        <time>2026-08-06T12:10:20.000Z</time>
        <extensions>
          <ns3:TrackPointExtension>
            <ns3:hr>141</ns3:hr>
            <ns3:cad>88</ns3:cad>
          </ns3:TrackPointExtension>
        </extensions>
      </trkpt>
      <trkpt lat="24.537256099283695220947265625" lon="118.15498667769134044647216796875">
        <ele>24.799999237060546875</ele>
        <time>2026-08-06T12:10:21.000Z</time>
        <extensions>
          <ns3:TrackPointExtension>
            <ns3:hr>141</ns3:hr>
            <ns3:cad>88</ns3:cad>
          </ns3:TrackPointExtension>
        </extensions>
      </trkpt>
      <trkpt lat="24.5372515730559825897216796875" lon="118.1550085544586181640625">
        <ele>24.799999237060546875</ele>
        <time>2026-08-06T12:10:22.000Z</time>
        <extensions>
          <ns3:TrackPointExtension>
            <ns3:hr>141</ns3:hr>
            <ns3:cad>88</ns3:cad>
          </ns3:TrackPointExtension>
        </extensions>
      </trkpt>
      <trkpt lat="24.53723422251641750335693359375" lon="118.1550358794629573822021484375">
        <ele>24.799999237060546875</ele>
        <time>2026-08-06T12:10:23.000Z</time>
        <extensions>
          <ns3:TrackPointExtension>
            <ns3:hr>141</ns3:hr>
            <ns3:cad>87</ns3:cad>
          </ns3:TrackPointExtension>
        </extensions>
      </trkpt>
      <trkpt lat="24.5372257567942142486572265625" lon="118.1550553254783153533935546875">
        <ele>24.6000003814697265625</ele>
        <time>2026-08-06T12:10:24.000Z</time>
        <extensions>
          <ns3:TrackPointExtension>
            <ns3:hr>141</ns3:hr>
            <ns3:cad>87</ns3:cad>
          </ns3:TrackPointExtension>
        </extensions>
      </trkpt>
      <trkpt lat="24.53721192665398120880126953125" lon="118.15508474595844745635986328125">
        <ele>24.799999237060546875</ele>
        <time>2026-08-06T12:10:25.000Z</time>
        <extensions>
          <ns3:TrackPointExtension>
            <ns3:hr>140</ns3:hr>
            <ns3:cad>87</ns3:cad>
          </ns3:TrackPointExtension>
        </extensions>
      </trkpt>
      <trkpt lat="24.53720589168369770050048828125" lon="118.155107460916042327880859375">
        <ele>24.799999237060546875</ele>
        <time>2026-08-06T12:10:26.000Z</time>
        <extensions>
          <ns3:TrackPointExtension>
            <ns3:hr>141</ns3:hr>
            <ns3:cad>87</ns3:cad>
          </ns3:TrackPointExtension>
        </extensions>
      </trkpt>
      <trkpt lat="24.53719072043895721435546875" lon="118.1551381386816501617431640625">
        <ele>24.799999237060546875</ele>
        <time>2026-08-06T12:10:27.000Z</time>
        <extensions>
          <ns3:TrackPointExtension>
            <ns3:hr>141</ns3:hr>
            <ns3:cad>89</ns3:cad>
          </ns3:TrackPointExtension>
        </extensions>
      </trkpt>
      <trkpt lat="24.537179656326770782470703125" lon="118.15516035072505474090576171875">
        <ele>24.799999237060546875</ele>
        <time>2026-08-06T12:10:28.000Z</time>
        <extensions>
          <ns3:TrackPointExtension>
            <ns3:hr>141</ns3:hr>
            <ns3:cad>90</ns3:cad>
          </ns3:TrackPointExtension>
        </extensions>
      </trkpt>
      <trkpt lat="24.53716414980590343475341796875" lon="118.15518566407263278961181640625">
        <ele>24.799999237060546875</ele>
        <time>2026-08-06T12:10:29.000Z</time>
        <extensions>
          <ns3:TrackPointExtension>
            <ns3:hr>140</ns3:hr>
            <ns3:cad>90</ns3:cad>
          </ns3:TrackPointExtension>
        </extensions>
      </trkpt>
      <trkpt lat="24.53715358860790729522705078125" lon="118.15520779229700565338134765625">
        <ele>24.799999237060546875</ele>
        <time>2026-08-06T12:10:30.000Z</time>
        <extensions>
          <ns3:TrackPointExtension>
            <ns3:hr>140</ns3:hr>
            <ns3:cad>90</ns3:cad>
          </ns3:TrackPointExtension>
        </extensions>
      </trkpt>
      <trkpt lat="24.5371402613818645477294921875" lon="118.15523293800652027130126953125">
        <ele>24.799999237060546875</ele>
        <time>2026-08-06T12:10:31.000Z</time>
        <extensions>
          <ns3:TrackPointExtension>
            <ns3:hr>140</ns3:hr>
            <ns3:cad>89</ns3:cad>
          </ns3:TrackPointExtension>
        </extensions>
      </trkpt>
      <trkpt lat="24.53712609596550464630126953125" lon="118.15525154583156108856201171875">
        <ele>25</ele>
        <time>2026-08-06T12:10:32.000Z</time>
        <extensions>
          <ns3:TrackPointExtension>
            <ns3:hr>140</ns3:hr>
            <ns3:cad>88</ns3:cad>
          </ns3:TrackPointExtension>
        </extensions>
      </trkpt>
      <trkpt lat="24.5371164567768573760986328125" lon="118.15527585335075855255126953125">
        <ele>25</ele>
        <time>2026-08-06T12:10:33.000Z</time>
        <extensions>
          <ns3:TrackPointExtension>
            <ns3:hr>140</ns3:hr>
            <ns3:cad>87</ns3:cad>
          </ns3:TrackPointExtension>
        </extensions>
      </trkpt>
      <trkpt lat="24.53710623085498809814453125" lon="118.1552980653941631317138671875">
        <ele>25</ele>
        <time>2026-08-06T12:10:34.000Z</time>
        <extensions>
          <ns3:TrackPointExtension>
            <ns3:hr>141</ns3:hr>
            <ns3:cad>87</ns3:cad>
          </ns3:TrackPointExtension>
        </extensions>
      </trkpt>
      <trkpt lat="24.5370939932763576507568359375" lon="118.15531860105693340301513671875">
        <ele>25</ele>
        <time>2026-08-06T12:10:35.000Z</time>
        <extensions>
          <ns3:TrackPointExtension>
            <ns3:hr>141</ns3:hr>
            <ns3:cad>89</ns3:cad>
          </ns3:TrackPointExtension>
        </extensions>
      </trkpt>
      <trkpt lat="24.5370775647461414337158203125" lon="118.15534207038581371307373046875">
        <ele>25</ele>
        <time>2026-08-06T12:10:36.000Z</time>
        <extensions>
          <ns3:TrackPointExtension>
            <ns3:hr>141</ns3:hr>
            <ns3:cad>89</ns3:cad>
          </ns3:TrackPointExtension>
        </extensions>
      </trkpt>
      <trkpt lat="24.53706708736717700958251953125" lon="118.15536185167729854583740234375">
        <ele>25</ele>
        <time>2026-08-06T12:10:37.000Z</time>
        <extensions>
          <ns3:TrackPointExtension>
            <ns3:hr>141</ns3:hr>
            <ns3:cad>89</ns3:cad>
          </ns3:TrackPointExtension>
        </extensions>
      </trkpt>
      <trkpt lat="24.53704722225666046142578125" lon="118.15538565628230571746826171875">
        <ele>25</ele>
        <time>2026-08-06T12:10:38.000Z</time>
        <extensions>
          <ns3:TrackPointExtension>
            <ns3:hr>141</ns3:hr>
            <ns3:cad>89</ns3:cad>
          </ns3:TrackPointExtension>
        </extensions>
      </trkpt>
      <trkpt lat="24.5370366610586643218994140625" lon="118.155404515564441680908203125">
        <ele>25</ele>
        <time>2026-08-06T12:10:39.000Z</time>
        <extensions>
          <ns3:TrackPointExtension>
            <ns3:hr>141</ns3:hr>
            <ns3:cad>88</ns3:cad>
          </ns3:TrackPointExtension>
        </extensions>
      </trkpt>
      <trkpt lat="24.53701679594814777374267578125" lon="118.155427984893321990966796875">
        <ele>25</ele>
        <time>2026-08-06T12:10:40.000Z</time>
        <extensions>
          <ns3:TrackPointExtension>
            <ns3:hr>141</ns3:hr>
            <ns3:cad>88</ns3:cad>
          </ns3:TrackPointExtension>
        </extensions>
      </trkpt>
      <trkpt lat="24.53700623475015163421630859375" lon="118.15544684417545795440673828125">
        <ele>25.200000762939453125</ele>
        <time>2026-08-06T12:10:41.000Z</time>
        <extensions>
          <ns3:TrackPointExtension>
            <ns3:hr>141</ns3:hr>
            <ns3:cad>87</ns3:cad>
          </ns3:TrackPointExtension>
        </extensions>
      </trkpt>
      <trkpt lat="24.5369880460202693939208984375" lon="118.1554724089801311492919921875">
        <ele>25.200000762939453125</ele>
        <time>2026-08-06T12:10:42.000Z</time>
        <extensions>
          <ns3:TrackPointExtension>
            <ns3:hr>141</ns3:hr>
            <ns3:cad>87</ns3:cad>
          </ns3:TrackPointExtension>
        </extensions>
      </trkpt>
      <trkpt lat="24.53697681427001953125" lon="118.15549529157578945159912109375">
        <ele>25.200000762939453125</ele>
        <time>2026-08-06T12:10:43.000Z</time>
        <extensions>
          <ns3:TrackPointExtension>
            <ns3:hr>141</ns3:hr>
            <ns3:cad>87</ns3:cad>
          </ns3:TrackPointExtension>
        </extensions>
      </trkpt>
      <trkpt lat="24.5369558595120906829833984375" lon="118.15552026964724063873291015625">
        <ele>25.200000762939453125</ele>
        <time>2026-08-06T12:10:44.000Z</time>
        <extensions>
          <ns3:TrackPointExtension>
            <ns3:hr>142</ns3:hr>
            <ns3:cad>87</ns3:cad>
          </ns3:TrackPointExtension>
        </extensions>
      </trkpt>
      <trkpt lat="24.5369427837431430816650390625" lon="118.1555404700338840484619140625">
        <ele>25.200000762939453125</ele>
        <time>2026-08-06T12:10:45.000Z</time>
        <extensions>
          <ns3:TrackPointExtension>
            <ns3:hr>142</ns3:hr>
            <ns3:cad>89</ns3:cad>
          </ns3:TrackPointExtension>
        </extensions>
      </trkpt>
      <trkpt lat="24.53692509792745113372802734375" lon="118.1555652804672718048095703125">
        <ele>25.3999996185302734375</ele>
        <time>2026-08-06T12:10:46.000Z</time>
        <extensions>
          <ns3:TrackPointExtension>
            <ns3:hr>142</ns3:hr>
            <ns3:cad>89</ns3:cad>
          </ns3:TrackPointExtension>
        </extensions>
      </trkpt>
      <trkpt lat="24.53691604547202587127685546875" lon="118.1555879116058349609375">
        <ele>25.200000762939453125</ele>
        <time>2026-08-06T12:10:47.000Z</time>
        <extensions>
          <ns3:TrackPointExtension>
            <ns3:hr>142</ns3:hr>
            <ns3:cad>89</ns3:cad>
          </ns3:TrackPointExtension>
        </extensions>
      </trkpt>
      <trkpt lat="24.5369030535221099853515625" lon="118.155612386763095855712890625">
        <ele>25.3999996185302734375</ele>
        <time>2026-08-06T12:10:48.000Z</time>
        <extensions>
          <ns3:TrackPointExtension>
            <ns3:hr>142</ns3:hr>
            <ns3:cad>88</ns3:cad>
          </ns3:TrackPointExtension>
        </extensions>
      </trkpt>
      <trkpt lat="24.53689240850508213043212890625" lon="118.155637867748737335205078125">
        <ele>25.3999996185302734375</ele>
        <time>2026-08-06T12:10:49.000Z</time>
        <extensions>
          <ns3:TrackPointExtension>
            <ns3:hr>142</ns3:hr>
            <ns3:cad>88</ns3:cad>
          </ns3:TrackPointExtension>
        </extensions>
      </trkpt>
      <trkpt lat="24.5368810929358005523681640625" lon="118.155662007629871368408203125">
        <ele>25.3999996185302734375</ele>
        <time>2026-08-06T12:10:50.000Z</time>
        <extensions>
          <ns3:TrackPointExtension>
            <ns3:hr>142</ns3:hr>
            <ns3:cad>87</ns3:cad>
          </ns3:TrackPointExtension>
        </extensions>
      </trkpt>
      <trkpt lat="24.53686692751944065093994140625" lon="118.15568740479648113250732421875">
        <ele>25.3999996185302734375</ele>
        <time>2026-08-06T12:10:51.000Z</time>
        <extensions>
          <ns3:TrackPointExtension>
            <ns3:hr>142</ns3:hr>
            <ns3:cad>88</ns3:cad>
          </ns3:TrackPointExtension>
        </extensions>
      </trkpt>
      <trkpt lat="24.536855109035968780517578125" lon="118.15570785664021968841552734375">
        <ele>25.6000003814697265625</ele>
        <time>2026-08-06T12:10:52.000Z</time>
        <extensions>
          <ns3:TrackPointExtension>
            <ns3:hr>142</ns3:hr>
            <ns3:cad>88</ns3:cad>
          </ns3:TrackPointExtension>
        </extensions>
      </trkpt>
      <trkpt lat="24.5368415303528308868408203125" lon="118.15573065541684627532958984375">
        <ele>25.6000003814697265625</ele>
        <time>2026-08-06T12:10:53.000Z</time>
        <extensions>
          <ns3:TrackPointExtension>
            <ns3:hr>143</ns3:hr>
            <ns3:cad>89</ns3:cad>
          </ns3:TrackPointExtension>
        </extensions>
      </trkpt>
      <trkpt lat="24.5368301309645175933837890625" lon="118.155757226049900054931640625">
        <ele>25.6000003814697265625</ele>
        <time>2026-08-06T12:10:54.000Z</time>
        <extensions>
          <ns3:TrackPointExtension>
            <ns3:hr>142</ns3:hr>
            <ns3:cad>89</ns3:cad>
          </ns3:TrackPointExtension>
        </extensions>
      </trkpt>
      <trkpt lat="24.53681345097720623016357421875" lon="118.15577994100749492645263671875">
        <ele>25.6000003814697265625</ele>
        <time>2026-08-06T12:10:55.000Z</time>
        <extensions>
          <ns3:TrackPointExtension>
            <ns3:hr>142</ns3:hr>
            <ns3:cad>89</ns3:cad>
          </ns3:TrackPointExtension>
        </extensions>
      </trkpt>
      <trkpt lat="24.53680984675884246826171875" lon="118.1558046676218509674072265625">
        <ele>25.6000003814697265625</ele>
        <time>2026-08-06T12:10:56.000Z</time>
        <extensions>
          <ns3:TrackPointExtension>
            <ns3:hr>141</ns3:hr>
            <ns3:cad>89</ns3:cad>
          </ns3:TrackPointExtension>
        </extensions>
      </trkpt>
      <trkpt lat="24.53679668717086315155029296875" lon="118.1558311544358730316162109375">
        <ele>25.3999996185302734375</ele>
        <time>2026-08-06T12:10:57.000Z</time>
        <extensions>
          <ns3:TrackPointExtension>
            <ns3:hr>141</ns3:hr>
            <ns3:cad>88</ns3:cad>
          </ns3:TrackPointExtension>
        </extensions>
      </trkpt>
      <trkpt lat="24.5367905683815479278564453125" lon="118.1558547914028167724609375">
        <ele>25.6000003814697265625</ele>
        <time>2026-08-06T12:10:58.000Z</time>
        <extensions>
          <ns3:TrackPointExtension>
            <ns3:hr>141</ns3:hr>
            <ns3:cad>87</ns3:cad>
          </ns3:TrackPointExtension>
        </extensions>
      </trkpt>
      <trkpt lat="24.53677439130842685699462890625" lon="118.155878596007823944091796875">
        <ele>25.6000003814697265625</ele>
        <time>2026-08-06T12:10:59.000Z</time>
        <extensions>
          <ns3:TrackPointExtension>
            <ns3:hr>140</ns3:hr>
            <ns3:cad>87</ns3:cad>
          </ns3:TrackPointExtension>
        </extensions>
      </trkpt>
      <trkpt lat="24.53676936216652393341064453125" lon="118.15590181387960910797119140625">
        <ele>25.6000003814697265625</ele>
        <time>2026-08-06T12:11:00.000Z</time>
        <extensions>
          <ns3:TrackPointExtension>
            <ns3:hr>139</ns3:hr>
            <ns3:cad>89</ns3:cad>
          </ns3:TrackPointExtension>
        </extensions>
      </trkpt>
      <trkpt lat="24.5367546938359737396240234375" lon="118.15592913888394832611083984375">
        <ele>25.6000003814697265625</ele>
        <time>2026-08-06T12:11:01.000Z</time>
        <extensions>
          <ns3:TrackPointExtension>
            <ns3:hr>139</ns3:hr>
            <ns3:cad>89</ns3:cad>
          </ns3:TrackPointExtension>
        </extensions>
      </trkpt>
      <trkpt lat="24.53674547374248504638671875" lon="118.1559505127370357513427734375">
        <ele>25.6000003814697265625</ele>
        <time>2026-08-06T12:11:02.000Z</time>
        <extensions>
          <ns3:TrackPointExtension>
            <ns3:hr>139</ns3:hr>
            <ns3:cad>89</ns3:cad>
          </ns3:TrackPointExtension>
        </extensions>
      </trkpt>
      <trkpt lat="24.53672594390809535980224609375" lon="118.15597557462751865386962890625">
        <ele>25.6000003814697265625</ele>
        <time>2026-08-06T12:11:03.000Z</time>
        <extensions>
          <ns3:TrackPointExtension>
            <ns3:hr>140</ns3:hr>
            <ns3:cad>89</ns3:cad>
          </ns3:TrackPointExtension>
        </extensions>
      </trkpt>
      <trkpt lat="24.5367151312530040740966796875" lon="118.155993260443210601806640625">
        <ele>25.6000003814697265625</ele>
        <time>2026-08-06T12:11:04.000Z</time>
        <extensions>
          <ns3:TrackPointExtension>
            <ns3:hr>140</ns3:hr>
            <ns3:cad>88</ns3:cad>
          </ns3:TrackPointExtension>
        </extensions>
      </trkpt>
      <trkpt lat="24.53669073991477489471435546875" lon="118.156016729772090911865234375">
        <ele>25.6000003814697265625</ele>
        <time>2026-08-06T12:11:05.000Z</time>
        <extensions>
          <ns3:TrackPointExtension>
            <ns3:hr>140</ns3:hr>
            <ns3:cad>88</ns3:cad>
          </ns3:TrackPointExtension>
        </extensions>
      </trkpt>
      <trkpt lat="24.53668017871677875518798828125" lon="118.156037516891956329345703125">
        <ele>25.6000003814697265625</ele>
        <time>2026-08-06T12:11:06.000Z</time>
        <extensions>
          <ns3:TrackPointExtension>
            <ns3:hr>140</ns3:hr>
            <ns3:cad>87</ns3:cad>
          </ns3:TrackPointExtension>
        </extensions>
      </trkpt>
      <trkpt lat="24.53665821813046932220458984375" lon="118.15606107003986835479736328125">
        <ele>25.799999237060546875</ele>
        <time>2026-08-06T12:11:07.000Z</time>
        <extensions>
          <ns3:TrackPointExtension>
            <ns3:hr>140</ns3:hr>
            <ns3:cad>88</ns3:cad>
          </ns3:TrackPointExtension>
        </extensions>
      </trkpt>
      <trkpt lat="24.536641202867031097412109375" lon="118.156080432236194610595703125">
        <ele>25.799999237060546875</ele>
        <time>2026-08-06T12:11:08.000Z</time>
        <extensions>
          <ns3:TrackPointExtension>
            <ns3:hr>140</ns3:hr>
            <ns3:cad>89</ns3:cad>
          </ns3:TrackPointExtension>
        </extensions>
      </trkpt>
      <trkpt lat="24.53660775907337665557861328125" lon="118.15609560348093509674072265625">
        <ele>25.799999237060546875</ele>
        <time>2026-08-06T12:11:09.000Z</time>
        <extensions>
          <ns3:TrackPointExtension>
            <ns3:hr>139</ns3:hr>
            <ns3:cad>89</ns3:cad>
          </ns3:TrackPointExtension>
        </extensions>
      </trkpt>
      <trkpt lat="24.5365806855261325836181640625" lon="118.156106583774089813232421875">
        <ele>25.799999237060546875</ele>
        <time>2026-08-06T12:11:10.000Z</time>
        <extensions>
          <ns3:TrackPointExtension>
            <ns3:hr>138</ns3:hr>
            <ns3:cad>89</ns3:cad>
          </ns3:TrackPointExtension>
        </extensions>
      </trkpt>
      <trkpt lat="24.53654891811311244964599609375" lon="118.15611639060080051422119140625">
        <ele>25.799999237060546875</ele>
        <time>2026-08-06T12:11:11.000Z</time>
        <extensions>
          <ns3:TrackPointExtension>
            <ns3:hr>137</ns3:hr>
            <ns3:cad>89</ns3:cad>
          </ns3:TrackPointExtension>
        </extensions>
      </trkpt>
      <trkpt lat="24.53652276657521724700927734375" lon="118.156121335923671722412109375">
        <ele>25.799999237060546875</ele>
        <time>2026-08-06T12:11:12.000Z</time>
        <extensions>
          <ns3:TrackPointExtension>
            <ns3:hr>137</ns3:hr>
            <ns3:cad>88</ns3:cad>
          </ns3:TrackPointExtension>
        </extensions>
      </trkpt>
      <trkpt lat="24.536491669714450836181640625" lon="118.15612594597041606903076171875">
        <ele>26</ele>
        <time>2026-08-06T12:11:13.000Z</time>
        <extensions>
          <ns3:TrackPointExtension>
            <ns3:hr>137</ns3:hr>
            <ns3:cad>88</ns3:cad>
          </ns3:TrackPointExtension>
        </extensions>
      </trkpt>
      <trkpt lat="24.53646493144333362579345703125" lon="118.15612644888460636138916015625">
        <ele>26</ele>
        <time>2026-08-06T12:11:14.000Z</time>
        <extensions>
          <ns3:TrackPointExtension>
            <ns3:hr>137</ns3:hr>
            <ns3:cad>87</ns3:cad>
          </ns3:TrackPointExtension>
        </extensions>
      </trkpt>
      <trkpt lat="24.536432661116123199462890625" lon="118.156122677028179168701171875">
        <ele>26</ele>
        <time>2026-08-06T12:11:15.000Z</time>
        <extensions>
          <ns3:TrackPointExtension>
            <ns3:hr>137</ns3:hr>
            <ns3:cad>88</ns3:cad>
          </ns3:TrackPointExtension>
        </extensions>
      </trkpt>
      <trkpt lat="24.53640676103532314300537109375" lon="118.1561134569346904754638671875">
        <ele>26</ele>
        <time>2026-08-06T12:11:16.000Z</time>
        <extensions>
          <ns3:TrackPointExtension>
            <ns3:hr>138</ns3:hr>
            <ns3:cad>89</ns3:cad>
          </ns3:TrackPointExtension>
        </extensions>
      </trkpt>
      <trkpt lat="24.53638060949742794036865234375" lon="118.1561094336211681365966796875">
        <ele>26</ele>
        <time>2026-08-06T12:11:17.000Z</time>
        <extensions>
          <ns3:TrackPointExtension>
            <ns3:hr>138</ns3:hr>
            <ns3:cad>90</ns3:cad>
          </ns3:TrackPointExtension>
        </extensions>
      </trkpt>
      <trkpt lat="24.5363553799688816070556640625" lon="118.15609878860414028167724609375">
        <ele>26</ele>
        <time>2026-08-06T12:11:18.000Z</time>
        <extensions>
          <ns3:TrackPointExtension>
            <ns3:hr>139</ns3:hr>
            <ns3:cad>90</ns3:cad>
          </ns3:TrackPointExtension>
        </extensions>
      </trkpt>
      <trkpt lat="24.5363352634012699127197265625" lon="118.1560906581580638885498046875">
        <ele>26.200000762939453125</ele>
        <time>2026-08-06T12:11:19.000Z</time>
        <extensions>
          <ns3:TrackPointExtension>
            <ns3:hr>139</ns3:hr>
            <ns3:cad>90</ns3:cad>
          </ns3:TrackPointExtension>
        </extensions>
      </trkpt>
      <trkpt lat="24.53631020151078701019287109375" lon="118.156075067818164825439453125">
        <ele>26.200000762939453125</ele>
        <time>2026-08-06T12:11:20.000Z</time>
        <extensions>
          <ns3:TrackPointExtension>
            <ns3:hr>139</ns3:hr>
            <ns3:cad>89</ns3:cad>
          </ns3:TrackPointExtension>
        </extensions>
      </trkpt>
      <trkpt lat="24.53629042021930217742919921875" lon="118.15606794320046901702880859375">
        <ele>26.200000762939453125</ele>
        <time>2026-08-06T12:11:21.000Z</time>
        <extensions>
          <ns3:TrackPointExtension>
            <ns3:hr>140</ns3:hr>
            <ns3:cad>89</ns3:cad>
          </ns3:TrackPointExtension>
        </extensions>
      </trkpt>
      <trkpt lat="24.53626510687172412872314453125" lon="118.15605402924120426177978515625">
        <ele>26.200000762939453125</ele>
        <time>2026-08-06T12:11:22.000Z</time>
        <extensions>
          <ns3:TrackPointExtension>
            <ns3:hr>140</ns3:hr>
            <ns3:cad>87</ns3:cad>
          </ns3:TrackPointExtension>
        </extensions>
      </trkpt>
      <trkpt lat="24.53624834306538105010986328125" lon="118.15604430623352527618408203125">
        <ele>26.200000762939453125</ele>
        <time>2026-08-06T12:11:23.000Z</time>
        <extensions>
          <ns3:TrackPointExtension>
            <ns3:hr>140</ns3:hr>
            <ns3:cad>87</ns3:cad>
          </ns3:TrackPointExtension>
        </extensions>
      </trkpt>
      <trkpt lat="24.53622353263199329376220703125" lon="118.15602318383753299713134765625">
        <ele>26.200000762939453125</ele>
        <time>2026-08-06T12:11:24.000Z</time>
        <extensions>
          <ns3:TrackPointExtension>
            <ns3:hr>140</ns3:hr>
            <ns3:cad>87</ns3:cad>
          </ns3:TrackPointExtension>
        </extensions>
      </trkpt>
      <trkpt lat="24.5362075231969356536865234375" lon="118.15601228736340999603271484375">
        <ele>26.200000762939453125</ele>
        <time>2026-08-06T12:11:25.000Z</time>
        <extensions>
          <ns3:TrackPointExtension>
            <ns3:hr>141</ns3:hr>
            <ns3:cad>89</ns3:cad>
          </ns3:TrackPointExtension>
        </extensions>
      </trkpt>
      <trkpt lat="24.5361847244203090667724609375" lon="118.1559974513947963714599609375">
        <ele>26.3999996185302734375</ele>
        <time>2026-08-06T12:11:26.000Z</time>
        <extensions>
          <ns3:TrackPointExtension>
            <ns3:hr>141</ns3:hr>
            <ns3:cad>89</ns3:cad>
          </ns3:TrackPointExtension>
        </extensions>
      </trkpt>
      <trkpt lat="24.5361609198153018951416015625" lon="118.1559853814542293548583984375">
        <ele>26.3999996185302734375</ele>
        <time>2026-08-06T12:11:27.000Z</time>
        <extensions>
          <ns3:TrackPointExtension>
            <ns3:hr>141</ns3:hr>
            <ns3:cad>89</ns3:cad>
          </ns3:TrackPointExtension>
        </extensions>
      </trkpt>
      <trkpt lat="24.53613619320094585418701171875" lon="118.155969791114330291748046875">
        <ele>26.3999996185302734375</ele>
        <time>2026-08-06T12:11:28.000Z</time>
        <extensions>
          <ns3:TrackPointExtension>
            <ns3:hr>141</ns3:hr>
            <ns3:cad>88</ns3:cad>
          </ns3:TrackPointExtension>
        </extensions>
      </trkpt>
      <trkpt lat="24.53611473552882671356201171875" lon="118.15595545805990695953369140625">
        <ele>26.3999996185302734375</ele>
        <time>2026-08-06T12:11:29.000Z</time>
        <extensions>
          <ns3:TrackPointExtension>
            <ns3:hr>141</ns3:hr>
            <ns3:cad>88</ns3:cad>
          </ns3:TrackPointExtension>
        </extensions>
      </trkpt>
      <trkpt lat="24.5360925234854221343994140625" lon="118.155941627919673919677734375">
        <ele>26.200000762939453125</ele>
        <time>2026-08-06T12:11:30.000Z</time>
        <extensions>
          <ns3:TrackPointExtension>
            <ns3:hr>142</ns3:hr>
            <ns3:cad>87</ns3:cad>
          </ns3:TrackPointExtension>
        </extensions>
      </trkpt>
      <trkpt lat="24.53606913797557353973388671875" lon="118.15592561848461627960205078125">
        <ele>26.200000762939453125</ele>
        <time>2026-08-06T12:11:31.000Z</time>
        <extensions>
          <ns3:TrackPointExtension>
            <ns3:hr>142</ns3:hr>
            <ns3:cad>87</ns3:cad>
          </ns3:TrackPointExtension>
        </extensions>
      </trkpt>
      <trkpt lat="24.53604751266539096832275390625" lon="118.15591170452535152435302734375">
        <ele>26.200000762939453125</ele>
        <time>2026-08-06T12:11:32.000Z</time>
        <extensions>
          <ns3:TrackPointExtension>
            <ns3:hr>143</ns3:hr>
            <ns3:cad>88</ns3:cad>
          </ns3:TrackPointExtension>
        </extensions>
      </trkpt>
      <trkpt lat="24.5360247977077960968017578125" lon="118.15589644946157932281494140625">
        <ele>26.200000762939453125</ele>
        <time>2026-08-06T12:11:33.000Z</time>
        <extensions>
          <ns3:TrackPointExtension>
            <ns3:hr>144</ns3:hr>
            <ns3:cad>88</ns3:cad>
          </ns3:TrackPointExtension>
        </extensions>
      </trkpt>
      <trkpt lat="24.536004848778247833251953125" lon="118.155886642634868621826171875">
        <ele>26.200000762939453125</ele>
        <time>2026-08-06T12:11:34.000Z</time>
        <extensions>
          <ns3:TrackPointExtension>
            <ns3:hr>144</ns3:hr>
            <ns3:cad>89</ns3:cad>
          </ns3:TrackPointExtension>
        </extensions>
      </trkpt>
      <trkpt lat="24.535982050001621246337890625" lon="118.1558700464665889739990234375">
        <ele>26.200000762939453125</ele>
        <time>2026-08-06T12:11:35.000Z</time>
        <extensions>
          <ns3:TrackPointExtension>
            <ns3:hr>144</ns3:hr>
            <ns3:cad>89</ns3:cad>
          </ns3:TrackPointExtension>
        </extensions>
      </trkpt>
      <trkpt lat="24.5359621010720729827880859375" lon="118.155863173305988311767578125">
        <ele>26.3999996185302734375</ele>
        <time>2026-08-06T12:11:36.000Z</time>
        <extensions>
          <ns3:TrackPointExtension>
            <ns3:hr>145</ns3:hr>
            <ns3:cad>89</ns3:cad>
          </ns3:TrackPointExtension>
        </extensions>
      </trkpt>
      <trkpt lat="24.53593804500997066497802734375" lon="118.15584607422351837158203125">
        <ele>26.3999996185302734375</ele>
        <time>2026-08-06T12:11:37.000Z</time>
        <extensions>
          <ns3:TrackPointExtension>
            <ns3:hr>145</ns3:hr>
            <ns3:cad>87</ns3:cad>
          </ns3:TrackPointExtension>
        </extensions>
      </trkpt>
      <trkpt lat="24.53591658733785152435302734375" lon="118.1558348424732685089111328125">
        <ele>26.3999996185302734375</ele>
        <time>2026-08-06T12:11:38.000Z</time>
        <extensions>
          <ns3:TrackPointExtension>
            <ns3:hr>145</ns3:hr>
            <ns3:cad>87</ns3:cad>
          </ns3:TrackPointExtension>
        </extensions>
      </trkpt>
      <trkpt lat="24.5358933694660663604736328125" lon="118.15581564791500568389892578125">
        <ele>26.200000762939453125</ele>
        <time>2026-08-06T12:11:39.000Z</time>
        <extensions>
          <ns3:TrackPointExtension>
            <ns3:hr>145</ns3:hr>
            <ns3:cad>87</ns3:cad>
          </ns3:TrackPointExtension>
        </extensions>
      </trkpt>
      <trkpt lat="24.53587400726974010467529296875" lon="118.1558060087263584136962890625">
        <ele>26.200000762939453125</ele>
        <time>2026-08-06T12:11:40.000Z</time>
        <extensions>
          <ns3:TrackPointExtension>
            <ns3:hr>145</ns3:hr>
            <ns3:cad>89</ns3:cad>
          </ns3:TrackPointExtension>
        </extensions>
      </trkpt>
      <trkpt lat="24.53584961593151092529296875" lon="118.1557858921587467193603515625">
        <ele>26.200000762939453125</ele>
        <time>2026-08-06T12:11:41.000Z</time>
        <extensions>
          <ns3:TrackPointExtension>
            <ns3:hr>144</ns3:hr>
            <ns3:cad>89</ns3:cad>
          </ns3:TrackPointExtension>
        </extensions>
      </trkpt>
      <trkpt lat="24.53583025373518466949462890625" lon="118.1557798571884632110595703125">
        <ele>26.200000762939453125</ele>
        <time>2026-08-06T12:11:42.000Z</time>
        <extensions>
          <ns3:TrackPointExtension>
            <ns3:hr>144</ns3:hr>
            <ns3:cad>90</ns3:cad>
          </ns3:TrackPointExtension>
        </extensions>
      </trkpt>
      <trkpt lat="24.53580695204436779022216796875" lon="118.1557654403150081634521484375">
        <ele>26.200000762939453125</ele>
        <time>2026-08-06T12:11:43.000Z</time>
        <extensions>
          <ns3:TrackPointExtension>
            <ns3:hr>144</ns3:hr>
            <ns3:cad>90</ns3:cad>
          </ns3:TrackPointExtension>
        </extensions>
      </trkpt>
      <trkpt lat="24.5357845723628997802734375" lon="118.15576183609664440155029296875">
        <ele>26.3999996185302734375</ele>
        <time>2026-08-06T12:11:44.000Z</time>
        <extensions>
          <ns3:TrackPointExtension>
            <ns3:hr>144</ns3:hr>
            <ns3:cad>90</ns3:cad>
          </ns3:TrackPointExtension>
        </extensions>
      </trkpt>
      <trkpt lat="24.53575531952083110809326171875" lon="118.1557443179190158843994140625">
        <ele>26.3999996185302734375</ele>
        <time>2026-08-06T12:11:45.000Z</time>
        <extensions>
          <ns3:TrackPointExtension>
            <ns3:hr>143</ns3:hr>
            <ns3:cad>89</ns3:cad>
          </ns3:TrackPointExtension>
        </extensions>
      </trkpt>
      <trkpt lat="24.5357351191341876983642578125" lon="118.155739791691303253173828125">
        <ele>26.3999996185302734375</ele>
        <time>2026-08-06T12:11:46.000Z</time>
        <extensions>
          <ns3:TrackPointExtension>
            <ns3:hr>143</ns3:hr>
            <ns3:cad>88</ns3:cad>
          </ns3:TrackPointExtension>
        </extensions>
      </trkpt>
      <trkpt lat="24.53571014106273651123046875" lon="118.155724704265594482421875">
        <ele>26.3999996185302734375</ele>
        <time>2026-08-06T12:11:47.000Z</time>
        <extensions>
          <ns3:TrackPointExtension>
            <ns3:hr>142</ns3:hr>
            <ns3:cad>88</ns3:cad>
          </ns3:TrackPointExtension>
        </extensions>
      </trkpt>
      <trkpt lat="24.5356933772563934326171875" lon="118.15571573562920093536376953125">
        <ele>26.3999996185302734375</ele>
        <time>2026-08-06T12:11:48.000Z</time>
        <extensions>
          <ns3:TrackPointExtension>
            <ns3:hr>142</ns3:hr>
            <ns3:cad>88</ns3:cad>
          </ns3:TrackPointExtension>
        </extensions>
      </trkpt>
      <trkpt lat="24.53566747717559337615966796875" lon="118.1556977145373821258544921875">
        <ele>26.3999996185302734375</ele>
        <time>2026-08-06T12:11:49.000Z</time>
        <extensions>
          <ns3:TrackPointExtension>
            <ns3:hr>142</ns3:hr>
            <ns3:cad>88</ns3:cad>
          </ns3:TrackPointExtension>
        </extensions>
      </trkpt>
      <trkpt lat="24.53564953990280628204345703125" lon="118.15568245947360992431640625">
        <ele>26.6000003814697265625</ele>
        <time>2026-08-06T12:11:50.000Z</time>
        <extensions>
          <ns3:TrackPointExtension>
            <ns3:hr>142</ns3:hr>
            <ns3:cad>89</ns3:cad>
          </ns3:TrackPointExtension>
        </extensions>
      </trkpt>
      <trkpt lat="24.5356251485645771026611328125" lon="118.15566292963922023773193359375">
        <ele>26.6000003814697265625</ele>
        <time>2026-08-06T12:11:51.000Z</time>
        <extensions>
          <ns3:TrackPointExtension>
            <ns3:hr>142</ns3:hr>
            <ns3:cad>89</ns3:cad>
          </ns3:TrackPointExtension>
        </extensions>
      </trkpt>
      <trkpt lat="24.53560578636825084686279296875" lon="118.15564692020416259765625">
        <ele>26.6000003814697265625</ele>
        <time>2026-08-06T12:11:52.000Z</time>
        <extensions>
          <ns3:TrackPointExtension>
            <ns3:hr>141</ns3:hr>
            <ns3:cad>89</ns3:cad>
          </ns3:TrackPointExtension>
        </extensions>
      </trkpt>
      <trkpt lat="24.53558248467743396759033203125" lon="118.15562722273170948028564453125">
        <ele>26.6000003814697265625</ele>
        <time>2026-08-06T12:11:53.000Z</time>
        <extensions>
          <ns3:TrackPointExtension>
            <ns3:hr>141</ns3:hr>
            <ns3:cad>89</ns3:cad>
          </ns3:TrackPointExtension>
        </extensions>
      </trkpt>
      <trkpt lat="24.5355624519288539886474609375" lon="118.1556080281734466552734375">
        <ele>26.6000003814697265625</ele>
        <time>2026-08-06T12:11:54.000Z</time>
        <extensions>
          <ns3:TrackPointExtension>
            <ns3:hr>141</ns3:hr>
            <ns3:cad>88</ns3:cad>
          </ns3:TrackPointExtension>
        </extensions>
      </trkpt>
      <trkpt lat="24.53554158098995685577392578125" lon="118.1555946171283721923828125">
        <ele>26.3999996185302734375</ele>
        <time>2026-08-06T12:11:55.000Z</time>
        <extensions>
          <ns3:TrackPointExtension>
            <ns3:hr>140</ns3:hr>
            <ns3:cad>88</ns3:cad>
          </ns3:TrackPointExtension>
        </extensions>
      </trkpt>
      <trkpt lat="24.53552263788878917694091796875" lon="118.15557927824556827545166015625">
        <ele>26.3999996185302734375</ele>
        <time>2026-08-06T12:11:56.000Z</time>
        <extensions>
          <ns3:TrackPointExtension>
            <ns3:hr>140</ns3:hr>
            <ns3:cad>88</ns3:cad>
          </ns3:TrackPointExtension>
        </extensions>
      </trkpt>
      <trkpt lat="24.53550235368311405181884765625" lon="118.15556637011468410491943359375">
        <ele>26.6000003814697265625</ele>
        <time>2026-08-06T12:11:57.000Z</time>
        <extensions>
          <ns3:TrackPointExtension>
            <ns3:hr>140</ns3:hr>
            <ns3:cad>89</ns3:cad>
          </ns3:TrackPointExtension>
        </extensions>
      </trkpt>
      <trkpt lat="24.53548005782067775726318359375" lon="118.1555475108325481414794921875">
        <ele>26.6000003814697265625</ele>
        <time>2026-08-06T12:11:58.000Z</time>
        <extensions>
          <ns3:TrackPointExtension>
            <ns3:hr>139</ns3:hr>
            <ns3:cad>90</ns3:cad>
          </ns3:TrackPointExtension>
        </extensions>
      </trkpt>
      <trkpt lat="24.53545876778662204742431640625" lon="118.15553585998713970184326171875">
        <ele>26.6000003814697265625</ele>
        <time>2026-08-06T12:11:59.000Z</time>
        <extensions>
          <ns3:TrackPointExtension>
            <ns3:hr>139</ns3:hr>
            <ns3:cad>89</ns3:cad>
          </ns3:TrackPointExtension>
        </extensions>
      </trkpt>
      <trkpt lat="24.53543613664805889129638671875" lon="118.155520521104335784912109375">
        <ele>26.6000003814697265625</ele>
        <time>2026-08-06T12:12:00.000Z</time>
        <extensions>
          <ns3:TrackPointExtension>
            <ns3:hr>139</ns3:hr>
            <ns3:cad>89</ns3:cad>
          </ns3:TrackPointExtension>
        </extensions>
      </trkpt>
      <trkpt lat="24.535416774451732635498046875" lon="118.15551356412470340728759765625">
        <ele>26.6000003814697265625</ele>
        <time>2026-08-06T12:12:01.000Z</time>
        <extensions>
          <ns3:TrackPointExtension>
            <ns3:hr>140</ns3:hr>
            <ns3:cad>89</ns3:cad>
          </ns3:TrackPointExtension>
        </extensions>
      </trkpt>
      <trkpt lat="24.53539405949413776397705078125" lon="118.155496381223201751708984375">
        <ele>26.6000003814697265625</ele>
        <time>2026-08-06T12:12:02.000Z</time>
        <extensions>
          <ns3:TrackPointExtension>
            <ns3:hr>140</ns3:hr>
            <ns3:cad>88</ns3:cad>
          </ns3:TrackPointExtension>
        </extensions>
      </trkpt>
      <trkpt lat="24.5353730209171772003173828125" lon="118.1554844789206981658935546875">
        <ele>26.6000003814697265625</ele>
        <time>2026-08-06T12:12:03.000Z</time>
        <extensions>
          <ns3:TrackPointExtension>
            <ns3:hr>140</ns3:hr>
            <ns3:cad>87</ns3:cad>
          </ns3:TrackPointExtension>
        </extensions>
      </trkpt>
      <trkpt lat="24.5353525690734386444091796875" lon="118.1554633565247058868408203125">
        <ele>26.6000003814697265625</ele>
        <time>2026-08-06T12:12:04.000Z</time>
        <extensions>
          <ns3:TrackPointExtension>
            <ns3:hr>139</ns3:hr>
            <ns3:cad>87</ns3:cad>
          </ns3:TrackPointExtension>
        </extensions>
      </trkpt>
      <trkpt lat="24.5353312790393829345703125" lon="118.15545338205993175506591796875">
        <ele>26.6000003814697265625</ele>
        <time>2026-08-06T12:12:05.000Z</time>
        <extensions>
          <ns3:TrackPointExtension>
            <ns3:hr>140</ns3:hr>
            <ns3:cad>89</ns3:cad>
          </ns3:TrackPointExtension>
        </extensions>
      </trkpt>
      <trkpt lat="24.53530956991016864776611328125" lon="118.1554388813674449920654296875">
        <ele>26.6000003814697265625</ele>
        <time>2026-08-06T12:12:06.000Z</time>
        <extensions>
          <ns3:TrackPointExtension>
            <ns3:hr>140</ns3:hr>
            <ns3:cad>90</ns3:cad>
          </ns3:TrackPointExtension>
        </extensions>
      </trkpt>
      <trkpt lat="24.5352918840944766998291015625" lon="118.155431337654590606689453125">
        <ele>26.6000003814697265625</ele>
        <time>2026-08-06T12:12:07.000Z</time>
        <extensions>
          <ns3:TrackPointExtension>
            <ns3:hr>139</ns3:hr>
            <ns3:cad>90</ns3:cad>
          </ns3:TrackPointExtension>
        </extensions>
      </trkpt>
      <trkpt lat="24.53526900149881839752197265625" lon="118.15541557967662811279296875">
        <ele>26.6000003814697265625</ele>
        <time>2026-08-06T12:12:08.000Z</time>
        <extensions>
          <ns3:TrackPointExtension>
            <ns3:hr>139</ns3:hr>
            <ns3:cad>90</ns3:cad>
          </ns3:TrackPointExtension>
        </extensions>
      </trkpt>
      <trkpt lat="24.53525005839765071868896484375" lon="118.15540962852537631988525390625">
        <ele>26.6000003814697265625</ele>
        <time>2026-08-06T12:12:09.000Z</time>
        <extensions>
          <ns3:TrackPointExtension>
            <ns3:hr>139</ns3:hr>
            <ns3:cad>89</ns3:cad>
          </ns3:TrackPointExtension>
        </extensions>
      </trkpt>
      <trkpt lat="24.5352265052497386932373046875" lon="118.15539370290935039520263671875">
        <ele>26.799999237060546875</ele>
        <time>2026-08-06T12:12:10.000Z</time>
        <extensions>
          <ns3:TrackPointExtension>
            <ns3:hr>139</ns3:hr>
            <ns3:cad>89</ns3:cad>
          </ns3:TrackPointExtension>
        </extensions>
      </trkpt>
      <trkpt lat="24.53520881943404674530029296875" lon="118.15538397990167140960693359375">
        <ele>26.799999237060546875</ele>
        <time>2026-08-06T12:12:11.000Z</time>
        <extensions>
          <ns3:TrackPointExtension>
            <ns3:hr>140</ns3:hr>
            <ns3:cad>88</ns3:cad>
          </ns3:TrackPointExtension>
        </extensions>
      </trkpt>
      <trkpt lat="24.535184092819690704345703125" lon="118.15536151640117168426513671875">
        <ele>26.6000003814697265625</ele>
        <time>2026-08-06T12:12:12.000Z</time>
        <extensions>
          <ns3:TrackPointExtension>
            <ns3:hr>140</ns3:hr>
            <ns3:cad>88</ns3:cad>
          </ns3:TrackPointExtension>
        </extensions>
      </trkpt>
      <trkpt lat="24.5351654849946498870849609375" lon="118.15535246394574642181396484375">
        <ele>26.6000003814697265625</ele>
        <time>2026-08-06T12:12:13.000Z</time>
        <extensions>
          <ns3:TrackPointExtension>
            <ns3:hr>140</ns3:hr>
            <ns3:cad>89</ns3:cad>
          </ns3:TrackPointExtension>
        </extensions>
      </trkpt>
      <trkpt lat="24.53513941727578639984130859375" lon="118.1553312577307224273681640625">
        <ele>26.6000003814697265625</ele>
        <time>2026-08-06T12:12:14.000Z</time>
        <extensions>
          <ns3:TrackPointExtension>
            <ns3:hr>140</ns3:hr>
            <ns3:cad>89</ns3:cad>
          </ns3:TrackPointExtension>
        </extensions>
      </trkpt>
      <trkpt lat="24.53511930070817470550537109375" lon="118.15532027743756771087646484375">
        <ele>26.6000003814697265625</ele>
        <time>2026-08-06T12:12:15.000Z</time>
        <extensions>
          <ns3:TrackPointExtension>
            <ns3:hr>140</ns3:hr>
            <ns3:cad>89</ns3:cad>
          </ns3:TrackPointExtension>
        </extensions>
      </trkpt>
      <trkpt lat="24.53509231097996234893798828125" lon="118.1553067825734615325927734375">
        <ele>26.6000003814697265625</ele>
        <time>2026-08-06T12:12:16.000Z</time>
        <extensions>
          <ns3:TrackPointExtension>
            <ns3:hr>140</ns3:hr>
            <ns3:cad>89</ns3:cad>
          </ns3:TrackPointExtension>
        </extensions>
      </trkpt>
      <trkpt lat="24.535070769488811492919921875" lon="118.1552982330322265625">
        <ele>26.6000003814697265625</ele>
        <time>2026-08-06T12:12:17.000Z</time>
        <extensions>
          <ns3:TrackPointExtension>
            <ns3:hr>141</ns3:hr>
            <ns3:cad>88</ns3:cad>
          </ns3:TrackPointExtension>
        </extensions>
      </trkpt>
      <trkpt lat="24.5350447855889797210693359375" lon="118.15528892911970615386962890625">
        <ele>26.6000003814697265625</ele>
        <time>2026-08-06T12:12:18.000Z</time>
        <extensions>
          <ns3:TrackPointExtension>
            <ns3:hr>141</ns3:hr>
            <ns3:cad>88</ns3:cad>
          </ns3:TrackPointExtension>
        </extensions>
      </trkpt>
      <trkpt lat="24.53502173535525798797607421875" lon="118.1552806310355663299560546875">
        <ele>26.6000003814697265625</ele>
        <time>2026-08-06T12:12:19.000Z</time>
        <extensions>
          <ns3:TrackPointExtension>
            <ns3:hr>142</ns3:hr>
            <ns3:cad>88</ns3:cad>
          </ns3:TrackPointExtension>
        </extensions>
      </trkpt>
      <trkpt lat="24.534996338188648223876953125" lon="118.1552769429981708526611328125">
        <ele>26.6000003814697265625</ele>
        <time>2026-08-06T12:12:20.000Z</time>
        <extensions>
          <ns3:TrackPointExtension>
            <ns3:hr>142</ns3:hr>
            <ns3:cad>87</ns3:cad>
          </ns3:TrackPointExtension>
        </extensions>
      </trkpt>
      <trkpt lat="24.53496909700334072113037109375" lon="118.1552692316472530364990234375">
        <ele>26.6000003814697265625</ele>
        <time>2026-08-06T12:12:21.000Z</time>
        <extensions>
          <ns3:TrackPointExtension>
            <ns3:hr>142</ns3:hr>
            <ns3:cad>89</ns3:cad>
          </ns3:TrackPointExtension>
        </extensions>
      </trkpt>
      <trkpt lat="24.534946046769618988037109375" lon="118.15526646561920642852783203125">
        <ele>26.799999237060546875</ele>
        <time>2026-08-06T12:12:22.000Z</time>
        <extensions>
          <ns3:TrackPointExtension>
            <ns3:hr>142</ns3:hr>
            <ns3:cad>89</ns3:cad>
          </ns3:TrackPointExtension>
        </extensions>
      </trkpt>
      <trkpt lat="24.5349190570414066314697265625" lon="118.1552593410015106201171875">
        <ele>26.799999237060546875</ele>
        <time>2026-08-06T12:12:23.000Z</time>
        <extensions>
          <ns3:TrackPointExtension>
            <ns3:hr>142</ns3:hr>
            <ns3:cad>89</ns3:cad>
          </ns3:TrackPointExtension>
        </extensions>
      </trkpt>
      <trkpt lat="24.53489902429282665252685546875" lon="118.15525732934474945068359375">
        <ele>26.799999237060546875</ele>
        <time>2026-08-06T12:12:24.000Z</time>
        <extensions>
          <ns3:TrackPointExtension>
            <ns3:hr>142</ns3:hr>
            <ns3:cad>89</ns3:cad>
          </ns3:TrackPointExtension>
        </extensions>
      </trkpt>
      <trkpt lat="24.53486918471753597259521484375" lon="118.15525473095476627349853515625">
        <ele>26.799999237060546875</ele>
        <time>2026-08-06T12:12:25.000Z</time>
        <extensions>
          <ns3:TrackPointExtension>
            <ns3:hr>142</ns3:hr>
            <ns3:cad>89</ns3:cad>
          </ns3:TrackPointExtension>
        </extensions>
      </trkpt>
      <trkpt lat="24.53484781086444854736328125" lon="118.1552554853260517120361328125">
        <ele>26.799999237060546875</ele>
        <time>2026-08-06T12:12:26.000Z</time>
        <extensions>
          <ns3:TrackPointExtension>
            <ns3:hr>142</ns3:hr>
            <ns3:cad>88</ns3:cad>
          </ns3:TrackPointExtension>
        </extensions>
      </trkpt>
      <trkpt lat="24.53481788747012615203857421875" lon="118.1552521325647830963134765625">
        <ele>27</ele>
        <time>2026-08-06T12:12:27.000Z</time>
        <extensions>
          <ns3:TrackPointExtension>
            <ns3:hr>143</ns3:hr>
            <ns3:cad>88</ns3:cad>
          </ns3:TrackPointExtension>
        </extensions>
      </trkpt>
      <trkpt lat="24.534797854721546173095703125" lon="118.1552598439157009124755859375">
        <ele>26.799999237060546875</ele>
        <time>2026-08-06T12:12:28.000Z</time>
        <extensions>
          <ns3:TrackPointExtension>
            <ns3:hr>143</ns3:hr>
            <ns3:cad>87</ns3:cad>
          </ns3:TrackPointExtension>
        </extensions>
      </trkpt>
      <trkpt lat="24.53476843424141407012939453125" lon="118.15526210702955722808837890625">
        <ele>26.799999237060546875</ele>
        <time>2026-08-06T12:12:29.000Z</time>
        <extensions>
          <ns3:TrackPointExtension>
            <ns3:hr>143</ns3:hr>
            <ns3:cad>88</ns3:cad>
          </ns3:TrackPointExtension>
        </extensions>
      </trkpt>
      <trkpt lat="24.5347484014928340911865234375" lon="118.15527342259883880615234375">
        <ele>26.799999237060546875</ele>
        <time>2026-08-06T12:12:30.000Z</time>
        <extensions>
          <ns3:TrackPointExtension>
            <ns3:hr>142</ns3:hr>
            <ns3:cad>88</ns3:cad>
          </ns3:TrackPointExtension>
        </extensions>
      </trkpt>
      <trkpt lat="24.53471814282238483428955078125" lon="118.155281804502010345458984375">
        <ele>26.799999237060546875</ele>
        <time>2026-08-06T12:12:31.000Z</time>
        <extensions>
          <ns3:TrackPointExtension>
            <ns3:hr>142</ns3:hr>
            <ns3:cad>89</ns3:cad>
          </ns3:TrackPointExtension>
        </extensions>
      </trkpt>
      <trkpt lat="24.53469919972121715545654296875" lon="118.15529278479516506195068359375">
        <ele>26.799999237060546875</ele>
        <time>2026-08-06T12:12:32.000Z</time>
        <extensions>
          <ns3:TrackPointExtension>
            <ns3:hr>143</ns3:hr>
            <ns3:cad>89</ns3:cad>
          </ns3:TrackPointExtension>
        </extensions>
      </trkpt>
      <trkpt lat="24.534671790897846221923828125" lon="118.15530083142220973968505859375">
        <ele>26.799999237060546875</ele>
        <time>2026-08-06T12:12:33.000Z</time>
        <extensions>
          <ns3:TrackPointExtension>
            <ns3:hr>143</ns3:hr>
            <ns3:cad>89</ns3:cad>
          </ns3:TrackPointExtension>
        </extensions>
      </trkpt>
      <trkpt lat="24.53465209342539310455322265625" lon="118.15530787222087383270263671875">
        <ele>26.799999237060546875</ele>
        <time>2026-08-06T12:12:34.000Z</time>
        <extensions>
          <ns3:TrackPointExtension>
            <ns3:hr>143</ns3:hr>
            <ns3:cad>88</ns3:cad>
          </ns3:TrackPointExtension>
        </extensions>
      </trkpt>
      <trkpt lat="24.534626193344593048095703125" lon="118.15531742759048938751220703125">
        <ele>26.799999237060546875</ele>
        <time>2026-08-06T12:12:35.000Z</time>
        <extensions>
          <ns3:TrackPointExtension>
            <ns3:hr>142</ns3:hr>
            <ns3:cad>88</ns3:cad>
          </ns3:TrackPointExtension>
        </extensions>
      </trkpt>
      <trkpt lat="24.53460775315761566162109375" lon="118.15532899461686611175537109375">
        <ele>27</ele>
        <time>2026-08-06T12:12:36.000Z</time>
        <extensions>
          <ns3:TrackPointExtension>
            <ns3:hr>142</ns3:hr>
            <ns3:cad>88</ns3:cad>
          </ns3:TrackPointExtension>
        </extensions>
      </trkpt>
      <trkpt lat="24.5345837809145450592041015625" lon="118.15534173510968685150146484375">
        <ele>27</ele>
        <time>2026-08-06T12:12:37.000Z</time>
        <extensions>
          <ns3:TrackPointExtension>
            <ns3:hr>142</ns3:hr>
            <ns3:cad>89</ns3:cad>
          </ns3:TrackPointExtension>
        </extensions>
      </trkpt>
      <trkpt lat="24.53455947339534759521484375" lon="118.155349195003509521484375">
        <ele>26.799999237060546875</ele>
        <time>2026-08-06T12:12:38.000Z</time>
        <extensions>
          <ns3:TrackPointExtension>
            <ns3:hr>143</ns3:hr>
            <ns3:cad>89</ns3:cad>
          </ns3:TrackPointExtension>
        </extensions>
      </trkpt>
      <trkpt lat="24.5345346629619598388671875" lon="118.15535279922187328338623046875">
        <ele>26.799999237060546875</ele>
        <time>2026-08-06T12:12:39.000Z</time>
        <extensions>
          <ns3:TrackPointExtension>
            <ns3:hr>142</ns3:hr>
            <ns3:cad>89</ns3:cad>
          </ns3:TrackPointExtension>
        </extensions>
      </trkpt>
      <trkpt lat="24.53450792469084262847900390625" lon="118.15534978173673152923583984375">
        <ele>26.799999237060546875</ele>
        <time>2026-08-06T12:12:40.000Z</time>
        <extensions>
          <ns3:TrackPointExtension>
            <ns3:hr>142</ns3:hr>
            <ns3:cad>89</ns3:cad>
          </ns3:TrackPointExtension>
        </extensions>
      </trkpt>
      <trkpt lat="24.53448864631354808807373046875" lon="118.15535657107830047607421875">
        <ele>26.6000003814697265625</ele>
        <time>2026-08-06T12:12:41.000Z</time>
        <extensions>
          <ns3:TrackPointExtension>
            <ns3:hr>143</ns3:hr>
            <ns3:cad>89</ns3:cad>
          </ns3:TrackPointExtension>
        </extensions>
      </trkpt>
      <trkpt lat="24.5344597287476062774658203125" lon="118.15535849891602993011474609375">
        <ele>26.799999237060546875</ele>
        <time>2026-08-06T12:12:42.000Z</time>
        <extensions>
          <ns3:TrackPointExtension>
            <ns3:hr>142</ns3:hr>
            <ns3:cad>88</ns3:cad>
          </ns3:TrackPointExtension>
        </extensions>
      </trkpt>
      <trkpt lat="24.53444011509418487548828125" lon="118.155367635190486907958984375">
        <ele>26.799999237060546875</ele>
        <time>2026-08-06T12:12:43.000Z</time>
        <extensions>
          <ns3:TrackPointExtension>
            <ns3:hr>143</ns3:hr>
            <ns3:cad>87</ns3:cad>
          </ns3:TrackPointExtension>
        </extensions>
      </trkpt>
      <trkpt lat="24.53440650366246700286865234375" lon="118.15536872483789920806884765625">
        <ele>26.799999237060546875</ele>
        <time>2026-08-06T12:12:44.000Z</time>
        <extensions>
          <ns3:TrackPointExtension>
            <ns3:hr>143</ns3:hr>
            <ns3:cad>87</ns3:cad>
          </ns3:TrackPointExtension>
        </extensions>
      </trkpt>
      <trkpt lat="24.53438538126647472381591796875" lon="118.1553746759891510009765625">
        <ele>26.799999237060546875</ele>
        <time>2026-08-06T12:12:45.000Z</time>
        <extensions>
          <ns3:TrackPointExtension>
            <ns3:hr>143</ns3:hr>
            <ns3:cad>87</ns3:cad>
          </ns3:TrackPointExtension>
        </extensions>
      </trkpt>
      <trkpt lat="24.53435336239635944366455078125" lon="118.1553714908659458160400390625">
        <ele>26.799999237060546875</ele>
        <time>2026-08-06T12:12:46.000Z</time>
        <extensions>
          <ns3:TrackPointExtension>
            <ns3:hr>142</ns3:hr>
            <ns3:cad>89</ns3:cad>
          </ns3:TrackPointExtension>
        </extensions>
      </trkpt>
      <trkpt lat="24.5343323238193988800048828125" lon="118.15537727437913417816162109375">
        <ele>26.799999237060546875</ele>
        <time>2026-08-06T12:12:47.000Z</time>
        <extensions>
          <ns3:TrackPointExtension>
            <ns3:hr>142</ns3:hr>
            <ns3:cad>89</ns3:cad>
          </ns3:TrackPointExtension>
        </extensions>
      </trkpt>
      <trkpt lat="24.53430005349218845367431640625" lon="118.15537543036043643951416015625">
        <ele>26.799999237060546875</ele>
        <time>2026-08-06T12:12:48.000Z</time>
        <extensions>
          <ns3:TrackPointExtension>
            <ns3:hr>142</ns3:hr>
            <ns3:cad>89</ns3:cad>
          </ns3:TrackPointExtension>
        </extensions>
      </trkpt>
      <trkpt lat="24.53427784144878387451171875" lon="118.155383728444576263427734375">
        <ele>27</ele>
        <time>2026-08-06T12:12:49.000Z</time>
        <extensions>
          <ns3:TrackPointExtension>
            <ns3:hr>142</ns3:hr>
            <ns3:cad>89</ns3:cad>
          </ns3:TrackPointExtension>
        </extensions>
      </trkpt>
      <trkpt lat="24.53424632549285888671875" lon="118.155381381511688232421875">
        <ele>27</ele>
        <time>2026-08-06T12:12:50.000Z</time>
        <extensions>
          <ns3:TrackPointExtension>
            <ns3:hr>143</ns3:hr>
            <ns3:cad>88</ns3:cad>
          </ns3:TrackPointExtension>
        </extensions>
      </trkpt>
      <trkpt lat="24.53422461636364459991455078125" lon="118.1553845666348934173583984375">
        <ele>27</ele>
        <time>2026-08-06T12:12:51.000Z</time>
        <extensions>
          <ns3:TrackPointExtension>
            <ns3:hr>143</ns3:hr>
            <ns3:cad>88</ns3:cad>
          </ns3:TrackPointExtension>
        </extensions>
      </trkpt>
      <trkpt lat="24.5341935195028781890869140625" lon="118.155381381511688232421875">
        <ele>27</ele>
        <time>2026-08-06T12:12:52.000Z</time>
        <extensions>
          <ns3:TrackPointExtension>
            <ns3:hr>143</ns3:hr>
            <ns3:cad>88</ns3:cad>
          </ns3:TrackPointExtension>
        </extensions>
      </trkpt>
      <trkpt lat="24.5341744087636470794677734375" lon="118.15537576563656330108642578125">
        <ele>27</ele>
        <time>2026-08-06T12:12:53.000Z</time>
        <extensions>
          <ns3:TrackPointExtension>
            <ns3:hr>143</ns3:hr>
            <ns3:cad>88</ns3:cad>
          </ns3:TrackPointExtension>
        </extensions>
      </trkpt>
      <trkpt lat="24.53414683230221271514892578125" lon="118.15537207759916782379150390625">
        <ele>27</ele>
        <time>2026-08-06T12:12:54.000Z</time>
        <extensions>
          <ns3:TrackPointExtension>
            <ns3:hr>143</ns3:hr>
            <ns3:cad>88</ns3:cad>
          </ns3:TrackPointExtension>
        </extensions>
      </trkpt>
      <trkpt lat="24.53412420116364955902099609375" lon="118.15536704845726490020751953125">
        <ele>27</ele>
        <time>2026-08-06T12:12:55.000Z</time>
        <extensions>
          <ns3:TrackPointExtension>
            <ns3:hr>143</ns3:hr>
            <ns3:cad>88</ns3:cad>
          </ns3:TrackPointExtension>
        </extensions>
      </trkpt>
      <trkpt lat="24.534097127616405487060546875" lon="118.15536461770534515380859375">
        <ele>26.799999237060546875</ele>
        <time>2026-08-06T12:12:56.000Z</time>
        <extensions>
          <ns3:TrackPointExtension>
            <ns3:hr>142</ns3:hr>
            <ns3:cad>88</ns3:cad>
          </ns3:TrackPointExtension>
        </extensions>
      </trkpt>
      <trkpt lat="24.53407458029687404632568359375" lon="118.15535380505025386810302734375">
        <ele>26.799999237060546875</ele>
        <time>2026-08-06T12:12:57.000Z</time>
        <extensions>
          <ns3:TrackPointExtension>
            <ns3:hr>143</ns3:hr>
            <ns3:cad>88</ns3:cad>
          </ns3:TrackPointExtension>
        </extensions>
      </trkpt>
      <trkpt lat="24.53404809348285198211669921875" lon="118.1553483568131923675537109375">
        <ele>27</ele>
        <time>2026-08-06T12:12:58.000Z</time>
        <extensions>
          <ns3:TrackPointExtension>
            <ns3:hr>143</ns3:hr>
            <ns3:cad>88</ns3:cad>
          </ns3:TrackPointExtension>
        </extensions>
      </trkpt>
      <trkpt lat="24.534023702144622802734375" lon="118.1553344428539276123046875">
        <ele>27</ele>
        <time>2026-08-06T12:12:59.000Z</time>
        <extensions>
          <ns3:TrackPointExtension>
            <ns3:hr>142</ns3:hr>
            <ns3:cad>88</ns3:cad>
          </ns3:TrackPointExtension>
        </extensions>
      </trkpt>
      <trkpt lat="24.5339982211589813232421875" lon="118.155330754816532135009765625">
        <ele>27</ele>
        <time>2026-08-06T12:13:00.000Z</time>
        <extensions>
          <ns3:TrackPointExtension>
            <ns3:hr>143</ns3:hr>
            <ns3:cad>88</ns3:cad>
          </ns3:TrackPointExtension>
        </extensions>
      </trkpt>
      <trkpt lat="24.53397198580205440521240234375" lon="118.1553131528198719024658203125">
        <ele>27</ele>
        <time>2026-08-06T12:13:01.000Z</time>
        <extensions>
          <ns3:TrackPointExtension>
            <ns3:hr>143</ns3:hr>
            <ns3:cad>89</ns3:cad>
          </ns3:TrackPointExtension>
        </extensions>
      </trkpt>
      <trkpt lat="24.53394901938736438751220703125" lon="118.1553022563457489013671875">
        <ele>27</ele>
        <time>2026-08-06T12:13:02.000Z</time>
        <extensions>
          <ns3:TrackPointExtension>
            <ns3:hr>142</ns3:hr>
            <ns3:cad>89</ns3:cad>
          </ns3:TrackPointExtension>
        </extensions>
      </trkpt>
      <trkpt lat="24.53392219729721546173095703125" lon="118.15528272651135921478271484375">
        <ele>27</ele>
        <time>2026-08-06T12:13:03.000Z</time>
        <extensions>
          <ns3:TrackPointExtension>
            <ns3:hr>143</ns3:hr>
            <ns3:cad>89</ns3:cad>
          </ns3:TrackPointExtension>
        </extensions>
      </trkpt>
      <trkpt lat="24.53389839269220829010009765625" lon="118.1552742607891559600830078125">
        <ele>27</ele>
        <time>2026-08-06T12:13:04.000Z</time>
        <extensions>
          <ns3:TrackPointExtension>
            <ns3:hr>143</ns3:hr>
            <ns3:cad>89</ns3:cad>
          </ns3:TrackPointExtension>
        </extensions>
      </trkpt>
      <trkpt lat="24.5338756777346134185791015625" lon="118.15525372512638568878173828125">
        <ele>27</ele>
        <time>2026-08-06T12:13:05.000Z</time>
        <extensions>
          <ns3:TrackPointExtension>
            <ns3:hr>142</ns3:hr>
            <ns3:cad>89</ns3:cad>
          </ns3:TrackPointExtension>
        </extensions>
      </trkpt>
      <trkpt lat="24.53385933302342891693115234375" lon="118.15524266101419925689697265625">
        <ele>27</ele>
        <time>2026-08-06T12:13:06.000Z</time>
        <extensions>
          <ns3:TrackPointExtension>
            <ns3:hr>142</ns3:hr>
            <ns3:cad>88</ns3:cad>
          </ns3:TrackPointExtension>
        </extensions>
      </trkpt>
      <trkpt lat="24.53383686952292919158935546875" lon="118.1552142463624477386474609375">
        <ele>27</ele>
        <time>2026-08-06T12:13:07.000Z</time>
        <extensions>
          <ns3:TrackPointExtension>
            <ns3:hr>142</ns3:hr>
            <ns3:cad>88</ns3:cad>
          </ns3:TrackPointExtension>
        </extensions>
      </trkpt>
      <trkpt lat="24.5338210277259349822998046875" lon="118.1552015058696269989013671875">
        <ele>27</ele>
        <time>2026-08-06T12:13:08.000Z</time>
        <extensions>
          <ns3:TrackPointExtension>
            <ns3:hr>142</ns3:hr>
            <ns3:cad>88</ns3:cad>
          </ns3:TrackPointExtension>
        </extensions>
      </trkpt>
      <trkpt lat="24.53379529528319835662841796875" lon="118.1551763601601123809814453125">
        <ele>26.799999237060546875</ele>
        <time>2026-08-06T12:13:09.000Z</time>
        <extensions>
          <ns3:TrackPointExtension>
            <ns3:hr>143</ns3:hr>
            <ns3:cad>88</ns3:cad>
          </ns3:TrackPointExtension>
        </extensions>
      </trkpt>
      <trkpt lat="24.53377400524914264678955078125" lon="118.15516068600118160247802734375">
        <ele>26.799999237060546875</ele>
        <time>2026-08-06T12:13:10.000Z</time>
        <extensions>
          <ns3:TrackPointExtension>
            <ns3:hr>142</ns3:hr>
            <ns3:cad>88</ns3:cad>
          </ns3:TrackPointExtension>
        </extensions>
      </trkpt>
      <trkpt lat="24.533748440444469451904296875" lon="118.15513604320585727691650390625">
        <ele>26.799999237060546875</ele>
        <time>2026-08-06T12:13:11.000Z</time>
        <extensions>
          <ns3:TrackPointExtension>
            <ns3:hr>142</ns3:hr>
            <ns3:cad>89</ns3:cad>
          </ns3:TrackPointExtension>
        </extensions>
      </trkpt>
      <trkpt lat="24.53373259864747524261474609375" lon="118.155120201408863067626953125">
        <ele>26.799999237060546875</ele>
        <time>2026-08-06T12:13:12.000Z</time>
        <extensions>
          <ns3:TrackPointExtension>
            <ns3:hr>142</ns3:hr>
            <ns3:cad>89</ns3:cad>
          </ns3:TrackPointExtension>
        </extensions>
      </trkpt>
      <trkpt lat="24.53371189534664154052734375" lon="118.1550955586135387420654296875">
        <ele>26.799999237060546875</ele>
        <time>2026-08-06T12:13:13.000Z</time>
        <extensions>
          <ns3:TrackPointExtension>
            <ns3:hr>142</ns3:hr>
            <ns3:cad>89</ns3:cad>
          </ns3:TrackPointExtension>
        </extensions>
      </trkpt>
      <trkpt lat="24.53369840048253536224365234375" lon="118.1550751067698001861572265625">
        <ele>26.799999237060546875</ele>
        <time>2026-08-06T12:13:14.000Z</time>
        <extensions>
          <ns3:TrackPointExtension>
            <ns3:hr>142</ns3:hr>
            <ns3:cad>88</ns3:cad>
          </ns3:TrackPointExtension>
        </extensions>
      </trkpt>
      <trkpt lat="24.5336830615997314453125" lon="118.15504677593708038330078125">
        <ele>27</ele>
        <time>2026-08-06T12:13:15.000Z</time>
        <extensions>
          <ns3:TrackPointExtension>
            <ns3:hr>142</ns3:hr>
            <ns3:cad>88</ns3:cad>
          </ns3:TrackPointExtension>
        </extensions>
      </trkpt>
      <trkpt lat="24.53367191366851329803466796875" lon="118.15501987002789974212646484375">
        <ele>26.799999237060546875</ele>
        <time>2026-08-06T12:13:16.000Z</time>
        <extensions>
          <ns3:TrackPointExtension>
            <ns3:hr>142</ns3:hr>
            <ns3:cad>88</ns3:cad>
          </ns3:TrackPointExtension>
        </extensions>
      </trkpt>
      <trkpt lat="24.53365825116634368896484375" lon="118.15499313175678253173828125">
        <ele>26.799999237060546875</ele>
        <time>2026-08-06T12:13:17.000Z</time>
        <extensions>
          <ns3:TrackPointExtension>
            <ns3:hr>142</ns3:hr>
            <ns3:cad>88</ns3:cad>
          </ns3:TrackPointExtension>
        </extensions>
      </trkpt>
      <trkpt lat="24.53364794142544269561767578125" lon="118.15496857278048992156982421875">
        <ele>26.799999237060546875</ele>
        <time>2026-08-06T12:13:18.000Z</time>
        <extensions>
          <ns3:TrackPointExtension>
            <ns3:hr>141</ns3:hr>
            <ns3:cad>88</ns3:cad>
          </ns3:TrackPointExtension>
        </extensions>
      </trkpt>
      <trkpt lat="24.53363251872360706329345703125" lon="118.1549446843564510345458984375">
        <ele>26.799999237060546875</ele>
        <time>2026-08-06T12:13:19.000Z</time>
        <extensions>
          <ns3:TrackPointExtension>
            <ns3:hr>142</ns3:hr>
            <ns3:cad>89</ns3:cad>
          </ns3:TrackPointExtension>
        </extensions>
      </trkpt>
      <trkpt lat="24.5336225442588329315185546875" lon="118.1549151800572872161865234375">
        <ele>26.6000003814697265625</ele>
        <time>2026-08-06T12:13:20.000Z</time>
        <extensions>
          <ns3:TrackPointExtension>
            <ns3:hr>142</ns3:hr>
            <ns3:cad>89</ns3:cad>
          </ns3:TrackPointExtension>
        </extensions>
      </trkpt>
      <trkpt lat="24.53361122868955135345458984375" lon="118.15488450229167938232421875">
        <ele>26.799999237060546875</ele>
        <time>2026-08-06T12:13:21.000Z</time>
        <extensions>
          <ns3:TrackPointExtension>
            <ns3:hr>141</ns3:hr>
            <ns3:cad>89</ns3:cad>
          </ns3:TrackPointExtension>
        </extensions>
      </trkpt>
      <trkpt lat="24.53360259532928466796875" lon="118.15485390834510326385498046875">
        <ele>26.799999237060546875</ele>
        <time>2026-08-06T12:13:22.000Z</time>
        <extensions>
          <ns3:TrackPointExtension>
            <ns3:hr>142</ns3:hr>
            <ns3:cad>89</ns3:cad>
          </ns3:TrackPointExtension>
        </extensions>
      </trkpt>
      <trkpt lat="24.5335950516164302825927734375" lon="118.15482356585562229156494140625">
        <ele>26.799999237060546875</ele>
        <time>2026-08-06T12:13:23.000Z</time>
        <extensions>
          <ns3:TrackPointExtension>
            <ns3:hr>141</ns3:hr>
            <ns3:cad>89</ns3:cad>
          </ns3:TrackPointExtension>
        </extensions>
      </trkpt>
      <trkpt lat="24.53359077684581279754638671875" lon="118.15479406155645847320556640625">
        <ele>26.799999237060546875</ele>
        <time>2026-08-06T12:13:24.000Z</time>
        <extensions>
          <ns3:TrackPointExtension>
            <ns3:hr>141</ns3:hr>
            <ns3:cad>89</ns3:cad>
          </ns3:TrackPointExtension>
        </extensions>
      </trkpt>
      <trkpt lat="24.53358323313295841217041015625" lon="118.1547658145427703857421875">
        <ele>26.799999237060546875</ele>
        <time>2026-08-06T12:13:25.000Z</time>
        <extensions>
          <ns3:TrackPointExtension>
            <ns3:hr>141</ns3:hr>
            <ns3:cad>90</ns3:cad>
          </ns3:TrackPointExtension>
        </extensions>
      </trkpt>
      <trkpt lat="24.533579461276531219482421875" lon="118.1547364778816699981689453125">
        <ele>26.799999237060546875</ele>
        <time>2026-08-06T12:13:26.000Z</time>
        <extensions>
          <ns3:TrackPointExtension>
            <ns3:hr>142</ns3:hr>
            <ns3:cad>90</ns3:cad>
          </ns3:TrackPointExtension>
        </extensions>
      </trkpt>
      <trkpt lat="24.53357233665883541107177734375" lon="118.1547126732766628265380859375">
        <ele>26.799999237060546875</ele>
        <time>2026-08-06T12:13:27.000Z</time>
        <extensions>
          <ns3:TrackPointExtension>
            <ns3:hr>141</ns3:hr>
            <ns3:cad>90</ns3:cad>
          </ns3:TrackPointExtension>
        </extensions>
      </trkpt>
      <trkpt lat="24.53356781043112277984619140625" lon="118.1546794809401035308837890625">
        <ele>26.799999237060546875</ele>
        <time>2026-08-06T12:13:28.000Z</time>
        <extensions>
          <ns3:TrackPointExtension>
            <ns3:hr>141</ns3:hr>
            <ns3:cad>89</ns3:cad>
          </ns3:TrackPointExtension>
        </extensions>
      </trkpt>
      <trkpt lat="24.533562026917934417724609375" lon="118.1546526588499546051025390625">
        <ele>26.799999237060546875</ele>
        <time>2026-08-06T12:13:29.000Z</time>
        <extensions>
          <ns3:TrackPointExtension>
            <ns3:hr>142</ns3:hr>
            <ns3:cad>89</ns3:cad>
          </ns3:TrackPointExtension>
        </extensions>
      </trkpt>
      <trkpt lat="24.53356345184147357940673828125" lon="118.1546211428940296173095703125">
        <ele>26.799999237060546875</ele>
        <time>2026-08-06T12:13:30.000Z</time>
        <extensions>
          <ns3:TrackPointExtension>
            <ns3:hr>141</ns3:hr>
            <ns3:cad>89</ns3:cad>
          </ns3:TrackPointExtension>
        </extensions>
      </trkpt>
      <trkpt lat="24.5335611887276172637939453125" lon="118.1545953266322612762451171875">
        <ele>26.799999237060546875</ele>
        <time>2026-08-06T12:13:31.000Z</time>
        <extensions>
          <ns3:TrackPointExtension>
            <ns3:hr>141</ns3:hr>
            <ns3:cad>88</ns3:cad>
          </ns3:TrackPointExtension>
        </extensions>
      </trkpt>
      <trkpt lat="24.53356529586017131805419921875" lon="118.1545617990195751190185546875">
        <ele>26.799999237060546875</ele>
        <time>2026-08-06T12:13:32.000Z</time>
        <extensions>
          <ns3:TrackPointExtension>
            <ns3:hr>141</ns3:hr>
            <ns3:cad>88</ns3:cad>
          </ns3:TrackPointExtension>
        </extensions>
      </trkpt>
      <trkpt lat="24.533558674156665802001953125" lon="118.154540173709392547607421875">
        <ele>26.799999237060546875</ele>
        <time>2026-08-06T12:13:33.000Z</time>
        <extensions>
          <ns3:TrackPointExtension>
            <ns3:hr>142</ns3:hr>
            <ns3:cad>89</ns3:cad>
          </ns3:TrackPointExtension>
        </extensions>
      </trkpt>
      <trkpt lat="24.53355632722377777099609375" lon="118.1545078195631504058837890625">
        <ele>26.6000003814697265625</ele>
        <time>2026-08-06T12:13:34.000Z</time>
        <extensions>
          <ns3:TrackPointExtension>
            <ns3:hr>141</ns3:hr>
            <ns3:cad>89</ns3:cad>
          </ns3:TrackPointExtension>
        </extensions>
      </trkpt>
      <trkpt lat="24.53355121426284313201904296875" lon="118.15448594279587268829345703125">
        <ele>26.6000003814697265625</ele>
        <time>2026-08-06T12:13:35.000Z</time>
        <extensions>
          <ns3:TrackPointExtension>
            <ns3:hr>141</ns3:hr>
            <ns3:cad>89</ns3:cad>
          </ns3:TrackPointExtension>
        </extensions>
      </trkpt>
      <trkpt lat="24.53355741687119007110595703125" lon="118.15445241518318653106689453125">
        <ele>26.6000003814697265625</ele>
        <time>2026-08-06T12:13:36.000Z</time>
        <extensions>
          <ns3:TrackPointExtension>
            <ns3:hr>141</ns3:hr>
            <ns3:cad>89</ns3:cad>
          </ns3:TrackPointExtension>
        </extensions>
      </trkpt>
      <trkpt lat="24.53356093727052211761474609375" lon="118.15442844294011592864990234375">
        <ele>26.799999237060546875</ele>
        <time>2026-08-06T12:13:37.000Z</time>
        <extensions>
          <ns3:TrackPointExtension>
            <ns3:hr>141</ns3:hr>
            <ns3:cad>89</ns3:cad>
          </ns3:TrackPointExtension>
        </extensions>
      </trkpt>
      <trkpt lat="24.53356898389756679534912109375" lon="118.1543983519077301025390625">
        <ele>26.799999237060546875</ele>
        <time>2026-08-06T12:13:38.000Z</time>
        <extensions>
          <ns3:TrackPointExtension>
            <ns3:hr>141</ns3:hr>
            <ns3:cad>88</ns3:cad>
          </ns3:TrackPointExtension>
        </extensions>
      </trkpt>
      <trkpt lat="24.5335772819817066192626953125" lon="118.154376558959484100341796875">
        <ele>26.6000003814697265625</ele>
        <time>2026-08-06T12:13:39.000Z</time>
        <extensions>
          <ns3:TrackPointExtension>
            <ns3:hr>141</ns3:hr>
            <ns3:cad>87</ns3:cad>
          </ns3:TrackPointExtension>
        </extensions>
      </trkpt>
      <trkpt lat="24.53358440659940242767333984375" lon="118.15434764139354228973388671875">
        <ele>26.6000003814697265625</ele>
        <time>2026-08-06T12:13:40.000Z</time>
        <extensions>
          <ns3:TrackPointExtension>
            <ns3:hr>141</ns3:hr>
            <ns3:cad>87</ns3:cad>
          </ns3:TrackPointExtension>
        </extensions>
      </trkpt>
      <trkpt lat="24.53359329141676425933837890625" lon="118.15432165749371051788330078125">
        <ele>26.6000003814697265625</ele>
        <time>2026-08-06T12:13:41.000Z</time>
        <extensions>
          <ns3:TrackPointExtension>
            <ns3:hr>141</ns3:hr>
            <ns3:cad>87</ns3:cad>
          </ns3:TrackPointExtension>
        </extensions>
      </trkpt>
      <trkpt lat="24.53359924256801605224609375" lon="118.154294081032276153564453125">
        <ele>26.6000003814697265625</ele>
        <time>2026-08-06T12:13:42.000Z</time>
        <extensions>
          <ns3:TrackPointExtension>
            <ns3:hr>141</ns3:hr>
            <ns3:cad>87</ns3:cad>
          </ns3:TrackPointExtension>
        </extensions>
      </trkpt>
      <trkpt lat="24.5336134918034076690673828125" lon="118.15426893532276153564453125">
        <ele>26.6000003814697265625</ele>
        <time>2026-08-06T12:13:43.000Z</time>
        <extensions>
          <ns3:TrackPointExtension>
            <ns3:hr>141</ns3:hr>
            <ns3:cad>89</ns3:cad>
          </ns3:TrackPointExtension>
        </extensions>
      </trkpt>
      <trkpt lat="24.5336215384304523468017578125" lon="118.15424119122326374053955078125">
        <ele>26.6000003814697265625</ele>
        <time>2026-08-06T12:13:44.000Z</time>
        <extensions>
          <ns3:TrackPointExtension>
            <ns3:hr>141</ns3:hr>
            <ns3:cad>89</ns3:cad>
          </ns3:TrackPointExtension>
        </extensions>
      </trkpt>
      <trkpt lat="24.53363679349422454833984375" lon="118.1542137823998928070068359375">
        <ele>26.799999237060546875</ele>
        <time>2026-08-06T12:13:45.000Z</time>
        <extensions>
          <ns3:TrackPointExtension>
            <ns3:hr>141</ns3:hr>
            <ns3:cad>89</ns3:cad>
          </ns3:TrackPointExtension>
        </extensions>
      </trkpt>
      <trkpt lat="24.53364408574998378753662109375" lon="118.15419106744229793548583984375">
        <ele>26.799999237060546875</ele>
        <time>2026-08-06T12:13:46.000Z</time>
        <extensions>
          <ns3:TrackPointExtension>
            <ns3:hr>141</ns3:hr>
            <ns3:cad>88</ns3:cad>
          </ns3:TrackPointExtension>
        </extensions>
      </trkpt>
      <trkpt lat="24.53366520814597606658935546875" lon="118.15416508354246616363525390625">
        <ele>26.799999237060546875</ele>
        <time>2026-08-06T12:13:47.000Z</time>
        <extensions>
          <ns3:TrackPointExtension>
            <ns3:hr>141</ns3:hr>
            <ns3:cad>87</ns3:cad>
          </ns3:TrackPointExtension>
        </extensions>
      </trkpt>
      <trkpt lat="24.53367409296333789825439453125" lon="118.1541423685848712921142578125">
        <ele>26.6000003814697265625</ele>
        <time>2026-08-06T12:13:48.000Z</time>
        <extensions>
          <ns3:TrackPointExtension>
            <ns3:hr>141</ns3:hr>
            <ns3:cad>87</ns3:cad>
          </ns3:TrackPointExtension>
        </extensions>
      </trkpt>
      <trkpt lat="24.53369756229221820831298828125" lon="118.15411596558988094329833984375">
        <ele>26.6000003814697265625</ele>
        <time>2026-08-06T12:13:49.000Z</time>
        <extensions>
          <ns3:TrackPointExtension>
            <ns3:hr>141</ns3:hr>
            <ns3:cad>88</ns3:cad>
          </ns3:TrackPointExtension>
        </extensions>
      </trkpt>
      <trkpt lat="24.53370812349021434783935546875" lon="118.154093921184539794921875">
        <ele>26.6000003814697265625</ele>
        <time>2026-08-06T12:13:50.000Z</time>
        <extensions>
          <ns3:TrackPointExtension>
            <ns3:hr>141</ns3:hr>
            <ns3:cad>88</ns3:cad>
          </ns3:TrackPointExtension>
        </extensions>
      </trkpt>
      <trkpt lat="24.5337298326194286346435546875" lon="118.15406718291342258453369140625">
        <ele>26.6000003814697265625</ele>
        <time>2026-08-06T12:13:51.000Z</time>
        <extensions>
          <ns3:TrackPointExtension>
            <ns3:hr>141</ns3:hr>
            <ns3:cad>89</ns3:cad>
          </ns3:TrackPointExtension>
        </extensions>
      </trkpt>
      <trkpt lat="24.5337419025599956512451171875" lon="118.1540471501648426055908203125">
        <ele>26.6000003814697265625</ele>
        <time>2026-08-06T12:13:52.000Z</time>
        <extensions>
          <ns3:TrackPointExtension>
            <ns3:hr>141</ns3:hr>
            <ns3:cad>89</ns3:cad>
          </ns3:TrackPointExtension>
        </extensions>
      </trkpt>
      <trkpt lat="24.533762522041797637939453125" lon="118.1540216691792011260986328125">
        <ele>26.6000003814697265625</ele>
        <time>2026-08-06T12:13:53.000Z</time>
        <extensions>
          <ns3:TrackPointExtension>
            <ns3:hr>142</ns3:hr>
            <ns3:cad>89</ns3:cad>
          </ns3:TrackPointExtension>
        </extensions>
      </trkpt>
      <trkpt lat="24.5337774418294429779052734375" lon="118.1539998762309551239013671875">
        <ele>26.6000003814697265625</ele>
        <time>2026-08-06T12:13:54.000Z</time>
        <extensions>
          <ns3:TrackPointExtension>
            <ns3:hr>142</ns3:hr>
            <ns3:cad>88</ns3:cad>
          </ns3:TrackPointExtension>
        </extensions>
      </trkpt>
      <trkpt lat="24.533796720206737518310546875" lon="118.15397783182561397552490234375">
        <ele>26.3999996185302734375</ele>
        <time>2026-08-06T12:13:55.000Z</time>
        <extensions>
          <ns3:TrackPointExtension>
            <ns3:hr>142</ns3:hr>
            <ns3:cad>87</ns3:cad>
          </ns3:TrackPointExtension>
        </extensions>
      </trkpt>
      <trkpt lat="24.53381524421274662017822265625" lon="118.15396173857152462005615234375">
        <ele>26.3999996185302734375</ele>
        <time>2026-08-06T12:13:56.000Z</time>
        <extensions>
          <ns3:TrackPointExtension>
            <ns3:hr>143</ns3:hr>
            <ns3:cad>87</ns3:cad>
          </ns3:TrackPointExtension>
        </extensions>
      </trkpt>
      <trkpt lat="24.5338287390768527984619140625" lon="118.153944723308086395263671875">
        <ele>26.3999996185302734375</ele>
        <time>2026-08-06T12:13:57.000Z</time>
        <extensions>
          <ns3:TrackPointExtension>
            <ns3:hr>143</ns3:hr>
            <ns3:cad>87</ns3:cad>
          </ns3:TrackPointExtension>
        </extensions>
      </trkpt>
      <trkpt lat="24.53384893946349620819091796875" lon="118.1539281271398067474365234375">
        <ele>26.3999996185302734375</ele>
        <time>2026-08-06T12:13:58.000Z</time>
        <extensions>
          <ns3:TrackPointExtension>
            <ns3:hr>143</ns3:hr>
            <ns3:cad>87</ns3:cad>
          </ns3:TrackPointExtension>
        </extensions>
      </trkpt>
      <trkpt lat="24.53386151231825351715087890625" lon="118.15390859730541706085205078125">
        <ele>26.3999996185302734375</ele>
        <time>2026-08-06T12:13:59.000Z</time>
        <extensions>
          <ns3:TrackPointExtension>
            <ns3:hr>143</ns3:hr>
            <ns3:cad>88</ns3:cad>
          </ns3:TrackPointExtension>
        </extensions>
      </trkpt>
      <trkpt lat="24.533887244760990142822265625" lon="118.15389476716518402099609375">
        <ele>26.6000003814697265625</ele>
        <time>2026-08-06T12:14:00.000Z</time>
        <extensions>
          <ns3:TrackPointExtension>
            <ns3:hr>142</ns3:hr>
            <ns3:cad>88</ns3:cad>
          </ns3:TrackPointExtension>
        </extensions>
      </trkpt>
      <trkpt lat="24.5339038409292697906494140625" lon="118.1538855470716953277587890625">
        <ele>26.6000003814697265625</ele>
        <time>2026-08-06T12:14:01.000Z</time>
        <extensions>
          <ns3:TrackPointExtension>
            <ns3:hr>143</ns3:hr>
            <ns3:cad>88</ns3:cad>
          </ns3:TrackPointExtension>
        </extensions>
      </trkpt>
      <trkpt lat="24.53393518924713134765625" lon="118.15387674607336521148681640625">
        <ele>26.6000003814697265625</ele>
        <time>2026-08-06T12:14:02.000Z</time>
        <extensions>
          <ns3:TrackPointExtension>
            <ns3:hr>143</ns3:hr>
            <ns3:cad>88</ns3:cad>
          </ns3:TrackPointExtension>
        </extensions>
      </trkpt>
      <trkpt lat="24.533954299986362457275390625" lon="118.1538650952279567718505859375">
        <ele>26.6000003814697265625</ele>
        <time>2026-08-06T12:14:03.000Z</time>
        <extensions>
          <ns3:TrackPointExtension>
            <ns3:hr>142</ns3:hr>
            <ns3:cad>87</ns3:cad>
          </ns3:TrackPointExtension>
        </extensions>
      </trkpt>
      <trkpt lat="24.5339873246848583221435546875" lon="118.153858892619609832763671875">
        <ele>26.6000003814697265625</ele>
        <time>2026-08-06T12:14:04.000Z</time>
        <extensions>
          <ns3:TrackPointExtension>
            <ns3:hr>142</ns3:hr>
            <ns3:cad>87</ns3:cad>
          </ns3:TrackPointExtension>
        </extensions>
      </trkpt>
      <trkpt lat="24.5340067707002162933349609375" lon="118.15384757705032825469970703125">
        <ele>26.6000003814697265625</ele>
        <time>2026-08-06T12:14:05.000Z</time>
        <extensions>
          <ns3:TrackPointExtension>
            <ns3:hr>143</ns3:hr>
            <ns3:cad>88</ns3:cad>
          </ns3:TrackPointExtension>
        </extensions>
      </trkpt>
      <trkpt lat="24.5340366102755069732666015625" lon="118.1538379378616809844970703125">
        <ele>26.3999996185302734375</ele>
        <time>2026-08-06T12:14:06.000Z</time>
        <extensions>
          <ns3:TrackPointExtension>
            <ns3:hr>142</ns3:hr>
            <ns3:cad>88</ns3:cad>
          </ns3:TrackPointExtension>
        </extensions>
      </trkpt>
      <trkpt lat="24.5340572297573089599609375" lon="118.1538268737494945526123046875">
        <ele>26.6000003814697265625</ele>
        <time>2026-08-06T12:14:07.000Z</time>
        <extensions>
          <ns3:TrackPointExtension>
            <ns3:hr>142</ns3:hr>
            <ns3:cad>88</ns3:cad>
          </ns3:TrackPointExtension>
        </extensions>
      </trkpt>
      <trkpt lat="24.53408514149487018585205078125" lon="118.153817318379878997802734375">
        <ele>26.6000003814697265625</ele>
        <time>2026-08-06T12:14:08.000Z</time>
        <extensions>
          <ns3:TrackPointExtension>
            <ns3:hr>141</ns3:hr>
            <ns3:cad>88</ns3:cad>
          </ns3:TrackPointExtension>
        </extensions>
      </trkpt>
      <trkpt lat="24.53410886228084564208984375" lon="118.153806589543819427490234375">
        <ele>26.3999996185302734375</ele>
        <time>2026-08-06T12:14:09.000Z</time>
        <extensions>
          <ns3:TrackPointExtension>
            <ns3:hr>139</ns3:hr>
            <ns3:cad>88</ns3:cad>
          </ns3:TrackPointExtension>
        </extensions>
      </trkpt>
      <trkpt lat="24.5341345109045505523681640625" lon="118.15379393287003040313720703125">
        <ele>26.3999996185302734375</ele>
        <time>2026-08-06T12:14:10.000Z</time>
        <extensions>
          <ns3:TrackPointExtension>
            <ns3:hr>136</ns3:hr>
            <ns3:cad>88</ns3:cad>
          </ns3:TrackPointExtension>
        </extensions>
      </trkpt>
      <trkpt lat="24.53416292555630207061767578125" lon="118.15378739498555660247802734375">
        <ele>26.3999996185302734375</ele>
        <time>2026-08-06T12:14:11.000Z</time>
        <extensions>
          <ns3:TrackPointExtension>
            <ns3:hr>134</ns3:hr>
            <ns3:cad>88</ns3:cad>
          </ns3:TrackPointExtension>
        </extensions>
      </trkpt>
      <trkpt lat="24.53419092111289501190185546875" lon="118.15377867780625820159912109375">
        <ele>26.3999996185302734375</ele>
        <time>2026-08-06T12:14:12.000Z</time>
        <extensions>
          <ns3:TrackPointExtension>
            <ns3:hr>133</ns3:hr>
            <ns3:cad>87</ns3:cad>
          </ns3:TrackPointExtension>
        </extensions>
      </trkpt>
      <trkpt lat="24.5342444814741611480712890625" lon="118.15377482213079929351806640625">
        <ele>26.3999996185302734375</ele>
        <time>2026-08-06T12:14:13.000Z</time>
        <extensions>
          <ns3:TrackPointExtension>
            <ns3:hr>132</ns3:hr>
            <ns3:cad>88</ns3:cad>
          </ns3:TrackPointExtension>
        </extensions>
      </trkpt>
      <trkpt lat="24.5342763327062129974365234375" lon="118.15377800725400447845458984375">
        <ele>26.200000762939453125</ele>
        <time>2026-08-06T12:14:14.000Z</time>
        <extensions>
          <ns3:TrackPointExtension>
            <ns3:hr>131</ns3:hr>
            <ns3:cad>88</ns3:cad>
          </ns3:TrackPointExtension>
        </extensions>
      </trkpt>
      <trkpt lat="24.53429996967315673828125" lon="118.1537728942930698394775390625">
        <ele>26.200000762939453125</ele>
        <time>2026-08-06T12:14:15.000Z</time>
        <extensions>
          <ns3:TrackPointExtension>
            <ns3:hr>131</ns3:hr>
            <ns3:cad>89</ns3:cad>
          </ns3:TrackPointExtension>
        </extensions>
      </trkpt>
      <trkpt lat="24.5343256182968616485595703125" lon="118.1537775881588459014892578125">
        <ele>26.200000762939453125</ele>
        <time>2026-08-06T12:14:16.000Z</time>
        <extensions>
          <ns3:TrackPointExtension>
            <ns3:hr>131</ns3:hr>
            <ns3:cad>89</ns3:cad>
          </ns3:TrackPointExtension>
        </extensions>
      </trkpt>
      <trkpt lat="24.53434146009385585784912109375" lon="118.1537760794162750244140625">
        <ele>26.200000762939453125</ele>
        <time>2026-08-06T12:14:17.000Z</time>
        <extensions>
          <ns3:TrackPointExtension>
            <ns3:hr>131</ns3:hr>
            <ns3:cad>89</ns3:cad>
          </ns3:TrackPointExtension>
        </extensions>
      </trkpt>
      <trkpt lat="24.53436903655529022216796875" lon="118.153778426349163055419921875">
        <ele>26.200000762939453125</ele>
        <time>2026-08-06T12:14:18.000Z</time>
        <extensions>
          <ns3:TrackPointExtension>
            <ns3:hr>131</ns3:hr>
            <ns3:cad>88</ns3:cad>
          </ns3:TrackPointExtension>
        </extensions>
      </trkpt>
      <trkpt lat="24.5343946851789951324462890625" lon="118.15377582795917987823486328125">
        <ele>26.3999996185302734375</ele>
        <time>2026-08-06T12:14:19.000Z</time>
        <extensions>
          <ns3:TrackPointExtension>
            <ns3:hr>132</ns3:hr>
            <ns3:cad>87</ns3:cad>
          </ns3:TrackPointExtension>
        </extensions>
      </trkpt>
      <trkpt lat="24.5344164781272411346435546875" lon="118.15379242412745952606201171875">
        <ele>26.3999996185302734375</ele>
        <time>2026-08-06T12:14:20.000Z</time>
        <extensions>
          <ns3:TrackPointExtension>
            <ns3:hr>131</ns3:hr>
            <ns3:cad>87</ns3:cad>
          </ns3:TrackPointExtension>
        </extensions>
      </trkpt>
      <trkpt lat="24.53441689722239971160888671875" lon="118.15381103195250034332275390625">
        <ele>26.3999996185302734375</ele>
        <time>2026-08-06T12:14:21.000Z</time>
        <extensions>
          <ns3:TrackPointExtension>
            <ns3:hr>131</ns3:hr>
            <ns3:cad>87</ns3:cad>
          </ns3:TrackPointExtension>
        </extensions>
      </trkpt>
    </trkseg>
  </trk>
</gpx>
