<?xml version="1.0" encoding="UTF-8"?>
<gpx creator="Garmin Connect" version="1.1"
  xsi:schemaLocation="http://www.topografix.com/GPX/1/1 http://www.topografix.com/GPX/11.xsd"
  xmlns:ns3="http://www.garmin.com/xmlschemas/TrackPointExtension/v1"
  xmlns="http://www.topografix.com/GPX/1/1"
  xmlns:xsi="http://www.w3.org/2001/XMLSchema-instance" xmlns:ns2="http://www.garmin.com/xmlschemas/GpxExtensions/v3">
  <metadata>
    <link href="connect.garmin.com">
      <text>Garmin Connect</text>
    </link>
    <time>2026-08-06T11:07:39.000Z</time>
  </metadata>
  <trk>
    <name>厦门市 跑步</name>
    <type>running</type>
    <trkseg>
      <trkpt lat="24.5343745686113834381103515625" lon="118.153822682797908782958984375">
        <ele>17.6000003814697265625</ele>
        <time>2026-08-06T11:07:39.000Z</time>
        <extensions>
          <ns3:TrackPointExtension>
            <ns3:hr>59</ns3:hr>
            <ns3:cad>0</ns3:cad>
          </ns3:TrackPointExtension>
        </extensions>
      </trkpt>
      <trkpt lat="24.5343925058841705322265625" lon="118.15380097366869449615478515625">
        <ele>17.799999237060546875</ele>
        <time>2026-08-06T11:07:40.000Z</time>
        <extensions>
          <ns3:TrackPointExtension>
            <ns3:hr>60</ns3:hr>
            <ns3:cad>0</ns3:cad>
          </ns3:TrackPointExtension>
        </extensions>
      </trkpt>
      <trkpt lat="24.53442729078233242034912109375" lon="118.15379242412745952606201171875">
        <ele>17.799999237060546875</ele>
        <time>2026-08-06T11:07:41.000Z</time>
        <extensions>
          <ns3:TrackPointExtension>
            <ns3:hr>60</ns3:hr>
            <ns3:cad>0</ns3:cad>
          </ns3:TrackPointExtension>
        </extensions>
      </trkpt>
      <trkpt lat="24.5344515144824981689453125" lon="118.15378337167203426361083984375">
        <ele>17.799999237060546875</ele>
        <time>2026-08-06T11:07:42.000Z</time>
        <extensions>
          <ns3:TrackPointExtension>
            <ns3:hr>60</ns3:hr>
            <ns3:cad>0</ns3:cad>
          </ns3:TrackPointExtension>
        </extensions>
      </trkpt>
      <trkpt lat="24.53448864631354808807373046875" lon="118.153785131871700286865234375">
        <ele>17.6000003814697265625</ele>
        <time>2026-08-06T11:07:43.000Z</time>
        <extensions>
          <ns3:TrackPointExtension>
            <ns3:hr>61</ns3:hr>
            <ns3:cad>0</ns3:cad>
          </ns3:TrackPointExtension>
        </extensions>
      </trkpt>
      <trkpt lat="24.53451731242239475250244140625" lon="118.15378085710108280181884765625">
        <ele>17.3999996185302734375</ele>
        <time>2026-08-06T11:07:44.000Z</time>
        <extensions>
          <ns3:TrackPointExtension>
            <ns3:hr>62</ns3:hr>
            <ns3:cad>0</ns3:cad>
          </ns3:TrackPointExtension>
        </extensions>
      </trkpt>
      <trkpt lat="24.534554779529571533203125" lon="118.15378504805266857147216796875">
        <ele>17.3999996185302734375</ele>
        <time>2026-08-06T11:07:45.000Z</time>
        <extensions>
          <ns3:TrackPointExtension>
            <ns3:hr>63</ns3:hr>
            <ns3:cad>90</ns3:cad>
          </ns3:TrackPointExtension>
        </extensions>
      </trkpt>
      <trkpt lat="24.53458721749484539031982421875" lon="118.15378756262362003326416015625">
        <ele>17.3999996185302734375</ele>
        <time>2026-08-06T11:07:46.000Z</time>
        <extensions>
          <ns3:TrackPointExtension>
            <ns3:hr>63</ns3:hr>
            <ns3:cad>90</ns3:cad>
          </ns3:TrackPointExtension>
        </extensions>
      </trkpt>
      <trkpt lat="24.53462560661137104034423828125" lon="118.15379208885133266448974609375">
        <ele>17.3999996185302734375</ele>
        <time>2026-08-06T11:07:47.000Z</time>
        <extensions>
          <ns3:TrackPointExtension>
            <ns3:hr>64</ns3:hr>
            <ns3:cad>90</ns3:cad>
          </ns3:TrackPointExtension>
        </extensions>
      </trkpt>
      <trkpt lat="24.5346588827669620513916015625" lon="118.15379007719457149505615234375">
        <ele>17.3999996185302734375</ele>
        <time>2026-08-06T11:07:48.000Z</time>
        <extensions>
          <ns3:TrackPointExtension>
            <ns3:hr>65</ns3:hr>
            <ns3:cad>90</ns3:cad>
          </ns3:TrackPointExtension>
        </extensions>
      </trkpt>
      <trkpt lat="24.534693248569965362548828125" lon="118.153788149356842041015625">
        <ele>17.3999996185302734375</ele>
        <time>2026-08-06T11:07:49.000Z</time>
        <extensions>
          <ns3:TrackPointExtension>
            <ns3:hr>67</ns3:hr>
            <ns3:cad>90</ns3:cad>
          </ns3:TrackPointExtension>
        </extensions>
      </trkpt>
      <trkpt lat="24.5347232557833194732666015625" lon="118.15378479659557342529296875">
        <ele>17.3999996185302734375</ele>
        <time>2026-08-06T11:07:50.000Z</time>
        <extensions>
          <ns3:TrackPointExtension>
            <ns3:hr>69</ns3:hr>
            <ns3:cad>90</ns3:cad>
          </ns3:TrackPointExtension>
        </extensions>
      </trkpt>
      <trkpt lat="24.53475787304341793060302734375" lon="118.15378689207136631011962890625">
        <ele>17.3999996185302734375</ele>
        <time>2026-08-06T11:07:51.000Z</time>
        <extensions>
          <ns3:TrackPointExtension>
            <ns3:hr>70</ns3:hr>
            <ns3:cad>90</ns3:cad>
          </ns3:TrackPointExtension>
        </extensions>
      </trkpt>
      <trkpt lat="24.53478637151420116424560546875" lon="118.15377767197787761688232421875">
        <ele>17.3999996185302734375</ele>
        <time>2026-08-06T11:07:52.000Z</time>
        <extensions>
          <ns3:TrackPointExtension>
            <ns3:hr>72</ns3:hr>
            <ns3:cad>90</ns3:cad>
          </ns3:TrackPointExtension>
        </extensions>
      </trkpt>
      <trkpt lat="24.53481855802237987518310546875" lon="118.1537698768079280853271484375">
        <ele>17.3999996185302734375</ele>
        <time>2026-08-06T11:07:53.000Z</time>
        <extensions>
          <ns3:TrackPointExtension>
            <ns3:hr>73</ns3:hr>
            <ns3:cad>90</ns3:cad>
          </ns3:TrackPointExtension>
        </extensions>
      </trkpt>
      <trkpt lat="24.5348457992076873779296875" lon="118.15376275219023227691650390625">
        <ele>17.200000762939453125</ele>
        <time>2026-08-06T11:07:54.000Z</time>
        <extensions>
          <ns3:TrackPointExtension>
            <ns3:hr>75</ns3:hr>
            <ns3:cad>90</ns3:cad>
          </ns3:TrackPointExtension>
        </extensions>
      </trkpt>
      <trkpt lat="24.53487840481102466583251953125" lon="118.153755962848663330078125">
        <ele>17.200000762939453125</ele>
        <time>2026-08-06T11:07:55.000Z</time>
        <extensions>
          <ns3:TrackPointExtension>
            <ns3:hr>76</ns3:hr>
            <ns3:cad>91</ns3:cad>
          </ns3:TrackPointExtension>
        </extensions>
      </trkpt>
      <trkpt lat="24.5349123515188694000244140625" lon="118.153743557631969451904296875">
        <ele>17.200000762939453125</ele>
        <time>2026-08-06T11:07:56.000Z</time>
        <extensions>
          <ns3:TrackPointExtension>
            <ns3:hr>78</ns3:hr>
            <ns3:cad>91</ns3:cad>
          </ns3:TrackPointExtension>
        </extensions>
      </trkpt>
      <trkpt lat="24.5349478907883167266845703125" lon="118.153734169900417327880859375">
        <ele>17.200000762939453125</ele>
        <time>2026-08-06T11:07:57.000Z</time>
        <extensions>
          <ns3:TrackPointExtension>
            <ns3:hr>79</ns3:hr>
            <ns3:cad>92</ns3:cad>
          </ns3:TrackPointExtension>
        </extensions>
      </trkpt>
      <trkpt lat="24.53497513197362422943115234375" lon="118.15372000448405742645263671875">
        <ele>17.200000762939453125</ele>
        <time>2026-08-06T11:07:58.000Z</time>
        <extensions>
          <ns3:TrackPointExtension>
            <ns3:hr>81</ns3:hr>
            <ns3:cad>92</ns3:cad>
          </ns3:TrackPointExtension>
        </extensions>
      </trkpt>
      <trkpt lat="24.5350042171776294708251953125" lon="118.15371061675250530242919921875">
        <ele>17.200000762939453125</ele>
        <time>2026-08-06T11:07:59.000Z</time>
        <extensions>
          <ns3:TrackPointExtension>
            <ns3:hr>82</ns3:hr>
            <ns3:cad>90</ns3:cad>
          </ns3:TrackPointExtension>
        </extensions>
      </trkpt>
      <trkpt lat="24.53503481112420558929443359375" lon="118.15369619987905025482177734375">
        <ele>17.200000762939453125</ele>
        <time>2026-08-06T11:08:00.000Z</time>
        <extensions>
          <ns3:TrackPointExtension>
            <ns3:hr>83</ns3:hr>
            <ns3:cad>90</ns3:cad>
          </ns3:TrackPointExtension>
        </extensions>
      </trkpt>
      <trkpt lat="24.535063393414020538330078125" lon="118.15368287265300750732421875">
        <ele>17.200000762939453125</ele>
        <time>2026-08-06T11:08:01.000Z</time>
        <extensions>
          <ns3:TrackPointExtension>
            <ns3:hr>85</ns3:hr>
            <ns3:cad>90</ns3:cad>
          </ns3:TrackPointExtension>
        </extensions>
      </trkpt>
      <trkpt lat="24.53509055078029632568359375" lon="118.15367189235985279083251953125">
        <ele>17.200000762939453125</ele>
        <time>2026-08-06T11:08:02.000Z</time>
        <extensions>
          <ns3:TrackPointExtension>
            <ns3:hr>86</ns3:hr>
            <ns3:cad>90</ns3:cad>
          </ns3:TrackPointExtension>
        </extensions>
      </trkpt>
      <trkpt lat="24.53511544503271579742431640625" lon="118.15366166643798351287841796875">
        <ele>17.200000762939453125</ele>
        <time>2026-08-06T11:08:03.000Z</time>
        <extensions>
          <ns3:TrackPointExtension>
            <ns3:hr>88</ns3:hr>
            <ns3:cad>90</ns3:cad>
          </ns3:TrackPointExtension>
        </extensions>
      </trkpt>
      <trkpt lat="24.53514075838029384613037109375" lon="118.15364724956452846527099609375">
        <ele>17</ele>
        <time>2026-08-06T11:08:04.000Z</time>
        <extensions>
          <ns3:TrackPointExtension>
            <ns3:hr>90</ns3:hr>
            <ns3:cad>91</ns3:cad>
          </ns3:TrackPointExtension>
        </extensions>
      </trkpt>
      <trkpt lat="24.53516942448914051055908203125" lon="118.1536307372152805328369140625">
        <ele>17</ele>
        <time>2026-08-06T11:08:05.000Z</time>
        <extensions>
          <ns3:TrackPointExtension>
            <ns3:hr>91</ns3:hr>
            <ns3:cad>91</ns3:cad>
          </ns3:TrackPointExtension>
        </extensions>
      </trkpt>
      <trkpt lat="24.53519691713154315948486328125" lon="118.15361581742763519287109375">
        <ele>17</ele>
        <time>2026-08-06T11:08:06.000Z</time>
        <extensions>
          <ns3:TrackPointExtension>
            <ns3:hr>93</ns3:hr>
            <ns3:cad>91</ns3:cad>
          </ns3:TrackPointExtension>
        </extensions>
      </trkpt>
      <trkpt lat="24.535225667059421539306640625" lon="118.15360031090676784515380859375">
        <ele>17</ele>
        <time>2026-08-06T11:08:07.000Z</time>
        <extensions>
          <ns3:TrackPointExtension>
            <ns3:hr>94</ns3:hr>
            <ns3:cad>91</ns3:cad>
          </ns3:TrackPointExtension>
        </extensions>
      </trkpt>
      <trkpt lat="24.5352534949779510498046875" lon="118.15358371473848819732666015625">
        <ele>17</ele>
        <time>2026-08-06T11:08:08.000Z</time>
        <extensions>
          <ns3:TrackPointExtension>
            <ns3:hr>95</ns3:hr>
            <ns3:cad>90</ns3:cad>
          </ns3:TrackPointExtension>
        </extensions>
      </trkpt>
      <trkpt lat="24.53527788631618022918701171875" lon="118.1535656936466693878173828125">
        <ele>17</ele>
        <time>2026-08-06T11:08:09.000Z</time>
        <extensions>
          <ns3:TrackPointExtension>
            <ns3:hr>97</ns3:hr>
            <ns3:cad>90</ns3:cad>
          </ns3:TrackPointExtension>
        </extensions>
      </trkpt>
      <trkpt lat="24.535308144986629486083984375" lon="118.153539709746837615966796875">
        <ele>17</ele>
        <time>2026-08-06T11:08:10.000Z</time>
        <extensions>
          <ns3:TrackPointExtension>
            <ns3:hr>98</ns3:hr>
            <ns3:cad>91</ns3:cad>
          </ns3:TrackPointExtension>
        </extensions>
      </trkpt>
      <trkpt lat="24.53532918356359004974365234375" lon="118.1535140611231327056884765625">
        <ele>17</ele>
        <time>2026-08-06T11:08:11.000Z</time>
        <extensions>
          <ns3:TrackPointExtension>
            <ns3:hr>99</ns3:hr>
            <ns3:cad>91</ns3:cad>
          </ns3:TrackPointExtension>
        </extensions>
      </trkpt>
      <trkpt lat="24.535359106957912445068359375" lon="118.153492100536823272705078125">
        <ele>17</ele>
        <time>2026-08-06T11:08:12.000Z</time>
        <extensions>
          <ns3:TrackPointExtension>
            <ns3:hr>101</ns3:hr>
            <ns3:cad>92</ns3:cad>
          </ns3:TrackPointExtension>
        </extensions>
      </trkpt>
      <trkpt lat="24.5353795588016510009765625" lon="118.15347508527338504791259765625">
        <ele>17</ele>
        <time>2026-08-06T11:08:13.000Z</time>
        <extensions>
          <ns3:TrackPointExtension>
            <ns3:hr>103</ns3:hr>
            <ns3:cad>91</ns3:cad>
          </ns3:TrackPointExtension>
        </extensions>
      </trkpt>
      <trkpt lat="24.53541115857660770416259765625" lon="118.15345010720193386077880859375">
        <ele>17</ele>
        <time>2026-08-06T11:08:14.000Z</time>
        <extensions>
          <ns3:TrackPointExtension>
            <ns3:hr>107</ns3:hr>
            <ns3:cad>91</ns3:cad>
          </ns3:TrackPointExtension>
        </extensions>
      </trkpt>
      <trkpt lat="24.53543043695390224456787109375" lon="118.15343200229108333587646484375">
        <ele>17</ele>
        <time>2026-08-06T11:08:15.000Z</time>
        <extensions>
          <ns3:TrackPointExtension>
            <ns3:hr>112</ns3:hr>
            <ns3:cad>90</ns3:cad>
          </ns3:TrackPointExtension>
        </extensions>
      </trkpt>
      <trkpt lat="24.53545977361500263214111328125" lon="118.15340794622898101806640625">
        <ele>17</ele>
        <time>2026-08-06T11:08:16.000Z</time>
        <extensions>
          <ns3:TrackPointExtension>
            <ns3:hr>118</ns3:hr>
            <ns3:cad>90</ns3:cad>
          </ns3:TrackPointExtension>
        </extensions>
      </trkpt>
      <trkpt lat="24.53548014163970947265625" lon="118.15338657237589359283447265625">
        <ele>17</ele>
        <time>2026-08-06T11:08:17.000Z</time>
        <extensions>
          <ns3:TrackPointExtension>
            <ns3:hr>119</ns3:hr>
            <ns3:cad>90</ns3:cad>
          </ns3:TrackPointExtension>
        </extensions>
      </trkpt>
      <trkpt lat="24.53550771810114383697509765625" lon="118.1533591635525226593017578125">
        <ele>17</ele>
        <time>2026-08-06T11:08:18.000Z</time>
        <extensions>
          <ns3:TrackPointExtension>
            <ns3:hr>120</ns3:hr>
            <ns3:cad>90</ns3:cad>
          </ns3:TrackPointExtension>
        </extensions>
      </trkpt>
      <trkpt lat="24.53552305698394775390625" lon="118.153335861861705780029296875">
        <ele>17.200000762939453125</ele>
        <time>2026-08-06T11:08:19.000Z</time>
        <extensions>
          <ns3:TrackPointExtension>
            <ns3:hr>122</ns3:hr>
            <ns3:cad>90</ns3:cad>
          </ns3:TrackPointExtension>
        </extensions>
      </trkpt>
      <trkpt lat="24.5355510525405406951904296875" lon="118.15330644138157367706298828125">
        <ele>17.200000762939453125</ele>
        <time>2026-08-06T11:08:20.000Z</time>
        <extensions>
          <ns3:TrackPointExtension>
            <ns3:hr>123</ns3:hr>
            <ns3:cad>91</ns3:cad>
          </ns3:TrackPointExtension>
        </extensions>
      </trkpt>
      <trkpt lat="24.5355671457946300506591796875" lon="118.15328632481396198272705078125">
        <ele>17.200000762939453125</ele>
        <time>2026-08-06T11:08:21.000Z</time>
        <extensions>
          <ns3:TrackPointExtension>
            <ns3:hr>124</ns3:hr>
            <ns3:cad>91</ns3:cad>
          </ns3:TrackPointExtension>
        </extensions>
      </trkpt>
      <trkpt lat="24.53559321351349353790283203125" lon="118.15325430594384670257568359375">
        <ele>17</ele>
        <time>2026-08-06T11:08:22.000Z</time>
        <extensions>
          <ns3:TrackPointExtension>
            <ns3:hr>124</ns3:hr>
            <ns3:cad>91</ns3:cad>
          </ns3:TrackPointExtension>
        </extensions>
      </trkpt>
      <trkpt lat="24.5356093905866146087646484375" lon="118.15322530455887317657470703125">
        <ele>17</ele>
        <time>2026-08-06T11:08:23.000Z</time>
        <extensions>
          <ns3:TrackPointExtension>
            <ns3:hr>125</ns3:hr>
            <ns3:cad>91</ns3:cad>
          </ns3:TrackPointExtension>
        </extensions>
      </trkpt>
      <trkpt lat="24.535639397799968719482421875" lon="118.15319630317389965057373046875">
        <ele>16.799999237060546875</ele>
        <time>2026-08-06T11:08:24.000Z</time>
        <extensions>
          <ns3:TrackPointExtension>
            <ns3:hr>126</ns3:hr>
            <ns3:cad>91</ns3:cad>
          </ns3:TrackPointExtension>
        </extensions>
      </trkpt>
      <trkpt lat="24.53566412441432476043701171875" lon="118.15316780470311641693115234375">
        <ele>16.799999237060546875</ele>
        <time>2026-08-06T11:08:25.000Z</time>
        <extensions>
          <ns3:TrackPointExtension>
            <ns3:hr>127</ns3:hr>
            <ns3:cad>91</ns3:cad>
          </ns3:TrackPointExtension>
        </extensions>
      </trkpt>
      <trkpt lat="24.53569312579929828643798828125" lon="118.15315322019159793853759765625">
        <ele>16.799999237060546875</ele>
        <time>2026-08-06T11:08:26.000Z</time>
        <extensions>
          <ns3:TrackPointExtension>
            <ns3:hr>128</ns3:hr>
            <ns3:cad>91</ns3:cad>
          </ns3:TrackPointExtension>
        </extensions>
      </trkpt>
      <trkpt lat="24.5357215404510498046875" lon="118.1531392224133014678955078125">
        <ele>16.799999237060546875</ele>
        <time>2026-08-06T11:08:27.000Z</time>
        <extensions>
          <ns3:TrackPointExtension>
            <ns3:hr>128</ns3:hr>
            <ns3:cad>91</ns3:cad>
          </ns3:TrackPointExtension>
        </extensions>
      </trkpt>
      <trkpt lat="24.53574861399829387664794921875" lon="118.15314718522131443023681640625">
        <ele>16.799999237060546875</ele>
        <time>2026-08-06T11:08:28.000Z</time>
        <extensions>
          <ns3:TrackPointExtension>
            <ns3:hr>129</ns3:hr>
            <ns3:cad>93</ns3:cad>
          </ns3:TrackPointExtension>
        </extensions>
      </trkpt>
      <trkpt lat="24.53577845357358455657958984375" lon="118.1531553156673908233642578125">
        <ele>16.799999237060546875</ele>
        <time>2026-08-06T11:08:29.000Z</time>
        <extensions>
          <ns3:TrackPointExtension>
            <ns3:hr>130</ns3:hr>
            <ns3:cad>93</ns3:cad>
          </ns3:TrackPointExtension>
        </extensions>
      </trkpt>
      <trkpt lat="24.53580192290246486663818359375" lon="118.15317601896822452545166015625">
        <ele>16.799999237060546875</ele>
        <time>2026-08-06T11:08:30.000Z</time>
        <extensions>
          <ns3:TrackPointExtension>
            <ns3:hr>131</ns3:hr>
            <ns3:cad>92</ns3:cad>
          </ns3:TrackPointExtension>
        </extensions>
      </trkpt>
      <trkpt lat="24.5358293317258358001708984375" lon="118.15319479443132877349853515625">
        <ele>16.799999237060546875</ele>
        <time>2026-08-06T11:08:31.000Z</time>
        <extensions>
          <ns3:TrackPointExtension>
            <ns3:hr>132</ns3:hr>
            <ns3:cad>92</ns3:cad>
          </ns3:TrackPointExtension>
        </extensions>
      </trkpt>
      <trkpt lat="24.5358568243682384490966796875" lon="118.15321507863700389862060546875">
        <ele>16.799999237060546875</ele>
        <time>2026-08-06T11:08:32.000Z</time>
        <extensions>
          <ns3:TrackPointExtension>
            <ns3:hr>133</ns3:hr>
            <ns3:cad>90</ns3:cad>
          </ns3:TrackPointExtension>
        </extensions>
      </trkpt>
      <trkpt lat="24.53588607721030712127685546875" lon="118.15323100425302982330322265625">
        <ele>17</ele>
        <time>2026-08-06T11:08:33.000Z</time>
        <extensions>
          <ns3:TrackPointExtension>
            <ns3:hr>134</ns3:hr>
            <ns3:cad>90</ns3:cad>
          </ns3:TrackPointExtension>
        </extensions>
      </trkpt>
      <trkpt lat="24.53591088764369487762451171875" lon="118.1532468460500240325927734375">
        <ele>17</ele>
        <time>2026-08-06T11:08:34.000Z</time>
        <extensions>
          <ns3:TrackPointExtension>
            <ns3:hr>135</ns3:hr>
            <ns3:cad>90</ns3:cad>
          </ns3:TrackPointExtension>
        </extensions>
      </trkpt>
      <trkpt lat="24.535935781896114349365234375" lon="118.15326386131346225738525390625">
        <ele>17</ele>
        <time>2026-08-06T11:08:35.000Z</time>
        <extensions>
          <ns3:TrackPointExtension>
            <ns3:hr>135</ns3:hr>
            <ns3:cad>91</ns3:cad>
          </ns3:TrackPointExtension>
        </extensions>
      </trkpt>
      <trkpt lat="24.53596050851047039031982421875" lon="118.153287582099437713623046875">
        <ele>17</ele>
        <time>2026-08-06T11:08:36.000Z</time>
        <extensions>
          <ns3:TrackPointExtension>
            <ns3:hr>135</ns3:hr>
            <ns3:cad>91</ns3:cad>
          </ns3:TrackPointExtension>
        </extensions>
      </trkpt>
      <trkpt lat="24.53599051572382450103759765625" lon="118.15330090932548046112060546875">
        <ele>16.799999237060546875</ele>
        <time>2026-08-06T11:08:37.000Z</time>
        <extensions>
          <ns3:TrackPointExtension>
            <ns3:hr>136</ns3:hr>
            <ns3:cad>91</ns3:cad>
          </ns3:TrackPointExtension>
        </extensions>
      </trkpt>
      <trkpt lat="24.53601591289043426513671875" lon="118.1533199362456798553466796875">
        <ele>16.799999237060546875</ele>
        <time>2026-08-06T11:08:38.000Z</time>
        <extensions>
          <ns3:TrackPointExtension>
            <ns3:hr>136</ns3:hr>
            <ns3:cad>91</ns3:cad>
          </ns3:TrackPointExtension>
        </extensions>
      </trkpt>
      <trkpt lat="24.53604198060929775238037109375" lon="118.153333179652690887451171875">
        <ele>16.799999237060546875</ele>
        <time>2026-08-06T11:08:39.000Z</time>
        <extensions>
          <ns3:TrackPointExtension>
            <ns3:hr>136</ns3:hr>
            <ns3:cad>89</ns3:cad>
          </ns3:TrackPointExtension>
        </extensions>
      </trkpt>
      <trkpt lat="24.5360680483281612396240234375" lon="118.15335203893482685089111328125">
        <ele>16.799999237060546875</ele>
        <time>2026-08-06T11:08:40.000Z</time>
        <extensions>
          <ns3:TrackPointExtension>
            <ns3:hr>136</ns3:hr>
            <ns3:cad>88</ns3:cad>
          </ns3:TrackPointExtension>
        </extensions>
      </trkpt>
      <trkpt lat="24.53609880991280078887939453125" lon="118.153364025056362152099609375">
        <ele>16.799999237060546875</ele>
        <time>2026-08-06T11:08:41.000Z</time>
        <extensions>
          <ns3:TrackPointExtension>
            <ns3:hr>136</ns3:hr>
            <ns3:cad>88</ns3:cad>
          </ns3:TrackPointExtension>
        </extensions>
      </trkpt>
      <trkpt lat="24.53612856566905975341796875" lon="118.1533839739859104156494140625">
        <ele>17</ele>
        <time>2026-08-06T11:08:42.000Z</time>
        <extensions>
          <ns3:TrackPointExtension>
            <ns3:hr>135</ns3:hr>
            <ns3:cad>89</ns3:cad>
          </ns3:TrackPointExtension>
        </extensions>
      </trkpt>
      <trkpt lat="24.53615941107273101806640625" lon="118.15340149216353893280029296875">
        <ele>16.799999237060546875</ele>
        <time>2026-08-06T11:08:43.000Z</time>
        <extensions>
          <ns3:TrackPointExtension>
            <ns3:hr>135</ns3:hr>
            <ns3:cad>90</ns3:cad>
          </ns3:TrackPointExtension>
        </extensions>
      </trkpt>
      <trkpt lat="24.5361897535622119903564453125" lon="118.153427727520465850830078125">
        <ele>16.799999237060546875</ele>
        <time>2026-08-06T11:08:44.000Z</time>
        <extensions>
          <ns3:TrackPointExtension>
            <ns3:hr>133</ns3:hr>
            <ns3:cad>91</ns3:cad>
          </ns3:TrackPointExtension>
        </extensions>
      </trkpt>
      <trkpt lat="24.536216743290424346923828125" lon="118.1534453295171260833740234375">
        <ele>16.799999237060546875</ele>
        <time>2026-08-06T11:08:45.000Z</time>
        <extensions>
          <ns3:TrackPointExtension>
            <ns3:hr>133</ns3:hr>
            <ns3:cad>91</ns3:cad>
          </ns3:TrackPointExtension>
        </extensions>
      </trkpt>
      <trkpt lat="24.53624633140861988067626953125" lon="118.15347231924533843994140625">
        <ele>17</ele>
        <time>2026-08-06T11:08:46.000Z</time>
        <extensions>
          <ns3:TrackPointExtension>
            <ns3:hr>133</ns3:hr>
            <ns3:cad>90</ns3:cad>
          </ns3:TrackPointExtension>
        </extensions>
      </trkpt>
      <trkpt lat="24.53627147711813449859619140625" lon="118.15348514355719089508056640625">
        <ele>16.799999237060546875</ele>
        <time>2026-08-06T11:08:47.000Z</time>
        <extensions>
          <ns3:TrackPointExtension>
            <ns3:hr>134</ns3:hr>
            <ns3:cad>89</ns3:cad>
          </ns3:TrackPointExtension>
        </extensions>
      </trkpt>
      <trkpt lat="24.5362987183034420013427734375" lon="118.1535083614289760589599609375">
        <ele>17</ele>
        <time>2026-08-06T11:08:48.000Z</time>
        <extensions>
          <ns3:TrackPointExtension>
            <ns3:hr>135</ns3:hr>
            <ns3:cad>88</ns3:cad>
          </ns3:TrackPointExtension>
        </extensions>
      </trkpt>
      <trkpt lat="24.53632612712681293487548828125" lon="118.1535170786082744598388671875">
        <ele>16.799999237060546875</ele>
        <time>2026-08-06T11:08:49.000Z</time>
        <extensions>
          <ns3:TrackPointExtension>
            <ns3:hr>135</ns3:hr>
            <ns3:cad>88</ns3:cad>
          </ns3:TrackPointExtension>
        </extensions>
      </trkpt>
      <trkpt lat="24.53635646961629390716552734375" lon="118.153541386127471923828125">
        <ele>16.799999237060546875</ele>
        <time>2026-08-06T11:08:50.000Z</time>
        <extensions>
          <ns3:TrackPointExtension>
            <ns3:hr>136</ns3:hr>
            <ns3:cad>88</ns3:cad>
          </ns3:TrackPointExtension>
        </extensions>
      </trkpt>
      <trkpt lat="24.5363811962306499481201171875" lon="118.15354884602129459381103515625">
        <ele>16.799999237060546875</ele>
        <time>2026-08-06T11:08:51.000Z</time>
        <extensions>
          <ns3:TrackPointExtension>
            <ns3:hr>137</ns3:hr>
            <ns3:cad>88</ns3:cad>
          </ns3:TrackPointExtension>
        </extensions>
      </trkpt>
      <trkpt lat="24.5364137180149555206298828125" lon="118.15357298590242862701416015625">
        <ele>16.799999237060546875</ele>
        <time>2026-08-06T11:08:52.000Z</time>
        <extensions>
          <ns3:TrackPointExtension>
            <ns3:hr>137</ns3:hr>
            <ns3:cad>89</ns3:cad>
          </ns3:TrackPointExtension>
        </extensions>
      </trkpt>
      <trkpt lat="24.5364385284483432769775390625" lon="118.153580613434314727783203125">
        <ele>16.799999237060546875</ele>
        <time>2026-08-06T11:08:53.000Z</time>
        <extensions>
          <ns3:TrackPointExtension>
            <ns3:hr>137</ns3:hr>
            <ns3:cad>89</ns3:cad>
          </ns3:TrackPointExtension>
        </extensions>
      </trkpt>
      <trkpt lat="24.5364636741578578948974609375" lon="118.1535985507071018218994140625">
        <ele>16.799999237060546875</ele>
        <time>2026-08-06T11:08:54.000Z</time>
        <extensions>
          <ns3:TrackPointExtension>
            <ns3:hr>137</ns3:hr>
            <ns3:cad>89</ns3:cad>
          </ns3:TrackPointExtension>
        </extensions>
      </trkpt>
      <trkpt lat="24.53648454509675502777099609375" lon="118.15360668115317821502685546875">
        <ele>16.6000003814697265625</ele>
        <time>2026-08-06T11:08:55.000Z</time>
        <extensions>
          <ns3:TrackPointExtension>
            <ns3:hr>137</ns3:hr>
            <ns3:cad>89</ns3:cad>
          </ns3:TrackPointExtension>
        </extensions>
      </trkpt>
      <trkpt lat="24.53651471994817256927490234375" lon="118.15363031812012195587158203125">
        <ele>16.6000003814697265625</ele>
        <time>2026-08-06T11:08:56.000Z</time>
        <extensions>
          <ns3:TrackPointExtension>
            <ns3:hr>138</ns3:hr>
            <ns3:cad>89</ns3:cad>
          </ns3:TrackPointExtension>
        </extensions>
      </trkpt>
      <trkpt lat="24.53653600998222827911376953125" lon="118.15364523790776729583740234375">
        <ele>16.6000003814697265625</ele>
        <time>2026-08-06T11:08:57.000Z</time>
        <extensions>
          <ns3:TrackPointExtension>
            <ns3:hr>138</ns3:hr>
            <ns3:cad>89</ns3:cad>
          </ns3:TrackPointExtension>
        </extensions>
      </trkpt>
      <trkpt lat="24.53656375408172607421875" lon="118.15366971306502819061279296875">
        <ele>16.6000003814697265625</ele>
        <time>2026-08-06T11:08:58.000Z</time>
        <extensions>
          <ns3:TrackPointExtension>
            <ns3:hr>137</ns3:hr>
            <ns3:cad>90</ns3:cad>
          </ns3:TrackPointExtension>
        </extensions>
      </trkpt>
      <trkpt lat="24.5365887321531772613525390625" lon="118.153682537376880645751953125">
        <ele>16.6000003814697265625</ele>
        <time>2026-08-06T11:08:59.000Z</time>
        <extensions>
          <ns3:TrackPointExtension>
            <ns3:hr>138</ns3:hr>
            <ns3:cad>90</ns3:cad>
          </ns3:TrackPointExtension>
        </extensions>
      </trkpt>
      <trkpt lat="24.53661915846168994903564453125" lon="118.1537115387618541717529296875">
        <ele>16.6000003814697265625</ele>
        <time>2026-08-06T11:09:00.000Z</time>
        <extensions>
          <ns3:TrackPointExtension>
            <ns3:hr>138</ns3:hr>
            <ns3:cad>90</ns3:cad>
          </ns3:TrackPointExtension>
        </extensions>
      </trkpt>
      <trkpt lat="24.536647237837314605712890625" lon="118.153729140758514404296875">
        <ele>16.6000003814697265625</ele>
        <time>2026-08-06T11:09:01.000Z</time>
        <extensions>
          <ns3:TrackPointExtension>
            <ns3:hr>138</ns3:hr>
            <ns3:cad>91</ns3:cad>
          </ns3:TrackPointExtension>
        </extensions>
      </trkpt>
      <trkpt lat="24.5366795919835567474365234375" lon="118.15375386737287044525146484375">
        <ele>16.6000003814697265625</ele>
        <time>2026-08-06T11:09:02.000Z</time>
        <extensions>
          <ns3:TrackPointExtension>
            <ns3:hr>138</ns3:hr>
            <ns3:cad>91</ns3:cad>
          </ns3:TrackPointExtension>
        </extensions>
      </trkpt>
      <trkpt lat="24.53670633025467395782470703125" lon="118.15376560203731060028076171875">
        <ele>16.6000003814697265625</ele>
        <time>2026-08-06T11:09:03.000Z</time>
        <extensions>
          <ns3:TrackPointExtension>
            <ns3:hr>138</ns3:hr>
            <ns3:cad>89</ns3:cad>
          </ns3:TrackPointExtension>
        </extensions>
      </trkpt>
      <trkpt lat="24.53673885203897953033447265625" lon="118.153785131871700286865234375">
        <ele>16.6000003814697265625</ele>
        <time>2026-08-06T11:09:04.000Z</time>
        <extensions>
          <ns3:TrackPointExtension>
            <ns3:hr>138</ns3:hr>
            <ns3:cad>88</ns3:cad>
          </ns3:TrackPointExtension>
        </extensions>
      </trkpt>
      <trkpt lat="24.53676098026335239410400390625" lon="118.15379619598388671875">
        <ele>16.6000003814697265625</ele>
        <time>2026-08-06T11:09:05.000Z</time>
        <extensions>
          <ns3:TrackPointExtension>
            <ns3:hr>139</ns3:hr>
            <ns3:cad>88</ns3:cad>
          </ns3:TrackPointExtension>
        </extensions>
      </trkpt>
      <trkpt lat="24.53679107129573822021484375" lon="118.1538168154656887054443359375">
        <ele>16.3999996185302734375</ele>
        <time>2026-08-06T11:09:06.000Z</time>
        <extensions>
          <ns3:TrackPointExtension>
            <ns3:hr>139</ns3:hr>
            <ns3:cad>89</ns3:cad>
          </ns3:TrackPointExtension>
        </extensions>
      </trkpt>
      <trkpt lat="24.53681462444365024566650390625" lon="118.1538295559585094451904296875">
        <ele>16.3999996185302734375</ele>
        <time>2026-08-06T11:09:07.000Z</time>
        <extensions>
          <ns3:TrackPointExtension>
            <ns3:hr>139</ns3:hr>
            <ns3:cad>89</ns3:cad>
          </ns3:TrackPointExtension>
        </extensions>
      </trkpt>
      <trkpt lat="24.53684178180992603302001953125" lon="118.15385185182094573974609375">
        <ele>16.6000003814697265625</ele>
        <time>2026-08-06T11:09:08.000Z</time>
        <extensions>
          <ns3:TrackPointExtension>
            <ns3:hr>139</ns3:hr>
            <ns3:cad>89</ns3:cad>
          </ns3:TrackPointExtension>
        </extensions>
      </trkpt>
      <trkpt lat="24.5368626527488231658935546875" lon="118.1538597308099269866943359375">
        <ele>16.3999996185302734375</ele>
        <time>2026-08-06T11:09:09.000Z</time>
        <extensions>
          <ns3:TrackPointExtension>
            <ns3:hr>139</ns3:hr>
            <ns3:cad>89</ns3:cad>
          </ns3:TrackPointExtension>
        </extensions>
      </trkpt>
      <trkpt lat="24.53689760528504848480224609375" lon="118.15388462506234645843505859375">
        <ele>16.3999996185302734375</ele>
        <time>2026-08-06T11:09:10.000Z</time>
        <extensions>
          <ns3:TrackPointExtension>
            <ns3:hr>140</ns3:hr>
            <ns3:cad>89</ns3:cad>
          </ns3:TrackPointExtension>
        </extensions>
      </trkpt>
      <trkpt lat="24.53692073933780193328857421875" lon="118.15390457399189472198486328125">
        <ele>16.3999996185302734375</ele>
        <time>2026-08-06T11:09:11.000Z</time>
        <extensions>
          <ns3:TrackPointExtension>
            <ns3:hr>140</ns3:hr>
            <ns3:cad>89</ns3:cad>
          </ns3:TrackPointExtension>
        </extensions>
      </trkpt>
      <trkpt lat="24.53696181066334247589111328125" lon="118.153931982815265655517578125">
        <ele>16.3999996185302734375</ele>
        <time>2026-08-06T11:09:12.000Z</time>
        <extensions>
          <ns3:TrackPointExtension>
            <ns3:hr>140</ns3:hr>
            <ns3:cad>89</ns3:cad>
          </ns3:TrackPointExtension>
        </extensions>
      </trkpt>
      <trkpt lat="24.53699047677218914031982421875" lon="118.15394497476518154144287109375">
        <ele>16.200000762939453125</ele>
        <time>2026-08-06T11:09:13.000Z</time>
        <extensions>
          <ns3:TrackPointExtension>
            <ns3:hr>140</ns3:hr>
            <ns3:cad>89</ns3:cad>
          </ns3:TrackPointExtension>
        </extensions>
      </trkpt>
      <trkpt lat="24.5370296202600002288818359375" lon="118.15396307967603206634521484375">
        <ele>16.200000762939453125</ele>
        <time>2026-08-06T11:09:14.000Z</time>
        <extensions>
          <ns3:TrackPointExtension>
            <ns3:hr>139</ns3:hr>
            <ns3:cad>89</ns3:cad>
          </ns3:TrackPointExtension>
        </extensions>
      </trkpt>
      <trkpt lat="24.53705652616918087005615234375" lon="118.15397766418755054473876953125">
        <ele>16.200000762939453125</ele>
        <time>2026-08-06T11:09:15.000Z</time>
        <extensions>
          <ns3:TrackPointExtension>
            <ns3:hr>139</ns3:hr>
            <ns3:cad>89</ns3:cad>
          </ns3:TrackPointExtension>
        </extensions>
      </trkpt>
      <trkpt lat="24.53708745539188385009765625" lon="118.1539918296039104461669921875">
        <ele>16.200000762939453125</ele>
        <time>2026-08-06T11:09:16.000Z</time>
        <extensions>
          <ns3:TrackPointExtension>
            <ns3:hr>139</ns3:hr>
            <ns3:cad>89</ns3:cad>
          </ns3:TrackPointExtension>
        </extensions>
      </trkpt>
      <trkpt lat="24.53710715286433696746826171875" lon="118.15400918014347553253173828125">
        <ele>16</ele>
        <time>2026-08-06T11:09:17.000Z</time>
        <extensions>
          <ns3:TrackPointExtension>
            <ns3:hr>139</ns3:hr>
            <ns3:cad>89</ns3:cad>
          </ns3:TrackPointExtension>
        </extensions>
      </trkpt>
      <trkpt lat="24.53713933937251567840576171875" lon="118.15403298474848270416259765625">
        <ele>16</ele>
        <time>2026-08-06T11:09:18.000Z</time>
        <extensions>
          <ns3:TrackPointExtension>
            <ns3:hr>140</ns3:hr>
            <ns3:cad>89</ns3:cad>
          </ns3:TrackPointExtension>
        </extensions>
      </trkpt>
      <trkpt lat="24.53715987503528594970703125" lon="118.15404589287936687469482421875">
        <ele>16</ele>
        <time>2026-08-06T11:09:19.000Z</time>
        <extensions>
          <ns3:TrackPointExtension>
            <ns3:hr>140</ns3:hr>
            <ns3:cad>88</ns3:cad>
          </ns3:TrackPointExtension>
        </extensions>
      </trkpt>
      <trkpt lat="24.53718795441091060638427734375" lon="118.15406550653278827667236328125">
        <ele>16</ele>
        <time>2026-08-06T11:09:20.000Z</time>
        <extensions>
          <ns3:TrackPointExtension>
            <ns3:hr>140</ns3:hr>
            <ns3:cad>88</ns3:cad>
          </ns3:TrackPointExtension>
        </extensions>
      </trkpt>
      <trkpt lat="24.537212848663330078125" lon="118.1540816836059093475341796875">
        <ele>16</ele>
        <time>2026-08-06T11:09:21.000Z</time>
        <extensions>
          <ns3:TrackPointExtension>
            <ns3:hr>140</ns3:hr>
            <ns3:cad>88</ns3:cad>
          </ns3:TrackPointExtension>
        </extensions>
      </trkpt>
      <trkpt lat="24.5372458733618259429931640625" lon="118.15410322509706020355224609375">
        <ele>16</ele>
        <time>2026-08-06T11:09:22.000Z</time>
        <extensions>
          <ns3:TrackPointExtension>
            <ns3:hr>142</ns3:hr>
            <ns3:cad>88</ns3:cad>
          </ns3:TrackPointExtension>
        </extensions>
      </trkpt>
      <trkpt lat="24.53726875595748424530029296875" lon="118.154125772416591644287109375">
        <ele>16</ele>
        <time>2026-08-06T11:09:23.000Z</time>
        <extensions>
          <ns3:TrackPointExtension>
            <ns3:hr>143</ns3:hr>
            <ns3:cad>89</ns3:cad>
          </ns3:TrackPointExtension>
        </extensions>
      </trkpt>
      <trkpt lat="24.5372961647808551788330078125" lon="118.1541524268686771392822265625">
        <ele>16</ele>
        <time>2026-08-06T11:09:24.000Z</time>
        <extensions>
          <ns3:TrackPointExtension>
            <ns3:hr>143</ns3:hr>
            <ns3:cad>90</ns3:cad>
          </ns3:TrackPointExtension>
        </extensions>
      </trkpt>
      <trkpt lat="24.53731410205364227294921875" lon="118.1541732139885425567626953125">
        <ele>15.80000019073486328125</ele>
        <time>2026-08-06T11:09:25.000Z</time>
        <extensions>
          <ns3:TrackPointExtension>
            <ns3:hr>143</ns3:hr>
            <ns3:cad>90</ns3:cad>
          </ns3:TrackPointExtension>
        </extensions>
      </trkpt>
      <trkpt lat="24.5373417623341083526611328125" lon="118.15419190563261508941650390625">
        <ele>15.80000019073486328125</ele>
        <time>2026-08-06T11:09:26.000Z</time>
        <extensions>
          <ns3:TrackPointExtension>
            <ns3:hr>144</ns3:hr>
            <ns3:cad>90</ns3:cad>
          </ns3:TrackPointExtension>
        </extensions>
      </trkpt>
      <trkpt lat="24.53736967407166957855224609375" lon="118.15421218983829021453857421875">
        <ele>15.80000019073486328125</ele>
        <time>2026-08-06T11:09:27.000Z</time>
        <extensions>
          <ns3:TrackPointExtension>
            <ns3:hr>144</ns3:hr>
            <ns3:cad>89</ns3:cad>
          </ns3:TrackPointExtension>
        </extensions>
      </trkpt>
      <trkpt lat="24.5373997651040554046630859375" lon="118.15423515625298023223876953125">
        <ele>15.80000019073486328125</ele>
        <time>2026-08-06T11:09:28.000Z</time>
        <extensions>
          <ns3:TrackPointExtension>
            <ns3:hr>144</ns3:hr>
            <ns3:cad>90</ns3:cad>
          </ns3:TrackPointExtension>
        </extensions>
      </trkpt>
      <trkpt lat="24.537423066794872283935546875" lon="118.15425259061157703399658203125">
        <ele>15.80000019073486328125</ele>
        <time>2026-08-06T11:09:29.000Z</time>
        <extensions>
          <ns3:TrackPointExtension>
            <ns3:hr>144</ns3:hr>
            <ns3:cad>90</ns3:cad>
          </ns3:TrackPointExtension>
        </extensions>
      </trkpt>
      <trkpt lat="24.5374507270753383636474609375" lon="118.15427354536950588226318359375">
        <ele>15.6000003814697265625</ele>
        <time>2026-08-06T11:09:30.000Z</time>
        <extensions>
          <ns3:TrackPointExtension>
            <ns3:hr>144</ns3:hr>
            <ns3:cad>91</ns3:cad>
          </ns3:TrackPointExtension>
        </extensions>
      </trkpt>
      <trkpt lat="24.53747495077550411224365234375" lon="118.1543009541928768157958984375">
        <ele>15.3999996185302734375</ele>
        <time>2026-08-06T11:09:31.000Z</time>
        <extensions>
          <ns3:TrackPointExtension>
            <ns3:hr>144</ns3:hr>
            <ns3:cad>91</ns3:cad>
          </ns3:TrackPointExtension>
        </extensions>
      </trkpt>
      <trkpt lat="24.5374980010092258453369140625" lon="118.15433523617684841156005859375">
        <ele>15.3999996185302734375</ele>
        <time>2026-08-06T11:09:32.000Z</time>
        <extensions>
          <ns3:TrackPointExtension>
            <ns3:hr>144</ns3:hr>
            <ns3:cad>91</ns3:cad>
          </ns3:TrackPointExtension>
        </extensions>
      </trkpt>
      <trkpt lat="24.53751317225396633148193359375" lon="118.154367171227931976318359375">
        <ele>15.3999996185302734375</ele>
        <time>2026-08-06T11:09:33.000Z</time>
        <extensions>
          <ns3:TrackPointExtension>
            <ns3:hr>144</ns3:hr>
            <ns3:cad>91</ns3:cad>
          </ns3:TrackPointExtension>
        </extensions>
      </trkpt>
      <trkpt lat="24.5375362224876880645751953125" lon="118.1544072367250919342041015625">
        <ele>15.3999996185302734375</ele>
        <time>2026-08-06T11:09:34.000Z</time>
        <extensions>
          <ns3:TrackPointExtension>
            <ns3:hr>145</ns3:hr>
            <ns3:cad>89</ns3:cad>
          </ns3:TrackPointExtension>
        </extensions>
      </trkpt>
      <trkpt lat="24.537544436752796173095703125" lon="118.15445258282124996185302734375">
        <ele>15.3999996185302734375</ele>
        <time>2026-08-06T11:09:35.000Z</time>
        <extensions>
          <ns3:TrackPointExtension>
            <ns3:hr>145</ns3:hr>
            <ns3:cad>88</ns3:cad>
          </ns3:TrackPointExtension>
        </extensions>
      </trkpt>
      <trkpt lat="24.53754552640020847320556640625" lon="118.15448678098618984222412109375">
        <ele>15.3999996185302734375</ele>
        <time>2026-08-06T11:09:36.000Z</time>
        <extensions>
          <ns3:TrackPointExtension>
            <ns3:hr>145</ns3:hr>
            <ns3:cad>88</ns3:cad>
          </ns3:TrackPointExtension>
        </extensions>
      </trkpt>
      <trkpt lat="24.53753043897449970245361328125" lon="118.1545235775411128997802734375">
        <ele>15.3999996185302734375</ele>
        <time>2026-08-06T11:09:37.000Z</time>
        <extensions>
          <ns3:TrackPointExtension>
            <ns3:hr>144</ns3:hr>
            <ns3:cad>88</ns3:cad>
          </ns3:TrackPointExtension>
        </extensions>
      </trkpt>
      <trkpt lat="24.5375191234052181243896484375" lon="118.15455718897283077239990234375">
        <ele>15.3999996185302734375</ele>
        <time>2026-08-06T11:09:38.000Z</time>
        <extensions>
          <ns3:TrackPointExtension>
            <ns3:hr>145</ns3:hr>
            <ns3:cad>88</ns3:cad>
          </ns3:TrackPointExtension>
        </extensions>
      </trkpt>
      <trkpt lat="24.5374990068376064300537109375" lon="118.15458945930004119873046875">
        <ele>15.3999996185302734375</ele>
        <time>2026-08-06T11:09:39.000Z</time>
        <extensions>
          <ns3:TrackPointExtension>
            <ns3:hr>145</ns3:hr>
            <ns3:cad>88</ns3:cad>
          </ns3:TrackPointExtension>
        </extensions>
      </trkpt>
      <trkpt lat="24.537483416497707366943359375" lon="118.15461854450404644012451171875">
        <ele>15.6000003814697265625</ele>
        <time>2026-08-06T11:09:40.000Z</time>
        <extensions>
          <ns3:TrackPointExtension>
            <ns3:hr>145</ns3:hr>
            <ns3:cad>88</ns3:cad>
          </ns3:TrackPointExtension>
        </extensions>
      </trkpt>
      <trkpt lat="24.53746120445430278778076171875" lon="118.15464704297482967376708984375">
        <ele>15.80000019073486328125</ele>
        <time>2026-08-06T11:09:41.000Z</time>
        <extensions>
          <ns3:TrackPointExtension>
            <ns3:hr>145</ns3:hr>
            <ns3:cad>89</ns3:cad>
          </ns3:TrackPointExtension>
        </extensions>
      </trkpt>
      <trkpt lat="24.53745014034211635589599609375" lon="118.154673278331756591796875">
        <ele>15.6000003814697265625</ele>
        <time>2026-08-06T11:09:42.000Z</time>
        <extensions>
          <ns3:TrackPointExtension>
            <ns3:hr>145</ns3:hr>
            <ns3:cad>88</ns3:cad>
          </ns3:TrackPointExtension>
        </extensions>
      </trkpt>
      <trkpt lat="24.53742851503193378448486328125" lon="118.15470806322991847991943359375">
        <ele>15.6000003814697265625</ele>
        <time>2026-08-06T11:09:43.000Z</time>
        <extensions>
          <ns3:TrackPointExtension>
            <ns3:hr>145</ns3:hr>
            <ns3:cad>88</ns3:cad>
          </ns3:TrackPointExtension>
        </extensions>
      </trkpt>
      <trkpt lat="24.53741895966231822967529296875" lon="118.15473320893943309783935546875">
        <ele>15.6000003814697265625</ele>
        <time>2026-08-06T11:09:44.000Z</time>
        <extensions>
          <ns3:TrackPointExtension>
            <ns3:hr>145</ns3:hr>
            <ns3:cad>88</ns3:cad>
          </ns3:TrackPointExtension>
        </extensions>
      </trkpt>
      <trkpt lat="24.53739649616181850433349609375" lon="118.15476380288600921630859375">
        <ele>15.6000003814697265625</ele>
        <time>2026-08-06T11:09:45.000Z</time>
        <extensions>
          <ns3:TrackPointExtension>
            <ns3:hr>145</ns3:hr>
            <ns3:cad>88</ns3:cad>
          </ns3:TrackPointExtension>
        </extensions>
      </trkpt>
      <trkpt lat="24.53738425858318805694580078125" lon="118.154786266386508941650390625">
        <ele>15.3999996185302734375</ele>
        <time>2026-08-06T11:09:46.000Z</time>
        <extensions>
          <ns3:TrackPointExtension>
            <ns3:hr>144</ns3:hr>
            <ns3:cad>89</ns3:cad>
          </ns3:TrackPointExtension>
        </extensions>
      </trkpt>
      <trkpt lat="24.53736238181591033935546875" lon="118.154813759028911590576171875">
        <ele>15.6000003814697265625</ele>
        <time>2026-08-06T11:09:47.000Z</time>
        <extensions>
          <ns3:TrackPointExtension>
            <ns3:hr>143</ns3:hr>
            <ns3:cad>89</ns3:cad>
          </ns3:TrackPointExtension>
        </extensions>
      </trkpt>
      <trkpt lat="24.5373484678566455841064453125" lon="118.15483898855745792388916015625">
        <ele>15.6000003814697265625</ele>
        <time>2026-08-06T11:09:48.000Z</time>
        <extensions>
          <ns3:TrackPointExtension>
            <ns3:hr>142</ns3:hr>
            <ns3:cad>89</ns3:cad>
          </ns3:TrackPointExtension>
        </extensions>
      </trkpt>
      <trkpt lat="24.5373330451548099517822265625" lon="118.15487704239785671234130859375">
        <ele>15.6000003814697265625</ele>
        <time>2026-08-06T11:09:49.000Z</time>
        <extensions>
          <ns3:TrackPointExtension>
            <ns3:hr>142</ns3:hr>
            <ns3:cad>89</ns3:cad>
          </ns3:TrackPointExtension>
        </extensions>
      </trkpt>
      <trkpt lat="24.537317790091037750244140625" lon="118.1549034453928470611572265625">
        <ele>15.6000003814697265625</ele>
        <time>2026-08-06T11:09:50.000Z</time>
        <extensions>
          <ns3:TrackPointExtension>
            <ns3:hr>143</ns3:hr>
            <ns3:cad>88</ns3:cad>
          </ns3:TrackPointExtension>
        </extensions>
      </trkpt>
      <trkpt lat="24.53730513341724872589111328125" lon="118.15493269823491573333740234375">
        <ele>15.6000003814697265625</ele>
        <time>2026-08-06T11:09:51.000Z</time>
        <extensions>
          <ns3:TrackPointExtension>
            <ns3:hr>143</ns3:hr>
            <ns3:cad>88</ns3:cad>
          </ns3:TrackPointExtension>
        </extensions>
      </trkpt>
      <trkpt lat="24.537285268306732177734375" lon="118.15496094524860382080078125">
        <ele>15.6000003814697265625</ele>
        <time>2026-08-06T11:09:52.000Z</time>
        <extensions>
          <ns3:TrackPointExtension>
            <ns3:hr>143</ns3:hr>
            <ns3:cad>87</ns3:cad>
          </ns3:TrackPointExtension>
        </extensions>
      </trkpt>
      <trkpt lat="24.537272192537784576416015625" lon="118.15499438904225826263427734375">
        <ele>15.80000019073486328125</ele>
        <time>2026-08-06T11:09:53.000Z</time>
        <extensions>
          <ns3:TrackPointExtension>
            <ns3:hr>143</ns3:hr>
            <ns3:cad>87</ns3:cad>
          </ns3:TrackPointExtension>
        </extensions>
      </trkpt>
      <trkpt lat="24.537251405417919158935546875" lon="118.15503068268299102783203125">
        <ele>15.80000019073486328125</ele>
        <time>2026-08-06T11:09:54.000Z</time>
        <extensions>
          <ns3:TrackPointExtension>
            <ns3:hr>143</ns3:hr>
            <ns3:cad>87</ns3:cad>
          </ns3:TrackPointExtension>
        </extensions>
      </trkpt>
      <trkpt lat="24.537242017686367034912109375" lon="118.1550606898963451385498046875">
        <ele>15.80000019073486328125</ele>
        <time>2026-08-06T11:09:55.000Z</time>
        <extensions>
          <ns3:TrackPointExtension>
            <ns3:hr>143</ns3:hr>
            <ns3:cad>88</ns3:cad>
          </ns3:TrackPointExtension>
        </extensions>
      </trkpt>
      <trkpt lat="24.53721896745264530181884765625" lon="118.155096732079982757568359375">
        <ele>15.80000019073486328125</ele>
        <time>2026-08-06T11:09:56.000Z</time>
        <extensions>
          <ns3:TrackPointExtension>
            <ns3:hr>142</ns3:hr>
            <ns3:cad>88</ns3:cad>
          </ns3:TrackPointExtension>
        </extensions>
      </trkpt>
      <trkpt lat="24.53721259720623493194580078125" lon="118.15511978231370449066162109375">
        <ele>15.80000019073486328125</ele>
        <time>2026-08-06T11:09:57.000Z</time>
        <extensions>
          <ns3:TrackPointExtension>
            <ns3:hr>142</ns3:hr>
            <ns3:cad>88</ns3:cad>
          </ns3:TrackPointExtension>
        </extensions>
      </trkpt>
      <trkpt lat="24.53719566576182842254638671875" lon="118.15515548922121524810791015625">
        <ele>15.6000003814697265625</ele>
        <time>2026-08-06T11:09:58.000Z</time>
        <extensions>
          <ns3:TrackPointExtension>
            <ns3:hr>142</ns3:hr>
            <ns3:cad>88</ns3:cad>
          </ns3:TrackPointExtension>
        </extensions>
      </trkpt>
      <trkpt lat="24.5371898822486400604248046875" lon="118.15518247894942760467529296875">
        <ele>15.6000003814697265625</ele>
        <time>2026-08-06T11:09:59.000Z</time>
        <extensions>
          <ns3:TrackPointExtension>
            <ns3:hr>142</ns3:hr>
            <ns3:cad>88</ns3:cad>
          </ns3:TrackPointExtension>
        </extensions>
      </trkpt>
      <trkpt lat="24.5371707715094089508056640625" lon="118.15521416254341602325439453125">
        <ele>15.6000003814697265625</ele>
        <time>2026-08-06T11:10:00.000Z</time>
        <extensions>
          <ns3:TrackPointExtension>
            <ns3:hr>141</ns3:hr>
            <ns3:cad>87</ns3:cad>
          </ns3:TrackPointExtension>
        </extensions>
      </trkpt>
      <trkpt lat="24.53716163523495197296142578125" lon="118.15523377619683742523193359375">
        <ele>15.6000003814697265625</ele>
        <time>2026-08-06T11:10:01.000Z</time>
        <extensions>
          <ns3:TrackPointExtension>
            <ns3:hr>141</ns3:hr>
            <ns3:cad>87</ns3:cad>
          </ns3:TrackPointExtension>
        </extensions>
      </trkpt>
      <trkpt lat="24.5371369086205959320068359375" lon="118.15526210702955722808837890625">
        <ele>15.6000003814697265625</ele>
        <time>2026-08-06T11:10:02.000Z</time>
        <extensions>
          <ns3:TrackPointExtension>
            <ns3:hr>140</ns3:hr>
            <ns3:cad>88</ns3:cad>
          </ns3:TrackPointExtension>
        </extensions>
      </trkpt>
      <trkpt lat="24.53711905516684055328369140625" lon="118.15528012812137603759765625">
        <ele>15.6000003814697265625</ele>
        <time>2026-08-06T11:10:03.000Z</time>
        <extensions>
          <ns3:TrackPointExtension>
            <ns3:hr>140</ns3:hr>
            <ns3:cad>89</ns3:cad>
          </ns3:TrackPointExtension>
        </extensions>
      </trkpt>
      <trkpt lat="24.5370946638286113739013671875" lon="118.15531072206795215606689453125">
        <ele>15.6000003814697265625</ele>
        <time>2026-08-06T11:10:04.000Z</time>
        <extensions>
          <ns3:TrackPointExtension>
            <ns3:hr>140</ns3:hr>
            <ns3:cad>89</ns3:cad>
          </ns3:TrackPointExtension>
        </extensions>
      </trkpt>
      <trkpt lat="24.53707496635615825653076171875" lon="118.1553322635591030120849609375">
        <ele>15.6000003814697265625</ele>
        <time>2026-08-06T11:10:05.000Z</time>
        <extensions>
          <ns3:TrackPointExtension>
            <ns3:hr>140</ns3:hr>
            <ns3:cad>89</ns3:cad>
          </ns3:TrackPointExtension>
        </extensions>
      </trkpt>
      <trkpt lat="24.53705686144530773162841796875" lon="118.15536419861018657684326171875">
        <ele>15.6000003814697265625</ele>
        <time>2026-08-06T11:10:06.000Z</time>
        <extensions>
          <ns3:TrackPointExtension>
            <ns3:hr>140</ns3:hr>
            <ns3:cad>88</ns3:cad>
          </ns3:TrackPointExtension>
        </extensions>
      </trkpt>
      <trkpt lat="24.537036828696727752685546875" lon="118.15538833849132061004638671875">
        <ele>15.80000019073486328125</ele>
        <time>2026-08-06T11:10:07.000Z</time>
        <extensions>
          <ns3:TrackPointExtension>
            <ns3:hr>140</ns3:hr>
            <ns3:cad>88</ns3:cad>
          </ns3:TrackPointExtension>
        </extensions>
      </trkpt>
      <trkpt lat="24.5370242558419704437255859375" lon="118.15541482530534267425537109375">
        <ele>15.80000019073486328125</ele>
        <time>2026-08-06T11:10:08.000Z</time>
        <extensions>
          <ns3:TrackPointExtension>
            <ns3:hr>140</ns3:hr>
            <ns3:cad>87</ns3:cad>
          </ns3:TrackPointExtension>
        </extensions>
      </trkpt>
      <trkpt lat="24.5370054803788661956787109375" lon="118.15543846227228641510009765625">
        <ele>15.80000019073486328125</ele>
        <time>2026-08-06T11:10:09.000Z</time>
        <extensions>
          <ns3:TrackPointExtension>
            <ns3:hr>140</ns3:hr>
            <ns3:cad>87</ns3:cad>
          </ns3:TrackPointExtension>
        </extensions>
      </trkpt>
      <trkpt lat="24.5369924046099185943603515625" lon="118.15546981059014797210693359375">
        <ele>15.80000019073486328125</ele>
        <time>2026-08-06T11:10:10.000Z</time>
        <extensions>
          <ns3:TrackPointExtension>
            <ns3:hr>140</ns3:hr>
            <ns3:cad>88</ns3:cad>
          </ns3:TrackPointExtension>
        </extensions>
      </trkpt>
      <trkpt lat="24.53697388060390949249267578125" lon="118.1554995663464069366455078125">
        <ele>15.80000019073486328125</ele>
        <time>2026-08-06T11:10:11.000Z</time>
        <extensions>
          <ns3:TrackPointExtension>
            <ns3:hr>140</ns3:hr>
            <ns3:cad>89</ns3:cad>
          </ns3:TrackPointExtension>
        </extensions>
      </trkpt>
      <trkpt lat="24.536963067948818206787109375" lon="118.1555267237126827239990234375">
        <ele>15.80000019073486328125</ele>
        <time>2026-08-06T11:10:12.000Z</time>
        <extensions>
          <ns3:TrackPointExtension>
            <ns3:hr>140</ns3:hr>
            <ns3:cad>89</ns3:cad>
          </ns3:TrackPointExtension>
        </extensions>
      </trkpt>
      <trkpt lat="24.536940939724445343017578125" lon="118.15556016750633716583251953125">
        <ele>16</ele>
        <time>2026-08-06T11:10:13.000Z</time>
        <extensions>
          <ns3:TrackPointExtension>
            <ns3:hr>141</ns3:hr>
            <ns3:cad>89</ns3:cad>
          </ns3:TrackPointExtension>
        </extensions>
      </trkpt>
      <trkpt lat="24.53693197108805179595947265625" lon="118.15559268929064273834228515625">
        <ele>16</ele>
        <time>2026-08-06T11:10:14.000Z</time>
        <extensions>
          <ns3:TrackPointExtension>
            <ns3:hr>141</ns3:hr>
            <ns3:cad>88</ns3:cad>
          </ns3:TrackPointExtension>
        </extensions>
      </trkpt>
      <trkpt lat="24.536912105977535247802734375" lon="118.15562613308429718017578125">
        <ele>16.200000762939453125</ele>
        <time>2026-08-06T11:10:15.000Z</time>
        <extensions>
          <ns3:TrackPointExtension>
            <ns3:hr>142</ns3:hr>
            <ns3:cad>88</ns3:cad>
          </ns3:TrackPointExtension>
        </extensions>
      </trkpt>
      <trkpt lat="24.53690011985599994659423828125" lon="118.1556581519544124603271484375">
        <ele>16.200000762939453125</ele>
        <time>2026-08-06T11:10:16.000Z</time>
        <extensions>
          <ns3:TrackPointExtension>
            <ns3:hr>143</ns3:hr>
            <ns3:cad>88</ns3:cad>
          </ns3:TrackPointExtension>
        </extensions>
      </trkpt>
      <trkpt lat="24.53687882982194423675537109375" lon="118.1556951999664306640625">
        <ele>16.200000762939453125</ele>
        <time>2026-08-06T11:10:17.000Z</time>
        <extensions>
          <ns3:TrackPointExtension>
            <ns3:hr>144</ns3:hr>
            <ns3:cad>88</ns3:cad>
          </ns3:TrackPointExtension>
        </extensions>
      </trkpt>
      <trkpt lat="24.53686483204364776611328125" lon="118.15572512336075305938720703125">
        <ele>16.200000762939453125</ele>
        <time>2026-08-06T11:10:18.000Z</time>
        <extensions>
          <ns3:TrackPointExtension>
            <ns3:hr>146</ns3:hr>
            <ns3:cad>88</ns3:cad>
          </ns3:TrackPointExtension>
        </extensions>
      </trkpt>
      <trkpt lat="24.5368438772857189178466796875" lon="118.155759237706661224365234375">
        <ele>16.3999996185302734375</ele>
        <time>2026-08-06T11:10:19.000Z</time>
        <extensions>
          <ns3:TrackPointExtension>
            <ns3:hr>146</ns3:hr>
            <ns3:cad>88</ns3:cad>
          </ns3:TrackPointExtension>
        </extensions>
      </trkpt>
      <trkpt lat="24.536830969154834747314453125" lon="118.1557852216064929962158203125">
        <ele>16.3999996185302734375</ele>
        <time>2026-08-06T11:10:20.000Z</time>
        <extensions>
          <ns3:TrackPointExtension>
            <ns3:hr>147</ns3:hr>
            <ns3:cad>88</ns3:cad>
          </ns3:TrackPointExtension>
        </extensions>
      </trkpt>
      <trkpt lat="24.536807835102081298828125" lon="118.1558157317340373992919921875">
        <ele>16.3999996185302734375</ele>
        <time>2026-08-06T11:10:21.000Z</time>
        <extensions>
          <ns3:TrackPointExtension>
            <ns3:hr>147</ns3:hr>
            <ns3:cad>88</ns3:cad>
          </ns3:TrackPointExtension>
        </extensions>
      </trkpt>
      <trkpt lat="24.53679534606635570526123046875" lon="118.1558385305106639862060546875">
        <ele>16.3999996185302734375</ele>
        <time>2026-08-06T11:10:22.000Z</time>
        <extensions>
          <ns3:TrackPointExtension>
            <ns3:hr>148</ns3:hr>
            <ns3:cad>88</ns3:cad>
          </ns3:TrackPointExtension>
        </extensions>
      </trkpt>
      <trkpt lat="24.53677363693714141845703125" lon="118.15587289631366729736328125">
        <ele>16.3999996185302734375</ele>
        <time>2026-08-06T11:10:23.000Z</time>
        <extensions>
          <ns3:TrackPointExtension>
            <ns3:hr>148</ns3:hr>
            <ns3:cad>88</ns3:cad>
          </ns3:TrackPointExtension>
        </extensions>
      </trkpt>
      <trkpt lat="24.5367597229778766632080078125" lon="118.15589695237576961517333984375">
        <ele>16.3999996185302734375</ele>
        <time>2026-08-06T11:10:24.000Z</time>
        <extensions>
          <ns3:TrackPointExtension>
            <ns3:hr>148</ns3:hr>
            <ns3:cad>88</ns3:cad>
          </ns3:TrackPointExtension>
        </extensions>
      </trkpt>
      <trkpt lat="24.53674304299056529998779296875" lon="118.15593416802585124969482421875">
        <ele>16.3999996185302734375</ele>
        <time>2026-08-06T11:10:25.000Z</time>
        <extensions>
          <ns3:TrackPointExtension>
            <ns3:hr>149</ns3:hr>
            <ns3:cad>88</ns3:cad>
          </ns3:TrackPointExtension>
        </extensions>
      </trkpt>
      <trkpt lat="24.536723010241985321044921875" lon="118.1559639237821102142333984375">
        <ele>16.6000003814697265625</ele>
        <time>2026-08-06T11:10:26.000Z</time>
        <extensions>
          <ns3:TrackPointExtension>
            <ns3:hr>149</ns3:hr>
            <ns3:cad>89</ns3:cad>
          </ns3:TrackPointExtension>
        </extensions>
      </trkpt>
      <trkpt lat="24.53670482151210308074951171875" lon="118.15599837340414524078369140625">
        <ele>16.6000003814697265625</ele>
        <time>2026-08-06T11:10:27.000Z</time>
        <extensions>
          <ns3:TrackPointExtension>
            <ns3:hr>149</ns3:hr>
            <ns3:cad>89</ns3:cad>
          </ns3:TrackPointExtension>
        </extensions>
      </trkpt>
      <trkpt lat="24.53668168745934963226318359375" lon="118.1560249440371990203857421875">
        <ele>16.6000003814697265625</ele>
        <time>2026-08-06T11:10:28.000Z</time>
        <extensions>
          <ns3:TrackPointExtension>
            <ns3:hr>150</ns3:hr>
            <ns3:cad>89</ns3:cad>
          </ns3:TrackPointExtension>
        </extensions>
      </trkpt>
      <trkpt lat="24.53666157089173793792724609375" lon="118.1560521014034748077392578125">
        <ele>16.6000003814697265625</ele>
        <time>2026-08-06T11:10:29.000Z</time>
        <extensions>
          <ns3:TrackPointExtension>
            <ns3:hr>150</ns3:hr>
            <ns3:cad>89</ns3:cad>
          </ns3:TrackPointExtension>
        </extensions>
      </trkpt>
      <trkpt lat="24.53662586398422718048095703125" lon="118.1560728885233402252197265625">
        <ele>16.799999237060546875</ele>
        <time>2026-08-06T11:10:30.000Z</time>
        <extensions>
          <ns3:TrackPointExtension>
            <ns3:hr>150</ns3:hr>
            <ns3:cad>88</ns3:cad>
          </ns3:TrackPointExtension>
        </extensions>
      </trkpt>
      <trkpt lat="24.53660071827471256256103515625" lon="118.15609308890998363494873046875">
        <ele>16.6000003814697265625</ele>
        <time>2026-08-06T11:10:31.000Z</time>
        <extensions>
          <ns3:TrackPointExtension>
            <ns3:hr>150</ns3:hr>
            <ns3:cad>87</ns3:cad>
          </ns3:TrackPointExtension>
        </extensions>
      </trkpt>
      <trkpt lat="24.5365588925778865814208984375" lon="118.15610080026090145111083984375">
        <ele>16.6000003814697265625</ele>
        <time>2026-08-06T11:10:32.000Z</time>
        <extensions>
          <ns3:TrackPointExtension>
            <ns3:hr>150</ns3:hr>
            <ns3:cad>87</ns3:cad>
          </ns3:TrackPointExtension>
        </extensions>
      </trkpt>
      <trkpt lat="24.53652553260326385498046875" lon="118.15611161291599273681640625">
        <ele>16.6000003814697265625</ele>
        <time>2026-08-06T11:10:33.000Z</time>
        <extensions>
          <ns3:TrackPointExtension>
            <ns3:hr>150</ns3:hr>
            <ns3:cad>87</ns3:cad>
          </ns3:TrackPointExtension>
        </extensions>
      </trkpt>
      <trkpt lat="24.53648219816386699676513671875" lon="118.156105577945709228515625">
        <ele>16.6000003814697265625</ele>
        <time>2026-08-06T11:10:34.000Z</time>
        <extensions>
          <ns3:TrackPointExtension>
            <ns3:hr>150</ns3:hr>
            <ns3:cad>87</ns3:cad>
          </ns3:TrackPointExtension>
        </extensions>
      </trkpt>
      <trkpt lat="24.53644783236086368560791015625" lon="118.1561027280986309051513671875">
        <ele>16.3999996185302734375</ele>
        <time>2026-08-06T11:10:35.000Z</time>
        <extensions>
          <ns3:TrackPointExtension>
            <ns3:hr>150</ns3:hr>
            <ns3:cad>88</ns3:cad>
          </ns3:TrackPointExtension>
        </extensions>
      </trkpt>
      <trkpt lat="24.53640843741595745086669921875" lon="118.156087137758731842041015625">
        <ele>16.3999996185302734375</ele>
        <time>2026-08-06T11:10:36.000Z</time>
        <extensions>
          <ns3:TrackPointExtension>
            <ns3:hr>150</ns3:hr>
            <ns3:cad>89</ns3:cad>
          </ns3:TrackPointExtension>
        </extensions>
      </trkpt>
      <trkpt lat="24.536375664174556732177734375" lon="118.15608135424554347991943359375">
        <ele>16.3999996185302734375</ele>
        <time>2026-08-06T11:10:37.000Z</time>
        <extensions>
          <ns3:TrackPointExtension>
            <ns3:hr>150</ns3:hr>
            <ns3:cad>89</ns3:cad>
          </ns3:TrackPointExtension>
        </extensions>
      </trkpt>
      <trkpt lat="24.53634037636220455169677734375" lon="118.156061656773090362548828125">
        <ele>16.3999996185302734375</ele>
        <time>2026-08-06T11:10:38.000Z</time>
        <extensions>
          <ns3:TrackPointExtension>
            <ns3:hr>150</ns3:hr>
            <ns3:cad>88</ns3:cad>
          </ns3:TrackPointExtension>
        </extensions>
      </trkpt>
      <trkpt lat="24.5363097824156284332275390625" lon="118.1560559570789337158203125">
        <ele>16.3999996185302734375</ele>
        <time>2026-08-06T11:10:39.000Z</time>
        <extensions>
          <ns3:TrackPointExtension>
            <ns3:hr>150</ns3:hr>
            <ns3:cad>88</ns3:cad>
          </ns3:TrackPointExtension>
        </extensions>
      </trkpt>
      <trkpt lat="24.53627583570778369903564453125" lon="118.1560376845300197601318359375">
        <ele>16.6000003814697265625</ele>
        <time>2026-08-06T11:10:40.000Z</time>
        <extensions>
          <ns3:TrackPointExtension>
            <ns3:hr>150</ns3:hr>
            <ns3:cad>88</ns3:cad>
          </ns3:TrackPointExtension>
        </extensions>
      </trkpt>
      <trkpt lat="24.53625286929309368133544921875" lon="118.1560336612164974212646484375">
        <ele>16.6000003814697265625</ele>
        <time>2026-08-06T11:10:41.000Z</time>
        <extensions>
          <ns3:TrackPointExtension>
            <ns3:hr>150</ns3:hr>
            <ns3:cad>88</ns3:cad>
          </ns3:TrackPointExtension>
        </extensions>
      </trkpt>
      <trkpt lat="24.5362219400703907012939453125" lon="118.156011365354061126708984375">
        <ele>16.6000003814697265625</ele>
        <time>2026-08-06T11:10:42.000Z</time>
        <extensions>
          <ns3:TrackPointExtension>
            <ns3:hr>150</ns3:hr>
            <ns3:cad>88</ns3:cad>
          </ns3:TrackPointExtension>
        </extensions>
      </trkpt>
      <trkpt lat="24.5361974649131298065185546875" lon="118.15599485300481319427490234375">
        <ele>16.6000003814697265625</ele>
        <time>2026-08-06T11:10:43.000Z</time>
        <extensions>
          <ns3:TrackPointExtension>
            <ns3:hr>151</ns3:hr>
            <ns3:cad>88</ns3:cad>
          </ns3:TrackPointExtension>
        </extensions>
      </trkpt>
      <trkpt lat="24.53616318292915821075439453125" lon="118.15597155131399631500244140625">
        <ele>16.799999237060546875</ele>
        <time>2026-08-06T11:10:44.000Z</time>
        <extensions>
          <ns3:TrackPointExtension>
            <ns3:hr>150</ns3:hr>
            <ns3:cad>89</ns3:cad>
          </ns3:TrackPointExtension>
        </extensions>
      </trkpt>
      <trkpt lat="24.5361361093819141387939453125" lon="118.15595445223152637481689453125">
        <ele>16.799999237060546875</ele>
        <time>2026-08-06T11:10:45.000Z</time>
        <extensions>
          <ns3:TrackPointExtension>
            <ns3:hr>151</ns3:hr>
            <ns3:cad>89</ns3:cad>
          </ns3:TrackPointExtension>
        </extensions>
      </trkpt>
      <trkpt lat="24.53610065393149852752685546875" lon="118.1559347547590732574462890625">
        <ele>16.799999237060546875</ele>
        <time>2026-08-06T11:10:46.000Z</time>
        <extensions>
          <ns3:TrackPointExtension>
            <ns3:hr>151</ns3:hr>
            <ns3:cad>88</ns3:cad>
          </ns3:TrackPointExtension>
        </extensions>
      </trkpt>
      <trkpt lat="24.53607383184134960174560546875" lon="118.155916817486286163330078125">
        <ele>16.799999237060546875</ele>
        <time>2026-08-06T11:10:47.000Z</time>
        <extensions>
          <ns3:TrackPointExtension>
            <ns3:hr>151</ns3:hr>
            <ns3:cad>88</ns3:cad>
          </ns3:TrackPointExtension>
        </extensions>
      </trkpt>
      <trkpt lat="24.53603871166706085205078125" lon="118.15590147860348224639892578125">
        <ele>16.799999237060546875</ele>
        <time>2026-08-06T11:10:48.000Z</time>
        <extensions>
          <ns3:TrackPointExtension>
            <ns3:hr>151</ns3:hr>
            <ns3:cad>87</ns3:cad>
          </ns3:TrackPointExtension>
        </extensions>
      </trkpt>
      <trkpt lat="24.536012895405292510986328125" lon="118.15588035620748996734619140625">
        <ele>16.799999237060546875</ele>
        <time>2026-08-06T11:10:49.000Z</time>
        <extensions>
          <ns3:TrackPointExtension>
            <ns3:hr>151</ns3:hr>
            <ns3:cad>87</ns3:cad>
          </ns3:TrackPointExtension>
        </extensions>
      </trkpt>
      <trkpt lat="24.5359830558300018310546875" lon="118.1558636762201786041259765625">
        <ele>16.799999237060546875</ele>
        <time>2026-08-06T11:10:50.000Z</time>
        <extensions>
          <ns3:TrackPointExtension>
            <ns3:hr>151</ns3:hr>
            <ns3:cad>88</ns3:cad>
          </ns3:TrackPointExtension>
        </extensions>
      </trkpt>
      <trkpt lat="24.53595363534986972808837890625" lon="118.15584682859480381011962890625">
        <ele>16.799999237060546875</ele>
        <time>2026-08-06T11:10:51.000Z</time>
        <extensions>
          <ns3:TrackPointExtension>
            <ns3:hr>151</ns3:hr>
            <ns3:cad>88</ns3:cad>
          </ns3:TrackPointExtension>
        </extensions>
      </trkpt>
      <trkpt lat="24.535925053060054779052734375" lon="118.155829645693302154541015625">
        <ele>16.799999237060546875</ele>
        <time>2026-08-06T11:10:52.000Z</time>
        <extensions>
          <ns3:TrackPointExtension>
            <ns3:hr>151</ns3:hr>
            <ns3:cad>89</ns3:cad>
          </ns3:TrackPointExtension>
        </extensions>
      </trkpt>
      <trkpt lat="24.53589881770312786102294921875" lon="118.15580760128796100616455078125">
        <ele>16.799999237060546875</ele>
        <time>2026-08-06T11:10:53.000Z</time>
        <extensions>
          <ns3:TrackPointExtension>
            <ns3:hr>152</ns3:hr>
            <ns3:cad>89</ns3:cad>
          </ns3:TrackPointExtension>
        </extensions>
      </trkpt>
      <trkpt lat="24.53587283380329608917236328125" lon="118.15579251386225223541259765625">
        <ele>16.799999237060546875</ele>
        <time>2026-08-06T11:10:54.000Z</time>
        <extensions>
          <ns3:TrackPointExtension>
            <ns3:hr>152</ns3:hr>
            <ns3:cad>89</ns3:cad>
          </ns3:TrackPointExtension>
        </extensions>
      </trkpt>
      <trkpt lat="24.5358440838754177093505859375" lon="118.155768625438213348388671875">
        <ele>16.799999237060546875</ele>
        <time>2026-08-06T11:10:55.000Z</time>
        <extensions>
          <ns3:TrackPointExtension>
            <ns3:hr>152</ns3:hr>
            <ns3:cad>88</ns3:cad>
          </ns3:TrackPointExtension>
        </extensions>
      </trkpt>
      <trkpt lat="24.53581474721431732177734375" lon="118.1557582318782806396484375">
        <ele>16.6000003814697265625</ele>
        <time>2026-08-06T11:10:56.000Z</time>
        <extensions>
          <ns3:TrackPointExtension>
            <ns3:hr>153</ns3:hr>
            <ns3:cad>88</ns3:cad>
          </ns3:TrackPointExtension>
        </extensions>
      </trkpt>
      <trkpt lat="24.53578599728643894195556640625" lon="118.15573484636843204498291015625">
        <ele>16.799999237060546875</ele>
        <time>2026-08-06T11:10:57.000Z</time>
        <extensions>
          <ns3:TrackPointExtension>
            <ns3:hr>153</ns3:hr>
            <ns3:cad>89</ns3:cad>
          </ns3:TrackPointExtension>
        </extensions>
      </trkpt>
      <trkpt lat="24.53575842082500457763671875" lon="118.15572428517043590545654296875">
        <ele>16.799999237060546875</ele>
        <time>2026-08-06T11:10:58.000Z</time>
        <extensions>
          <ns3:TrackPointExtension>
            <ns3:hr>153</ns3:hr>
            <ns3:cad>89</ns3:cad>
          </ns3:TrackPointExtension>
        </extensions>
      </trkpt>
      <trkpt lat="24.53572564758360385894775390625" lon="118.1557014025747776031494140625">
        <ele>16.799999237060546875</ele>
        <time>2026-08-06T11:10:59.000Z</time>
        <extensions>
          <ns3:TrackPointExtension>
            <ns3:hr>153</ns3:hr>
            <ns3:cad>89</ns3:cad>
          </ns3:TrackPointExtension>
        </extensions>
      </trkpt>
      <trkpt lat="24.535699076950550079345703125" lon="118.1556886620819568634033203125">
        <ele>16.799999237060546875</ele>
        <time>2026-08-06T11:11:00.000Z</time>
        <extensions>
          <ns3:TrackPointExtension>
            <ns3:hr>153</ns3:hr>
            <ns3:cad>89</ns3:cad>
          </ns3:TrackPointExtension>
        </extensions>
      </trkpt>
      <trkpt lat="24.53566722571849822998046875" lon="118.1556648574769496917724609375">
        <ele>17</ele>
        <time>2026-08-06T11:11:01.000Z</time>
        <extensions>
          <ns3:TrackPointExtension>
            <ns3:hr>152</ns3:hr>
            <ns3:cad>88</ns3:cad>
          </ns3:TrackPointExtension>
        </extensions>
      </trkpt>
      <trkpt lat="24.5356425829231739044189453125" lon="118.15565605647861957550048828125">
        <ele>17</ele>
        <time>2026-08-06T11:11:02.000Z</time>
        <extensions>
          <ns3:TrackPointExtension>
            <ns3:hr>153</ns3:hr>
            <ns3:cad>87</ns3:cad>
          </ns3:TrackPointExtension>
        </extensions>
      </trkpt>
      <trkpt lat="24.53561265952885150909423828125" lon="118.1556313298642635345458984375">
        <ele>17</ele>
        <time>2026-08-06T11:11:03.000Z</time>
        <extensions>
          <ns3:TrackPointExtension>
            <ns3:hr>153</ns3:hr>
            <ns3:cad>87</ns3:cad>
          </ns3:TrackPointExtension>
        </extensions>
      </trkpt>
      <trkpt lat="24.5355869270861148834228515625" lon="118.15561548806726932525634765625">
        <ele>16.799999237060546875</ele>
        <time>2026-08-06T11:11:04.000Z</time>
        <extensions>
          <ns3:TrackPointExtension>
            <ns3:hr>153</ns3:hr>
            <ns3:cad>87</ns3:cad>
          </ns3:TrackPointExtension>
        </extensions>
      </trkpt>
      <trkpt lat="24.53555457293987274169921875" lon="118.15559528768062591552734375">
        <ele>16.799999237060546875</ele>
        <time>2026-08-06T11:11:05.000Z</time>
        <extensions>
          <ns3:TrackPointExtension>
            <ns3:hr>153</ns3:hr>
            <ns3:cad>87</ns3:cad>
          </ns3:TrackPointExtension>
        </extensions>
      </trkpt>
      <trkpt lat="24.53552775084972381591796875" lon="118.15557408146560192108154296875">
        <ele>17</ele>
        <time>2026-08-06T11:11:06.000Z</time>
        <extensions>
          <ns3:TrackPointExtension>
            <ns3:hr>153</ns3:hr>
            <ns3:cad>88</ns3:cad>
          </ns3:TrackPointExtension>
        </extensions>
      </trkpt>
      <trkpt lat="24.535500593483448028564453125" lon="118.1555562280118465423583984375">
        <ele>17</ele>
        <time>2026-08-06T11:11:07.000Z</time>
        <extensions>
          <ns3:TrackPointExtension>
            <ns3:hr>154</ns3:hr>
            <ns3:cad>89</ns3:cad>
          </ns3:TrackPointExtension>
        </extensions>
      </trkpt>
      <trkpt lat="24.53547335229814052581787109375" lon="118.15553091466426849365234375">
        <ele>16.799999237060546875</ele>
        <time>2026-08-06T11:11:08.000Z</time>
        <extensions>
          <ns3:TrackPointExtension>
            <ns3:hr>153</ns3:hr>
            <ns3:cad>89</ns3:cad>
          </ns3:TrackPointExtension>
        </extensions>
      </trkpt>
      <trkpt lat="24.5354451052844524383544921875" lon="118.15551272593438625335693359375">
        <ele>16.799999237060546875</ele>
        <time>2026-08-06T11:11:09.000Z</time>
        <extensions>
          <ns3:TrackPointExtension>
            <ns3:hr>153</ns3:hr>
            <ns3:cad>89</ns3:cad>
          </ns3:TrackPointExtension>
        </extensions>
      </trkpt>
      <trkpt lat="24.53541786409914493560791015625" lon="118.15549143590033054351806640625">
        <ele>16.799999237060546875</ele>
        <time>2026-08-06T11:11:10.000Z</time>
        <extensions>
          <ns3:TrackPointExtension>
            <ns3:hr>154</ns3:hr>
            <ns3:cad>88</ns3:cad>
          </ns3:TrackPointExtension>
        </extensions>
      </trkpt>
      <trkpt lat="24.53539020381867885589599609375" lon="118.15546880476176738739013671875">
        <ele>16.799999237060546875</ele>
        <time>2026-08-06T11:11:11.000Z</time>
        <extensions>
          <ns3:TrackPointExtension>
            <ns3:hr>154</ns3:hr>
            <ns3:cad>87</ns3:cad>
          </ns3:TrackPointExtension>
        </extensions>
      </trkpt>
      <trkpt lat="24.53536690212786197662353515625" lon="118.15544617362320423126220703125">
        <ele>16.799999237060546875</ele>
        <time>2026-08-06T11:11:12.000Z</time>
        <extensions>
          <ns3:TrackPointExtension>
            <ns3:hr>154</ns3:hr>
            <ns3:cad>87</ns3:cad>
          </ns3:TrackPointExtension>
        </extensions>
      </trkpt>
      <trkpt lat="24.53533999621868133544921875" lon="118.1554301641881465911865234375">
        <ele>16.799999237060546875</ele>
        <time>2026-08-06T11:11:13.000Z</time>
        <extensions>
          <ns3:TrackPointExtension>
            <ns3:hr>153</ns3:hr>
            <ns3:cad>87</ns3:cad>
          </ns3:TrackPointExtension>
        </extensions>
      </trkpt>
      <trkpt lat="24.5353123359382152557373046875" lon="118.15540644340217113494873046875">
        <ele>16.799999237060546875</ele>
        <time>2026-08-06T11:11:14.000Z</time>
        <extensions>
          <ns3:TrackPointExtension>
            <ns3:hr>154</ns3:hr>
            <ns3:cad>89</ns3:cad>
          </ns3:TrackPointExtension>
        </extensions>
      </trkpt>
      <trkpt lat="24.53528693877160549163818359375" lon="118.15539278090000152587890625">
        <ele>16.799999237060546875</ele>
        <time>2026-08-06T11:11:15.000Z</time>
        <extensions>
          <ns3:TrackPointExtension>
            <ns3:hr>154</ns3:hr>
            <ns3:cad>89</ns3:cad>
          </ns3:TrackPointExtension>
        </extensions>
      </trkpt>
      <trkpt lat="24.53525810502469539642333984375" lon="118.15536998212337493896484375">
        <ele>17</ele>
        <time>2026-08-06T11:11:16.000Z</time>
        <extensions>
          <ns3:TrackPointExtension>
            <ns3:hr>154</ns3:hr>
            <ns3:cad>89</ns3:cad>
          </ns3:TrackPointExtension>
        </extensions>
      </trkpt>
      <trkpt lat="24.53522876836359500885009765625" lon="118.15535481087863445281982421875">
        <ele>17</ele>
        <time>2026-08-06T11:11:17.000Z</time>
        <extensions>
          <ns3:TrackPointExtension>
            <ns3:hr>154</ns3:hr>
            <ns3:cad>89</ns3:cad>
          </ns3:TrackPointExtension>
        </extensions>
      </trkpt>
      <trkpt lat="24.53519859351217746734619140625" lon="118.15533377230167388916015625">
        <ele>17</ele>
        <time>2026-08-06T11:11:18.000Z</time>
        <extensions>
          <ns3:TrackPointExtension>
            <ns3:hr>153</ns3:hr>
            <ns3:cad>88</ns3:cad>
          </ns3:TrackPointExtension>
        </extensions>
      </trkpt>
      <trkpt lat="24.535172693431377410888671875" lon="118.155321367084980010986328125">
        <ele>17</ele>
        <time>2026-08-06T11:11:19.000Z</time>
        <extensions>
          <ns3:TrackPointExtension>
            <ns3:hr>154</ns3:hr>
            <ns3:cad>88</ns3:cad>
          </ns3:TrackPointExtension>
        </extensions>
      </trkpt>
      <trkpt lat="24.5351433567702770233154296875" lon="118.155303932726383209228515625">
        <ele>17</ele>
        <time>2026-08-06T11:11:20.000Z</time>
        <extensions>
          <ns3:TrackPointExtension>
            <ns3:hr>154</ns3:hr>
            <ns3:cad>89</ns3:cad>
          </ns3:TrackPointExtension>
        </extensions>
      </trkpt>
      <trkpt lat="24.535117037594318389892578125" lon="118.1552930362522602081298828125">
        <ele>16.799999237060546875</ele>
        <time>2026-08-06T11:11:21.000Z</time>
        <extensions>
          <ns3:TrackPointExtension>
            <ns3:hr>154</ns3:hr>
            <ns3:cad>89</ns3:cad>
          </ns3:TrackPointExtension>
        </extensions>
      </trkpt>
      <trkpt lat="24.53508459962904453277587890625" lon="118.15527141094207763671875">
        <ele>16.6000003814697265625</ele>
        <time>2026-08-06T11:11:22.000Z</time>
        <extensions>
          <ns3:TrackPointExtension>
            <ns3:hr>154</ns3:hr>
            <ns3:cad>89</ns3:cad>
          </ns3:TrackPointExtension>
        </extensions>
      </trkpt>
      <trkpt lat="24.53505710698664188385009765625" lon="118.15526260994374752044677734375">
        <ele>16.6000003814697265625</ele>
        <time>2026-08-06T11:11:23.000Z</time>
        <extensions>
          <ns3:TrackPointExtension>
            <ns3:hr>154</ns3:hr>
            <ns3:cad>89</ns3:cad>
          </ns3:TrackPointExtension>
        </extensions>
      </trkpt>
      <trkpt lat="24.53502391465008258819580078125" lon="118.15524660050868988037109375">
        <ele>16.799999237060546875</ele>
        <time>2026-08-06T11:11:24.000Z</time>
        <extensions>
          <ns3:TrackPointExtension>
            <ns3:hr>154</ns3:hr>
            <ns3:cad>89</ns3:cad>
          </ns3:TrackPointExtension>
        </extensions>
      </trkpt>
      <trkpt lat="24.53499927185475826263427734375" lon="118.15524014644324779510498046875">
        <ele>16.799999237060546875</ele>
        <time>2026-08-06T11:11:25.000Z</time>
        <extensions>
          <ns3:TrackPointExtension>
            <ns3:hr>154</ns3:hr>
            <ns3:cad>89</ns3:cad>
          </ns3:TrackPointExtension>
        </extensions>
      </trkpt>
      <trkpt lat="24.53496138565242290496826171875" lon="118.15522790886461734771728515625">
        <ele>17</ele>
        <time>2026-08-06T11:11:26.000Z</time>
        <extensions>
          <ns3:TrackPointExtension>
            <ns3:hr>154</ns3:hr>
            <ns3:cad>88</ns3:cad>
          </ns3:TrackPointExtension>
        </extensions>
      </trkpt>
      <trkpt lat="24.53493422828614711761474609375" lon="118.15522707067430019378662109375">
        <ele>17</ele>
        <time>2026-08-06T11:11:27.000Z</time>
        <extensions>
          <ns3:TrackPointExtension>
            <ns3:hr>154</ns3:hr>
            <ns3:cad>88</ns3:cad>
          </ns3:TrackPointExtension>
        </extensions>
      </trkpt>
      <trkpt lat="24.5348972640931606292724609375" lon="118.15521776676177978515625">
        <ele>17.200000762939453125</ele>
        <time>2026-08-06T11:11:28.000Z</time>
        <extensions>
          <ns3:TrackPointExtension>
            <ns3:hr>154</ns3:hr>
            <ns3:cad>88</ns3:cad>
          </ns3:TrackPointExtension>
        </extensions>
      </trkpt>
      <trkpt lat="24.53487337566912174224853515625" lon="118.15522371791303157806396484375">
        <ele>17.200000762939453125</ele>
        <time>2026-08-06T11:11:29.000Z</time>
        <extensions>
          <ns3:TrackPointExtension>
            <ns3:hr>154</ns3:hr>
            <ns3:cad>89</ns3:cad>
          </ns3:TrackPointExtension>
        </extensions>
      </trkpt>
      <trkpt lat="24.53483708202838897705078125" lon="118.15522019751369953155517578125">
        <ele>17.3999996185302734375</ele>
        <time>2026-08-06T11:11:30.000Z</time>
        <extensions>
          <ns3:TrackPointExtension>
            <ns3:hr>154</ns3:hr>
            <ns3:cad>90</ns3:cad>
          </ns3:TrackPointExtension>
        </extensions>
      </trkpt>
      <trkpt lat="24.534813947975635528564453125" lon="118.15523142926394939422607421875">
        <ele>17.200000762939453125</ele>
        <time>2026-08-06T11:11:31.000Z</time>
        <extensions>
          <ns3:TrackPointExtension>
            <ns3:hr>154</ns3:hr>
            <ns3:cad>90</ns3:cad>
          </ns3:TrackPointExtension>
        </extensions>
      </trkpt>
      <trkpt lat="24.53477664850652217864990234375" lon="118.15524081699550151824951171875">
        <ele>17.200000762939453125</ele>
        <time>2026-08-06T11:11:32.000Z</time>
        <extensions>
          <ns3:TrackPointExtension>
            <ns3:hr>155</ns3:hr>
            <ns3:cad>90</ns3:cad>
          </ns3:TrackPointExtension>
        </extensions>
      </trkpt>
      <trkpt lat="24.53475217334926128387451171875" lon="118.15525573678314685821533203125">
        <ele>17.200000762939453125</ele>
        <time>2026-08-06T11:11:33.000Z</time>
        <extensions>
          <ns3:TrackPointExtension>
            <ns3:hr>155</ns3:hr>
            <ns3:cad>89</ns3:cad>
          </ns3:TrackPointExtension>
        </extensions>
      </trkpt>
      <trkpt lat="24.534716717898845672607421875" lon="118.15526177175343036651611328125">
        <ele>17</ele>
        <time>2026-08-06T11:11:34.000Z</time>
        <extensions>
          <ns3:TrackPointExtension>
            <ns3:hr>155</ns3:hr>
            <ns3:cad>89</ns3:cad>
          </ns3:TrackPointExtension>
        </extensions>
      </trkpt>
      <trkpt lat="24.53469249419867992401123046875" lon="118.1552756018936634063720703125">
        <ele>17.200000762939453125</ele>
        <time>2026-08-06T11:11:35.000Z</time>
        <extensions>
          <ns3:TrackPointExtension>
            <ns3:hr>155</ns3:hr>
            <ns3:cad>89</ns3:cad>
          </ns3:TrackPointExtension>
        </extensions>
      </trkpt>
      <trkpt lat="24.534653685986995697021484375" lon="118.1552836485207080841064453125">
        <ele>17.200000762939453125</ele>
        <time>2026-08-06T11:11:36.000Z</time>
        <extensions>
          <ns3:TrackPointExtension>
            <ns3:hr>155</ns3:hr>
            <ns3:cad>90</ns3:cad>
          </ns3:TrackPointExtension>
        </extensions>
      </trkpt>
      <trkpt lat="24.53462761826813220977783203125" lon="118.15529756247997283935546875">
        <ele>17.200000762939453125</ele>
        <time>2026-08-06T11:11:37.000Z</time>
        <extensions>
          <ns3:TrackPointExtension>
            <ns3:hr>155</ns3:hr>
            <ns3:cad>90</ns3:cad>
          </ns3:TrackPointExtension>
        </extensions>
      </trkpt>
      <trkpt lat="24.534592665731906890869140625" lon="118.1553049385547637939453125">
        <ele>17.200000762939453125</ele>
        <time>2026-08-06T11:11:38.000Z</time>
        <extensions>
          <ns3:TrackPointExtension>
            <ns3:hr>156</ns3:hr>
            <ns3:cad>91</ns3:cad>
          </ns3:TrackPointExtension>
        </extensions>
      </trkpt>
      <trkpt lat="24.53457045368850231170654296875" lon="118.1553222052752971649169921875">
        <ele>17.200000762939453125</ele>
        <time>2026-08-06T11:11:39.000Z</time>
        <extensions>
          <ns3:TrackPointExtension>
            <ns3:hr>156</ns3:hr>
            <ns3:cad>90</ns3:cad>
          </ns3:TrackPointExtension>
        </extensions>
      </trkpt>
      <trkpt lat="24.534534998238086700439453125" lon="118.15533100627362728118896484375">
        <ele>17.200000762939453125</ele>
        <time>2026-08-06T11:11:40.000Z</time>
        <extensions>
          <ns3:TrackPointExtension>
            <ns3:hr>156</ns3:hr>
            <ns3:cad>90</ns3:cad>
          </ns3:TrackPointExtension>
        </extensions>
      </trkpt>
      <trkpt lat="24.53450725413858890533447265625" lon="118.155345506966114044189453125">
        <ele>17</ele>
        <time>2026-08-06T11:11:41.000Z</time>
        <extensions>
          <ns3:TrackPointExtension>
            <ns3:hr>155</ns3:hr>
            <ns3:cad>89</ns3:cad>
          </ns3:TrackPointExtension>
        </extensions>
      </trkpt>
      <trkpt lat="24.5344676077365875244140625" lon="118.1553517095744609832763671875">
        <ele>17</ele>
        <time>2026-08-06T11:11:42.000Z</time>
        <extensions>
          <ns3:TrackPointExtension>
            <ns3:hr>155</ns3:hr>
            <ns3:cad>89</ns3:cad>
          </ns3:TrackPointExtension>
        </extensions>
      </trkpt>
      <trkpt lat="24.53444187529385089874267578125" lon="118.15536327660083770751953125">
        <ele>17</ele>
        <time>2026-08-06T11:11:43.000Z</time>
        <extensions>
          <ns3:TrackPointExtension>
            <ns3:hr>155</ns3:hr>
            <ns3:cad>89</ns3:cad>
          </ns3:TrackPointExtension>
        </extensions>
      </trkpt>
      <trkpt lat="24.53440348617732524871826171875" lon="118.15536386333405971527099609375">
        <ele>17</ele>
        <time>2026-08-06T11:11:44.000Z</time>
        <extensions>
          <ns3:TrackPointExtension>
            <ns3:hr>155</ns3:hr>
            <ns3:cad>89</ns3:cad>
          </ns3:TrackPointExtension>
        </extensions>
      </trkpt>
      <trkpt lat="24.534382112324237823486328125" lon="118.1553746759891510009765625">
        <ele>17</ele>
        <time>2026-08-06T11:11:45.000Z</time>
        <extensions>
          <ns3:TrackPointExtension>
            <ns3:hr>155</ns3:hr>
            <ns3:cad>89</ns3:cad>
          </ns3:TrackPointExtension>
        </extensions>
      </trkpt>
      <trkpt lat="24.53434489667415618896484375" lon="118.15537358634173870086669921875">
        <ele>17.200000762939453125</ele>
        <time>2026-08-06T11:11:46.000Z</time>
        <extensions>
          <ns3:TrackPointExtension>
            <ns3:hr>155</ns3:hr>
            <ns3:cad>89</ns3:cad>
          </ns3:TrackPointExtension>
        </extensions>
      </trkpt>
      <trkpt lat="24.5343152247369289398193359375" lon="118.155380375683307647705078125">
        <ele>17.3999996185302734375</ele>
        <time>2026-08-06T11:11:47.000Z</time>
        <extensions>
          <ns3:TrackPointExtension>
            <ns3:hr>155</ns3:hr>
            <ns3:cad>89</ns3:cad>
          </ns3:TrackPointExtension>
        </extensions>
      </trkpt>
      <trkpt lat="24.53427323140203952789306640625" lon="118.1553748436272144317626953125">
        <ele>17.3999996185302734375</ele>
        <time>2026-08-06T11:11:48.000Z</time>
        <extensions>
          <ns3:TrackPointExtension>
            <ns3:hr>155</ns3:hr>
            <ns3:cad>89</ns3:cad>
          </ns3:TrackPointExtension>
        </extensions>
      </trkpt>
      <trkpt lat="24.53424439765512943267822265625" lon="118.15537945367395877838134765625">
        <ele>17.6000003814697265625</ele>
        <time>2026-08-06T11:11:49.000Z</time>
        <extensions>
          <ns3:TrackPointExtension>
            <ns3:hr>155</ns3:hr>
            <ns3:cad>88</ns3:cad>
          </ns3:TrackPointExtension>
        </extensions>
      </trkpt>
      <trkpt lat="24.53420349396765232086181640625" lon="118.1553708203136920928955078125">
        <ele>17.6000003814697265625</ele>
        <time>2026-08-06T11:11:50.000Z</time>
        <extensions>
          <ns3:TrackPointExtension>
            <ns3:hr>154</ns3:hr>
            <ns3:cad>87</ns3:cad>
          </ns3:TrackPointExtension>
        </extensions>
      </trkpt>
      <trkpt lat="24.5341737382113933563232421875" lon="118.15536939539015293121337890625">
        <ele>17.6000003814697265625</ele>
        <time>2026-08-06T11:11:51.000Z</time>
        <extensions>
          <ns3:TrackPointExtension>
            <ns3:hr>155</ns3:hr>
            <ns3:cad>87</ns3:cad>
          </ns3:TrackPointExtension>
        </extensions>
      </trkpt>
      <trkpt lat="24.53413543291389942169189453125" lon="118.155362270772457122802734375">
        <ele>17.6000003814697265625</ele>
        <time>2026-08-06T11:11:52.000Z</time>
        <extensions>
          <ns3:TrackPointExtension>
            <ns3:hr>155</ns3:hr>
            <ns3:cad>88</ns3:cad>
          </ns3:TrackPointExtension>
        </extensions>
      </trkpt>
      <trkpt lat="24.53410492278635501861572265625" lon="118.15535497851669788360595703125">
        <ele>17.6000003814697265625</ele>
        <time>2026-08-06T11:11:53.000Z</time>
        <extensions>
          <ns3:TrackPointExtension>
            <ns3:hr>154</ns3:hr>
            <ns3:cad>89</ns3:cad>
          </ns3:TrackPointExtension>
        </extensions>
      </trkpt>
      <trkpt lat="24.53406938351690769195556640625" lon="118.15533771179616451263427734375">
        <ele>17.3999996185302734375</ele>
        <time>2026-08-06T11:11:54.000Z</time>
        <extensions>
          <ns3:TrackPointExtension>
            <ns3:hr>154</ns3:hr>
            <ns3:cad>89</ns3:cad>
          </ns3:TrackPointExtension>
        </extensions>
      </trkpt>
      <trkpt lat="24.534039795398712158203125" lon="118.1553238816559314727783203125">
        <ele>17.3999996185302734375</ele>
        <time>2026-08-06T11:11:55.000Z</time>
        <extensions>
          <ns3:TrackPointExtension>
            <ns3:hr>154</ns3:hr>
            <ns3:cad>89</ns3:cad>
          </ns3:TrackPointExtension>
        </extensions>
      </trkpt>
      <trkpt lat="24.53400718979537487030029296875" lon="118.1553047709167003631591796875">
        <ele>17.3999996185302734375</ele>
        <time>2026-08-06T11:11:56.000Z</time>
        <extensions>
          <ns3:TrackPointExtension>
            <ns3:hr>154</ns3:hr>
            <ns3:cad>89</ns3:cad>
          </ns3:TrackPointExtension>
        </extensions>
      </trkpt>
      <trkpt lat="24.5339826308190822601318359375" lon="118.1552910245954990386962890625">
        <ele>17.6000003814697265625</ele>
        <time>2026-08-06T11:11:57.000Z</time>
        <extensions>
          <ns3:TrackPointExtension>
            <ns3:hr>154</ns3:hr>
            <ns3:cad>89</ns3:cad>
          </ns3:TrackPointExtension>
        </extensions>
      </trkpt>
      <trkpt lat="24.533949606120586395263671875" lon="118.15527149476110935211181640625">
        <ele>17.799999237060546875</ele>
        <time>2026-08-06T11:11:58.000Z</time>
        <extensions>
          <ns3:TrackPointExtension>
            <ns3:hr>154</ns3:hr>
            <ns3:cad>88</ns3:cad>
          </ns3:TrackPointExtension>
        </extensions>
      </trkpt>
      <trkpt lat="24.53392538242042064666748046875" lon="118.155252970755100250244140625">
        <ele>17.799999237060546875</ele>
        <time>2026-08-06T11:11:59.000Z</time>
        <extensions>
          <ns3:TrackPointExtension>
            <ns3:hr>154</ns3:hr>
            <ns3:cad>88</ns3:cad>
          </ns3:TrackPointExtension>
        </extensions>
      </trkpt>
      <trkpt lat="24.53389604575932025909423828125" lon="118.15523662604391574859619140625">
        <ele>18</ele>
        <time>2026-08-06T11:12:00.000Z</time>
        <extensions>
          <ns3:TrackPointExtension>
            <ns3:hr>155</ns3:hr>
            <ns3:cad>88</ns3:cad>
          </ns3:TrackPointExtension>
        </extensions>
      </trkpt>
      <trkpt lat="24.53386821784079074859619140625" lon="118.1552135758101940155029296875">
        <ele>17.799999237060546875</ele>
        <time>2026-08-06T11:12:01.000Z</time>
        <extensions>
          <ns3:TrackPointExtension>
            <ns3:hr>155</ns3:hr>
            <ns3:cad>89</ns3:cad>
          </ns3:TrackPointExtension>
        </extensions>
      </trkpt>
      <trkpt lat="24.533838294446468353271484375" lon="118.15519153140485286712646484375">
        <ele>17.799999237060546875</ele>
        <time>2026-08-06T11:12:02.000Z</time>
        <extensions>
          <ns3:TrackPointExtension>
            <ns3:hr>156</ns3:hr>
            <ns3:cad>89</ns3:cad>
          </ns3:TrackPointExtension>
        </extensions>
      </trkpt>
      <trkpt lat="24.533813484013080596923828125" lon="118.15517024137079715728759765625">
        <ele>17.799999237060546875</ele>
        <time>2026-08-06T11:12:03.000Z</time>
        <extensions>
          <ns3:TrackPointExtension>
            <ns3:hr>156</ns3:hr>
            <ns3:cad>89</ns3:cad>
          </ns3:TrackPointExtension>
        </extensions>
      </trkpt>
      <trkpt lat="24.53378607518970966339111328125" lon="118.1551458500325679779052734375">
        <ele>17.799999237060546875</ele>
        <time>2026-08-06T11:12:04.000Z</time>
        <extensions>
          <ns3:TrackPointExtension>
            <ns3:hr>156</ns3:hr>
            <ns3:cad>89</ns3:cad>
          </ns3:TrackPointExtension>
        </extensions>
      </trkpt>
      <trkpt lat="24.5337606780230998992919921875" lon="118.155116178095340728759765625">
        <ele>17.6000003814697265625</ele>
        <time>2026-08-06T11:12:05.000Z</time>
        <extensions>
          <ns3:TrackPointExtension>
            <ns3:hr>156</ns3:hr>
            <ns3:cad>88</ns3:cad>
          </ns3:TrackPointExtension>
        </extensions>
      </trkpt>
      <trkpt lat="24.53373578377068042755126953125" lon="118.155084662139415740966796875">
        <ele>17.6000003814697265625</ele>
        <time>2026-08-06T11:12:06.000Z</time>
        <extensions>
          <ns3:TrackPointExtension>
            <ns3:hr>156</ns3:hr>
            <ns3:cad>88</ns3:cad>
          </ns3:TrackPointExtension>
        </extensions>
      </trkpt>
      <trkpt lat="24.5337160862982273101806640625" lon="118.155054487287998199462890625">
        <ele>17.6000003814697265625</ele>
        <time>2026-08-06T11:12:07.000Z</time>
        <extensions>
          <ns3:TrackPointExtension>
            <ns3:hr>156</ns3:hr>
            <ns3:cad>89</ns3:cad>
          </ns3:TrackPointExtension>
        </extensions>
      </trkpt>
      <trkpt lat="24.5336906053125858306884765625" lon="118.15501987002789974212646484375">
        <ele>17.3999996185302734375</ele>
        <time>2026-08-06T11:12:08.000Z</time>
        <extensions>
          <ns3:TrackPointExtension>
            <ns3:hr>156</ns3:hr>
            <ns3:cad>89</ns3:cad>
          </ns3:TrackPointExtension>
        </extensions>
      </trkpt>
      <trkpt lat="24.53367074020206928253173828125" lon="118.15498583950102329254150390625">
        <ele>17.3999996185302734375</ele>
        <time>2026-08-06T11:12:09.000Z</time>
        <extensions>
          <ns3:TrackPointExtension>
            <ns3:hr>156</ns3:hr>
            <ns3:cad>90</ns3:cad>
          </ns3:TrackPointExtension>
        </extensions>
      </trkpt>
      <trkpt lat="24.53364727087318897247314453125" lon="118.15495315007865428924560546875">
        <ele>17.3999996185302734375</ele>
        <time>2026-08-06T11:12:10.000Z</time>
        <extensions>
          <ns3:TrackPointExtension>
            <ns3:hr>157</ns3:hr>
            <ns3:cad>90</ns3:cad>
          </ns3:TrackPointExtension>
        </extensions>
      </trkpt>
      <trkpt lat="24.53363486565649509429931640625" lon="118.15491828136146068572998046875">
        <ele>17.200000762939453125</ele>
        <time>2026-08-06T11:12:11.000Z</time>
        <extensions>
          <ns3:TrackPointExtension>
            <ns3:hr>157</ns3:hr>
            <ns3:cad>90</ns3:cad>
          </ns3:TrackPointExtension>
        </extensions>
      </trkpt>
      <trkpt lat="24.53361458145081996917724609375" lon="118.15488559193909168243408203125">
        <ele>17.200000762939453125</ele>
        <time>2026-08-06T11:12:12.000Z</time>
        <extensions>
          <ns3:TrackPointExtension>
            <ns3:hr>157</ns3:hr>
            <ns3:cad>89</ns3:cad>
          </ns3:TrackPointExtension>
        </extensions>
      </trkpt>
      <trkpt lat="24.53360670246183872222900390625" lon="118.15485072322189807891845703125">
        <ele>17.200000762939453125</ele>
        <time>2026-08-06T11:12:13.000Z</time>
        <extensions>
          <ns3:TrackPointExtension>
            <ns3:hr>157</ns3:hr>
            <ns3:cad>89</ns3:cad>
          </ns3:TrackPointExtension>
        </extensions>
      </trkpt>
      <trkpt lat="24.53359580598771572113037109375" lon="118.15481937490403652191162109375">
        <ele>17.200000762939453125</ele>
        <time>2026-08-06T11:12:14.000Z</time>
        <extensions>
          <ns3:TrackPointExtension>
            <ns3:hr>156</ns3:hr>
            <ns3:cad>89</ns3:cad>
          </ns3:TrackPointExtension>
        </extensions>
      </trkpt>
      <trkpt lat="24.53359127976000308990478515625" lon="118.154780566692352294921875">
        <ele>17.200000762939453125</ele>
        <time>2026-08-06T11:12:15.000Z</time>
        <extensions>
          <ns3:TrackPointExtension>
            <ns3:hr>156</ns3:hr>
            <ns3:cad>89</ns3:cad>
          </ns3:TrackPointExtension>
        </extensions>
      </trkpt>
      <trkpt lat="24.5335853286087512969970703125" lon="118.1547510623931884765625">
        <ele>17.3999996185302734375</ele>
        <time>2026-08-06T11:12:16.000Z</time>
        <extensions>
          <ns3:TrackPointExtension>
            <ns3:hr>156</ns3:hr>
            <ns3:cad>89</ns3:cad>
          </ns3:TrackPointExtension>
        </extensions>
      </trkpt>
      <trkpt lat="24.533586166799068450927734375" lon="118.1547123380005359649658203125">
        <ele>17.3999996185302734375</ele>
        <time>2026-08-06T11:12:17.000Z</time>
        <extensions>
          <ns3:TrackPointExtension>
            <ns3:hr>156</ns3:hr>
            <ns3:cad>90</ns3:cad>
          </ns3:TrackPointExtension>
        </extensions>
      </trkpt>
      <trkpt lat="24.53357971273362636566162109375" lon="118.1546808220446109771728515625">
        <ele>17.3999996185302734375</ele>
        <time>2026-08-06T11:12:18.000Z</time>
        <extensions>
          <ns3:TrackPointExtension>
            <ns3:hr>156</ns3:hr>
            <ns3:cad>90</ns3:cad>
          </ns3:TrackPointExtension>
        </extensions>
      </trkpt>
      <trkpt lat="24.53357853926718235015869140625" lon="118.154642097651958465576171875">
        <ele>17.3999996185302734375</ele>
        <time>2026-08-06T11:12:19.000Z</time>
        <extensions>
          <ns3:TrackPointExtension>
            <ns3:hr>156</ns3:hr>
            <ns3:cad>89</ns3:cad>
          </ns3:TrackPointExtension>
        </extensions>
      </trkpt>
      <trkpt lat="24.53357133083045482635498046875" lon="118.1546117551624774932861328125">
        <ele>17.3999996185302734375</ele>
        <time>2026-08-06T11:12:20.000Z</time>
        <extensions>
          <ns3:TrackPointExtension>
            <ns3:hr>157</ns3:hr>
            <ns3:cad>89</ns3:cad>
          </ns3:TrackPointExtension>
        </extensions>
      </trkpt>
      <trkpt lat="24.53357049264013767242431640625" lon="118.1545705161988735198974609375">
        <ele>17.200000762939453125</ele>
        <time>2026-08-06T11:12:21.000Z</time>
        <extensions>
          <ns3:TrackPointExtension>
            <ns3:hr>156</ns3:hr>
            <ns3:cad>88</ns3:cad>
          </ns3:TrackPointExtension>
        </extensions>
      </trkpt>
      <trkpt lat="24.53356462530791759490966796875" lon="118.15453573130071163177490234375">
        <ele>17.200000762939453125</ele>
        <time>2026-08-06T11:12:22.000Z</time>
        <extensions>
          <ns3:TrackPointExtension>
            <ns3:hr>156</ns3:hr>
            <ns3:cad>88</ns3:cad>
          </ns3:TrackPointExtension>
        </extensions>
      </trkpt>
      <trkpt lat="24.5335685648024082183837890625" lon="118.15449499525129795074462890625">
        <ele>17.200000762939453125</ele>
        <time>2026-08-06T11:12:23.000Z</time>
        <extensions>
          <ns3:TrackPointExtension>
            <ns3:hr>156</ns3:hr>
            <ns3:cad>90</ns3:cad>
          </ns3:TrackPointExtension>
        </extensions>
      </trkpt>
      <trkpt lat="24.53356705605983734130859375" lon="118.15446205437183380126953125">
        <ele>17</ele>
        <time>2026-08-06T11:12:24.000Z</time>
        <extensions>
          <ns3:TrackPointExtension>
            <ns3:hr>156</ns3:hr>
            <ns3:cad>90</ns3:cad>
          </ns3:TrackPointExtension>
        </extensions>
      </trkpt>
      <trkpt lat="24.53357619233429431915283203125" lon="118.15442056395113468170166015625">
        <ele>17.200000762939453125</ele>
        <time>2026-08-06T11:12:25.000Z</time>
        <extensions>
          <ns3:TrackPointExtension>
            <ns3:hr>157</ns3:hr>
            <ns3:cad>90</ns3:cad>
          </ns3:TrackPointExtension>
        </extensions>
      </trkpt>
      <trkpt lat="24.5335771143436431884765625" lon="118.15439122729003429412841796875">
        <ele>17.200000762939453125</ele>
        <time>2026-08-06T11:12:26.000Z</time>
        <extensions>
          <ns3:TrackPointExtension>
            <ns3:hr>156</ns3:hr>
            <ns3:cad>90</ns3:cad>
          </ns3:TrackPointExtension>
        </extensions>
      </trkpt>
      <trkpt lat="24.5335937105119228363037109375" lon="118.154349066317081451416015625">
        <ele>17.200000762939453125</ele>
        <time>2026-08-06T11:12:27.000Z</time>
        <extensions>
          <ns3:TrackPointExtension>
            <ns3:hr>156</ns3:hr>
            <ns3:cad>89</ns3:cad>
          </ns3:TrackPointExtension>
        </extensions>
      </trkpt>
      <trkpt lat="24.533596895635128021240234375" lon="118.154319562017917633056640625">
        <ele>17</ele>
        <time>2026-08-06T11:12:28.000Z</time>
        <extensions>
          <ns3:TrackPointExtension>
            <ns3:hr>156</ns3:hr>
            <ns3:cad>89</ns3:cad>
          </ns3:TrackPointExtension>
        </extensions>
      </trkpt>
      <trkpt lat="24.53361458145081996917724609375" lon="118.1542764790356159210205078125">
        <ele>17</ele>
        <time>2026-08-06T11:12:29.000Z</time>
        <extensions>
          <ns3:TrackPointExtension>
            <ns3:hr>156</ns3:hr>
            <ns3:cad>88</ns3:cad>
          </ns3:TrackPointExtension>
        </extensions>
      </trkpt>
      <trkpt lat="24.5336279086768627166748046875" lon="118.15424672327935695648193359375">
        <ele>17</ele>
        <time>2026-08-06T11:12:30.000Z</time>
        <extensions>
          <ns3:TrackPointExtension>
            <ns3:hr>156</ns3:hr>
            <ns3:cad>87</ns3:cad>
          </ns3:TrackPointExtension>
        </extensions>
      </trkpt>
      <trkpt lat="24.53364609740674495697021484375" lon="118.1542097590863704681396484375">
        <ele>17</ele>
        <time>2026-08-06T11:12:31.000Z</time>
        <extensions>
          <ns3:TrackPointExtension>
            <ns3:hr>156</ns3:hr>
            <ns3:cad>87</ns3:cad>
          </ns3:TrackPointExtension>
        </extensions>
      </trkpt>
      <trkpt lat="24.533664286136627197265625" lon="118.1541758961975574493408203125">
        <ele>17</ele>
        <time>2026-08-06T11:12:32.000Z</time>
        <extensions>
          <ns3:TrackPointExtension>
            <ns3:hr>156</ns3:hr>
            <ns3:cad>87</ns3:cad>
          </ns3:TrackPointExtension>
        </extensions>
      </trkpt>
      <trkpt lat="24.533686079084873199462890625" lon="118.154139854013919830322265625">
        <ele>17.200000762939453125</ele>
        <time>2026-08-06T11:12:33.000Z</time>
        <extensions>
          <ns3:TrackPointExtension>
            <ns3:hr>156</ns3:hr>
            <ns3:cad>88</ns3:cad>
          </ns3:TrackPointExtension>
        </extensions>
      </trkpt>
      <trkpt lat="24.53370544128119945526123046875" lon="118.1541101820766925811767578125">
        <ele>17.200000762939453125</ele>
        <time>2026-08-06T11:12:34.000Z</time>
        <extensions>
          <ns3:TrackPointExtension>
            <ns3:hr>157</ns3:hr>
            <ns3:cad>88</ns3:cad>
          </ns3:TrackPointExtension>
        </extensions>
      </trkpt>
      <trkpt lat="24.533727653324604034423828125" lon="118.15407715737819671630859375">
        <ele>17.200000762939453125</ele>
        <time>2026-08-06T11:12:35.000Z</time>
        <extensions>
          <ns3:TrackPointExtension>
            <ns3:hr>156</ns3:hr>
            <ns3:cad>88</ns3:cad>
          </ns3:TrackPointExtension>
        </extensions>
      </trkpt>
      <trkpt lat="24.533754475414752960205078125" lon="118.154049329459667205810546875">
        <ele>17</ele>
        <time>2026-08-06T11:12:36.000Z</time>
        <extensions>
          <ns3:TrackPointExtension>
            <ns3:hr>157</ns3:hr>
            <ns3:cad>88</ns3:cad>
          </ns3:TrackPointExtension>
        </extensions>
      </trkpt>
      <trkpt lat="24.53377584926784038543701171875" lon="118.15402510575950145721435546875">
        <ele>17</ele>
        <time>2026-08-06T11:12:37.000Z</time>
        <extensions>
          <ns3:TrackPointExtension>
            <ns3:hr>157</ns3:hr>
            <ns3:cad>88</ns3:cad>
          </ns3:TrackPointExtension>
        </extensions>
      </trkpt>
      <trkpt lat="24.5338012464344501495361328125" lon="118.153999038040637969970703125">
        <ele>17</ele>
        <time>2026-08-06T11:12:38.000Z</time>
        <extensions>
          <ns3:TrackPointExtension>
            <ns3:hr>157</ns3:hr>
            <ns3:cad>88</ns3:cad>
          </ns3:TrackPointExtension>
        </extensions>
      </trkpt>
      <trkpt lat="24.53382580541074275970458984375" lon="118.15397322177886962890625">
        <ele>17</ele>
        <time>2026-08-06T11:12:39.000Z</time>
        <extensions>
          <ns3:TrackPointExtension>
            <ns3:hr>156</ns3:hr>
            <ns3:cad>88</ns3:cad>
          </ns3:TrackPointExtension>
        </extensions>
      </trkpt>
      <trkpt lat="24.5338528789579868316650390625" lon="118.15395050682127475738525390625">
        <ele>17</ele>
        <time>2026-08-06T11:12:40.000Z</time>
        <extensions>
          <ns3:TrackPointExtension>
            <ns3:hr>157</ns3:hr>
            <ns3:cad>88</ns3:cad>
          </ns3:TrackPointExtension>
        </extensions>
      </trkpt>
      <trkpt lat="24.5338786952197551727294921875" lon="118.15392963588237762451171875">
        <ele>17</ele>
        <time>2026-08-06T11:12:41.000Z</time>
        <extensions>
          <ns3:TrackPointExtension>
            <ns3:hr>157</ns3:hr>
            <ns3:cad>90</ns3:cad>
          </ns3:TrackPointExtension>
        </extensions>
      </trkpt>
      <trkpt lat="24.53390995971858501434326171875" lon="118.1539133749902248382568359375">
        <ele>17</ele>
        <time>2026-08-06T11:12:42.000Z</time>
        <extensions>
          <ns3:TrackPointExtension>
            <ns3:hr>157</ns3:hr>
            <ns3:cad>90</ns3:cad>
          </ns3:TrackPointExtension>
        </extensions>
      </trkpt>
      <trkpt lat="24.5339363627135753631591796875" lon="118.1538922525942325592041015625">
        <ele>17</ele>
        <time>2026-08-06T11:12:43.000Z</time>
        <extensions>
          <ns3:TrackPointExtension>
            <ns3:hr>157</ns3:hr>
            <ns3:cad>89</ns3:cad>
          </ns3:TrackPointExtension>
        </extensions>
      </trkpt>
      <trkpt lat="24.53396980650722980499267578125" lon="118.1538751535117626190185546875">
        <ele>17</ele>
        <time>2026-08-06T11:12:44.000Z</time>
        <extensions>
          <ns3:TrackPointExtension>
            <ns3:hr>157</ns3:hr>
            <ns3:cad>88</ns3:cad>
          </ns3:TrackPointExtension>
        </extensions>
      </trkpt>
      <trkpt lat="24.5339983887970447540283203125" lon="118.15385562367737293243408203125">
        <ele>17</ele>
        <time>2026-08-06T11:12:45.000Z</time>
        <extensions>
          <ns3:TrackPointExtension>
            <ns3:hr>157</ns3:hr>
            <ns3:cad>88</ns3:cad>
          </ns3:TrackPointExtension>
        </extensions>
      </trkpt>
      <trkpt lat="24.53403518535196781158447265625" lon="118.15384447574615478515625">
        <ele>17</ele>
        <time>2026-08-06T11:12:46.000Z</time>
        <extensions>
          <ns3:TrackPointExtension>
            <ns3:hr>157</ns3:hr>
            <ns3:cad>88</ns3:cad>
          </ns3:TrackPointExtension>
        </extensions>
      </trkpt>
      <trkpt lat="24.53406519256532192230224609375" lon="118.15382905304431915283203125">
        <ele>17</ele>
        <time>2026-08-06T11:12:47.000Z</time>
        <extensions>
          <ns3:TrackPointExtension>
            <ns3:hr>158</ns3:hr>
            <ns3:cad>89</ns3:cad>
          </ns3:TrackPointExtension>
        </extensions>
      </trkpt>
      <trkpt lat="24.53410215675830841064453125" lon="118.1538216769695281982421875">
        <ele>16.799999237060546875</ele>
        <time>2026-08-06T11:12:48.000Z</time>
        <extensions>
          <ns3:TrackPointExtension>
            <ns3:hr>157</ns3:hr>
            <ns3:cad>90</ns3:cad>
          </ns3:TrackPointExtension>
        </extensions>
      </trkpt>
      <trkpt lat="24.53412671573460102081298828125" lon="118.153809607028961181640625">
        <ele>16.799999237060546875</ele>
        <time>2026-08-06T11:12:49.000Z</time>
        <extensions>
          <ns3:TrackPointExtension>
            <ns3:hr>158</ns3:hr>
            <ns3:cad>90</ns3:cad>
          </ns3:TrackPointExtension>
        </extensions>
      </trkpt>
      <trkpt lat="24.53416116535663604736328125" lon="118.15380600281059741973876953125">
        <ele>16.799999237060546875</ele>
        <time>2026-08-06T11:12:50.000Z</time>
        <extensions>
          <ns3:TrackPointExtension>
            <ns3:hr>158</ns3:hr>
            <ns3:cad>90</ns3:cad>
          </ns3:TrackPointExtension>
        </extensions>
      </trkpt>
      <trkpt lat="24.534184969961643218994140625" lon="118.15379477106034755706787109375">
        <ele>16.799999237060546875</ele>
        <time>2026-08-06T11:12:51.000Z</time>
        <extensions>
          <ns3:TrackPointExtension>
            <ns3:hr>158</ns3:hr>
            <ns3:cad>89</ns3:cad>
          </ns3:TrackPointExtension>
        </extensions>
      </trkpt>
      <trkpt lat="24.53422419726848602294921875" lon="118.15379007719457149505615234375">
        <ele>16.799999237060546875</ele>
        <time>2026-08-06T11:12:52.000Z</time>
        <extensions>
          <ns3:TrackPointExtension>
            <ns3:hr>158</ns3:hr>
            <ns3:cad>88</ns3:cad>
          </ns3:TrackPointExtension>
        </extensions>
      </trkpt>
      <trkpt lat="24.53425412066280841827392578125" lon="118.1537782587110996246337890625">
        <ele>16.6000003814697265625</ele>
        <time>2026-08-06T11:12:53.000Z</time>
        <extensions>
          <ns3:TrackPointExtension>
            <ns3:hr>159</ns3:hr>
            <ns3:cad>88</ns3:cad>
          </ns3:TrackPointExtension>
        </extensions>
      </trkpt>
      <trkpt lat="24.53429603017866611480712890625" lon="118.1537745706737041473388671875">
        <ele>16.6000003814697265625</ele>
        <time>2026-08-06T11:12:54.000Z</time>
        <extensions>
          <ns3:TrackPointExtension>
            <ns3:hr>158</ns3:hr>
            <ns3:cad>88</ns3:cad>
          </ns3:TrackPointExtension>
        </extensions>
      </trkpt>
      <trkpt lat="24.5343316532671451568603515625" lon="118.15376199781894683837890625">
        <ele>16.6000003814697265625</ele>
        <time>2026-08-06T11:12:55.000Z</time>
        <extensions>
          <ns3:TrackPointExtension>
            <ns3:hr>158</ns3:hr>
            <ns3:cad>90</ns3:cad>
          </ns3:TrackPointExtension>
        </extensions>
      </trkpt>
      <trkpt lat="24.53437230549752712249755859375" lon="118.153763003647327423095703125">
        <ele>16.6000003814697265625</ele>
        <time>2026-08-06T11:12:56.000Z</time>
        <extensions>
          <ns3:TrackPointExtension>
            <ns3:hr>158</ns3:hr>
            <ns3:cad>91</ns3:cad>
          </ns3:TrackPointExtension>
        </extensions>
      </trkpt>
      <trkpt lat="24.53440256416797637939453125" lon="118.153754957020282745361328125">
        <ele>16.799999237060546875</ele>
        <time>2026-08-06T11:12:57.000Z</time>
        <extensions>
          <ns3:TrackPointExtension>
            <ns3:hr>158</ns3:hr>
            <ns3:cad>91</ns3:cad>
          </ns3:TrackPointExtension>
        </extensions>
      </trkpt>
      <trkpt lat="24.5344396121799945831298828125" lon="118.153759650886058807373046875">
        <ele>16.799999237060546875</ele>
        <time>2026-08-06T11:12:58.000Z</time>
        <extensions>
          <ns3:TrackPointExtension>
            <ns3:hr>158</ns3:hr>
            <ns3:cad>90</ns3:cad>
          </ns3:TrackPointExtension>
        </extensions>
      </trkpt>
      <trkpt lat="24.5344674400985240936279296875" lon="118.15375529229640960693359375">
        <ele>16.799999237060546875</ele>
        <time>2026-08-06T11:12:59.000Z</time>
        <extensions>
          <ns3:TrackPointExtension>
            <ns3:hr>158</ns3:hr>
            <ns3:cad>89</ns3:cad>
          </ns3:TrackPointExtension>
        </extensions>
      </trkpt>
      <trkpt lat="24.5345086790621280670166015625" lon="118.15375889651477336883544921875">
        <ele>16.6000003814697265625</ele>
        <time>2026-08-06T11:13:00.000Z</time>
        <extensions>
          <ns3:TrackPointExtension>
            <ns3:hr>158</ns3:hr>
            <ns3:cad>89</ns3:cad>
          </ns3:TrackPointExtension>
        </extensions>
      </trkpt>
      <trkpt lat="24.53454094938933849334716796875" lon="118.1537557952105998992919921875">
        <ele>16.6000003814697265625</ele>
        <time>2026-08-06T11:13:01.000Z</time>
        <extensions>
          <ns3:TrackPointExtension>
            <ns3:hr>158</ns3:hr>
            <ns3:cad>89</ns3:cad>
          </ns3:TrackPointExtension>
        </extensions>
      </trkpt>
      <trkpt lat="24.534581936895847320556640625" lon="118.1537638418376445770263671875">
        <ele>16.6000003814697265625</ele>
        <time>2026-08-06T11:13:02.000Z</time>
        <extensions>
          <ns3:TrackPointExtension>
            <ns3:hr>158</ns3:hr>
            <ns3:cad>89</ns3:cad>
          </ns3:TrackPointExtension>
        </extensions>
      </trkpt>
      <trkpt lat="24.5346129499375820159912109375" lon="118.15376627258956432342529296875">
        <ele>16.6000003814697265625</ele>
        <time>2026-08-06T11:13:03.000Z</time>
        <extensions>
          <ns3:TrackPointExtension>
            <ns3:hr>158</ns3:hr>
            <ns3:cad>90</ns3:cad>
          </ns3:TrackPointExtension>
        </extensions>
      </trkpt>
      <trkpt lat="24.534653015434741973876953125" lon="118.1537725590169429779052734375">
        <ele>16.3999996185302734375</ele>
        <time>2026-08-06T11:13:04.000Z</time>
        <extensions>
          <ns3:TrackPointExtension>
            <ns3:hr>158</ns3:hr>
            <ns3:cad>90</ns3:cad>
          </ns3:TrackPointExtension>
        </extensions>
      </trkpt>
      <trkpt lat="24.53468243591487407684326171875" lon="118.15376979298889636993408203125">
        <ele>16.3999996185302734375</ele>
        <time>2026-08-06T11:13:05.000Z</time>
        <extensions>
          <ns3:TrackPointExtension>
            <ns3:hr>158</ns3:hr>
            <ns3:cad>90</ns3:cad>
          </ns3:TrackPointExtension>
        </extensions>
      </trkpt>
      <trkpt lat="24.53471772372722625732421875" lon="118.1537787616252899169921875">
        <ele>16.6000003814697265625</ele>
        <time>2026-08-06T11:13:06.000Z</time>
        <extensions>
          <ns3:TrackPointExtension>
            <ns3:hr>158</ns3:hr>
            <ns3:cad>89</ns3:cad>
          </ns3:TrackPointExtension>
        </extensions>
      </trkpt>
      <trkpt lat="24.5347457192838191986083984375" lon="118.153772056102752685546875">
        <ele>16.3999996185302734375</ele>
        <time>2026-08-06T11:13:07.000Z</time>
        <extensions>
          <ns3:TrackPointExtension>
            <ns3:hr>159</ns3:hr>
            <ns3:cad>89</ns3:cad>
          </ns3:TrackPointExtension>
        </extensions>
      </trkpt>
      <trkpt lat="24.53478234820067882537841796875" lon="118.1537735648453235626220703125">
        <ele>16.3999996185302734375</ele>
        <time>2026-08-06T11:13:08.000Z</time>
        <extensions>
          <ns3:TrackPointExtension>
            <ns3:hr>159</ns3:hr>
            <ns3:cad>89</ns3:cad>
          </ns3:TrackPointExtension>
        </extensions>
      </trkpt>
      <trkpt lat="24.53481168486177921295166015625" lon="118.153766691684722900390625">
        <ele>16.3999996185302734375</ele>
        <time>2026-08-06T11:13:09.000Z</time>
        <extensions>
          <ns3:TrackPointExtension>
            <ns3:hr>159</ns3:hr>
            <ns3:cad>90</ns3:cad>
          </ns3:TrackPointExtension>
        </extensions>
      </trkpt>
      <trkpt lat="24.534852840006351470947265625" lon="118.15376560203731060028076171875">
        <ele>16.3999996185302734375</ele>
        <time>2026-08-06T11:13:10.000Z</time>
        <extensions>
          <ns3:TrackPointExtension>
            <ns3:hr>159</ns3:hr>
            <ns3:cad>91</ns3:cad>
          </ns3:TrackPointExtension>
        </extensions>
      </trkpt>
      <trkpt lat="24.53487689606845378875732421875" lon="118.1537534482777118682861328125">
        <ele>16.3999996185302734375</ele>
        <time>2026-08-06T11:13:11.000Z</time>
        <extensions>
          <ns3:TrackPointExtension>
            <ns3:hr>159</ns3:hr>
            <ns3:cad>91</ns3:cad>
          </ns3:TrackPointExtension>
        </extensions>
      </trkpt>
      <trkpt lat="24.53491360880434513092041015625" lon="118.15374263562262058258056640625">
        <ele>16.3999996185302734375</ele>
        <time>2026-08-06T11:13:12.000Z</time>
        <extensions>
          <ns3:TrackPointExtension>
            <ns3:hr>159</ns3:hr>
            <ns3:cad>91</ns3:cad>
          </ns3:TrackPointExtension>
        </extensions>
      </trkpt>
      <trkpt lat="24.534938670694828033447265625" lon="118.15373123623430728912353515625">
        <ele>16.3999996185302734375</ele>
        <time>2026-08-06T11:13:13.000Z</time>
        <extensions>
          <ns3:TrackPointExtension>
            <ns3:hr>158</ns3:hr>
            <ns3:cad>90</ns3:cad>
          </ns3:TrackPointExtension>
        </extensions>
      </trkpt>
      <trkpt lat="24.53497529961168766021728515625" lon="118.1537185795605182647705078125">
        <ele>16.3999996185302734375</ele>
        <time>2026-08-06T11:13:14.000Z</time>
        <extensions>
          <ns3:TrackPointExtension>
            <ns3:hr>158</ns3:hr>
            <ns3:cad>88</ns3:cad>
          </ns3:TrackPointExtension>
        </extensions>
      </trkpt>
      <trkpt lat="24.53500011004507541656494140625" lon="118.15370776690542697906494140625">
        <ele>16.3999996185302734375</ele>
        <time>2026-08-06T11:13:15.000Z</time>
        <extensions>
          <ns3:TrackPointExtension>
            <ns3:hr>159</ns3:hr>
            <ns3:cad>88</ns3:cad>
          </ns3:TrackPointExtension>
        </extensions>
      </trkpt>
      <trkpt lat="24.535039253532886505126953125" lon="118.15369167365133762359619140625">
        <ele>16.6000003814697265625</ele>
        <time>2026-08-06T11:13:16.000Z</time>
        <extensions>
          <ns3:TrackPointExtension>
            <ns3:hr>159</ns3:hr>
            <ns3:cad>88</ns3:cad>
          </ns3:TrackPointExtension>
        </extensions>
      </trkpt>
      <trkpt lat="24.5350632257759571075439453125" lon="118.15367482602596282958984375">
        <ele>16.6000003814697265625</ele>
        <time>2026-08-06T11:13:17.000Z</time>
        <extensions>
          <ns3:TrackPointExtension>
            <ns3:hr>159</ns3:hr>
            <ns3:cad>88</ns3:cad>
          </ns3:TrackPointExtension>
        </extensions>
      </trkpt>
      <trkpt lat="24.5350992679595947265625" lon="118.1536488421261310577392578125">
        <ele>16.3999996185302734375</ele>
        <time>2026-08-06T11:13:18.000Z</time>
        <extensions>
          <ns3:TrackPointExtension>
            <ns3:hr>159</ns3:hr>
            <ns3:cad>89</ns3:cad>
          </ns3:TrackPointExtension>
        </extensions>
      </trkpt>
      <trkpt lat="24.53511963598430156707763671875" lon="118.153630904853343963623046875">
        <ele>16.3999996185302734375</ele>
        <time>2026-08-06T11:13:19.000Z</time>
        <extensions>
          <ns3:TrackPointExtension>
            <ns3:hr>159</ns3:hr>
            <ns3:cad>90</ns3:cad>
          </ns3:TrackPointExtension>
        </extensions>
      </trkpt>
      <trkpt lat="24.535153917968273162841796875" lon="118.1536106206476688385009765625">
        <ele>16.3999996185302734375</ele>
        <time>2026-08-06T11:13:20.000Z</time>
        <extensions>
          <ns3:TrackPointExtension>
            <ns3:hr>159</ns3:hr>
            <ns3:cad>90</ns3:cad>
          </ns3:TrackPointExtension>
        </extensions>
      </trkpt>
      <trkpt lat="24.53517847694456577301025390625" lon="118.153589665889739990234375">
        <ele>16.6000003814697265625</ele>
        <time>2026-08-06T11:13:21.000Z</time>
        <extensions>
          <ns3:TrackPointExtension>
            <ns3:hr>159</ns3:hr>
            <ns3:cad>90</ns3:cad>
          </ns3:TrackPointExtension>
        </extensions>
      </trkpt>
      <trkpt lat="24.53521418385207653045654296875" lon="118.15356611274182796478271484375">
        <ele>16.6000003814697265625</ele>
        <time>2026-08-06T11:13:22.000Z</time>
        <extensions>
          <ns3:TrackPointExtension>
            <ns3:hr>159</ns3:hr>
            <ns3:cad>89</ns3:cad>
          </ns3:TrackPointExtension>
        </extensions>
      </trkpt>
      <trkpt lat="24.5352332107722759246826171875" lon="118.15354649908840656280517578125">
        <ele>16.6000003814697265625</ele>
        <time>2026-08-06T11:13:23.000Z</time>
        <extensions>
          <ns3:TrackPointExtension>
            <ns3:hr>159</ns3:hr>
            <ns3:cad>89</ns3:cad>
          </ns3:TrackPointExtension>
        </extensions>
      </trkpt>
      <trkpt lat="24.53526497818529605865478515625" lon="118.15352420322597026824951171875">
        <ele>16.6000003814697265625</ele>
        <time>2026-08-06T11:13:24.000Z</time>
        <extensions>
          <ns3:TrackPointExtension>
            <ns3:hr>159</ns3:hr>
            <ns3:cad>89</ns3:cad>
          </ns3:TrackPointExtension>
        </extensions>
      </trkpt>
      <trkpt lat="24.53528425656259059906005859375" lon="118.15349604003131389617919921875">
        <ele>16.6000003814697265625</ele>
        <time>2026-08-06T11:13:25.000Z</time>
        <extensions>
          <ns3:TrackPointExtension>
            <ns3:hr>160</ns3:hr>
            <ns3:cad>90</ns3:cad>
          </ns3:TrackPointExtension>
        </extensions>
      </trkpt>
      <trkpt lat="24.535315521061420440673828125" lon="118.15347106195986270904541015625">
        <ele>16.6000003814697265625</ele>
        <time>2026-08-06T11:13:26.000Z</time>
        <extensions>
          <ns3:TrackPointExtension>
            <ns3:hr>160</ns3:hr>
            <ns3:cad>91</ns3:cad>
          </ns3:TrackPointExtension>
        </extensions>
      </trkpt>
      <trkpt lat="24.535337649285793304443359375" lon="118.15344817936420440673828125">
        <ele>16.3999996185302734375</ele>
        <time>2026-08-06T11:13:27.000Z</time>
        <extensions>
          <ns3:TrackPointExtension>
            <ns3:hr>161</ns3:hr>
            <ns3:cad>91</ns3:cad>
          </ns3:TrackPointExtension>
        </extensions>
      </trkpt>
      <trkpt lat="24.53537075780332088470458984375" lon="118.15342403948307037353515625">
        <ele>16.3999996185302734375</ele>
        <time>2026-08-06T11:13:28.000Z</time>
        <extensions>
          <ns3:TrackPointExtension>
            <ns3:hr>161</ns3:hr>
            <ns3:cad>89</ns3:cad>
          </ns3:TrackPointExtension>
        </extensions>
      </trkpt>
      <trkpt lat="24.5353907905519008636474609375" lon="118.15340266562998294830322265625">
        <ele>16.6000003814697265625</ele>
        <time>2026-08-06T11:13:29.000Z</time>
        <extensions>
          <ns3:TrackPointExtension>
            <ns3:hr>161</ns3:hr>
            <ns3:cad>89</ns3:cad>
          </ns3:TrackPointExtension>
        </extensions>
      </trkpt>
      <trkpt lat="24.535419456660747528076171875" lon="118.153376765549182891845703125">
        <ele>16.6000003814697265625</ele>
        <time>2026-08-06T11:13:30.000Z</time>
        <extensions>
          <ns3:TrackPointExtension>
            <ns3:hr>161</ns3:hr>
            <ns3:cad>89</ns3:cad>
          </ns3:TrackPointExtension>
        </extensions>
      </trkpt>
      <trkpt lat="24.535438232123851776123046875" lon="118.15335002727806568145751953125">
        <ele>16.6000003814697265625</ele>
        <time>2026-08-06T11:13:31.000Z</time>
        <extensions>
          <ns3:TrackPointExtension>
            <ns3:hr>161</ns3:hr>
            <ns3:cad>89</ns3:cad>
          </ns3:TrackPointExtension>
        </extensions>
      </trkpt>
      <trkpt lat="24.53546580858528614044189453125" lon="118.15332538448274135589599609375">
        <ele>16.3999996185302734375</ele>
        <time>2026-08-06T11:13:32.000Z</time>
        <extensions>
          <ns3:TrackPointExtension>
            <ns3:hr>161</ns3:hr>
            <ns3:cad>90</ns3:cad>
          </ns3:TrackPointExtension>
        </extensions>
      </trkpt>
      <trkpt lat="24.535485170781612396240234375" lon="118.1533035077154636383056640625">
        <ele>16.3999996185302734375</ele>
        <time>2026-08-06T11:13:33.000Z</time>
        <extensions>
          <ns3:TrackPointExtension>
            <ns3:hr>160</ns3:hr>
            <ns3:cad>90</ns3:cad>
          </ns3:TrackPointExtension>
        </extensions>
      </trkpt>
      <trkpt lat="24.53551291488111019134521484375" lon="118.15327584743499755859375">
        <ele>16.200000762939453125</ele>
        <time>2026-08-06T11:13:34.000Z</time>
        <extensions>
          <ns3:TrackPointExtension>
            <ns3:hr>161</ns3:hr>
            <ns3:cad>91</ns3:cad>
          </ns3:TrackPointExtension>
        </extensions>
      </trkpt>
      <trkpt lat="24.53553688712418079376220703125" lon="118.15325480885803699493408203125">
        <ele>16.200000762939453125</ele>
        <time>2026-08-06T11:13:35.000Z</time>
        <extensions>
          <ns3:TrackPointExtension>
            <ns3:hr>161</ns3:hr>
            <ns3:cad>91</ns3:cad>
          </ns3:TrackPointExtension>
        </extensions>
      </trkpt>
      <trkpt lat="24.53556287102401256561279296875" lon="118.15322823822498321533203125">
        <ele>16.200000762939453125</ele>
        <time>2026-08-06T11:13:36.000Z</time>
        <extensions>
          <ns3:TrackPointExtension>
            <ns3:hr>161</ns3:hr>
            <ns3:cad>90</ns3:cad>
          </ns3:TrackPointExtension>
        </extensions>
      </trkpt>
      <trkpt lat="24.535584412515163421630859375" lon="118.15320384688675403594970703125">
        <ele>16.200000762939453125</ele>
        <time>2026-08-06T11:13:37.000Z</time>
        <extensions>
          <ns3:TrackPointExtension>
            <ns3:hr>160</ns3:hr>
            <ns3:cad>90</ns3:cad>
          </ns3:TrackPointExtension>
        </extensions>
      </trkpt>
      <trkpt lat="24.53561567701399326324462890625" lon="118.15317752771079540252685546875">
        <ele>16.200000762939453125</ele>
        <time>2026-08-06T11:13:38.000Z</time>
        <extensions>
          <ns3:TrackPointExtension>
            <ns3:hr>161</ns3:hr>
            <ns3:cad>90</ns3:cad>
          </ns3:TrackPointExtension>
        </extensions>
      </trkpt>
      <trkpt lat="24.53563948161900043487548828125" lon="118.1531502865254878997802734375">
        <ele>16.200000762939453125</ele>
        <time>2026-08-06T11:13:39.000Z</time>
        <extensions>
          <ns3:TrackPointExtension>
            <ns3:hr>161</ns3:hr>
            <ns3:cad>90</ns3:cad>
          </ns3:TrackPointExtension>
        </extensions>
      </trkpt>
      <trkpt lat="24.5356771163642406463623046875" lon="118.15314014442265033721923828125">
        <ele>16.200000762939453125</ele>
        <time>2026-08-06T11:13:40.000Z</time>
        <extensions>
          <ns3:TrackPointExtension>
            <ns3:hr>160</ns3:hr>
            <ns3:cad>90</ns3:cad>
          </ns3:TrackPointExtension>
        </extensions>
      </trkpt>
      <trkpt lat="24.5357129909098148345947265625" lon="118.15313125960528850555419921875">
        <ele>16.200000762939453125</ele>
        <time>2026-08-06T11:13:41.000Z</time>
        <extensions>
          <ns3:TrackPointExtension>
            <ns3:hr>161</ns3:hr>
            <ns3:cad>90</ns3:cad>
          </ns3:TrackPointExtension>
        </extensions>
      </trkpt>
      <trkpt lat="24.5357448421418666839599609375" lon="118.1531368754804134368896484375">
        <ele>16.200000762939453125</ele>
        <time>2026-08-06T11:13:42.000Z</time>
        <extensions>
          <ns3:TrackPointExtension>
            <ns3:hr>161</ns3:hr>
            <ns3:cad>90</ns3:cad>
          </ns3:TrackPointExtension>
        </extensions>
      </trkpt>
      <trkpt lat="24.535778202116489410400390625" lon="118.15314718522131443023681640625">
        <ele>16</ele>
        <time>2026-08-06T11:13:43.000Z</time>
        <extensions>
          <ns3:TrackPointExtension>
            <ns3:hr>160</ns3:hr>
            <ns3:cad>92</ns3:cad>
          </ns3:TrackPointExtension>
        </extensions>
      </trkpt>
      <trkpt lat="24.53580812551081180572509765625" lon="118.15316897816956043243408203125">
        <ele>16</ele>
        <time>2026-08-06T11:13:44.000Z</time>
        <extensions>
          <ns3:TrackPointExtension>
            <ns3:hr>161</ns3:hr>
            <ns3:cad>92</ns3:cad>
          </ns3:TrackPointExtension>
        </extensions>
      </trkpt>
      <trkpt lat="24.53583813272416591644287109375" lon="118.15318691544234752655029296875">
        <ele>16.200000762939453125</ele>
        <time>2026-08-06T11:13:45.000Z</time>
        <extensions>
          <ns3:TrackPointExtension>
            <ns3:hr>161</ns3:hr>
            <ns3:cad>92</ns3:cad>
          </ns3:TrackPointExtension>
        </extensions>
      </trkpt>
      <trkpt lat="24.53587031923234462738037109375" lon="118.15321407280862331390380859375">
        <ele>16.200000762939453125</ele>
        <time>2026-08-06T11:13:46.000Z</time>
        <extensions>
          <ns3:TrackPointExtension>
            <ns3:hr>160</ns3:hr>
            <ns3:cad>89</ns3:cad>
          </ns3:TrackPointExtension>
        </extensions>
      </trkpt>
      <trkpt lat="24.5358987338840961456298828125" lon="118.15323150716722011566162109375">
        <ele>16.200000762939453125</ele>
        <time>2026-08-06T11:13:47.000Z</time>
        <extensions>
          <ns3:TrackPointExtension>
            <ns3:hr>161</ns3:hr>
            <ns3:cad>89</ns3:cad>
          </ns3:TrackPointExtension>
        </extensions>
      </trkpt>
      <trkpt lat="24.53593075275421142578125" lon="118.15325531177222728729248046875">
        <ele>16.200000762939453125</ele>
        <time>2026-08-06T11:13:48.000Z</time>
        <extensions>
          <ns3:TrackPointExtension>
            <ns3:hr>161</ns3:hr>
            <ns3:cad>89</ns3:cad>
          </ns3:TrackPointExtension>
        </extensions>
      </trkpt>
      <trkpt lat="24.5359537191689014434814453125" lon="118.15327056683599948883056640625">
        <ele>16.200000762939453125</ele>
        <time>2026-08-06T11:13:49.000Z</time>
        <extensions>
          <ns3:TrackPointExtension>
            <ns3:hr>161</ns3:hr>
            <ns3:cad>89</ns3:cad>
          </ns3:TrackPointExtension>
        </extensions>
      </trkpt>
      <trkpt lat="24.535984732210636138916015625" lon="118.153294958174228668212890625">
        <ele>16.200000762939453125</ele>
        <time>2026-08-06T11:13:50.000Z</time>
        <extensions>
          <ns3:TrackPointExtension>
            <ns3:hr>160</ns3:hr>
            <ns3:cad>89</ns3:cad>
          </ns3:TrackPointExtension>
        </extensions>
      </trkpt>
      <trkpt lat="24.53600744716823101043701171875" lon="118.1533004902303218841552734375">
        <ele>16.200000762939453125</ele>
        <time>2026-08-06T11:13:51.000Z</time>
        <extensions>
          <ns3:TrackPointExtension>
            <ns3:hr>161</ns3:hr>
            <ns3:cad>89</ns3:cad>
          </ns3:TrackPointExtension>
        </extensions>
      </trkpt>
      <trkpt lat="24.536037705838680267333984375" lon="118.15332337282598018646240234375">
        <ele>16.200000762939453125</ele>
        <time>2026-08-06T11:13:52.000Z</time>
        <extensions>
          <ns3:TrackPointExtension>
            <ns3:hr>161</ns3:hr>
            <ns3:cad>88</ns3:cad>
          </ns3:TrackPointExtension>
        </extensions>
      </trkpt>
      <trkpt lat="24.5360586605966091156005859375" lon="118.15333443693816661834716796875">
        <ele>16.200000762939453125</ele>
        <time>2026-08-06T11:13:53.000Z</time>
        <extensions>
          <ns3:TrackPointExtension>
            <ns3:hr>161</ns3:hr>
            <ns3:cad>88</ns3:cad>
          </ns3:TrackPointExtension>
        </extensions>
      </trkpt>
      <trkpt lat="24.53609193675220012664794921875" lon="118.15335857681930065155029296875">
        <ele>16.3999996185302734375</ele>
        <time>2026-08-06T11:13:54.000Z</time>
        <extensions>
          <ns3:TrackPointExtension>
            <ns3:hr>161</ns3:hr>
            <ns3:cad>88</ns3:cad>
          </ns3:TrackPointExtension>
        </extensions>
      </trkpt>
      <trkpt lat="24.53611372970044612884521484375" lon="118.15337416715919971466064453125">
        <ele>16.3999996185302734375</ele>
        <time>2026-08-06T11:13:55.000Z</time>
        <extensions>
          <ns3:TrackPointExtension>
            <ns3:hr>162</ns3:hr>
            <ns3:cad>87</ns3:cad>
          </ns3:TrackPointExtension>
        </extensions>
      </trkpt>
      <trkpt lat="24.5361488498747348785400390625" lon="118.153400905430316925048828125">
        <ele>16.3999996185302734375</ele>
        <time>2026-08-06T11:13:56.000Z</time>
        <extensions>
          <ns3:TrackPointExtension>
            <ns3:hr>162</ns3:hr>
            <ns3:cad>88</ns3:cad>
          </ns3:TrackPointExtension>
        </extensions>
      </trkpt>
      <trkpt lat="24.53617156483232975006103515625" lon="118.1534211896359920501708984375">
        <ele>16.3999996185302734375</ele>
        <time>2026-08-06T11:13:57.000Z</time>
        <extensions>
          <ns3:TrackPointExtension>
            <ns3:hr>162</ns3:hr>
            <ns3:cad>89</ns3:cad>
          </ns3:TrackPointExtension>
        </extensions>
      </trkpt>
      <trkpt lat="24.53620232641696929931640625" lon="118.1534433178603649139404296875">
        <ele>16.200000762939453125</ele>
        <time>2026-08-06T11:13:58.000Z</time>
        <extensions>
          <ns3:TrackPointExtension>
            <ns3:hr>162</ns3:hr>
            <ns3:cad>89</ns3:cad>
          </ns3:TrackPointExtension>
        </extensions>
      </trkpt>
      <trkpt lat="24.536226801574230194091796875" lon="118.15345731563866138458251953125">
        <ele>16.200000762939453125</ele>
        <time>2026-08-06T11:13:59.000Z</time>
        <extensions>
          <ns3:TrackPointExtension>
            <ns3:hr>162</ns3:hr>
            <ns3:cad>88</ns3:cad>
          </ns3:TrackPointExtension>
        </extensions>
      </trkpt>
      <trkpt lat="24.53625471331179141998291015625" lon="118.15348036587238311767578125">
        <ele>16</ele>
        <time>2026-08-06T11:14:00.000Z</time>
        <extensions>
          <ns3:TrackPointExtension>
            <ns3:hr>162</ns3:hr>
            <ns3:cad>88</ns3:cad>
          </ns3:TrackPointExtension>
        </extensions>
      </trkpt>
      <trkpt lat="24.53628011047840118408203125" lon="118.15349067561328411102294921875">
        <ele>16</ele>
        <time>2026-08-06T11:14:01.000Z</time>
        <extensions>
          <ns3:TrackPointExtension>
            <ns3:hr>162</ns3:hr>
            <ns3:cad>88</ns3:cad>
          </ns3:TrackPointExtension>
        </extensions>
      </trkpt>
      <trkpt lat="24.53631020151078701019287109375" lon="118.15351129509508609771728515625">
        <ele>15.80000019073486328125</ele>
        <time>2026-08-06T11:14:02.000Z</time>
        <extensions>
          <ns3:TrackPointExtension>
            <ns3:hr>162</ns3:hr>
            <ns3:cad>88</ns3:cad>
          </ns3:TrackPointExtension>
        </extensions>
      </trkpt>
      <trkpt lat="24.5363392867147922515869140625" lon="118.15352973528206348419189453125">
        <ele>15.80000019073486328125</ele>
        <time>2026-08-06T11:14:03.000Z</time>
        <extensions>
          <ns3:TrackPointExtension>
            <ns3:hr>161</ns3:hr>
            <ns3:cad>89</ns3:cad>
          </ns3:TrackPointExtension>
        </extensions>
      </trkpt>
      <trkpt lat="24.5363664440810680389404296875" lon="118.15354918129742145538330078125">
        <ele>15.80000019073486328125</ele>
        <time>2026-08-06T11:14:04.000Z</time>
        <extensions>
          <ns3:TrackPointExtension>
            <ns3:hr>161</ns3:hr>
            <ns3:cad>90</ns3:cad>
          </ns3:TrackPointExtension>
        </extensions>
      </trkpt>
      <trkpt lat="24.5363929308950901031494140625" lon="118.1535653583705425262451171875">
        <ele>15.80000019073486328125</ele>
        <time>2026-08-06T11:14:05.000Z</time>
        <extensions>
          <ns3:TrackPointExtension>
            <ns3:hr>161</ns3:hr>
            <ns3:cad>90</ns3:cad>
          </ns3:TrackPointExtension>
        </extensions>
      </trkpt>
      <trkpt lat="24.5364257879555225372314453125" lon="118.15358304418623447418212890625">
        <ele>15.80000019073486328125</ele>
        <time>2026-08-06T11:14:06.000Z</time>
        <extensions>
          <ns3:TrackPointExtension>
            <ns3:hr>162</ns3:hr>
            <ns3:cad>89</ns3:cad>
          </ns3:TrackPointExtension>
        </extensions>
      </trkpt>
      <trkpt lat="24.53645185567438602447509765625" lon="118.15360047854483127593994140625">
        <ele>15.80000019073486328125</ele>
        <time>2026-08-06T11:14:07.000Z</time>
        <extensions>
          <ns3:TrackPointExtension>
            <ns3:hr>162</ns3:hr>
            <ns3:cad>89</ns3:cad>
          </ns3:TrackPointExtension>
        </extensions>
      </trkpt>
      <trkpt lat="24.53648203052580356597900390625" lon="118.15361875109374523162841796875">
        <ele>16</ele>
        <time>2026-08-06T11:14:08.000Z</time>
        <extensions>
          <ns3:TrackPointExtension>
            <ns3:hr>162</ns3:hr>
            <ns3:cad>89</ns3:cad>
          </ns3:TrackPointExtension>
        </extensions>
      </trkpt>
      <trkpt lat="24.536512456834316253662109375" lon="118.15363484434783458709716796875">
        <ele>15.80000019073486328125</ele>
        <time>2026-08-06T11:14:09.000Z</time>
        <extensions>
          <ns3:TrackPointExtension>
            <ns3:hr>162</ns3:hr>
            <ns3:cad>88</ns3:cad>
          </ns3:TrackPointExtension>
        </extensions>
      </trkpt>
      <trkpt lat="24.536541961133480072021484375" lon="118.15365068614482879638671875">
        <ele>16</ele>
        <time>2026-08-06T11:14:10.000Z</time>
        <extensions>
          <ns3:TrackPointExtension>
            <ns3:hr>162</ns3:hr>
            <ns3:cad>88</ns3:cad>
          </ns3:TrackPointExtension>
        </extensions>
      </trkpt>
      <trkpt lat="24.53656903468072414398193359375" lon="118.153669796884059906005859375">
        <ele>16</ele>
        <time>2026-08-06T11:14:11.000Z</time>
        <extensions>
          <ns3:TrackPointExtension>
            <ns3:hr>162</ns3:hr>
            <ns3:cad>88</ns3:cad>
          </ns3:TrackPointExtension>
        </extensions>
      </trkpt>
      <trkpt lat="24.536599628627300262451171875" lon="118.15368496812880039215087890625">
        <ele>16</ele>
        <time>2026-08-06T11:14:12.000Z</time>
        <extensions>
          <ns3:TrackPointExtension>
            <ns3:hr>162</ns3:hr>
            <ns3:cad>89</ns3:cad>
          </ns3:TrackPointExtension>
        </extensions>
      </trkpt>
      <trkpt lat="24.53662670217454433441162109375" lon="118.15370407886803150177001953125">
        <ele>16</ele>
        <time>2026-08-06T11:14:13.000Z</time>
        <extensions>
          <ns3:TrackPointExtension>
            <ns3:hr>162</ns3:hr>
            <ns3:cad>89</ns3:cad>
          </ns3:TrackPointExtension>
        </extensions>
      </trkpt>
      <trkpt lat="24.5366571284830570220947265625" lon="118.15371782518923282623291015625">
        <ele>16</ele>
        <time>2026-08-06T11:14:14.000Z</time>
        <extensions>
          <ns3:TrackPointExtension>
            <ns3:hr>162</ns3:hr>
            <ns3:cad>89</ns3:cad>
          </ns3:TrackPointExtension>
        </extensions>
      </trkpt>
      <trkpt lat="24.53668646514415740966796875" lon="118.1537383608520030975341796875">
        <ele>15.80000019073486328125</ele>
        <time>2026-08-06T11:14:15.000Z</time>
        <extensions>
          <ns3:TrackPointExtension>
            <ns3:hr>162</ns3:hr>
            <ns3:cad>88</ns3:cad>
          </ns3:TrackPointExtension>
        </extensions>
      </trkpt>
      <trkpt lat="24.53671789728105068206787109375" lon="118.15375118516385555267333984375">
        <ele>15.80000019073486328125</ele>
        <time>2026-08-06T11:14:16.000Z</time>
        <extensions>
          <ns3:TrackPointExtension>
            <ns3:hr>162</ns3:hr>
            <ns3:cad>88</ns3:cad>
          </ns3:TrackPointExtension>
        </extensions>
      </trkpt>
      <trkpt lat="24.53674538992345333099365234375" lon="118.153772056102752685546875">
        <ele>15.80000019073486328125</ele>
        <time>2026-08-06T11:14:17.000Z</time>
        <extensions>
          <ns3:TrackPointExtension>
            <ns3:hr>162</ns3:hr>
            <ns3:cad>88</ns3:cad>
          </ns3:TrackPointExtension>
        </extensions>
      </trkpt>
      <trkpt lat="24.5367741398513317108154296875" lon="118.1537896580994129180908203125">
        <ele>15.6000003814697265625</ele>
        <time>2026-08-06T11:14:18.000Z</time>
        <extensions>
          <ns3:TrackPointExtension>
            <ns3:hr>162</ns3:hr>
            <ns3:cad>89</ns3:cad>
          </ns3:TrackPointExtension>
        </extensions>
      </trkpt>
      <trkpt lat="24.53680339269340038299560546875" lon="118.15381488762795925140380859375">
        <ele>15.80000019073486328125</ele>
        <time>2026-08-06T11:14:19.000Z</time>
        <extensions>
          <ns3:TrackPointExtension>
            <ns3:hr>161</ns3:hr>
            <ns3:cad>90</ns3:cad>
          </ns3:TrackPointExtension>
        </extensions>
      </trkpt>
      <trkpt lat="24.5368279516696929931640625" lon="118.15383299253880977630615234375">
        <ele>15.6000003814697265625</ele>
        <time>2026-08-06T11:14:20.000Z</time>
        <extensions>
          <ns3:TrackPointExtension>
            <ns3:hr>162</ns3:hr>
            <ns3:cad>90</ns3:cad>
          </ns3:TrackPointExtension>
        </extensions>
      </trkpt>
      <trkpt lat="24.536858461797237396240234375" lon="118.1538533605635166168212890625">
        <ele>15.6000003814697265625</ele>
        <time>2026-08-06T11:14:21.000Z</time>
        <extensions>
          <ns3:TrackPointExtension>
            <ns3:hr>162</ns3:hr>
            <ns3:cad>89</ns3:cad>
          </ns3:TrackPointExtension>
        </extensions>
      </trkpt>
      <trkpt lat="24.53688201494514942169189453125" lon="118.15386953763663768768310546875">
        <ele>15.6000003814697265625</ele>
        <time>2026-08-06T11:14:22.000Z</time>
        <extensions>
          <ns3:TrackPointExtension>
            <ns3:hr>162</ns3:hr>
            <ns3:cad>88</ns3:cad>
          </ns3:TrackPointExtension>
        </extensions>
      </trkpt>
      <trkpt lat="24.53691235743463039398193359375" lon="118.15389736555516719818115234375">
        <ele>15.6000003814697265625</ele>
        <time>2026-08-06T11:14:23.000Z</time>
        <extensions>
          <ns3:TrackPointExtension>
            <ns3:hr>162</ns3:hr>
            <ns3:cad>88</ns3:cad>
          </ns3:TrackPointExtension>
        </extensions>
      </trkpt>
      <trkpt lat="24.5369407720863819122314453125" lon="118.1539123691618442535400390625">
        <ele>15.3999996185302734375</ele>
        <time>2026-08-06T11:14:24.000Z</time>
        <extensions>
          <ns3:TrackPointExtension>
            <ns3:hr>162</ns3:hr>
            <ns3:cad>88</ns3:cad>
          </ns3:TrackPointExtension>
        </extensions>
      </trkpt>
      <trkpt lat="24.53697748482227325439453125" lon="118.153938688337802886962890625">
        <ele>15.3999996185302734375</ele>
        <time>2026-08-06T11:14:25.000Z</time>
        <extensions>
          <ns3:TrackPointExtension>
            <ns3:hr>162</ns3:hr>
            <ns3:cad>88</ns3:cad>
          </ns3:TrackPointExtension>
        </extensions>
      </trkpt>
      <trkpt lat="24.53700564801692962646484375" lon="118.1539557874202728271484375">
        <ele>15.6000003814697265625</ele>
        <time>2026-08-06T11:14:26.000Z</time>
        <extensions>
          <ns3:TrackPointExtension>
            <ns3:hr>161</ns3:hr>
            <ns3:cad>89</ns3:cad>
          </ns3:TrackPointExtension>
        </extensions>
      </trkpt>
      <trkpt lat="24.53703909181058406829833984375" lon="118.15398051403462886810302734375">
        <ele>15.3999996185302734375</ele>
        <time>2026-08-06T11:14:27.000Z</time>
        <extensions>
          <ns3:TrackPointExtension>
            <ns3:hr>162</ns3:hr>
            <ns3:cad>90</ns3:cad>
          </ns3:TrackPointExtension>
        </extensions>
      </trkpt>
      <trkpt lat="24.53706608153879642486572265625" lon="118.1539906561374664306640625">
        <ele>15.3999996185302734375</ele>
        <time>2026-08-06T11:14:28.000Z</time>
        <extensions>
          <ns3:TrackPointExtension>
            <ns3:hr>162</ns3:hr>
            <ns3:cad>90</ns3:cad>
          </ns3:TrackPointExtension>
        </extensions>
      </trkpt>
      <trkpt lat="24.537099860608577728271484375" lon="118.15401286818087100982666015625">
        <ele>15.3999996185302734375</ele>
        <time>2026-08-06T11:14:29.000Z</time>
        <extensions>
          <ns3:TrackPointExtension>
            <ns3:hr>161</ns3:hr>
            <ns3:cad>89</ns3:cad>
          </ns3:TrackPointExtension>
        </extensions>
      </trkpt>
      <trkpt lat="24.53712559305131435394287109375" lon="118.15402217209339141845703125">
        <ele>15.3999996185302734375</ele>
        <time>2026-08-06T11:14:30.000Z</time>
        <extensions>
          <ns3:TrackPointExtension>
            <ns3:hr>161</ns3:hr>
            <ns3:cad>88</ns3:cad>
          </ns3:TrackPointExtension>
        </extensions>
      </trkpt>
      <trkpt lat="24.53715576790273189544677734375" lon="118.15404388122260570526123046875">
        <ele>15.19999980926513671875</ele>
        <time>2026-08-06T11:14:31.000Z</time>
        <extensions>
          <ns3:TrackPointExtension>
            <ns3:hr>162</ns3:hr>
            <ns3:cad>88</ns3:cad>
          </ns3:TrackPointExtension>
        </extensions>
      </trkpt>
      <trkpt lat="24.53717772848904132843017578125" lon="118.1540558673441410064697265625">
        <ele>15.19999980926513671875</ele>
        <time>2026-08-06T11:14:32.000Z</time>
        <extensions>
          <ns3:TrackPointExtension>
            <ns3:hr>162</ns3:hr>
            <ns3:cad>89</ns3:cad>
          </ns3:TrackPointExtension>
        </extensions>
      </trkpt>
      <trkpt lat="24.53720756806433200836181640625" lon="118.15407983958721160888671875">
        <ele>15.19999980926513671875</ele>
        <time>2026-08-06T11:14:33.000Z</time>
        <extensions>
          <ns3:TrackPointExtension>
            <ns3:hr>162</ns3:hr>
            <ns3:cad>89</ns3:cad>
          </ns3:TrackPointExtension>
        </extensions>
      </trkpt>
      <trkpt lat="24.53723405487835407257080078125" lon="118.15409484319388866424560546875">
        <ele>15.19999980926513671875</ele>
        <time>2026-08-06T11:14:34.000Z</time>
        <extensions>
          <ns3:TrackPointExtension>
            <ns3:hr>161</ns3:hr>
            <ns3:cad>90</ns3:cad>
          </ns3:TrackPointExtension>
        </extensions>
      </trkpt>
      <trkpt lat="24.53727043233811855316162109375" lon="118.15411881543695926666259765625">
        <ele>15.19999980926513671875</ele>
        <time>2026-08-06T11:14:35.000Z</time>
        <extensions>
          <ns3:TrackPointExtension>
            <ns3:hr>161</ns3:hr>
            <ns3:cad>90</ns3:cad>
          </ns3:TrackPointExtension>
        </extensions>
      </trkpt>
      <trkpt lat="24.53729742206633090972900390625" lon="118.15412904135882854461669921875">
        <ele>15.19999980926513671875</ele>
        <time>2026-08-06T11:14:36.000Z</time>
        <extensions>
          <ns3:TrackPointExtension>
            <ns3:hr>161</ns3:hr>
            <ns3:cad>90</ns3:cad>
          </ns3:TrackPointExtension>
        </extensions>
      </trkpt>
      <trkpt lat="24.53733421862125396728515625" lon="118.1541494093835353851318359375">
        <ele>15</ele>
        <time>2026-08-06T11:14:37.000Z</time>
        <extensions>
          <ns3:TrackPointExtension>
            <ns3:hr>161</ns3:hr>
            <ns3:cad>89</ns3:cad>
          </ns3:TrackPointExtension>
        </extensions>
      </trkpt>
      <trkpt lat="24.5373578555881977081298828125" lon="118.1541587971150875091552734375">
        <ele>15</ele>
        <time>2026-08-06T11:14:38.000Z</time>
        <extensions>
          <ns3:TrackPointExtension>
            <ns3:hr>161</ns3:hr>
            <ns3:cad>88</ns3:cad>
          </ns3:TrackPointExtension>
        </extensions>
      </trkpt>
      <trkpt lat="24.5373913832008838653564453125" lon="118.1541815958917140960693359375">
        <ele>15</ele>
        <time>2026-08-06T11:14:39.000Z</time>
        <extensions>
          <ns3:TrackPointExtension>
            <ns3:hr>161</ns3:hr>
            <ns3:cad>88</ns3:cad>
          </ns3:TrackPointExtension>
        </extensions>
      </trkpt>
      <trkpt lat="24.537418372929096221923828125" lon="118.15419576130807399749755859375">
        <ele>15</ele>
        <time>2026-08-06T11:14:40.000Z</time>
        <extensions>
          <ns3:TrackPointExtension>
            <ns3:hr>161</ns3:hr>
            <ns3:cad>88</ns3:cad>
          </ns3:TrackPointExtension>
        </extensions>
      </trkpt>
      <trkpt lat="24.5374460332095623016357421875" lon="118.1542228348553180694580078125">
        <ele>15.19999980926513671875</ele>
        <time>2026-08-06T11:14:41.000Z</time>
        <extensions>
          <ns3:TrackPointExtension>
            <ns3:hr>161</ns3:hr>
            <ns3:cad>89</ns3:cad>
          </ns3:TrackPointExtension>
        </extensions>
      </trkpt>
      <trkpt lat="24.53747143037617206573486328125" lon="118.154239766299724578857421875">
        <ele>15.19999980926513671875</ele>
        <time>2026-08-06T11:14:42.000Z</time>
        <extensions>
          <ns3:TrackPointExtension>
            <ns3:hr>161</ns3:hr>
            <ns3:cad>90</ns3:cad>
          </ns3:TrackPointExtension>
        </extensions>
      </trkpt>
      <trkpt lat="24.5375016890466213226318359375" lon="118.154273964464664459228515625">
        <ele>15.19999980926513671875</ele>
        <time>2026-08-06T11:14:43.000Z</time>
        <extensions>
          <ns3:TrackPointExtension>
            <ns3:hr>160</ns3:hr>
            <ns3:cad>90</ns3:cad>
          </ns3:TrackPointExtension>
        </extensions>
      </trkpt>
      <trkpt lat="24.5375234819948673248291015625" lon="118.15429508686065673828125">
        <ele>15</ele>
        <time>2026-08-06T11:14:44.000Z</time>
        <extensions>
          <ns3:TrackPointExtension>
            <ns3:hr>160</ns3:hr>
            <ns3:cad>90</ns3:cad>
          </ns3:TrackPointExtension>
        </extensions>
      </trkpt>
      <trkpt lat="24.5375425927340984344482421875" lon="118.1543472222983837127685546875">
        <ele>15</ele>
        <time>2026-08-06T11:14:45.000Z</time>
        <extensions>
          <ns3:TrackPointExtension>
            <ns3:hr>157</ns3:hr>
            <ns3:cad>89</ns3:cad>
          </ns3:TrackPointExtension>
        </extensions>
      </trkpt>
      <trkpt lat="24.5375566743314266204833984375" lon="118.154384605586528778076171875">
        <ele>15</ele>
        <time>2026-08-06T11:14:46.000Z</time>
        <extensions>
          <ns3:TrackPointExtension>
            <ns3:hr>154</ns3:hr>
            <ns3:cad>89</ns3:cad>
          </ns3:TrackPointExtension>
        </extensions>
      </trkpt>
      <trkpt lat="24.53755759634077548980712890625" lon="118.15443665720522403717041015625">
        <ele>14.80000019073486328125</ele>
        <time>2026-08-06T11:14:47.000Z</time>
        <extensions>
          <ns3:TrackPointExtension>
            <ns3:hr>153</ns3:hr>
            <ns3:cad>89</ns3:cad>
          </ns3:TrackPointExtension>
        </extensions>
      </trkpt>
      <trkpt lat="24.5375601947307586669921875" lon="118.1544732861220836639404296875">
        <ele>14.80000019073486328125</ele>
        <time>2026-08-06T11:14:48.000Z</time>
        <extensions>
          <ns3:TrackPointExtension>
            <ns3:hr>152</ns3:hr>
            <ns3:cad>90</ns3:cad>
          </ns3:TrackPointExtension>
        </extensions>
      </trkpt>
      <trkpt lat="24.53754887916147708892822265625" lon="118.15451729111373424530029296875">
        <ele>14.80000019073486328125</ele>
        <time>2026-08-06T11:14:49.000Z</time>
        <extensions>
          <ns3:TrackPointExtension>
            <ns3:hr>152</ns3:hr>
            <ns3:cad>90</ns3:cad>
          </ns3:TrackPointExtension>
        </extensions>
      </trkpt>
      <trkpt lat="24.537539742887020111083984375" lon="118.154549896717071533203125">
        <ele>14.80000019073486328125</ele>
        <time>2026-08-06T11:14:50.000Z</time>
        <extensions>
          <ns3:TrackPointExtension>
            <ns3:hr>153</ns3:hr>
            <ns3:cad>90</ns3:cad>
          </ns3:TrackPointExtension>
        </extensions>
      </trkpt>
      <trkpt lat="24.5375172793865203857421875" lon="118.154585771262645721435546875">
        <ele>14.80000019073486328125</ele>
        <time>2026-08-06T11:14:51.000Z</time>
        <extensions>
          <ns3:TrackPointExtension>
            <ns3:hr>153</ns3:hr>
            <ns3:cad>90</ns3:cad>
          </ns3:TrackPointExtension>
        </extensions>
      </trkpt>
      <trkpt lat="24.53750227577984333038330078125" lon="118.1546171195805072784423828125">
        <ele>14.80000019073486328125</ele>
        <time>2026-08-06T11:14:52.000Z</time>
        <extensions>
          <ns3:TrackPointExtension>
            <ns3:hr>153</ns3:hr>
            <ns3:cad>90</ns3:cad>
          </ns3:TrackPointExtension>
        </extensions>
      </trkpt>
      <trkpt lat="24.5374798960983753204345703125" lon="118.15464955754578113555908203125">
        <ele>14.80000019073486328125</ele>
        <time>2026-08-06T11:14:53.000Z</time>
        <extensions>
          <ns3:TrackPointExtension>
            <ns3:hr>154</ns3:hr>
            <ns3:cad>88</ns3:cad>
          </ns3:TrackPointExtension>
        </extensions>
      </trkpt>
      <trkpt lat="24.5374631322920322418212890625" lon="118.15467570908367633819580078125">
        <ele>14.80000019073486328125</ele>
        <time>2026-08-06T11:14:54.000Z</time>
        <extensions>
          <ns3:TrackPointExtension>
            <ns3:hr>154</ns3:hr>
            <ns3:cad>88</ns3:cad>
          </ns3:TrackPointExtension>
        </extensions>
      </trkpt>
      <trkpt lat="24.53744142316281795501708984375" lon="118.15470722503960132598876953125">
        <ele>14.80000019073486328125</ele>
        <time>2026-08-06T11:14:55.000Z</time>
        <extensions>
          <ns3:TrackPointExtension>
            <ns3:hr>154</ns3:hr>
            <ns3:cad>88</ns3:cad>
          </ns3:TrackPointExtension>
        </extensions>
      </trkpt>
      <trkpt lat="24.537425078451633453369140625" lon="118.15473354421555995941162109375">
        <ele>15</ele>
        <time>2026-08-06T11:14:56.000Z</time>
        <extensions>
          <ns3:TrackPointExtension>
            <ns3:hr>154</ns3:hr>
            <ns3:cad>88</ns3:cad>
          </ns3:TrackPointExtension>
        </extensions>
      </trkpt>
      <trkpt lat="24.537408985197544097900390625" lon="118.15476036630570888519287109375">
        <ele>15</ele>
        <time>2026-08-06T11:14:57.000Z</time>
        <extensions>
          <ns3:TrackPointExtension>
            <ns3:hr>155</ns3:hr>
            <ns3:cad>89</ns3:cad>
          </ns3:TrackPointExtension>
        </extensions>
      </trkpt>
      <trkpt lat="24.537390880286693572998046875" lon="118.1547872722148895263671875">
        <ele>15.19999980926513671875</ele>
        <time>2026-08-06T11:14:58.000Z</time>
        <extensions>
          <ns3:TrackPointExtension>
            <ns3:hr>155</ns3:hr>
            <ns3:cad>89</ns3:cad>
          </ns3:TrackPointExtension>
        </extensions>
      </trkpt>
      <trkpt lat="24.53737579286098480224609375" lon="118.15481333993375301361083984375">
        <ele>15.19999980926513671875</ele>
        <time>2026-08-06T11:14:59.000Z</time>
        <extensions>
          <ns3:TrackPointExtension>
            <ns3:hr>157</ns3:hr>
            <ns3:cad>89</ns3:cad>
          </ns3:TrackPointExtension>
        </extensions>
      </trkpt>
      <trkpt lat="24.53735609538853168487548828125" lon="118.15483882091939449310302734375">
        <ele>15.19999980926513671875</ele>
        <time>2026-08-06T11:15:00.000Z</time>
        <extensions>
          <ns3:TrackPointExtension>
            <ns3:hr>158</ns3:hr>
            <ns3:cad>89</ns3:cad>
          </ns3:TrackPointExtension>
        </extensions>
      </trkpt>
      <trkpt lat="24.537342600524425506591796875" lon="118.1548692472279071807861328125">
        <ele>15.19999980926513671875</ele>
        <time>2026-08-06T11:15:01.000Z</time>
        <extensions>
          <ns3:TrackPointExtension>
            <ns3:hr>158</ns3:hr>
            <ns3:cad>88</ns3:cad>
          </ns3:TrackPointExtension>
        </extensions>
      </trkpt>
      <trkpt lat="24.53732172958552837371826171875" lon="118.15489732660353183746337890625">
        <ele>15.19999980926513671875</ele>
        <time>2026-08-06T11:15:02.000Z</time>
        <extensions>
          <ns3:TrackPointExtension>
            <ns3:hr>159</ns3:hr>
            <ns3:cad>88</ns3:cad>
          </ns3:TrackPointExtension>
        </extensions>
      </trkpt>
      <trkpt lat="24.53730748035013675689697265625" lon="118.154928423464298248291015625">
        <ele>15</ele>
        <time>2026-08-06T11:15:03.000Z</time>
        <extensions>
          <ns3:TrackPointExtension>
            <ns3:hr>159</ns3:hr>
            <ns3:cad>88</ns3:cad>
          </ns3:TrackPointExtension>
        </extensions>
      </trkpt>
      <trkpt lat="24.53728736378252506256103515625" lon="118.15496253781020641326904296875">
        <ele>15</ele>
        <time>2026-08-06T11:15:04.000Z</time>
        <extensions>
          <ns3:TrackPointExtension>
            <ns3:hr>160</ns3:hr>
            <ns3:cad>89</ns3:cad>
          </ns3:TrackPointExtension>
        </extensions>
      </trkpt>
      <trkpt lat="24.53727562911808490753173828125" lon="118.1549939699470996856689453125">
        <ele>15</ele>
        <time>2026-08-06T11:15:05.000Z</time>
        <extensions>
          <ns3:TrackPointExtension>
            <ns3:hr>161</ns3:hr>
            <ns3:cad>89</ns3:cad>
          </ns3:TrackPointExtension>
        </extensions>
      </trkpt>
      <trkpt lat="24.53725433908402919769287109375" lon="118.1550315208733081817626953125">
        <ele>15.19999980926513671875</ele>
        <time>2026-08-06T11:15:06.000Z</time>
        <extensions>
          <ns3:TrackPointExtension>
            <ns3:hr>161</ns3:hr>
            <ns3:cad>89</ns3:cad>
          </ns3:TrackPointExtension>
        </extensions>
      </trkpt>
      <trkpt lat="24.53724293969571590423583984375" lon="118.15506421029567718505859375">
        <ele>15.19999980926513671875</ele>
        <time>2026-08-06T11:15:07.000Z</time>
        <extensions>
          <ns3:TrackPointExtension>
            <ns3:hr>161</ns3:hr>
            <ns3:cad>89</ns3:cad>
          </ns3:TrackPointExtension>
        </extensions>
      </trkpt>
      <trkpt lat="24.5372213982045650482177734375" lon="118.155104778707027435302734375">
        <ele>15.19999980926513671875</ele>
        <time>2026-08-06T11:15:08.000Z</time>
        <extensions>
          <ns3:TrackPointExtension>
            <ns3:hr>161</ns3:hr>
            <ns3:cad>88</ns3:cad>
          </ns3:TrackPointExtension>
        </extensions>
      </trkpt>
      <trkpt lat="24.5372116751968860626220703125" lon="118.1551359593868255615234375">
        <ele>15.19999980926513671875</ele>
        <time>2026-08-06T11:15:09.000Z</time>
        <extensions>
          <ns3:TrackPointExtension>
            <ns3:hr>161</ns3:hr>
            <ns3:cad>87</ns3:cad>
          </ns3:TrackPointExtension>
        </extensions>
      </trkpt>
      <trkpt lat="24.53719206154346466064453125" lon="118.1551753543317317962646484375">
        <ele>15.19999980926513671875</ele>
        <time>2026-08-06T11:15:10.000Z</time>
        <extensions>
          <ns3:TrackPointExtension>
            <ns3:hr>161</ns3:hr>
            <ns3:cad>87</ns3:cad>
          </ns3:TrackPointExtension>
        </extensions>
      </trkpt>
      <trkpt lat="24.53718141652643680572509765625" lon="118.1552001647651195526123046875">
        <ele>15.19999980926513671875</ele>
        <time>2026-08-06T11:15:11.000Z</time>
        <extensions>
          <ns3:TrackPointExtension>
            <ns3:hr>162</ns3:hr>
            <ns3:cad>88</ns3:cad>
          </ns3:TrackPointExtension>
        </extensions>
      </trkpt>
      <trkpt lat="24.53716096468269824981689453125" lon="118.15523184835910797119140625">
        <ele>15.19999980926513671875</ele>
        <time>2026-08-06T11:15:12.000Z</time>
        <extensions>
          <ns3:TrackPointExtension>
            <ns3:hr>162</ns3:hr>
            <ns3:cad>88</ns3:cad>
          </ns3:TrackPointExtension>
        </extensions>
      </trkpt>
      <trkpt lat="24.53714939765632152557373046875" lon="118.15526043064892292022705078125">
        <ele>15.19999980926513671875</ele>
        <time>2026-08-06T11:15:13.000Z</time>
        <extensions>
          <ns3:TrackPointExtension>
            <ns3:hr>162</ns3:hr>
            <ns3:cad>90</ns3:cad>
          </ns3:TrackPointExtension>
        </extensions>
      </trkpt>
      <trkpt lat="24.53712710179388523101806640625" lon="118.15529027022421360015869140625">
        <ele>15.19999980926513671875</ele>
        <time>2026-08-06T11:15:14.000Z</time>
        <extensions>
          <ns3:TrackPointExtension>
            <ns3:hr>162</ns3:hr>
            <ns3:cad>90</ns3:cad>
          </ns3:TrackPointExtension>
        </extensions>
      </trkpt>
      <trkpt lat="24.53711000271141529083251953125" lon="118.15531524829566478729248046875">
        <ele>15.19999980926513671875</ele>
        <time>2026-08-06T11:15:15.000Z</time>
        <extensions>
          <ns3:TrackPointExtension>
            <ns3:hr>162</ns3:hr>
            <ns3:cad>88</ns3:cad>
          </ns3:TrackPointExtension>
        </extensions>
      </trkpt>
      <trkpt lat="24.53709416091442108154296875" lon="118.1553399749100208282470703125">
        <ele>15.3999996185302734375</ele>
        <time>2026-08-06T11:15:16.000Z</time>
        <extensions>
          <ns3:TrackPointExtension>
            <ns3:hr>162</ns3:hr>
            <ns3:cad>88</ns3:cad>
          </ns3:TrackPointExtension>
        </extensions>
      </trkpt>
      <trkpt lat="24.53707882203161716461181640625" lon="118.15536201931536197662353515625">
        <ele>15.3999996185302734375</ele>
        <time>2026-08-06T11:15:17.000Z</time>
        <extensions>
          <ns3:TrackPointExtension>
            <ns3:hr>162</ns3:hr>
            <ns3:cad>88</ns3:cad>
          </ns3:TrackPointExtension>
        </extensions>
      </trkpt>
      <trkpt lat="24.53705518506467342376708984375" lon="118.1553889252245426177978515625">
        <ele>15.3999996185302734375</ele>
        <time>2026-08-06T11:15:18.000Z</time>
        <extensions>
          <ns3:TrackPointExtension>
            <ns3:hr>162</ns3:hr>
            <ns3:cad>88</ns3:cad>
          </ns3:TrackPointExtension>
        </extensions>
      </trkpt>
      <trkpt lat="24.53703959472477436065673828125" lon="118.15541423857212066650390625">
        <ele>15.6000003814697265625</ele>
        <time>2026-08-06T11:15:19.000Z</time>
        <extensions>
          <ns3:TrackPointExtension>
            <ns3:hr>162</ns3:hr>
            <ns3:cad>89</ns3:cad>
          </ns3:TrackPointExtension>
        </extensions>
      </trkpt>
      <trkpt lat="24.537022076547145843505859375" lon="118.1554422341287136077880859375">
        <ele>15.6000003814697265625</ele>
        <time>2026-08-06T11:15:20.000Z</time>
        <extensions>
          <ns3:TrackPointExtension>
            <ns3:hr>161</ns3:hr>
            <ns3:cad>90</ns3:cad>
          </ns3:TrackPointExtension>
        </extensions>
      </trkpt>
      <trkpt lat="24.53701210208237171173095703125" lon="118.155468888580799102783203125">
        <ele>15.6000003814697265625</ele>
        <time>2026-08-06T11:15:21.000Z</time>
        <extensions>
          <ns3:TrackPointExtension>
            <ns3:hr>161</ns3:hr>
            <ns3:cad>90</ns3:cad>
          </ns3:TrackPointExtension>
        </extensions>
      </trkpt>
      <trkpt lat="24.536994583904743194580078125" lon="118.155505768954753875732421875">
        <ele>15.6000003814697265625</ele>
        <time>2026-08-06T11:15:22.000Z</time>
        <extensions>
          <ns3:TrackPointExtension>
            <ns3:hr>161</ns3:hr>
            <ns3:cad>89</ns3:cad>
          </ns3:TrackPointExtension>
        </extensions>
      </trkpt>
      <trkpt lat="24.53697890974581241607666015625" lon="118.1555361114442348480224609375">
        <ele>15.6000003814697265625</ele>
        <time>2026-08-06T11:15:23.000Z</time>
        <extensions>
          <ns3:TrackPointExtension>
            <ns3:hr>161</ns3:hr>
            <ns3:cad>88</ns3:cad>
          </ns3:TrackPointExtension>
        </extensions>
      </trkpt>
      <trkpt lat="24.53695678152143955230712890625" lon="118.15557022579014301300048828125">
        <ele>15.6000003814697265625</ele>
        <time>2026-08-06T11:15:24.000Z</time>
        <extensions>
          <ns3:TrackPointExtension>
            <ns3:hr>162</ns3:hr>
            <ns3:cad>88</ns3:cad>
          </ns3:TrackPointExtension>
        </extensions>
      </trkpt>
      <trkpt lat="24.536941945552825927734375" lon="118.15560174174606800079345703125">
        <ele>15.6000003814697265625</ele>
        <time>2026-08-06T11:15:25.000Z</time>
        <extensions>
          <ns3:TrackPointExtension>
            <ns3:hr>162</ns3:hr>
            <ns3:cad>88</ns3:cad>
          </ns3:TrackPointExtension>
        </extensions>
      </trkpt>
      <trkpt lat="24.53691990114748477935791015625" lon="118.15563686192035675048828125">
        <ele>15.6000003814697265625</ele>
        <time>2026-08-06T11:15:26.000Z</time>
        <extensions>
          <ns3:TrackPointExtension>
            <ns3:hr>162</ns3:hr>
            <ns3:cad>89</ns3:cad>
          </ns3:TrackPointExtension>
        </extensions>
      </trkpt>
      <trkpt lat="24.536901377141475677490234375" lon="118.15566477365791797637939453125">
        <ele>15.6000003814697265625</ele>
        <time>2026-08-06T11:15:27.000Z</time>
        <extensions>
          <ns3:TrackPointExtension>
            <ns3:hr>162</ns3:hr>
            <ns3:cad>89</ns3:cad>
          </ns3:TrackPointExtension>
        </extensions>
      </trkpt>
      <trkpt lat="24.536885283887386322021484375" lon="118.155701570212841033935546875">
        <ele>15.6000003814697265625</ele>
        <time>2026-08-06T11:15:28.000Z</time>
        <extensions>
          <ns3:TrackPointExtension>
            <ns3:hr>162</ns3:hr>
            <ns3:cad>90</ns3:cad>
          </ns3:TrackPointExtension>
        </extensions>
      </trkpt>
      <trkpt lat="24.53687162138521671295166015625" lon="118.155732415616512298583984375">
        <ele>15.6000003814697265625</ele>
        <time>2026-08-06T11:15:29.000Z</time>
        <extensions>
          <ns3:TrackPointExtension>
            <ns3:hr>162</ns3:hr>
            <ns3:cad>90</ns3:cad>
          </ns3:TrackPointExtension>
        </extensions>
      </trkpt>
      <trkpt lat="24.5368529297411441802978515625" lon="118.1557635962963104248046875">
        <ele>15.6000003814697265625</ele>
        <time>2026-08-06T11:15:30.000Z</time>
        <extensions>
          <ns3:TrackPointExtension>
            <ns3:hr>161</ns3:hr>
            <ns3:cad>89</ns3:cad>
          </ns3:TrackPointExtension>
        </extensions>
      </trkpt>
      <trkpt lat="24.53683189116418361663818359375" lon="118.155791759490966796875">
        <ele>15.6000003814697265625</ele>
        <time>2026-08-06T11:15:31.000Z</time>
        <extensions>
          <ns3:TrackPointExtension>
            <ns3:hr>162</ns3:hr>
            <ns3:cad>89</ns3:cad>
          </ns3:TrackPointExtension>
        </extensions>
      </trkpt>
      <trkpt lat="24.53681009821593761444091796875" lon="118.15582570619881153106689453125">
        <ele>15.6000003814697265625</ele>
        <time>2026-08-06T11:15:32.000Z</time>
        <extensions>
          <ns3:TrackPointExtension>
            <ns3:hr>162</ns3:hr>
            <ns3:cad>89</ns3:cad>
          </ns3:TrackPointExtension>
        </extensions>
      </trkpt>
      <trkpt lat="24.53679534606635570526123046875" lon="118.15585353411734104156494140625">
        <ele>15.80000019073486328125</ele>
        <time>2026-08-06T11:15:33.000Z</time>
        <extensions>
          <ns3:TrackPointExtension>
            <ns3:hr>162</ns3:hr>
            <ns3:cad>89</ns3:cad>
          </ns3:TrackPointExtension>
        </extensions>
      </trkpt>
      <trkpt lat="24.53677363693714141845703125" lon="118.15588873811066150665283203125">
        <ele>15.6000003814697265625</ele>
        <time>2026-08-06T11:15:34.000Z</time>
        <extensions>
          <ns3:TrackPointExtension>
            <ns3:hr>162</ns3:hr>
            <ns3:cad>89</ns3:cad>
          </ns3:TrackPointExtension>
        </extensions>
      </trkpt>
      <trkpt lat="24.53675947152078151702880859375" lon="118.155918158590793609619140625">
        <ele>15.6000003814697265625</ele>
        <time>2026-08-06T11:15:35.000Z</time>
        <extensions>
          <ns3:TrackPointExtension>
            <ns3:hr>162</ns3:hr>
            <ns3:cad>89</ns3:cad>
          </ns3:TrackPointExtension>
        </extensions>
      </trkpt>
      <trkpt lat="24.53674237243831157684326171875" lon="118.15595311112701892852783203125">
        <ele>15.6000003814697265625</ele>
        <time>2026-08-06T11:15:36.000Z</time>
        <extensions>
          <ns3:TrackPointExtension>
            <ns3:hr>162</ns3:hr>
            <ns3:cad>90</ns3:cad>
          </ns3:TrackPointExtension>
        </extensions>
      </trkpt>
      <trkpt lat="24.53672393225133419036865234375" lon="118.15597926266491413116455078125">
        <ele>15.6000003814697265625</ele>
        <time>2026-08-06T11:15:37.000Z</time>
        <extensions>
          <ns3:TrackPointExtension>
            <ns3:hr>162</ns3:hr>
            <ns3:cad>90</ns3:cad>
          </ns3:TrackPointExtension>
        </extensions>
      </trkpt>
      <trkpt lat="24.5367000438272953033447265625" lon="118.15601094625890254974365234375">
        <ele>15.6000003814697265625</ele>
        <time>2026-08-06T11:15:38.000Z</time>
        <extensions>
          <ns3:TrackPointExtension>
            <ns3:hr>161</ns3:hr>
            <ns3:cad>89</ns3:cad>
          </ns3:TrackPointExtension>
        </extensions>
      </trkpt>
      <trkpt lat="24.536680094897747039794921875" lon="118.15603651106357574462890625">
        <ele>15.6000003814697265625</ele>
        <time>2026-08-06T11:15:39.000Z</time>
        <extensions>
          <ns3:TrackPointExtension>
            <ns3:hr>161</ns3:hr>
            <ns3:cad>89</ns3:cad>
          </ns3:TrackPointExtension>
        </extensions>
      </trkpt>
      <trkpt lat="24.53665285371243953704833984375" lon="118.1560661830008029937744140625">
        <ele>15.6000003814697265625</ele>
        <time>2026-08-06T11:15:40.000Z</time>
        <extensions>
          <ns3:TrackPointExtension>
            <ns3:hr>162</ns3:hr>
            <ns3:cad>89</ns3:cad>
          </ns3:TrackPointExtension>
        </extensions>
      </trkpt>
      <trkpt lat="24.53662603162229061126708984375" lon="118.156082443892955780029296875">
        <ele>15.6000003814697265625</ele>
        <time>2026-08-06T11:15:41.000Z</time>
        <extensions>
          <ns3:TrackPointExtension>
            <ns3:hr>162</ns3:hr>
            <ns3:cad>89</ns3:cad>
          </ns3:TrackPointExtension>
        </extensions>
      </trkpt>
      <trkpt lat="24.53658646903932094573974609375" lon="118.156098537147045135498046875">
        <ele>15.80000019073486328125</ele>
        <time>2026-08-06T11:15:42.000Z</time>
        <extensions>
          <ns3:TrackPointExtension>
            <ns3:hr>162</ns3:hr>
            <ns3:cad>89</ns3:cad>
          </ns3:TrackPointExtension>
        </extensions>
      </trkpt>
      <trkpt lat="24.53655176796019077301025390625" lon="118.156105913221836090087890625">
        <ele>15.80000019073486328125</ele>
        <time>2026-08-06T11:15:43.000Z</time>
        <extensions>
          <ns3:TrackPointExtension>
            <ns3:hr>162</ns3:hr>
            <ns3:cad>90</ns3:cad>
          </ns3:TrackPointExtension>
        </extensions>
      </trkpt>
      <trkpt lat="24.536505751311779022216796875" lon="118.15611270256340503692626953125">
        <ele>16</ele>
        <time>2026-08-06T11:15:44.000Z</time>
        <extensions>
          <ns3:TrackPointExtension>
            <ns3:hr>162</ns3:hr>
            <ns3:cad>90</ns3:cad>
          </ns3:TrackPointExtension>
        </extensions>
      </trkpt>
      <trkpt lat="24.53647163696587085723876953125" lon="118.1561117805540561676025390625">
        <ele>16</ele>
        <time>2026-08-06T11:15:45.000Z</time>
        <extensions>
          <ns3:TrackPointExtension>
            <ns3:hr>161</ns3:hr>
            <ns3:cad>90</ns3:cad>
          </ns3:TrackPointExtension>
        </extensions>
      </trkpt>
      <trkpt lat="24.53642721287906169891357421875" lon="118.15610683523118495941162109375">
        <ele>16</ele>
        <time>2026-08-06T11:15:46.000Z</time>
        <extensions>
          <ns3:TrackPointExtension>
            <ns3:hr>161</ns3:hr>
            <ns3:cad>90</ns3:cad>
          </ns3:TrackPointExtension>
        </extensions>
      </trkpt>
      <trkpt lat="24.53639837913215160369873046875" lon="118.1560953520238399505615234375">
        <ele>16</ele>
        <time>2026-08-06T11:15:47.000Z</time>
        <extensions>
          <ns3:TrackPointExtension>
            <ns3:hr>161</ns3:hr>
            <ns3:cad>90</ns3:cad>
          </ns3:TrackPointExtension>
        </extensions>
      </trkpt>
      <trkpt lat="24.53636233694851398468017578125" lon="118.1560812704265117645263671875">
        <ele>16</ele>
        <time>2026-08-06T11:15:48.000Z</time>
        <extensions>
          <ns3:TrackPointExtension>
            <ns3:hr>161</ns3:hr>
            <ns3:cad>90</ns3:cad>
          </ns3:TrackPointExtension>
        </extensions>
      </trkpt>
      <trkpt lat="24.5363325811922550201416015625" lon="118.15606291405856609344482421875">
        <ele>16</ele>
        <time>2026-08-06T11:15:49.000Z</time>
        <extensions>
          <ns3:TrackPointExtension>
            <ns3:hr>161</ns3:hr>
            <ns3:cad>90</ns3:cad>
          </ns3:TrackPointExtension>
        </extensions>
      </trkpt>
      <trkpt lat="24.53629880212247371673583984375" lon="118.1560390256345272064208984375">
        <ele>16</ele>
        <time>2026-08-06T11:15:50.000Z</time>
        <extensions>
          <ns3:TrackPointExtension>
            <ns3:hr>161</ns3:hr>
            <ns3:cad>90</ns3:cad>
          </ns3:TrackPointExtension>
        </extensions>
      </trkpt>
      <trkpt lat="24.5362755842506885528564453125" lon="118.156022094190120697021484375">
        <ele>16.200000762939453125</ele>
        <time>2026-08-06T11:15:51.000Z</time>
        <extensions>
          <ns3:TrackPointExtension>
            <ns3:hr>162</ns3:hr>
            <ns3:cad>90</ns3:cad>
          </ns3:TrackPointExtension>
        </extensions>
      </trkpt>
      <trkpt lat="24.53624431975185871124267578125" lon="118.15600097179412841796875">
        <ele>16</ele>
        <time>2026-08-06T11:15:52.000Z</time>
        <extensions>
          <ns3:TrackPointExtension>
            <ns3:hr>162</ns3:hr>
            <ns3:cad>90</ns3:cad>
          </ns3:TrackPointExtension>
        </extensions>
      </trkpt>
      <trkpt lat="24.53621565364301204681396484375" lon="118.15598898567259311676025390625">
        <ele>16</ele>
        <time>2026-08-06T11:15:53.000Z</time>
        <extensions>
          <ns3:TrackPointExtension>
            <ns3:hr>162</ns3:hr>
            <ns3:cad>89</ns3:cad>
          </ns3:TrackPointExtension>
        </extensions>
      </trkpt>
      <trkpt lat="24.5361840538680553436279296875" lon="118.1559672765433788299560546875">
        <ele>16.200000762939453125</ele>
        <time>2026-08-06T11:15:54.000Z</time>
        <extensions>
          <ns3:TrackPointExtension>
            <ns3:hr>162</ns3:hr>
            <ns3:cad>89</ns3:cad>
          </ns3:TrackPointExtension>
        </extensions>
      </trkpt>
      <trkpt lat="24.53615513630211353302001953125" lon="118.1559548713266849517822265625">
        <ele>16.200000762939453125</ele>
        <time>2026-08-06T11:15:55.000Z</time>
        <extensions>
          <ns3:TrackPointExtension>
            <ns3:hr>163</ns3:hr>
            <ns3:cad>89</ns3:cad>
          </ns3:TrackPointExtension>
        </extensions>
      </trkpt>
      <trkpt lat="24.53612043522298336029052734375" lon="118.15593215636909008026123046875">
        <ele>16.200000762939453125</ele>
        <time>2026-08-06T11:15:56.000Z</time>
        <extensions>
          <ns3:TrackPointExtension>
            <ns3:hr>163</ns3:hr>
            <ns3:cad>90</ns3:cad>
          </ns3:TrackPointExtension>
        </extensions>
      </trkpt>
      <trkpt lat="24.53609311021864414215087890625" lon="118.15591824240982532501220703125">
        <ele>16.200000762939453125</ele>
        <time>2026-08-06T11:15:57.000Z</time>
        <extensions>
          <ns3:TrackPointExtension>
            <ns3:hr>162</ns3:hr>
            <ns3:cad>90</ns3:cad>
          </ns3:TrackPointExtension>
        </extensions>
      </trkpt>
      <trkpt lat="24.5360586605966091156005859375" lon="118.1558995507657527923583984375">
        <ele>16.200000762939453125</ele>
        <time>2026-08-06T11:15:58.000Z</time>
        <extensions>
          <ns3:TrackPointExtension>
            <ns3:hr>163</ns3:hr>
            <ns3:cad>90</ns3:cad>
          </ns3:TrackPointExtension>
        </extensions>
      </trkpt>
      <trkpt lat="24.53603024594485759735107421875" lon="118.1558790989220142364501953125">
        <ele>16.200000762939453125</ele>
        <time>2026-08-06T11:15:59.000Z</time>
        <extensions>
          <ns3:TrackPointExtension>
            <ns3:hr>163</ns3:hr>
            <ns3:cad>90</ns3:cad>
          </ns3:TrackPointExtension>
        </extensions>
      </trkpt>
      <trkpt lat="24.53600090928375720977783203125" lon="118.1558519415557384490966796875">
        <ele>16.200000762939453125</ele>
        <time>2026-08-06T11:16:00.000Z</time>
        <extensions>
          <ns3:TrackPointExtension>
            <ns3:hr>163</ns3:hr>
            <ns3:cad>89</ns3:cad>
          </ns3:TrackPointExtension>
        </extensions>
      </trkpt>
      <trkpt lat="24.53597827814519405364990234375" lon="118.15582855604588985443115234375">
        <ele>16.200000762939453125</ele>
        <time>2026-08-06T11:16:01.000Z</time>
        <extensions>
          <ns3:TrackPointExtension>
            <ns3:hr>163</ns3:hr>
            <ns3:cad>89</ns3:cad>
          </ns3:TrackPointExtension>
        </extensions>
      </trkpt>
      <trkpt lat="24.53594760037958621978759765625" lon="118.15580843947827816009521484375">
        <ele>16.200000762939453125</ele>
        <time>2026-08-06T11:16:02.000Z</time>
        <extensions>
          <ns3:TrackPointExtension>
            <ns3:hr>164</ns3:hr>
            <ns3:cad>89</ns3:cad>
          </ns3:TrackPointExtension>
        </extensions>
      </trkpt>
      <trkpt lat="24.5359242148697376251220703125" lon="118.1557922624051570892333984375">
        <ele>16.200000762939453125</ele>
        <time>2026-08-06T11:16:03.000Z</time>
        <extensions>
          <ns3:TrackPointExtension>
            <ns3:hr>163</ns3:hr>
            <ns3:cad>89</ns3:cad>
          </ns3:TrackPointExtension>
        </extensions>
      </trkpt>
      <trkpt lat="24.535891525447368621826171875" lon="118.15576753579080104827880859375">
        <ele>16.200000762939453125</ele>
        <time>2026-08-06T11:16:04.000Z</time>
        <extensions>
          <ns3:TrackPointExtension>
            <ns3:hr>163</ns3:hr>
            <ns3:cad>90</ns3:cad>
          </ns3:TrackPointExtension>
        </extensions>
      </trkpt>
      <trkpt lat="24.535866044461727142333984375" lon="118.15574943087995052337646484375">
        <ele>16.200000762939453125</ele>
        <time>2026-08-06T11:16:05.000Z</time>
        <extensions>
          <ns3:TrackPointExtension>
            <ns3:hr>163</ns3:hr>
            <ns3:cad>91</ns3:cad>
          </ns3:TrackPointExtension>
        </extensions>
      </trkpt>
      <trkpt lat="24.53583142720162868499755859375" lon="118.15572344698011875152587890625">
        <ele>16.3999996185302734375</ele>
        <time>2026-08-06T11:16:06.000Z</time>
        <extensions>
          <ns3:TrackPointExtension>
            <ns3:hr>163</ns3:hr>
            <ns3:cad>91</ns3:cad>
          </ns3:TrackPointExtension>
        </extensions>
      </trkpt>
      <trkpt lat="24.53580477274954319000244140625" lon="118.155710957944393157958984375">
        <ele>16.3999996185302734375</ele>
        <time>2026-08-06T11:16:07.000Z</time>
        <extensions>
          <ns3:TrackPointExtension>
            <ns3:hr>163</ns3:hr>
            <ns3:cad>90</ns3:cad>
          </ns3:TrackPointExtension>
        </extensions>
      </trkpt>
      <trkpt lat="24.53577359206974506378173828125" lon="118.1556859798729419708251953125">
        <ele>16.200000762939453125</ele>
        <time>2026-08-06T11:16:08.000Z</time>
        <extensions>
          <ns3:TrackPointExtension>
            <ns3:hr>163</ns3:hr>
            <ns3:cad>89</ns3:cad>
          </ns3:TrackPointExtension>
        </extensions>
      </trkpt>
      <trkpt lat="24.53574861399829387664794921875" lon="118.155672736465930938720703125">
        <ele>16.200000762939453125</ele>
        <time>2026-08-06T11:16:09.000Z</time>
        <extensions>
          <ns3:TrackPointExtension>
            <ns3:hr>163</ns3:hr>
            <ns3:cad>89</ns3:cad>
          </ns3:TrackPointExtension>
        </extensions>
      </trkpt>
      <trkpt lat="24.5357150025665760040283203125" lon="118.15565069206058979034423828125">
        <ele>16.200000762939453125</ele>
        <time>2026-08-06T11:16:10.000Z</time>
        <extensions>
          <ns3:TrackPointExtension>
            <ns3:hr>163</ns3:hr>
            <ns3:cad>89</ns3:cad>
          </ns3:TrackPointExtension>
        </extensions>
      </trkpt>
      <trkpt lat="24.53568910248577594757080078125" lon="118.15563946031033992767333984375">
        <ele>16.200000762939453125</ele>
        <time>2026-08-06T11:16:11.000Z</time>
        <extensions>
          <ns3:TrackPointExtension>
            <ns3:hr>163</ns3:hr>
            <ns3:cad>90</ns3:cad>
          </ns3:TrackPointExtension>
        </extensions>
      </trkpt>
      <trkpt lat="24.53565658070147037506103515625" lon="118.15561867319047451019287109375">
        <ele>16.3999996185302734375</ele>
        <time>2026-08-06T11:16:12.000Z</time>
        <extensions>
          <ns3:TrackPointExtension>
            <ns3:hr>163</ns3:hr>
            <ns3:cad>91</ns3:cad>
          </ns3:TrackPointExtension>
        </extensions>
      </trkpt>
      <trkpt lat="24.53562908805906772613525390625" lon="118.15560467541217803955078125">
        <ele>16.3999996185302734375</ele>
        <time>2026-08-06T11:16:13.000Z</time>
        <extensions>
          <ns3:TrackPointExtension>
            <ns3:hr>163</ns3:hr>
            <ns3:cad>91</ns3:cad>
          </ns3:TrackPointExtension>
        </extensions>
      </trkpt>
      <trkpt lat="24.53559589572250843048095703125" lon="118.1555820442736148834228515625">
        <ele>16.3999996185302734375</ele>
        <time>2026-08-06T11:16:14.000Z</time>
        <extensions>
          <ns3:TrackPointExtension>
            <ns3:hr>164</ns3:hr>
            <ns3:cad>90</ns3:cad>
          </ns3:TrackPointExtension>
        </extensions>
      </trkpt>
      <trkpt lat="24.53557292930781841278076171875" lon="118.155573494732379913330078125">
        <ele>16.6000003814697265625</ele>
        <time>2026-08-06T11:16:15.000Z</time>
        <extensions>
          <ns3:TrackPointExtension>
            <ns3:hr>164</ns3:hr>
            <ns3:cad>89</ns3:cad>
          </ns3:TrackPointExtension>
        </extensions>
      </trkpt>
      <trkpt lat="24.53554116189479827880859375" lon="118.15554969012737274169921875">
        <ele>16.6000003814697265625</ele>
        <time>2026-08-06T11:16:16.000Z</time>
        <extensions>
          <ns3:TrackPointExtension>
            <ns3:hr>164</ns3:hr>
            <ns3:cad>89</ns3:cad>
          </ns3:TrackPointExtension>
        </extensions>
      </trkpt>
      <trkpt lat="24.53551392070949077606201171875" lon="118.155533932149410247802734375">
        <ele>16.3999996185302734375</ele>
        <time>2026-08-06T11:16:17.000Z</time>
        <extensions>
          <ns3:TrackPointExtension>
            <ns3:hr>164</ns3:hr>
            <ns3:cad>89</ns3:cad>
          </ns3:TrackPointExtension>
        </extensions>
      </trkpt>
      <trkpt lat="24.5354789681732654571533203125" lon="118.15550920553505420684814453125">
        <ele>16.3999996185302734375</ele>
        <time>2026-08-06T11:16:18.000Z</time>
        <extensions>
          <ns3:TrackPointExtension>
            <ns3:hr>164</ns3:hr>
            <ns3:cad>90</ns3:cad>
          </ns3:TrackPointExtension>
        </extensions>
      </trkpt>
      <trkpt lat="24.53545507974922657012939453125" lon="118.15549579448997974395751953125">
        <ele>16.3999996185302734375</ele>
        <time>2026-08-06T11:16:19.000Z</time>
        <extensions>
          <ns3:TrackPointExtension>
            <ns3:hr>164</ns3:hr>
            <ns3:cad>90</ns3:cad>
          </ns3:TrackPointExtension>
        </extensions>
      </trkpt>
      <trkpt lat="24.53542171977460384368896484375" lon="118.1554767675697803497314453125">
        <ele>16.3999996185302734375</ele>
        <time>2026-08-06T11:16:20.000Z</time>
        <extensions>
          <ns3:TrackPointExtension>
            <ns3:hr>164</ns3:hr>
            <ns3:cad>90</ns3:cad>
          </ns3:TrackPointExtension>
        </extensions>
      </trkpt>
      <trkpt lat="24.5353944785892963409423828125" lon="118.155462183058261871337890625">
        <ele>16.3999996185302734375</ele>
        <time>2026-08-06T11:16:21.000Z</time>
        <extensions>
          <ns3:TrackPointExtension>
            <ns3:hr>164</ns3:hr>
            <ns3:cad>90</ns3:cad>
          </ns3:TrackPointExtension>
        </extensions>
      </trkpt>
      <trkpt lat="24.5353609509766101837158203125" lon="118.155438713729381561279296875">
        <ele>16.3999996185302734375</ele>
        <time>2026-08-06T11:16:22.000Z</time>
        <extensions>
          <ns3:TrackPointExtension>
            <ns3:hr>164</ns3:hr>
            <ns3:cad>90</ns3:cad>
          </ns3:TrackPointExtension>
        </extensions>
      </trkpt>
      <trkpt lat="24.535335637629032135009765625" lon="118.15542069263756275177001953125">
        <ele>16.6000003814697265625</ele>
        <time>2026-08-06T11:16:23.000Z</time>
        <extensions>
          <ns3:TrackPointExtension>
            <ns3:hr>163</ns3:hr>
            <ns3:cad>89</ns3:cad>
          </ns3:TrackPointExtension>
        </extensions>
      </trkpt>
      <trkpt lat="24.53530588187277317047119140625" lon="118.1553986482322216033935546875">
        <ele>16.3999996185302734375</ele>
        <time>2026-08-06T11:16:24.000Z</time>
        <extensions>
          <ns3:TrackPointExtension>
            <ns3:hr>164</ns3:hr>
            <ns3:cad>89</ns3:cad>
          </ns3:TrackPointExtension>
        </extensions>
      </trkpt>
      <trkpt lat="24.535278640687465667724609375" lon="118.15537794493138790130615234375">
        <ele>16.3999996185302734375</ele>
        <time>2026-08-06T11:16:25.000Z</time>
        <extensions>
          <ns3:TrackPointExtension>
            <ns3:hr>164</ns3:hr>
            <ns3:cad>89</ns3:cad>
          </ns3:TrackPointExtension>
        </extensions>
      </trkpt>
      <trkpt lat="24.5352482981979846954345703125" lon="118.1553533859550952911376953125">
        <ele>16.3999996185302734375</ele>
        <time>2026-08-06T11:16:26.000Z</time>
        <extensions>
          <ns3:TrackPointExtension>
            <ns3:hr>164</ns3:hr>
            <ns3:cad>90</ns3:cad>
          </ns3:TrackPointExtension>
        </extensions>
      </trkpt>
      <trkpt lat="24.535218290984630584716796875" lon="118.15533771179616451263427734375">
        <ele>16.6000003814697265625</ele>
        <time>2026-08-06T11:16:27.000Z</time>
        <extensions>
          <ns3:TrackPointExtension>
            <ns3:hr>164</ns3:hr>
            <ns3:cad>90</ns3:cad>
          </ns3:TrackPointExtension>
        </extensions>
      </trkpt>
      <trkpt lat="24.5351923070847988128662109375" lon="118.15531457774341106414794921875">
        <ele>16.6000003814697265625</ele>
        <time>2026-08-06T11:16:28.000Z</time>
        <extensions>
          <ns3:TrackPointExtension>
            <ns3:hr>164</ns3:hr>
            <ns3:cad>91</ns3:cad>
          </ns3:TrackPointExtension>
        </extensions>
      </trkpt>
      <trkpt lat="24.5351681672036647796630859375" lon="118.15529496408998966217041015625">
        <ele>16.6000003814697265625</ele>
        <time>2026-08-06T11:16:29.000Z</time>
        <extensions>
          <ns3:TrackPointExtension>
            <ns3:hr>165</ns3:hr>
            <ns3:cad>91</ns3:cad>
          </ns3:TrackPointExtension>
        </extensions>
      </trkpt>
      <trkpt lat="24.53514059074223041534423828125" lon="118.15527183003723621368408203125">
        <ele>16.6000003814697265625</ele>
        <time>2026-08-06T11:16:30.000Z</time>
        <extensions>
          <ns3:TrackPointExtension>
            <ns3:hr>165</ns3:hr>
            <ns3:cad>89</ns3:cad>
          </ns3:TrackPointExtension>
        </extensions>
      </trkpt>
      <trkpt lat="24.53511603176593780517578125" lon="118.15525674261152744293212890625">
        <ele>16.3999996185302734375</ele>
        <time>2026-08-06T11:16:31.000Z</time>
        <extensions>
          <ns3:TrackPointExtension>
            <ns3:hr>165</ns3:hr>
            <ns3:cad>89</ns3:cad>
          </ns3:TrackPointExtension>
        </extensions>
      </trkpt>
      <trkpt lat="24.5350833423435688018798828125" lon="118.1552397273480892181396484375">
        <ele>16.3999996185302734375</ele>
        <time>2026-08-06T11:16:32.000Z</time>
        <extensions>
          <ns3:TrackPointExtension>
            <ns3:hr>164</ns3:hr>
            <ns3:cad>89</ns3:cad>
          </ns3:TrackPointExtension>
        </extensions>
      </trkpt>
      <trkpt lat="24.535051994025707244873046875" lon="118.155225478112697601318359375">
        <ele>16.3999996185302734375</ele>
        <time>2026-08-06T11:16:33.000Z</time>
        <extensions>
          <ns3:TrackPointExtension>
            <ns3:hr>164</ns3:hr>
            <ns3:cad>89</ns3:cad>
          </ns3:TrackPointExtension>
        </extensions>
      </trkpt>
      <trkpt lat="24.53502223826944828033447265625" lon="118.155212737619876861572265625">
        <ele>16.3999996185302734375</ele>
        <time>2026-08-06T11:16:34.000Z</time>
        <extensions>
          <ns3:TrackPointExtension>
            <ns3:hr>164</ns3:hr>
            <ns3:cad>89</ns3:cad>
          </ns3:TrackPointExtension>
        </extensions>
      </trkpt>
      <trkpt lat="24.53499340452253818511962890625" lon="118.1552045233547687530517578125">
        <ele>16.3999996185302734375</ele>
        <time>2026-08-06T11:16:35.000Z</time>
        <extensions>
          <ns3:TrackPointExtension>
            <ns3:hr>164</ns3:hr>
            <ns3:cad>90</ns3:cad>
          </ns3:TrackPointExtension>
        </extensions>
      </trkpt>
      <trkpt lat="24.53495644032955169677734375" lon="118.15520058386027812957763671875">
        <ele>16.6000003814697265625</ele>
        <time>2026-08-06T11:16:36.000Z</time>
        <extensions>
          <ns3:TrackPointExtension>
            <ns3:hr>163</ns3:hr>
            <ns3:cad>90</ns3:cad>
          </ns3:TrackPointExtension>
        </extensions>
      </trkpt>
      <trkpt lat="24.53492618165910243988037109375" lon="118.155199997127056121826171875">
        <ele>16.6000003814697265625</ele>
        <time>2026-08-06T11:16:37.000Z</time>
        <extensions>
          <ns3:TrackPointExtension>
            <ns3:hr>163</ns3:hr>
            <ns3:cad>89</ns3:cad>
          </ns3:TrackPointExtension>
        </extensions>
      </trkpt>
      <trkpt lat="24.5348918996751308441162109375" lon="118.155198991298675537109375">
        <ele>16.799999237060546875</ele>
        <time>2026-08-06T11:16:38.000Z</time>
        <extensions>
          <ns3:TrackPointExtension>
            <ns3:hr>163</ns3:hr>
            <ns3:cad>89</ns3:cad>
          </ns3:TrackPointExtension>
        </extensions>
      </trkpt>
      <trkpt lat="24.53485828824341297149658203125" lon="118.1552011705935001373291015625">
        <ele>16.799999237060546875</ele>
        <time>2026-08-06T11:16:39.000Z</time>
        <extensions>
          <ns3:TrackPointExtension>
            <ns3:hr>163</ns3:hr>
            <ns3:cad>89</ns3:cad>
          </ns3:TrackPointExtension>
        </extensions>
      </trkpt>
      <trkpt lat="24.534824676811695098876953125" lon="118.155204020440578460693359375">
        <ele>16.799999237060546875</ele>
        <time>2026-08-06T11:16:40.000Z</time>
        <extensions>
          <ns3:TrackPointExtension>
            <ns3:hr>164</ns3:hr>
            <ns3:cad>90</ns3:cad>
          </ns3:TrackPointExtension>
        </extensions>
      </trkpt>
      <trkpt lat="24.53479274176061153411865234375" lon="118.15521433018147945404052734375">
        <ele>16.799999237060546875</ele>
        <time>2026-08-06T11:16:41.000Z</time>
        <extensions>
          <ns3:TrackPointExtension>
            <ns3:hr>163</ns3:hr>
            <ns3:cad>90</ns3:cad>
          </ns3:TrackPointExtension>
        </extensions>
      </trkpt>
      <trkpt lat="24.53475686721503734588623046875" lon="118.15522589720785617828369140625">
        <ele>16.799999237060546875</ele>
        <time>2026-08-06T11:16:42.000Z</time>
        <extensions>
          <ns3:TrackPointExtension>
            <ns3:hr>163</ns3:hr>
            <ns3:cad>90</ns3:cad>
          </ns3:TrackPointExtension>
        </extensions>
      </trkpt>
      <trkpt lat="24.5347306318581104278564453125" lon="118.15523914061486721038818359375">
        <ele>16.799999237060546875</ele>
        <time>2026-08-06T11:16:43.000Z</time>
        <extensions>
          <ns3:TrackPointExtension>
            <ns3:hr>164</ns3:hr>
            <ns3:cad>90</ns3:cad>
          </ns3:TrackPointExtension>
        </extensions>
      </trkpt>
      <trkpt lat="24.5346947573125362396240234375" lon="118.15525540150701999664306640625">
        <ele>16.799999237060546875</ele>
        <time>2026-08-06T11:16:44.000Z</time>
        <extensions>
          <ns3:TrackPointExtension>
            <ns3:hr>164</ns3:hr>
            <ns3:cad>90</ns3:cad>
          </ns3:TrackPointExtension>
        </extensions>
      </trkpt>
      <trkpt lat="24.53467078506946563720703125" lon="118.15526562742888927459716796875">
        <ele>17</ele>
        <time>2026-08-06T11:16:45.000Z</time>
        <extensions>
          <ns3:TrackPointExtension>
            <ns3:hr>164</ns3:hr>
            <ns3:cad>89</ns3:cad>
          </ns3:TrackPointExtension>
        </extensions>
      </trkpt>
      <trkpt lat="24.53463885001838207244873046875" lon="118.15528121776878833770751953125">
        <ele>17.200000762939453125</ele>
        <time>2026-08-06T11:16:46.000Z</time>
        <extensions>
          <ns3:TrackPointExtension>
            <ns3:hr>164</ns3:hr>
            <ns3:cad>89</ns3:cad>
          </ns3:TrackPointExtension>
        </extensions>
      </trkpt>
      <trkpt lat="24.5346097648143768310546875" lon="118.1552950479090213775634765625">
        <ele>17.200000762939453125</ele>
        <time>2026-08-06T11:16:47.000Z</time>
        <extensions>
          <ns3:TrackPointExtension>
            <ns3:hr>163</ns3:hr>
            <ns3:cad>89</ns3:cad>
          </ns3:TrackPointExtension>
        </extensions>
      </trkpt>
      <trkpt lat="24.534568525850772857666015625" lon="118.15530854277312755584716796875">
        <ele>17.200000762939453125</ele>
        <time>2026-08-06T11:16:48.000Z</time>
        <extensions>
          <ns3:TrackPointExtension>
            <ns3:hr>164</ns3:hr>
            <ns3:cad>90</ns3:cad>
          </ns3:TrackPointExtension>
        </extensions>
      </trkpt>
      <trkpt lat="24.53454296104609966278076171875" lon="118.1553168408572673797607421875">
        <ele>17</ele>
        <time>2026-08-06T11:16:49.000Z</time>
        <extensions>
          <ns3:TrackPointExtension>
            <ns3:hr>164</ns3:hr>
            <ns3:cad>91</ns3:cad>
          </ns3:TrackPointExtension>
        </extensions>
      </trkpt>
      <trkpt lat="24.53450725413858890533447265625" lon="118.15532363019883632659912109375">
        <ele>17</ele>
        <time>2026-08-06T11:16:50.000Z</time>
        <extensions>
          <ns3:TrackPointExtension>
            <ns3:hr>164</ns3:hr>
            <ns3:cad>91</ns3:cad>
          </ns3:TrackPointExtension>
        </extensions>
      </trkpt>
      <trkpt lat="24.53447925858199596405029296875" lon="118.15533318556845188140869140625">
        <ele>17</ele>
        <time>2026-08-06T11:16:51.000Z</time>
        <extensions>
          <ns3:TrackPointExtension>
            <ns3:hr>163</ns3:hr>
            <ns3:cad>92</ns3:cad>
          </ns3:TrackPointExtension>
        </extensions>
      </trkpt>
      <trkpt lat="24.53444053418934345245361328125" lon="118.15534047782421112060546875">
        <ele>17</ele>
        <time>2026-08-06T11:16:52.000Z</time>
        <extensions>
          <ns3:TrackPointExtension>
            <ns3:hr>164</ns3:hr>
            <ns3:cad>92</ns3:cad>
          </ns3:TrackPointExtension>
        </extensions>
      </trkpt>
      <trkpt lat="24.53441354446113109588623046875" lon="118.155348859727382659912109375">
        <ele>17.200000762939453125</ele>
        <time>2026-08-06T11:16:53.000Z</time>
        <extensions>
          <ns3:TrackPointExtension>
            <ns3:hr>164</ns3:hr>
            <ns3:cad>90</ns3:cad>
          </ns3:TrackPointExtension>
        </extensions>
      </trkpt>
      <trkpt lat="24.534376077353954315185546875" lon="118.15535263158380985260009765625">
        <ele>17.200000762939453125</ele>
        <time>2026-08-06T11:16:54.000Z</time>
        <extensions>
          <ns3:TrackPointExtension>
            <ns3:hr>163</ns3:hr>
            <ns3:cad>90</ns3:cad>
          </ns3:TrackPointExtension>
        </extensions>
      </trkpt>
      <trkpt lat="24.53434933908283710479736328125" lon="118.1553537212312221527099609375">
        <ele>17.200000762939453125</ele>
        <time>2026-08-06T11:16:55.000Z</time>
        <extensions>
          <ns3:TrackPointExtension>
            <ns3:hr>164</ns3:hr>
            <ns3:cad>90</ns3:cad>
          </ns3:TrackPointExtension>
        </extensions>
      </trkpt>
      <trkpt lat="24.53431245870888233184814453125" lon="118.155352883040904998779296875">
        <ele>17</ele>
        <time>2026-08-06T11:16:56.000Z</time>
        <extensions>
          <ns3:TrackPointExtension>
            <ns3:hr>163</ns3:hr>
            <ns3:cad>90</ns3:cad>
          </ns3:TrackPointExtension>
        </extensions>
      </trkpt>
      <trkpt lat="24.53428563661873340606689453125" lon="118.1553560681641101837158203125">
        <ele>17.200000762939453125</ele>
        <time>2026-08-06T11:16:57.000Z</time>
        <extensions>
          <ns3:TrackPointExtension>
            <ns3:hr>163</ns3:hr>
            <ns3:cad>90</ns3:cad>
          </ns3:TrackPointExtension>
        </extensions>
      </trkpt>
      <trkpt lat="24.5342468284070491790771484375" lon="118.15534693188965320587158203125">
        <ele>17</ele>
        <time>2026-08-06T11:16:58.000Z</time>
        <extensions>
          <ns3:TrackPointExtension>
            <ns3:hr>163</ns3:hr>
            <ns3:cad>91</ns3:cad>
          </ns3:TrackPointExtension>
        </extensions>
      </trkpt>
      <trkpt lat="24.53421958722174167633056640625" lon="118.1553490273654460906982421875">
        <ele>17.200000762939453125</ele>
        <time>2026-08-06T11:16:59.000Z</time>
        <extensions>
          <ns3:TrackPointExtension>
            <ns3:hr>162</ns3:hr>
            <ns3:cad>91</ns3:cad>
          </ns3:TrackPointExtension>
        </extensions>
      </trkpt>
      <trkpt lat="24.53417591750621795654296875" lon="118.15533670596778392791748046875">
        <ele>17</ele>
        <time>2026-08-06T11:17:00.000Z</time>
        <extensions>
          <ns3:TrackPointExtension>
            <ns3:hr>162</ns3:hr>
            <ns3:cad>89</ns3:cad>
          </ns3:TrackPointExtension>
        </extensions>
      </trkpt>
      <trkpt lat="24.53414415009319782257080078125" lon="118.15533720888197422027587890625">
        <ele>17.200000762939453125</ele>
        <time>2026-08-06T11:17:01.000Z</time>
        <extensions>
          <ns3:TrackPointExtension>
            <ns3:hr>162</ns3:hr>
            <ns3:cad>89</ns3:cad>
          </ns3:TrackPointExtension>
        </extensions>
      </trkpt>
      <trkpt lat="24.5341023243963718414306640625" lon="118.155322372913360595703125">
        <ele>17</ele>
        <time>2026-08-06T11:17:02.000Z</time>
        <extensions>
          <ns3:TrackPointExtension>
            <ns3:hr>162</ns3:hr>
            <ns3:cad>89</ns3:cad>
          </ns3:TrackPointExtension>
        </extensions>
      </trkpt>
      <trkpt lat="24.5340728200972080230712890625" lon="118.1553154997527599334716796875">
        <ele>17</ele>
        <time>2026-08-06T11:17:03.000Z</time>
        <extensions>
          <ns3:TrackPointExtension>
            <ns3:hr>162</ns3:hr>
            <ns3:cad>90</ns3:cad>
          </ns3:TrackPointExtension>
        </extensions>
      </trkpt>
      <trkpt lat="24.534037448465824127197265625" lon="118.1552980653941631317138671875">
        <ele>17</ele>
        <time>2026-08-06T11:17:04.000Z</time>
        <extensions>
          <ns3:TrackPointExtension>
            <ns3:hr>162</ns3:hr>
            <ns3:cad>90</ns3:cad>
          </ns3:TrackPointExtension>
        </extensions>
      </trkpt>
      <trkpt lat="24.53401020728051662445068359375" lon="118.1552900187671184539794921875">
        <ele>17</ele>
        <time>2026-08-06T11:17:05.000Z</time>
        <extensions>
          <ns3:TrackPointExtension>
            <ns3:hr>162</ns3:hr>
            <ns3:cad>92</ns3:cad>
          </ns3:TrackPointExtension>
        </extensions>
      </trkpt>
      <trkpt lat="24.5339799486100673675537109375" lon="118.1552675552666187286376953125">
        <ele>17</ele>
        <time>2026-08-06T11:17:06.000Z</time>
        <extensions>
          <ns3:TrackPointExtension>
            <ns3:hr>162</ns3:hr>
            <ns3:cad>92</ns3:cad>
          </ns3:TrackPointExtension>
        </extensions>
      </trkpt>
      <trkpt lat="24.5339501090347766876220703125" lon="118.15525791607797145843505859375">
        <ele>17.200000762939453125</ele>
        <time>2026-08-06T11:17:07.000Z</time>
        <extensions>
          <ns3:TrackPointExtension>
            <ns3:hr>162</ns3:hr>
            <ns3:cad>90</ns3:cad>
          </ns3:TrackPointExtension>
        </extensions>
      </trkpt>
      <trkpt lat="24.5339199341833591461181640625" lon="118.15523427911102771759033203125">
        <ele>17</ele>
        <time>2026-08-06T11:17:08.000Z</time>
        <extensions>
          <ns3:TrackPointExtension>
            <ns3:hr>161</ns3:hr>
            <ns3:cad>89</ns3:cad>
          </ns3:TrackPointExtension>
        </extensions>
      </trkpt>
      <trkpt lat="24.53389369882643222808837890625" lon="118.15522120334208011627197265625">
        <ele>17.200000762939453125</ele>
        <time>2026-08-06T11:17:09.000Z</time>
        <extensions>
          <ns3:TrackPointExtension>
            <ns3:hr>161</ns3:hr>
            <ns3:cad>89</ns3:cad>
          </ns3:TrackPointExtension>
        </extensions>
      </trkpt>
      <trkpt lat="24.53386486507952213287353515625" lon="118.15519304014742374420166015625">
        <ele>17</ele>
        <time>2026-08-06T11:17:10.000Z</time>
        <extensions>
          <ns3:TrackPointExtension>
            <ns3:hr>161</ns3:hr>
            <ns3:cad>89</ns3:cad>
          </ns3:TrackPointExtension>
        </extensions>
      </trkpt>
      <trkpt lat="24.5338431559503078460693359375" lon="118.15517845563590526580810546875">
        <ele>17</ele>
        <time>2026-08-06T11:17:11.000Z</time>
        <extensions>
          <ns3:TrackPointExtension>
            <ns3:hr>162</ns3:hr>
            <ns3:cad>89</ns3:cad>
          </ns3:TrackPointExtension>
        </extensions>
      </trkpt>
      <trkpt lat="24.53381608240306377410888671875" lon="118.15514710731804370880126953125">
        <ele>17</ele>
        <time>2026-08-06T11:17:12.000Z</time>
        <extensions>
          <ns3:TrackPointExtension>
            <ns3:hr>162</ns3:hr>
            <ns3:cad>90</ns3:cad>
          </ns3:TrackPointExtension>
        </extensions>
      </trkpt>
      <trkpt lat="24.5337995700538158416748046875" lon="118.15512632019817829132080078125">
        <ele>17</ele>
        <time>2026-08-06T11:17:13.000Z</time>
        <extensions>
          <ns3:TrackPointExtension>
            <ns3:hr>162</ns3:hr>
            <ns3:cad>90</ns3:cad>
          </ns3:TrackPointExtension>
        </extensions>
      </trkpt>
      <trkpt lat="24.53377400524914264678955078125" lon="118.15509581007063388824462890625">
        <ele>17</ele>
        <time>2026-08-06T11:17:14.000Z</time>
        <extensions>
          <ns3:TrackPointExtension>
            <ns3:hr>162</ns3:hr>
            <ns3:cad>90</ns3:cad>
          </ns3:TrackPointExtension>
        </extensions>
      </trkpt>
      <trkpt lat="24.53375078737735748291015625" lon="118.155075944960117340087890625">
        <ele>17</ele>
        <time>2026-08-06T11:17:15.000Z</time>
        <extensions>
          <ns3:TrackPointExtension>
            <ns3:hr>162</ns3:hr>
            <ns3:cad>89</ns3:cad>
          </ns3:TrackPointExtension>
        </extensions>
      </trkpt>
      <trkpt lat="24.5337278209626674652099609375" lon="118.15504535101354122161865234375">
        <ele>17</ele>
        <time>2026-08-06T11:17:16.000Z</time>
        <extensions>
          <ns3:TrackPointExtension>
            <ns3:hr>162</ns3:hr>
            <ns3:cad>88</ns3:cad>
          </ns3:TrackPointExtension>
        </extensions>
      </trkpt>
      <trkpt lat="24.53371055424213409423828125" lon="118.15502288751304149627685546875">
        <ele>17</ele>
        <time>2026-08-06T11:17:17.000Z</time>
        <extensions>
          <ns3:TrackPointExtension>
            <ns3:hr>162</ns3:hr>
            <ns3:cad>88</ns3:cad>
          </ns3:TrackPointExtension>
        </extensions>
      </trkpt>
      <trkpt lat="24.533691108226776123046875" lon="118.15499573014676570892333984375">
        <ele>17</ele>
        <time>2026-08-06T11:17:18.000Z</time>
        <extensions>
          <ns3:TrackPointExtension>
            <ns3:hr>162</ns3:hr>
            <ns3:cad>88</ns3:cad>
          </ns3:TrackPointExtension>
        </extensions>
      </trkpt>
      <trkpt lat="24.53367560170590877532958984375" lon="118.15497108735144138336181640625">
        <ele>17</ele>
        <time>2026-08-06T11:17:19.000Z</time>
        <extensions>
          <ns3:TrackPointExtension>
            <ns3:hr>161</ns3:hr>
            <ns3:cad>88</ns3:cad>
          </ns3:TrackPointExtension>
        </extensions>
      </trkpt>
      <trkpt lat="24.533658586442470550537109375" lon="118.1549342907965183258056640625">
        <ele>17</ele>
        <time>2026-08-06T11:17:20.000Z</time>
        <extensions>
          <ns3:TrackPointExtension>
            <ns3:hr>162</ns3:hr>
            <ns3:cad>89</ns3:cad>
          </ns3:TrackPointExtension>
        </extensions>
      </trkpt>
      <trkpt lat="24.53364844433963298797607421875" lon="118.15490218810737133026123046875">
        <ele>17</ele>
        <time>2026-08-06T11:17:21.000Z</time>
        <extensions>
          <ns3:TrackPointExtension>
            <ns3:hr>162</ns3:hr>
            <ns3:cad>90</ns3:cad>
          </ns3:TrackPointExtension>
        </extensions>
      </trkpt>
      <trkpt lat="24.5336332730948925018310546875" lon="118.1548628769814968109130859375">
        <ele>17</ele>
        <time>2026-08-06T11:17:22.000Z</time>
        <extensions>
          <ns3:TrackPointExtension>
            <ns3:hr>161</ns3:hr>
            <ns3:cad>90</ns3:cad>
          </ns3:TrackPointExtension>
        </extensions>
      </trkpt>
      <trkpt lat="24.5336242206394672393798828125" lon="118.1548290140926837921142578125">
        <ele>16.799999237060546875</ele>
        <time>2026-08-06T11:17:23.000Z</time>
        <extensions>
          <ns3:TrackPointExtension>
            <ns3:hr>162</ns3:hr>
            <ns3:cad>88</ns3:cad>
          </ns3:TrackPointExtension>
        </extensions>
      </trkpt>
      <trkpt lat="24.533608295023441314697265625" lon="118.15478500910103321075439453125">
        <ele>16.799999237060546875</ele>
        <time>2026-08-06T11:17:24.000Z</time>
        <extensions>
          <ns3:TrackPointExtension>
            <ns3:hr>162</ns3:hr>
            <ns3:cad>88</ns3:cad>
          </ns3:TrackPointExtension>
        </extensions>
      </trkpt>
      <trkpt lat="24.53359932638704776763916015625" lon="118.154748715460300445556640625">
        <ele>16.6000003814697265625</ele>
        <time>2026-08-06T11:17:25.000Z</time>
        <extensions>
          <ns3:TrackPointExtension>
            <ns3:hr>162</ns3:hr>
            <ns3:cad>88</ns3:cad>
          </ns3:TrackPointExtension>
        </extensions>
      </trkpt>
      <trkpt lat="24.5335910283029079437255859375" lon="118.15471024252474308013916015625">
        <ele>16.6000003814697265625</ele>
        <time>2026-08-06T11:17:26.000Z</time>
        <extensions>
          <ns3:TrackPointExtension>
            <ns3:hr>161</ns3:hr>
            <ns3:cad>89</ns3:cad>
          </ns3:TrackPointExtension>
        </extensions>
      </trkpt>
      <trkpt lat="24.5335859991610050201416015625" lon="118.15467939712107181549072265625">
        <ele>16.6000003814697265625</ele>
        <time>2026-08-06T11:17:27.000Z</time>
        <extensions>
          <ns3:TrackPointExtension>
            <ns3:hr>162</ns3:hr>
            <ns3:cad>89</ns3:cad>
          </ns3:TrackPointExtension>
        </extensions>
      </trkpt>
      <trkpt lat="24.5335813052952289581298828125" lon="118.1546442769467830657958984375">
        <ele>16.6000003814697265625</ele>
        <time>2026-08-06T11:17:28.000Z</time>
        <extensions>
          <ns3:TrackPointExtension>
            <ns3:hr>162</ns3:hr>
            <ns3:cad>90</ns3:cad>
          </ns3:TrackPointExtension>
        </extensions>
      </trkpt>
      <trkpt lat="24.533581472933292388916015625" lon="118.15460831858217716217041015625">
        <ele>16.6000003814697265625</ele>
        <time>2026-08-06T11:17:29.000Z</time>
        <extensions>
          <ns3:TrackPointExtension>
            <ns3:hr>161</ns3:hr>
            <ns3:cad>90</ns3:cad>
          </ns3:TrackPointExtension>
        </extensions>
      </trkpt>
      <trkpt lat="24.53357518650591373443603515625" lon="118.1545726954936981201171875">
        <ele>16.6000003814697265625</ele>
        <time>2026-08-06T11:17:30.000Z</time>
        <extensions>
          <ns3:TrackPointExtension>
            <ns3:hr>162</ns3:hr>
            <ns3:cad>89</ns3:cad>
          </ns3:TrackPointExtension>
        </extensions>
      </trkpt>
      <trkpt lat="24.533576779067516326904296875" lon="118.15453556366264820098876953125">
        <ele>16.6000003814697265625</ele>
        <time>2026-08-06T11:17:31.000Z</time>
        <extensions>
          <ns3:TrackPointExtension>
            <ns3:hr>162</ns3:hr>
            <ns3:cad>88</ns3:cad>
          </ns3:TrackPointExtension>
        </extensions>
      </trkpt>
      <trkpt lat="24.53357149846851825714111328125" lon="118.154499940574169158935546875">
        <ele>16.3999996185302734375</ele>
        <time>2026-08-06T11:17:32.000Z</time>
        <extensions>
          <ns3:TrackPointExtension>
            <ns3:hr>162</ns3:hr>
            <ns3:cad>88</ns3:cad>
          </ns3:TrackPointExtension>
        </extensions>
      </trkpt>
      <trkpt lat="24.533576108515262603759765625" lon="118.154463730752468109130859375">
        <ele>16.3999996185302734375</ele>
        <time>2026-08-06T11:17:33.000Z</time>
        <extensions>
          <ns3:TrackPointExtension>
            <ns3:hr>162</ns3:hr>
            <ns3:cad>88</ns3:cad>
          </ns3:TrackPointExtension>
        </extensions>
      </trkpt>
      <trkpt lat="24.53357367776334285736083984375" lon="118.15443146042525768280029296875">
        <ele>16.3999996185302734375</ele>
        <time>2026-08-06T11:17:34.000Z</time>
        <extensions>
          <ns3:TrackPointExtension>
            <ns3:hr>162</ns3:hr>
            <ns3:cad>88</ns3:cad>
          </ns3:TrackPointExtension>
        </extensions>
      </trkpt>
      <trkpt lat="24.5335824787616729736328125" lon="118.15439206548035144805908203125">
        <ele>16.3999996185302734375</ele>
        <time>2026-08-06T11:17:35.000Z</time>
        <extensions>
          <ns3:TrackPointExtension>
            <ns3:hr>162</ns3:hr>
            <ns3:cad>88</ns3:cad>
          </ns3:TrackPointExtension>
        </extensions>
      </trkpt>
      <trkpt lat="24.53358239494264125823974609375" lon="118.15435878932476043701171875">
        <ele>16.3999996185302734375</ele>
        <time>2026-08-06T11:17:36.000Z</time>
        <extensions>
          <ns3:TrackPointExtension>
            <ns3:hr>162</ns3:hr>
            <ns3:cad>89</ns3:cad>
          </ns3:TrackPointExtension>
        </extensions>
      </trkpt>
      <trkpt lat="24.53360033221542835235595703125" lon="118.1543177179992198944091796875">
        <ele>16.3999996185302734375</ele>
        <time>2026-08-06T11:17:37.000Z</time>
        <extensions>
          <ns3:TrackPointExtension>
            <ns3:hr>162</ns3:hr>
            <ns3:cad>89</ns3:cad>
          </ns3:TrackPointExtension>
        </extensions>
      </trkpt>
      <trkpt lat="24.53360552899539470672607421875" lon="118.15428779460489749908447265625">
        <ele>16.3999996185302734375</ele>
        <time>2026-08-06T11:17:38.000Z</time>
        <extensions>
          <ns3:TrackPointExtension>
            <ns3:hr>162</ns3:hr>
            <ns3:cad>89</ns3:cad>
          </ns3:TrackPointExtension>
        </extensions>
      </trkpt>
      <trkpt lat="24.53363017179071903228759765625" lon="118.1542432866990566253662109375">
        <ele>16.3999996185302734375</ele>
        <time>2026-08-06T11:17:39.000Z</time>
        <extensions>
          <ns3:TrackPointExtension>
            <ns3:hr>162</ns3:hr>
            <ns3:cad>88</ns3:cad>
          </ns3:TrackPointExtension>
        </extensions>
      </trkpt>
      <trkpt lat="24.533637464046478271484375" lon="118.1542127765715122222900390625">
        <ele>16.3999996185302734375</ele>
        <time>2026-08-06T11:17:40.000Z</time>
        <extensions>
          <ns3:TrackPointExtension>
            <ns3:hr>162</ns3:hr>
            <ns3:cad>88</ns3:cad>
          </ns3:TrackPointExtension>
        </extensions>
      </trkpt>
      <trkpt lat="24.5336624421179294586181640625" lon="118.1541757285594940185546875">
        <ele>16.3999996185302734375</ele>
        <time>2026-08-06T11:17:41.000Z</time>
        <extensions>
          <ns3:TrackPointExtension>
            <ns3:hr>163</ns3:hr>
            <ns3:cad>88</ns3:cad>
          </ns3:TrackPointExtension>
        </extensions>
      </trkpt>
      <trkpt lat="24.533676020801067352294921875" lon="118.15415033139288425445556640625">
        <ele>16.3999996185302734375</ele>
        <time>2026-08-06T11:17:42.000Z</time>
        <extensions>
          <ns3:TrackPointExtension>
            <ns3:hr>162</ns3:hr>
            <ns3:cad>88</ns3:cad>
          </ns3:TrackPointExtension>
        </extensions>
      </trkpt>
      <trkpt lat="24.53370426781475543975830078125" lon="118.1541162170469760894775390625">
        <ele>16.6000003814697265625</ele>
        <time>2026-08-06T11:17:43.000Z</time>
        <extensions>
          <ns3:TrackPointExtension>
            <ns3:hr>162</ns3:hr>
            <ns3:cad>89</ns3:cad>
          </ns3:TrackPointExtension>
        </extensions>
      </trkpt>
      <trkpt lat="24.53371834941208362579345703125" lon="118.15409249626100063323974609375">
        <ele>16.6000003814697265625</ele>
        <time>2026-08-06T11:17:44.000Z</time>
        <extensions>
          <ns3:TrackPointExtension>
            <ns3:hr>162</ns3:hr>
            <ns3:cad>90</ns3:cad>
          </ns3:TrackPointExtension>
        </extensions>
      </trkpt>
      <trkpt lat="24.53374676406383514404296875" lon="118.15406165085732936859130859375">
        <ele>16.6000003814697265625</ele>
        <time>2026-08-06T11:17:45.000Z</time>
        <extensions>
          <ns3:TrackPointExtension>
            <ns3:hr>162</ns3:hr>
            <ns3:cad>90</ns3:cad>
          </ns3:TrackPointExtension>
        </extensions>
      </trkpt>
      <trkpt lat="24.53376277349889278411865234375" lon="118.15403633750975131988525390625">
        <ele>16.6000003814697265625</ele>
        <time>2026-08-06T11:17:46.000Z</time>
        <extensions>
          <ns3:TrackPointExtension>
            <ns3:hr>162</ns3:hr>
            <ns3:cad>89</ns3:cad>
          </ns3:TrackPointExtension>
        </extensions>
      </trkpt>
      <trkpt lat="24.533793032169342041015625" lon="118.1540082581341266632080078125">
        <ele>16.3999996185302734375</ele>
        <time>2026-08-06T11:17:47.000Z</time>
        <extensions>
          <ns3:TrackPointExtension>
            <ns3:hr>163</ns3:hr>
            <ns3:cad>88</ns3:cad>
          </ns3:TrackPointExtension>
        </extensions>
      </trkpt>
      <trkpt lat="24.53381373547017574310302734375" lon="118.153986632823944091796875">
        <ele>16.6000003814697265625</ele>
        <time>2026-08-06T11:17:48.000Z</time>
        <extensions>
          <ns3:TrackPointExtension>
            <ns3:hr>163</ns3:hr>
            <ns3:cad>88</ns3:cad>
          </ns3:TrackPointExtension>
        </extensions>
      </trkpt>
      <trkpt lat="24.5338518731296062469482421875" lon="118.15396182239055633544921875">
        <ele>16.6000003814697265625</ele>
        <time>2026-08-06T11:17:49.000Z</time>
        <extensions>
          <ns3:TrackPointExtension>
            <ns3:hr>163</ns3:hr>
            <ns3:cad>88</ns3:cad>
          </ns3:TrackPointExtension>
        </extensions>
      </trkpt>
      <trkpt lat="24.53387291170656681060791015625" lon="118.15394396893680095672607421875">
        <ele>16.6000003814697265625</ele>
        <time>2026-08-06T11:17:50.000Z</time>
        <extensions>
          <ns3:TrackPointExtension>
            <ns3:hr>163</ns3:hr>
            <ns3:cad>88</ns3:cad>
          </ns3:TrackPointExtension>
        </extensions>
      </trkpt>
      <trkpt lat="24.53390694223344326019287109375" lon="118.153916560113430023193359375">
        <ele>16.3999996185302734375</ele>
        <time>2026-08-06T11:17:51.000Z</time>
        <extensions>
          <ns3:TrackPointExtension>
            <ns3:hr>163</ns3:hr>
            <ns3:cad>89</ns3:cad>
          </ns3:TrackPointExtension>
        </extensions>
      </trkpt>
      <trkpt lat="24.5339343510568141937255859375" lon="118.1538982875645160675048828125">
        <ele>16.6000003814697265625</ele>
        <time>2026-08-06T11:17:52.000Z</time>
        <extensions>
          <ns3:TrackPointExtension>
            <ns3:hr>164</ns3:hr>
            <ns3:cad>89</ns3:cad>
          </ns3:TrackPointExtension>
        </extensions>
      </trkpt>
      <trkpt lat="24.53396963886916637420654296875" lon="118.1538780033588409423828125">
        <ele>16.6000003814697265625</ele>
        <time>2026-08-06T11:17:53.000Z</time>
        <extensions>
          <ns3:TrackPointExtension>
            <ns3:hr>163</ns3:hr>
            <ns3:cad>89</ns3:cad>
          </ns3:TrackPointExtension>
        </extensions>
      </trkpt>
      <trkpt lat="24.5339997299015522003173828125" lon="118.15386417321860790252685546875">
        <ele>16.3999996185302734375</ele>
        <time>2026-08-06T11:17:54.000Z</time>
        <extensions>
          <ns3:TrackPointExtension>
            <ns3:hr>163</ns3:hr>
            <ns3:cad>88</ns3:cad>
          </ns3:TrackPointExtension>
        </extensions>
      </trkpt>
      <trkpt lat="24.5340242050588130950927734375" lon="118.1538526900112628936767578125">
        <ele>16.3999996185302734375</ele>
        <time>2026-08-06T11:17:55.000Z</time>
        <extensions>
          <ns3:TrackPointExtension>
            <ns3:hr>163</ns3:hr>
            <ns3:cad>87</ns3:cad>
          </ns3:TrackPointExtension>
        </extensions>
      </trkpt>
      <trkpt lat="24.5340523682534694671630859375" lon="118.1538412906229496002197265625">
        <ele>16.3999996185302734375</ele>
        <time>2026-08-06T11:17:56.000Z</time>
        <extensions>
          <ns3:TrackPointExtension>
            <ns3:hr>164</ns3:hr>
            <ns3:cad>87</ns3:cad>
          </ns3:TrackPointExtension>
        </extensions>
      </trkpt>
      <trkpt lat="24.53408363275229930877685546875" lon="118.15382947213947772979736328125">
        <ele>16.3999996185302734375</ele>
        <time>2026-08-06T11:17:57.000Z</time>
        <extensions>
          <ns3:TrackPointExtension>
            <ns3:hr>164</ns3:hr>
            <ns3:cad>89</ns3:cad>
          </ns3:TrackPointExtension>
        </extensions>
      </trkpt>
      <trkpt lat="24.53411296941339969635009765625" lon="118.153823353350162506103515625">
        <ele>16.3999996185302734375</ele>
        <time>2026-08-06T11:17:58.000Z</time>
        <extensions>
          <ns3:TrackPointExtension>
            <ns3:hr>164</ns3:hr>
            <ns3:cad>89</ns3:cad>
          </ns3:TrackPointExtension>
        </extensions>
      </trkpt>
      <trkpt lat="24.53414364717900753021240234375" lon="118.15381103195250034332275390625">
        <ele>16.3999996185302734375</ele>
        <time>2026-08-06T11:17:59.000Z</time>
        <extensions>
          <ns3:TrackPointExtension>
            <ns3:hr>164</ns3:hr>
            <ns3:cad>89</ns3:cad>
          </ns3:TrackPointExtension>
        </extensions>
      </trkpt>
      <trkpt lat="24.53417398966848850250244140625" lon="118.15380214713513851165771484375">
        <ele>16.3999996185302734375</ele>
        <time>2026-08-06T11:18:00.000Z</time>
        <extensions>
          <ns3:TrackPointExtension>
            <ns3:hr>163</ns3:hr>
            <ns3:cad>89</ns3:cad>
          </ns3:TrackPointExtension>
        </extensions>
      </trkpt>
      <trkpt lat="24.53420282341539859771728515625" lon="118.15379259176552295684814453125">
        <ele>16.3999996185302734375</ele>
        <time>2026-08-06T11:18:01.000Z</time>
        <extensions>
          <ns3:TrackPointExtension>
            <ns3:hr>163</ns3:hr>
            <ns3:cad>88</ns3:cad>
          </ns3:TrackPointExtension>
        </extensions>
      </trkpt>
      <trkpt lat="24.53423450700938701629638671875" lon="118.153793178498744964599609375">
        <ele>16.3999996185302734375</ele>
        <time>2026-08-06T11:18:02.000Z</time>
        <extensions>
          <ns3:TrackPointExtension>
            <ns3:hr>163</ns3:hr>
            <ns3:cad>88</ns3:cad>
          </ns3:TrackPointExtension>
        </extensions>
      </trkpt>
      <trkpt lat="24.53426535241305828094482421875" lon="118.15378655679523944854736328125">
        <ele>16.200000762939453125</ele>
        <time>2026-08-06T11:18:03.000Z</time>
        <extensions>
          <ns3:TrackPointExtension>
            <ns3:hr>162</ns3:hr>
            <ns3:cad>88</ns3:cad>
          </ns3:TrackPointExtension>
        </extensions>
      </trkpt>
      <trkpt lat="24.53429837711155414581298828125" lon="118.15379284322261810302734375">
        <ele>16.200000762939453125</ele>
        <time>2026-08-06T11:18:04.000Z</time>
        <extensions>
          <ns3:TrackPointExtension>
            <ns3:hr>162</ns3:hr>
            <ns3:cad>88</ns3:cad>
          </ns3:TrackPointExtension>
        </extensions>
      </trkpt>
      <trkpt lat="24.5343272946774959564208984375" lon="118.1537916697561740875244140625">
        <ele>16.200000762939453125</ele>
        <time>2026-08-06T11:18:05.000Z</time>
        <extensions>
          <ns3:TrackPointExtension>
            <ns3:hr>162</ns3:hr>
            <ns3:cad>89</ns3:cad>
          </ns3:TrackPointExtension>
        </extensions>
      </trkpt>
      <trkpt lat="24.5343628339469432830810546875" lon="118.1537940166890621185302734375">
        <ele>16.200000762939453125</ele>
        <time>2026-08-06T11:18:06.000Z</time>
        <extensions>
          <ns3:TrackPointExtension>
            <ns3:hr>163</ns3:hr>
            <ns3:cad>90</ns3:cad>
          </ns3:TrackPointExtension>
        </extensions>
      </trkpt>
      <trkpt lat="24.53438789583742618560791015625" lon="118.1537852995097637176513671875">
        <ele>16.200000762939453125</ele>
        <time>2026-08-06T11:18:07.000Z</time>
        <extensions>
          <ns3:TrackPointExtension>
            <ns3:hr>162</ns3:hr>
            <ns3:cad>90</ns3:cad>
          </ns3:TrackPointExtension>
        </extensions>
      </trkpt>
      <trkpt lat="24.53442410565912723541259765625" lon="118.15377716906368732452392578125">
        <ele>16.200000762939453125</ele>
        <time>2026-08-06T11:18:08.000Z</time>
        <extensions>
          <ns3:TrackPointExtension>
            <ns3:hr>162</ns3:hr>
            <ns3:cad>89</ns3:cad>
          </ns3:TrackPointExtension>
        </extensions>
      </trkpt>
      <trkpt lat="24.53445218503475189208984375" lon="118.153770379722118377685546875">
        <ele>16</ele>
        <time>2026-08-06T11:18:09.000Z</time>
        <extensions>
          <ns3:TrackPointExtension>
            <ns3:hr>163</ns3:hr>
            <ns3:cad>88</ns3:cad>
          </ns3:TrackPointExtension>
        </extensions>
      </trkpt>
      <trkpt lat="24.53448680229485034942626953125" lon="118.15377247519791126251220703125">
        <ele>16</ele>
        <time>2026-08-06T11:18:10.000Z</time>
        <extensions>
          <ns3:TrackPointExtension>
            <ns3:hr>162</ns3:hr>
            <ns3:cad>88</ns3:cad>
          </ns3:TrackPointExtension>
        </extensions>
      </trkpt>
      <trkpt lat="24.53451127745211124420166015625" lon="118.15377146936953067779541015625">
        <ele>16</ele>
        <time>2026-08-06T11:18:11.000Z</time>
        <extensions>
          <ns3:TrackPointExtension>
            <ns3:hr>163</ns3:hr>
            <ns3:cad>88</ns3:cad>
          </ns3:TrackPointExtension>
        </extensions>
      </trkpt>
      <trkpt lat="24.53454631380736827850341796875" lon="118.15378068946301937103271484375">
        <ele>16</ele>
        <time>2026-08-06T11:18:12.000Z</time>
        <extensions>
          <ns3:TrackPointExtension>
            <ns3:hr>163</ns3:hr>
            <ns3:cad>88</ns3:cad>
          </ns3:TrackPointExtension>
        </extensions>
      </trkpt>
      <trkpt lat="24.5345722138881683349609375" lon="118.15377767197787761688232421875">
        <ele>16</ele>
        <time>2026-08-06T11:18:13.000Z</time>
        <extensions>
          <ns3:TrackPointExtension>
            <ns3:hr>162</ns3:hr>
            <ns3:cad>90</ns3:cad>
          </ns3:TrackPointExtension>
        </extensions>
      </trkpt>
      <trkpt lat="24.5346126146614551544189453125" lon="118.15378420986235141754150390625">
        <ele>16</ele>
        <time>2026-08-06T11:18:14.000Z</time>
        <extensions>
          <ns3:TrackPointExtension>
            <ns3:hr>162</ns3:hr>
            <ns3:cad>90</ns3:cad>
          </ns3:TrackPointExtension>
        </extensions>
      </trkpt>
      <trkpt lat="24.5346401073038578033447265625" lon="118.15378521569073200225830078125">
        <ele>16</ele>
        <time>2026-08-06T11:18:15.000Z</time>
        <extensions>
          <ns3:TrackPointExtension>
            <ns3:hr>162</ns3:hr>
            <ns3:cad>89</ns3:cad>
          </ns3:TrackPointExtension>
        </extensions>
      </trkpt>
      <trkpt lat="24.53468017280101776123046875" lon="118.1537940166890621185302734375">
        <ele>16</ele>
        <time>2026-08-06T11:18:16.000Z</time>
        <extensions>
          <ns3:TrackPointExtension>
            <ns3:hr>162</ns3:hr>
            <ns3:cad>89</ns3:cad>
          </ns3:TrackPointExtension>
        </extensions>
      </trkpt>
      <trkpt lat="24.53470439650118350982666015625" lon="118.15379192121326923370361328125">
        <ele>16</ele>
        <time>2026-08-06T11:18:17.000Z</time>
        <extensions>
          <ns3:TrackPointExtension>
            <ns3:hr>162</ns3:hr>
            <ns3:cad>88</ns3:cad>
          </ns3:TrackPointExtension>
        </extensions>
      </trkpt>
      <trkpt lat="24.53474194742739200592041015625" lon="118.1537913344800472259521484375">
        <ele>16</ele>
        <time>2026-08-06T11:18:18.000Z</time>
        <extensions>
          <ns3:TrackPointExtension>
            <ns3:hr>162</ns3:hr>
            <ns3:cad>88</ns3:cad>
          </ns3:TrackPointExtension>
        </extensions>
      </trkpt>
      <trkpt lat="24.5347658358514308929443359375" lon="118.15378437750041484832763671875">
        <ele>15.80000019073486328125</ele>
        <time>2026-08-06T11:18:19.000Z</time>
        <extensions>
          <ns3:TrackPointExtension>
            <ns3:hr>162</ns3:hr>
            <ns3:cad>88</ns3:cad>
          </ns3:TrackPointExtension>
        </extensions>
      </trkpt>
      <trkpt lat="24.5348050631582736968994140625" lon="118.15377800725400447845458984375">
        <ele>15.80000019073486328125</ele>
        <time>2026-08-06T11:18:20.000Z</time>
        <extensions>
          <ns3:TrackPointExtension>
            <ns3:hr>162</ns3:hr>
            <ns3:cad>88</ns3:cad>
          </ns3:TrackPointExtension>
        </extensions>
      </trkpt>
      <trkpt lat="24.534828700125217437744140625" lon="118.15377004444599151611328125">
        <ele>15.6000003814697265625</ele>
        <time>2026-08-06T11:18:21.000Z</time>
        <extensions>
          <ns3:TrackPointExtension>
            <ns3:hr>161</ns3:hr>
            <ns3:cad>88</ns3:cad>
          </ns3:TrackPointExtension>
        </extensions>
      </trkpt>
      <trkpt lat="24.534866921603679656982421875" lon="118.1537641771137714385986328125">
        <ele>15.6000003814697265625</ele>
        <time>2026-08-06T11:18:22.000Z</time>
        <extensions>
          <ns3:TrackPointExtension>
            <ns3:hr>161</ns3:hr>
            <ns3:cad>88</ns3:cad>
          </ns3:TrackPointExtension>
        </extensions>
      </trkpt>
      <trkpt lat="24.53488946892321109771728515625" lon="118.1537531130015850067138671875">
        <ele>15.6000003814697265625</ele>
        <time>2026-08-06T11:18:23.000Z</time>
        <extensions>
          <ns3:TrackPointExtension>
            <ns3:hr>161</ns3:hr>
            <ns3:cad>89</ns3:cad>
          </ns3:TrackPointExtension>
        </extensions>
      </trkpt>
      <trkpt lat="24.534929953515529632568359375" lon="118.15374095924198627471923828125">
        <ele>15.6000003814697265625</ele>
        <time>2026-08-06T11:18:24.000Z</time>
        <extensions>
          <ns3:TrackPointExtension>
            <ns3:hr>161</ns3:hr>
            <ns3:cad>89</ns3:cad>
          </ns3:TrackPointExtension>
        </extensions>
      </trkpt>
      <trkpt lat="24.5349609665572643280029296875" lon="118.15372654236853122711181640625">
        <ele>15.6000003814697265625</ele>
        <time>2026-08-06T11:18:25.000Z</time>
        <extensions>
          <ns3:TrackPointExtension>
            <ns3:hr>161</ns3:hr>
            <ns3:cad>89</ns3:cad>
          </ns3:TrackPointExtension>
        </extensions>
      </trkpt>
      <trkpt lat="24.5349998585879802703857421875" lon="118.1537169031798839569091796875">
        <ele>15.6000003814697265625</ele>
        <time>2026-08-06T11:18:26.000Z</time>
        <extensions>
          <ns3:TrackPointExtension>
            <ns3:hr>160</ns3:hr>
            <ns3:cad>89</ns3:cad>
          </ns3:TrackPointExtension>
        </extensions>
      </trkpt>
      <trkpt lat="24.535022489726543426513671875" lon="118.153700642287731170654296875">
        <ele>15.6000003814697265625</ele>
        <time>2026-08-06T11:18:27.000Z</time>
        <extensions>
          <ns3:TrackPointExtension>
            <ns3:hr>160</ns3:hr>
            <ns3:cad>89</ns3:cad>
          </ns3:TrackPointExtension>
        </extensions>
      </trkpt>
      <trkpt lat="24.53506196849048137664794921875" lon="118.15368421375751495361328125">
        <ele>15.6000003814697265625</ele>
        <time>2026-08-06T11:18:28.000Z</time>
        <extensions>
          <ns3:TrackPointExtension>
            <ns3:hr>160</ns3:hr>
            <ns3:cad>90</ns3:cad>
          </ns3:TrackPointExtension>
        </extensions>
      </trkpt>
      <trkpt lat="24.5350893773138523101806640625" lon="118.1536689586937427520751953125">
        <ele>15.6000003814697265625</ele>
        <time>2026-08-06T11:18:29.000Z</time>
        <extensions>
          <ns3:TrackPointExtension>
            <ns3:hr>159</ns3:hr>
            <ns3:cad>91</ns3:cad>
          </ns3:TrackPointExtension>
        </extensions>
      </trkpt>
      <trkpt lat="24.53511980362236499786376953125" lon="118.15365529619157314300537109375">
        <ele>15.6000003814697265625</ele>
        <time>2026-08-06T11:18:30.000Z</time>
        <extensions>
          <ns3:TrackPointExtension>
            <ns3:hr>158</ns3:hr>
            <ns3:cad>91</ns3:cad>
          </ns3:TrackPointExtension>
        </extensions>
      </trkpt>
      <trkpt lat="24.53513681888580322265625" lon="118.153641633689403533935546875">
        <ele>15.6000003814697265625</ele>
        <time>2026-08-06T11:18:31.000Z</time>
        <extensions>
          <ns3:TrackPointExtension>
            <ns3:hr>158</ns3:hr>
            <ns3:cad>89</ns3:cad>
          </ns3:TrackPointExtension>
        </extensions>
      </trkpt>
      <trkpt lat="24.5351664908230304718017578125" lon="118.15362612716853618621826171875">
        <ele>15.6000003814697265625</ele>
        <time>2026-08-06T11:18:32.000Z</time>
        <extensions>
          <ns3:TrackPointExtension>
            <ns3:hr>158</ns3:hr>
            <ns3:cad>89</ns3:cad>
          </ns3:TrackPointExtension>
        </extensions>
      </trkpt>
      <trkpt lat="24.53518819995224475860595703125" lon="118.1536106206476688385009765625">
        <ele>15.6000003814697265625</ele>
        <time>2026-08-06T11:18:33.000Z</time>
        <extensions>
          <ns3:TrackPointExtension>
            <ns3:hr>158</ns3:hr>
            <ns3:cad>89</ns3:cad>
          </ns3:TrackPointExtension>
        </extensions>
      </trkpt>
      <trkpt lat="24.53522373922169208526611328125" lon="118.1535908393561840057373046875">
        <ele>15.6000003814697265625</ele>
        <time>2026-08-06T11:18:34.000Z</time>
        <extensions>
          <ns3:TrackPointExtension>
            <ns3:hr>159</ns3:hr>
            <ns3:cad>89</ns3:cad>
          </ns3:TrackPointExtension>
        </extensions>
      </trkpt>
      <trkpt lat="24.53524075448513031005859375" lon="118.1535775959491729736328125">
        <ele>15.6000003814697265625</ele>
        <time>2026-08-06T11:18:35.000Z</time>
        <extensions>
          <ns3:TrackPointExtension>
            <ns3:hr>158</ns3:hr>
            <ns3:cad>90</ns3:cad>
          </ns3:TrackPointExtension>
        </extensions>
      </trkpt>
      <trkpt lat="24.53527185134589672088623046875" lon="118.15355873666703701019287109375">
        <ele>15.3999996185302734375</ele>
        <time>2026-08-06T11:18:36.000Z</time>
        <extensions>
          <ns3:TrackPointExtension>
            <ns3:hr>158</ns3:hr>
            <ns3:cad>90</ns3:cad>
          </ns3:TrackPointExtension>
        </extensions>
      </trkpt>
      <trkpt lat="24.5352918840944766998291015625" lon="118.15354230813682079315185546875">
        <ele>15.3999996185302734375</ele>
        <time>2026-08-06T11:18:37.000Z</time>
        <extensions>
          <ns3:TrackPointExtension>
            <ns3:hr>158</ns3:hr>
            <ns3:cad>90</ns3:cad>
          </ns3:TrackPointExtension>
        </extensions>
      </trkpt>
      <trkpt lat="24.53532650135457515716552734375" lon="118.1535184197127819061279296875">
        <ele>15.3999996185302734375</ele>
        <time>2026-08-06T11:18:38.000Z</time>
        <extensions>
          <ns3:TrackPointExtension>
            <ns3:hr>158</ns3:hr>
            <ns3:cad>90</ns3:cad>
          </ns3:TrackPointExtension>
        </extensions>
      </trkpt>
      <trkpt lat="24.53534628264605998992919921875" lon="118.1535019911825656890869140625">
        <ele>15.3999996185302734375</ele>
        <time>2026-08-06T11:18:39.000Z</time>
        <extensions>
          <ns3:TrackPointExtension>
            <ns3:hr>157</ns3:hr>
            <ns3:cad>90</ns3:cad>
          </ns3:TrackPointExtension>
        </extensions>
      </trkpt>
      <trkpt lat="24.535378552973270416259765625" lon="118.15348128788173198699951171875">
        <ele>15.3999996185302734375</ele>
        <time>2026-08-06T11:18:40.000Z</time>
        <extensions>
          <ns3:TrackPointExtension>
            <ns3:hr>157</ns3:hr>
            <ns3:cad>89</ns3:cad>
          </ns3:TrackPointExtension>
        </extensions>
      </trkpt>
      <trkpt lat="24.53540093265473842620849609375" lon="118.15346620045602321624755859375">
        <ele>15.3999996185302734375</ele>
        <time>2026-08-06T11:18:41.000Z</time>
        <extensions>
          <ns3:TrackPointExtension>
            <ns3:hr>157</ns3:hr>
            <ns3:cad>89</ns3:cad>
          </ns3:TrackPointExtension>
        </extensions>
      </trkpt>
      <trkpt lat="24.535430856049060821533203125" lon="118.15343736670911312103271484375">
        <ele>15.3999996185302734375</ele>
        <time>2026-08-06T11:18:42.000Z</time>
        <extensions>
          <ns3:TrackPointExtension>
            <ns3:hr>158</ns3:hr>
            <ns3:cad>89</ns3:cad>
          </ns3:TrackPointExtension>
        </extensions>
      </trkpt>
      <trkpt lat="24.53544703312218189239501953125" lon="118.15341926179826259613037109375">
        <ele>15.6000003814697265625</ele>
        <time>2026-08-06T11:18:43.000Z</time>
        <extensions>
          <ns3:TrackPointExtension>
            <ns3:hr>158</ns3:hr>
            <ns3:cad>89</ns3:cad>
          </ns3:TrackPointExtension>
        </extensions>
      </trkpt>
      <trkpt lat="24.53547586686909198760986328125" lon="118.15339093096554279327392578125">
        <ele>15.3999996185302734375</ele>
        <time>2026-08-06T11:18:44.000Z</time>
        <extensions>
          <ns3:TrackPointExtension>
            <ns3:hr>158</ns3:hr>
            <ns3:cad>90</ns3:cad>
          </ns3:TrackPointExtension>
        </extensions>
      </trkpt>
      <trkpt lat="24.535493217408657073974609375" lon="118.1533672101795673370361328125">
        <ele>15.3999996185302734375</ele>
        <time>2026-08-06T11:18:45.000Z</time>
        <extensions>
          <ns3:TrackPointExtension>
            <ns3:hr>158</ns3:hr>
            <ns3:cad>90</ns3:cad>
          </ns3:TrackPointExtension>
        </extensions>
      </trkpt>
      <trkpt lat="24.5355163514614105224609375" lon="118.15333954989910125732421875">
        <ele>15.3999996185302734375</ele>
        <time>2026-08-06T11:18:46.000Z</time>
        <extensions>
          <ns3:TrackPointExtension>
            <ns3:hr>157</ns3:hr>
            <ns3:cad>89</ns3:cad>
          </ns3:TrackPointExtension>
        </extensions>
      </trkpt>
      <trkpt lat="24.53553638420999050140380859375" lon="118.15331784076988697052001953125">
        <ele>15.3999996185302734375</ele>
        <time>2026-08-06T11:18:47.000Z</time>
        <extensions>
          <ns3:TrackPointExtension>
            <ns3:hr>157</ns3:hr>
            <ns3:cad>89</ns3:cad>
          </ns3:TrackPointExtension>
        </extensions>
      </trkpt>
      <trkpt lat="24.53556664288043975830078125" lon="118.15328590571880340576171875">
        <ele>15.3999996185302734375</ele>
        <time>2026-08-06T11:18:48.000Z</time>
        <extensions>
          <ns3:TrackPointExtension>
            <ns3:hr>157</ns3:hr>
            <ns3:cad>90</ns3:cad>
          </ns3:TrackPointExtension>
        </extensions>
      </trkpt>
      <trkpt lat="24.53558734618127346038818359375" lon="118.1532652862370014190673828125">
        <ele>15.3999996185302734375</ele>
        <time>2026-08-06T11:18:49.000Z</time>
        <extensions>
          <ns3:TrackPointExtension>
            <ns3:hr>158</ns3:hr>
            <ns3:cad>90</ns3:cad>
          </ns3:TrackPointExtension>
        </extensions>
      </trkpt>
      <trkpt lat="24.53561869449913501739501953125" lon="118.15323620103299617767333984375">
        <ele>15.3999996185302734375</ele>
        <time>2026-08-06T11:18:50.000Z</time>
        <extensions>
          <ns3:TrackPointExtension>
            <ns3:hr>157</ns3:hr>
            <ns3:cad>90</ns3:cad>
          </ns3:TrackPointExtension>
        </extensions>
      </trkpt>
      <trkpt lat="24.53564065508544445037841796875" lon="118.1532103009521961212158203125">
        <ele>15.3999996185302734375</ele>
        <time>2026-08-06T11:18:51.000Z</time>
        <extensions>
          <ns3:TrackPointExtension>
            <ns3:hr>157</ns3:hr>
            <ns3:cad>91</ns3:cad>
          </ns3:TrackPointExtension>
        </extensions>
      </trkpt>
      <trkpt lat="24.53567468561232089996337890625" lon="118.15318406559526920318603515625">
        <ele>15.3999996185302734375</ele>
        <time>2026-08-06T11:18:52.000Z</time>
        <extensions>
          <ns3:TrackPointExtension>
            <ns3:hr>158</ns3:hr>
            <ns3:cad>91</ns3:cad>
          </ns3:TrackPointExtension>
        </extensions>
      </trkpt>
      <trkpt lat="24.53569832257926464080810546875" lon="118.15316160209476947784423828125">
        <ele>15.3999996185302734375</ele>
        <time>2026-08-06T11:18:53.000Z</time>
        <extensions>
          <ns3:TrackPointExtension>
            <ns3:hr>157</ns3:hr>
            <ns3:cad>91</ns3:cad>
          </ns3:TrackPointExtension>
        </extensions>
      </trkpt>
      <trkpt lat="24.53573050908744335174560546875" lon="118.1531476043164730072021484375">
        <ele>15.3999996185302734375</ele>
        <time>2026-08-06T11:18:54.000Z</time>
        <extensions>
          <ns3:TrackPointExtension>
            <ns3:hr>158</ns3:hr>
            <ns3:cad>89</ns3:cad>
          </ns3:TrackPointExtension>
        </extensions>
      </trkpt>
      <trkpt lat="24.53575800172984600067138671875" lon="118.1531482748687267303466796875">
        <ele>15.3999996185302734375</ele>
        <time>2026-08-06T11:18:55.000Z</time>
        <extensions>
          <ns3:TrackPointExtension>
            <ns3:hr>158</ns3:hr>
            <ns3:cad>89</ns3:cad>
          </ns3:TrackPointExtension>
        </extensions>
      </trkpt>
      <trkpt lat="24.535795636475086212158203125" lon="118.15317417494952678680419921875">
        <ele>15.3999996185302734375</ele>
        <time>2026-08-06T11:18:56.000Z</time>
        <extensions>
          <ns3:TrackPointExtension>
            <ns3:hr>158</ns3:hr>
            <ns3:cad>90</ns3:cad>
          </ns3:TrackPointExtension>
        </extensions>
      </trkpt>
      <trkpt lat="24.53582287766039371490478515625" lon="118.1531854905188083648681640625">
        <ele>15.3999996185302734375</ele>
        <time>2026-08-06T11:18:57.000Z</time>
        <extensions>
          <ns3:TrackPointExtension>
            <ns3:hr>158</ns3:hr>
            <ns3:cad>90</ns3:cad>
          </ns3:TrackPointExtension>
        </extensions>
      </trkpt>
      <trkpt lat="24.5358581654727458953857421875" lon="118.15321189351379871368408203125">
        <ele>15.19999980926513671875</ele>
        <time>2026-08-06T11:18:58.000Z</time>
        <extensions>
          <ns3:TrackPointExtension>
            <ns3:hr>158</ns3:hr>
            <ns3:cad>91</ns3:cad>
          </ns3:TrackPointExtension>
        </extensions>
      </trkpt>
      <trkpt lat="24.53588037751615047454833984375" lon="118.15322555601596832275390625">
        <ele>15.19999980926513671875</ele>
        <time>2026-08-06T11:18:59.000Z</time>
        <extensions>
          <ns3:TrackPointExtension>
            <ns3:hr>158</ns3:hr>
            <ns3:cad>91</ns3:cad>
          </ns3:TrackPointExtension>
        </extensions>
      </trkpt>
      <trkpt lat="24.53590988181531429290771484375" lon="118.15325246192514896392822265625">
        <ele>15.3999996185302734375</ele>
        <time>2026-08-06T11:19:00.000Z</time>
        <extensions>
          <ns3:TrackPointExtension>
            <ns3:hr>158</ns3:hr>
            <ns3:cad>92</ns3:cad>
          </ns3:TrackPointExtension>
        </extensions>
      </trkpt>
      <trkpt lat="24.5359315909445285797119140625" lon="118.1532605923712253570556640625">
        <ele>15.3999996185302734375</ele>
        <time>2026-08-06T11:19:01.000Z</time>
        <extensions>
          <ns3:TrackPointExtension>
            <ns3:hr>159</ns3:hr>
            <ns3:cad>92</ns3:cad>
          </ns3:TrackPointExtension>
        </extensions>
      </trkpt>
      <trkpt lat="24.53596469946205615997314453125" lon="118.1532823853194713592529296875">
        <ele>15.3999996185302734375</ele>
        <time>2026-08-06T11:19:02.000Z</time>
        <extensions>
          <ns3:TrackPointExtension>
            <ns3:hr>159</ns3:hr>
            <ns3:cad>90</ns3:cad>
          </ns3:TrackPointExtension>
        </extensions>
      </trkpt>
      <trkpt lat="24.5359885878860950469970703125" lon="118.153294622898101806640625">
        <ele>15.3999996185302734375</ele>
        <time>2026-08-06T11:19:03.000Z</time>
        <extensions>
          <ns3:TrackPointExtension>
            <ns3:hr>159</ns3:hr>
            <ns3:cad>88</ns3:cad>
          </ns3:TrackPointExtension>
        </extensions>
      </trkpt>
      <trkpt lat="24.53602052293717861175537109375" lon="118.1533169187605381011962890625">
        <ele>15.3999996185302734375</ele>
        <time>2026-08-06T11:19:04.000Z</time>
        <extensions>
          <ns3:TrackPointExtension>
            <ns3:hr>159</ns3:hr>
            <ns3:cad>88</ns3:cad>
          </ns3:TrackPointExtension>
        </extensions>
      </trkpt>
      <trkpt lat="24.5360405556857585906982421875" lon="118.15332555212080478668212890625">
        <ele>15.3999996185302734375</ele>
        <time>2026-08-06T11:19:05.000Z</time>
        <extensions>
          <ns3:TrackPointExtension>
            <ns3:hr>159</ns3:hr>
            <ns3:cad>89</ns3:cad>
          </ns3:TrackPointExtension>
        </extensions>
      </trkpt>
      <trkpt lat="24.536075927317142486572265625" lon="118.15334734506905078887939453125">
        <ele>15.3999996185302734375</ele>
        <time>2026-08-06T11:19:06.000Z</time>
        <extensions>
          <ns3:TrackPointExtension>
            <ns3:hr>159</ns3:hr>
            <ns3:cad>89</ns3:cad>
          </ns3:TrackPointExtension>
        </extensions>
      </trkpt>
      <trkpt lat="24.5361012406647205352783203125" lon="118.15336075611412525177001953125">
        <ele>15.3999996185302734375</ele>
        <time>2026-08-06T11:19:07.000Z</time>
        <extensions>
          <ns3:TrackPointExtension>
            <ns3:hr>159</ns3:hr>
            <ns3:cad>90</ns3:cad>
          </ns3:TrackPointExtension>
        </extensions>
      </trkpt>
      <trkpt lat="24.53612999059259891510009765625" lon="118.15338690765202045440673828125">
        <ele>15.3999996185302734375</ele>
        <time>2026-08-06T11:19:08.000Z</time>
        <extensions>
          <ns3:TrackPointExtension>
            <ns3:hr>159</ns3:hr>
            <ns3:cad>90</ns3:cad>
          </ns3:TrackPointExtension>
        </extensions>
      </trkpt>
      <trkpt lat="24.53615404665470123291015625" lon="118.1534064374864101409912109375">
        <ele>15.3999996185302734375</ele>
        <time>2026-08-06T11:19:09.000Z</time>
        <extensions>
          <ns3:TrackPointExtension>
            <ns3:hr>159</ns3:hr>
            <ns3:cad>89</ns3:cad>
          </ns3:TrackPointExtension>
        </extensions>
      </trkpt>
      <trkpt lat="24.53618849627673625946044921875" lon="118.15343401394784450531005859375">
        <ele>15.19999980926513671875</ele>
        <time>2026-08-06T11:19:10.000Z</time>
        <extensions>
          <ns3:TrackPointExtension>
            <ns3:hr>159</ns3:hr>
            <ns3:cad>88</ns3:cad>
          </ns3:TrackPointExtension>
        </extensions>
      </trkpt>
      <trkpt lat="24.536214731633663177490234375" lon="118.1534516997635364532470703125">
        <ele>15.19999980926513671875</ele>
        <time>2026-08-06T11:19:11.000Z</time>
        <extensions>
          <ns3:TrackPointExtension>
            <ns3:hr>159</ns3:hr>
            <ns3:cad>88</ns3:cad>
          </ns3:TrackPointExtension>
        </extensions>
      </trkpt>
      <trkpt lat="24.536248929798603057861328125" lon="118.1534783542156219482421875">
        <ele>15.19999980926513671875</ele>
        <time>2026-08-06T11:19:12.000Z</time>
        <extensions>
          <ns3:TrackPointExtension>
            <ns3:hr>160</ns3:hr>
            <ns3:cad>88</ns3:cad>
          </ns3:TrackPointExtension>
        </extensions>
      </trkpt>
      <trkpt lat="24.53627482987940311431884765625" lon="118.15349134616553783416748046875">
        <ele>15.19999980926513671875</ele>
        <time>2026-08-06T11:19:13.000Z</time>
        <extensions>
          <ns3:TrackPointExtension>
            <ns3:hr>160</ns3:hr>
            <ns3:cad>88</ns3:cad>
          </ns3:TrackPointExtension>
        </extensions>
      </trkpt>
      <trkpt lat="24.5363077707588672637939453125" lon="118.1535132229328155517578125">
        <ele>15.19999980926513671875</ele>
        <time>2026-08-06T11:19:14.000Z</time>
        <extensions>
          <ns3:TrackPointExtension>
            <ns3:hr>160</ns3:hr>
            <ns3:cad>90</ns3:cad>
          </ns3:TrackPointExtension>
        </extensions>
      </trkpt>
      <trkpt lat="24.53633241355419158935546875" lon="118.15352923236787319183349609375">
        <ele>15.19999980926513671875</ele>
        <time>2026-08-06T11:19:15.000Z</time>
        <extensions>
          <ns3:TrackPointExtension>
            <ns3:hr>160</ns3:hr>
            <ns3:cad>90</ns3:cad>
          </ns3:TrackPointExtension>
        </extensions>
      </trkpt>
      <trkpt lat="24.53636384569108486175537109375" lon="118.1535519473254680633544921875">
        <ele>15.19999980926513671875</ele>
        <time>2026-08-06T11:19:16.000Z</time>
        <extensions>
          <ns3:TrackPointExtension>
            <ns3:hr>161</ns3:hr>
            <ns3:cad>90</ns3:cad>
          </ns3:TrackPointExtension>
        </extensions>
      </trkpt>
      <trkpt lat="24.53638496808707714080810546875" lon="118.15356795676052570343017578125">
        <ele>15.19999980926513671875</ele>
        <time>2026-08-06T11:19:17.000Z</time>
        <extensions>
          <ns3:TrackPointExtension>
            <ns3:hr>161</ns3:hr>
            <ns3:cad>90</ns3:cad>
          </ns3:TrackPointExtension>
        </extensions>
      </trkpt>
      <trkpt lat="24.536415897309780120849609375" lon="118.153589330613613128662109375">
        <ele>15.19999980926513671875</ele>
        <time>2026-08-06T11:19:18.000Z</time>
        <extensions>
          <ns3:TrackPointExtension>
            <ns3:hr>161</ns3:hr>
            <ns3:cad>89</ns3:cad>
          </ns3:TrackPointExtension>
        </extensions>
      </trkpt>
      <trkpt lat="24.536439366638660430908203125" lon="118.15360332839190959930419921875">
        <ele>15</ele>
        <time>2026-08-06T11:19:19.000Z</time>
        <extensions>
          <ns3:TrackPointExtension>
            <ns3:hr>162</ns3:hr>
            <ns3:cad>89</ns3:cad>
          </ns3:TrackPointExtension>
        </extensions>
      </trkpt>
      <trkpt lat="24.53646442852914333343505859375" lon="118.15362093038856983184814453125">
        <ele>15</ele>
        <time>2026-08-06T11:19:20.000Z</time>
        <extensions>
          <ns3:TrackPointExtension>
            <ns3:hr>162</ns3:hr>
            <ns3:cad>89</ns3:cad>
          </ns3:TrackPointExtension>
        </extensions>
      </trkpt>
      <trkpt lat="24.536485634744167327880859375" lon="118.15363769419491291046142578125">
        <ele>15</ele>
        <time>2026-08-06T11:19:21.000Z</time>
        <extensions>
          <ns3:TrackPointExtension>
            <ns3:hr>162</ns3:hr>
            <ns3:cad>89</ns3:cad>
          </ns3:TrackPointExtension>
        </extensions>
      </trkpt>
      <trkpt lat="24.5365132950246334075927734375" lon="118.1536555476486682891845703125">
        <ele>15</ele>
        <time>2026-08-06T11:19:22.000Z</time>
        <extensions>
          <ns3:TrackPointExtension>
            <ns3:hr>163</ns3:hr>
            <ns3:cad>89</ns3:cad>
          </ns3:TrackPointExtension>
        </extensions>
      </trkpt>
      <trkpt lat="24.53654103912413120269775390625" lon="118.15366812050342559814453125">
        <ele>15</ele>
        <time>2026-08-06T11:19:23.000Z</time>
        <extensions>
          <ns3:TrackPointExtension>
            <ns3:hr>163</ns3:hr>
            <ns3:cad>89</ns3:cad>
          </ns3:TrackPointExtension>
        </extensions>
      </trkpt>
      <trkpt lat="24.53657339327037334442138671875" lon="118.15368354320526123046875">
        <ele>14.80000019073486328125</ele>
        <time>2026-08-06T11:19:24.000Z</time>
        <extensions>
          <ns3:TrackPointExtension>
            <ns3:hr>162</ns3:hr>
            <ns3:cad>91</ns3:cad>
          </ns3:TrackPointExtension>
        </extensions>
      </trkpt>
      <trkpt lat="24.53659929335117340087890625" lon="118.153700642287731170654296875">
        <ele>14.80000019073486328125</ele>
        <time>2026-08-06T11:19:25.000Z</time>
        <extensions>
          <ns3:TrackPointExtension>
            <ns3:hr>162</ns3:hr>
            <ns3:cad>91</ns3:cad>
          </ns3:TrackPointExtension>
        </extensions>
      </trkpt>
      <trkpt lat="24.536631144583225250244140625" lon="118.1537170708179473876953125">
        <ele>14.80000019073486328125</ele>
        <time>2026-08-06T11:19:26.000Z</time>
        <extensions>
          <ns3:TrackPointExtension>
            <ns3:hr>162</ns3:hr>
            <ns3:cad>89</ns3:cad>
          </ns3:TrackPointExtension>
        </extensions>
      </trkpt>
      <trkpt lat="24.53665687702596187591552734375" lon="118.15373408608138561248779296875">
        <ele>14.80000019073486328125</ele>
        <time>2026-08-06T11:19:27.000Z</time>
        <extensions>
          <ns3:TrackPointExtension>
            <ns3:hr>162</ns3:hr>
            <ns3:cad>89</ns3:cad>
          </ns3:TrackPointExtension>
        </extensions>
      </trkpt>
      <trkpt lat="24.53668646514415740966796875" lon="118.15374967642128467559814453125">
        <ele>14.80000019073486328125</ele>
        <time>2026-08-06T11:19:28.000Z</time>
        <extensions>
          <ns3:TrackPointExtension>
            <ns3:hr>162</ns3:hr>
            <ns3:cad>89</ns3:cad>
          </ns3:TrackPointExtension>
        </extensions>
      </trkpt>
      <trkpt lat="24.53671286813914775848388671875" lon="118.15376493148505687713623046875">
        <ele>14.80000019073486328125</ele>
        <time>2026-08-06T11:19:29.000Z</time>
        <extensions>
          <ns3:TrackPointExtension>
            <ns3:hr>163</ns3:hr>
            <ns3:cad>89</ns3:cad>
          </ns3:TrackPointExtension>
        </extensions>
      </trkpt>
      <trkpt lat="24.5367416180670261383056640625" lon="118.15378169529139995574951171875">
        <ele>14.80000019073486328125</ele>
        <time>2026-08-06T11:19:30.000Z</time>
        <extensions>
          <ns3:TrackPointExtension>
            <ns3:hr>163</ns3:hr>
            <ns3:cad>89</ns3:cad>
          </ns3:TrackPointExtension>
        </extensions>
      </trkpt>
      <trkpt lat="24.5367689430713653564453125" lon="118.1538037396967411041259765625">
        <ele>14.80000019073486328125</ele>
        <time>2026-08-06T11:19:31.000Z</time>
        <extensions>
          <ns3:TrackPointExtension>
            <ns3:hr>163</ns3:hr>
            <ns3:cad>90</ns3:cad>
          </ns3:TrackPointExtension>
        </extensions>
      </trkpt>
      <trkpt lat="24.5367925800383090972900390625" lon="118.15382159315049648284912109375">
        <ele>14.80000019073486328125</ele>
        <time>2026-08-06T11:19:32.000Z</time>
        <extensions>
          <ns3:TrackPointExtension>
            <ns3:hr>163</ns3:hr>
            <ns3:cad>90</ns3:cad>
          </ns3:TrackPointExtension>
        </extensions>
      </trkpt>
      <trkpt lat="24.53681479208171367645263671875" lon="118.15384120680391788482666015625">
        <ele>14.80000019073486328125</ele>
        <time>2026-08-06T11:19:33.000Z</time>
        <extensions>
          <ns3:TrackPointExtension>
            <ns3:hr>163</ns3:hr>
            <ns3:cad>89</ns3:cad>
          </ns3:TrackPointExtension>
        </extensions>
      </trkpt>
      <trkpt lat="24.53683692030608654022216796875" lon="118.15386014990508556365966796875">
        <ele>14.6000003814697265625</ele>
        <time>2026-08-06T11:19:34.000Z</time>
        <extensions>
          <ns3:TrackPointExtension>
            <ns3:hr>162</ns3:hr>
            <ns3:cad>88</ns3:cad>
          </ns3:TrackPointExtension>
        </extensions>
      </trkpt>
      <trkpt lat="24.5368646644055843353271484375" lon="118.153882361948490142822265625">
        <ele>14.6000003814697265625</ele>
        <time>2026-08-06T11:19:35.000Z</time>
        <extensions>
          <ns3:TrackPointExtension>
            <ns3:hr>163</ns3:hr>
            <ns3:cad>88</ns3:cad>
          </ns3:TrackPointExtension>
        </extensions>
      </trkpt>
      <trkpt lat="24.5368921570479869842529296875" lon="118.1538967788219451904296875">
        <ele>14.6000003814697265625</ele>
        <time>2026-08-06T11:19:36.000Z</time>
        <extensions>
          <ns3:TrackPointExtension>
            <ns3:hr>162</ns3:hr>
            <ns3:cad>88</ns3:cad>
          </ns3:TrackPointExtension>
        </extensions>
      </trkpt>
      <trkpt lat="24.5369243435561656951904296875" lon="118.1539217568933963775634765625">
        <ele>14.6000003814697265625</ele>
        <time>2026-08-06T11:19:37.000Z</time>
        <extensions>
          <ns3:TrackPointExtension>
            <ns3:hr>162</ns3:hr>
            <ns3:cad>89</ns3:cad>
          </ns3:TrackPointExtension>
        </extensions>
      </trkpt>
      <trkpt lat="24.53695527277886867523193359375" lon="118.1539361737668514251708984375">
        <ele>14.3999996185302734375</ele>
        <time>2026-08-06T11:19:38.000Z</time>
        <extensions>
          <ns3:TrackPointExtension>
            <ns3:hr>163</ns3:hr>
            <ns3:cad>89</ns3:cad>
          </ns3:TrackPointExtension>
        </extensions>
      </trkpt>
      <trkpt lat="24.53698947094380855560302734375" lon="118.15396039746701717376708984375">
        <ele>14.3999996185302734375</ele>
        <time>2026-08-06T11:19:39.000Z</time>
        <extensions>
          <ns3:TrackPointExtension>
            <ns3:hr>163</ns3:hr>
            <ns3:cad>89</ns3:cad>
          </ns3:TrackPointExtension>
        </extensions>
      </trkpt>
      <trkpt lat="24.5370152033865451812744140625" lon="118.1539767421782016754150390625">
        <ele>14.3999996185302734375</ele>
        <time>2026-08-06T11:19:40.000Z</time>
        <extensions>
          <ns3:TrackPointExtension>
            <ns3:hr>163</ns3:hr>
            <ns3:cad>89</ns3:cad>
          </ns3:TrackPointExtension>
        </extensions>
      </trkpt>
      <trkpt lat="24.537049569189548492431640625" lon="118.15399711020290851593017578125">
        <ele>14.3999996185302734375</ele>
        <time>2026-08-06T11:19:41.000Z</time>
        <extensions>
          <ns3:TrackPointExtension>
            <ns3:hr>163</ns3:hr>
            <ns3:cad>89</ns3:cad>
          </ns3:TrackPointExtension>
        </extensions>
      </trkpt>
      <trkpt lat="24.53707664273679256439208984375" lon="118.15400985069572925567626953125">
        <ele>14.3999996185302734375</ele>
        <time>2026-08-06T11:19:42.000Z</time>
        <extensions>
          <ns3:TrackPointExtension>
            <ns3:hr>164</ns3:hr>
            <ns3:cad>88</ns3:cad>
          </ns3:TrackPointExtension>
        </extensions>
      </trkpt>
      <trkpt lat="24.53710757195949554443359375" lon="118.15403290092945098876953125">
        <ele>14.19999980926513671875</ele>
        <time>2026-08-06T11:19:43.000Z</time>
        <extensions>
          <ns3:TrackPointExtension>
            <ns3:hr>163</ns3:hr>
            <ns3:cad>88</ns3:cad>
          </ns3:TrackPointExtension>
        </extensions>
      </trkpt>
      <trkpt lat="24.53713347204029560089111328125" lon="118.15404631197452545166015625">
        <ele>14.19999980926513671875</ele>
        <time>2026-08-06T11:19:44.000Z</time>
        <extensions>
          <ns3:TrackPointExtension>
            <ns3:hr>163</ns3:hr>
            <ns3:cad>88</ns3:cad>
          </ns3:TrackPointExtension>
        </extensions>
      </trkpt>
      <trkpt lat="24.537165574729442596435546875" lon="118.15406751818954944610595703125">
        <ele>14.19999980926513671875</ele>
        <time>2026-08-06T11:19:45.000Z</time>
        <extensions>
          <ns3:TrackPointExtension>
            <ns3:hr>163</ns3:hr>
            <ns3:cad>88</ns3:cad>
          </ns3:TrackPointExtension>
        </extensions>
      </trkpt>
      <trkpt lat="24.53718745149672031402587890625" lon="118.15408118069171905517578125">
        <ele>14.19999980926513671875</ele>
        <time>2026-08-06T11:19:46.000Z</time>
        <extensions>
          <ns3:TrackPointExtension>
            <ns3:hr>163</ns3:hr>
            <ns3:cad>89</ns3:cad>
          </ns3:TrackPointExtension>
        </extensions>
      </trkpt>
      <trkpt lat="24.53722014091908931732177734375" lon="118.15410708077251911163330078125">
        <ele>14.19999980926513671875</ele>
        <time>2026-08-06T11:19:47.000Z</time>
        <extensions>
          <ns3:TrackPointExtension>
            <ns3:hr>163</ns3:hr>
            <ns3:cad>89</ns3:cad>
          </ns3:TrackPointExtension>
        </extensions>
      </trkpt>
      <trkpt lat="24.537245370447635650634765625" lon="118.1541222520172595977783203125">
        <ele>14.19999980926513671875</ele>
        <time>2026-08-06T11:19:48.000Z</time>
        <extensions>
          <ns3:TrackPointExtension>
            <ns3:hr>162</ns3:hr>
            <ns3:cad>91</ns3:cad>
          </ns3:TrackPointExtension>
        </extensions>
      </trkpt>
      <trkpt lat="24.53728191554546356201171875" lon="118.15414798445999622344970703125">
        <ele>14.19999980926513671875</ele>
        <time>2026-08-06T11:19:49.000Z</time>
        <extensions>
          <ns3:TrackPointExtension>
            <ns3:hr>162</ns3:hr>
            <ns3:cad>91</ns3:cad>
          </ns3:TrackPointExtension>
        </extensions>
      </trkpt>
      <trkpt lat="24.53730965964496135711669921875" lon="118.15415251068770885467529296875">
        <ele>14.19999980926513671875</ele>
        <time>2026-08-06T11:19:50.000Z</time>
        <extensions>
          <ns3:TrackPointExtension>
            <ns3:hr>162</ns3:hr>
            <ns3:cad>89</ns3:cad>
          </ns3:TrackPointExtension>
        </extensions>
      </trkpt>
      <trkpt lat="24.53734301961958408355712890625" lon="118.15417639911174774169921875">
        <ele>14.19999980926513671875</ele>
        <time>2026-08-06T11:19:51.000Z</time>
        <extensions>
          <ns3:TrackPointExtension>
            <ns3:hr>162</ns3:hr>
            <ns3:cad>89</ns3:cad>
          </ns3:TrackPointExtension>
        </extensions>
      </trkpt>
      <trkpt lat="24.53736933879554271697998046875" lon="118.15418218262493610382080078125">
        <ele>14</ele>
        <time>2026-08-06T11:19:52.000Z</time>
        <extensions>
          <ns3:TrackPointExtension>
            <ns3:hr>162</ns3:hr>
            <ns3:cad>89</ns3:cad>
          </ns3:TrackPointExtension>
        </extensions>
      </trkpt>
      <trkpt lat="24.53740605153143405914306640625" lon="118.1542030535638332366943359375">
        <ele>14</ele>
        <time>2026-08-06T11:19:53.000Z</time>
        <extensions>
          <ns3:TrackPointExtension>
            <ns3:hr>162</ns3:hr>
            <ns3:cad>90</ns3:cad>
          </ns3:TrackPointExtension>
        </extensions>
      </trkpt>
      <trkpt lat="24.5374306105077266693115234375" lon="118.15421269275248050689697265625">
        <ele>14</ele>
        <time>2026-08-06T11:19:54.000Z</time>
        <extensions>
          <ns3:TrackPointExtension>
            <ns3:hr>162</ns3:hr>
            <ns3:cad>90</ns3:cad>
          </ns3:TrackPointExtension>
        </extensions>
      </trkpt>
      <trkpt lat="24.53746723942458629608154296875" lon="118.154239766299724578857421875">
        <ele>14</ele>
        <time>2026-08-06T11:19:55.000Z</time>
        <extensions>
          <ns3:TrackPointExtension>
            <ns3:hr>162</ns3:hr>
            <ns3:cad>90</ns3:cad>
          </ns3:TrackPointExtension>
        </extensions>
      </trkpt>
      <trkpt lat="24.53749137930572032928466796875" lon="118.15425577573478221893310546875">
        <ele>14</ele>
        <time>2026-08-06T11:19:56.000Z</time>
        <extensions>
          <ns3:TrackPointExtension>
            <ns3:hr>162</ns3:hr>
            <ns3:cad>91</ns3:cad>
          </ns3:TrackPointExtension>
        </extensions>
      </trkpt>
      <trkpt lat="24.53751870431005954742431640625" lon="118.1542922370135784149169921875">
        <ele>13.80000019073486328125</ele>
        <time>2026-08-06T11:19:57.000Z</time>
        <extensions>
          <ns3:TrackPointExtension>
            <ns3:hr>162</ns3:hr>
            <ns3:cad>91</ns3:cad>
          </ns3:TrackPointExtension>
        </extensions>
      </trkpt>
      <trkpt lat="24.5375415869057178497314453125" lon="118.15432031638920307159423828125">
        <ele>13.80000019073486328125</ele>
        <time>2026-08-06T11:19:58.000Z</time>
        <extensions>
          <ns3:TrackPointExtension>
            <ns3:hr>162</ns3:hr>
            <ns3:cad>90</ns3:cad>
          </ns3:TrackPointExtension>
        </extensions>
      </trkpt>
      <trkpt lat="24.5375486277043819427490234375" lon="118.15436859615147113800048828125">
        <ele>13.80000019073486328125</ele>
        <time>2026-08-06T11:19:59.000Z</time>
        <extensions>
          <ns3:TrackPointExtension>
            <ns3:hr>162</ns3:hr>
            <ns3:cad>90</ns3:cad>
          </ns3:TrackPointExtension>
        </extensions>
      </trkpt>
      <trkpt lat="24.5375580154359340667724609375" lon="118.1544075720012187957763671875">
        <ele>13.6000003814697265625</ele>
        <time>2026-08-06T11:20:00.000Z</time>
        <extensions>
          <ns3:TrackPointExtension>
            <ns3:hr>162</ns3:hr>
            <ns3:cad>90</ns3:cad>
          </ns3:TrackPointExtension>
        </extensions>
      </trkpt>
      <trkpt lat="24.53755809925496578216552734375" lon="118.15445207990705966949462890625">
        <ele>13.6000003814697265625</ele>
        <time>2026-08-06T11:20:01.000Z</time>
        <extensions>
          <ns3:TrackPointExtension>
            <ns3:hr>162</ns3:hr>
            <ns3:cad>91</ns3:cad>
          </ns3:TrackPointExtension>
        </extensions>
      </trkpt>
      <trkpt lat="24.537547118961811065673828125" lon="118.15448795445263385772705078125">
        <ele>13.6000003814697265625</ele>
        <time>2026-08-06T11:20:02.000Z</time>
        <extensions>
          <ns3:TrackPointExtension>
            <ns3:hr>162</ns3:hr>
            <ns3:cad>92</ns3:cad>
          </ns3:TrackPointExtension>
        </extensions>
      </trkpt>
      <trkpt lat="24.537529014050960540771484375" lon="118.1545252539217472076416015625">
        <ele>13.3999996185302734375</ele>
        <time>2026-08-06T11:20:03.000Z</time>
        <extensions>
          <ns3:TrackPointExtension>
            <ns3:hr>162</ns3:hr>
            <ns3:cad>92</ns3:cad>
          </ns3:TrackPointExtension>
        </extensions>
      </trkpt>
      <trkpt lat="24.53752239234745502471923828125" lon="118.1545638106763362884521484375">
        <ele>13.3999996185302734375</ele>
        <time>2026-08-06T11:20:04.000Z</time>
        <extensions>
          <ns3:TrackPointExtension>
            <ns3:hr>162</ns3:hr>
            <ns3:cad>92</ns3:cad>
          </ns3:TrackPointExtension>
        </extensions>
      </trkpt>
      <trkpt lat="24.537505209445953369140625" lon="118.15459893085062503814697265625">
        <ele>13.3999996185302734375</ele>
        <time>2026-08-06T11:20:05.000Z</time>
        <extensions>
          <ns3:TrackPointExtension>
            <ns3:hr>163</ns3:hr>
            <ns3:cad>92</ns3:cad>
          </ns3:TrackPointExtension>
        </extensions>
      </trkpt>
      <trkpt lat="24.53749204985797405242919921875" lon="118.15462659113109111785888671875">
        <ele>13.3999996185302734375</ele>
        <time>2026-08-06T11:20:06.000Z</time>
        <extensions>
          <ns3:TrackPointExtension>
            <ns3:hr>162</ns3:hr>
            <ns3:cad>90</ns3:cad>
          </ns3:TrackPointExtension>
        </extensions>
      </trkpt>
      <trkpt lat="24.537470340728759765625" lon="118.154657185077667236328125">
        <ele>13.6000003814697265625</ele>
        <time>2026-08-06T11:20:07.000Z</time>
        <extensions>
          <ns3:TrackPointExtension>
            <ns3:hr>162</ns3:hr>
            <ns3:cad>90</ns3:cad>
          </ns3:TrackPointExtension>
        </extensions>
      </trkpt>
      <trkpt lat="24.53745332546532154083251953125" lon="118.15468459390103816986083984375">
        <ele>13.6000003814697265625</ele>
        <time>2026-08-06T11:20:08.000Z</time>
        <extensions>
          <ns3:TrackPointExtension>
            <ns3:hr>163</ns3:hr>
            <ns3:cad>89</ns3:cad>
          </ns3:TrackPointExtension>
        </extensions>
      </trkpt>
      <trkpt lat="24.5374329574406147003173828125" lon="118.15471527166664600372314453125">
        <ele>13.80000019073486328125</ele>
        <time>2026-08-06T11:20:09.000Z</time>
        <extensions>
          <ns3:TrackPointExtension>
            <ns3:hr>163</ns3:hr>
            <ns3:cad>89</ns3:cad>
          </ns3:TrackPointExtension>
        </extensions>
      </trkpt>
      <trkpt lat="24.53742113895714282989501953125" lon="118.1547358073294162750244140625">
        <ele>13.80000019073486328125</ele>
        <time>2026-08-06T11:20:10.000Z</time>
        <extensions>
          <ns3:TrackPointExtension>
            <ns3:hr>163</ns3:hr>
            <ns3:cad>89</ns3:cad>
          </ns3:TrackPointExtension>
        </extensions>
      </trkpt>
      <trkpt lat="24.53739850781857967376708984375" lon="118.15476254560053348541259765625">
        <ele>13.80000019073486328125</ele>
        <time>2026-08-06T11:20:11.000Z</time>
        <extensions>
          <ns3:TrackPointExtension>
            <ns3:hr>163</ns3:hr>
            <ns3:cad>89</ns3:cad>
          </ns3:TrackPointExtension>
        </extensions>
      </trkpt>
      <trkpt lat="24.53739180229604244232177734375" lon="118.15479003824293613433837890625">
        <ele>13.80000019073486328125</ele>
        <time>2026-08-06T11:20:12.000Z</time>
        <extensions>
          <ns3:TrackPointExtension>
            <ns3:hr>162</ns3:hr>
            <ns3:cad>90</ns3:cad>
          </ns3:TrackPointExtension>
        </extensions>
      </trkpt>
      <trkpt lat="24.53737051226198673248291015625" lon="118.15482356585562229156494140625">
        <ele>13.80000019073486328125</ele>
        <time>2026-08-06T11:20:13.000Z</time>
        <extensions>
          <ns3:TrackPointExtension>
            <ns3:hr>162</ns3:hr>
            <ns3:cad>90</ns3:cad>
          </ns3:TrackPointExtension>
        </extensions>
      </trkpt>
      <trkpt lat="24.53735743649303913116455078125" lon="118.15485055558383464813232421875">
        <ele>13.80000019073486328125</ele>
        <time>2026-08-06T11:20:14.000Z</time>
        <extensions>
          <ns3:TrackPointExtension>
            <ns3:hr>162</ns3:hr>
            <ns3:cad>89</ns3:cad>
          </ns3:TrackPointExtension>
        </extensions>
      </trkpt>
      <trkpt lat="24.53733379952609539031982421875" lon="118.1548843346536159515380859375">
        <ele>13.80000019073486328125</ele>
        <time>2026-08-06T11:20:15.000Z</time>
        <extensions>
          <ns3:TrackPointExtension>
            <ns3:hr>162</ns3:hr>
            <ns3:cad>88</ns3:cad>
          </ns3:TrackPointExtension>
        </extensions>
      </trkpt>
      <trkpt lat="24.53732105903327465057373046875" lon="118.15490855835378170013427734375">
        <ele>14</ele>
        <time>2026-08-06T11:20:16.000Z</time>
        <extensions>
          <ns3:TrackPointExtension>
            <ns3:hr>163</ns3:hr>
            <ns3:cad>87</ns3:cad>
          </ns3:TrackPointExtension>
        </extensions>
      </trkpt>
      <trkpt lat="24.53729557804763317108154296875" lon="118.15494309179484844207763671875">
        <ele>14</ele>
        <time>2026-08-06T11:20:17.000Z</time>
        <extensions>
          <ns3:TrackPointExtension>
            <ns3:hr>163</ns3:hr>
            <ns3:cad>87</ns3:cad>
          </ns3:TrackPointExtension>
        </extensions>
      </trkpt>
      <trkpt lat="24.53728266991674900054931640625" lon="118.1549684889614582061767578125">
        <ele>14.19999980926513671875</ele>
        <time>2026-08-06T11:20:18.000Z</time>
        <extensions>
          <ns3:TrackPointExtension>
            <ns3:hr>163</ns3:hr>
            <ns3:cad>88</ns3:cad>
          </ns3:TrackPointExtension>
        </extensions>
      </trkpt>
      <trkpt lat="24.5372602902352809906005859375" lon="118.15500461496412754058837890625">
        <ele>14.19999980926513671875</ele>
        <time>2026-08-06T11:20:19.000Z</time>
        <extensions>
          <ns3:TrackPointExtension>
            <ns3:hr>163</ns3:hr>
            <ns3:cad>88</ns3:cad>
          </ns3:TrackPointExtension>
        </extensions>
      </trkpt>
      <trkpt lat="24.537250734865665435791015625" lon="118.15503428690135478973388671875">
        <ele>14.19999980926513671875</ele>
        <time>2026-08-06T11:20:20.000Z</time>
        <extensions>
          <ns3:TrackPointExtension>
            <ns3:hr>163</ns3:hr>
            <ns3:cad>90</ns3:cad>
          </ns3:TrackPointExtension>
        </extensions>
      </trkpt>
      <trkpt lat="24.53722986392676830291748046875" lon="118.155072592198848724365234375">
        <ele>14.19999980926513671875</ele>
        <time>2026-08-06T11:20:21.000Z</time>
        <extensions>
          <ns3:TrackPointExtension>
            <ns3:hr>164</ns3:hr>
            <ns3:cad>90</ns3:cad>
          </ns3:TrackPointExtension>
        </extensions>
      </trkpt>
      <trkpt lat="24.5372190512716770172119140625" lon="118.155102096498012542724609375">
        <ele>14.19999980926513671875</ele>
        <time>2026-08-06T11:20:22.000Z</time>
        <extensions>
          <ns3:TrackPointExtension>
            <ns3:hr>163</ns3:hr>
            <ns3:cad>89</ns3:cad>
          </ns3:TrackPointExtension>
        </extensions>
      </trkpt>
      <trkpt lat="24.53719667159020900726318359375" lon="118.1551418267190456390380859375">
        <ele>14.19999980926513671875</ele>
        <time>2026-08-06T11:20:23.000Z</time>
        <extensions>
          <ns3:TrackPointExtension>
            <ns3:hr>164</ns3:hr>
            <ns3:cad>88</ns3:cad>
          </ns3:TrackPointExtension>
        </extensions>
      </trkpt>
      <trkpt lat="24.53718594275414943695068359375" lon="118.155164457857608795166015625">
        <ele>14.19999980926513671875</ele>
        <time>2026-08-06T11:20:24.000Z</time>
        <extensions>
          <ns3:TrackPointExtension>
            <ns3:hr>163</ns3:hr>
            <ns3:cad>88</ns3:cad>
          </ns3:TrackPointExtension>
        </extensions>
      </trkpt>
      <trkpt lat="24.53716599382460117340087890625" lon="118.1551927886903285980224609375">
        <ele>14.19999980926513671875</ele>
        <time>2026-08-06T11:20:25.000Z</time>
        <extensions>
          <ns3:TrackPointExtension>
            <ns3:hr>163</ns3:hr>
            <ns3:cad>88</ns3:cad>
          </ns3:TrackPointExtension>
        </extensions>
      </trkpt>
      <trkpt lat="24.5371524989604949951171875" lon="118.15522036515176296234130859375">
        <ele>14.19999980926513671875</ele>
        <time>2026-08-06T11:20:26.000Z</time>
        <extensions>
          <ns3:TrackPointExtension>
            <ns3:hr>164</ns3:hr>
            <ns3:cad>89</ns3:cad>
          </ns3:TrackPointExtension>
        </extensions>
      </trkpt>
      <trkpt lat="24.53713229857385158538818359375" lon="118.15525255165994167327880859375">
        <ele>14.19999980926513671875</ele>
        <time>2026-08-06T11:20:27.000Z</time>
        <extensions>
          <ns3:TrackPointExtension>
            <ns3:hr>164</ns3:hr>
            <ns3:cad>89</ns3:cad>
          </ns3:TrackPointExtension>
        </extensions>
      </trkpt>
      <trkpt lat="24.5371184684336185455322265625" lon="118.15528146922588348388671875">
        <ele>14.19999980926513671875</ele>
        <time>2026-08-06T11:20:28.000Z</time>
        <extensions>
          <ns3:TrackPointExtension>
            <ns3:hr>163</ns3:hr>
            <ns3:cad>90</ns3:cad>
          </ns3:TrackPointExtension>
        </extensions>
      </trkpt>
      <trkpt lat="24.53709910623729228973388671875" lon="118.15531424246728420257568359375">
        <ele>14.19999980926513671875</ele>
        <time>2026-08-06T11:20:29.000Z</time>
        <extensions>
          <ns3:TrackPointExtension>
            <ns3:hr>163</ns3:hr>
            <ns3:cad>90</ns3:cad>
          </ns3:TrackPointExtension>
        </extensions>
      </trkpt>
      <trkpt lat="24.5370849408209323883056640625" lon="118.15534047782421112060546875">
        <ele>14.3999996185302734375</ele>
        <time>2026-08-06T11:20:30.000Z</time>
        <extensions>
          <ns3:TrackPointExtension>
            <ns3:hr>163</ns3:hr>
            <ns3:cad>89</ns3:cad>
          </ns3:TrackPointExtension>
        </extensions>
      </trkpt>
      <trkpt lat="24.537066332995891571044921875" lon="118.155373670160770416259765625">
        <ele>14.19999980926513671875</ele>
        <time>2026-08-06T11:20:31.000Z</time>
        <extensions>
          <ns3:TrackPointExtension>
            <ns3:hr>163</ns3:hr>
            <ns3:cad>89</ns3:cad>
          </ns3:TrackPointExtension>
        </extensions>
      </trkpt>
      <trkpt lat="24.537056945264339447021484375" lon="118.1554013304412364959716796875">
        <ele>14.19999980926513671875</ele>
        <time>2026-08-06T11:20:32.000Z</time>
        <extensions>
          <ns3:TrackPointExtension>
            <ns3:hr>163</ns3:hr>
            <ns3:cad>89</ns3:cad>
          </ns3:TrackPointExtension>
        </extensions>
      </trkpt>
      <trkpt lat="24.53703515231609344482421875" lon="118.155432008206844329833984375">
        <ele>14.19999980926513671875</ele>
        <time>2026-08-06T11:20:33.000Z</time>
        <extensions>
          <ns3:TrackPointExtension>
            <ns3:hr>163</ns3:hr>
            <ns3:cad>89</ns3:cad>
          </ns3:TrackPointExtension>
        </extensions>
      </trkpt>
      <trkpt lat="24.5370188914239406585693359375" lon="118.1554631888866424560546875">
        <ele>14.19999980926513671875</ele>
        <time>2026-08-06T11:20:34.000Z</time>
        <extensions>
          <ns3:TrackPointExtension>
            <ns3:hr>163</ns3:hr>
            <ns3:cad>90</ns3:cad>
          </ns3:TrackPointExtension>
        </extensions>
      </trkpt>
      <trkpt lat="24.53699517063796520233154296875" lon="118.15549948252737522125244140625">
        <ele>14.19999980926513671875</ele>
        <time>2026-08-06T11:20:35.000Z</time>
        <extensions>
          <ns3:TrackPointExtension>
            <ns3:hr>163</ns3:hr>
            <ns3:cad>91</ns3:cad>
          </ns3:TrackPointExtension>
        </extensions>
      </trkpt>
      <trkpt lat="24.5369793288409709930419921875" lon="118.1555243767797946929931640625">
        <ele>14.19999980926513671875</ele>
        <time>2026-08-06T11:20:36.000Z</time>
        <extensions>
          <ns3:TrackPointExtension>
            <ns3:hr>163</ns3:hr>
            <ns3:cad>91</ns3:cad>
          </ns3:TrackPointExtension>
        </extensions>
      </trkpt>
      <trkpt lat="24.53695644624531269073486328125" lon="118.15555949695408344268798828125">
        <ele>14.3999996185302734375</ele>
        <time>2026-08-06T11:20:37.000Z</time>
        <extensions>
          <ns3:TrackPointExtension>
            <ns3:hr>163</ns3:hr>
            <ns3:cad>91</ns3:cad>
          </ns3:TrackPointExtension>
        </extensions>
      </trkpt>
      <trkpt lat="24.5369404368102550506591796875" lon="118.1555880792438983917236328125">
        <ele>14.3999996185302734375</ele>
        <time>2026-08-06T11:20:38.000Z</time>
        <extensions>
          <ns3:TrackPointExtension>
            <ns3:hr>163</ns3:hr>
            <ns3:cad>90</ns3:cad>
          </ns3:TrackPointExtension>
        </extensions>
      </trkpt>
      <trkpt lat="24.53691571019589900970458984375" lon="118.1556283123791217803955078125">
        <ele>14.6000003814697265625</ele>
        <time>2026-08-06T11:20:39.000Z</time>
        <extensions>
          <ns3:TrackPointExtension>
            <ns3:hr>163</ns3:hr>
            <ns3:cad>89</ns3:cad>
          </ns3:TrackPointExtension>
        </extensions>
      </trkpt>
      <trkpt lat="24.53690682537853717803955078125" lon="118.1556594930589199066162109375">
        <ele>14.6000003814697265625</ele>
        <time>2026-08-06T11:20:40.000Z</time>
        <extensions>
          <ns3:TrackPointExtension>
            <ns3:hr>163</ns3:hr>
            <ns3:cad>89</ns3:cad>
          </ns3:TrackPointExtension>
        </extensions>
      </trkpt>
      <trkpt lat="24.5368867926299571990966796875" lon="118.15569830127060413360595703125">
        <ele>14.6000003814697265625</ele>
        <time>2026-08-06T11:20:41.000Z</time>
        <extensions>
          <ns3:TrackPointExtension>
            <ns3:hr>163</ns3:hr>
            <ns3:cad>89</ns3:cad>
          </ns3:TrackPointExtension>
        </extensions>
      </trkpt>
      <trkpt lat="24.536872543394565582275390625" lon="118.1557278893887996673583984375">
        <ele>14.6000003814697265625</ele>
        <time>2026-08-06T11:20:42.000Z</time>
        <extensions>
          <ns3:TrackPointExtension>
            <ns3:hr>163</ns3:hr>
            <ns3:cad>90</ns3:cad>
          </ns3:TrackPointExtension>
        </extensions>
      </trkpt>
      <trkpt lat="24.53685343265533447265625" lon="118.15576292574405670166015625">
        <ele>14.6000003814697265625</ele>
        <time>2026-08-06T11:20:43.000Z</time>
        <extensions>
          <ns3:TrackPointExtension>
            <ns3:hr>163</ns3:hr>
            <ns3:cad>90</ns3:cad>
          </ns3:TrackPointExtension>
        </extensions>
      </trkpt>
      <trkpt lat="24.53683759085834026336669921875" lon="118.15579108893871307373046875">
        <ele>14.6000003814697265625</ele>
        <time>2026-08-06T11:20:44.000Z</time>
        <extensions>
          <ns3:TrackPointExtension>
            <ns3:hr>164</ns3:hr>
            <ns3:cad>91</ns3:cad>
          </ns3:TrackPointExtension>
        </extensions>
      </trkpt>
      <trkpt lat="24.53681579791009426116943359375" lon="118.15581833012402057647705078125">
        <ele>14.3999996185302734375</ele>
        <time>2026-08-06T11:20:45.000Z</time>
        <extensions>
          <ns3:TrackPointExtension>
            <ns3:hr>164</ns3:hr>
            <ns3:cad>91</ns3:cad>
          </ns3:TrackPointExtension>
        </extensions>
      </trkpt>
      <trkpt lat="24.53679618425667285919189453125" lon="118.1558413803577423095703125">
        <ele>14.3999996185302734375</ele>
        <time>2026-08-06T11:20:46.000Z</time>
        <extensions>
          <ns3:TrackPointExtension>
            <ns3:hr>164</ns3:hr>
            <ns3:cad>89</ns3:cad>
          </ns3:TrackPointExtension>
        </extensions>
      </trkpt>
      <trkpt lat="24.5367743074893951416015625" lon="118.155873902142047882080078125">
        <ele>14.6000003814697265625</ele>
        <time>2026-08-06T11:20:47.000Z</time>
        <extensions>
          <ns3:TrackPointExtension>
            <ns3:hr>164</ns3:hr>
            <ns3:cad>88</ns3:cad>
          </ns3:TrackPointExtension>
        </extensions>
      </trkpt>
      <trkpt lat="24.5367550291121006011962890625" lon="118.1559018976986408233642578125">
        <ele>14.6000003814697265625</ele>
        <time>2026-08-06T11:20:48.000Z</time>
        <extensions>
          <ns3:TrackPointExtension>
            <ns3:hr>164</ns3:hr>
            <ns3:cad>88</ns3:cad>
          </ns3:TrackPointExtension>
        </extensions>
      </trkpt>
      <trkpt lat="24.5367359183728694915771484375" lon="118.155938275158405303955078125">
        <ele>14.6000003814697265625</ele>
        <time>2026-08-06T11:20:49.000Z</time>
        <extensions>
          <ns3:TrackPointExtension>
            <ns3:hr>164</ns3:hr>
            <ns3:cad>89</ns3:cad>
          </ns3:TrackPointExtension>
        </extensions>
      </trkpt>
      <trkpt lat="24.5367181487381458282470703125" lon="118.15596719272434711456298828125">
        <ele>14.6000003814697265625</ele>
        <time>2026-08-06T11:20:50.000Z</time>
        <extensions>
          <ns3:TrackPointExtension>
            <ns3:hr>164</ns3:hr>
            <ns3:cad>89</ns3:cad>
          </ns3:TrackPointExtension>
        </extensions>
      </trkpt>
      <trkpt lat="24.53669610433280467987060546875" lon="118.1559996306896209716796875">
        <ele>14.6000003814697265625</ele>
        <time>2026-08-06T11:20:51.000Z</time>
        <extensions>
          <ns3:TrackPointExtension>
            <ns3:hr>164</ns3:hr>
            <ns3:cad>89</ns3:cad>
          </ns3:TrackPointExtension>
        </extensions>
      </trkpt>
      <trkpt lat="24.53667498193681240081787109375" lon="118.1560259498655796051025390625">
        <ele>14.6000003814697265625</ele>
        <time>2026-08-06T11:20:52.000Z</time>
        <extensions>
          <ns3:TrackPointExtension>
            <ns3:hr>164</ns3:hr>
            <ns3:cad>90</ns3:cad>
          </ns3:TrackPointExtension>
        </extensions>
      </trkpt>
      <trkpt lat="24.53664313070476055145263671875" lon="118.15605654381215572357177734375">
        <ele>14.80000019073486328125</ele>
        <time>2026-08-06T11:20:53.000Z</time>
        <extensions>
          <ns3:TrackPointExtension>
            <ns3:hr>165</ns3:hr>
            <ns3:cad>90</ns3:cad>
          </ns3:TrackPointExtension>
        </extensions>
      </trkpt>
      <trkpt lat="24.53661815263330936431884765625" lon="118.15607749857008457183837890625">
        <ele>14.6000003814697265625</ele>
        <time>2026-08-06T11:20:54.000Z</time>
        <extensions>
          <ns3:TrackPointExtension>
            <ns3:hr>165</ns3:hr>
            <ns3:cad>90</ns3:cad>
          </ns3:TrackPointExtension>
        </extensions>
      </trkpt>
      <trkpt lat="24.53657875768840312957763671875" lon="118.15609510056674480438232421875">
        <ele>14.6000003814697265625</ele>
        <time>2026-08-06T11:20:55.000Z</time>
        <extensions>
          <ns3:TrackPointExtension>
            <ns3:hr>165</ns3:hr>
            <ns3:cad>90</ns3:cad>
          </ns3:TrackPointExtension>
        </extensions>
      </trkpt>
      <trkpt lat="24.53655009157955646514892578125" lon="118.15610800869762897491455078125">
        <ele>14.6000003814697265625</ele>
        <time>2026-08-06T11:20:56.000Z</time>
        <extensions>
          <ns3:TrackPointExtension>
            <ns3:hr>165</ns3:hr>
            <ns3:cad>90</ns3:cad>
          </ns3:TrackPointExtension>
        </extensions>
      </trkpt>
      <trkpt lat="24.53650969080626964569091796875" lon="118.156108595430850982666015625">
        <ele>14.6000003814697265625</ele>
        <time>2026-08-06T11:20:57.000Z</time>
        <extensions>
          <ns3:TrackPointExtension>
            <ns3:hr>165</ns3:hr>
            <ns3:cad>90</ns3:cad>
          </ns3:TrackPointExtension>
        </extensions>
      </trkpt>
      <trkpt lat="24.53647767193615436553955078125" lon="118.15610826015472412109375">
        <ele>14.6000003814697265625</ele>
        <time>2026-08-06T11:20:58.000Z</time>
        <extensions>
          <ns3:TrackPointExtension>
            <ns3:hr>165</ns3:hr>
            <ns3:cad>91</ns3:cad>
          </ns3:TrackPointExtension>
        </extensions>
      </trkpt>
      <trkpt lat="24.53643207438290119171142578125" lon="118.15609660930931568145751953125">
        <ele>14.6000003814697265625</ele>
        <time>2026-08-06T11:20:59.000Z</time>
        <extensions>
          <ns3:TrackPointExtension>
            <ns3:hr>166</ns3:hr>
            <ns3:cad>91</ns3:cad>
          </ns3:TrackPointExtension>
        </extensions>
      </trkpt>
      <trkpt lat="24.53640072606503963470458984375" lon="118.15608822740614414215087890625">
        <ele>14.6000003814697265625</ele>
        <time>2026-08-06T11:21:00.000Z</time>
        <extensions>
          <ns3:TrackPointExtension>
            <ns3:hr>165</ns3:hr>
            <ns3:cad>92</ns3:cad>
          </ns3:TrackPointExtension>
        </extensions>
      </trkpt>
      <trkpt lat="24.53636015765368938446044921875" lon="118.15606844611465930938720703125">
        <ele>14.6000003814697265625</ele>
        <time>2026-08-06T11:21:01.000Z</time>
        <extensions>
          <ns3:TrackPointExtension>
            <ns3:hr>165</ns3:hr>
            <ns3:cad>92</ns3:cad>
          </ns3:TrackPointExtension>
        </extensions>
      </trkpt>
      <trkpt lat="24.536332748830318450927734375" lon="118.156053610146045684814453125">
        <ele>14.80000019073486328125</ele>
        <time>2026-08-06T11:21:02.000Z</time>
        <extensions>
          <ns3:TrackPointExtension>
            <ns3:hr>165</ns3:hr>
            <ns3:cad>91</ns3:cad>
          </ns3:TrackPointExtension>
        </extensions>
      </trkpt>
      <trkpt lat="24.536295197904109954833984375" lon="118.15602854825556278228759765625">
        <ele>14.80000019073486328125</ele>
        <time>2026-08-06T11:21:03.000Z</time>
        <extensions>
          <ns3:TrackPointExtension>
            <ns3:hr>166</ns3:hr>
            <ns3:cad>89</ns3:cad>
          </ns3:TrackPointExtension>
        </extensions>
      </trkpt>
      <trkpt lat="24.536267705261707305908203125" lon="118.1560081802308559417724609375">
        <ele>14.80000019073486328125</ele>
        <time>2026-08-06T11:21:04.000Z</time>
        <extensions>
          <ns3:TrackPointExtension>
            <ns3:hr>165</ns3:hr>
            <ns3:cad>89</ns3:cad>
          </ns3:TrackPointExtension>
        </extensions>
      </trkpt>
      <trkpt lat="24.53623560257256031036376953125" lon="118.15598420798778533935546875">
        <ele>14.80000019073486328125</ele>
        <time>2026-08-06T11:21:05.000Z</time>
        <extensions>
          <ns3:TrackPointExtension>
            <ns3:hr>165</ns3:hr>
            <ns3:cad>89</ns3:cad>
          </ns3:TrackPointExtension>
        </extensions>
      </trkpt>
      <trkpt lat="24.53620945103466510772705078125" lon="118.1559672765433788299560546875">
        <ele>14.80000019073486328125</ele>
        <time>2026-08-06T11:21:06.000Z</time>
        <extensions>
          <ns3:TrackPointExtension>
            <ns3:hr>166</ns3:hr>
            <ns3:cad>89</ns3:cad>
          </ns3:TrackPointExtension>
        </extensions>
      </trkpt>
      <trkpt lat="24.53618095256388187408447265625" lon="118.15594741143286228179931640625">
        <ele>14.80000019073486328125</ele>
        <time>2026-08-06T11:21:07.000Z</time>
        <extensions>
          <ns3:TrackPointExtension>
            <ns3:hr>166</ns3:hr>
            <ns3:cad>89</ns3:cad>
          </ns3:TrackPointExtension>
        </extensions>
      </trkpt>
      <trkpt lat="24.53615563921630382537841796875" lon="118.1559307314455509185791015625">
        <ele>14.80000019073486328125</ele>
        <time>2026-08-06T11:21:08.000Z</time>
        <extensions>
          <ns3:TrackPointExtension>
            <ns3:hr>166</ns3:hr>
            <ns3:cad>90</ns3:cad>
          </ns3:TrackPointExtension>
        </extensions>
      </trkpt>
      <trkpt lat="24.53612378798425197601318359375" lon="118.15591069869697093963623046875">
        <ele>14.6000003814697265625</ele>
        <time>2026-08-06T11:21:09.000Z</time>
        <extensions>
          <ns3:TrackPointExtension>
            <ns3:hr>165</ns3:hr>
            <ns3:cad>90</ns3:cad>
          </ns3:TrackPointExtension>
        </extensions>
      </trkpt>
      <trkpt lat="24.5360978879034519195556640625" lon="118.15589427016675472259521484375">
        <ele>14.6000003814697265625</ele>
        <time>2026-08-06T11:21:10.000Z</time>
        <extensions>
          <ns3:TrackPointExtension>
            <ns3:hr>166</ns3:hr>
            <ns3:cad>89</ns3:cad>
          </ns3:TrackPointExtension>
        </extensions>
      </trkpt>
      <trkpt lat="24.5360677130520343780517578125" lon="118.1558770872652530670166015625">
        <ele>14.6000003814697265625</ele>
        <time>2026-08-06T11:21:11.000Z</time>
        <extensions>
          <ns3:TrackPointExtension>
            <ns3:hr>166</ns3:hr>
            <ns3:cad>88</ns3:cad>
          </ns3:TrackPointExtension>
        </extensions>
      </trkpt>
      <trkpt lat="24.53603929840028285980224609375" lon="118.15586216747760772705078125">
        <ele>14.6000003814697265625</ele>
        <time>2026-08-06T11:21:12.000Z</time>
        <extensions>
          <ns3:TrackPointExtension>
            <ns3:hr>166</ns3:hr>
            <ns3:cad>88</ns3:cad>
          </ns3:TrackPointExtension>
        </extensions>
      </trkpt>
      <trkpt lat="24.53600795008242130279541015625" lon="118.15584179945290088653564453125">
        <ele>14.6000003814697265625</ele>
        <time>2026-08-06T11:21:13.000Z</time>
        <extensions>
          <ns3:TrackPointExtension>
            <ns3:hr>166</ns3:hr>
            <ns3:cad>88</ns3:cad>
          </ns3:TrackPointExtension>
        </extensions>
      </trkpt>
      <trkpt lat="24.535984061658382415771484375" lon="118.15582067705690860748291015625">
        <ele>14.80000019073486328125</ele>
        <time>2026-08-06T11:21:14.000Z</time>
        <extensions>
          <ns3:TrackPointExtension>
            <ns3:hr>166</ns3:hr>
            <ns3:cad>89</ns3:cad>
          </ns3:TrackPointExtension>
        </extensions>
      </trkpt>
      <trkpt lat="24.53595422208309173583984375" lon="118.1558050028979778289794921875">
        <ele>14.80000019073486328125</ele>
        <time>2026-08-06T11:21:15.000Z</time>
        <extensions>
          <ns3:TrackPointExtension>
            <ns3:hr>165</ns3:hr>
            <ns3:cad>89</ns3:cad>
          </ns3:TrackPointExtension>
        </extensions>
      </trkpt>
      <trkpt lat="24.5359295792877674102783203125" lon="118.15579201094806194305419921875">
        <ele>14.80000019073486328125</ele>
        <time>2026-08-06T11:21:16.000Z</time>
        <extensions>
          <ns3:TrackPointExtension>
            <ns3:hr>166</ns3:hr>
            <ns3:cad>90</ns3:cad>
          </ns3:TrackPointExtension>
        </extensions>
      </trkpt>
      <trkpt lat="24.5358977280557155609130859375" lon="118.15577491186559200286865234375">
        <ele>14.80000019073486328125</ele>
        <time>2026-08-06T11:21:17.000Z</time>
        <extensions>
          <ns3:TrackPointExtension>
            <ns3:hr>166</ns3:hr>
            <ns3:cad>90</ns3:cad>
          </ns3:TrackPointExtension>
        </extensions>
      </trkpt>
      <trkpt lat="24.53587115742266178131103515625" lon="118.155754543840885162353515625">
        <ele>14.80000019073486328125</ele>
        <time>2026-08-06T11:21:18.000Z</time>
        <extensions>
          <ns3:TrackPointExtension>
            <ns3:hr>166</ns3:hr>
            <ns3:cad>89</ns3:cad>
          </ns3:TrackPointExtension>
        </extensions>
      </trkpt>
      <trkpt lat="24.535846598446369171142578125" lon="118.15574205480515956878662109375">
        <ele>14.80000019073486328125</ele>
        <time>2026-08-06T11:21:19.000Z</time>
        <extensions>
          <ns3:TrackPointExtension>
            <ns3:hr>166</ns3:hr>
            <ns3:cad>89</ns3:cad>
          </ns3:TrackPointExtension>
        </extensions>
      </trkpt>
      <trkpt lat="24.53581608831882476806640625" lon="118.15571908839046955108642578125">
        <ele>14.80000019073486328125</ele>
        <time>2026-08-06T11:21:20.000Z</time>
        <extensions>
          <ns3:TrackPointExtension>
            <ns3:hr>166</ns3:hr>
            <ns3:cad>89</ns3:cad>
          </ns3:TrackPointExtension>
        </extensions>
      </trkpt>
      <trkpt lat="24.53578683547675609588623046875" lon="118.155707605183124542236328125">
        <ele>14.80000019073486328125</ele>
        <time>2026-08-06T11:21:21.000Z</time>
        <extensions>
          <ns3:TrackPointExtension>
            <ns3:hr>166</ns3:hr>
            <ns3:cad>89</ns3:cad>
          </ns3:TrackPointExtension>
        </extensions>
      </trkpt>
      <trkpt lat="24.53575599007308483123779296875" lon="118.15568774007260799407958984375">
        <ele>14.80000019073486328125</ele>
        <time>2026-08-06T11:21:22.000Z</time>
        <extensions>
          <ns3:TrackPointExtension>
            <ns3:hr>166</ns3:hr>
            <ns3:cad>89</ns3:cad>
          </ns3:TrackPointExtension>
        </extensions>
      </trkpt>
      <trkpt lat="24.53572715632617473602294921875" lon="118.15567173063755035400390625">
        <ele>14.6000003814697265625</ele>
        <time>2026-08-06T11:21:23.000Z</time>
        <extensions>
          <ns3:TrackPointExtension>
            <ns3:hr>167</ns3:hr>
            <ns3:cad>89</ns3:cad>
          </ns3:TrackPointExtension>
        </extensions>
      </trkpt>
      <trkpt lat="24.5356987416744232177734375" lon="118.15565069206058979034423828125">
        <ele>14.6000003814697265625</ele>
        <time>2026-08-06T11:21:24.000Z</time>
        <extensions>
          <ns3:TrackPointExtension>
            <ns3:hr>166</ns3:hr>
            <ns3:cad>89</ns3:cad>
          </ns3:TrackPointExtension>
        </extensions>
      </trkpt>
      <trkpt lat="24.53566990792751312255859375" lon="118.15563593991100788116455078125">
        <ele>14.6000003814697265625</ele>
        <time>2026-08-06T11:21:25.000Z</time>
        <extensions>
          <ns3:TrackPointExtension>
            <ns3:hr>166</ns3:hr>
            <ns3:cad>89</ns3:cad>
          </ns3:TrackPointExtension>
        </extensions>
      </trkpt>
      <trkpt lat="24.535640738904476165771484375" lon="118.15561532042920589447021484375">
        <ele>14.80000019073486328125</ele>
        <time>2026-08-06T11:21:26.000Z</time>
        <extensions>
          <ns3:TrackPointExtension>
            <ns3:hr>166</ns3:hr>
            <ns3:cad>89</ns3:cad>
          </ns3:TrackPointExtension>
        </extensions>
      </trkpt>
      <trkpt lat="24.5356124080717563629150390625" lon="118.15560040064156055450439453125">
        <ele>14.80000019073486328125</ele>
        <time>2026-08-06T11:21:27.000Z</time>
        <extensions>
          <ns3:TrackPointExtension>
            <ns3:hr>166</ns3:hr>
            <ns3:cad>88</ns3:cad>
          </ns3:TrackPointExtension>
        </extensions>
      </trkpt>
      <trkpt lat="24.53558541834354400634765625" lon="118.15557517111301422119140625">
        <ele>14.80000019073486328125</ele>
        <time>2026-08-06T11:21:28.000Z</time>
        <extensions>
          <ns3:TrackPointExtension>
            <ns3:hr>167</ns3:hr>
            <ns3:cad>88</ns3:cad>
          </ns3:TrackPointExtension>
        </extensions>
      </trkpt>
      <trkpt lat="24.53555935062468051910400390625" lon="118.15556310117244720458984375">
        <ele>14.80000019073486328125</ele>
        <time>2026-08-06T11:21:29.000Z</time>
        <extensions>
          <ns3:TrackPointExtension>
            <ns3:hr>166</ns3:hr>
            <ns3:cad>89</ns3:cad>
          </ns3:TrackPointExtension>
        </extensions>
      </trkpt>
      <trkpt lat="24.53553051687777042388916015625" lon="118.15554524771869182586669921875">
        <ele>14.80000019073486328125</ele>
        <time>2026-08-06T11:21:30.000Z</time>
        <extensions>
          <ns3:TrackPointExtension>
            <ns3:hr>166</ns3:hr>
            <ns3:cad>89</ns3:cad>
          </ns3:TrackPointExtension>
        </extensions>
      </trkpt>
      <trkpt lat="24.53549933619797229766845703125" lon="118.1555304117500782012939453125">
        <ele>14.80000019073486328125</ele>
        <time>2026-08-06T11:21:31.000Z</time>
        <extensions>
          <ns3:TrackPointExtension>
            <ns3:hr>166</ns3:hr>
            <ns3:cad>90</ns3:cad>
          </ns3:TrackPointExtension>
        </extensions>
      </trkpt>
      <trkpt lat="24.53547142446041107177734375" lon="118.15550803206861019134521484375">
        <ele>14.80000019073486328125</ele>
        <time>2026-08-06T11:21:32.000Z</time>
        <extensions>
          <ns3:TrackPointExtension>
            <ns3:hr>166</ns3:hr>
            <ns3:cad>90</ns3:cad>
          </ns3:TrackPointExtension>
        </extensions>
      </trkpt>
      <trkpt lat="24.53544351272284984588623046875" lon="118.155492357909679412841796875">
        <ele>14.80000019073486328125</ele>
        <time>2026-08-06T11:21:33.000Z</time>
        <extensions>
          <ns3:TrackPointExtension>
            <ns3:hr>166</ns3:hr>
            <ns3:cad>91</ns3:cad>
          </ns3:TrackPointExtension>
        </extensions>
      </trkpt>
      <trkpt lat="24.5354186184704303741455078125" lon="118.155472911894321441650390625">
        <ele>14.80000019073486328125</ele>
        <time>2026-08-06T11:21:34.000Z</time>
        <extensions>
          <ns3:TrackPointExtension>
            <ns3:hr>165</ns3:hr>
            <ns3:cad>91</ns3:cad>
          </ns3:TrackPointExtension>
        </extensions>
      </trkpt>
      <trkpt lat="24.53539229929447174072265625" lon="118.15545757301151752471923828125">
        <ele>14.6000003814697265625</ele>
        <time>2026-08-06T11:21:35.000Z</time>
        <extensions>
          <ns3:TrackPointExtension>
            <ns3:hr>166</ns3:hr>
            <ns3:cad>89</ns3:cad>
          </ns3:TrackPointExtension>
        </extensions>
      </trkpt>
      <trkpt lat="24.53536438755691051483154296875" lon="118.1554335169494152069091796875">
        <ele>14.80000019073486328125</ele>
        <time>2026-08-06T11:21:36.000Z</time>
        <extensions>
          <ns3:TrackPointExtension>
            <ns3:hr>166</ns3:hr>
            <ns3:cad>89</ns3:cad>
          </ns3:TrackPointExtension>
        </extensions>
      </trkpt>
      <trkpt lat="24.535338990390300750732421875" lon="118.15541499294340610504150390625">
        <ele>14.80000019073486328125</ele>
        <time>2026-08-06T11:21:37.000Z</time>
        <extensions>
          <ns3:TrackPointExtension>
            <ns3:hr>166</ns3:hr>
            <ns3:cad>89</ns3:cad>
          </ns3:TrackPointExtension>
        </extensions>
      </trkpt>
      <trkpt lat="24.53531183302402496337890625" lon="118.1553922779858112335205078125">
        <ele>14.80000019073486328125</ele>
        <time>2026-08-06T11:21:38.000Z</time>
        <extensions>
          <ns3:TrackPointExtension>
            <ns3:hr>166</ns3:hr>
            <ns3:cad>89</ns3:cad>
          </ns3:TrackPointExtension>
        </extensions>
      </trkpt>
      <trkpt lat="24.53528475947678089141845703125" lon="118.1553800404071807861328125">
        <ele>14.80000019073486328125</ele>
        <time>2026-08-06T11:21:39.000Z</time>
        <extensions>
          <ns3:TrackPointExtension>
            <ns3:hr>166</ns3:hr>
            <ns3:cad>90</ns3:cad>
          </ns3:TrackPointExtension>
        </extensions>
      </trkpt>
      <trkpt lat="24.53525760211050510406494140625" lon="118.15536201931536197662353515625">
        <ele>15</ele>
        <time>2026-08-06T11:21:40.000Z</time>
        <extensions>
          <ns3:TrackPointExtension>
            <ns3:hr>165</ns3:hr>
            <ns3:cad>91</ns3:cad>
          </ns3:TrackPointExtension>
        </extensions>
      </trkpt>
      <trkpt lat="24.5352291874587535858154296875" lon="118.15534626133739948272705078125">
        <ele>15</ele>
        <time>2026-08-06T11:21:41.000Z</time>
        <extensions>
          <ns3:TrackPointExtension>
            <ns3:hr>165</ns3:hr>
            <ns3:cad>91</ns3:cad>
          </ns3:TrackPointExtension>
        </extensions>
      </trkpt>
      <trkpt lat="24.5352013595402240753173828125" lon="118.15532363019883632659912109375">
        <ele>15</ele>
        <time>2026-08-06T11:21:42.000Z</time>
        <extensions>
          <ns3:TrackPointExtension>
            <ns3:hr>165</ns3:hr>
            <ns3:cad>90</ns3:cad>
          </ns3:TrackPointExtension>
        </extensions>
      </trkpt>
      <trkpt lat="24.53517311252653598785400390625" lon="118.15531122498214244842529296875">
        <ele>15</ele>
        <time>2026-08-06T11:21:43.000Z</time>
        <extensions>
          <ns3:TrackPointExtension>
            <ns3:hr>165</ns3:hr>
            <ns3:cad>89</ns3:cad>
          </ns3:TrackPointExtension>
        </extensions>
      </trkpt>
      <trkpt lat="24.53514277003705501556396484375" lon="118.15529177896678447723388671875">
        <ele>15</ele>
        <time>2026-08-06T11:21:44.000Z</time>
        <extensions>
          <ns3:TrackPointExtension>
            <ns3:hr>165</ns3:hr>
            <ns3:cad>89</ns3:cad>
          </ns3:TrackPointExtension>
        </extensions>
      </trkpt>
      <trkpt lat="24.5351161994040012359619140625" lon="118.1552792899310588836669921875">
        <ele>15.19999980926513671875</ele>
        <time>2026-08-06T11:21:45.000Z</time>
        <extensions>
          <ns3:TrackPointExtension>
            <ns3:hr>166</ns3:hr>
            <ns3:cad>89</ns3:cad>
          </ns3:TrackPointExtension>
        </extensions>
      </trkpt>
      <trkpt lat="24.535084180533885955810546875" lon="118.15526269376277923583984375">
        <ele>15.19999980926513671875</ele>
        <time>2026-08-06T11:21:46.000Z</time>
        <extensions>
          <ns3:TrackPointExtension>
            <ns3:hr>166</ns3:hr>
            <ns3:cad>89</ns3:cad>
          </ns3:TrackPointExtension>
        </extensions>
      </trkpt>
      <trkpt lat="24.535056017339229583740234375" lon="118.15525255165994167327880859375">
        <ele>15.19999980926513671875</ele>
        <time>2026-08-06T11:21:47.000Z</time>
        <extensions>
          <ns3:TrackPointExtension>
            <ns3:hr>166</ns3:hr>
            <ns3:cad>90</ns3:cad>
          </ns3:TrackPointExtension>
        </extensions>
      </trkpt>
      <trkpt lat="24.53502575866878032684326171875" lon="118.15523578785359859466552734375">
        <ele>15.19999980926513671875</ele>
        <time>2026-08-06T11:21:48.000Z</time>
        <extensions>
          <ns3:TrackPointExtension>
            <ns3:hr>165</ns3:hr>
            <ns3:cad>91</ns3:cad>
          </ns3:TrackPointExtension>
        </extensions>
      </trkpt>
      <trkpt lat="24.53499608673155307769775390625" lon="118.15523075871169567108154296875">
        <ele>15.19999980926513671875</ele>
        <time>2026-08-06T11:21:49.000Z</time>
        <extensions>
          <ns3:TrackPointExtension>
            <ns3:hr>165</ns3:hr>
            <ns3:cad>91</ns3:cad>
          </ns3:TrackPointExtension>
        </extensions>
      </trkpt>
      <trkpt lat="24.53496272675693035125732421875" lon="118.155222125351428985595703125">
        <ele>15</ele>
        <time>2026-08-06T11:21:50.000Z</time>
        <extensions>
          <ns3:TrackPointExtension>
            <ns3:hr>165</ns3:hr>
            <ns3:cad>89</ns3:cad>
          </ns3:TrackPointExtension>
        </extensions>
      </trkpt>
      <trkpt lat="24.53493255190551280975341796875" lon="118.1552219577133655548095703125">
        <ele>15</ele>
        <time>2026-08-06T11:21:51.000Z</time>
        <extensions>
          <ns3:TrackPointExtension>
            <ns3:hr>165</ns3:hr>
            <ns3:cad>89</ns3:cad>
          </ns3:TrackPointExtension>
        </extensions>
      </trkpt>
      <trkpt lat="24.5348986051976680755615234375" lon="118.15521801821887493133544921875">
        <ele>15</ele>
        <time>2026-08-06T11:21:52.000Z</time>
        <extensions>
          <ns3:TrackPointExtension>
            <ns3:hr>164</ns3:hr>
            <ns3:cad>89</ns3:cad>
          </ns3:TrackPointExtension>
        </extensions>
      </trkpt>
      <trkpt lat="24.53486415557563304901123046875" lon="118.15522455610334873199462890625">
        <ele>15</ele>
        <time>2026-08-06T11:21:53.000Z</time>
        <extensions>
          <ns3:TrackPointExtension>
            <ns3:hr>165</ns3:hr>
            <ns3:cad>89</ns3:cad>
          </ns3:TrackPointExtension>
        </extensions>
      </trkpt>
      <trkpt lat="24.5348305441439151763916015625" lon="118.15522606484591960906982421875">
        <ele>15</ele>
        <time>2026-08-06T11:21:54.000Z</time>
        <extensions>
          <ns3:TrackPointExtension>
            <ns3:hr>165</ns3:hr>
            <ns3:cad>90</ns3:cad>
          </ns3:TrackPointExtension>
        </extensions>
      </trkpt>
      <trkpt lat="24.53480296768248081207275390625" lon="118.15523444674909114837646484375">
        <ele>15</ele>
        <time>2026-08-06T11:21:55.000Z</time>
        <extensions>
          <ns3:TrackPointExtension>
            <ns3:hr>164</ns3:hr>
            <ns3:cad>90</ns3:cad>
          </ns3:TrackPointExtension>
        </extensions>
      </trkpt>
      <trkpt lat="24.534770362079143524169921875" lon="118.15524064935743808746337890625">
        <ele>15</ele>
        <time>2026-08-06T11:21:56.000Z</time>
        <extensions>
          <ns3:TrackPointExtension>
            <ns3:hr>165</ns3:hr>
            <ns3:cad>90</ns3:cad>
          </ns3:TrackPointExtension>
        </extensions>
      </trkpt>
      <trkpt lat="24.53474077396094799041748046875" lon="118.1552517972886562347412109375">
        <ele>15.19999980926513671875</ele>
        <time>2026-08-06T11:21:57.000Z</time>
        <extensions>
          <ns3:TrackPointExtension>
            <ns3:hr>165</ns3:hr>
            <ns3:cad>90</ns3:cad>
          </ns3:TrackPointExtension>
        </extensions>
      </trkpt>
      <trkpt lat="24.5347098447382450103759765625" lon="118.155263029038906097412109375">
        <ele>15.19999980926513671875</ele>
        <time>2026-08-06T11:21:58.000Z</time>
        <extensions>
          <ns3:TrackPointExtension>
            <ns3:hr>164</ns3:hr>
            <ns3:cad>90</ns3:cad>
          </ns3:TrackPointExtension>
        </extensions>
      </trkpt>
      <trkpt lat="24.53468109481036663055419921875" lon="118.15528188832104206085205078125">
        <ele>15.19999980926513671875</ele>
        <time>2026-08-06T11:21:59.000Z</time>
        <extensions>
          <ns3:TrackPointExtension>
            <ns3:hr>165</ns3:hr>
            <ns3:cad>89</ns3:cad>
          </ns3:TrackPointExtension>
        </extensions>
      </trkpt>
      <trkpt lat="24.534651003777980804443359375" lon="118.15529831685125827789306640625">
        <ele>15.19999980926513671875</ele>
        <time>2026-08-06T11:22:00.000Z</time>
        <extensions>
          <ns3:TrackPointExtension>
            <ns3:hr>165</ns3:hr>
            <ns3:cad>89</ns3:cad>
          </ns3:TrackPointExtension>
        </extensions>
      </trkpt>
      <trkpt lat="24.53462258912622928619384765625" lon="118.1553129851818084716796875">
        <ele>15.19999980926513671875</ele>
        <time>2026-08-06T11:22:01.000Z</time>
        <extensions>
          <ns3:TrackPointExtension>
            <ns3:hr>165</ns3:hr>
            <ns3:cad>89</ns3:cad>
          </ns3:TrackPointExtension>
        </extensions>
      </trkpt>
      <trkpt lat="24.5345881395041942596435546875" lon="118.1553262285888195037841796875">
        <ele>15.19999980926513671875</ele>
        <time>2026-08-06T11:22:02.000Z</time>
        <extensions>
          <ns3:TrackPointExtension>
            <ns3:hr>165</ns3:hr>
            <ns3:cad>90</ns3:cad>
          </ns3:TrackPointExtension>
        </extensions>
      </trkpt>
      <trkpt lat="24.53455620445311069488525390625" lon="118.15533737652003765106201171875">
        <ele>15.19999980926513671875</ele>
        <time>2026-08-06T11:22:03.000Z</time>
        <extensions>
          <ns3:TrackPointExtension>
            <ns3:hr>165</ns3:hr>
            <ns3:cad>90</ns3:cad>
          </ns3:TrackPointExtension>
        </extensions>
      </trkpt>
      <trkpt lat="24.534522593021392822265625" lon="118.155341483652591705322265625">
        <ele>15.19999980926513671875</ele>
        <time>2026-08-06T11:22:04.000Z</time>
        <extensions>
          <ns3:TrackPointExtension>
            <ns3:hr>165</ns3:hr>
            <ns3:cad>90</ns3:cad>
          </ns3:TrackPointExtension>
        </extensions>
      </trkpt>
      <trkpt lat="24.5344890654087066650390625" lon="118.1553493626415729522705078125">
        <ele>15.19999980926513671875</ele>
        <time>2026-08-06T11:22:05.000Z</time>
        <extensions>
          <ns3:TrackPointExtension>
            <ns3:hr>164</ns3:hr>
            <ns3:cad>91</ns3:cad>
          </ns3:TrackPointExtension>
        </extensions>
      </trkpt>
      <trkpt lat="24.53445352613925933837890625" lon="118.15535120666027069091796875">
        <ele>15.19999980926513671875</ele>
        <time>2026-08-06T11:22:06.000Z</time>
        <extensions>
          <ns3:TrackPointExtension>
            <ns3:hr>165</ns3:hr>
            <ns3:cad>91</ns3:cad>
          </ns3:TrackPointExtension>
        </extensions>
      </trkpt>
      <trkpt lat="24.53442460857331752777099609375" lon="118.1553540565073490142822265625">
        <ele>15.3999996185302734375</ele>
        <time>2026-08-06T11:22:07.000Z</time>
        <extensions>
          <ns3:TrackPointExtension>
            <ns3:hr>165</ns3:hr>
            <ns3:cad>89</ns3:cad>
          </ns3:TrackPointExtension>
        </extensions>
      </trkpt>
      <trkpt lat="24.534391500055789947509765625" lon="118.15535196103155612945556640625">
        <ele>15.3999996185302734375</ele>
        <time>2026-08-06T11:22:08.000Z</time>
        <extensions>
          <ns3:TrackPointExtension>
            <ns3:hr>164</ns3:hr>
            <ns3:cad>89</ns3:cad>
          </ns3:TrackPointExtension>
        </extensions>
      </trkpt>
      <trkpt lat="24.53436073847115039825439453125" lon="118.1553584150969982147216796875">
        <ele>15.3999996185302734375</ele>
        <time>2026-08-06T11:22:09.000Z</time>
        <extensions>
          <ns3:TrackPointExtension>
            <ns3:hr>163</ns3:hr>
            <ns3:cad>89</ns3:cad>
          </ns3:TrackPointExtension>
        </extensions>
      </trkpt>
      <trkpt lat="24.53432704322040081024169921875" lon="118.15535615198314189910888671875">
        <ele>15.3999996185302734375</ele>
        <time>2026-08-06T11:22:10.000Z</time>
        <extensions>
          <ns3:TrackPointExtension>
            <ns3:hr>160</ns3:hr>
            <ns3:cad>89</ns3:cad>
          </ns3:TrackPointExtension>
        </extensions>
      </trkpt>
      <trkpt lat="24.53429586254060268402099609375" lon="118.15536168403923511505126953125">
        <ele>15.19999980926513671875</ele>
        <time>2026-08-06T11:22:11.000Z</time>
        <extensions>
          <ns3:TrackPointExtension>
            <ns3:hr>154</ns3:hr>
            <ns3:cad>90</ns3:cad>
          </ns3:TrackPointExtension>
        </extensions>
      </trkpt>
      <trkpt lat="24.53426116146147251129150390625" lon="118.15535749308764934539794921875">
        <ele>15.3999996185302734375</ele>
        <time>2026-08-06T11:22:12.000Z</time>
        <extensions>
          <ns3:TrackPointExtension>
            <ns3:hr>152</ns3:hr>
            <ns3:cad>90</ns3:cad>
          </ns3:TrackPointExtension>
        </extensions>
      </trkpt>
      <trkpt lat="24.5342314057052135467529296875" lon="118.15535749308764934539794921875">
        <ele>15.19999980926513671875</ele>
        <time>2026-08-06T11:22:13.000Z</time>
        <extensions>
          <ns3:TrackPointExtension>
            <ns3:hr>152</ns3:hr>
            <ns3:cad>90</ns3:cad>
          </ns3:TrackPointExtension>
        </extensions>
      </trkpt>
      <trkpt lat="24.53419578261673450469970703125" lon="118.15534852445125579833984375">
        <ele>15.19999980926513671875</ele>
        <time>2026-08-06T11:22:14.000Z</time>
        <extensions>
          <ns3:TrackPointExtension>
            <ns3:hr>152</ns3:hr>
            <ns3:cad>89</ns3:cad>
          </ns3:TrackPointExtension>
        </extensions>
      </trkpt>
      <trkpt lat="24.53416359610855579376220703125" lon="118.1553470157086849212646484375">
        <ele>15.19999980926513671875</ele>
        <time>2026-08-06T11:22:15.000Z</time>
        <extensions>
          <ns3:TrackPointExtension>
            <ns3:hr>152</ns3:hr>
            <ns3:cad>89</ns3:cad>
          </ns3:TrackPointExtension>
        </extensions>
      </trkpt>
      <trkpt lat="24.5341298170387744903564453125" lon="118.1553329341113567352294921875">
        <ele>15.3999996185302734375</ele>
        <time>2026-08-06T11:22:16.000Z</time>
        <extensions>
          <ns3:TrackPointExtension>
            <ns3:hr>153</ns3:hr>
            <ns3:cad>89</ns3:cad>
          </ns3:TrackPointExtension>
        </extensions>
      </trkpt>
      <trkpt lat="24.53410073183476924896240234375" lon="118.15532782115042209625244140625">
        <ele>15.19999980926513671875</ele>
        <time>2026-08-06T11:22:17.000Z</time>
        <extensions>
          <ns3:TrackPointExtension>
            <ns3:hr>156</ns3:hr>
            <ns3:cad>89</ns3:cad>
          </ns3:TrackPointExtension>
        </extensions>
      </trkpt>
      <trkpt lat="24.5340674556791782379150390625" lon="118.1553101353347301483154296875">
        <ele>15.19999980926513671875</ele>
        <time>2026-08-06T11:22:18.000Z</time>
        <extensions>
          <ns3:TrackPointExtension>
            <ns3:hr>158</ns3:hr>
            <ns3:cad>89</ns3:cad>
          </ns3:TrackPointExtension>
        </extensions>
      </trkpt>
      <trkpt lat="24.53404021449387073516845703125" lon="118.15530301071703433990478515625">
        <ele>15.3999996185302734375</ele>
        <time>2026-08-06T11:22:19.000Z</time>
        <extensions>
          <ns3:TrackPointExtension>
            <ns3:hr>159</ns3:hr>
            <ns3:cad>89</ns3:cad>
          </ns3:TrackPointExtension>
        </extensions>
      </trkpt>
      <trkpt lat="24.534009285271167755126953125" lon="118.1552856601774692535400390625">
        <ele>15.3999996185302734375</ele>
        <time>2026-08-06T11:22:20.000Z</time>
        <extensions>
          <ns3:TrackPointExtension>
            <ns3:hr>159</ns3:hr>
            <ns3:cad>90</ns3:cad>
          </ns3:TrackPointExtension>
        </extensions>
      </trkpt>
      <trkpt lat="24.53398053534328937530517578125" lon="118.15527434460818767547607421875">
        <ele>15.3999996185302734375</ele>
        <time>2026-08-06T11:22:21.000Z</time>
        <extensions>
          <ns3:TrackPointExtension>
            <ns3:hr>159</ns3:hr>
            <ns3:cad>90</ns3:cad>
          </ns3:TrackPointExtension>
        </extensions>
      </trkpt>
      <trkpt lat="24.5339454151690006256103515625" lon="118.155251629650592803955078125">
        <ele>15.3999996185302734375</ele>
        <time>2026-08-06T11:22:22.000Z</time>
        <extensions>
          <ns3:TrackPointExtension>
            <ns3:hr>159</ns3:hr>
            <ns3:cad>90</ns3:cad>
          </ns3:TrackPointExtension>
        </extensions>
      </trkpt>
      <trkpt lat="24.5339135639369487762451171875" lon="118.15523930825293064117431640625">
        <ele>15.3999996185302734375</ele>
        <time>2026-08-06T11:22:23.000Z</time>
        <extensions>
          <ns3:TrackPointExtension>
            <ns3:hr>160</ns3:hr>
            <ns3:cad>89</ns3:cad>
          </ns3:TrackPointExtension>
        </extensions>
      </trkpt>
      <trkpt lat="24.53388179652392864227294921875" lon="118.155211396515369415283203125">
        <ele>15.3999996185302734375</ele>
        <time>2026-08-06T11:22:24.000Z</time>
        <extensions>
          <ns3:TrackPointExtension>
            <ns3:hr>160</ns3:hr>
            <ns3:cad>89</ns3:cad>
          </ns3:TrackPointExtension>
        </extensions>
      </trkpt>
      <trkpt lat="24.53385078348219394683837890625" lon="118.1551941297948360443115234375">
        <ele>15.3999996185302734375</ele>
        <time>2026-08-06T11:22:25.000Z</time>
        <extensions>
          <ns3:TrackPointExtension>
            <ns3:hr>161</ns3:hr>
            <ns3:cad>89</ns3:cad>
          </ns3:TrackPointExtension>
        </extensions>
      </trkpt>
      <trkpt lat="24.5338230393826961517333984375" lon="118.1551649607717990875244140625">
        <ele>15.19999980926513671875</ele>
        <time>2026-08-06T11:22:26.000Z</time>
        <extensions>
          <ns3:TrackPointExtension>
            <ns3:hr>161</ns3:hr>
            <ns3:cad>89</ns3:cad>
          </ns3:TrackPointExtension>
        </extensions>
      </trkpt>
      <trkpt lat="24.53379395417869091033935546875" lon="118.15514559857547283172607421875">
        <ele>15.19999980926513671875</ele>
        <time>2026-08-06T11:22:27.000Z</time>
        <extensions>
          <ns3:TrackPointExtension>
            <ns3:hr>162</ns3:hr>
            <ns3:cad>90</ns3:cad>
          </ns3:TrackPointExtension>
        </extensions>
      </trkpt>
      <trkpt lat="24.53376729972660541534423828125" lon="118.15511575900018215179443359375">
        <ele>15</ele>
        <time>2026-08-06T11:22:28.000Z</time>
        <extensions>
          <ns3:TrackPointExtension>
            <ns3:hr>163</ns3:hr>
            <ns3:cad>90</ns3:cad>
          </ns3:TrackPointExtension>
        </extensions>
      </trkpt>
      <trkpt lat="24.53374098055064678192138671875" lon="118.1550942175090312957763671875">
        <ele>15</ele>
        <time>2026-08-06T11:22:29.000Z</time>
        <extensions>
          <ns3:TrackPointExtension>
            <ns3:hr>163</ns3:hr>
            <ns3:cad>91</ns3:cad>
          </ns3:TrackPointExtension>
        </extensions>
      </trkpt>
      <trkpt lat="24.53371918760240077972412109375" lon="118.155062198638916015625">
        <ele>15</ele>
        <time>2026-08-06T11:22:30.000Z</time>
        <extensions>
          <ns3:TrackPointExtension>
            <ns3:hr>163</ns3:hr>
            <ns3:cad>91</ns3:cad>
          </ns3:TrackPointExtension>
        </extensions>
      </trkpt>
      <trkpt lat="24.5336969755589962005615234375" lon="118.155043758451938629150390625">
        <ele>15</ele>
        <time>2026-08-06T11:22:31.000Z</time>
        <extensions>
          <ns3:TrackPointExtension>
            <ns3:hr>164</ns3:hr>
            <ns3:cad>89</ns3:cad>
          </ns3:TrackPointExtension>
        </extensions>
      </trkpt>
      <trkpt lat="24.53368096612393856048583984375" lon="118.15501031465828418731689453125">
        <ele>15.19999980926513671875</ele>
        <time>2026-08-06T11:22:32.000Z</time>
        <extensions>
          <ns3:TrackPointExtension>
            <ns3:hr>164</ns3:hr>
            <ns3:cad>89</ns3:cad>
          </ns3:TrackPointExtension>
        </extensions>
      </trkpt>
      <trkpt lat="24.53366252593696117401123046875" lon="118.154992125928401947021484375">
        <ele>15.19999980926513671875</ele>
        <time>2026-08-06T11:22:33.000Z</time>
        <extensions>
          <ns3:TrackPointExtension>
            <ns3:hr>164</ns3:hr>
            <ns3:cad>89</ns3:cad>
          </ns3:TrackPointExtension>
        </extensions>
      </trkpt>
      <trkpt lat="24.53364911489188671112060546875" lon="118.1549534015357494354248046875">
        <ele>15.19999980926513671875</ele>
        <time>2026-08-06T11:22:34.000Z</time>
        <extensions>
          <ns3:TrackPointExtension>
            <ns3:hr>164</ns3:hr>
            <ns3:cad>89</ns3:cad>
          </ns3:TrackPointExtension>
        </extensions>
      </trkpt>
      <trkpt lat="24.53363419510424137115478515625" lon="118.15493051894009113311767578125">
        <ele>15.19999980926513671875</ele>
        <time>2026-08-06T11:22:35.000Z</time>
        <extensions>
          <ns3:TrackPointExtension>
            <ns3:hr>164</ns3:hr>
            <ns3:cad>89</ns3:cad>
          </ns3:TrackPointExtension>
        </extensions>
      </trkpt>
      <trkpt lat="24.53362028114497661590576171875" lon="118.1548856757581233978271484375">
        <ele>15.19999980926513671875</ele>
        <time>2026-08-06T11:22:36.000Z</time>
        <extensions>
          <ns3:TrackPointExtension>
            <ns3:hr>164</ns3:hr>
            <ns3:cad>89</ns3:cad>
          </ns3:TrackPointExtension>
        </extensions>
      </trkpt>
      <trkpt lat="24.533604942262172698974609375" lon="118.154859356582164764404296875">
        <ele>15</ele>
        <time>2026-08-06T11:22:37.000Z</time>
        <extensions>
          <ns3:TrackPointExtension>
            <ns3:hr>164</ns3:hr>
            <ns3:cad>90</ns3:cad>
          </ns3:TrackPointExtension>
        </extensions>
      </trkpt>
      <trkpt lat="24.533596225082874298095703125" lon="118.154815100133419036865234375">
        <ele>15</ele>
        <time>2026-08-06T11:22:38.000Z</time>
        <extensions>
          <ns3:TrackPointExtension>
            <ns3:hr>164</ns3:hr>
            <ns3:cad>90</ns3:cad>
          </ns3:TrackPointExtension>
        </extensions>
      </trkpt>
      <trkpt lat="24.5335846580564975738525390625" lon="118.154789619147777557373046875">
        <ele>15</ele>
        <time>2026-08-06T11:22:39.000Z</time>
        <extensions>
          <ns3:TrackPointExtension>
            <ns3:hr>164</ns3:hr>
            <ns3:cad>89</ns3:cad>
          </ns3:TrackPointExtension>
        </extensions>
      </trkpt>
      <trkpt lat="24.5335839875042438507080078125" lon="118.15474636852741241455078125">
        <ele>15</ele>
        <time>2026-08-06T11:22:40.000Z</time>
        <extensions>
          <ns3:TrackPointExtension>
            <ns3:hr>165</ns3:hr>
            <ns3:cad>88</ns3:cad>
          </ns3:TrackPointExtension>
        </extensions>
      </trkpt>
      <trkpt lat="24.5335789583623409271240234375" lon="118.154720552265644073486328125">
        <ele>14.80000019073486328125</ele>
        <time>2026-08-06T11:22:41.000Z</time>
        <extensions>
          <ns3:TrackPointExtension>
            <ns3:hr>165</ns3:hr>
            <ns3:cad>88</ns3:cad>
          </ns3:TrackPointExtension>
        </extensions>
      </trkpt>
      <trkpt lat="24.53358038328588008880615234375" lon="118.1546747870743274688720703125">
        <ele>15</ele>
        <time>2026-08-06T11:22:42.000Z</time>
        <extensions>
          <ns3:TrackPointExtension>
            <ns3:hr>165</ns3:hr>
            <ns3:cad>88</ns3:cad>
          </ns3:TrackPointExtension>
        </extensions>
      </trkpt>
      <trkpt lat="24.5335771143436431884765625" lon="118.15464268438518047332763671875">
        <ele>15</ele>
        <time>2026-08-06T11:22:43.000Z</time>
        <extensions>
          <ns3:TrackPointExtension>
            <ns3:hr>165</ns3:hr>
            <ns3:cad>89</ns3:cad>
          </ns3:TrackPointExtension>
        </extensions>
      </trkpt>
      <trkpt lat="24.53357920981943607330322265625" lon="118.1545966677367687225341796875">
        <ele>14.80000019073486328125</ele>
        <time>2026-08-06T11:22:44.000Z</time>
        <extensions>
          <ns3:TrackPointExtension>
            <ns3:hr>165</ns3:hr>
            <ns3:cad>89</ns3:cad>
          </ns3:TrackPointExtension>
        </extensions>
      </trkpt>
      <trkpt lat="24.53357518650591373443603515625" lon="118.1545658223330974578857421875">
        <ele>14.80000019073486328125</ele>
        <time>2026-08-06T11:22:45.000Z</time>
        <extensions>
          <ns3:TrackPointExtension>
            <ns3:hr>165</ns3:hr>
            <ns3:cad>89</ns3:cad>
          </ns3:TrackPointExtension>
        </extensions>
      </trkpt>
      <trkpt lat="24.53357652761042118072509765625" lon="118.154522739350795745849609375">
        <ele>14.80000019073486328125</ele>
        <time>2026-08-06T11:22:46.000Z</time>
        <extensions>
          <ns3:TrackPointExtension>
            <ns3:hr>165</ns3:hr>
            <ns3:cad>89</ns3:cad>
          </ns3:TrackPointExtension>
        </extensions>
      </trkpt>
      <trkpt lat="24.5335752703249454498291015625" lon="118.15449331887066364288330078125">
        <ele>14.6000003814697265625</ele>
        <time>2026-08-06T11:22:47.000Z</time>
        <extensions>
          <ns3:TrackPointExtension>
            <ns3:hr>164</ns3:hr>
            <ns3:cad>89</ns3:cad>
          </ns3:TrackPointExtension>
        </extensions>
      </trkpt>
      <trkpt lat="24.533582143485546112060546875" lon="118.15445224754512310028076171875">
        <ele>14.6000003814697265625</ele>
        <time>2026-08-06T11:22:48.000Z</time>
        <extensions>
          <ns3:TrackPointExtension>
            <ns3:hr>164</ns3:hr>
            <ns3:cad>89</ns3:cad>
          </ns3:TrackPointExtension>
        </extensions>
      </trkpt>
      <trkpt lat="24.53358239494264125823974609375" lon="118.154418133199214935302734375">
        <ele>14.6000003814697265625</ele>
        <time>2026-08-06T11:22:49.000Z</time>
        <extensions>
          <ns3:TrackPointExtension>
            <ns3:hr>165</ns3:hr>
            <ns3:cad>89</ns3:cad>
          </ns3:TrackPointExtension>
        </extensions>
      </trkpt>
      <trkpt lat="24.5335923694074153900146484375" lon="118.1543733738362789154052734375">
        <ele>14.6000003814697265625</ele>
        <time>2026-08-06T11:22:50.000Z</time>
        <extensions>
          <ns3:TrackPointExtension>
            <ns3:hr>164</ns3:hr>
            <ns3:cad>89</ns3:cad>
          </ns3:TrackPointExtension>
        </extensions>
      </trkpt>
      <trkpt lat="24.5336004160344600677490234375" lon="118.15434244461357593536376953125">
        <ele>14.6000003814697265625</ele>
        <time>2026-08-06T11:22:51.000Z</time>
        <extensions>
          <ns3:TrackPointExtension>
            <ns3:hr>164</ns3:hr>
            <ns3:cad>89</ns3:cad>
          </ns3:TrackPointExtension>
        </extensions>
      </trkpt>
      <trkpt lat="24.533615671098232269287109375" lon="118.15430338494479656219482421875">
        <ele>14.80000019073486328125</ele>
        <time>2026-08-06T11:22:52.000Z</time>
        <extensions>
          <ns3:TrackPointExtension>
            <ns3:hr>164</ns3:hr>
            <ns3:cad>89</ns3:cad>
          </ns3:TrackPointExtension>
        </extensions>
      </trkpt>
      <trkpt lat="24.53362648375332355499267578125" lon="118.15427388064563274383544921875">
        <ele>14.6000003814697265625</ele>
        <time>2026-08-06T11:22:53.000Z</time>
        <extensions>
          <ns3:TrackPointExtension>
            <ns3:hr>163</ns3:hr>
            <ns3:cad>90</ns3:cad>
          </ns3:TrackPointExtension>
        </extensions>
      </trkpt>
      <trkpt lat="24.53364391811192035675048828125" lon="118.1542409397661685943603515625">
        <ele>14.6000003814697265625</ele>
        <time>2026-08-06T11:22:54.000Z</time>
        <extensions>
          <ns3:TrackPointExtension>
            <ns3:hr>163</ns3:hr>
            <ns3:cad>90</ns3:cad>
          </ns3:TrackPointExtension>
        </extensions>
      </trkpt>
      <trkpt lat="24.533659927546977996826171875" lon="118.1542097590863704681396484375">
        <ele>14.6000003814697265625</ele>
        <time>2026-08-06T11:22:55.000Z</time>
        <extensions>
          <ns3:TrackPointExtension>
            <ns3:hr>163</ns3:hr>
            <ns3:cad>89</ns3:cad>
          </ns3:TrackPointExtension>
        </extensions>
      </trkpt>
      <trkpt lat="24.5336785353720188140869140625" lon="118.1541757285594940185546875">
        <ele>14.80000019073486328125</ele>
        <time>2026-08-06T11:22:56.000Z</time>
        <extensions>
          <ns3:TrackPointExtension>
            <ns3:hr>163</ns3:hr>
            <ns3:cad>88</ns3:cad>
          </ns3:TrackPointExtension>
        </extensions>
      </trkpt>
      <trkpt lat="24.53369806520640850067138671875" lon="118.15414396114647388458251953125">
        <ele>14.6000003814697265625</ele>
        <time>2026-08-06T11:22:57.000Z</time>
        <extensions>
          <ns3:TrackPointExtension>
            <ns3:hr>164</ns3:hr>
            <ns3:cad>88</ns3:cad>
          </ns3:TrackPointExtension>
        </extensions>
      </trkpt>
      <trkpt lat="24.5337164215743541717529296875" lon="118.1541098468005657196044921875">
        <ele>14.80000019073486328125</ele>
        <time>2026-08-06T11:22:58.000Z</time>
        <extensions>
          <ns3:TrackPointExtension>
            <ns3:hr>163</ns3:hr>
            <ns3:cad>88</ns3:cad>
          </ns3:TrackPointExtension>
        </extensions>
      </trkpt>
      <trkpt lat="24.5337372086942195892333984375" lon="118.154079504311084747314453125">
        <ele>14.80000019073486328125</ele>
        <time>2026-08-06T11:22:59.000Z</time>
        <extensions>
          <ns3:TrackPointExtension>
            <ns3:hr>163</ns3:hr>
            <ns3:cad>88</ns3:cad>
          </ns3:TrackPointExtension>
        </extensions>
      </trkpt>
      <trkpt lat="24.533755481243133544921875" lon="118.15404773689806461334228515625">
        <ele>14.6000003814697265625</ele>
        <time>2026-08-06T11:23:00.000Z</time>
        <extensions>
          <ns3:TrackPointExtension>
            <ns3:hr>164</ns3:hr>
            <ns3:cad>88</ns3:cad>
          </ns3:TrackPointExtension>
        </extensions>
      </trkpt>
      <trkpt lat="24.53378104604780673980712890625" lon="118.15401957370340824127197265625">
        <ele>14.6000003814697265625</ele>
        <time>2026-08-06T11:23:01.000Z</time>
        <extensions>
          <ns3:TrackPointExtension>
            <ns3:hr>164</ns3:hr>
            <ns3:cad>90</ns3:cad>
          </ns3:TrackPointExtension>
        </extensions>
      </trkpt>
      <trkpt lat="24.5338019169867038726806640625" lon="118.153986968100070953369140625">
        <ele>14.6000003814697265625</ele>
        <time>2026-08-06T11:23:02.000Z</time>
        <extensions>
          <ns3:TrackPointExtension>
            <ns3:hr>164</ns3:hr>
            <ns3:cad>90</ns3:cad>
          </ns3:TrackPointExtension>
        </extensions>
      </trkpt>
      <trkpt lat="24.53383033163845539093017578125" lon="118.1539623253047466278076171875">
        <ele>14.3999996185302734375</ele>
        <time>2026-08-06T11:23:03.000Z</time>
        <extensions>
          <ns3:TrackPointExtension>
            <ns3:hr>164</ns3:hr>
            <ns3:cad>89</ns3:cad>
          </ns3:TrackPointExtension>
        </extensions>
      </trkpt>
      <trkpt lat="24.53385329805314540863037109375" lon="118.1539385206997394561767578125">
        <ele>14.3999996185302734375</ele>
        <time>2026-08-06T11:23:04.000Z</time>
        <extensions>
          <ns3:TrackPointExtension>
            <ns3:hr>164</ns3:hr>
            <ns3:cad>88</ns3:cad>
          </ns3:TrackPointExtension>
        </extensions>
      </trkpt>
      <trkpt lat="24.53388716094195842742919921875" lon="118.1539209187030792236328125">
        <ele>14.6000003814697265625</ele>
        <time>2026-08-06T11:23:05.000Z</time>
        <extensions>
          <ns3:TrackPointExtension>
            <ns3:hr>164</ns3:hr>
            <ns3:cad>88</ns3:cad>
          </ns3:TrackPointExtension>
        </extensions>
      </trkpt>
      <trkpt lat="24.5339115522801876068115234375" lon="118.153901807963848114013671875">
        <ele>14.6000003814697265625</ele>
        <time>2026-08-06T11:23:06.000Z</time>
        <extensions>
          <ns3:TrackPointExtension>
            <ns3:hr>164</ns3:hr>
            <ns3:cad>88</ns3:cad>
          </ns3:TrackPointExtension>
        </extensions>
      </trkpt>
      <trkpt lat="24.5339460857212543487548828125" lon="118.15388278104364871978759765625">
        <ele>14.6000003814697265625</ele>
        <time>2026-08-06T11:23:07.000Z</time>
        <extensions>
          <ns3:TrackPointExtension>
            <ns3:hr>164</ns3:hr>
            <ns3:cad>89</ns3:cad>
          </ns3:TrackPointExtension>
        </extensions>
      </trkpt>
      <trkpt lat="24.5339698903262615203857421875" lon="118.1538640893995761871337890625">
        <ele>14.3999996185302734375</ele>
        <time>2026-08-06T11:23:08.000Z</time>
        <extensions>
          <ns3:TrackPointExtension>
            <ns3:hr>165</ns3:hr>
            <ns3:cad>89</ns3:cad>
          </ns3:TrackPointExtension>
        </extensions>
      </trkpt>
      <trkpt lat="24.5340062677860260009765625" lon="118.1538496725261211395263671875">
        <ele>14.3999996185302734375</ele>
        <time>2026-08-06T11:23:09.000Z</time>
        <extensions>
          <ns3:TrackPointExtension>
            <ns3:hr>164</ns3:hr>
            <ns3:cad>89</ns3:cad>
          </ns3:TrackPointExtension>
        </extensions>
      </trkpt>
      <trkpt lat="24.53403065912425518035888671875" lon="118.15382997505366802215576171875">
        <ele>14.3999996185302734375</ele>
        <time>2026-08-06T11:23:10.000Z</time>
        <extensions>
          <ns3:TrackPointExtension>
            <ns3:hr>164</ns3:hr>
            <ns3:cad>89</ns3:cad>
          </ns3:TrackPointExtension>
        </extensions>
      </trkpt>
      <trkpt lat="24.534069634974002838134765625" lon="118.1538189947605133056640625">
        <ele>14.19999980926513671875</ele>
        <time>2026-08-06T11:23:11.000Z</time>
        <extensions>
          <ns3:TrackPointExtension>
            <ns3:hr>165</ns3:hr>
            <ns3:cad>89</ns3:cad>
          </ns3:TrackPointExtension>
        </extensions>
      </trkpt>
      <trkpt lat="24.534091763198375701904296875" lon="118.153808601200580596923828125">
        <ele>14.19999980926513671875</ele>
        <time>2026-08-06T11:23:12.000Z</time>
        <extensions>
          <ns3:TrackPointExtension>
            <ns3:hr>164</ns3:hr>
            <ns3:cad>89</ns3:cad>
          </ns3:TrackPointExtension>
        </extensions>
      </trkpt>
      <trkpt lat="24.534131325781345367431640625" lon="118.153801225125789642333984375">
        <ele>14.19999980926513671875</ele>
        <time>2026-08-06T11:23:13.000Z</time>
        <extensions>
          <ns3:TrackPointExtension>
            <ns3:hr>164</ns3:hr>
            <ns3:cad>89</ns3:cad>
          </ns3:TrackPointExtension>
        </extensions>
      </trkpt>
      <trkpt lat="24.53415605239570140838623046875" lon="118.1537920050323009490966796875">
        <ele>14.3999996185302734375</ele>
        <time>2026-08-06T11:23:14.000Z</time>
        <extensions>
          <ns3:TrackPointExtension>
            <ns3:hr>164</ns3:hr>
            <ns3:cad>89</ns3:cad>
          </ns3:TrackPointExtension>
        </extensions>
      </trkpt>
      <trkpt lat="24.53419712372124195098876953125" lon="118.153790496289730072021484375">
        <ele>14.3999996185302734375</ele>
        <time>2026-08-06T11:23:15.000Z</time>
        <extensions>
          <ns3:TrackPointExtension>
            <ns3:hr>164</ns3:hr>
            <ns3:cad>89</ns3:cad>
          </ns3:TrackPointExtension>
        </extensions>
      </trkpt>
      <trkpt lat="24.5342226885259151458740234375" lon="118.1537785939872264862060546875">
        <ele>14.3999996185302734375</ele>
        <time>2026-08-06T11:23:16.000Z</time>
        <extensions>
          <ns3:TrackPointExtension>
            <ns3:hr>163</ns3:hr>
            <ns3:cad>90</ns3:cad>
          </ns3:TrackPointExtension>
        </extensions>
      </trkpt>
      <trkpt lat="24.53426267020404338836669921875" lon="118.15377666614949703216552734375">
        <ele>14.3999996185302734375</ele>
        <time>2026-08-06T11:23:17.000Z</time>
        <extensions>
          <ns3:TrackPointExtension>
            <ns3:hr>164</ns3:hr>
            <ns3:cad>90</ns3:cad>
          </ns3:TrackPointExtension>
        </extensions>
      </trkpt>
      <trkpt lat="24.53428815118968486785888671875" lon="118.1537671945989131927490234375">
        <ele>14.19999980926513671875</ele>
        <time>2026-08-06T11:23:18.000Z</time>
        <extensions>
          <ns3:TrackPointExtension>
            <ns3:hr>164</ns3:hr>
            <ns3:cad>89</ns3:cad>
          </ns3:TrackPointExtension>
        </extensions>
      </trkpt>
      <trkpt lat="24.53432804904878139495849609375" lon="118.1537641771137714385986328125">
        <ele>14</ele>
        <time>2026-08-06T11:23:19.000Z</time>
        <extensions>
          <ns3:TrackPointExtension>
            <ns3:hr>164</ns3:hr>
            <ns3:cad>89</ns3:cad>
          </ns3:TrackPointExtension>
        </extensions>
      </trkpt>
      <trkpt lat="24.5343524403870105743408203125" lon="118.153758980333805084228515625">
        <ele>14</ele>
        <time>2026-08-06T11:23:20.000Z</time>
        <extensions>
          <ns3:TrackPointExtension>
            <ns3:hr>163</ns3:hr>
            <ns3:cad>89</ns3:cad>
          </ns3:TrackPointExtension>
        </extensions>
      </trkpt>
      <trkpt lat="24.5343906618654727935791015625" lon="118.15376199781894683837890625">
        <ele>14</ele>
        <time>2026-08-06T11:23:21.000Z</time>
        <extensions>
          <ns3:TrackPointExtension>
            <ns3:hr>163</ns3:hr>
            <ns3:cad>89</ns3:cad>
          </ns3:TrackPointExtension>
        </extensions>
      </trkpt>
      <trkpt lat="24.534410946071147918701171875" lon="118.153757639229297637939453125">
        <ele>14</ele>
        <time>2026-08-06T11:23:22.000Z</time>
        <extensions>
          <ns3:TrackPointExtension>
            <ns3:hr>163</ns3:hr>
            <ns3:cad>89</ns3:cad>
          </ns3:TrackPointExtension>
        </extensions>
      </trkpt>
      <trkpt lat="24.5344461500644683837890625" lon="118.15376593731343746185302734375">
        <ele>13.80000019073486328125</ele>
        <time>2026-08-06T11:23:23.000Z</time>
        <extensions>
          <ns3:TrackPointExtension>
            <ns3:hr>163</ns3:hr>
            <ns3:cad>89</ns3:cad>
          </ns3:TrackPointExtension>
        </extensions>
      </trkpt>
      <trkpt lat="24.53447724692523479461669921875" lon="118.15376468002796173095703125">
        <ele>14</ele>
        <time>2026-08-06T11:23:24.000Z</time>
        <extensions>
          <ns3:TrackPointExtension>
            <ns3:hr>164</ns3:hr>
            <ns3:cad>89</ns3:cad>
          </ns3:TrackPointExtension>
        </extensions>
      </trkpt>
      <trkpt lat="24.53451295383274555206298828125" lon="118.15377046354115009307861328125">
        <ele>14</ele>
        <time>2026-08-06T11:23:25.000Z</time>
        <extensions>
          <ns3:TrackPointExtension>
            <ns3:hr>163</ns3:hr>
            <ns3:cad>89</ns3:cad>
          </ns3:TrackPointExtension>
        </extensions>
      </trkpt>
      <trkpt lat="24.534547068178653717041015625" lon="118.15377146936953067779541015625">
        <ele>14</ele>
        <time>2026-08-06T11:23:26.000Z</time>
        <extensions>
          <ns3:TrackPointExtension>
            <ns3:hr>163</ns3:hr>
            <ns3:cad>89</ns3:cad>
          </ns3:TrackPointExtension>
        </extensions>
      </trkpt>
      <trkpt lat="24.53458352945744991302490234375" lon="118.1537752412259578704833984375">
        <ele>14</ele>
        <time>2026-08-06T11:23:27.000Z</time>
        <extensions>
          <ns3:TrackPointExtension>
            <ns3:hr>164</ns3:hr>
            <ns3:cad>89</ns3:cad>
          </ns3:TrackPointExtension>
        </extensions>
      </trkpt>
      <trkpt lat="24.53460984863340854644775390625" lon="118.15377649851143360137939453125">
        <ele>14</ele>
        <time>2026-08-06T11:23:28.000Z</time>
        <extensions>
          <ns3:TrackPointExtension>
            <ns3:hr>163</ns3:hr>
            <ns3:cad>89</ns3:cad>
          </ns3:TrackPointExtension>
        </extensions>
      </trkpt>
      <trkpt lat="24.5346454717218875885009765625" lon="118.15378186292946338653564453125">
        <ele>14</ele>
        <time>2026-08-06T11:23:29.000Z</time>
        <extensions>
          <ns3:TrackPointExtension>
            <ns3:hr>163</ns3:hr>
            <ns3:cad>89</ns3:cad>
          </ns3:TrackPointExtension>
        </extensions>
      </trkpt>
      <trkpt lat="24.5346716232597827911376953125" lon="118.15378605388104915618896484375">
        <ele>14</ele>
        <time>2026-08-06T11:23:30.000Z</time>
        <extensions>
          <ns3:TrackPointExtension>
            <ns3:hr>163</ns3:hr>
            <ns3:cad>89</ns3:cad>
          </ns3:TrackPointExtension>
        </extensions>
      </trkpt>
      <trkpt lat="24.5347105152904987335205078125" lon="118.1537842936813831329345703125">
        <ele>13.80000019073486328125</ele>
        <time>2026-08-06T11:23:31.000Z</time>
        <extensions>
          <ns3:TrackPointExtension>
            <ns3:hr>164</ns3:hr>
            <ns3:cad>89</ns3:cad>
          </ns3:TrackPointExtension>
        </extensions>
      </trkpt>
      <trkpt lat="24.5347403548657894134521484375" lon="118.15378203056752681732177734375">
        <ele>13.80000019073486328125</ele>
        <time>2026-08-06T11:23:32.000Z</time>
        <extensions>
          <ns3:TrackPointExtension>
            <ns3:hr>163</ns3:hr>
            <ns3:cad>90</ns3:cad>
          </ns3:TrackPointExtension>
        </extensions>
      </trkpt>
      <trkpt lat="24.534779749810695648193359375" lon="118.153778426349163055419921875">
        <ele>13.6000003814697265625</ele>
        <time>2026-08-06T11:23:33.000Z</time>
        <extensions>
          <ns3:TrackPointExtension>
            <ns3:hr>163</ns3:hr>
            <ns3:cad>90</ns3:cad>
          </ns3:TrackPointExtension>
        </extensions>
      </trkpt>
      <trkpt lat="24.5348124392330646514892578125" lon="118.153777420520782470703125">
        <ele>13.6000003814697265625</ele>
        <time>2026-08-06T11:23:34.000Z</time>
        <extensions>
          <ns3:TrackPointExtension>
            <ns3:hr>163</ns3:hr>
            <ns3:cad>89</ns3:cad>
          </ns3:TrackPointExtension>
        </extensions>
      </trkpt>
      <trkpt lat="24.53484789468348026275634765625" lon="118.1537698768079280853271484375">
        <ele>13.6000003814697265625</ele>
        <time>2026-08-06T11:23:35.000Z</time>
        <extensions>
          <ns3:TrackPointExtension>
            <ns3:hr>163</ns3:hr>
            <ns3:cad>89</ns3:cad>
          </ns3:TrackPointExtension>
        </extensions>
      </trkpt>
      <trkpt lat="24.5348805002868175506591796875" lon="118.1537645123898983001708984375">
        <ele>13.6000003814697265625</ele>
        <time>2026-08-06T11:23:36.000Z</time>
        <extensions>
          <ns3:TrackPointExtension>
            <ns3:hr>163</ns3:hr>
            <ns3:cad>88</ns3:cad>
          </ns3:TrackPointExtension>
        </extensions>
      </trkpt>
      <trkpt lat="24.53491218388080596923828125" lon="118.15375420264899730682373046875">
        <ele>13.6000003814697265625</ele>
        <time>2026-08-06T11:23:37.000Z</time>
        <extensions>
          <ns3:TrackPointExtension>
            <ns3:hr>163</ns3:hr>
            <ns3:cad>88</ns3:cad>
          </ns3:TrackPointExtension>
        </extensions>
      </trkpt>
      <trkpt lat="24.53494361601769924163818359375" lon="118.1537438929080963134765625">
        <ele>13.6000003814697265625</ele>
        <time>2026-08-06T11:23:38.000Z</time>
        <extensions>
          <ns3:TrackPointExtension>
            <ns3:hr>163</ns3:hr>
            <ns3:cad>88</ns3:cad>
          </ns3:TrackPointExtension>
        </extensions>
      </trkpt>
      <trkpt lat="24.53497521579265594482421875" lon="118.1537319906055927276611328125">
        <ele>13.80000019073486328125</ele>
        <time>2026-08-06T11:23:39.000Z</time>
        <extensions>
          <ns3:TrackPointExtension>
            <ns3:hr>163</ns3:hr>
            <ns3:cad>88</ns3:cad>
          </ns3:TrackPointExtension>
        </extensions>
      </trkpt>
      <trkpt lat="24.535007067024707794189453125" lon="118.1537236087024211883544921875">
        <ele>13.6000003814697265625</ele>
        <time>2026-08-06T11:23:40.000Z</time>
        <extensions>
          <ns3:TrackPointExtension>
            <ns3:hr>162</ns3:hr>
            <ns3:cad>88</ns3:cad>
          </ns3:TrackPointExtension>
        </extensions>
      </trkpt>
      <trkpt lat="24.53503958880901336669921875" lon="118.1537091918289661407470703125">
        <ele>13.6000003814697265625</ele>
        <time>2026-08-06T11:23:41.000Z</time>
        <extensions>
          <ns3:TrackPointExtension>
            <ns3:hr>163</ns3:hr>
            <ns3:cad>90</ns3:cad>
          </ns3:TrackPointExtension>
        </extensions>
      </trkpt>
      <trkpt lat="24.53507018275558948516845703125" lon="118.1536937691271305084228515625">
        <ele>13.6000003814697265625</ele>
        <time>2026-08-06T11:23:42.000Z</time>
        <extensions>
          <ns3:TrackPointExtension>
            <ns3:hr>163</ns3:hr>
            <ns3:cad>90</ns3:cad>
          </ns3:TrackPointExtension>
        </extensions>
      </trkpt>
      <trkpt lat="24.53510664403438568115234375" lon="118.1536746583878993988037109375">
        <ele>13.6000003814697265625</ele>
        <time>2026-08-06T11:23:43.000Z</time>
        <extensions>
          <ns3:TrackPointExtension>
            <ns3:hr>163</ns3:hr>
            <ns3:cad>89</ns3:cad>
          </ns3:TrackPointExtension>
        </extensions>
      </trkpt>
      <trkpt lat="24.53513556160032749176025390625" lon="118.15366099588572978973388671875">
        <ele>13.3999996185302734375</ele>
        <time>2026-08-06T11:23:44.000Z</time>
        <extensions>
          <ns3:TrackPointExtension>
            <ns3:hr>162</ns3:hr>
            <ns3:cad>89</ns3:cad>
          </ns3:TrackPointExtension>
        </extensions>
      </trkpt>
      <trkpt lat="24.53516338951885700225830078125" lon="118.15364523790776729583740234375">
        <ele>13.3999996185302734375</ele>
        <time>2026-08-06T11:23:45.000Z</time>
        <extensions>
          <ns3:TrackPointExtension>
            <ns3:hr>163</ns3:hr>
            <ns3:cad>89</ns3:cad>
          </ns3:TrackPointExtension>
        </extensions>
      </trkpt>
      <trkpt lat="24.53519239090383052825927734375" lon="118.15363115631043910980224609375">
        <ele>13.3999996185302734375</ele>
        <time>2026-08-06T11:23:46.000Z</time>
        <extensions>
          <ns3:TrackPointExtension>
            <ns3:hr>163</ns3:hr>
            <ns3:cad>90</ns3:cad>
          </ns3:TrackPointExtension>
        </extensions>
      </trkpt>
      <trkpt lat="24.53521803952753543853759765625" lon="118.15361179411411285400390625">
        <ele>13.6000003814697265625</ele>
        <time>2026-08-06T11:23:47.000Z</time>
        <extensions>
          <ns3:TrackPointExtension>
            <ns3:hr>163</ns3:hr>
            <ns3:cad>90</ns3:cad>
          </ns3:TrackPointExtension>
        </extensions>
      </trkpt>
      <trkpt lat="24.53524720855057239532470703125" lon="118.1535883247852325439453125">
        <ele>13.3999996185302734375</ele>
        <time>2026-08-06T11:23:48.000Z</time>
        <extensions>
          <ns3:TrackPointExtension>
            <ns3:hr>162</ns3:hr>
            <ns3:cad>90</ns3:cad>
          </ns3:TrackPointExtension>
        </extensions>
      </trkpt>
      <trkpt lat="24.53526682220399379730224609375" lon="118.15357047133147716522216796875">
        <ele>13.6000003814697265625</ele>
        <time>2026-08-06T11:23:49.000Z</time>
        <extensions>
          <ns3:TrackPointExtension>
            <ns3:hr>162</ns3:hr>
            <ns3:cad>90</ns3:cad>
          </ns3:TrackPointExtension>
        </extensions>
      </trkpt>
      <trkpt lat="24.535291381180286407470703125" lon="118.15354985184967517852783203125">
        <ele>13.3999996185302734375</ele>
        <time>2026-08-06T11:23:50.000Z</time>
        <extensions>
          <ns3:TrackPointExtension>
            <ns3:hr>162</ns3:hr>
            <ns3:cad>90</ns3:cad>
          </ns3:TrackPointExtension>
        </extensions>
      </trkpt>
      <trkpt lat="24.53531359322369098663330078125" lon="118.15352923236787319183349609375">
        <ele>13.3999996185302734375</ele>
        <time>2026-08-06T11:23:51.000Z</time>
        <extensions>
          <ns3:TrackPointExtension>
            <ns3:hr>163</ns3:hr>
            <ns3:cad>89</ns3:cad>
          </ns3:TrackPointExtension>
        </extensions>
      </trkpt>
      <trkpt lat="24.5353411696851253509521484375" lon="118.15350777469575405120849609375">
        <ele>13.3999996185302734375</ele>
        <time>2026-08-06T11:23:52.000Z</time>
        <extensions>
          <ns3:TrackPointExtension>
            <ns3:hr>163</ns3:hr>
            <ns3:cad>88</ns3:cad>
          </ns3:TrackPointExtension>
        </extensions>
      </trkpt>
      <trkpt lat="24.53536656685173511505126953125" lon="118.153484053909778594970703125">
        <ele>13.3999996185302734375</ele>
        <time>2026-08-06T11:23:53.000Z</time>
        <extensions>
          <ns3:TrackPointExtension>
            <ns3:hr>162</ns3:hr>
            <ns3:cad>88</ns3:cad>
          </ns3:TrackPointExtension>
        </extensions>
      </trkpt>
      <trkpt lat="24.53539607115089893341064453125" lon="118.153459914028644561767578125">
        <ele>13.3999996185302734375</ele>
        <time>2026-08-06T11:23:54.000Z</time>
        <extensions>
          <ns3:TrackPointExtension>
            <ns3:hr>162</ns3:hr>
            <ns3:cad>89</ns3:cad>
          </ns3:TrackPointExtension>
        </extensions>
      </trkpt>
      <trkpt lat="24.5354224741458892822265625" lon="118.1534416414797306060791015625">
        <ele>13.3999996185302734375</ele>
        <time>2026-08-06T11:23:55.000Z</time>
        <extensions>
          <ns3:TrackPointExtension>
            <ns3:hr>162</ns3:hr>
            <ns3:cad>89</ns3:cad>
          </ns3:TrackPointExtension>
        </extensions>
      </trkpt>
      <trkpt lat="24.53544854186475276947021484375" lon="118.15342026762664318084716796875">
        <ele>13.3999996185302734375</ele>
        <time>2026-08-06T11:23:56.000Z</time>
        <extensions>
          <ns3:TrackPointExtension>
            <ns3:hr>162</ns3:hr>
            <ns3:cad>90</ns3:cad>
          </ns3:TrackPointExtension>
        </extensions>
      </trkpt>
      <trkpt lat="24.535468406975269317626953125" lon="118.153395541012287139892578125">
        <ele>13.3999996185302734375</ele>
        <time>2026-08-06T11:23:57.000Z</time>
        <extensions>
          <ns3:TrackPointExtension>
            <ns3:hr>162</ns3:hr>
            <ns3:cad>90</ns3:cad>
          </ns3:TrackPointExtension>
        </extensions>
      </trkpt>
      <trkpt lat="24.53549296595156192779541015625" lon="118.15337433479726314544677734375">
        <ele>13.3999996185302734375</ele>
        <time>2026-08-06T11:23:58.000Z</time>
        <extensions>
          <ns3:TrackPointExtension>
            <ns3:hr>162</ns3:hr>
            <ns3:cad>89</ns3:cad>
          </ns3:TrackPointExtension>
        </extensions>
      </trkpt>
      <trkpt lat="24.53551157377660274505615234375" lon="118.15334969200193881988525390625">
        <ele>13.6000003814697265625</ele>
        <time>2026-08-06T11:23:59.000Z</time>
        <extensions>
          <ns3:TrackPointExtension>
            <ns3:hr>162</ns3:hr>
            <ns3:cad>89</ns3:cad>
          </ns3:TrackPointExtension>
        </extensions>
      </trkpt>
      <trkpt lat="24.53552716411650180816650390625" lon="118.15332219935953617095947265625">
        <ele>13.6000003814697265625</ele>
        <time>2026-08-06T11:24:00.000Z</time>
        <extensions>
          <ns3:TrackPointExtension>
            <ns3:hr>162</ns3:hr>
            <ns3:cad>88</ns3:cad>
          </ns3:TrackPointExtension>
        </extensions>
      </trkpt>
      <trkpt lat="24.53554258681833744049072265625" lon="118.1532954610884189605712890625">
        <ele>13.3999996185302734375</ele>
        <time>2026-08-06T11:24:01.000Z</time>
        <extensions>
          <ns3:TrackPointExtension>
            <ns3:hr>162</ns3:hr>
            <ns3:cad>88</ns3:cad>
          </ns3:TrackPointExtension>
        </extensions>
      </trkpt>
      <trkpt lat="24.53557007946074008941650390625" lon="118.15326654352247714996337890625">
        <ele>13.3999996185302734375</ele>
        <time>2026-08-06T11:24:02.000Z</time>
        <extensions>
          <ns3:TrackPointExtension>
            <ns3:hr>162</ns3:hr>
            <ns3:cad>88</ns3:cad>
          </ns3:TrackPointExtension>
        </extensions>
      </trkpt>
      <trkpt lat="24.5355914533138275146484375" lon="118.153236620128154754638671875">
        <ele>13.3999996185302734375</ele>
        <time>2026-08-06T11:24:03.000Z</time>
        <extensions>
          <ns3:TrackPointExtension>
            <ns3:hr>162</ns3:hr>
            <ns3:cad>89</ns3:cad>
          </ns3:TrackPointExtension>
        </extensions>
      </trkpt>
      <trkpt lat="24.535617269575595855712890625" lon="118.15321373753249645233154296875">
        <ele>13.19999980926513671875</ele>
        <time>2026-08-06T11:24:04.000Z</time>
        <extensions>
          <ns3:TrackPointExtension>
            <ns3:hr>161</ns3:hr>
            <ns3:cad>91</ns3:cad>
          </ns3:TrackPointExtension>
        </extensions>
      </trkpt>
      <trkpt lat="24.53563881106674671173095703125" lon="118.15318741835653781890869140625">
        <ele>13.19999980926513671875</ele>
        <time>2026-08-06T11:24:05.000Z</time>
        <extensions>
          <ns3:TrackPointExtension>
            <ns3:hr>162</ns3:hr>
            <ns3:cad>91</ns3:cad>
          </ns3:TrackPointExtension>
        </extensions>
      </trkpt>
      <trkpt lat="24.53566965647041797637939453125" lon="118.15316797234117984771728515625">
        <ele>13.19999980926513671875</ele>
        <time>2026-08-06T11:24:06.000Z</time>
        <extensions>
          <ns3:TrackPointExtension>
            <ns3:hr>162</ns3:hr>
            <ns3:cad>91</ns3:cad>
          </ns3:TrackPointExtension>
        </extensions>
      </trkpt>
      <trkpt lat="24.53570452518761157989501953125" lon="118.1531543098390102386474609375">
        <ele>13.19999980926513671875</ele>
        <time>2026-08-06T11:24:07.000Z</time>
        <extensions>
          <ns3:TrackPointExtension>
            <ns3:hr>161</ns3:hr>
            <ns3:cad>90</ns3:cad>
          </ns3:TrackPointExtension>
        </extensions>
      </trkpt>
      <trkpt lat="24.53573687933385372161865234375" lon="118.153162859380245208740234375">
        <ele>13.19999980926513671875</ele>
        <time>2026-08-06T11:24:08.000Z</time>
        <extensions>
          <ns3:TrackPointExtension>
            <ns3:hr>162</ns3:hr>
            <ns3:cad>90</ns3:cad>
          </ns3:TrackPointExtension>
        </extensions>
      </trkpt>
      <trkpt lat="24.5357726700603961944580078125" lon="118.15317333675920963287353515625">
        <ele>13.19999980926513671875</ele>
        <time>2026-08-06T11:24:09.000Z</time>
        <extensions>
          <ns3:TrackPointExtension>
            <ns3:hr>162</ns3:hr>
            <ns3:cad>90</ns3:cad>
          </ns3:TrackPointExtension>
        </extensions>
      </trkpt>
      <trkpt lat="24.5357978157699108123779296875" lon="118.153191693127155303955078125">
        <ele>13</ele>
        <time>2026-08-06T11:24:10.000Z</time>
        <extensions>
          <ns3:TrackPointExtension>
            <ns3:hr>162</ns3:hr>
            <ns3:cad>91</ns3:cad>
          </ns3:TrackPointExtension>
        </extensions>
      </trkpt>
      <trkpt lat="24.5358256436884403228759765625" lon="118.1532156653702259063720703125">
        <ele>13</ele>
        <time>2026-08-06T11:24:11.000Z</time>
        <extensions>
          <ns3:TrackPointExtension>
            <ns3:hr>162</ns3:hr>
            <ns3:cad>91</ns3:cad>
          </ns3:TrackPointExtension>
        </extensions>
      </trkpt>
      <trkpt lat="24.5358501188457012176513671875" lon="118.15323485992848873138427734375">
        <ele>13</ele>
        <time>2026-08-06T11:24:12.000Z</time>
        <extensions>
          <ns3:TrackPointExtension>
            <ns3:hr>161</ns3:hr>
            <ns3:cad>91</ns3:cad>
          </ns3:TrackPointExtension>
        </extensions>
      </trkpt>
      <trkpt lat="24.53588121570646762847900390625" lon="118.15325665287673473358154296875">
        <ele>13</ele>
        <time>2026-08-06T11:24:13.000Z</time>
        <extensions>
          <ns3:TrackPointExtension>
            <ns3:hr>162</ns3:hr>
            <ns3:cad>92</ns3:cad>
          </ns3:TrackPointExtension>
        </extensions>
      </trkpt>
      <trkpt lat="24.535906612873077392578125" lon="118.15327626653015613555908203125">
        <ele>13.19999980926513671875</ele>
        <time>2026-08-06T11:24:14.000Z</time>
        <extensions>
          <ns3:TrackPointExtension>
            <ns3:hr>162</ns3:hr>
            <ns3:cad>92</ns3:cad>
          </ns3:TrackPointExtension>
        </extensions>
      </trkpt>
      <trkpt lat="24.53593603335320949554443359375" lon="118.15329470671713352203369140625">
        <ele>13.19999980926513671875</ele>
        <time>2026-08-06T11:24:15.000Z</time>
        <extensions>
          <ns3:TrackPointExtension>
            <ns3:hr>162</ns3:hr>
            <ns3:cad>90</ns3:cad>
          </ns3:TrackPointExtension>
        </extensions>
      </trkpt>
      <trkpt lat="24.53595849685370922088623046875" lon="118.15330870449542999267578125">
        <ele>13.19999980926513671875</ele>
        <time>2026-08-06T11:24:16.000Z</time>
        <extensions>
          <ns3:TrackPointExtension>
            <ns3:hr>162</ns3:hr>
            <ns3:cad>90</ns3:cad>
          </ns3:TrackPointExtension>
        </extensions>
      </trkpt>
      <trkpt lat="24.53598967753350734710693359375" lon="118.1533239595592021942138671875">
        <ele>13.19999980926513671875</ele>
        <time>2026-08-06T11:24:17.000Z</time>
        <extensions>
          <ns3:TrackPointExtension>
            <ns3:hr>162</ns3:hr>
            <ns3:cad>89</ns3:cad>
          </ns3:TrackPointExtension>
        </extensions>
      </trkpt>
      <trkpt lat="24.53601482324302196502685546875" lon="118.15333820879459381103515625">
        <ele>13.19999980926513671875</ele>
        <time>2026-08-06T11:24:18.000Z</time>
        <extensions>
          <ns3:TrackPointExtension>
            <ns3:hr>162</ns3:hr>
            <ns3:cad>89</ns3:cad>
          </ns3:TrackPointExtension>
        </extensions>
      </trkpt>
      <trkpt lat="24.53604533337056636810302734375" lon="118.15335304476320743560791015625">
        <ele>13.19999980926513671875</ele>
        <time>2026-08-06T11:24:19.000Z</time>
        <extensions>
          <ns3:TrackPointExtension>
            <ns3:hr>162</ns3:hr>
            <ns3:cad>89</ns3:cad>
          </ns3:TrackPointExtension>
        </extensions>
      </trkpt>
      <trkpt lat="24.53607182018458843231201171875" lon="118.1533710658550262451171875">
        <ele>13.19999980926513671875</ele>
        <time>2026-08-06T11:24:20.000Z</time>
        <extensions>
          <ns3:TrackPointExtension>
            <ns3:hr>162</ns3:hr>
            <ns3:cad>90</ns3:cad>
          </ns3:TrackPointExtension>
        </extensions>
      </trkpt>
      <trkpt lat="24.53610417433083057403564453125" lon="118.15338590182363986968994140625">
        <ele>13.19999980926513671875</ele>
        <time>2026-08-06T11:24:21.000Z</time>
        <extensions>
          <ns3:TrackPointExtension>
            <ns3:hr>162</ns3:hr>
            <ns3:cad>90</ns3:cad>
          </ns3:TrackPointExtension>
        </extensions>
      </trkpt>
      <trkpt lat="24.53613300807774066925048828125" lon="118.15340618602931499481201171875">
        <ele>13.19999980926513671875</ele>
        <time>2026-08-06T11:24:22.000Z</time>
        <extensions>
          <ns3:TrackPointExtension>
            <ns3:hr>161</ns3:hr>
            <ns3:cad>89</ns3:cad>
          </ns3:TrackPointExtension>
        </extensions>
      </trkpt>
      <trkpt lat="24.536166451871395111083984375" lon="118.15342378802597522735595703125">
        <ele>13.19999980926513671875</ele>
        <time>2026-08-06T11:24:23.000Z</time>
        <extensions>
          <ns3:TrackPointExtension>
            <ns3:hr>161</ns3:hr>
            <ns3:cad>88</ns3:cad>
          </ns3:TrackPointExtension>
        </extensions>
      </trkpt>
      <trkpt lat="24.53619830310344696044921875" lon="118.153444826602935791015625">
        <ele>13</ele>
        <time>2026-08-06T11:24:24.000Z</time>
        <extensions>
          <ns3:TrackPointExtension>
            <ns3:hr>161</ns3:hr>
            <ns3:cad>88</ns3:cad>
          </ns3:TrackPointExtension>
        </extensions>
      </trkpt>
      <trkpt lat="24.53622738830745220184326171875" lon="118.15346159040927886962890625">
        <ele>13</ele>
        <time>2026-08-06T11:24:25.000Z</time>
        <extensions>
          <ns3:TrackPointExtension>
            <ns3:hr>161</ns3:hr>
            <ns3:cad>88</ns3:cad>
          </ns3:TrackPointExtension>
        </extensions>
      </trkpt>
      <trkpt lat="24.5362531207501888275146484375" lon="118.1534818746149539947509765625">
        <ele>13</ele>
        <time>2026-08-06T11:24:26.000Z</time>
        <extensions>
          <ns3:TrackPointExtension>
            <ns3:hr>161</ns3:hr>
            <ns3:cad>89</ns3:cad>
          </ns3:TrackPointExtension>
        </extensions>
      </trkpt>
      <trkpt lat="24.53628220595419406890869140625" lon="118.15349369309842586517333984375">
        <ele>13</ele>
        <time>2026-08-06T11:24:27.000Z</time>
        <extensions>
          <ns3:TrackPointExtension>
            <ns3:hr>162</ns3:hr>
            <ns3:cad>89</ns3:cad>
          </ns3:TrackPointExtension>
        </extensions>
      </trkpt>
      <trkpt lat="24.536309279501438140869140625" lon="118.15351548604667186737060546875">
        <ele>13</ele>
        <time>2026-08-06T11:24:28.000Z</time>
        <extensions>
          <ns3:TrackPointExtension>
            <ns3:hr>162</ns3:hr>
            <ns3:cad>90</ns3:cad>
          </ns3:TrackPointExtension>
        </extensions>
      </trkpt>
      <trkpt lat="24.53633585013449192047119140625" lon="118.1535301543772220611572265625">
        <ele>13</ele>
        <time>2026-08-06T11:24:29.000Z</time>
        <extensions>
          <ns3:TrackPointExtension>
            <ns3:hr>162</ns3:hr>
            <ns3:cad>90</ns3:cad>
          </ns3:TrackPointExtension>
        </extensions>
      </trkpt>
      <trkpt lat="24.53636594116687774658203125" lon="118.15355387516319751739501953125">
        <ele>13</ele>
        <time>2026-08-06T11:24:30.000Z</time>
        <extensions>
          <ns3:TrackPointExtension>
            <ns3:hr>162</ns3:hr>
            <ns3:cad>90</ns3:cad>
          </ns3:TrackPointExtension>
        </extensions>
      </trkpt>
      <trkpt lat="24.53639016486704349517822265625" lon="118.1535680405795574188232421875">
        <ele>13</ele>
        <time>2026-08-06T11:24:31.000Z</time>
        <extensions>
          <ns3:TrackPointExtension>
            <ns3:hr>162</ns3:hr>
            <ns3:cad>89</ns3:cad>
          </ns3:TrackPointExtension>
        </extensions>
      </trkpt>
      <trkpt lat="24.5364177413284778594970703125" lon="118.1535936892032623291015625">
        <ele>12.80000019073486328125</ele>
        <time>2026-08-06T11:24:32.000Z</time>
        <extensions>
          <ns3:TrackPointExtension>
            <ns3:hr>162</ns3:hr>
            <ns3:cad>88</ns3:cad>
          </ns3:TrackPointExtension>
        </extensions>
      </trkpt>
      <trkpt lat="24.5364390313625335693359375" lon="118.15360802225768566131591796875">
        <ele>12.80000019073486328125</ele>
        <time>2026-08-06T11:24:33.000Z</time>
        <extensions>
          <ns3:TrackPointExtension>
            <ns3:hr>163</ns3:hr>
            <ns3:cad>88</ns3:cad>
          </ns3:TrackPointExtension>
        </extensions>
      </trkpt>
      <trkpt lat="24.5364725589752197265625" lon="118.15363652072846889495849609375">
        <ele>12.80000019073486328125</ele>
        <time>2026-08-06T11:24:34.000Z</time>
        <extensions>
          <ns3:TrackPointExtension>
            <ns3:hr>163</ns3:hr>
            <ns3:cad>88</ns3:cad>
          </ns3:TrackPointExtension>
        </extensions>
      </trkpt>
      <trkpt lat="24.5365007221698760986328125" lon="118.15365127287805080413818359375">
        <ele>12.80000019073486328125</ele>
        <time>2026-08-06T11:24:35.000Z</time>
        <extensions>
          <ns3:TrackPointExtension>
            <ns3:hr>163</ns3:hr>
            <ns3:cad>88</ns3:cad>
          </ns3:TrackPointExtension>
        </extensions>
      </trkpt>
      <trkpt lat="24.5365337468683719635009765625" lon="118.15367222763597965240478515625">
        <ele>12.80000019073486328125</ele>
        <time>2026-08-06T11:24:36.000Z</time>
        <extensions>
          <ns3:TrackPointExtension>
            <ns3:hr>163</ns3:hr>
            <ns3:cad>89</ns3:cad>
          </ns3:TrackPointExtension>
        </extensions>
      </trkpt>
      <trkpt lat="24.5365624129772186279296875" lon="118.1536840461194515228271484375">
        <ele>12.6000003814697265625</ele>
        <time>2026-08-06T11:24:37.000Z</time>
        <extensions>
          <ns3:TrackPointExtension>
            <ns3:hr>164</ns3:hr>
            <ns3:cad>89</ns3:cad>
          </ns3:TrackPointExtension>
        </extensions>
      </trkpt>
      <trkpt lat="24.5365945994853973388671875" lon="118.15370659343898296356201171875">
        <ele>12.6000003814697265625</ele>
        <time>2026-08-06T11:24:38.000Z</time>
        <extensions>
          <ns3:TrackPointExtension>
            <ns3:hr>163</ns3:hr>
            <ns3:cad>89</ns3:cad>
          </ns3:TrackPointExtension>
        </extensions>
      </trkpt>
      <trkpt lat="24.5366212539374828338623046875" lon="118.15371715463697910308837890625">
        <ele>12.6000003814697265625</ele>
        <time>2026-08-06T11:24:39.000Z</time>
        <extensions>
          <ns3:TrackPointExtension>
            <ns3:hr>163</ns3:hr>
            <ns3:cad>89</ns3:cad>
          </ns3:TrackPointExtension>
        </extensions>
      </trkpt>
      <trkpt lat="24.53664891421794891357421875" lon="118.15374347381293773651123046875">
        <ele>12.6000003814697265625</ele>
        <time>2026-08-06T11:24:40.000Z</time>
        <extensions>
          <ns3:TrackPointExtension>
            <ns3:hr>164</ns3:hr>
            <ns3:cad>89</ns3:cad>
          </ns3:TrackPointExtension>
        </extensions>
      </trkpt>
      <trkpt lat="24.53667598776519298553466796875" lon="118.15375722013413906097412109375">
        <ele>12.6000003814697265625</ele>
        <time>2026-08-06T11:24:41.000Z</time>
        <extensions>
          <ns3:TrackPointExtension>
            <ns3:hr>164</ns3:hr>
            <ns3:cad>89</ns3:cad>
          </ns3:TrackPointExtension>
        </extensions>
      </trkpt>
      <trkpt lat="24.5367127843201160430908203125" lon="118.153780438005924224853515625">
        <ele>12.6000003814697265625</ele>
        <time>2026-08-06T11:24:42.000Z</time>
        <extensions>
          <ns3:TrackPointExtension>
            <ns3:hr>164</ns3:hr>
            <ns3:cad>89</ns3:cad>
          </ns3:TrackPointExtension>
        </extensions>
      </trkpt>
      <trkpt lat="24.53673650510609149932861328125" lon="118.1537906639277935028076171875">
        <ele>12.6000003814697265625</ele>
        <time>2026-08-06T11:24:43.000Z</time>
        <extensions>
          <ns3:TrackPointExtension>
            <ns3:hr>163</ns3:hr>
            <ns3:cad>90</ns3:cad>
          </ns3:TrackPointExtension>
        </extensions>
      </trkpt>
      <trkpt lat="24.53676701523363590240478515625" lon="118.1538101099431514739990234375">
        <ele>12.6000003814697265625</ele>
        <time>2026-08-06T11:24:44.000Z</time>
        <extensions>
          <ns3:TrackPointExtension>
            <ns3:hr>163</ns3:hr>
            <ns3:cad>90</ns3:cad>
          </ns3:TrackPointExtension>
        </extensions>
      </trkpt>
      <trkpt lat="24.536791406571865081787109375" lon="118.1538208387792110443115234375">
        <ele>12.6000003814697265625</ele>
        <time>2026-08-06T11:24:45.000Z</time>
        <extensions>
          <ns3:TrackPointExtension>
            <ns3:hr>163</ns3:hr>
            <ns3:cad>90</ns3:cad>
          </ns3:TrackPointExtension>
        </extensions>
      </trkpt>
      <trkpt lat="24.53682535327970981597900390625" lon="118.1538412906229496002197265625">
        <ele>12.3999996185302734375</ele>
        <time>2026-08-06T11:24:46.000Z</time>
        <extensions>
          <ns3:TrackPointExtension>
            <ns3:hr>163</ns3:hr>
            <ns3:cad>89</ns3:cad>
          </ns3:TrackPointExtension>
        </extensions>
      </trkpt>
      <trkpt lat="24.53684739768505096435546875" lon="118.1538520194590091705322265625">
        <ele>12.3999996185302734375</ele>
        <time>2026-08-06T11:24:47.000Z</time>
        <extensions>
          <ns3:TrackPointExtension>
            <ns3:hr>164</ns3:hr>
            <ns3:cad>88</ns3:cad>
          </ns3:TrackPointExtension>
        </extensions>
      </trkpt>
      <trkpt lat="24.53688235022127628326416015625" lon="118.15388160757720470428466796875">
        <ele>12.3999996185302734375</ele>
        <time>2026-08-06T11:24:48.000Z</time>
        <extensions>
          <ns3:TrackPointExtension>
            <ns3:hr>163</ns3:hr>
            <ns3:cad>88</ns3:cad>
          </ns3:TrackPointExtension>
        </extensions>
      </trkpt>
      <trkpt lat="24.53690908849239349365234375" lon="118.153899796307086944580078125">
        <ele>12.19999980926513671875</ele>
        <time>2026-08-06T11:24:49.000Z</time>
        <extensions>
          <ns3:TrackPointExtension>
            <ns3:hr>163</ns3:hr>
            <ns3:cad>89</ns3:cad>
          </ns3:TrackPointExtension>
        </extensions>
      </trkpt>
      <trkpt lat="24.536942280828952789306640625" lon="118.15392904914915561676025390625">
        <ele>12.19999980926513671875</ele>
        <time>2026-08-06T11:24:50.000Z</time>
        <extensions>
          <ns3:TrackPointExtension>
            <ns3:hr>164</ns3:hr>
            <ns3:cad>89</ns3:cad>
          </ns3:TrackPointExtension>
        </extensions>
      </trkpt>
      <trkpt lat="24.53696541488170623779296875" lon="118.15394380129873752593994140625">
        <ele>12.19999980926513671875</ele>
        <time>2026-08-06T11:24:51.000Z</time>
        <extensions>
          <ns3:TrackPointExtension>
            <ns3:hr>164</ns3:hr>
            <ns3:cad>89</ns3:cad>
          </ns3:TrackPointExtension>
        </extensions>
      </trkpt>
      <trkpt lat="24.5369981043040752410888671875" lon="118.15396676771342754364013671875">
        <ele>12</ele>
        <time>2026-08-06T11:24:52.000Z</time>
        <extensions>
          <ns3:TrackPointExtension>
            <ns3:hr>164</ns3:hr>
            <ns3:cad>89</ns3:cad>
          </ns3:TrackPointExtension>
        </extensions>
      </trkpt>
      <trkpt lat="24.53702266328036785125732421875" lon="118.15398059785366058349609375">
        <ele>12</ele>
        <time>2026-08-06T11:24:53.000Z</time>
        <extensions>
          <ns3:TrackPointExtension>
            <ns3:hr>164</ns3:hr>
            <ns3:cad>89</ns3:cad>
          </ns3:TrackPointExtension>
        </extensions>
      </trkpt>
      <trkpt lat="24.53705258667469024658203125" lon="118.15400213934481143951416015625">
        <ele>12</ele>
        <time>2026-08-06T11:24:54.000Z</time>
        <extensions>
          <ns3:TrackPointExtension>
            <ns3:hr>164</ns3:hr>
            <ns3:cad>89</ns3:cad>
          </ns3:TrackPointExtension>
        </extensions>
      </trkpt>
      <trkpt lat="24.5370755530893802642822265625" lon="118.15401814877986907958984375">
        <ele>12</ele>
        <time>2026-08-06T11:24:55.000Z</time>
        <extensions>
          <ns3:TrackPointExtension>
            <ns3:hr>164</ns3:hr>
            <ns3:cad>88</ns3:cad>
          </ns3:TrackPointExtension>
        </extensions>
      </trkpt>
      <trkpt lat="24.53710581175982952117919921875" lon="118.15404228866100311279296875">
        <ele>12</ele>
        <time>2026-08-06T11:24:56.000Z</time>
        <extensions>
          <ns3:TrackPointExtension>
            <ns3:hr>165</ns3:hr>
            <ns3:cad>88</ns3:cad>
          </ns3:TrackPointExtension>
        </extensions>
      </trkpt>
      <trkpt lat="24.53712978400290012359619140625" lon="118.154061734676361083984375">
        <ele>12</ele>
        <time>2026-08-06T11:24:57.000Z</time>
        <extensions>
          <ns3:TrackPointExtension>
            <ns3:hr>165</ns3:hr>
            <ns3:cad>88</ns3:cad>
          </ns3:TrackPointExtension>
        </extensions>
      </trkpt>
      <trkpt lat="24.5371637307107448577880859375" lon="118.15408076159656047821044921875">
        <ele>11.80000019073486328125</ele>
        <time>2026-08-06T11:24:58.000Z</time>
        <extensions>
          <ns3:TrackPointExtension>
            <ns3:hr>165</ns3:hr>
            <ns3:cad>89</ns3:cad>
          </ns3:TrackPointExtension>
        </extensions>
      </trkpt>
      <trkpt lat="24.53718711622059345245361328125" lon="118.15409299917519092559814453125">
        <ele>11.80000019073486328125</ele>
        <time>2026-08-06T11:24:59.000Z</time>
        <extensions>
          <ns3:TrackPointExtension>
            <ns3:hr>165</ns3:hr>
            <ns3:cad>90</ns3:cad>
          </ns3:TrackPointExtension>
        </extensions>
      </trkpt>
      <trkpt lat="24.53721578232944011688232421875" lon="118.1541145406663417816162109375">
        <ele>11.80000019073486328125</ele>
        <time>2026-08-06T11:25:00.000Z</time>
        <extensions>
          <ns3:TrackPointExtension>
            <ns3:hr>165</ns3:hr>
            <ns3:cad>91</ns3:cad>
          </ns3:TrackPointExtension>
        </extensions>
      </trkpt>
      <trkpt lat="24.53724076040089130401611328125" lon="118.15412971191108226776123046875">
        <ele>11.80000019073486328125</ele>
        <time>2026-08-06T11:25:01.000Z</time>
        <extensions>
          <ns3:TrackPointExtension>
            <ns3:hr>164</ns3:hr>
            <ns3:cad>91</ns3:cad>
          </ns3:TrackPointExtension>
        </extensions>
      </trkpt>
      <trkpt lat="24.5372706837952136993408203125" lon="118.15415217541158199310302734375">
        <ele>11.80000019073486328125</ele>
        <time>2026-08-06T11:25:02.000Z</time>
        <extensions>
          <ns3:TrackPointExtension>
            <ns3:hr>165</ns3:hr>
            <ns3:cad>89</ns3:cad>
          </ns3:TrackPointExtension>
        </extensions>
      </trkpt>
      <trkpt lat="24.5372961647808551788330078125" lon="118.154165334999561309814453125">
        <ele>11.80000019073486328125</ele>
        <time>2026-08-06T11:25:03.000Z</time>
        <extensions>
          <ns3:TrackPointExtension>
            <ns3:hr>165</ns3:hr>
            <ns3:cad>89</ns3:cad>
          </ns3:TrackPointExtension>
        </extensions>
      </trkpt>
      <trkpt lat="24.5373266749083995819091796875" lon="118.15418469719588756561279296875">
        <ele>11.80000019073486328125</ele>
        <time>2026-08-06T11:25:04.000Z</time>
        <extensions>
          <ns3:TrackPointExtension>
            <ns3:hr>165</ns3:hr>
            <ns3:cad>88</ns3:cad>
          </ns3:TrackPointExtension>
        </extensions>
      </trkpt>
      <trkpt lat="24.53734888695180416107177734375" lon="118.15419894643127918243408203125">
        <ele>11.80000019073486328125</ele>
        <time>2026-08-06T11:25:05.000Z</time>
        <extensions>
          <ns3:TrackPointExtension>
            <ns3:hr>165</ns3:hr>
            <ns3:cad>88</ns3:cad>
          </ns3:TrackPointExtension>
        </extensions>
      </trkpt>
      <trkpt lat="24.53738383948802947998046875" lon="118.15421872772276401519775390625">
        <ele>11.80000019073486328125</ele>
        <time>2026-08-06T11:25:06.000Z</time>
        <extensions>
          <ns3:TrackPointExtension>
            <ns3:hr>165</ns3:hr>
            <ns3:cad>89</ns3:cad>
          </ns3:TrackPointExtension>
        </extensions>
      </trkpt>
      <trkpt lat="24.53741066157817840576171875" lon="118.15423599444329738616943359375">
        <ele>11.80000019073486328125</ele>
        <time>2026-08-06T11:25:07.000Z</time>
        <extensions>
          <ns3:TrackPointExtension>
            <ns3:hr>165</ns3:hr>
            <ns3:cad>89</ns3:cad>
          </ns3:TrackPointExtension>
        </extensions>
      </trkpt>
      <trkpt lat="24.5374490506947040557861328125" lon="118.15425896085798740386962890625">
        <ele>11.6000003814697265625</ele>
        <time>2026-08-06T11:25:08.000Z</time>
        <extensions>
          <ns3:TrackPointExtension>
            <ns3:hr>165</ns3:hr>
            <ns3:cad>90</ns3:cad>
          </ns3:TrackPointExtension>
        </extensions>
      </trkpt>
      <trkpt lat="24.537478052079677581787109375" lon="118.15427723340690135955810546875">
        <ele>11.6000003814697265625</ele>
        <time>2026-08-06T11:25:09.000Z</time>
        <extensions>
          <ns3:TrackPointExtension>
            <ns3:hr>165</ns3:hr>
            <ns3:cad>90</ns3:cad>
          </ns3:TrackPointExtension>
        </extensions>
      </trkpt>
      <trkpt lat="24.53751183114945888519287109375" lon="118.1543076597154140472412109375">
        <ele>11.6000003814697265625</ele>
        <time>2026-08-06T11:25:10.000Z</time>
        <extensions>
          <ns3:TrackPointExtension>
            <ns3:hr>165</ns3:hr>
            <ns3:cad>89</ns3:cad>
          </ns3:TrackPointExtension>
        </extensions>
      </trkpt>
      <trkpt lat="24.537533037364482879638671875" lon="118.15432970412075519561767578125">
        <ele>11.6000003814697265625</ele>
        <time>2026-08-06T11:25:11.000Z</time>
        <extensions>
          <ns3:TrackPointExtension>
            <ns3:hr>166</ns3:hr>
            <ns3:cad>89</ns3:cad>
          </ns3:TrackPointExtension>
        </extensions>
      </trkpt>
      <trkpt lat="24.537549130618572235107421875" lon="118.15437463112175464630126953125">
        <ele>11.6000003814697265625</ele>
        <time>2026-08-06T11:25:12.000Z</time>
        <extensions>
          <ns3:TrackPointExtension>
            <ns3:hr>166</ns3:hr>
            <ns3:cad>89</ns3:cad>
          </ns3:TrackPointExtension>
        </extensions>
      </trkpt>
      <trkpt lat="24.53755952417850494384765625" lon="118.15440430305898189544677734375">
        <ele>11.6000003814697265625</ele>
        <time>2026-08-06T11:25:13.000Z</time>
        <extensions>
          <ns3:TrackPointExtension>
            <ns3:hr>166</ns3:hr>
            <ns3:cad>90</ns3:cad>
          </ns3:TrackPointExtension>
        </extensions>
      </trkpt>
      <trkpt lat="24.5375573448836803436279296875" lon="118.154449649155139923095703125">
        <ele>11.3999996185302734375</ele>
        <time>2026-08-06T11:25:14.000Z</time>
        <extensions>
          <ns3:TrackPointExtension>
            <ns3:hr>165</ns3:hr>
            <ns3:cad>90</ns3:cad>
          </ns3:TrackPointExtension>
        </extensions>
      </trkpt>
      <trkpt lat="24.53755776397883892059326171875" lon="118.15448284149169921875">
        <ele>11.3999996185302734375</ele>
        <time>2026-08-06T11:25:15.000Z</time>
        <extensions>
          <ns3:TrackPointExtension>
            <ns3:hr>165</ns3:hr>
            <ns3:cad>91</ns3:cad>
          </ns3:TrackPointExtension>
        </extensions>
      </trkpt>
      <trkpt lat="24.5375382341444492340087890625" lon="118.15452299080789089202880859375">
        <ele>11.3999996185302734375</ele>
        <time>2026-08-06T11:25:16.000Z</time>
        <extensions>
          <ns3:TrackPointExtension>
            <ns3:hr>165</ns3:hr>
            <ns3:cad>91</ns3:cad>
          </ns3:TrackPointExtension>
        </extensions>
      </trkpt>
      <trkpt lat="24.53753060661256313323974609375" lon="118.15455333329737186431884765625">
        <ele>11.3999996185302734375</ele>
        <time>2026-08-06T11:25:17.000Z</time>
        <extensions>
          <ns3:TrackPointExtension>
            <ns3:hr>165</ns3:hr>
            <ns3:cad>91</ns3:cad>
          </ns3:TrackPointExtension>
        </extensions>
      </trkpt>
      <trkpt lat="24.53750981949269771575927734375" lon="118.15459214150905609130859375">
        <ele>11.19999980926513671875</ele>
        <time>2026-08-06T11:25:18.000Z</time>
        <extensions>
          <ns3:TrackPointExtension>
            <ns3:hr>165</ns3:hr>
            <ns3:cad>90</ns3:cad>
          </ns3:TrackPointExtension>
        </extensions>
      </trkpt>
      <trkpt lat="24.53749758191406726837158203125" lon="118.15462172962725162506103515625">
        <ele>11.19999980926513671875</ele>
        <time>2026-08-06T11:25:19.000Z</time>
        <extensions>
          <ns3:TrackPointExtension>
            <ns3:hr>165</ns3:hr>
            <ns3:cad>90</ns3:cad>
          </ns3:TrackPointExtension>
        </extensions>
      </trkpt>
      <trkpt lat="24.53747377730906009674072265625" lon="118.1546560116112232208251953125">
        <ele>11.19999980926513671875</ele>
        <time>2026-08-06T11:25:20.000Z</time>
        <extensions>
          <ns3:TrackPointExtension>
            <ns3:hr>166</ns3:hr>
            <ns3:cad>89</ns3:cad>
          </ns3:TrackPointExtension>
        </extensions>
      </trkpt>
      <trkpt lat="24.53745651058852672576904296875" lon="118.1546835042536258697509765625">
        <ele>11.19999980926513671875</ele>
        <time>2026-08-06T11:25:21.000Z</time>
        <extensions>
          <ns3:TrackPointExtension>
            <ns3:hr>165</ns3:hr>
            <ns3:cad>89</ns3:cad>
          </ns3:TrackPointExtension>
        </extensions>
      </trkpt>
      <trkpt lat="24.53743672929704189300537109375" lon="118.1547160260379314422607421875">
        <ele>11.3999996185302734375</ele>
        <time>2026-08-06T11:25:22.000Z</time>
        <extensions>
          <ns3:TrackPointExtension>
            <ns3:hr>165</ns3:hr>
            <ns3:cad>89</ns3:cad>
          </ns3:TrackPointExtension>
        </extensions>
      </trkpt>
      <trkpt lat="24.5374207198619842529296875" lon="118.15473790280520915985107421875">
        <ele>11.6000003814697265625</ele>
        <time>2026-08-06T11:25:23.000Z</time>
        <extensions>
          <ns3:TrackPointExtension>
            <ns3:hr>165</ns3:hr>
            <ns3:cad>89</ns3:cad>
          </ns3:TrackPointExtension>
        </extensions>
      </trkpt>
      <trkpt lat="24.5374007709324359893798828125" lon="118.1547686643898487091064453125">
        <ele>11.6000003814697265625</ele>
        <time>2026-08-06T11:25:24.000Z</time>
        <extensions>
          <ns3:TrackPointExtension>
            <ns3:hr>166</ns3:hr>
            <ns3:cad>90</ns3:cad>
          </ns3:TrackPointExtension>
        </extensions>
      </trkpt>
      <trkpt lat="24.5373885333538055419921875" lon="118.15479489974677562713623046875">
        <ele>11.6000003814697265625</ele>
        <time>2026-08-06T11:25:25.000Z</time>
        <extensions>
          <ns3:TrackPointExtension>
            <ns3:hr>165</ns3:hr>
            <ns3:cad>90</ns3:cad>
          </ns3:TrackPointExtension>
        </extensions>
      </trkpt>
      <trkpt lat="24.5373692549765110015869140625" lon="118.154825828969478607177734375">
        <ele>11.80000019073486328125</ele>
        <time>2026-08-06T11:25:26.000Z</time>
        <extensions>
          <ns3:TrackPointExtension>
            <ns3:hr>165</ns3:hr>
            <ns3:cad>90</ns3:cad>
          </ns3:TrackPointExtension>
        </extensions>
      </trkpt>
      <trkpt lat="24.53735291026532649993896484375" lon="118.154851980507373809814453125">
        <ele>11.6000003814697265625</ele>
        <time>2026-08-06T11:25:27.000Z</time>
        <extensions>
          <ns3:TrackPointExtension>
            <ns3:hr>165</ns3:hr>
            <ns3:cad>89</ns3:cad>
          </ns3:TrackPointExtension>
        </extensions>
      </trkpt>
      <trkpt lat="24.5373347215354442596435546875" lon="118.154885508120059967041015625">
        <ele>11.6000003814697265625</ele>
        <time>2026-08-06T11:25:28.000Z</time>
        <extensions>
          <ns3:TrackPointExtension>
            <ns3:hr>165</ns3:hr>
            <ns3:cad>88</ns3:cad>
          </ns3:TrackPointExtension>
        </extensions>
      </trkpt>
      <trkpt lat="24.5373203046619892120361328125" lon="118.15491593442857265472412109375">
        <ele>11.6000003814697265625</ele>
        <time>2026-08-06T11:25:29.000Z</time>
        <extensions>
          <ns3:TrackPointExtension>
            <ns3:hr>164</ns3:hr>
            <ns3:cad>88</ns3:cad>
          </ns3:TrackPointExtension>
        </extensions>
      </trkpt>
      <trkpt lat="24.53730404376983642578125" lon="118.15495113842189311981201171875">
        <ele>11.6000003814697265625</ele>
        <time>2026-08-06T11:25:30.000Z</time>
        <extensions>
          <ns3:TrackPointExtension>
            <ns3:hr>164</ns3:hr>
            <ns3:cad>89</ns3:cad>
          </ns3:TrackPointExtension>
        </extensions>
      </trkpt>
      <trkpt lat="24.53728727996349334716796875" lon="118.15498097799718379974365234375">
        <ele>11.6000003814697265625</ele>
        <time>2026-08-06T11:25:31.000Z</time>
        <extensions>
          <ns3:TrackPointExtension>
            <ns3:hr>165</ns3:hr>
            <ns3:cad>89</ns3:cad>
          </ns3:TrackPointExtension>
        </extensions>
      </trkpt>
      <trkpt lat="24.5372686721384525299072265625" lon="118.15501215867698192596435546875">
        <ele>11.6000003814697265625</ele>
        <time>2026-08-06T11:25:32.000Z</time>
        <extensions>
          <ns3:TrackPointExtension>
            <ns3:hr>165</ns3:hr>
            <ns3:cad>90</ns3:cad>
          </ns3:TrackPointExtension>
        </extensions>
      </trkpt>
      <trkpt lat="24.53725165687501430511474609375" lon="118.155043087899684906005859375">
        <ele>11.6000003814697265625</ele>
        <time>2026-08-06T11:25:33.000Z</time>
        <extensions>
          <ns3:TrackPointExtension>
            <ns3:hr>165</ns3:hr>
            <ns3:cad>90</ns3:cad>
          </ns3:TrackPointExtension>
        </extensions>
      </trkpt>
      <trkpt lat="24.53723724000155925750732421875" lon="118.15507334657013416290283203125">
        <ele>11.6000003814697265625</ele>
        <time>2026-08-06T11:25:34.000Z</time>
        <extensions>
          <ns3:TrackPointExtension>
            <ns3:hr>164</ns3:hr>
            <ns3:cad>89</ns3:cad>
          </ns3:TrackPointExtension>
        </extensions>
      </trkpt>
      <trkpt lat="24.5372210629284381866455078125" lon="118.1551042757928371429443359375">
        <ele>11.80000019073486328125</ele>
        <time>2026-08-06T11:25:35.000Z</time>
        <extensions>
          <ns3:TrackPointExtension>
            <ns3:hr>165</ns3:hr>
            <ns3:cad>88</ns3:cad>
          </ns3:TrackPointExtension>
        </extensions>
      </trkpt>
      <trkpt lat="24.537204802036285400390625" lon="118.15513419918715953826904296875">
        <ele>11.80000019073486328125</ele>
        <time>2026-08-06T11:25:36.000Z</time>
        <extensions>
          <ns3:TrackPointExtension>
            <ns3:hr>165</ns3:hr>
            <ns3:cad>88</ns3:cad>
          </ns3:TrackPointExtension>
        </extensions>
      </trkpt>
      <trkpt lat="24.53718594275414943695068359375" lon="118.15516420640051364898681640625">
        <ele>11.80000019073486328125</ele>
        <time>2026-08-06T11:25:37.000Z</time>
        <extensions>
          <ns3:TrackPointExtension>
            <ns3:hr>164</ns3:hr>
            <ns3:cad>89</ns3:cad>
          </ns3:TrackPointExtension>
        </extensions>
      </trkpt>
      <trkpt lat="24.5371707715094089508056640625" lon="118.15519706346094608306884765625">
        <ele>12</ele>
        <time>2026-08-06T11:25:38.000Z</time>
        <extensions>
          <ns3:TrackPointExtension>
            <ns3:hr>165</ns3:hr>
            <ns3:cad>89</ns3:cad>
          </ns3:TrackPointExtension>
        </extensions>
      </trkpt>
      <trkpt lat="24.53715384006500244140625" lon="118.1552283279597759246826171875">
        <ele>12</ele>
        <time>2026-08-06T11:25:39.000Z</time>
        <extensions>
          <ns3:TrackPointExtension>
            <ns3:hr>165</ns3:hr>
            <ns3:cad>89</ns3:cad>
          </ns3:TrackPointExtension>
        </extensions>
      </trkpt>
      <trkpt lat="24.53714109957218170166015625" lon="118.1552574969828128814697265625">
        <ele>12</ele>
        <time>2026-08-06T11:25:40.000Z</time>
        <extensions>
          <ns3:TrackPointExtension>
            <ns3:hr>165</ns3:hr>
            <ns3:cad>90</ns3:cad>
          </ns3:TrackPointExtension>
        </extensions>
      </trkpt>
      <trkpt lat="24.53712374903261661529541015625" lon="118.15528683364391326904296875">
        <ele>12</ele>
        <time>2026-08-06T11:25:41.000Z</time>
        <extensions>
          <ns3:TrackPointExtension>
            <ns3:hr>164</ns3:hr>
            <ns3:cad>90</ns3:cad>
          </ns3:TrackPointExtension>
        </extensions>
      </trkpt>
      <trkpt lat="24.53711067326366901397705078125" lon="118.15531541593372821807861328125">
        <ele>12</ele>
        <time>2026-08-06T11:25:42.000Z</time>
        <extensions>
          <ns3:TrackPointExtension>
            <ns3:hr>164</ns3:hr>
            <ns3:cad>89</ns3:cad>
          </ns3:TrackPointExtension>
        </extensions>
      </trkpt>
      <trkpt lat="24.5370881259441375732421875" lon="118.15534492023289203643798828125">
        <ele>12</ele>
        <time>2026-08-06T11:25:43.000Z</time>
        <extensions>
          <ns3:TrackPointExtension>
            <ns3:hr>164</ns3:hr>
            <ns3:cad>88</ns3:cad>
          </ns3:TrackPointExtension>
        </extensions>
      </trkpt>
      <trkpt lat="24.53707697801291942596435546875" lon="118.15537358634173870086669921875">
        <ele>11.80000019073486328125</ele>
        <time>2026-08-06T11:25:44.000Z</time>
        <extensions>
          <ns3:TrackPointExtension>
            <ns3:hr>164</ns3:hr>
            <ns3:cad>88</ns3:cad>
          </ns3:TrackPointExtension>
        </extensions>
      </trkpt>
      <trkpt lat="24.5370537601411342620849609375" lon="118.15540485084056854248046875">
        <ele>11.80000019073486328125</ele>
        <time>2026-08-06T11:25:45.000Z</time>
        <extensions>
          <ns3:TrackPointExtension>
            <ns3:hr>164</ns3:hr>
            <ns3:cad>88</ns3:cad>
          </ns3:TrackPointExtension>
        </extensions>
      </trkpt>
      <trkpt lat="24.537038505077362060546875" lon="118.15542991273105144500732421875">
        <ele>11.80000019073486328125</ele>
        <time>2026-08-06T11:25:46.000Z</time>
        <extensions>
          <ns3:TrackPointExtension>
            <ns3:hr>164</ns3:hr>
            <ns3:cad>89</ns3:cad>
          </ns3:TrackPointExtension>
        </extensions>
      </trkpt>
      <trkpt lat="24.53701444901525974273681640625" lon="118.15545841120183467864990234375">
        <ele>11.80000019073486328125</ele>
        <time>2026-08-06T11:25:47.000Z</time>
        <extensions>
          <ns3:TrackPointExtension>
            <ns3:hr>163</ns3:hr>
            <ns3:cad>89</ns3:cad>
          </ns3:TrackPointExtension>
        </extensions>
      </trkpt>
      <trkpt lat="24.53699466772377490997314453125" lon="118.15548473037779331207275390625">
        <ele>12</ele>
        <time>2026-08-06T11:25:48.000Z</time>
        <extensions>
          <ns3:TrackPointExtension>
            <ns3:hr>164</ns3:hr>
            <ns3:cad>89</ns3:cad>
          </ns3:TrackPointExtension>
        </extensions>
      </trkpt>
      <trkpt lat="24.53697622753679752349853515625" lon="118.15551356412470340728759765625">
        <ele>12</ele>
        <time>2026-08-06T11:25:49.000Z</time>
        <extensions>
          <ns3:TrackPointExtension>
            <ns3:hr>164</ns3:hr>
            <ns3:cad>89</ns3:cad>
          </ns3:TrackPointExtension>
        </extensions>
      </trkpt>
      <trkpt lat="24.53696231357753276824951171875" lon="118.155542314052581787109375">
        <ele>12</ele>
        <time>2026-08-06T11:25:50.000Z</time>
        <extensions>
          <ns3:TrackPointExtension>
            <ns3:hr>164</ns3:hr>
            <ns3:cad>89</ns3:cad>
          </ns3:TrackPointExtension>
        </extensions>
      </trkpt>
      <trkpt lat="24.536942951381206512451171875" lon="118.1555713154375553131103515625">
        <ele>12</ele>
        <time>2026-08-06T11:25:51.000Z</time>
        <extensions>
          <ns3:TrackPointExtension>
            <ns3:hr>163</ns3:hr>
            <ns3:cad>88</ns3:cad>
          </ns3:TrackPointExtension>
        </extensions>
      </trkpt>
      <trkpt lat="24.53692677430808544158935546875" lon="118.15559973008930683135986328125">
        <ele>12</ele>
        <time>2026-08-06T11:25:52.000Z</time>
        <extensions>
          <ns3:TrackPointExtension>
            <ns3:hr>164</ns3:hr>
            <ns3:cad>88</ns3:cad>
          </ns3:TrackPointExtension>
        </extensions>
      </trkpt>
      <trkpt lat="24.5369017124176025390625" lon="118.15562881529331207275390625">
        <ele>12</ele>
        <time>2026-08-06T11:25:53.000Z</time>
        <extensions>
          <ns3:TrackPointExtension>
            <ns3:hr>164</ns3:hr>
            <ns3:cad>88</ns3:cad>
          </ns3:TrackPointExtension>
        </extensions>
      </trkpt>
      <trkpt lat="24.53688771463930606842041015625" lon="118.15566259436309337615966796875">
        <ele>12</ele>
        <time>2026-08-06T11:25:54.000Z</time>
        <extensions>
          <ns3:TrackPointExtension>
            <ns3:hr>163</ns3:hr>
            <ns3:cad>88</ns3:cad>
          </ns3:TrackPointExtension>
        </extensions>
      </trkpt>
      <trkpt lat="24.53686483204364776611328125" lon="118.15569411031901836395263671875">
        <ele>12</ele>
        <time>2026-08-06T11:25:55.000Z</time>
        <extensions>
          <ns3:TrackPointExtension>
            <ns3:hr>164</ns3:hr>
            <ns3:cad>88</ns3:cad>
          </ns3:TrackPointExtension>
        </extensions>
      </trkpt>
      <trkpt lat="24.5368522591888904571533203125" lon="118.1557268835604190826416015625">
        <ele>12</ele>
        <time>2026-08-06T11:25:56.000Z</time>
        <extensions>
          <ns3:TrackPointExtension>
            <ns3:hr>164</ns3:hr>
            <ns3:cad>91</ns3:cad>
          </ns3:TrackPointExtension>
        </extensions>
      </trkpt>
      <trkpt lat="24.53683130443096160888671875" lon="118.15576158463954925537109375">
        <ele>12</ele>
        <time>2026-08-06T11:25:57.000Z</time>
        <extensions>
          <ns3:TrackPointExtension>
            <ns3:hr>163</ns3:hr>
            <ns3:cad>91</ns3:cad>
          </ns3:TrackPointExtension>
        </extensions>
      </trkpt>
      <trkpt lat="24.53681563027203083038330078125" lon="118.15578547306358814239501953125">
        <ele>12.19999980926513671875</ele>
        <time>2026-08-06T11:25:58.000Z</time>
        <extensions>
          <ns3:TrackPointExtension>
            <ns3:hr>164</ns3:hr>
            <ns3:cad>90</ns3:cad>
          </ns3:TrackPointExtension>
        </extensions>
      </trkpt>
      <trkpt lat="24.53679786063730716705322265625" lon="118.15581112168729305267333984375">
        <ele>12.19999980926513671875</ele>
        <time>2026-08-06T11:25:59.000Z</time>
        <extensions>
          <ns3:TrackPointExtension>
            <ns3:hr>164</ns3:hr>
            <ns3:cad>89</ns3:cad>
          </ns3:TrackPointExtension>
        </extensions>
      </trkpt>
      <trkpt lat="24.53678679652512073516845703125" lon="118.15584179945290088653564453125">
        <ele>12.19999980926513671875</ele>
        <time>2026-08-06T11:26:00.000Z</time>
        <extensions>
          <ns3:TrackPointExtension>
            <ns3:hr>164</ns3:hr>
            <ns3:cad>89</ns3:cad>
          </ns3:TrackPointExtension>
        </extensions>
      </trkpt>
      <trkpt lat="24.536771290004253387451171875" lon="118.15587348304688930511474609375">
        <ele>12.19999980926513671875</ele>
        <time>2026-08-06T11:26:01.000Z</time>
        <extensions>
          <ns3:TrackPointExtension>
            <ns3:hr>164</ns3:hr>
            <ns3:cad>89</ns3:cad>
          </ns3:TrackPointExtension>
        </extensions>
      </trkpt>
      <trkpt lat="24.5367603935301303863525390625" lon="118.15590910613536834716796875">
        <ele>12.19999980926513671875</ele>
        <time>2026-08-06T11:26:02.000Z</time>
        <extensions>
          <ns3:TrackPointExtension>
            <ns3:hr>164</ns3:hr>
            <ns3:cad>90</ns3:cad>
          </ns3:TrackPointExtension>
        </extensions>
      </trkpt>
      <trkpt lat="24.5367412827908992767333984375" lon="118.1559401191771030426025390625">
        <ele>12</ele>
        <time>2026-08-06T11:26:03.000Z</time>
        <extensions>
          <ns3:TrackPointExtension>
            <ns3:hr>164</ns3:hr>
            <ns3:cad>90</ns3:cad>
          </ns3:TrackPointExtension>
        </extensions>
      </trkpt>
      <trkpt lat="24.53672057949006557464599609375" lon="118.15597482025623321533203125">
        <ele>12.19999980926513671875</ele>
        <time>2026-08-06T11:26:04.000Z</time>
        <extensions>
          <ns3:TrackPointExtension>
            <ns3:hr>165</ns3:hr>
            <ns3:cad>90</ns3:cad>
          </ns3:TrackPointExtension>
        </extensions>
      </trkpt>
      <trkpt lat="24.5366990379989147186279296875" lon="118.1560034863650798797607421875">
        <ele>12.19999980926513671875</ele>
        <time>2026-08-06T11:26:05.000Z</time>
        <extensions>
          <ns3:TrackPointExtension>
            <ns3:hr>165</ns3:hr>
            <ns3:cad>90</ns3:cad>
          </ns3:TrackPointExtension>
        </extensions>
      </trkpt>
      <trkpt lat="24.536673724651336669921875" lon="118.15604011528193950653076171875">
        <ele>12.19999980926513671875</ele>
        <time>2026-08-06T11:26:06.000Z</time>
        <extensions>
          <ns3:TrackPointExtension>
            <ns3:hr>165</ns3:hr>
            <ns3:cad>90</ns3:cad>
          </ns3:TrackPointExtension>
        </extensions>
      </trkpt>
      <trkpt lat="24.53664916567504405975341796875" lon="118.1560655124485492706298828125">
        <ele>12.3999996185302734375</ele>
        <time>2026-08-06T11:26:07.000Z</time>
        <extensions>
          <ns3:TrackPointExtension>
            <ns3:hr>165</ns3:hr>
            <ns3:cad>89</ns3:cad>
          </ns3:TrackPointExtension>
        </extensions>
      </trkpt>
      <trkpt lat="24.53661228530108928680419921875" lon="118.1560896523296833038330078125">
        <ele>12.3999996185302734375</ele>
        <time>2026-08-06T11:26:08.000Z</time>
        <extensions>
          <ns3:TrackPointExtension>
            <ns3:hr>165</ns3:hr>
            <ns3:cad>89</ns3:cad>
          </ns3:TrackPointExtension>
        </extensions>
      </trkpt>
      <trkpt lat="24.53657808713614940643310546875" lon="118.1561013869941234588623046875">
        <ele>12.3999996185302734375</ele>
        <time>2026-08-06T11:26:09.000Z</time>
        <extensions>
          <ns3:TrackPointExtension>
            <ns3:hr>165</ns3:hr>
            <ns3:cad>90</ns3:cad>
          </ns3:TrackPointExtension>
        </extensions>
      </trkpt>
      <trkpt lat="24.5365354232490062713623046875" lon="118.15611102618277072906494140625">
        <ele>12.3999996185302734375</ele>
        <time>2026-08-06T11:26:10.000Z</time>
        <extensions>
          <ns3:TrackPointExtension>
            <ns3:hr>166</ns3:hr>
            <ns3:cad>91</ns3:cad>
          </ns3:TrackPointExtension>
        </extensions>
      </trkpt>
      <trkpt lat="24.5365032367408275604248046875" lon="118.15611563622951507568359375">
        <ele>12.3999996185302734375</ele>
        <time>2026-08-06T11:26:11.000Z</time>
        <extensions>
          <ns3:TrackPointExtension>
            <ns3:hr>166</ns3:hr>
            <ns3:cad>91</ns3:cad>
          </ns3:TrackPointExtension>
        </extensions>
      </trkpt>
      <trkpt lat="24.53646258451044559478759765625" lon="118.156107254326343536376953125">
        <ele>12.3999996185302734375</ele>
        <time>2026-08-06T11:26:12.000Z</time>
        <extensions>
          <ns3:TrackPointExtension>
            <ns3:hr>166</ns3:hr>
            <ns3:cad>92</ns3:cad>
          </ns3:TrackPointExtension>
        </extensions>
      </trkpt>
      <trkpt lat="24.53642972745001316070556640625" lon="118.1560990400612354278564453125">
        <ele>12.3999996185302734375</ele>
        <time>2026-08-06T11:26:13.000Z</time>
        <extensions>
          <ns3:TrackPointExtension>
            <ns3:hr>166</ns3:hr>
            <ns3:cad>92</ns3:cad>
          </ns3:TrackPointExtension>
        </extensions>
      </trkpt>
      <trkpt lat="24.53639133833348751068115234375" lon="118.156084120273590087890625">
        <ele>12.3999996185302734375</ele>
        <time>2026-08-06T11:26:14.000Z</time>
        <extensions>
          <ns3:TrackPointExtension>
            <ns3:hr>166</ns3:hr>
            <ns3:cad>92</ns3:cad>
          </ns3:TrackPointExtension>
        </extensions>
      </trkpt>
      <trkpt lat="24.536362923681735992431640625" lon="118.15607297234237194061279296875">
        <ele>12.3999996185302734375</ele>
        <time>2026-08-06T11:26:15.000Z</time>
        <extensions>
          <ns3:TrackPointExtension>
            <ns3:hr>167</ns3:hr>
            <ns3:cad>92</ns3:cad>
          </ns3:TrackPointExtension>
        </extensions>
      </trkpt>
      <trkpt lat="24.5363221876323223114013671875" lon="118.15605402924120426177978515625">
        <ele>12.3999996185302734375</ele>
        <time>2026-08-06T11:26:16.000Z</time>
        <extensions>
          <ns3:TrackPointExtension>
            <ns3:hr>167</ns3:hr>
            <ns3:cad>90</ns3:cad>
          </ns3:TrackPointExtension>
        </extensions>
      </trkpt>
      <trkpt lat="24.536293186247348785400390625" lon="118.156036175787448883056640625">
        <ele>12.3999996185302734375</ele>
        <time>2026-08-06T11:26:17.000Z</time>
        <extensions>
          <ns3:TrackPointExtension>
            <ns3:hr>167</ns3:hr>
            <ns3:cad>90</ns3:cad>
          </ns3:TrackPointExtension>
        </extensions>
      </trkpt>
      <trkpt lat="24.53626091592013835906982421875" lon="118.15601564012467861175537109375">
        <ele>12.3999996185302734375</ele>
        <time>2026-08-06T11:26:18.000Z</time>
        <extensions>
          <ns3:TrackPointExtension>
            <ns3:hr>166</ns3:hr>
            <ns3:cad>90</ns3:cad>
          </ns3:TrackPointExtension>
        </extensions>
      </trkpt>
      <trkpt lat="24.536232836544513702392578125" lon="118.15599502064287662506103515625">
        <ele>12.3999996185302734375</ele>
        <time>2026-08-06T11:26:19.000Z</time>
        <extensions>
          <ns3:TrackPointExtension>
            <ns3:hr>166</ns3:hr>
            <ns3:cad>90</ns3:cad>
          </ns3:TrackPointExtension>
        </extensions>
      </trkpt>
      <trkpt lat="24.53620157204568386077880859375" lon="118.15597356297075748443603515625">
        <ele>12.3999996185302734375</ele>
        <time>2026-08-06T11:26:20.000Z</time>
        <extensions>
          <ns3:TrackPointExtension>
            <ns3:hr>166</ns3:hr>
            <ns3:cad>90</ns3:cad>
          </ns3:TrackPointExtension>
        </extensions>
      </trkpt>
      <trkpt lat="24.5361743308603763580322265625" lon="118.155951686203479766845703125">
        <ele>12.3999996185302734375</ele>
        <time>2026-08-06T11:26:21.000Z</time>
        <extensions>
          <ns3:TrackPointExtension>
            <ns3:hr>166</ns3:hr>
            <ns3:cad>90</ns3:cad>
          </ns3:TrackPointExtension>
        </extensions>
      </trkpt>
      <trkpt lat="24.53614491038024425506591796875" lon="118.15593383274972438812255859375">
        <ele>12.3999996185302734375</ele>
        <time>2026-08-06T11:26:22.000Z</time>
        <extensions>
          <ns3:TrackPointExtension>
            <ns3:hr>167</ns3:hr>
            <ns3:cad>90</ns3:cad>
          </ns3:TrackPointExtension>
        </extensions>
      </trkpt>
      <trkpt lat="24.53611859120428562164306640625" lon="118.15591773949563503265380859375">
        <ele>12.3999996185302734375</ele>
        <time>2026-08-06T11:26:23.000Z</time>
        <extensions>
          <ns3:TrackPointExtension>
            <ns3:hr>166</ns3:hr>
            <ns3:cad>89</ns3:cad>
          </ns3:TrackPointExtension>
        </extensions>
      </trkpt>
      <trkpt lat="24.53608791343867778778076171875" lon="118.15589913167059421539306640625">
        <ele>12.3999996185302734375</ele>
        <time>2026-08-06T11:26:24.000Z</time>
        <extensions>
          <ns3:TrackPointExtension>
            <ns3:hr>167</ns3:hr>
            <ns3:cad>88</ns3:cad>
          </ns3:TrackPointExtension>
        </extensions>
      </trkpt>
      <trkpt lat="24.5360620133578777313232421875" lon="118.15587960183620452880859375">
        <ele>12.3999996185302734375</ele>
        <time>2026-08-06T11:26:25.000Z</time>
        <extensions>
          <ns3:TrackPointExtension>
            <ns3:hr>167</ns3:hr>
            <ns3:cad>88</ns3:cad>
          </ns3:TrackPointExtension>
        </extensions>
      </trkpt>
      <trkpt lat="24.536034353077411651611328125" lon="118.1558589823544025421142578125">
        <ele>12.3999996185302734375</ele>
        <time>2026-08-06T11:26:26.000Z</time>
        <extensions>
          <ns3:TrackPointExtension>
            <ns3:hr>167</ns3:hr>
            <ns3:cad>88</ns3:cad>
          </ns3:TrackPointExtension>
        </extensions>
      </trkpt>
      <trkpt lat="24.53601046465337276458740234375" lon="118.1558371894061565399169921875">
        <ele>12.3999996185302734375</ele>
        <time>2026-08-06T11:26:27.000Z</time>
        <extensions>
          <ns3:TrackPointExtension>
            <ns3:hr>167</ns3:hr>
            <ns3:cad>89</ns3:cad>
          </ns3:TrackPointExtension>
        </extensions>
      </trkpt>
      <trkpt lat="24.53598565421998500823974609375" lon="118.1558204255998134613037109375">
        <ele>12.3999996185302734375</ele>
        <time>2026-08-06T11:26:28.000Z</time>
        <extensions>
          <ns3:TrackPointExtension>
            <ns3:hr>166</ns3:hr>
            <ns3:cad>89</ns3:cad>
          </ns3:TrackPointExtension>
        </extensions>
      </trkpt>
      <trkpt lat="24.53595690429210662841796875" lon="118.1558029912412166595458984375">
        <ele>12.3999996185302734375</ele>
        <time>2026-08-06T11:26:29.000Z</time>
        <extensions>
          <ns3:TrackPointExtension>
            <ns3:hr>166</ns3:hr>
            <ns3:cad>90</ns3:cad>
          </ns3:TrackPointExtension>
        </extensions>
      </trkpt>
      <trkpt lat="24.5359238795936107635498046875" lon="118.15578815527260303497314453125">
        <ele>12.3999996185302734375</ele>
        <time>2026-08-06T11:26:30.000Z</time>
        <extensions>
          <ns3:TrackPointExtension>
            <ns3:hr>166</ns3:hr>
            <ns3:cad>90</ns3:cad>
          </ns3:TrackPointExtension>
        </extensions>
      </trkpt>
      <trkpt lat="24.53589647077023983001708984375" lon="118.15576585941016674041748046875">
        <ele>12.3999996185302734375</ele>
        <time>2026-08-06T11:26:31.000Z</time>
        <extensions>
          <ns3:TrackPointExtension>
            <ns3:hr>165</ns3:hr>
            <ns3:cad>89</ns3:cad>
          </ns3:TrackPointExtension>
        </extensions>
      </trkpt>
      <trkpt lat="24.53586545772850513458251953125" lon="118.15575563348829746246337890625">
        <ele>12.3999996185302734375</ele>
        <time>2026-08-06T11:26:32.000Z</time>
        <extensions>
          <ns3:TrackPointExtension>
            <ns3:hr>165</ns3:hr>
            <ns3:cad>88</ns3:cad>
          </ns3:TrackPointExtension>
        </extensions>
      </trkpt>
      <trkpt lat="24.53583595342934131622314453125" lon="118.15573476254940032958984375">
        <ele>12.3999996185302734375</ele>
        <time>2026-08-06T11:26:33.000Z</time>
        <extensions>
          <ns3:TrackPointExtension>
            <ns3:hr>165</ns3:hr>
            <ns3:cad>88</ns3:cad>
          </ns3:TrackPointExtension>
        </extensions>
      </trkpt>
      <trkpt lat="24.53580527566373348236083984375" lon="118.1557252071797847747802734375">
        <ele>12.3999996185302734375</ele>
        <time>2026-08-06T11:26:34.000Z</time>
        <extensions>
          <ns3:TrackPointExtension>
            <ns3:hr>165</ns3:hr>
            <ns3:cad>89</ns3:cad>
          </ns3:TrackPointExtension>
        </extensions>
      </trkpt>
      <trkpt lat="24.5357766933739185333251953125" lon="118.15570500679314136505126953125">
        <ele>12.3999996185302734375</ele>
        <time>2026-08-06T11:26:35.000Z</time>
        <extensions>
          <ns3:TrackPointExtension>
            <ns3:hr>165</ns3:hr>
            <ns3:cad>89</ns3:cad>
          </ns3:TrackPointExtension>
        </extensions>
      </trkpt>
      <trkpt lat="24.53575062565505504608154296875" lon="118.15569184720516204833984375">
        <ele>12.3999996185302734375</ele>
        <time>2026-08-06T11:26:36.000Z</time>
        <extensions>
          <ns3:TrackPointExtension>
            <ns3:hr>166</ns3:hr>
            <ns3:cad>90</ns3:cad>
          </ns3:TrackPointExtension>
        </extensions>
      </trkpt>
      <trkpt lat="24.53572078607976436614990234375" lon="118.15567080862820148468017578125">
        <ele>12.3999996185302734375</ele>
        <time>2026-08-06T11:26:37.000Z</time>
        <extensions>
          <ns3:TrackPointExtension>
            <ns3:hr>166</ns3:hr>
            <ns3:cad>90</ns3:cad>
          </ns3:TrackPointExtension>
        </extensions>
      </trkpt>
      <trkpt lat="24.53569513745605945587158203125" lon="118.15566108562052249908447265625">
        <ele>12.3999996185302734375</ele>
        <time>2026-08-06T11:26:38.000Z</time>
        <extensions>
          <ns3:TrackPointExtension>
            <ns3:hr>166</ns3:hr>
            <ns3:cad>89</ns3:cad>
          </ns3:TrackPointExtension>
        </extensions>
      </trkpt>
      <trkpt lat="24.53566496260464191436767578125" lon="118.1556366942822933197021484375">
        <ele>12.3999996185302734375</ele>
        <time>2026-08-06T11:26:39.000Z</time>
        <extensions>
          <ns3:TrackPointExtension>
            <ns3:hr>166</ns3:hr>
            <ns3:cad>89</ns3:cad>
          </ns3:TrackPointExtension>
        </extensions>
      </trkpt>
      <trkpt lat="24.535642080008983612060546875" lon="118.15562604926526546478271484375">
        <ele>12.3999996185302734375</ele>
        <time>2026-08-06T11:26:40.000Z</time>
        <extensions>
          <ns3:TrackPointExtension>
            <ns3:hr>166</ns3:hr>
            <ns3:cad>88</ns3:cad>
          </ns3:TrackPointExtension>
        </extensions>
      </trkpt>
      <trkpt lat="24.53561232425272464752197265625" lon="118.15560291521251201629638671875">
        <ele>12.3999996185302734375</ele>
        <time>2026-08-06T11:26:41.000Z</time>
        <extensions>
          <ns3:TrackPointExtension>
            <ns3:hr>166</ns3:hr>
            <ns3:cad>88</ns3:cad>
          </ns3:TrackPointExtension>
        </extensions>
      </trkpt>
      <trkpt lat="24.53558801673352718353271484375" lon="118.155592940747737884521484375">
        <ele>12.3999996185302734375</ele>
        <time>2026-08-06T11:26:42.000Z</time>
        <extensions>
          <ns3:TrackPointExtension>
            <ns3:hr>166</ns3:hr>
            <ns3:cad>88</ns3:cad>
          </ns3:TrackPointExtension>
        </extensions>
      </trkpt>
      <trkpt lat="24.53555859625339508056640625" lon="118.1555696390569210052490234375">
        <ele>12.3999996185302734375</ele>
        <time>2026-08-06T11:26:43.000Z</time>
        <extensions>
          <ns3:TrackPointExtension>
            <ns3:hr>166</ns3:hr>
            <ns3:cad>88</ns3:cad>
          </ns3:TrackPointExtension>
        </extensions>
      </trkpt>
      <trkpt lat="24.5355312712490558624267578125" lon="118.1555589102208614349365234375">
        <ele>12.3999996185302734375</ele>
        <time>2026-08-06T11:26:44.000Z</time>
        <extensions>
          <ns3:TrackPointExtension>
            <ns3:hr>166</ns3:hr>
            <ns3:cad>88</ns3:cad>
          </ns3:TrackPointExtension>
        </extensions>
      </trkpt>
      <trkpt lat="24.53550050966441631317138671875" lon="118.15553703345358371734619140625">
        <ele>12.6000003814697265625</ele>
        <time>2026-08-06T11:26:45.000Z</time>
        <extensions>
          <ns3:TrackPointExtension>
            <ns3:hr>166</ns3:hr>
            <ns3:cad>89</ns3:cad>
          </ns3:TrackPointExtension>
        </extensions>
      </trkpt>
      <trkpt lat="24.53547678887844085693359375" lon="118.15552948974072933197021484375">
        <ele>12.6000003814697265625</ele>
        <time>2026-08-06T11:26:46.000Z</time>
        <extensions>
          <ns3:TrackPointExtension>
            <ns3:hr>166</ns3:hr>
            <ns3:cad>89</ns3:cad>
          </ns3:TrackPointExtension>
        </extensions>
      </trkpt>
      <trkpt lat="24.5354457758367061614990234375" lon="118.155508451163768768310546875">
        <ele>12.6000003814697265625</ele>
        <time>2026-08-06T11:26:47.000Z</time>
        <extensions>
          <ns3:TrackPointExtension>
            <ns3:hr>166</ns3:hr>
            <ns3:cad>89</ns3:cad>
          </ns3:TrackPointExtension>
        </extensions>
      </trkpt>
      <trkpt lat="24.53542389906942844390869140625" lon="118.15549612976610660552978515625">
        <ele>12.6000003814697265625</ele>
        <time>2026-08-06T11:26:48.000Z</time>
        <extensions>
          <ns3:TrackPointExtension>
            <ns3:hr>166</ns3:hr>
            <ns3:cad>88</ns3:cad>
          </ns3:TrackPointExtension>
        </extensions>
      </trkpt>
      <trkpt lat="24.53539389185607433319091796875" lon="118.15547366626560688018798828125">
        <ele>12.6000003814697265625</ele>
        <time>2026-08-06T11:26:49.000Z</time>
        <extensions>
          <ns3:TrackPointExtension>
            <ns3:hr>166</ns3:hr>
            <ns3:cad>88</ns3:cad>
          </ns3:TrackPointExtension>
        </extensions>
      </trkpt>
      <trkpt lat="24.5353700034320354461669921875" lon="118.15544969402253627777099609375">
        <ele>12.80000019073486328125</ele>
        <time>2026-08-06T11:26:50.000Z</time>
        <extensions>
          <ns3:TrackPointExtension>
            <ns3:hr>166</ns3:hr>
            <ns3:cad>88</ns3:cad>
          </ns3:TrackPointExtension>
        </extensions>
      </trkpt>
      <trkpt lat="24.5353415049612522125244140625" lon="118.1554281525313854217529296875">
        <ele>12.6000003814697265625</ele>
        <time>2026-08-06T11:26:51.000Z</time>
        <extensions>
          <ns3:TrackPointExtension>
            <ns3:hr>165</ns3:hr>
            <ns3:cad>88</ns3:cad>
          </ns3:TrackPointExtension>
        </extensions>
      </trkpt>
      <trkpt lat="24.5353177003562450408935546875" lon="118.15540753304958343505859375">
        <ele>12.6000003814697265625</ele>
        <time>2026-08-06T11:26:52.000Z</time>
        <extensions>
          <ns3:TrackPointExtension>
            <ns3:hr>165</ns3:hr>
            <ns3:cad>88</ns3:cad>
          </ns3:TrackPointExtension>
        </extensions>
      </trkpt>
      <trkpt lat="24.5352881960570812225341796875" lon="118.1553855724632740020751953125">
        <ele>12.6000003814697265625</ele>
        <time>2026-08-06T11:26:53.000Z</time>
        <extensions>
          <ns3:TrackPointExtension>
            <ns3:hr>166</ns3:hr>
            <ns3:cad>90</ns3:cad>
          </ns3:TrackPointExtension>
        </extensions>
      </trkpt>
      <trkpt lat="24.535263888537883758544921875" lon="118.15536319278180599212646484375">
        <ele>12.6000003814697265625</ele>
        <time>2026-08-06T11:26:54.000Z</time>
        <extensions>
          <ns3:TrackPointExtension>
            <ns3:hr>166</ns3:hr>
            <ns3:cad>90</ns3:cad>
          </ns3:TrackPointExtension>
        </extensions>
      </trkpt>
      <trkpt lat="24.5352298580110073089599609375" lon="118.15534181892871856689453125">
        <ele>12.6000003814697265625</ele>
        <time>2026-08-06T11:26:55.000Z</time>
        <extensions>
          <ns3:TrackPointExtension>
            <ns3:hr>165</ns3:hr>
            <ns3:cad>89</ns3:cad>
          </ns3:TrackPointExtension>
        </extensions>
      </trkpt>
      <trkpt lat="24.53520714305341243743896484375" lon="118.15531826578080654144287109375">
        <ele>12.6000003814697265625</ele>
        <time>2026-08-06T11:26:56.000Z</time>
        <extensions>
          <ns3:TrackPointExtension>
            <ns3:hr>165</ns3:hr>
            <ns3:cad>88</ns3:cad>
          </ns3:TrackPointExtension>
        </extensions>
      </trkpt>
      <trkpt lat="24.53517797403037548065185546875" lon="118.15529898740351200103759765625">
        <ele>12.6000003814697265625</ele>
        <time>2026-08-06T11:26:57.000Z</time>
        <extensions>
          <ns3:TrackPointExtension>
            <ns3:hr>164</ns3:hr>
            <ns3:cad>88</ns3:cad>
          </ns3:TrackPointExtension>
        </extensions>
      </trkpt>
      <trkpt lat="24.53515115194022655487060546875" lon="118.15528205595910549163818359375">
        <ele>12.6000003814697265625</ele>
        <time>2026-08-06T11:26:58.000Z</time>
        <extensions>
          <ns3:TrackPointExtension>
            <ns3:hr>163</ns3:hr>
            <ns3:cad>88</ns3:cad>
          </ns3:TrackPointExtension>
        </extensions>
      </trkpt>
      <trkpt lat="24.535125084221363067626953125" lon="118.15527199767529964447021484375">
        <ele>12.6000003814697265625</ele>
        <time>2026-08-06T11:26:59.000Z</time>
        <extensions>
          <ns3:TrackPointExtension>
            <ns3:hr>162</ns3:hr>
            <ns3:cad>89</ns3:cad>
          </ns3:TrackPointExtension>
        </extensions>
      </trkpt>
      <trkpt lat="24.5350920595228672027587890625" lon="118.15525598824024200439453125">
        <ele>12.6000003814697265625</ele>
        <time>2026-08-06T11:27:00.000Z</time>
        <extensions>
          <ns3:TrackPointExtension>
            <ns3:hr>161</ns3:hr>
            <ns3:cad>89</ns3:cad>
          </ns3:TrackPointExtension>
        </extensions>
      </trkpt>
      <trkpt lat="24.5350632257759571075439453125" lon="118.15524802543222904205322265625">
        <ele>12.6000003814697265625</ele>
        <time>2026-08-06T11:27:01.000Z</time>
        <extensions>
          <ns3:TrackPointExtension>
            <ns3:hr>159</ns3:hr>
            <ns3:cad>89</ns3:cad>
          </ns3:TrackPointExtension>
        </extensions>
      </trkpt>
      <trkpt lat="24.53502927906811237335205078125" lon="118.15523528493940830230712890625">
        <ele>12.6000003814697265625</ele>
        <time>2026-08-06T11:27:02.000Z</time>
        <extensions>
          <ns3:TrackPointExtension>
            <ns3:hr>158</ns3:hr>
            <ns3:cad>89</ns3:cad>
          </ns3:TrackPointExtension>
        </extensions>
      </trkpt>
      <trkpt lat="24.53500027768313884735107421875" lon="118.15523193217813968658447265625">
        <ele>12.6000003814697265625</ele>
        <time>2026-08-06T11:27:03.000Z</time>
        <extensions>
          <ns3:TrackPointExtension>
            <ns3:hr>157</ns3:hr>
            <ns3:cad>88</ns3:cad>
          </ns3:TrackPointExtension>
        </extensions>
      </trkpt>
      <trkpt lat="24.53496339730918407440185546875" lon="118.15522036515176296234130859375">
        <ele>12.6000003814697265625</ele>
        <time>2026-08-06T11:27:04.000Z</time>
        <extensions>
          <ns3:TrackPointExtension>
            <ns3:hr>156</ns3:hr>
            <ns3:cad>88</ns3:cad>
          </ns3:TrackPointExtension>
        </extensions>
      </trkpt>
      <trkpt lat="24.534936659038066864013671875" lon="118.15522086806595325469970703125">
        <ele>12.80000019073486328125</ele>
        <time>2026-08-06T11:27:05.000Z</time>
        <extensions>
          <ns3:TrackPointExtension>
            <ns3:hr>154</ns3:hr>
            <ns3:cad>87</ns3:cad>
          </ns3:TrackPointExtension>
        </extensions>
      </trkpt>
      <trkpt lat="24.53489734791219234466552734375" lon="118.15521600656211376190185546875">
        <ele>12.80000019073486328125</ele>
        <time>2026-08-06T11:27:06.000Z</time>
        <extensions>
          <ns3:TrackPointExtension>
            <ns3:hr>153</ns3:hr>
            <ns3:cad>87</ns3:cad>
          </ns3:TrackPointExtension>
        </extensions>
      </trkpt>
      <trkpt lat="24.5348697714507579803466796875" lon="118.15522489137947559356689453125">
        <ele>12.80000019073486328125</ele>
        <time>2026-08-06T11:27:07.000Z</time>
        <extensions>
          <ns3:TrackPointExtension>
            <ns3:hr>153</ns3:hr>
            <ns3:cad>87</ns3:cad>
          </ns3:TrackPointExtension>
        </extensions>
      </trkpt>
      <trkpt lat="24.53483037650585174560546875" lon="118.155222795903682708740234375">
        <ele>12.80000019073486328125</ele>
        <time>2026-08-06T11:27:08.000Z</time>
        <extensions>
          <ns3:TrackPointExtension>
            <ns3:hr>153</ns3:hr>
            <ns3:cad>88</ns3:cad>
          </ns3:TrackPointExtension>
        </extensions>
      </trkpt>
      <trkpt lat="24.53480380587279796600341796875" lon="118.15522992052137851715087890625">
        <ele>12.80000019073486328125</ele>
        <time>2026-08-06T11:27:09.000Z</time>
        <extensions>
          <ns3:TrackPointExtension>
            <ns3:hr>154</ns3:hr>
            <ns3:cad>89</ns3:cad>
          </ns3:TrackPointExtension>
        </extensions>
      </trkpt>
      <trkpt lat="24.5347641594707965850830078125" lon="118.15523277036845684051513671875">
        <ele>12.80000019073486328125</ele>
        <time>2026-08-06T11:27:10.000Z</time>
        <extensions>
          <ns3:TrackPointExtension>
            <ns3:hr>154</ns3:hr>
            <ns3:cad>90</ns3:cad>
          </ns3:TrackPointExtension>
        </extensions>
      </trkpt>
      <trkpt lat="24.53474395908415317535400390625" lon="118.15524450503289699554443359375">
        <ele>12.80000019073486328125</ele>
        <time>2026-08-06T11:27:11.000Z</time>
        <extensions>
          <ns3:TrackPointExtension>
            <ns3:hr>155</ns3:hr>
            <ns3:cad>90</ns3:cad>
          </ns3:TrackPointExtension>
        </extensions>
      </trkpt>
      <trkpt lat="24.534709341824054718017578125" lon="118.15525322221219539642333984375">
        <ele>12.80000019073486328125</ele>
        <time>2026-08-06T11:27:12.000Z</time>
        <extensions>
          <ns3:TrackPointExtension>
            <ns3:hr>157</ns3:hr>
            <ns3:cad>88</ns3:cad>
          </ns3:TrackPointExtension>
        </extensions>
      </trkpt>
      <trkpt lat="24.53468746505677700042724609375" lon="118.1552665494382381439208984375">
        <ele>13</ele>
        <time>2026-08-06T11:27:13.000Z</time>
        <extensions>
          <ns3:TrackPointExtension>
            <ns3:hr>159</ns3:hr>
            <ns3:cad>88</ns3:cad>
          </ns3:TrackPointExtension>
        </extensions>
      </trkpt>
      <trkpt lat="24.53465209342539310455322265625" lon="118.15528004430234432220458984375">
        <ele>13</ele>
        <time>2026-08-06T11:27:14.000Z</time>
        <extensions>
          <ns3:TrackPointExtension>
            <ns3:hr>161</ns3:hr>
            <ns3:cad>88</ns3:cad>
          </ns3:TrackPointExtension>
        </extensions>
      </trkpt>
      <trkpt lat="24.53463281504809856414794921875" lon="118.1552942097187042236328125">
        <ele>13</ele>
        <time>2026-08-06T11:27:15.000Z</time>
        <extensions>
          <ns3:TrackPointExtension>
            <ns3:hr>161</ns3:hr>
            <ns3:cad>88</ns3:cad>
          </ns3:TrackPointExtension>
        </extensions>
      </trkpt>
      <trkpt lat="24.5345965214073657989501953125" lon="118.15530871041119098663330078125">
        <ele>13</ele>
        <time>2026-08-06T11:27:16.000Z</time>
        <extensions>
          <ns3:TrackPointExtension>
            <ns3:hr>162</ns3:hr>
            <ns3:cad>89</ns3:cad>
          </ns3:TrackPointExtension>
        </extensions>
      </trkpt>
      <trkpt lat="24.53457246534526348114013671875" lon="118.15532279200851917266845703125">
        <ele>13</ele>
        <time>2026-08-06T11:27:17.000Z</time>
        <extensions>
          <ns3:TrackPointExtension>
            <ns3:hr>162</ns3:hr>
            <ns3:cad>90</ns3:cad>
          </ns3:TrackPointExtension>
        </extensions>
      </trkpt>
      <trkpt lat="24.534541703760623931884765625" lon="118.15532966516911983489990234375">
        <ele>13.19999980926513671875</ele>
        <time>2026-08-06T11:27:18.000Z</time>
        <extensions>
          <ns3:TrackPointExtension>
            <ns3:hr>163</ns3:hr>
            <ns3:cad>90</ns3:cad>
          </ns3:TrackPointExtension>
        </extensions>
      </trkpt>
      <trkpt lat="24.5345137082040309906005859375" lon="118.155341483652591705322265625">
        <ele>13.3999996185302734375</ele>
        <time>2026-08-06T11:27:19.000Z</time>
        <extensions>
          <ns3:TrackPointExtension>
            <ns3:hr>163</ns3:hr>
            <ns3:cad>90</ns3:cad>
          </ns3:TrackPointExtension>
        </extensions>
      </trkpt>
      <trkpt lat="24.534477330744266510009765625" lon="118.15534592606127262115478515625">
        <ele>13.19999980926513671875</ele>
        <time>2026-08-06T11:27:20.000Z</time>
        <extensions>
          <ns3:TrackPointExtension>
            <ns3:hr>163</ns3:hr>
            <ns3:cad>89</ns3:cad>
          </ns3:TrackPointExtension>
        </extensions>
      </trkpt>
      <trkpt lat="24.5344448089599609375" lon="118.15535430796444416046142578125">
        <ele>13.19999980926513671875</ele>
        <time>2026-08-06T11:27:21.000Z</time>
        <extensions>
          <ns3:TrackPointExtension>
            <ns3:hr>163</ns3:hr>
            <ns3:cad>89</ns3:cad>
          </ns3:TrackPointExtension>
        </extensions>
      </trkpt>
      <trkpt lat="24.53441061079502105712890625" lon="118.15535799600183963775634765625">
        <ele>13.19999980926513671875</ele>
        <time>2026-08-06T11:27:22.000Z</time>
        <extensions>
          <ns3:TrackPointExtension>
            <ns3:hr>164</ns3:hr>
            <ns3:cad>88</ns3:cad>
          </ns3:TrackPointExtension>
        </extensions>
      </trkpt>
      <trkpt lat="24.5343795977532863616943359375" lon="118.15536067821085453033447265625">
        <ele>13</ele>
        <time>2026-08-06T11:27:23.000Z</time>
        <extensions>
          <ns3:TrackPointExtension>
            <ns3:hr>164</ns3:hr>
            <ns3:cad>88</ns3:cad>
          </ns3:TrackPointExtension>
        </extensions>
      </trkpt>
      <trkpt lat="24.5343457348644733428955078125" lon="118.15536470152437686920166015625">
        <ele>13</ele>
        <time>2026-08-06T11:27:24.000Z</time>
        <extensions>
          <ns3:TrackPointExtension>
            <ns3:hr>164</ns3:hr>
            <ns3:cad>88</ns3:cad>
          </ns3:TrackPointExtension>
        </extensions>
      </trkpt>
      <trkpt lat="24.5343135483562946319580078125" lon="118.15536486916244029998779296875">
        <ele>13</ele>
        <time>2026-08-06T11:27:25.000Z</time>
        <extensions>
          <ns3:TrackPointExtension>
            <ns3:hr>164</ns3:hr>
            <ns3:cad>89</ns3:cad>
          </ns3:TrackPointExtension>
        </extensions>
      </trkpt>
      <trkpt lat="24.53428429551422595977783203125" lon="118.15536595880985260009765625">
        <ele>13</ele>
        <time>2026-08-06T11:27:26.000Z</time>
        <extensions>
          <ns3:TrackPointExtension>
            <ns3:hr>163</ns3:hr>
            <ns3:cad>89</ns3:cad>
          </ns3:TrackPointExtension>
        </extensions>
      </trkpt>
      <trkpt lat="24.53424967825412750244140625" lon="118.15535925328731536865234375">
        <ele>13</ele>
        <time>2026-08-06T11:27:27.000Z</time>
        <extensions>
          <ns3:TrackPointExtension>
            <ns3:hr>164</ns3:hr>
            <ns3:cad>89</ns3:cad>
          </ns3:TrackPointExtension>
        </extensions>
      </trkpt>
      <trkpt lat="24.53421405516564846038818359375" lon="118.15535816363990306854248046875">
        <ele>13</ele>
        <time>2026-08-06T11:27:28.000Z</time>
        <extensions>
          <ns3:TrackPointExtension>
            <ns3:hr>164</ns3:hr>
            <ns3:cad>89</ns3:cad>
          </ns3:TrackPointExtension>
        </extensions>
      </trkpt>
      <trkpt lat="24.534179270267486572265625" lon="118.1553518772125244140625">
        <ele>13</ele>
        <time>2026-08-06T11:27:29.000Z</time>
        <extensions>
          <ns3:TrackPointExtension>
            <ns3:hr>164</ns3:hr>
            <ns3:cad>89</ns3:cad>
          </ns3:TrackPointExtension>
        </extensions>
      </trkpt>
      <trkpt lat="24.53414230607450008392333984375" lon="118.155349195003509521484375">
        <ele>13.19999980926513671875</ele>
        <time>2026-08-06T11:27:30.000Z</time>
        <extensions>
          <ns3:TrackPointExtension>
            <ns3:hr>164</ns3:hr>
            <ns3:cad>88</ns3:cad>
          </ns3:TrackPointExtension>
        </extensions>
      </trkpt>
      <trkpt lat="24.53410877846181392669677734375" lon="118.15533385612070560455322265625">
        <ele>13.19999980926513671875</ele>
        <time>2026-08-06T11:27:31.000Z</time>
        <extensions>
          <ns3:TrackPointExtension>
            <ns3:hr>163</ns3:hr>
            <ns3:cad>88</ns3:cad>
          </ns3:TrackPointExtension>
        </extensions>
      </trkpt>
      <trkpt lat="24.534079022705554962158203125" lon="118.15532648004591464996337890625">
        <ele>13</ele>
        <time>2026-08-06T11:27:32.000Z</time>
        <extensions>
          <ns3:TrackPointExtension>
            <ns3:hr>164</ns3:hr>
            <ns3:cad>88</ns3:cad>
          </ns3:TrackPointExtension>
        </extensions>
      </trkpt>
      <trkpt lat="24.5340466685593128204345703125" lon="118.15530803985893726348876953125">
        <ele>13.19999980926513671875</ele>
        <time>2026-08-06T11:27:33.000Z</time>
        <extensions>
          <ns3:TrackPointExtension>
            <ns3:hr>164</ns3:hr>
            <ns3:cad>89</ns3:cad>
          </ns3:TrackPointExtension>
        </extensions>
      </trkpt>
      <trkpt lat="24.53401858918368816375732421875" lon="118.15530418418347835540771484375">
        <ele>13.19999980926513671875</ele>
        <time>2026-08-06T11:27:34.000Z</time>
        <extensions>
          <ns3:TrackPointExtension>
            <ns3:hr>164</ns3:hr>
            <ns3:cad>89</ns3:cad>
          </ns3:TrackPointExtension>
        </extensions>
      </trkpt>
      <trkpt lat="24.53398455865681171417236328125" lon="118.15528138540685176849365234375">
        <ele>13.19999980926513671875</ele>
        <time>2026-08-06T11:27:35.000Z</time>
        <extensions>
          <ns3:TrackPointExtension>
            <ns3:hr>164</ns3:hr>
            <ns3:cad>89</ns3:cad>
          </ns3:TrackPointExtension>
        </extensions>
      </trkpt>
      <trkpt lat="24.53395790420472621917724609375" lon="118.15527099184691905975341796875">
        <ele>13</ele>
        <time>2026-08-06T11:27:36.000Z</time>
        <extensions>
          <ns3:TrackPointExtension>
            <ns3:hr>164</ns3:hr>
            <ns3:cad>89</ns3:cad>
          </ns3:TrackPointExtension>
        </extensions>
      </trkpt>
      <trkpt lat="24.5339236222207546234130859375" lon="118.155244924128055572509765625">
        <ele>13</ele>
        <time>2026-08-06T11:27:37.000Z</time>
        <extensions>
          <ns3:TrackPointExtension>
            <ns3:hr>164</ns3:hr>
            <ns3:cad>88</ns3:cad>
          </ns3:TrackPointExtension>
        </extensions>
      </trkpt>
      <trkpt lat="24.53389889560639858245849609375" lon="118.15523193217813968658447265625">
        <ele>13</ele>
        <time>2026-08-06T11:27:38.000Z</time>
        <extensions>
          <ns3:TrackPointExtension>
            <ns3:hr>164</ns3:hr>
            <ns3:cad>88</ns3:cad>
          </ns3:TrackPointExtension>
        </extensions>
      </trkpt>
      <trkpt lat="24.53386771492660045623779296875" lon="118.15520276315510272979736328125">
        <ele>13</ele>
        <time>2026-08-06T11:27:39.000Z</time>
        <extensions>
          <ns3:TrackPointExtension>
            <ns3:hr>165</ns3:hr>
            <ns3:cad>88</ns3:cad>
          </ns3:TrackPointExtension>
        </extensions>
      </trkpt>
      <trkpt lat="24.53384357504546642303466796875" lon="118.1551840715110301971435546875">
        <ele>13</ele>
        <time>2026-08-06T11:27:40.000Z</time>
        <extensions>
          <ns3:TrackPointExtension>
            <ns3:hr>164</ns3:hr>
            <ns3:cad>88</ns3:cad>
          </ns3:TrackPointExtension>
        </extensions>
      </trkpt>
      <trkpt lat="24.53381289727985858917236328125" lon="118.15515632741153240203857421875">
        <ele>13</ele>
        <time>2026-08-06T11:27:41.000Z</time>
        <extensions>
          <ns3:TrackPointExtension>
            <ns3:hr>164</ns3:hr>
            <ns3:cad>88</ns3:cad>
          </ns3:TrackPointExtension>
        </extensions>
      </trkpt>
      <trkpt lat="24.533791355788707733154296875" lon="118.15514023415744304656982421875">
        <ele>13</ele>
        <time>2026-08-06T11:27:42.000Z</time>
        <extensions>
          <ns3:TrackPointExtension>
            <ns3:hr>165</ns3:hr>
            <ns3:cad>89</ns3:cad>
          </ns3:TrackPointExtension>
        </extensions>
      </trkpt>
      <trkpt lat="24.533762522041797637939453125" lon="118.15511290915310382843017578125">
        <ele>12.80000019073486328125</ele>
        <time>2026-08-06T11:27:43.000Z</time>
        <extensions>
          <ns3:TrackPointExtension>
            <ns3:hr>165</ns3:hr>
            <ns3:cad>89</ns3:cad>
          </ns3:TrackPointExtension>
        </extensions>
      </trkpt>
      <trkpt lat="24.5337452553212642669677734375" lon="118.15509430132806301116943359375">
        <ele>13</ele>
        <time>2026-08-06T11:27:44.000Z</time>
        <extensions>
          <ns3:TrackPointExtension>
            <ns3:hr>165</ns3:hr>
            <ns3:cad>88</ns3:cad>
          </ns3:TrackPointExtension>
        </extensions>
      </trkpt>
      <trkpt lat="24.5337211154401302337646484375" lon="118.15506144426763057708740234375">
        <ele>12.80000019073486328125</ele>
        <time>2026-08-06T11:27:45.000Z</time>
        <extensions>
          <ns3:TrackPointExtension>
            <ns3:hr>164</ns3:hr>
            <ns3:cad>88</ns3:cad>
          </ns3:TrackPointExtension>
        </extensions>
      </trkpt>
      <trkpt lat="24.53370460309088230133056640625" lon="118.15503562800586223602294921875">
        <ele>12.80000019073486328125</ele>
        <time>2026-08-06T11:27:46.000Z</time>
        <extensions>
          <ns3:TrackPointExtension>
            <ns3:hr>165</ns3:hr>
            <ns3:cad>87</ns3:cad>
          </ns3:TrackPointExtension>
        </extensions>
      </trkpt>
      <trkpt lat="24.53368465416133403778076171875" lon="118.155005536973476409912109375">
        <ele>12.80000019073486328125</ele>
        <time>2026-08-06T11:27:47.000Z</time>
        <extensions>
          <ns3:TrackPointExtension>
            <ns3:hr>165</ns3:hr>
            <ns3:cad>87</ns3:cad>
          </ns3:TrackPointExtension>
        </extensions>
      </trkpt>
      <trkpt lat="24.5336681418120861053466796875" lon="118.15497494302690029144287109375">
        <ele>12.80000019073486328125</ele>
        <time>2026-08-06T11:27:48.000Z</time>
        <extensions>
          <ns3:TrackPointExtension>
            <ns3:hr>164</ns3:hr>
            <ns3:cad>88</ns3:cad>
          </ns3:TrackPointExtension>
        </extensions>
      </trkpt>
      <trkpt lat="24.53364894725382328033447265625" lon="118.1549389846622943878173828125">
        <ele>12.80000019073486328125</ele>
        <time>2026-08-06T11:27:49.000Z</time>
        <extensions>
          <ns3:TrackPointExtension>
            <ns3:hr>164</ns3:hr>
            <ns3:cad>89</ns3:cad>
          </ns3:TrackPointExtension>
        </extensions>
      </trkpt>
      <trkpt lat="24.5336372964084148406982421875" lon="118.1549034453928470611572265625">
        <ele>12.6000003814697265625</ele>
        <time>2026-08-06T11:27:50.000Z</time>
        <extensions>
          <ns3:TrackPointExtension>
            <ns3:hr>164</ns3:hr>
            <ns3:cad>89</ns3:cad>
          </ns3:TrackPointExtension>
        </extensions>
      </trkpt>
      <trkpt lat="24.53362413682043552398681640625" lon="118.1548675708472728729248046875">
        <ele>12.6000003814697265625</ele>
        <time>2026-08-06T11:27:51.000Z</time>
        <extensions>
          <ns3:TrackPointExtension>
            <ns3:hr>165</ns3:hr>
            <ns3:cad>89</ns3:cad>
          </ns3:TrackPointExtension>
        </extensions>
      </trkpt>
      <trkpt lat="24.53361533582210540771484375" lon="118.1548290140926837921142578125">
        <ele>12.6000003814697265625</ele>
        <time>2026-08-06T11:27:52.000Z</time>
        <extensions>
          <ns3:TrackPointExtension>
            <ns3:hr>165</ns3:hr>
            <ns3:cad>88</ns3:cad>
          </ns3:TrackPointExtension>
        </extensions>
      </trkpt>
      <trkpt lat="24.53360385261476039886474609375" lon="118.1547941453754901885986328125">
        <ele>12.6000003814697265625</ele>
        <time>2026-08-06T11:27:53.000Z</time>
        <extensions>
          <ns3:TrackPointExtension>
            <ns3:hr>165</ns3:hr>
            <ns3:cad>88</ns3:cad>
          </ns3:TrackPointExtension>
        </extensions>
      </trkpt>
      <trkpt lat="24.5335985720157623291015625" lon="118.15475785173475742340087890625">
        <ele>12.80000019073486328125</ele>
        <time>2026-08-06T11:27:54.000Z</time>
        <extensions>
          <ns3:TrackPointExtension>
            <ns3:hr>165</ns3:hr>
            <ns3:cad>88</ns3:cad>
          </ns3:TrackPointExtension>
        </extensions>
      </trkpt>
      <trkpt lat="24.53358558006584644317626953125" lon="118.15472532995045185089111328125">
        <ele>12.80000019073486328125</ele>
        <time>2026-08-06T11:27:55.000Z</time>
        <extensions>
          <ns3:TrackPointExtension>
            <ns3:hr>165</ns3:hr>
            <ns3:cad>88</ns3:cad>
          </ns3:TrackPointExtension>
        </extensions>
      </trkpt>
      <trkpt lat="24.53358583152294158935546875" lon="118.1546835042536258697509765625">
        <ele>12.80000019073486328125</ele>
        <time>2026-08-06T11:27:56.000Z</time>
        <extensions>
          <ns3:TrackPointExtension>
            <ns3:hr>165</ns3:hr>
            <ns3:cad>88</ns3:cad>
          </ns3:TrackPointExtension>
        </extensions>
      </trkpt>
      <trkpt lat="24.53357971273362636566162109375" lon="118.15465140156447887420654296875">
        <ele>12.6000003814697265625</ele>
        <time>2026-08-06T11:27:57.000Z</time>
        <extensions>
          <ns3:TrackPointExtension>
            <ns3:hr>165</ns3:hr>
            <ns3:cad>89</ns3:cad>
          </ns3:TrackPointExtension>
        </extensions>
      </trkpt>
      <trkpt lat="24.533582814037799835205078125" lon="118.15461385063827037811279296875">
        <ele>12.6000003814697265625</ele>
        <time>2026-08-06T11:27:58.000Z</time>
        <extensions>
          <ns3:TrackPointExtension>
            <ns3:hr>164</ns3:hr>
            <ns3:cad>89</ns3:cad>
          </ns3:TrackPointExtension>
        </extensions>
      </trkpt>
      <trkpt lat="24.53357686288654804229736328125" lon="118.15458409488201141357421875">
        <ele>12.6000003814697265625</ele>
        <time>2026-08-06T11:27:59.000Z</time>
        <extensions>
          <ns3:TrackPointExtension>
            <ns3:hr>165</ns3:hr>
            <ns3:cad>89</ns3:cad>
          </ns3:TrackPointExtension>
        </extensions>
      </trkpt>
      <trkpt lat="24.533578455448150634765625" lon="118.1545436941087245941162109375">
        <ele>12.6000003814697265625</ele>
        <time>2026-08-06T11:28:00.000Z</time>
        <extensions>
          <ns3:TrackPointExtension>
            <ns3:hr>165</ns3:hr>
            <ns3:cad>89</ns3:cad>
          </ns3:TrackPointExtension>
        </extensions>
      </trkpt>
      <trkpt lat="24.53357652761042118072509765625" lon="118.1545074842870235443115234375">
        <ele>12.6000003814697265625</ele>
        <time>2026-08-06T11:28:01.000Z</time>
        <extensions>
          <ns3:TrackPointExtension>
            <ns3:hr>165</ns3:hr>
            <ns3:cad>88</ns3:cad>
          </ns3:TrackPointExtension>
        </extensions>
      </trkpt>
      <trkpt lat="24.5335833169519901275634765625" lon="118.15445593558251857757568359375">
        <ele>12.6000003814697265625</ele>
        <time>2026-08-06T11:28:02.000Z</time>
        <extensions>
          <ns3:TrackPointExtension>
            <ns3:hr>165</ns3:hr>
            <ns3:cad>88</ns3:cad>
          </ns3:TrackPointExtension>
        </extensions>
      </trkpt>
      <trkpt lat="24.533581472933292388916015625" lon="118.1544246710836887359619140625">
        <ele>12.6000003814697265625</ele>
        <time>2026-08-06T11:28:03.000Z</time>
        <extensions>
          <ns3:TrackPointExtension>
            <ns3:hr>165</ns3:hr>
            <ns3:cad>88</ns3:cad>
          </ns3:TrackPointExtension>
        </extensions>
      </trkpt>
      <trkpt lat="24.5335933752357959747314453125" lon="118.15438535995781421661376953125">
        <ele>12.3999996185302734375</ele>
        <time>2026-08-06T11:28:04.000Z</time>
        <extensions>
          <ns3:TrackPointExtension>
            <ns3:hr>165</ns3:hr>
            <ns3:cad>88</ns3:cad>
          </ns3:TrackPointExtension>
        </extensions>
      </trkpt>
      <trkpt lat="24.533594213426113128662109375" lon="118.15435878932476043701171875">
        <ele>12.3999996185302734375</ele>
        <time>2026-08-06T11:28:05.000Z</time>
        <extensions>
          <ns3:TrackPointExtension>
            <ns3:hr>164</ns3:hr>
            <ns3:cad>88</ns3:cad>
          </ns3:TrackPointExtension>
        </extensions>
      </trkpt>
      <trkpt lat="24.53360904939472675323486328125" lon="118.1543150357902050018310546875">
        <ele>12.3999996185302734375</ele>
        <time>2026-08-06T11:28:06.000Z</time>
        <extensions>
          <ns3:TrackPointExtension>
            <ns3:hr>164</ns3:hr>
            <ns3:cad>89</ns3:cad>
          </ns3:TrackPointExtension>
        </extensions>
      </trkpt>
      <trkpt lat="24.53361625783145427703857421875" lon="118.1542838551104068756103515625">
        <ele>12.3999996185302734375</ele>
        <time>2026-08-06T11:28:07.000Z</time>
        <extensions>
          <ns3:TrackPointExtension>
            <ns3:hr>164</ns3:hr>
            <ns3:cad>89</ns3:cad>
          </ns3:TrackPointExtension>
        </extensions>
      </trkpt>
      <trkpt lat="24.53363704495131969451904296875" lon="118.15424269996583461761474609375">
        <ele>12.3999996185302734375</ele>
        <time>2026-08-06T11:28:08.000Z</time>
        <extensions>
          <ns3:TrackPointExtension>
            <ns3:hr>164</ns3:hr>
            <ns3:cad>89</ns3:cad>
          </ns3:TrackPointExtension>
        </extensions>
      </trkpt>
      <trkpt lat="24.53365447930991649627685546875" lon="118.154216296970844268798828125">
        <ele>12.3999996185302734375</ele>
        <time>2026-08-06T11:28:09.000Z</time>
        <extensions>
          <ns3:TrackPointExtension>
            <ns3:hr>165</ns3:hr>
            <ns3:cad>88</ns3:cad>
          </ns3:TrackPointExtension>
        </extensions>
      </trkpt>
      <trkpt lat="24.53367141075432300567626953125" lon="118.15418821759521961212158203125">
        <ele>12.6000003814697265625</ele>
        <time>2026-08-06T11:28:10.000Z</time>
        <extensions>
          <ns3:TrackPointExtension>
            <ns3:hr>165</ns3:hr>
            <ns3:cad>88</ns3:cad>
          </ns3:TrackPointExtension>
        </extensions>
      </trkpt>
      <trkpt lat="24.5336892642080783843994140625" lon="118.1541591323912143707275390625">
        <ele>12.6000003814697265625</ele>
        <time>2026-08-06T11:28:11.000Z</time>
        <extensions>
          <ns3:TrackPointExtension>
            <ns3:hr>165</ns3:hr>
            <ns3:cad>88</ns3:cad>
          </ns3:TrackPointExtension>
        </extensions>
      </trkpt>
      <trkpt lat="24.53370376490056514739990234375" lon="118.15413004718720912933349609375">
        <ele>12.6000003814697265625</ele>
        <time>2026-08-06T11:28:12.000Z</time>
        <extensions>
          <ns3:TrackPointExtension>
            <ns3:hr>165</ns3:hr>
            <ns3:cad>88</ns3:cad>
          </ns3:TrackPointExtension>
        </extensions>
      </trkpt>
      <trkpt lat="24.53372530639171600341796875" lon="118.1541034765541553497314453125">
        <ele>12.6000003814697265625</ele>
        <time>2026-08-06T11:28:13.000Z</time>
        <extensions>
          <ns3:TrackPointExtension>
            <ns3:hr>164</ns3:hr>
            <ns3:cad>88</ns3:cad>
          </ns3:TrackPointExtension>
        </extensions>
      </trkpt>
      <trkpt lat="24.53374165110290050506591796875" lon="118.1540736369788646697998046875">
        <ele>12.6000003814697265625</ele>
        <time>2026-08-06T11:28:14.000Z</time>
        <extensions>
          <ns3:TrackPointExtension>
            <ns3:hr>165</ns3:hr>
            <ns3:cad>88</ns3:cad>
          </ns3:TrackPointExtension>
        </extensions>
      </trkpt>
      <trkpt lat="24.53376696445047855377197265625" lon="118.1540469825267791748046875">
        <ele>12.3999996185302734375</ele>
        <time>2026-08-06T11:28:15.000Z</time>
        <extensions>
          <ns3:TrackPointExtension>
            <ns3:hr>165</ns3:hr>
            <ns3:cad>88</ns3:cad>
          </ns3:TrackPointExtension>
        </extensions>
      </trkpt>
      <trkpt lat="24.5337836444377899169921875" lon="118.15401672385632991790771484375">
        <ele>12.3999996185302734375</ele>
        <time>2026-08-06T11:28:16.000Z</time>
        <extensions>
          <ns3:TrackPointExtension>
            <ns3:hr>165</ns3:hr>
            <ns3:cad>88</ns3:cad>
          </ns3:TrackPointExtension>
        </extensions>
      </trkpt>
      <trkpt lat="24.53381423838436603546142578125" lon="118.15398856066167354583740234375">
        <ele>12.3999996185302734375</ele>
        <time>2026-08-06T11:28:17.000Z</time>
        <extensions>
          <ns3:TrackPointExtension>
            <ns3:hr>165</ns3:hr>
            <ns3:cad>88</ns3:cad>
          </ns3:TrackPointExtension>
        </extensions>
      </trkpt>
      <trkpt lat="24.53383502550423145294189453125" lon="118.153968192636966705322265625">
        <ele>12.3999996185302734375</ele>
        <time>2026-08-06T11:28:18.000Z</time>
        <extensions>
          <ns3:TrackPointExtension>
            <ns3:hr>165</ns3:hr>
            <ns3:cad>88</ns3:cad>
          </ns3:TrackPointExtension>
        </extensions>
      </trkpt>
      <trkpt lat="24.5338694751262664794921875" lon="118.15394648350775241851806640625">
        <ele>12.6000003814697265625</ele>
        <time>2026-08-06T11:28:19.000Z</time>
        <extensions>
          <ns3:TrackPointExtension>
            <ns3:hr>165</ns3:hr>
            <ns3:cad>88</ns3:cad>
          </ns3:TrackPointExtension>
        </extensions>
      </trkpt>
      <trkpt lat="24.53389068134129047393798828125" lon="118.15392418764531612396240234375">
        <ele>12.6000003814697265625</ele>
        <time>2026-08-06T11:28:20.000Z</time>
        <extensions>
          <ns3:TrackPointExtension>
            <ns3:hr>165</ns3:hr>
            <ns3:cad>88</ns3:cad>
          </ns3:TrackPointExtension>
        </extensions>
      </trkpt>
      <trkpt lat="24.5339283160865306854248046875" lon="118.15390289761126041412353515625">
        <ele>12.3999996185302734375</ele>
        <time>2026-08-06T11:28:21.000Z</time>
        <extensions>
          <ns3:TrackPointExtension>
            <ns3:hr>165</ns3:hr>
            <ns3:cad>89</ns3:cad>
          </ns3:TrackPointExtension>
        </extensions>
      </trkpt>
      <trkpt lat="24.5339537970721721649169921875" lon="118.1538825295865535736083984375">
        <ele>12.3999996185302734375</ele>
        <time>2026-08-06T11:28:22.000Z</time>
        <extensions>
          <ns3:TrackPointExtension>
            <ns3:hr>165</ns3:hr>
            <ns3:cad>89</ns3:cad>
          </ns3:TrackPointExtension>
        </extensions>
      </trkpt>
      <trkpt lat="24.533991180360317230224609375" lon="118.15386618487536907196044921875">
        <ele>12.3999996185302734375</ele>
        <time>2026-08-06T11:28:23.000Z</time>
        <extensions>
          <ns3:TrackPointExtension>
            <ns3:hr>165</ns3:hr>
            <ns3:cad>89</ns3:cad>
          </ns3:TrackPointExtension>
        </extensions>
      </trkpt>
      <trkpt lat="24.53401205129921436309814453125" lon="118.15385185182094573974609375">
        <ele>12.3999996185302734375</ele>
        <time>2026-08-06T11:28:24.000Z</time>
        <extensions>
          <ns3:TrackPointExtension>
            <ns3:hr>165</ns3:hr>
            <ns3:cad>88</ns3:cad>
          </ns3:TrackPointExtension>
        </extensions>
      </trkpt>
      <trkpt lat="24.53405111096799373626708984375" lon="118.15384036861360073089599609375">
        <ele>12.19999980926513671875</ele>
        <time>2026-08-06T11:28:25.000Z</time>
        <extensions>
          <ns3:TrackPointExtension>
            <ns3:hr>164</ns3:hr>
            <ns3:cad>88</ns3:cad>
          </ns3:TrackPointExtension>
        </extensions>
      </trkpt>
      <trkpt lat="24.5340842194855213165283203125" lon="118.15383165143430233001708984375">
        <ele>12.19999980926513671875</ele>
        <time>2026-08-06T11:28:26.000Z</time>
        <extensions>
          <ns3:TrackPointExtension>
            <ns3:hr>164</ns3:hr>
            <ns3:cad>88</ns3:cad>
          </ns3:TrackPointExtension>
        </extensions>
      </trkpt>
      <trkpt lat="24.534127302467823028564453125" lon="118.15382008440792560577392578125">
        <ele>12.19999980926513671875</ele>
        <time>2026-08-06T11:28:27.000Z</time>
        <extensions>
          <ns3:TrackPointExtension>
            <ns3:hr>164</ns3:hr>
            <ns3:cad>88</ns3:cad>
          </ns3:TrackPointExtension>
        </extensions>
      </trkpt>
      <trkpt lat="24.5341512747108936309814453125" lon="118.153810612857341766357421875">
        <ele>12.19999980926513671875</ele>
        <time>2026-08-06T11:28:28.000Z</time>
        <extensions>
          <ns3:TrackPointExtension>
            <ns3:hr>164</ns3:hr>
            <ns3:cad>89</ns3:cad>
          </ns3:TrackPointExtension>
        </extensions>
      </trkpt>
      <trkpt lat="24.5341844670474529266357421875" lon="118.1538050808012485504150390625">
        <ele>12.19999980926513671875</ele>
        <time>2026-08-06T11:28:29.000Z</time>
        <extensions>
          <ns3:TrackPointExtension>
            <ns3:hr>164</ns3:hr>
            <ns3:cad>89</ns3:cad>
          </ns3:TrackPointExtension>
        </extensions>
      </trkpt>
      <trkpt lat="24.5342099480330944061279296875" lon="118.15379611216485500335693359375">
        <ele>12.19999980926513671875</ele>
        <time>2026-08-06T11:28:30.000Z</time>
        <extensions>
          <ns3:TrackPointExtension>
            <ns3:hr>164</ns3:hr>
            <ns3:cad>89</ns3:cad>
          </ns3:TrackPointExtension>
        </extensions>
      </trkpt>
      <trkpt lat="24.53424565494060516357421875" lon="118.15379007719457149505615234375">
        <ele>12.19999980926513671875</ele>
        <time>2026-08-06T11:28:31.000Z</time>
        <extensions>
          <ns3:TrackPointExtension>
            <ns3:hr>164</ns3:hr>
            <ns3:cad>89</ns3:cad>
          </ns3:TrackPointExtension>
        </extensions>
      </trkpt>
      <trkpt lat="24.534275494515895843505859375" lon="118.1537846289575099945068359375">
        <ele>12</ele>
        <time>2026-08-06T11:28:32.000Z</time>
        <extensions>
          <ns3:TrackPointExtension>
            <ns3:hr>164</ns3:hr>
            <ns3:cad>88</ns3:cad>
          </ns3:TrackPointExtension>
        </extensions>
      </trkpt>
      <trkpt lat="24.5343125425279140472412109375" lon="118.1537733972072601318359375">
        <ele>12</ele>
        <time>2026-08-06T11:28:33.000Z</time>
        <extensions>
          <ns3:TrackPointExtension>
            <ns3:hr>164</ns3:hr>
            <ns3:cad>88</ns3:cad>
          </ns3:TrackPointExtension>
        </extensions>
      </trkpt>
      <trkpt lat="24.5343839563429355621337890625" lon="118.15376258455216884613037109375">
        <ele>12</ele>
        <time>2026-08-06T11:28:34.000Z</time>
        <extensions>
          <ns3:TrackPointExtension>
            <ns3:hr>164</ns3:hr>
            <ns3:cad>88</ns3:cad>
          </ns3:TrackPointExtension>
        </extensions>
      </trkpt>
      <trkpt lat="24.53441605903208255767822265625" lon="118.15376526676118373870849609375">
        <ele>12</ele>
        <time>2026-08-06T11:28:35.000Z</time>
        <extensions>
          <ns3:TrackPointExtension>
            <ns3:hr>163</ns3:hr>
            <ns3:cad>88</ns3:cad>
          </ns3:TrackPointExtension>
        </extensions>
      </trkpt>
      <trkpt lat="24.53445260412991046905517578125" lon="118.15376744605600833892822265625">
        <ele>11.80000019073486328125</ele>
        <time>2026-08-06T11:28:36.000Z</time>
        <extensions>
          <ns3:TrackPointExtension>
            <ns3:hr>164</ns3:hr>
            <ns3:cad>88</ns3:cad>
          </ns3:TrackPointExtension>
        </extensions>
      </trkpt>
      <trkpt lat="24.53448546119034290313720703125" lon="118.1537739001214504241943359375">
        <ele>12</ele>
        <time>2026-08-06T11:28:37.000Z</time>
        <extensions>
          <ns3:TrackPointExtension>
            <ns3:hr>164</ns3:hr>
            <ns3:cad>88</ns3:cad>
          </ns3:TrackPointExtension>
        </extensions>
      </trkpt>
      <trkpt lat="24.5345177315175533294677734375" lon="118.15378068946301937103271484375">
        <ele>12</ele>
        <time>2026-08-06T11:28:38.000Z</time>
        <extensions>
          <ns3:TrackPointExtension>
            <ns3:hr>164</ns3:hr>
            <ns3:cad>89</ns3:cad>
          </ns3:TrackPointExtension>
        </extensions>
      </trkpt>
      <trkpt lat="24.53454799018800258636474609375" lon="118.1537909992039203643798828125">
        <ele>12</ele>
        <time>2026-08-06T11:28:39.000Z</time>
        <extensions>
          <ns3:TrackPointExtension>
            <ns3:hr>164</ns3:hr>
            <ns3:cad>89</ns3:cad>
          </ns3:TrackPointExtension>
        </extensions>
      </trkpt>
      <trkpt lat="24.53457917086780071258544921875" lon="118.15379820764064788818359375">
        <ele>12.19999980926513671875</ele>
        <time>2026-08-06T11:28:40.000Z</time>
        <extensions>
          <ns3:TrackPointExtension>
            <ns3:hr>163</ns3:hr>
            <ns3:cad>89</ns3:cad>
          </ns3:TrackPointExtension>
        </extensions>
      </trkpt>
    </trkseg>
  </trk>
</gpx>
