<?xml version="1.0" encoding="UTF-8"?>
<gpx creator="Garmin Connect" version="1.1"
  xsi:schemaLocation="http://www.topografix.com/GPX/1/1 http://www.topografix.com/GPX/11.xsd"
  xmlns:ns3="http://www.garmin.com/xmlschemas/TrackPointExtension/v1"
  xmlns="http://www.topografix.com/GPX/1/1"
  xmlns:xsi="http://www.w3.org/2001/XMLSchema-instance" xmlns:ns2="http://www.garmin.com/xmlschemas/GpxExtensions/v3">
  <metadata>
    <link href="connect.garmin.com">
      <text>Garmin Connect</text>
    </link>
    <time>2026-08-10T13:09:49.000Z</time>
  </metadata>
  <trk>
    <name>厦门市 跑步</name>
    <type>running</type>
    <trkseg>
      <trkpt lat="24.53431296162307262420654296875" lon="118.1538297235965728759765625">
        <ele>23.6000003814697265625</ele>
        <time>2026-08-10T13:09:49.000Z</time>
        <extensions>
          <ns3:TrackPointExtension>
            <ns3:hr>75</ns3:hr>
            <ns3:cad>54</ns3:cad>
          </ns3:TrackPointExtension>
        </extensions>
      </trkpt>
      <trkpt lat="24.53434397466480731964111328125" lon="118.15378521569073200225830078125">
        <ele>23.3999996185302734375</ele>
        <time>2026-08-10T13:09:50.000Z</time>
        <extensions>
          <ns3:TrackPointExtension>
            <ns3:hr>75</ns3:hr>
            <ns3:cad>54</ns3:cad>
          </ns3:TrackPointExtension>
        </extensions>
      </trkpt>
      <trkpt lat="24.53437482006847858428955078125" lon="118.15378387458622455596923828125">
        <ele>23.3999996185302734375</ele>
        <time>2026-08-10T13:09:51.000Z</time>
        <extensions>
          <ns3:TrackPointExtension>
            <ns3:hr>76</ns3:hr>
            <ns3:cad>0</ns3:cad>
          </ns3:TrackPointExtension>
        </extensions>
      </trkpt>
      <trkpt lat="24.53439678065478801727294921875" lon="118.15378974191844463348388671875">
        <ele>23.6000003814697265625</ele>
        <time>2026-08-10T13:09:52.000Z</time>
        <extensions>
          <ns3:TrackPointExtension>
            <ns3:hr>76</ns3:hr>
            <ns3:cad>83</ns3:cad>
          </ns3:TrackPointExtension>
        </extensions>
      </trkpt>
      <trkpt lat="24.534426368772983551025390625" lon="118.15379619598388671875">
        <ele>23.3999996185302734375</ele>
        <time>2026-08-10T13:09:53.000Z</time>
        <extensions>
          <ns3:TrackPointExtension>
            <ns3:hr>77</ns3:hr>
            <ns3:cad>88</ns3:cad>
          </ns3:TrackPointExtension>
        </extensions>
      </trkpt>
      <trkpt lat="24.53445193357765674591064453125" lon="118.1537993811070919036865234375">
        <ele>23.3999996185302734375</ele>
        <time>2026-08-10T13:09:54.000Z</time>
        <extensions>
          <ns3:TrackPointExtension>
            <ns3:hr>78</ns3:hr>
            <ns3:cad>88</ns3:cad>
          </ns3:TrackPointExtension>
        </extensions>
      </trkpt>
      <trkpt lat="24.534485042095184326171875" lon="118.15380566753447055816650390625">
        <ele>23.6000003814697265625</ele>
        <time>2026-08-10T13:09:55.000Z</time>
        <extensions>
          <ns3:TrackPointExtension>
            <ns3:hr>78</ns3:hr>
            <ns3:cad>88</ns3:cad>
          </ns3:TrackPointExtension>
        </extensions>
      </trkpt>
      <trkpt lat="24.534511864185333251953125" lon="118.15380449406802654266357421875">
        <ele>23.6000003814697265625</ele>
        <time>2026-08-10T13:09:56.000Z</time>
        <extensions>
          <ns3:TrackPointExtension>
            <ns3:hr>78</ns3:hr>
            <ns3:cad>88</ns3:cad>
          </ns3:TrackPointExtension>
        </extensions>
      </trkpt>
      <trkpt lat="24.53454145230352878570556640625" lon="118.15380466170608997344970703125">
        <ele>23.6000003814697265625</ele>
        <time>2026-08-10T13:09:57.000Z</time>
        <extensions>
          <ns3:TrackPointExtension>
            <ns3:hr>78</ns3:hr>
            <ns3:cad>88</ns3:cad>
          </ns3:TrackPointExtension>
        </extensions>
      </trkpt>
      <trkpt lat="24.5345680229365825653076171875" lon="118.1538055837154388427734375">
        <ele>23.6000003814697265625</ele>
        <time>2026-08-10T13:09:58.000Z</time>
        <extensions>
          <ns3:TrackPointExtension>
            <ns3:hr>79</ns3:hr>
            <ns3:cad>88</ns3:cad>
          </ns3:TrackPointExtension>
        </extensions>
      </trkpt>
      <trkpt lat="24.5345990359783172607421875" lon="118.15380667336285114288330078125">
        <ele>23.6000003814697265625</ele>
        <time>2026-08-10T13:09:59.000Z</time>
        <extensions>
          <ns3:TrackPointExtension>
            <ns3:hr>81</ns3:hr>
            <ns3:cad>88</ns3:cad>
          </ns3:TrackPointExtension>
        </extensions>
      </trkpt>
      <trkpt lat="24.5346193201839923858642578125" lon="118.15380130894482135772705078125">
        <ele>23.6000003814697265625</ele>
        <time>2026-08-10T13:10:00.000Z</time>
        <extensions>
          <ns3:TrackPointExtension>
            <ns3:hr>82</ns3:hr>
            <ns3:cad>89</ns3:cad>
          </ns3:TrackPointExtension>
        </extensions>
      </trkpt>
      <trkpt lat="24.53464739955961704254150390625" lon="118.153799884021282196044921875">
        <ele>23.6000003814697265625</ele>
        <time>2026-08-10T13:10:01.000Z</time>
        <extensions>
          <ns3:TrackPointExtension>
            <ns3:hr>83</ns3:hr>
            <ns3:cad>91</ns3:cad>
          </ns3:TrackPointExtension>
        </extensions>
      </trkpt>
      <trkpt lat="24.534665755927562713623046875" lon="118.15379225648939609527587890625">
        <ele>23.6000003814697265625</ele>
        <time>2026-08-10T13:10:02.000Z</time>
        <extensions>
          <ns3:TrackPointExtension>
            <ns3:hr>85</ns3:hr>
            <ns3:cad>91</ns3:cad>
          </ns3:TrackPointExtension>
        </extensions>
      </trkpt>
      <trkpt lat="24.53469668515026569366455078125" lon="118.153791166841983795166015625">
        <ele>23.6000003814697265625</ele>
        <time>2026-08-10T13:10:03.000Z</time>
        <extensions>
          <ns3:TrackPointExtension>
            <ns3:hr>86</ns3:hr>
            <ns3:cad>91</ns3:cad>
          </ns3:TrackPointExtension>
        </extensions>
      </trkpt>
      <trkpt lat="24.534719400107860565185546875" lon="118.1537846289575099945068359375">
        <ele>23.799999237060546875</ele>
        <time>2026-08-10T13:10:04.000Z</time>
        <extensions>
          <ns3:TrackPointExtension>
            <ns3:hr>88</ns3:hr>
            <ns3:cad>90</ns3:cad>
          </ns3:TrackPointExtension>
        </extensions>
      </trkpt>
      <trkpt lat="24.534756951034069061279296875" lon="118.1537846289575099945068359375">
        <ele>23.799999237060546875</ele>
        <time>2026-08-10T13:10:05.000Z</time>
        <extensions>
          <ns3:TrackPointExtension>
            <ns3:hr>90</ns3:hr>
            <ns3:cad>90</ns3:cad>
          </ns3:TrackPointExtension>
        </extensions>
      </trkpt>
      <trkpt lat="24.53478033654391765594482421875" lon="118.15377834253013134002685546875">
        <ele>23.799999237060546875</ele>
        <time>2026-08-10T13:10:06.000Z</time>
        <extensions>
          <ns3:TrackPointExtension>
            <ns3:hr>91</ns3:hr>
            <ns3:cad>90</ns3:cad>
          </ns3:TrackPointExtension>
        </extensions>
      </trkpt>
      <trkpt lat="24.53481352888047695159912109375" lon="118.1537718884646892547607421875">
        <ele>23.799999237060546875</ele>
        <time>2026-08-10T13:10:07.000Z</time>
        <extensions>
          <ns3:TrackPointExtension>
            <ns3:hr>92</ns3:hr>
            <ns3:cad>90</ns3:cad>
          </ns3:TrackPointExtension>
        </extensions>
      </trkpt>
      <trkpt lat="24.5348350703716278076171875" lon="118.15376576967537403106689453125">
        <ele>23.799999237060546875</ele>
        <time>2026-08-10T13:10:08.000Z</time>
        <extensions>
          <ns3:TrackPointExtension>
            <ns3:hr>93</ns3:hr>
            <ns3:cad>90</ns3:cad>
          </ns3:TrackPointExtension>
        </extensions>
      </trkpt>
      <trkpt lat="24.53486817888915538787841796875" lon="118.153762333095073699951171875">
        <ele>23.6000003814697265625</ele>
        <time>2026-08-10T13:10:09.000Z</time>
        <extensions>
          <ns3:TrackPointExtension>
            <ns3:hr>94</ns3:hr>
            <ns3:cad>90</ns3:cad>
          </ns3:TrackPointExtension>
        </extensions>
      </trkpt>
      <trkpt lat="24.53488804399967193603515625" lon="118.15374992787837982177734375">
        <ele>23.6000003814697265625</ele>
        <time>2026-08-10T13:10:10.000Z</time>
        <extensions>
          <ns3:TrackPointExtension>
            <ns3:hr>95</ns3:hr>
            <ns3:cad>90</ns3:cad>
          </ns3:TrackPointExtension>
        </extensions>
      </trkpt>
      <trkpt lat="24.53492157161235809326171875" lon="118.15373827703297138214111328125">
        <ele>23.6000003814697265625</ele>
        <time>2026-08-10T13:10:11.000Z</time>
        <extensions>
          <ns3:TrackPointExtension>
            <ns3:hr>96</ns3:hr>
            <ns3:cad>90</ns3:cad>
          </ns3:TrackPointExtension>
        </extensions>
      </trkpt>
      <trkpt lat="24.53494261018931865692138671875" lon="118.153722770512104034423828125">
        <ele>23.6000003814697265625</ele>
        <time>2026-08-10T13:10:12.000Z</time>
        <extensions>
          <ns3:TrackPointExtension>
            <ns3:hr>97</ns3:hr>
            <ns3:cad>89</ns3:cad>
          </ns3:TrackPointExtension>
        </extensions>
      </trkpt>
      <trkpt lat="24.53497194685041904449462890625" lon="118.15370910800993442535400390625">
        <ele>23.6000003814697265625</ele>
        <time>2026-08-10T13:10:13.000Z</time>
        <extensions>
          <ns3:TrackPointExtension>
            <ns3:hr>98</ns3:hr>
            <ns3:cad>89</ns3:cad>
          </ns3:TrackPointExtension>
        </extensions>
      </trkpt>
      <trkpt lat="24.53498854301869869232177734375" lon="118.1536951102316379547119140625">
        <ele>23.6000003814697265625</ele>
        <time>2026-08-10T13:10:14.000Z</time>
        <extensions>
          <ns3:TrackPointExtension>
            <ns3:hr>99</ns3:hr>
            <ns3:cad>88</ns3:cad>
          </ns3:TrackPointExtension>
        </extensions>
      </trkpt>
      <trkpt lat="24.53501704148948192596435546875" lon="118.153680525720119476318359375">
        <ele>23.6000003814697265625</ele>
        <time>2026-08-10T13:10:15.000Z</time>
        <extensions>
          <ns3:TrackPointExtension>
            <ns3:hr>101</ns3:hr>
            <ns3:cad>88</ns3:cad>
          </ns3:TrackPointExtension>
        </extensions>
      </trkpt>
      <trkpt lat="24.53503849916160106658935546875" lon="118.1536719761788845062255859375">
        <ele>23.6000003814697265625</ele>
        <time>2026-08-10T13:10:16.000Z</time>
        <extensions>
          <ns3:TrackPointExtension>
            <ns3:hr>107</ns3:hr>
            <ns3:cad>88</ns3:cad>
          </ns3:TrackPointExtension>
        </extensions>
      </trkpt>
      <trkpt lat="24.5350669138133525848388671875" lon="118.1536595709621906280517578125">
        <ele>23.6000003814697265625</ele>
        <time>2026-08-10T13:10:17.000Z</time>
        <extensions>
          <ns3:TrackPointExtension>
            <ns3:hr>114</ns3:hr>
            <ns3:cad>89</ns3:cad>
          </ns3:TrackPointExtension>
        </extensions>
      </trkpt>
      <trkpt lat="24.53508979640901088714599609375" lon="118.1536481715738773345947265625">
        <ele>23.6000003814697265625</ele>
        <time>2026-08-10T13:10:18.000Z</time>
        <extensions>
          <ns3:TrackPointExtension>
            <ns3:hr>116</ns3:hr>
            <ns3:cad>90</ns3:cad>
          </ns3:TrackPointExtension>
        </extensions>
      </trkpt>
      <trkpt lat="24.535119049251079559326171875" lon="118.1536290608346462249755859375">
        <ele>23.6000003814697265625</ele>
        <time>2026-08-10T13:10:19.000Z</time>
        <extensions>
          <ns3:TrackPointExtension>
            <ns3:hr>117</ns3:hr>
            <ns3:cad>90</ns3:cad>
          </ns3:TrackPointExtension>
        </extensions>
      </trkpt>
      <trkpt lat="24.5351446978747844696044921875" lon="118.15361372195184230804443359375">
        <ele>23.6000003814697265625</ele>
        <time>2026-08-10T13:10:20.000Z</time>
        <extensions>
          <ns3:TrackPointExtension>
            <ns3:hr>118</ns3:hr>
            <ns3:cad>90</ns3:cad>
          </ns3:TrackPointExtension>
        </extensions>
      </trkpt>
      <trkpt lat="24.5351688377559185028076171875" lon="118.15359343774616718292236328125">
        <ele>23.6000003814697265625</ele>
        <time>2026-08-10T13:10:21.000Z</time>
        <extensions>
          <ns3:TrackPointExtension>
            <ns3:hr>118</ns3:hr>
            <ns3:cad>90</ns3:cad>
          </ns3:TrackPointExtension>
        </extensions>
      </trkpt>
      <trkpt lat="24.535187445580959320068359375" lon="118.15357801504433155059814453125">
        <ele>23.6000003814697265625</ele>
        <time>2026-08-10T13:10:22.000Z</time>
        <extensions>
          <ns3:TrackPointExtension>
            <ns3:hr>118</ns3:hr>
            <ns3:cad>88</ns3:cad>
          </ns3:TrackPointExtension>
        </extensions>
      </trkpt>
      <trkpt lat="24.53521049581468105316162109375" lon="118.1535561382770538330078125">
        <ele>23.6000003814697265625</ele>
        <time>2026-08-10T13:10:23.000Z</time>
        <extensions>
          <ns3:TrackPointExtension>
            <ns3:hr>119</ns3:hr>
            <ns3:cad>88</ns3:cad>
          </ns3:TrackPointExtension>
        </extensions>
      </trkpt>
      <trkpt lat="24.535227678716182708740234375" lon="118.15353895537555217742919921875">
        <ele>23.6000003814697265625</ele>
        <time>2026-08-10T13:10:24.000Z</time>
        <extensions>
          <ns3:TrackPointExtension>
            <ns3:hr>119</ns3:hr>
            <ns3:cad>88</ns3:cad>
          </ns3:TrackPointExtension>
        </extensions>
      </trkpt>
      <trkpt lat="24.53525072894990444183349609375" lon="118.15351699478924274444580078125">
        <ele>23.6000003814697265625</ele>
        <time>2026-08-10T13:10:25.000Z</time>
        <extensions>
          <ns3:TrackPointExtension>
            <ns3:hr>120</ns3:hr>
            <ns3:cad>88</ns3:cad>
          </ns3:TrackPointExtension>
        </extensions>
      </trkpt>
      <trkpt lat="24.53527000732719898223876953125" lon="118.15349805168807506561279296875">
        <ele>23.6000003814697265625</ele>
        <time>2026-08-10T13:10:26.000Z</time>
        <extensions>
          <ns3:TrackPointExtension>
            <ns3:hr>120</ns3:hr>
            <ns3:cad>89</ns3:cad>
          </ns3:TrackPointExtension>
        </extensions>
      </trkpt>
      <trkpt lat="24.53529079444706439971923828125" lon="118.15348044969141483306884765625">
        <ele>23.3999996185302734375</ele>
        <time>2026-08-10T13:10:27.000Z</time>
        <extensions>
          <ns3:TrackPointExtension>
            <ns3:hr>119</ns3:hr>
            <ns3:cad>90</ns3:cad>
          </ns3:TrackPointExtension>
        </extensions>
      </trkpt>
      <trkpt lat="24.5353126712143421173095703125" lon="118.15346301533281803131103515625">
        <ele>23.3999996185302734375</ele>
        <time>2026-08-10T13:10:28.000Z</time>
        <extensions>
          <ns3:TrackPointExtension>
            <ns3:hr>119</ns3:hr>
            <ns3:cad>90</ns3:cad>
          </ns3:TrackPointExtension>
        </extensions>
      </trkpt>
      <trkpt lat="24.53533052466809749603271484375" lon="118.1534429825842380523681640625">
        <ele>23.3999996185302734375</ele>
        <time>2026-08-10T13:10:29.000Z</time>
        <extensions>
          <ns3:TrackPointExtension>
            <ns3:hr>119</ns3:hr>
            <ns3:cad>90</ns3:cad>
          </ns3:TrackPointExtension>
        </extensions>
      </trkpt>
      <trkpt lat="24.53535466454923152923583984375" lon="118.15342227928340435028076171875">
        <ele>23.3999996185302734375</ele>
        <time>2026-08-10T13:10:30.000Z</time>
        <extensions>
          <ns3:TrackPointExtension>
            <ns3:hr>120</ns3:hr>
            <ns3:cad>89</ns3:cad>
          </ns3:TrackPointExtension>
        </extensions>
      </trkpt>
      <trkpt lat="24.53537276946008205413818359375" lon="118.15340283326804637908935546875">
        <ele>23.6000003814697265625</ele>
        <time>2026-08-10T13:10:31.000Z</time>
        <extensions>
          <ns3:TrackPointExtension>
            <ns3:hr>120</ns3:hr>
            <ns3:cad>89</ns3:cad>
          </ns3:TrackPointExtension>
        </extensions>
      </trkpt>
      <trkpt lat="24.535396657884120941162109375" lon="118.153378777205944061279296875">
        <ele>23.6000003814697265625</ele>
        <time>2026-08-10T13:10:32.000Z</time>
        <extensions>
          <ns3:TrackPointExtension>
            <ns3:hr>120</ns3:hr>
            <ns3:cad>88</ns3:cad>
          </ns3:TrackPointExtension>
        </extensions>
      </trkpt>
      <trkpt lat="24.5354125835001468658447265625" lon="118.153358660638332366943359375">
        <ele>23.6000003814697265625</ele>
        <time>2026-08-10T13:10:33.000Z</time>
        <extensions>
          <ns3:TrackPointExtension>
            <ns3:hr>120</ns3:hr>
            <ns3:cad>88</ns3:cad>
          </ns3:TrackPointExtension>
        </extensions>
      </trkpt>
      <trkpt lat="24.535438902676105499267578125" lon="118.1533367000520229339599609375">
        <ele>23.3999996185302734375</ele>
        <time>2026-08-10T13:10:34.000Z</time>
        <extensions>
          <ns3:TrackPointExtension>
            <ns3:hr>121</ns3:hr>
            <ns3:cad>89</ns3:cad>
          </ns3:TrackPointExtension>
        </extensions>
      </trkpt>
      <trkpt lat="24.53545457683503627777099609375" lon="118.15331700257956981658935546875">
        <ele>23.3999996185302734375</ele>
        <time>2026-08-10T13:10:35.000Z</time>
        <extensions>
          <ns3:TrackPointExtension>
            <ns3:hr>121</ns3:hr>
            <ns3:cad>89</ns3:cad>
          </ns3:TrackPointExtension>
        </extensions>
      </trkpt>
      <trkpt lat="24.53547972254455089569091796875" lon="118.1532917730510234832763671875">
        <ele>23.3999996185302734375</ele>
        <time>2026-08-10T13:10:36.000Z</time>
        <extensions>
          <ns3:TrackPointExtension>
            <ns3:hr>121</ns3:hr>
            <ns3:cad>89</ns3:cad>
          </ns3:TrackPointExtension>
        </extensions>
      </trkpt>
      <trkpt lat="24.53549682162702083587646484375" lon="118.153277523815631866455078125">
        <ele>23.3999996185302734375</ele>
        <time>2026-08-10T13:10:37.000Z</time>
        <extensions>
          <ns3:TrackPointExtension>
            <ns3:hr>122</ns3:hr>
            <ns3:cad>89</ns3:cad>
          </ns3:TrackPointExtension>
        </extensions>
      </trkpt>
      <trkpt lat="24.53552012331783771514892578125" lon="118.15325598232448101043701171875">
        <ele>23.3999996185302734375</ele>
        <time>2026-08-10T13:10:38.000Z</time>
        <extensions>
          <ns3:TrackPointExtension>
            <ns3:hr>122</ns3:hr>
            <ns3:cad>88</ns3:cad>
          </ns3:TrackPointExtension>
        </extensions>
      </trkpt>
      <trkpt lat="24.535536803305149078369140625" lon="118.1532404758036136627197265625">
        <ele>23.3999996185302734375</ele>
        <time>2026-08-10T13:10:39.000Z</time>
        <extensions>
          <ns3:TrackPointExtension>
            <ns3:hr>124</ns3:hr>
            <ns3:cad>87</ns3:cad>
          </ns3:TrackPointExtension>
        </extensions>
      </trkpt>
      <trkpt lat="24.535560272634029388427734375" lon="118.153220526874065399169921875">
        <ele>23.3999996185302734375</ele>
        <time>2026-08-10T13:10:40.000Z</time>
        <extensions>
          <ns3:TrackPointExtension>
            <ns3:hr>124</ns3:hr>
            <ns3:cad>87</ns3:cad>
          </ns3:TrackPointExtension>
        </extensions>
      </trkpt>
      <trkpt lat="24.5355725102126598358154296875" lon="118.15320183522999286651611328125">
        <ele>23.3999996185302734375</ele>
        <time>2026-08-10T13:10:41.000Z</time>
        <extensions>
          <ns3:TrackPointExtension>
            <ns3:hr>125</ns3:hr>
            <ns3:cad>87</ns3:cad>
          </ns3:TrackPointExtension>
        </extensions>
      </trkpt>
      <trkpt lat="24.53559807501733303070068359375" lon="118.153176940977573394775390625">
        <ele>23.3999996185302734375</ele>
        <time>2026-08-10T13:10:42.000Z</time>
        <extensions>
          <ns3:TrackPointExtension>
            <ns3:hr>124</ns3:hr>
            <ns3:cad>89</ns3:cad>
          </ns3:TrackPointExtension>
        </extensions>
      </trkpt>
      <trkpt lat="24.53561718575656414031982421875" lon="118.15316042862832546234130859375">
        <ele>23.3999996185302734375</ele>
        <time>2026-08-10T13:10:43.000Z</time>
        <extensions>
          <ns3:TrackPointExtension>
            <ns3:hr>124</ns3:hr>
            <ns3:cad>89</ns3:cad>
          </ns3:TrackPointExtension>
        </extensions>
      </trkpt>
      <trkpt lat="24.53565121628344058990478515625" lon="118.15315154381096363067626953125">
        <ele>23.3999996185302734375</ele>
        <time>2026-08-10T13:10:44.000Z</time>
        <extensions>
          <ns3:TrackPointExtension>
            <ns3:hr>124</ns3:hr>
            <ns3:cad>89</ns3:cad>
          </ns3:TrackPointExtension>
        </extensions>
      </trkpt>
      <trkpt lat="24.53567250631749629974365234375" lon="118.15314643085002899169921875">
        <ele>23.200000762939453125</ele>
        <time>2026-08-10T13:10:45.000Z</time>
        <extensions>
          <ns3:TrackPointExtension>
            <ns3:hr>122</ns3:hr>
            <ns3:cad>89</ns3:cad>
          </ns3:TrackPointExtension>
        </extensions>
      </trkpt>
      <trkpt lat="24.5357069559395313262939453125" lon="118.15315523184835910797119140625">
        <ele>23.200000762939453125</ele>
        <time>2026-08-10T13:10:46.000Z</time>
        <extensions>
          <ns3:TrackPointExtension>
            <ns3:hr>122</ns3:hr>
            <ns3:cad>89</ns3:cad>
          </ns3:TrackPointExtension>
        </extensions>
      </trkpt>
      <trkpt lat="24.53572816215455532073974609375" lon="118.153165541589260101318359375">
        <ele>23.200000762939453125</ele>
        <time>2026-08-10T13:10:47.000Z</time>
        <extensions>
          <ns3:TrackPointExtension>
            <ns3:hr>121</ns3:hr>
            <ns3:cad>89</ns3:cad>
          </ns3:TrackPointExtension>
        </extensions>
      </trkpt>
      <trkpt lat="24.5357522182166576385498046875" lon="118.153182305395603179931640625">
        <ele>23.200000762939453125</ele>
        <time>2026-08-10T13:10:48.000Z</time>
        <extensions>
          <ns3:TrackPointExtension>
            <ns3:hr>121</ns3:hr>
            <ns3:cad>89</ns3:cad>
          </ns3:TrackPointExtension>
        </extensions>
      </trkpt>
      <trkpt lat="24.5357726700603961944580078125" lon="118.15319915302097797393798828125">
        <ele>23.200000762939453125</ele>
        <time>2026-08-10T13:10:49.000Z</time>
        <extensions>
          <ns3:TrackPointExtension>
            <ns3:hr>120</ns3:hr>
            <ns3:cad>88</ns3:cad>
          </ns3:TrackPointExtension>
        </extensions>
      </trkpt>
      <trkpt lat="24.5357978157699108123779296875" lon="118.153214491903781890869140625">
        <ele>23.200000762939453125</ele>
        <time>2026-08-10T13:10:50.000Z</time>
        <extensions>
          <ns3:TrackPointExtension>
            <ns3:hr>120</ns3:hr>
            <ns3:cad>88</ns3:cad>
          </ns3:TrackPointExtension>
        </extensions>
      </trkpt>
      <trkpt lat="24.53581608831882476806640625" lon="118.15323268063366413116455078125">
        <ele>23.3999996185302734375</ele>
        <time>2026-08-10T13:10:51.000Z</time>
        <extensions>
          <ns3:TrackPointExtension>
            <ns3:hr>119</ns3:hr>
            <ns3:cad>89</ns3:cad>
          </ns3:TrackPointExtension>
        </extensions>
      </trkpt>
      <trkpt lat="24.535837881267070770263671875" lon="118.153246007859706878662109375">
        <ele>23.3999996185302734375</ele>
        <time>2026-08-10T13:10:52.000Z</time>
        <extensions>
          <ns3:TrackPointExtension>
            <ns3:hr>117</ns3:hr>
            <ns3:cad>89</ns3:cad>
          </ns3:TrackPointExtension>
        </extensions>
      </trkpt>
      <trkpt lat="24.53586026094853878021240234375" lon="118.1532639451324939727783203125">
        <ele>23.3999996185302734375</ele>
        <time>2026-08-10T13:10:53.000Z</time>
        <extensions>
          <ns3:TrackPointExtension>
            <ns3:hr>116</ns3:hr>
            <ns3:cad>89</ns3:cad>
          </ns3:TrackPointExtension>
        </extensions>
      </trkpt>
      <trkpt lat="24.53588255681097507476806640625" lon="118.15327308140695095062255859375">
        <ele>23.200000762939453125</ele>
        <time>2026-08-10T13:10:54.000Z</time>
        <extensions>
          <ns3:TrackPointExtension>
            <ns3:hr>116</ns3:hr>
            <ns3:cad>88</ns3:cad>
          </ns3:TrackPointExtension>
        </extensions>
      </trkpt>
      <trkpt lat="24.53590468503534793853759765625" lon="118.15329655073583126068115234375">
        <ele>23.3999996185302734375</ele>
        <time>2026-08-10T13:10:55.000Z</time>
        <extensions>
          <ns3:TrackPointExtension>
            <ns3:hr>116</ns3:hr>
            <ns3:cad>88</ns3:cad>
          </ns3:TrackPointExtension>
        </extensions>
      </trkpt>
      <trkpt lat="24.5359255559742450714111328125" lon="118.15330526791512966156005859375">
        <ele>23.3999996185302734375</ele>
        <time>2026-08-10T13:10:56.000Z</time>
        <extensions>
          <ns3:TrackPointExtension>
            <ns3:hr>116</ns3:hr>
            <ns3:cad>88</ns3:cad>
          </ns3:TrackPointExtension>
        </extensions>
      </trkpt>
      <trkpt lat="24.53595212660729885101318359375" lon="118.15332303754985332489013671875">
        <ele>23.3999996185302734375</ele>
        <time>2026-08-10T13:10:57.000Z</time>
        <extensions>
          <ns3:TrackPointExtension>
            <ns3:hr>117</ns3:hr>
            <ns3:cad>88</ns3:cad>
          </ns3:TrackPointExtension>
        </extensions>
      </trkpt>
      <trkpt lat="24.5359669625759124755859375" lon="118.15333108417689800262451171875">
        <ele>23.3999996185302734375</ele>
        <time>2026-08-10T13:10:58.000Z</time>
        <extensions>
          <ns3:TrackPointExtension>
            <ns3:hr>120</ns3:hr>
            <ns3:cad>88</ns3:cad>
          </ns3:TrackPointExtension>
        </extensions>
      </trkpt>
      <trkpt lat="24.53599286265671253204345703125" lon="118.15335019491612911224365234375">
        <ele>23.3999996185302734375</ele>
        <time>2026-08-10T13:10:59.000Z</time>
        <extensions>
          <ns3:TrackPointExtension>
            <ns3:hr>123</ns3:hr>
            <ns3:cad>89</ns3:cad>
          </ns3:TrackPointExtension>
        </extensions>
      </trkpt>
      <trkpt lat="24.536011554300785064697265625" lon="118.153361342847347259521484375">
        <ele>23.3999996185302734375</ele>
        <time>2026-08-10T13:11:00.000Z</time>
        <extensions>
          <ns3:TrackPointExtension>
            <ns3:hr>125</ns3:hr>
            <ns3:cad>89</ns3:cad>
          </ns3:TrackPointExtension>
        </extensions>
      </trkpt>
      <trkpt lat="24.536037705838680267333984375" lon="118.15338238142430782318115234375">
        <ele>23.3999996185302734375</ele>
        <time>2026-08-10T13:11:01.000Z</time>
        <extensions>
          <ns3:TrackPointExtension>
            <ns3:hr>126</ns3:hr>
            <ns3:cad>89</ns3:cad>
          </ns3:TrackPointExtension>
        </extensions>
      </trkpt>
      <trkpt lat="24.5360610075294971466064453125" lon="118.153388164937496185302734375">
        <ele>23.3999996185302734375</ele>
        <time>2026-08-10T13:11:02.000Z</time>
        <extensions>
          <ns3:TrackPointExtension>
            <ns3:hr>127</ns3:hr>
            <ns3:cad>88</ns3:cad>
          </ns3:TrackPointExtension>
        </extensions>
      </trkpt>
      <trkpt lat="24.5360861532390117645263671875" lon="118.15341071225702762603759765625">
        <ele>23.3999996185302734375</ele>
        <time>2026-08-10T13:11:03.000Z</time>
        <extensions>
          <ns3:TrackPointExtension>
            <ns3:hr>127</ns3:hr>
            <ns3:cad>88</ns3:cad>
          </ns3:TrackPointExtension>
        </extensions>
      </trkpt>
      <trkpt lat="24.536104761064052581787109375" lon="118.1534201838076114654541015625">
        <ele>23.3999996185302734375</ele>
        <time>2026-08-10T13:11:04.000Z</time>
        <extensions>
          <ns3:TrackPointExtension>
            <ns3:hr>128</ns3:hr>
            <ns3:cad>87</ns3:cad>
          </ns3:TrackPointExtension>
        </extensions>
      </trkpt>
      <trkpt lat="24.53612999059259891510009765625" lon="118.15343686379492282867431640625">
        <ele>23.3999996185302734375</ele>
        <time>2026-08-10T13:11:05.000Z</time>
        <extensions>
          <ns3:TrackPointExtension>
            <ns3:hr>129</ns3:hr>
            <ns3:cad>88</ns3:cad>
          </ns3:TrackPointExtension>
        </extensions>
      </trkpt>
      <trkpt lat="24.5361448265612125396728515625" lon="118.1534520350396633148193359375">
        <ele>23.3999996185302734375</ele>
        <time>2026-08-10T13:11:06.000Z</time>
        <extensions>
          <ns3:TrackPointExtension>
            <ns3:hr>129</ns3:hr>
            <ns3:cad>90</ns3:cad>
          </ns3:TrackPointExtension>
        </extensions>
      </trkpt>
      <trkpt lat="24.536169804632663726806640625" lon="118.15346427261829376220703125">
        <ele>23.3999996185302734375</ele>
        <time>2026-08-10T13:11:07.000Z</time>
        <extensions>
          <ns3:TrackPointExtension>
            <ns3:hr>130</ns3:hr>
            <ns3:cad>90</ns3:cad>
          </ns3:TrackPointExtension>
        </extensions>
      </trkpt>
      <trkpt lat="24.5361927710473537445068359375" lon="118.15347776748239994049072265625">
        <ele>23.3999996185302734375</ele>
        <time>2026-08-10T13:11:08.000Z</time>
        <extensions>
          <ns3:TrackPointExtension>
            <ns3:hr>130</ns3:hr>
            <ns3:cad>89</ns3:cad>
          </ns3:TrackPointExtension>
        </extensions>
      </trkpt>
      <trkpt lat="24.53621800057590007781982421875" lon="118.15348975360393524169921875">
        <ele>23.3999996185302734375</ele>
        <time>2026-08-10T13:11:09.000Z</time>
        <extensions>
          <ns3:TrackPointExtension>
            <ns3:hr>130</ns3:hr>
            <ns3:cad>89</ns3:cad>
          </ns3:TrackPointExtension>
        </extensions>
      </trkpt>
      <trkpt lat="24.53624096699059009552001953125" lon="118.15350643359124660491943359375">
        <ele>23.3999996185302734375</ele>
        <time>2026-08-10T13:11:10.000Z</time>
        <extensions>
          <ns3:TrackPointExtension>
            <ns3:hr>131</ns3:hr>
            <ns3:cad>88</ns3:cad>
          </ns3:TrackPointExtension>
        </extensions>
      </trkpt>
      <trkpt lat="24.5362655259668827056884765625" lon="118.15351791679859161376953125">
        <ele>23.3999996185302734375</ele>
        <time>2026-08-10T13:11:11.000Z</time>
        <extensions>
          <ns3:TrackPointExtension>
            <ns3:hr>131</ns3:hr>
            <ns3:cad>87</ns3:cad>
          </ns3:TrackPointExtension>
        </extensions>
      </trkpt>
      <trkpt lat="24.53629042021930217742919921875" lon="118.1535385362803936004638671875">
        <ele>23.3999996185302734375</ele>
        <time>2026-08-10T13:11:12.000Z</time>
        <extensions>
          <ns3:TrackPointExtension>
            <ns3:hr>131</ns3:hr>
            <ns3:cad>87</ns3:cad>
          </ns3:TrackPointExtension>
        </extensions>
      </trkpt>
      <trkpt lat="24.53631305135786533355712890625" lon="118.15354851074516773223876953125">
        <ele>23.3999996185302734375</ele>
        <time>2026-08-10T13:11:13.000Z</time>
        <extensions>
          <ns3:TrackPointExtension>
            <ns3:hr>132</ns3:hr>
            <ns3:cad>88</ns3:cad>
          </ns3:TrackPointExtension>
        </extensions>
      </trkpt>
      <trkpt lat="24.5363376103341579437255859375" lon="118.15356946550309658050537109375">
        <ele>23.3999996185302734375</ele>
        <time>2026-08-10T13:11:14.000Z</time>
        <extensions>
          <ns3:TrackPointExtension>
            <ns3:hr>132</ns3:hr>
            <ns3:cad>89</ns3:cad>
          </ns3:TrackPointExtension>
        </extensions>
      </trkpt>
      <trkpt lat="24.53635655343532562255859375" lon="118.15357717685401439666748046875">
        <ele>23.6000003814697265625</ele>
        <time>2026-08-10T13:11:15.000Z</time>
        <extensions>
          <ns3:TrackPointExtension>
            <ns3:hr>132</ns3:hr>
            <ns3:cad>89</ns3:cad>
          </ns3:TrackPointExtension>
        </extensions>
      </trkpt>
      <trkpt lat="24.53638379462063312530517578125" lon="118.15359813161194324493408203125">
        <ele>23.3999996185302734375</ele>
        <time>2026-08-10T13:11:16.000Z</time>
        <extensions>
          <ns3:TrackPointExtension>
            <ns3:hr>132</ns3:hr>
            <ns3:cad>89</ns3:cad>
          </ns3:TrackPointExtension>
        </extensions>
      </trkpt>
      <trkpt lat="24.5364019833505153656005859375" lon="118.1536062620580196380615234375">
        <ele>23.3999996185302734375</ele>
        <time>2026-08-10T13:11:17.000Z</time>
        <extensions>
          <ns3:TrackPointExtension>
            <ns3:hr>132</ns3:hr>
            <ns3:cad>89</ns3:cad>
          </ns3:TrackPointExtension>
        </extensions>
      </trkpt>
      <trkpt lat="24.5364283025264739990234375" lon="118.1536253727972507476806640625">
        <ele>23.3999996185302734375</ele>
        <time>2026-08-10T13:11:18.000Z</time>
        <extensions>
          <ns3:TrackPointExtension>
            <ns3:hr>132</ns3:hr>
            <ns3:cad>88</ns3:cad>
          </ns3:TrackPointExtension>
        </extensions>
      </trkpt>
      <trkpt lat="24.53644665889441967010498046875" lon="118.1536347605288028717041015625">
        <ele>23.6000003814697265625</ele>
        <time>2026-08-10T13:11:19.000Z</time>
        <extensions>
          <ns3:TrackPointExtension>
            <ns3:hr>132</ns3:hr>
            <ns3:cad>88</ns3:cad>
          </ns3:TrackPointExtension>
        </extensions>
      </trkpt>
      <trkpt lat="24.536475576460361480712890625" lon="118.15365177579224109649658203125">
        <ele>23.6000003814697265625</ele>
        <time>2026-08-10T13:11:20.000Z</time>
        <extensions>
          <ns3:TrackPointExtension>
            <ns3:hr>132</ns3:hr>
            <ns3:cad>87</ns3:cad>
          </ns3:TrackPointExtension>
        </extensions>
      </trkpt>
      <trkpt lat="24.536496363580226898193359375" lon="118.15366812050342559814453125">
        <ele>23.6000003814697265625</ele>
        <time>2026-08-10T13:11:21.000Z</time>
        <extensions>
          <ns3:TrackPointExtension>
            <ns3:hr>132</ns3:hr>
            <ns3:cad>88</ns3:cad>
          </ns3:TrackPointExtension>
        </extensions>
      </trkpt>
      <trkpt lat="24.5365216769278049468994140625" lon="118.15368287265300750732421875">
        <ele>23.6000003814697265625</ele>
        <time>2026-08-10T13:11:22.000Z</time>
        <extensions>
          <ns3:TrackPointExtension>
            <ns3:hr>132</ns3:hr>
            <ns3:cad>88</ns3:cad>
          </ns3:TrackPointExtension>
        </extensions>
      </trkpt>
      <trkpt lat="24.53653953038156032562255859375" lon="118.15369904972612857818603515625">
        <ele>23.6000003814697265625</ele>
        <time>2026-08-10T13:11:23.000Z</time>
        <extensions>
          <ns3:TrackPointExtension>
            <ns3:hr>132</ns3:hr>
            <ns3:cad>88</ns3:cad>
          </ns3:TrackPointExtension>
        </extensions>
      </trkpt>
      <trkpt lat="24.53656434081494808197021484375" lon="118.153715394437313079833984375">
        <ele>23.3999996185302734375</ele>
        <time>2026-08-10T13:11:24.000Z</time>
        <extensions>
          <ns3:TrackPointExtension>
            <ns3:hr>132</ns3:hr>
            <ns3:cad>88</ns3:cad>
          </ns3:TrackPointExtension>
        </extensions>
      </trkpt>
      <trkpt lat="24.5365837030112743377685546875" lon="118.15373291261494159698486328125">
        <ele>23.200000762939453125</ele>
        <time>2026-08-10T13:11:25.000Z</time>
        <extensions>
          <ns3:TrackPointExtension>
            <ns3:hr>133</ns3:hr>
            <ns3:cad>88</ns3:cad>
          </ns3:TrackPointExtension>
        </extensions>
      </trkpt>
      <trkpt lat="24.536608345806598663330078125" lon="118.1537423841655254364013671875">
        <ele>23.200000762939453125</ele>
        <time>2026-08-10T13:11:26.000Z</time>
        <extensions>
          <ns3:TrackPointExtension>
            <ns3:hr>132</ns3:hr>
            <ns3:cad>88</ns3:cad>
          </ns3:TrackPointExtension>
        </extensions>
      </trkpt>
      <trkpt lat="24.53663147985935211181640625" lon="118.1537588126957416534423828125">
        <ele>23</ele>
        <time>2026-08-10T13:11:27.000Z</time>
        <extensions>
          <ns3:TrackPointExtension>
            <ns3:hr>132</ns3:hr>
            <ns3:cad>88</ns3:cad>
          </ns3:TrackPointExtension>
        </extensions>
      </trkpt>
      <trkpt lat="24.53665620647370815277099609375" lon="118.1537621654570102691650390625">
        <ele>23</ele>
        <time>2026-08-10T13:11:28.000Z</time>
        <extensions>
          <ns3:TrackPointExtension>
            <ns3:hr>132</ns3:hr>
            <ns3:cad>88</ns3:cad>
          </ns3:TrackPointExtension>
        </extensions>
      </trkpt>
      <trkpt lat="24.53668244183063507080078125" lon="118.15378152765333652496337890625">
        <ele>23</ele>
        <time>2026-08-10T13:11:29.000Z</time>
        <extensions>
          <ns3:TrackPointExtension>
            <ns3:hr>132</ns3:hr>
            <ns3:cad>88</ns3:cad>
          </ns3:TrackPointExtension>
        </extensions>
      </trkpt>
      <trkpt lat="24.5367033965885639190673828125" lon="118.15378974191844463348388671875">
        <ele>23</ele>
        <time>2026-08-10T13:11:30.000Z</time>
        <extensions>
          <ns3:TrackPointExtension>
            <ns3:hr>133</ns3:hr>
            <ns3:cad>87</ns3:cad>
          </ns3:TrackPointExtension>
        </extensions>
      </trkpt>
      <trkpt lat="24.5367313921451568603515625" lon="118.15381036140024662017822265625">
        <ele>23</ele>
        <time>2026-08-10T13:11:31.000Z</time>
        <extensions>
          <ns3:TrackPointExtension>
            <ns3:hr>133</ns3:hr>
            <ns3:cad>87</ns3:cad>
          </ns3:TrackPointExtension>
        </extensions>
      </trkpt>
      <trkpt lat="24.5367515087127685546875" lon="118.15382243134081363677978515625">
        <ele>22.799999237060546875</ele>
        <time>2026-08-10T13:11:32.000Z</time>
        <extensions>
          <ns3:TrackPointExtension>
            <ns3:hr>133</ns3:hr>
            <ns3:cad>87</ns3:cad>
          </ns3:TrackPointExtension>
        </extensions>
      </trkpt>
      <trkpt lat="24.5367724634706974029541015625" lon="118.15383785404264926910400390625">
        <ele>22.799999237060546875</ele>
        <time>2026-08-10T13:11:33.000Z</time>
        <extensions>
          <ns3:TrackPointExtension>
            <ns3:hr>133</ns3:hr>
            <ns3:cad>87</ns3:cad>
          </ns3:TrackPointExtension>
        </extensions>
      </trkpt>
      <trkpt lat="24.53678973019123077392578125" lon="118.15385277383029460906982421875">
        <ele>22.799999237060546875</ele>
        <time>2026-08-10T13:11:34.000Z</time>
        <extensions>
          <ns3:TrackPointExtension>
            <ns3:hr>134</ns3:hr>
            <ns3:cad>87</ns3:cad>
          </ns3:TrackPointExtension>
        </extensions>
      </trkpt>
      <trkpt lat="24.536812864243984222412109375" lon="118.1538672745227813720703125">
        <ele>22.799999237060546875</ele>
        <time>2026-08-10T13:11:35.000Z</time>
        <extensions>
          <ns3:TrackPointExtension>
            <ns3:hr>133</ns3:hr>
            <ns3:cad>87</ns3:cad>
          </ns3:TrackPointExtension>
        </extensions>
      </trkpt>
      <trkpt lat="24.53683608211576938629150390625" lon="118.15388630144298076629638671875">
        <ele>22.799999237060546875</ele>
        <time>2026-08-10T13:11:36.000Z</time>
        <extensions>
          <ns3:TrackPointExtension>
            <ns3:hr>133</ns3:hr>
            <ns3:cad>87</ns3:cad>
          </ns3:TrackPointExtension>
        </extensions>
      </trkpt>
      <trkpt lat="24.53686038963496685028076171875" lon="118.1538989581167697906494140625">
        <ele>23</ele>
        <time>2026-08-10T13:11:37.000Z</time>
        <extensions>
          <ns3:TrackPointExtension>
            <ns3:hr>134</ns3:hr>
            <ns3:cad>88</ns3:cad>
          </ns3:TrackPointExtension>
        </extensions>
      </trkpt>
      <trkpt lat="24.53688092529773712158203125" lon="118.15392184071242809295654296875">
        <ele>22.799999237060546875</ele>
        <time>2026-08-10T13:11:38.000Z</time>
        <extensions>
          <ns3:TrackPointExtension>
            <ns3:hr>133</ns3:hr>
            <ns3:cad>88</ns3:cad>
          </ns3:TrackPointExtension>
        </extensions>
      </trkpt>
      <trkpt lat="24.53690028749406337738037109375" lon="118.153934665024280548095703125">
        <ele>22.799999237060546875</ele>
        <time>2026-08-10T13:11:39.000Z</time>
        <extensions>
          <ns3:TrackPointExtension>
            <ns3:hr>133</ns3:hr>
            <ns3:cad>88</ns3:cad>
          </ns3:TrackPointExtension>
        </extensions>
      </trkpt>
      <trkpt lat="24.536923505365848541259765625" lon="118.1539529375731945037841796875">
        <ele>22.799999237060546875</ele>
        <time>2026-08-10T13:11:40.000Z</time>
        <extensions>
          <ns3:TrackPointExtension>
            <ns3:hr>134</ns3:hr>
            <ns3:cad>88</ns3:cad>
          </ns3:TrackPointExtension>
        </extensions>
      </trkpt>
      <trkpt lat="24.536940939724445343017578125" lon="118.15396291203796863555908203125">
        <ele>22.799999237060546875</ele>
        <time>2026-08-10T13:11:41.000Z</time>
        <extensions>
          <ns3:TrackPointExtension>
            <ns3:hr>134</ns3:hr>
            <ns3:cad>87</ns3:cad>
          </ns3:TrackPointExtension>
        </extensions>
      </trkpt>
      <trkpt lat="24.5369660854339599609375" lon="118.1539807654917240142822265625">
        <ele>22.6000003814697265625</ele>
        <time>2026-08-10T13:11:42.000Z</time>
        <extensions>
          <ns3:TrackPointExtension>
            <ns3:hr>134</ns3:hr>
            <ns3:cad>87</ns3:cad>
          </ns3:TrackPointExtension>
        </extensions>
      </trkpt>
      <trkpt lat="24.53698846511542797088623046875" lon="118.15399493090808391571044921875">
        <ele>22.6000003814697265625</ele>
        <time>2026-08-10T13:11:43.000Z</time>
        <extensions>
          <ns3:TrackPointExtension>
            <ns3:hr>133</ns3:hr>
            <ns3:cad>86</ns3:cad>
          </ns3:TrackPointExtension>
        </extensions>
      </trkpt>
      <trkpt lat="24.53701277263462543487548828125" lon="118.15401119180023670196533203125">
        <ele>22.6000003814697265625</ele>
        <time>2026-08-10T13:11:44.000Z</time>
        <extensions>
          <ns3:TrackPointExtension>
            <ns3:hr>134</ns3:hr>
            <ns3:cad>86</ns3:cad>
          </ns3:TrackPointExtension>
        </extensions>
      </trkpt>
      <trkpt lat="24.53703406266868114471435546875" lon="118.154023848474025726318359375">
        <ele>22.6000003814697265625</ele>
        <time>2026-08-10T13:11:45.000Z</time>
        <extensions>
          <ns3:TrackPointExtension>
            <ns3:hr>134</ns3:hr>
            <ns3:cad>87</ns3:cad>
          </ns3:TrackPointExtension>
        </extensions>
      </trkpt>
      <trkpt lat="24.53706138767302036285400390625" lon="118.15404103137552738189697265625">
        <ele>22.6000003814697265625</ele>
        <time>2026-08-10T13:11:46.000Z</time>
        <extensions>
          <ns3:TrackPointExtension>
            <ns3:hr>133</ns3:hr>
            <ns3:cad>87</ns3:cad>
          </ns3:TrackPointExtension>
        </extensions>
      </trkpt>
      <trkpt lat="24.53708217479288578033447265625" lon="118.15405779518187046051025390625">
        <ele>22.6000003814697265625</ele>
        <time>2026-08-10T13:11:47.000Z</time>
        <extensions>
          <ns3:TrackPointExtension>
            <ns3:hr>134</ns3:hr>
            <ns3:cad>88</ns3:cad>
          </ns3:TrackPointExtension>
        </extensions>
      </trkpt>
      <trkpt lat="24.53710933215916156768798828125" lon="118.154067434370517730712890625">
        <ele>22.3999996185302734375</ele>
        <time>2026-08-10T13:11:48.000Z</time>
        <extensions>
          <ns3:TrackPointExtension>
            <ns3:hr>135</ns3:hr>
            <ns3:cad>88</ns3:cad>
          </ns3:TrackPointExtension>
        </extensions>
      </trkpt>
      <trkpt lat="24.53713347204029560089111328125" lon="118.15408512018620967864990234375">
        <ele>22.3999996185302734375</ele>
        <time>2026-08-10T13:11:49.000Z</time>
        <extensions>
          <ns3:TrackPointExtension>
            <ns3:hr>135</ns3:hr>
            <ns3:cad>88</ns3:cad>
          </ns3:TrackPointExtension>
        </extensions>
      </trkpt>
      <trkpt lat="24.53715526498854160308837890625" lon="118.1540944240987300872802734375">
        <ele>22.3999996185302734375</ele>
        <time>2026-08-10T13:11:50.000Z</time>
        <extensions>
          <ns3:TrackPointExtension>
            <ns3:hr>135</ns3:hr>
            <ns3:cad>88</ns3:cad>
          </ns3:TrackPointExtension>
        </extensions>
      </trkpt>
      <trkpt lat="24.53717839904129505157470703125" lon="118.15411546267569065093994140625">
        <ele>22.200000762939453125</ele>
        <time>2026-08-10T13:11:51.000Z</time>
        <extensions>
          <ns3:TrackPointExtension>
            <ns3:hr>134</ns3:hr>
            <ns3:cad>88</ns3:cad>
          </ns3:TrackPointExtension>
        </extensions>
      </trkpt>
      <trkpt lat="24.53719952143728733062744140625" lon="118.154123090207576751708984375">
        <ele>22.200000762939453125</ele>
        <time>2026-08-10T13:11:52.000Z</time>
        <extensions>
          <ns3:TrackPointExtension>
            <ns3:hr>134</ns3:hr>
            <ns3:cad>86</ns3:cad>
          </ns3:TrackPointExtension>
        </extensions>
      </trkpt>
      <trkpt lat="24.53722952865064144134521484375" lon="118.1541440449655055999755859375">
        <ele>22.200000762939453125</ele>
        <time>2026-08-10T13:11:53.000Z</time>
        <extensions>
          <ns3:TrackPointExtension>
            <ns3:hr>134</ns3:hr>
            <ns3:cad>86</ns3:cad>
          </ns3:TrackPointExtension>
        </extensions>
      </trkpt>
      <trkpt lat="24.5372498966753482818603515625" lon="118.1541551090776920318603515625">
        <ele>22.200000762939453125</ele>
        <time>2026-08-10T13:11:54.000Z</time>
        <extensions>
          <ns3:TrackPointExtension>
            <ns3:hr>134</ns3:hr>
            <ns3:cad>87</ns3:cad>
          </ns3:TrackPointExtension>
        </extensions>
      </trkpt>
      <trkpt lat="24.5372770540416240692138671875" lon="118.15417028032243251800537109375">
        <ele>22.200000762939453125</ele>
        <time>2026-08-10T13:11:55.000Z</time>
        <extensions>
          <ns3:TrackPointExtension>
            <ns3:hr>133</ns3:hr>
            <ns3:cad>88</ns3:cad>
          </ns3:TrackPointExtension>
        </extensions>
      </trkpt>
      <trkpt lat="24.53730069100856781005859375" lon="118.15418469719588756561279296875">
        <ele>22.200000762939453125</ele>
        <time>2026-08-10T13:11:56.000Z</time>
        <extensions>
          <ns3:TrackPointExtension>
            <ns3:hr>133</ns3:hr>
            <ns3:cad>88</ns3:cad>
          </ns3:TrackPointExtension>
        </extensions>
      </trkpt>
      <trkpt lat="24.5373327098786830902099609375" lon="118.15419844351708889007568359375">
        <ele>22</ele>
        <time>2026-08-10T13:11:57.000Z</time>
        <extensions>
          <ns3:TrackPointExtension>
            <ns3:hr>132</ns3:hr>
            <ns3:cad>88</ns3:cad>
          </ns3:TrackPointExtension>
        </extensions>
      </trkpt>
      <trkpt lat="24.53736179508268833160400390625" lon="118.1542167998850345611572265625">
        <ele>22.200000762939453125</ele>
        <time>2026-08-10T13:11:58.000Z</time>
        <extensions>
          <ns3:TrackPointExtension>
            <ns3:hr>132</ns3:hr>
            <ns3:cad>88</ns3:cad>
          </ns3:TrackPointExtension>
        </extensions>
      </trkpt>
      <trkpt lat="24.53738777898252010345458984375" lon="118.15422845073044300079345703125">
        <ele>22.200000762939453125</ele>
        <time>2026-08-10T13:11:59.000Z</time>
        <extensions>
          <ns3:TrackPointExtension>
            <ns3:hr>132</ns3:hr>
            <ns3:cad>86</ns3:cad>
          </ns3:TrackPointExtension>
        </extensions>
      </trkpt>
      <trkpt lat="24.53741376288235187530517578125" lon="118.15424881875514984130859375">
        <ele>22</ele>
        <time>2026-08-10T13:12:00.000Z</time>
        <extensions>
          <ns3:TrackPointExtension>
            <ns3:hr>132</ns3:hr>
            <ns3:cad>86</ns3:cad>
          </ns3:TrackPointExtension>
        </extensions>
      </trkpt>
      <trkpt lat="24.53743874095380306243896484375" lon="118.1542587094008922576904296875">
        <ele>22</ele>
        <time>2026-08-10T13:12:01.000Z</time>
        <extensions>
          <ns3:TrackPointExtension>
            <ns3:hr>132</ns3:hr>
            <ns3:cad>86</ns3:cad>
          </ns3:TrackPointExtension>
        </extensions>
      </trkpt>
      <trkpt lat="24.537457264959812164306640625" lon="118.1542895548045635223388671875">
        <ele>22</ele>
        <time>2026-08-10T13:12:02.000Z</time>
        <extensions>
          <ns3:TrackPointExtension>
            <ns3:hr>132</ns3:hr>
            <ns3:cad>87</ns3:cad>
          </ns3:TrackPointExtension>
        </extensions>
      </trkpt>
      <trkpt lat="24.53747344203293323516845703125" lon="118.15430908463895320892333984375">
        <ele>22</ele>
        <time>2026-08-10T13:12:03.000Z</time>
        <extensions>
          <ns3:TrackPointExtension>
            <ns3:hr>132</ns3:hr>
            <ns3:cad>88</ns3:cad>
          </ns3:TrackPointExtension>
        </extensions>
      </trkpt>
      <trkpt lat="24.53748182393610477447509765625" lon="118.15434998832643032073974609375">
        <ele>21.799999237060546875</ele>
        <time>2026-08-10T13:12:04.000Z</time>
        <extensions>
          <ns3:TrackPointExtension>
            <ns3:hr>132</ns3:hr>
            <ns3:cad>88</ns3:cad>
          </ns3:TrackPointExtension>
        </extensions>
      </trkpt>
      <trkpt lat="24.537488780915737152099609375" lon="118.15437622368335723876953125">
        <ele>21.799999237060546875</ele>
        <time>2026-08-10T13:12:05.000Z</time>
        <extensions>
          <ns3:TrackPointExtension>
            <ns3:hr>132</ns3:hr>
            <ns3:cad>88</ns3:cad>
          </ns3:TrackPointExtension>
        </extensions>
      </trkpt>
      <trkpt lat="24.53748987056314945220947265625" lon="118.15442106686532497406005859375">
        <ele>21.799999237060546875</ele>
        <time>2026-08-10T13:12:06.000Z</time>
        <extensions>
          <ns3:TrackPointExtension>
            <ns3:hr>132</ns3:hr>
            <ns3:cad>88</ns3:cad>
          </ns3:TrackPointExtension>
        </extensions>
      </trkpt>
      <trkpt lat="24.53748299740254878997802734375" lon="118.1544501520693302154541015625">
        <ele>21.799999237060546875</ele>
        <time>2026-08-10T13:12:07.000Z</time>
        <extensions>
          <ns3:TrackPointExtension>
            <ns3:hr>132</ns3:hr>
            <ns3:cad>88</ns3:cad>
          </ns3:TrackPointExtension>
        </extensions>
      </trkpt>
      <trkpt lat="24.537465311586856842041015625" lon="118.15448376350104808807373046875">
        <ele>21.799999237060546875</ele>
        <time>2026-08-10T13:12:08.000Z</time>
        <extensions>
          <ns3:TrackPointExtension>
            <ns3:hr>132</ns3:hr>
            <ns3:cad>87</ns3:cad>
          </ns3:TrackPointExtension>
        </extensions>
      </trkpt>
      <trkpt lat="24.537448547780513763427734375" lon="118.1545141898095607757568359375">
        <ele>21.799999237060546875</ele>
        <time>2026-08-10T13:12:09.000Z</time>
        <extensions>
          <ns3:TrackPointExtension>
            <ns3:hr>132</ns3:hr>
            <ns3:cad>87</ns3:cad>
          </ns3:TrackPointExtension>
        </extensions>
      </trkpt>
      <trkpt lat="24.5374336279928684234619140625" lon="118.1545423530042171478271484375">
        <ele>21.799999237060546875</ele>
        <time>2026-08-10T13:12:10.000Z</time>
        <extensions>
          <ns3:TrackPointExtension>
            <ns3:hr>132</ns3:hr>
            <ns3:cad>87</ns3:cad>
          </ns3:TrackPointExtension>
        </extensions>
      </trkpt>
      <trkpt lat="24.53741359524428844451904296875" lon="118.15457596443593502044677734375">
        <ele>22</ele>
        <time>2026-08-10T13:12:11.000Z</time>
        <extensions>
          <ns3:TrackPointExtension>
            <ns3:hr>132</ns3:hr>
            <ns3:cad>88</ns3:cad>
          </ns3:TrackPointExtension>
        </extensions>
      </trkpt>
      <trkpt lat="24.53740269877016544342041015625" lon="118.1546050496399402618408203125">
        <ele>22</ele>
        <time>2026-08-10T13:12:12.000Z</time>
        <extensions>
          <ns3:TrackPointExtension>
            <ns3:hr>132</ns3:hr>
            <ns3:cad>88</ns3:cad>
          </ns3:TrackPointExtension>
        </extensions>
      </trkpt>
      <trkpt lat="24.53738073818385601043701171875" lon="118.15463731996715068817138671875">
        <ele>21.799999237060546875</ele>
        <time>2026-08-10T13:12:13.000Z</time>
        <extensions>
          <ns3:TrackPointExtension>
            <ns3:hr>132</ns3:hr>
            <ns3:cad>88</ns3:cad>
          </ns3:TrackPointExtension>
        </extensions>
      </trkpt>
      <trkpt lat="24.53737135045230388641357421875" lon="118.15465911291539669036865234375">
        <ele>21.799999237060546875</ele>
        <time>2026-08-10T13:12:14.000Z</time>
        <extensions>
          <ns3:TrackPointExtension>
            <ns3:hr>132</ns3:hr>
            <ns3:cad>88</ns3:cad>
          </ns3:TrackPointExtension>
        </extensions>
      </trkpt>
      <trkpt lat="24.53735223971307277679443359375" lon="118.154687695205211639404296875">
        <ele>21.799999237060546875</ele>
        <time>2026-08-10T13:12:15.000Z</time>
        <extensions>
          <ns3:TrackPointExtension>
            <ns3:hr>132</ns3:hr>
            <ns3:cad>86</ns3:cad>
          </ns3:TrackPointExtension>
        </extensions>
      </trkpt>
      <trkpt lat="24.5373375713825225830078125" lon="118.15470705740153789520263671875">
        <ele>21.799999237060546875</ele>
        <time>2026-08-10T13:12:16.000Z</time>
        <extensions>
          <ns3:TrackPointExtension>
            <ns3:hr>132</ns3:hr>
            <ns3:cad>86</ns3:cad>
          </ns3:TrackPointExtension>
        </extensions>
      </trkpt>
      <trkpt lat="24.53731586225330829620361328125" lon="118.154737986624240875244140625">
        <ele>21.799999237060546875</ele>
        <time>2026-08-10T13:12:17.000Z</time>
        <extensions>
          <ns3:TrackPointExtension>
            <ns3:hr>133</ns3:hr>
            <ns3:cad>86</ns3:cad>
          </ns3:TrackPointExtension>
        </extensions>
      </trkpt>
      <trkpt lat="24.537300355732440948486328125" lon="118.1547629646956920623779296875">
        <ele>21.799999237060546875</ele>
        <time>2026-08-10T13:12:18.000Z</time>
        <extensions>
          <ns3:TrackPointExtension>
            <ns3:hr>133</ns3:hr>
            <ns3:cad>87</ns3:cad>
          </ns3:TrackPointExtension>
        </extensions>
      </trkpt>
      <trkpt lat="24.53728451393544673919677734375" lon="118.15478836186230182647705078125">
        <ele>22</ele>
        <time>2026-08-10T13:12:19.000Z</time>
        <extensions>
          <ns3:TrackPointExtension>
            <ns3:hr>134</ns3:hr>
            <ns3:cad>87</ns3:cad>
          </ns3:TrackPointExtension>
        </extensions>
      </trkpt>
      <trkpt lat="24.53726590611040592193603515625" lon="118.1548149324953556060791015625">
        <ele>22</ele>
        <time>2026-08-10T13:12:20.000Z</time>
        <extensions>
          <ns3:TrackPointExtension>
            <ns3:hr>135</ns3:hr>
            <ns3:cad>87</ns3:cad>
          </ns3:TrackPointExtension>
        </extensions>
      </trkpt>
      <trkpt lat="24.53725702129304409027099609375" lon="118.15483898855745792388916015625">
        <ele>22</ele>
        <time>2026-08-10T13:12:21.000Z</time>
        <extensions>
          <ns3:TrackPointExtension>
            <ns3:hr>135</ns3:hr>
            <ns3:cad>87</ns3:cad>
          </ns3:TrackPointExtension>
        </extensions>
      </trkpt>
      <trkpt lat="24.5372381620109081268310546875" lon="118.15486296080052852630615234375">
        <ele>22</ele>
        <time>2026-08-10T13:12:22.000Z</time>
        <extensions>
          <ns3:TrackPointExtension>
            <ns3:hr>135</ns3:hr>
            <ns3:cad>87</ns3:cad>
          </ns3:TrackPointExtension>
        </extensions>
      </trkpt>
      <trkpt lat="24.53723036684095859527587890625" lon="118.1548838317394256591796875">
        <ele>22</ele>
        <time>2026-08-10T13:12:23.000Z</time>
        <extensions>
          <ns3:TrackPointExtension>
            <ns3:hr>134</ns3:hr>
            <ns3:cad>87</ns3:cad>
          </ns3:TrackPointExtension>
        </extensions>
      </trkpt>
      <trkpt lat="24.53721360303461551666259765625" lon="118.154909312725067138671875">
        <ele>22.200000762939453125</ele>
        <time>2026-08-10T13:12:24.000Z</time>
        <extensions>
          <ns3:TrackPointExtension>
            <ns3:hr>135</ns3:hr>
            <ns3:cad>86</ns3:cad>
          </ns3:TrackPointExtension>
        </extensions>
      </trkpt>
      <trkpt lat="24.5372039638459682464599609375" lon="118.154935128986835479736328125">
        <ele>22.200000762939453125</ele>
        <time>2026-08-10T13:12:25.000Z</time>
        <extensions>
          <ns3:TrackPointExtension>
            <ns3:hr>135</ns3:hr>
            <ns3:cad>86</ns3:cad>
          </ns3:TrackPointExtension>
        </extensions>
      </trkpt>
      <trkpt lat="24.537190385162830352783203125" lon="118.1549591012299060821533203125">
        <ele>22.3999996185302734375</ele>
        <time>2026-08-10T13:12:26.000Z</time>
        <extensions>
          <ns3:TrackPointExtension>
            <ns3:hr>135</ns3:hr>
            <ns3:cad>87</ns3:cad>
          </ns3:TrackPointExtension>
        </extensions>
      </trkpt>
      <trkpt lat="24.53718091361224651336669921875" lon="118.1549812294542789459228515625">
        <ele>22.3999996185302734375</ele>
        <time>2026-08-10T13:12:27.000Z</time>
        <extensions>
          <ns3:TrackPointExtension>
            <ns3:hr>136</ns3:hr>
            <ns3:cad>87</ns3:cad>
          </ns3:TrackPointExtension>
        </extensions>
      </trkpt>
      <trkpt lat="24.5371685922145843505859375" lon="118.15501266159117221832275390625">
        <ele>22.3999996185302734375</ele>
        <time>2026-08-10T13:12:28.000Z</time>
        <extensions>
          <ns3:TrackPointExtension>
            <ns3:hr>136</ns3:hr>
            <ns3:cad>88</ns3:cad>
          </ns3:TrackPointExtension>
        </extensions>
      </trkpt>
      <trkpt lat="24.53715325333178043365478515625" lon="118.15503445453941822052001953125">
        <ele>22.200000762939453125</ele>
        <time>2026-08-10T13:12:29.000Z</time>
        <extensions>
          <ns3:TrackPointExtension>
            <ns3:hr>136</ns3:hr>
            <ns3:cad>88</ns3:cad>
          </ns3:TrackPointExtension>
        </extensions>
      </trkpt>
      <trkpt lat="24.53714017756283283233642578125" lon="118.1550620310008525848388671875">
        <ele>22</ele>
        <time>2026-08-10T13:12:30.000Z</time>
        <extensions>
          <ns3:TrackPointExtension>
            <ns3:hr>136</ns3:hr>
            <ns3:cad>88</ns3:cad>
          </ns3:TrackPointExtension>
        </extensions>
      </trkpt>
      <trkpt lat="24.537122659385204315185546875" lon="118.15508893691003322601318359375">
        <ele>22</ele>
        <time>2026-08-10T13:12:31.000Z</time>
        <extensions>
          <ns3:TrackPointExtension>
            <ns3:hr>137</ns3:hr>
            <ns3:cad>88</ns3:cad>
          </ns3:TrackPointExtension>
        </extensions>
      </trkpt>
      <trkpt lat="24.53711251728236675262451171875" lon="118.155113160610198974609375">
        <ele>22</ele>
        <time>2026-08-10T13:12:32.000Z</time>
        <extensions>
          <ns3:TrackPointExtension>
            <ns3:hr>136</ns3:hr>
            <ns3:cad>88</ns3:cad>
          </ns3:TrackPointExtension>
        </extensions>
      </trkpt>
      <trkpt lat="24.5370919816195964813232421875" lon="118.155140317976474761962890625">
        <ele>21.799999237060546875</ele>
        <time>2026-08-10T13:12:33.000Z</time>
        <extensions>
          <ns3:TrackPointExtension>
            <ns3:hr>137</ns3:hr>
            <ns3:cad>88</ns3:cad>
          </ns3:TrackPointExtension>
        </extensions>
      </trkpt>
      <trkpt lat="24.5370896346867084503173828125" lon="118.1551626138389110565185546875">
        <ele>22</ele>
        <time>2026-08-10T13:12:34.000Z</time>
        <extensions>
          <ns3:TrackPointExtension>
            <ns3:hr>137</ns3:hr>
            <ns3:cad>87</ns3:cad>
          </ns3:TrackPointExtension>
        </extensions>
      </trkpt>
      <trkpt lat="24.53707479871809482574462890625" lon="118.15519119612872600555419921875">
        <ele>22</ele>
        <time>2026-08-10T13:12:35.000Z</time>
        <extensions>
          <ns3:TrackPointExtension>
            <ns3:hr>137</ns3:hr>
            <ns3:cad>87</ns3:cad>
          </ns3:TrackPointExtension>
        </extensions>
      </trkpt>
      <trkpt lat="24.53706826083362102508544921875" lon="118.1552092172205448150634765625">
        <ele>22</ele>
        <time>2026-08-10T13:12:36.000Z</time>
        <extensions>
          <ns3:TrackPointExtension>
            <ns3:hr>137</ns3:hr>
            <ns3:cad>87</ns3:cad>
          </ns3:TrackPointExtension>
        </extensions>
      </trkpt>
      <trkpt lat="24.53705518506467342376708984375" lon="118.155236542224884033203125">
        <ele>22</ele>
        <time>2026-08-10T13:12:37.000Z</time>
        <extensions>
          <ns3:TrackPointExtension>
            <ns3:hr>137</ns3:hr>
            <ns3:cad>87</ns3:cad>
          </ns3:TrackPointExtension>
        </extensions>
      </trkpt>
      <trkpt lat="24.5370450429618358612060546875" lon="118.15526059828698635101318359375">
        <ele>22</ele>
        <time>2026-08-10T13:12:38.000Z</time>
        <extensions>
          <ns3:TrackPointExtension>
            <ns3:hr>137</ns3:hr>
            <ns3:cad>87</ns3:cad>
          </ns3:TrackPointExtension>
        </extensions>
      </trkpt>
      <trkpt lat="24.53703037463128566741943359375" lon="118.15528641454875469207763671875">
        <ele>22</ele>
        <time>2026-08-10T13:12:39.000Z</time>
        <extensions>
          <ns3:TrackPointExtension>
            <ns3:hr>137</ns3:hr>
            <ns3:cad>87</ns3:cad>
          </ns3:TrackPointExtension>
        </extensions>
      </trkpt>
      <trkpt lat="24.5370145328342914581298828125" lon="118.1553081236779689788818359375">
        <ele>22</ele>
        <time>2026-08-10T13:12:40.000Z</time>
        <extensions>
          <ns3:TrackPointExtension>
            <ns3:hr>137</ns3:hr>
            <ns3:cad>86</ns3:cad>
          </ns3:TrackPointExtension>
        </extensions>
      </trkpt>
      <trkpt lat="24.53700321726500988006591796875" lon="118.15533251501619815826416015625">
        <ele>22.200000762939453125</ele>
        <time>2026-08-10T13:12:41.000Z</time>
        <extensions>
          <ns3:TrackPointExtension>
            <ns3:hr>136</ns3:hr>
            <ns3:cad>87</ns3:cad>
          </ns3:TrackPointExtension>
        </extensions>
      </trkpt>
      <trkpt lat="24.5369850285351276397705078125" lon="118.15535724163055419921875">
        <ele>22.200000762939453125</ele>
        <time>2026-08-10T13:12:42.000Z</time>
        <extensions>
          <ns3:TrackPointExtension>
            <ns3:hr>137</ns3:hr>
            <ns3:cad>87</ns3:cad>
          </ns3:TrackPointExtension>
        </extensions>
      </trkpt>
      <trkpt lat="24.53697773627936840057373046875" lon="118.1553838960826396942138671875">
        <ele>22.200000762939453125</ele>
        <time>2026-08-10T13:12:43.000Z</time>
        <extensions>
          <ns3:TrackPointExtension>
            <ns3:hr>137</ns3:hr>
            <ns3:cad>88</ns3:cad>
          </ns3:TrackPointExtension>
        </extensions>
      </trkpt>
      <trkpt lat="24.53695711679756641387939453125" lon="118.1554077006876468658447265625">
        <ele>22.200000762939453125</ele>
        <time>2026-08-10T13:12:44.000Z</time>
        <extensions>
          <ns3:TrackPointExtension>
            <ns3:hr>136</ns3:hr>
            <ns3:cad>88</ns3:cad>
          </ns3:TrackPointExtension>
        </extensions>
      </trkpt>
      <trkpt lat="24.5369451306760311126708984375" lon="118.15542387776076793670654296875">
        <ele>22.200000762939453125</ele>
        <time>2026-08-10T13:12:45.000Z</time>
        <extensions>
          <ns3:TrackPointExtension>
            <ns3:hr>136</ns3:hr>
            <ns3:cad>88</ns3:cad>
          </ns3:TrackPointExtension>
        </extensions>
      </trkpt>
      <trkpt lat="24.5369226671755313873291015625" lon="118.15545254386961460113525390625">
        <ele>22.3999996185302734375</ele>
        <time>2026-08-10T13:12:46.000Z</time>
        <extensions>
          <ns3:TrackPointExtension>
            <ns3:hr>136</ns3:hr>
            <ns3:cad>88</ns3:cad>
          </ns3:TrackPointExtension>
        </extensions>
      </trkpt>
      <trkpt lat="24.5369092561304569244384765625" lon="118.1554747559130191802978515625">
        <ele>22.3999996185302734375</ele>
        <time>2026-08-10T13:12:47.000Z</time>
        <extensions>
          <ns3:TrackPointExtension>
            <ns3:hr>136</ns3:hr>
            <ns3:cad>88</ns3:cad>
          </ns3:TrackPointExtension>
        </extensions>
      </trkpt>
      <trkpt lat="24.5368896424770355224609375" lon="118.15550199709832668304443359375">
        <ele>22.3999996185302734375</ele>
        <time>2026-08-10T13:12:48.000Z</time>
        <extensions>
          <ns3:TrackPointExtension>
            <ns3:hr>135</ns3:hr>
            <ns3:cad>87</ns3:cad>
          </ns3:TrackPointExtension>
        </extensions>
      </trkpt>
      <trkpt lat="24.536871202290058135986328125" lon="118.15552479587495326995849609375">
        <ele>22.3999996185302734375</ele>
        <time>2026-08-10T13:12:49.000Z</time>
        <extensions>
          <ns3:TrackPointExtension>
            <ns3:hr>135</ns3:hr>
            <ns3:cad>86</ns3:cad>
          </ns3:TrackPointExtension>
        </extensions>
      </trkpt>
      <trkpt lat="24.53685703687369823455810546875" lon="118.155548013746738433837890625">
        <ele>22.3999996185302734375</ele>
        <time>2026-08-10T13:12:50.000Z</time>
        <extensions>
          <ns3:TrackPointExtension>
            <ns3:hr>135</ns3:hr>
            <ns3:cad>86</ns3:cad>
          </ns3:TrackPointExtension>
        </extensions>
      </trkpt>
      <trkpt lat="24.53683775849640369415283203125" lon="118.155572824180126190185546875">
        <ele>22.3999996185302734375</ele>
        <time>2026-08-10T13:12:51.000Z</time>
        <extensions>
          <ns3:TrackPointExtension>
            <ns3:hr>134</ns3:hr>
            <ns3:cad>87</ns3:cad>
          </ns3:TrackPointExtension>
        </extensions>
      </trkpt>
      <trkpt lat="24.5368358306586742401123046875" lon="118.15559755079448223114013671875">
        <ele>22.3999996185302734375</ele>
        <time>2026-08-10T13:12:52.000Z</time>
        <extensions>
          <ns3:TrackPointExtension>
            <ns3:hr>134</ns3:hr>
            <ns3:cad>87</ns3:cad>
          </ns3:TrackPointExtension>
        </extensions>
      </trkpt>
      <trkpt lat="24.5368220843374729156494140625" lon="118.155623115599155426025390625">
        <ele>22.6000003814697265625</ele>
        <time>2026-08-10T13:12:53.000Z</time>
        <extensions>
          <ns3:TrackPointExtension>
            <ns3:hr>134</ns3:hr>
            <ns3:cad>87</ns3:cad>
          </ns3:TrackPointExtension>
        </extensions>
      </trkpt>
      <trkpt lat="24.53681261278688907623291015625" lon="118.15564130432903766632080078125">
        <ele>22.6000003814697265625</ele>
        <time>2026-08-10T13:12:54.000Z</time>
        <extensions>
          <ns3:TrackPointExtension>
            <ns3:hr>134</ns3:hr>
            <ns3:cad>87</ns3:cad>
          </ns3:TrackPointExtension>
        </extensions>
      </trkpt>
      <trkpt lat="24.5367942564189434051513671875" lon="118.1556708924472332000732421875">
        <ele>22.6000003814697265625</ele>
        <time>2026-08-10T13:12:55.000Z</time>
        <extensions>
          <ns3:TrackPointExtension>
            <ns3:hr>135</ns3:hr>
            <ns3:cad>86</ns3:cad>
          </ns3:TrackPointExtension>
        </extensions>
      </trkpt>
      <trkpt lat="24.53678277321159839630126953125" lon="118.1556943617761135101318359375">
        <ele>22.6000003814697265625</ele>
        <time>2026-08-10T13:12:56.000Z</time>
        <extensions>
          <ns3:TrackPointExtension>
            <ns3:hr>135</ns3:hr>
            <ns3:cad>86</ns3:cad>
          </ns3:TrackPointExtension>
        </extensions>
      </trkpt>
      <trkpt lat="24.5367617346346378326416015625" lon="118.1557206809520721435546875">
        <ele>22.6000003814697265625</ele>
        <time>2026-08-10T13:12:57.000Z</time>
        <extensions>
          <ns3:TrackPointExtension>
            <ns3:hr>134</ns3:hr>
            <ns3:cad>86</ns3:cad>
          </ns3:TrackPointExtension>
        </extensions>
      </trkpt>
      <trkpt lat="24.5367463119328022003173828125" lon="118.15574658103287220001220703125">
        <ele>22.6000003814697265625</ele>
        <time>2026-08-10T13:12:58.000Z</time>
        <extensions>
          <ns3:TrackPointExtension>
            <ns3:hr>134</ns3:hr>
            <ns3:cad>87</ns3:cad>
          </ns3:TrackPointExtension>
        </extensions>
      </trkpt>
      <trkpt lat="24.53673206269741058349609375" lon="118.155773319303989410400390625">
        <ele>22.3999996185302734375</ele>
        <time>2026-08-10T13:12:59.000Z</time>
        <extensions>
          <ns3:TrackPointExtension>
            <ns3:hr>134</ns3:hr>
            <ns3:cad>88</ns3:cad>
          </ns3:TrackPointExtension>
        </extensions>
      </trkpt>
      <trkpt lat="24.536716639995574951171875" lon="118.15580072812736034393310546875">
        <ele>22.3999996185302734375</ele>
        <time>2026-08-10T13:13:00.000Z</time>
        <extensions>
          <ns3:TrackPointExtension>
            <ns3:hr>135</ns3:hr>
            <ns3:cad>88</ns3:cad>
          </ns3:TrackPointExtension>
        </extensions>
      </trkpt>
      <trkpt lat="24.53670750372111797332763671875" lon="118.15582252107560634613037109375">
        <ele>22.3999996185302734375</ele>
        <time>2026-08-10T13:13:01.000Z</time>
        <extensions>
          <ns3:TrackPointExtension>
            <ns3:hr>135</ns3:hr>
            <ns3:cad>87</ns3:cad>
          </ns3:TrackPointExtension>
        </extensions>
      </trkpt>
      <trkpt lat="24.53668738715350627899169921875" lon="118.1558499298989772796630859375">
        <ele>22.3999996185302734375</ele>
        <time>2026-08-10T13:13:02.000Z</time>
        <extensions>
          <ns3:TrackPointExtension>
            <ns3:hr>135</ns3:hr>
            <ns3:cad>87</ns3:cad>
          </ns3:TrackPointExtension>
        </extensions>
      </trkpt>
      <trkpt lat="24.53668353147804737091064453125" lon="118.15586577169597148895263671875">
        <ele>22.3999996185302734375</ele>
        <time>2026-08-10T13:13:03.000Z</time>
        <extensions>
          <ns3:TrackPointExtension>
            <ns3:hr>135</ns3:hr>
            <ns3:cad>87</ns3:cad>
          </ns3:TrackPointExtension>
        </extensions>
      </trkpt>
      <trkpt lat="24.53666240908205509185791015625" lon="118.15589628182351589202880859375">
        <ele>22.3999996185302734375</ele>
        <time>2026-08-10T13:13:04.000Z</time>
        <extensions>
          <ns3:TrackPointExtension>
            <ns3:hr>135</ns3:hr>
            <ns3:cad>87</ns3:cad>
          </ns3:TrackPointExtension>
        </extensions>
      </trkpt>
      <trkpt lat="24.5366557873785495758056640625" lon="118.1559186615049839019775390625">
        <ele>22.6000003814697265625</ele>
        <time>2026-08-10T13:13:05.000Z</time>
        <extensions>
          <ns3:TrackPointExtension>
            <ns3:hr>135</ns3:hr>
            <ns3:cad>87</ns3:cad>
          </ns3:TrackPointExtension>
        </extensions>
      </trkpt>
      <trkpt lat="24.53663223423063755035400390625" lon="118.15594757907092571258544921875">
        <ele>22.6000003814697265625</ele>
        <time>2026-08-10T13:13:06.000Z</time>
        <extensions>
          <ns3:TrackPointExtension>
            <ns3:hr>135</ns3:hr>
            <ns3:cad>87</ns3:cad>
          </ns3:TrackPointExtension>
        </extensions>
      </trkpt>
      <trkpt lat="24.536621756851673126220703125" lon="118.1559701263904571533203125">
        <ele>22.6000003814697265625</ele>
        <time>2026-08-10T13:13:07.000Z</time>
        <extensions>
          <ns3:TrackPointExtension>
            <ns3:hr>135</ns3:hr>
            <ns3:cad>87</ns3:cad>
          </ns3:TrackPointExtension>
        </extensions>
      </trkpt>
      <trkpt lat="24.53660172410309314727783203125" lon="118.15600122325122356414794921875">
        <ele>22.6000003814697265625</ele>
        <time>2026-08-10T13:13:08.000Z</time>
        <extensions>
          <ns3:TrackPointExtension>
            <ns3:hr>136</ns3:hr>
            <ns3:cad>89</ns3:cad>
          </ns3:TrackPointExtension>
        </extensions>
      </trkpt>
      <trkpt lat="24.5365897379815578460693359375" lon="118.15602452494204044342041015625">
        <ele>22.6000003814697265625</ele>
        <time>2026-08-10T13:13:09.000Z</time>
        <extensions>
          <ns3:TrackPointExtension>
            <ns3:hr>136</ns3:hr>
            <ns3:cad>89</ns3:cad>
          </ns3:TrackPointExtension>
        </extensions>
      </trkpt>
      <trkpt lat="24.5365662686526775360107421875" lon="118.1560494191944599151611328125">
        <ele>22.6000003814697265625</ele>
        <time>2026-08-10T13:13:10.000Z</time>
        <extensions>
          <ns3:TrackPointExtension>
            <ns3:hr>136</ns3:hr>
            <ns3:cad>89</ns3:cad>
          </ns3:TrackPointExtension>
        </extensions>
      </trkpt>
      <trkpt lat="24.5365478284657001495361328125" lon="118.15606978721916675567626953125">
        <ele>22.6000003814697265625</ele>
        <time>2026-08-10T13:13:11.000Z</time>
        <extensions>
          <ns3:TrackPointExtension>
            <ns3:hr>136</ns3:hr>
            <ns3:cad>88</ns3:cad>
          </ns3:TrackPointExtension>
        </extensions>
      </trkpt>
      <trkpt lat="24.536521174013614654541015625" lon="118.1560899876058101654052734375">
        <ele>22.6000003814697265625</ele>
        <time>2026-08-10T13:13:12.000Z</time>
        <extensions>
          <ns3:TrackPointExtension>
            <ns3:hr>136</ns3:hr>
            <ns3:cad>88</ns3:cad>
          </ns3:TrackPointExtension>
        </extensions>
      </trkpt>
      <trkpt lat="24.53649611212313175201416015625" lon="118.1561037339270114898681640625">
        <ele>22.3999996185302734375</ele>
        <time>2026-08-10T13:13:13.000Z</time>
        <extensions>
          <ns3:TrackPointExtension>
            <ns3:hr>136</ns3:hr>
            <ns3:cad>87</ns3:cad>
          </ns3:TrackPointExtension>
        </extensions>
      </trkpt>
      <trkpt lat="24.53647197224199771881103515625" lon="118.156116642057895660400390625">
        <ele>22.6000003814697265625</ele>
        <time>2026-08-10T13:13:14.000Z</time>
        <extensions>
          <ns3:TrackPointExtension>
            <ns3:hr>137</ns3:hr>
            <ns3:cad>88</ns3:cad>
          </ns3:TrackPointExtension>
        </extensions>
      </trkpt>
      <trkpt lat="24.53644146211445331573486328125" lon="118.15612041391432285308837890625">
        <ele>22.6000003814697265625</ele>
        <time>2026-08-10T13:13:15.000Z</time>
        <extensions>
          <ns3:TrackPointExtension>
            <ns3:hr>137</ns3:hr>
            <ns3:cad>89</ns3:cad>
          </ns3:TrackPointExtension>
        </extensions>
      </trkpt>
      <trkpt lat="24.5364164002239704132080078125" lon="118.15612561069428920745849609375">
        <ele>22.6000003814697265625</ele>
        <time>2026-08-10T13:13:16.000Z</time>
        <extensions>
          <ns3:TrackPointExtension>
            <ns3:hr>137</ns3:hr>
            <ns3:cad>89</ns3:cad>
          </ns3:TrackPointExtension>
        </extensions>
      </trkpt>
      <trkpt lat="24.53638262115418910980224609375" lon="118.15612368285655975341796875">
        <ele>22.799999237060546875</ele>
        <time>2026-08-10T13:13:17.000Z</time>
        <extensions>
          <ns3:TrackPointExtension>
            <ns3:hr>137</ns3:hr>
            <ns3:cad>89</ns3:cad>
          </ns3:TrackPointExtension>
        </extensions>
      </trkpt>
      <trkpt lat="24.53635714016854763031005859375" lon="118.1561268679797649383544921875">
        <ele>22.799999237060546875</ele>
        <time>2026-08-10T13:13:18.000Z</time>
        <extensions>
          <ns3:TrackPointExtension>
            <ns3:hr>137</ns3:hr>
            <ns3:cad>89</ns3:cad>
          </ns3:TrackPointExtension>
        </extensions>
      </trkpt>
      <trkpt lat="24.53632839024066925048828125" lon="118.15611219964921474456787109375">
        <ele>22.799999237060546875</ele>
        <time>2026-08-10T13:13:19.000Z</time>
        <extensions>
          <ns3:TrackPointExtension>
            <ns3:hr>137</ns3:hr>
            <ns3:cad>88</ns3:cad>
          </ns3:TrackPointExtension>
        </extensions>
      </trkpt>
      <trkpt lat="24.5363074354827404022216796875" lon="118.1561064161360263824462890625">
        <ele>22.799999237060546875</ele>
        <time>2026-08-10T13:13:20.000Z</time>
        <extensions>
          <ns3:TrackPointExtension>
            <ns3:hr>138</ns3:hr>
            <ns3:cad>87</ns3:cad>
          </ns3:TrackPointExtension>
        </extensions>
      </trkpt>
      <trkpt lat="24.53628522343933582305908203125" lon="118.1560889817774295806884765625">
        <ele>22.799999237060546875</ele>
        <time>2026-08-10T13:13:21.000Z</time>
        <extensions>
          <ns3:TrackPointExtension>
            <ns3:hr>138</ns3:hr>
            <ns3:cad>87</ns3:cad>
          </ns3:TrackPointExtension>
        </extensions>
      </trkpt>
      <trkpt lat="24.53626661561429500579833984375" lon="118.1560772471129894256591796875">
        <ele>22.799999237060546875</ele>
        <time>2026-08-10T13:13:22.000Z</time>
        <extensions>
          <ns3:TrackPointExtension>
            <ns3:hr>139</ns3:hr>
            <ns3:cad>88</ns3:cad>
          </ns3:TrackPointExtension>
        </extensions>
      </trkpt>
      <trkpt lat="24.53624255955219268798828125" lon="118.1560618244111537933349609375">
        <ele>22.799999237060546875</ele>
        <time>2026-08-10T13:13:23.000Z</time>
        <extensions>
          <ns3:TrackPointExtension>
            <ns3:hr>139</ns3:hr>
            <ns3:cad>89</ns3:cad>
          </ns3:TrackPointExtension>
        </extensions>
      </trkpt>
      <trkpt lat="24.53622789122164249420166015625" lon="118.1560514308512210845947265625">
        <ele>22.799999237060546875</ele>
        <time>2026-08-10T13:13:24.000Z</time>
        <extensions>
          <ns3:TrackPointExtension>
            <ns3:hr>138</ns3:hr>
            <ns3:cad>89</ns3:cad>
          </ns3:TrackPointExtension>
        </extensions>
      </trkpt>
      <trkpt lat="24.536201320588588714599609375" lon="118.1560366787016391754150390625">
        <ele>22.799999237060546875</ele>
        <time>2026-08-10T13:13:25.000Z</time>
        <extensions>
          <ns3:TrackPointExtension>
            <ns3:hr>138</ns3:hr>
            <ns3:cad>88</ns3:cad>
          </ns3:TrackPointExtension>
        </extensions>
      </trkpt>
      <trkpt lat="24.5361823774874210357666015625" lon="118.15601773560047149658203125">
        <ele>22.799999237060546875</ele>
        <time>2026-08-10T13:13:26.000Z</time>
        <extensions>
          <ns3:TrackPointExtension>
            <ns3:hr>138</ns3:hr>
            <ns3:cad>88</ns3:cad>
          </ns3:TrackPointExtension>
        </extensions>
      </trkpt>
      <trkpt lat="24.536157734692096710205078125" lon="118.1560018099844455718994140625">
        <ele>22.799999237060546875</ele>
        <time>2026-08-10T13:13:27.000Z</time>
        <extensions>
          <ns3:TrackPointExtension>
            <ns3:hr>138</ns3:hr>
            <ns3:cad>87</ns3:cad>
          </ns3:TrackPointExtension>
        </extensions>
      </trkpt>
      <trkpt lat="24.536131918430328369140625" lon="118.15598429180681705474853515625">
        <ele>22.799999237060546875</ele>
        <time>2026-08-10T13:13:28.000Z</time>
        <extensions>
          <ns3:TrackPointExtension>
            <ns3:hr>138</ns3:hr>
            <ns3:cad>87</ns3:cad>
          </ns3:TrackPointExtension>
        </extensions>
      </trkpt>
      <trkpt lat="24.5361069403588771820068359375" lon="118.1559746526181697845458984375">
        <ele>22.799999237060546875</ele>
        <time>2026-08-10T13:13:29.000Z</time>
        <extensions>
          <ns3:TrackPointExtension>
            <ns3:hr>137</ns3:hr>
            <ns3:cad>87</ns3:cad>
          </ns3:TrackPointExtension>
        </extensions>
      </trkpt>
      <trkpt lat="24.5360787771642208099365234375" lon="118.15595562569797039031982421875">
        <ele>22.799999237060546875</ele>
        <time>2026-08-10T13:13:30.000Z</time>
        <extensions>
          <ns3:TrackPointExtension>
            <ns3:hr>138</ns3:hr>
            <ns3:cad>87</ns3:cad>
          </ns3:TrackPointExtension>
        </extensions>
      </trkpt>
      <trkpt lat="24.5360581576824188232421875" lon="118.15594539977610111236572265625">
        <ele>22.799999237060546875</ele>
        <time>2026-08-10T13:13:31.000Z</time>
        <extensions>
          <ns3:TrackPointExtension>
            <ns3:hr>138</ns3:hr>
            <ns3:cad>88</ns3:cad>
          </ns3:TrackPointExtension>
        </extensions>
      </trkpt>
      <trkpt lat="24.53602789901196956634521484375" lon="118.155922181904315948486328125">
        <ele>22.799999237060546875</ele>
        <time>2026-08-10T13:13:32.000Z</time>
        <extensions>
          <ns3:TrackPointExtension>
            <ns3:hr>138</ns3:hr>
            <ns3:cad>88</ns3:cad>
          </ns3:TrackPointExtension>
        </extensions>
      </trkpt>
      <trkpt lat="24.5360073633491992950439453125" lon="118.155910782516002655029296875">
        <ele>22.799999237060546875</ele>
        <time>2026-08-10T13:13:33.000Z</time>
        <extensions>
          <ns3:TrackPointExtension>
            <ns3:hr>138</ns3:hr>
            <ns3:cad>87</ns3:cad>
          </ns3:TrackPointExtension>
        </extensions>
      </trkpt>
      <trkpt lat="24.53597961924970149993896484375" lon="118.15589041449129581451416015625">
        <ele>22.799999237060546875</ele>
        <time>2026-08-10T13:13:34.000Z</time>
        <extensions>
          <ns3:TrackPointExtension>
            <ns3:hr>138</ns3:hr>
            <ns3:cad>87</ns3:cad>
          </ns3:TrackPointExtension>
        </extensions>
      </trkpt>
      <trkpt lat="24.53595824539661407470703125" lon="118.1558727286756038665771484375">
        <ele>22.799999237060546875</ele>
        <time>2026-08-10T13:13:35.000Z</time>
        <extensions>
          <ns3:TrackPointExtension>
            <ns3:hr>138</ns3:hr>
            <ns3:cad>87</ns3:cad>
          </ns3:TrackPointExtension>
        </extensions>
      </trkpt>
      <trkpt lat="24.53593150712549686431884765625" lon="118.15585470758378505706787109375">
        <ele>22.799999237060546875</ele>
        <time>2026-08-10T13:13:36.000Z</time>
        <extensions>
          <ns3:TrackPointExtension>
            <ns3:hr>138</ns3:hr>
            <ns3:cad>86</ns3:cad>
          </ns3:TrackPointExtension>
        </extensions>
      </trkpt>
      <trkpt lat="24.53590803779661655426025390625" lon="118.1558333337306976318359375">
        <ele>22.799999237060546875</ele>
        <time>2026-08-10T13:13:37.000Z</time>
        <extensions>
          <ns3:TrackPointExtension>
            <ns3:hr>138</ns3:hr>
            <ns3:cad>86</ns3:cad>
          </ns3:TrackPointExtension>
        </extensions>
      </trkpt>
      <trkpt lat="24.53588507138192653656005859375" lon="118.15582117997109889984130859375">
        <ele>23</ele>
        <time>2026-08-10T13:13:38.000Z</time>
        <extensions>
          <ns3:TrackPointExtension>
            <ns3:hr>137</ns3:hr>
            <ns3:cad>86</ns3:cad>
          </ns3:TrackPointExtension>
        </extensions>
      </trkpt>
      <trkpt lat="24.535859338939189910888671875" lon="118.155796788632869720458984375">
        <ele>23</ele>
        <time>2026-08-10T13:13:39.000Z</time>
        <extensions>
          <ns3:TrackPointExtension>
            <ns3:hr>137</ns3:hr>
            <ns3:cad>87</ns3:cad>
          </ns3:TrackPointExtension>
        </extensions>
      </trkpt>
      <trkpt lat="24.535841234028339385986328125" lon="118.15578664653003215789794921875">
        <ele>22.799999237060546875</ele>
        <time>2026-08-10T13:13:40.000Z</time>
        <extensions>
          <ns3:TrackPointExtension>
            <ns3:hr>137</ns3:hr>
            <ns3:cad>87</ns3:cad>
          </ns3:TrackPointExtension>
        </extensions>
      </trkpt>
      <trkpt lat="24.53581449575722217559814453125" lon="118.15576150082051753997802734375">
        <ele>23</ele>
        <time>2026-08-10T13:13:41.000Z</time>
        <extensions>
          <ns3:TrackPointExtension>
            <ns3:hr>137</ns3:hr>
            <ns3:cad>87</ns3:cad>
          </ns3:TrackPointExtension>
        </extensions>
      </trkpt>
      <trkpt lat="24.53579555265605449676513671875" lon="118.15574607811868190765380859375">
        <ele>22.799999237060546875</ele>
        <time>2026-08-10T13:13:42.000Z</time>
        <extensions>
          <ns3:TrackPointExtension>
            <ns3:hr>137</ns3:hr>
            <ns3:cad>87</ns3:cad>
          </ns3:TrackPointExtension>
        </extensions>
      </trkpt>
      <trkpt lat="24.53576789237558841705322265625" lon="118.1557340919971466064453125">
        <ele>23</ele>
        <time>2026-08-10T13:13:43.000Z</time>
        <extensions>
          <ns3:TrackPointExtension>
            <ns3:hr>136</ns3:hr>
            <ns3:cad>86</ns3:cad>
          </ns3:TrackPointExtension>
        </extensions>
      </trkpt>
      <trkpt lat="24.53574635088443756103515625" lon="118.15572394989430904388427734375">
        <ele>23</ele>
        <time>2026-08-10T13:13:44.000Z</time>
        <extensions>
          <ns3:TrackPointExtension>
            <ns3:hr>136</ns3:hr>
            <ns3:cad>86</ns3:cad>
          </ns3:TrackPointExtension>
        </extensions>
      </trkpt>
      <trkpt lat="24.5357094705104827880859375" lon="118.1557077728211879730224609375">
        <ele>23</ele>
        <time>2026-08-10T13:13:45.000Z</time>
        <extensions>
          <ns3:TrackPointExtension>
            <ns3:hr>135</ns3:hr>
            <ns3:cad>87</ns3:cad>
          </ns3:TrackPointExtension>
        </extensions>
      </trkpt>
      <trkpt lat="24.53568591736257076263427734375" lon="118.15570031292736530303955078125">
        <ele>23</ele>
        <time>2026-08-10T13:13:46.000Z</time>
        <extensions>
          <ns3:TrackPointExtension>
            <ns3:hr>134</ns3:hr>
            <ns3:cad>87</ns3:cad>
          </ns3:TrackPointExtension>
        </extensions>
      </trkpt>
      <trkpt lat="24.53565725125372409820556640625" lon="118.15568757243454456329345703125">
        <ele>23</ele>
        <time>2026-08-10T13:13:47.000Z</time>
        <extensions>
          <ns3:TrackPointExtension>
            <ns3:hr>133</ns3:hr>
            <ns3:cad>87</ns3:cad>
          </ns3:TrackPointExtension>
        </extensions>
      </trkpt>
      <trkpt lat="24.535633027553558349609375" lon="118.155673407018184661865234375">
        <ele>23</ele>
        <time>2026-08-10T13:13:48.000Z</time>
        <extensions>
          <ns3:TrackPointExtension>
            <ns3:hr>132</ns3:hr>
            <ns3:cad>89</ns3:cad>
          </ns3:TrackPointExtension>
        </extensions>
      </trkpt>
      <trkpt lat="24.5356120727956295013427734375" lon="118.15565957687795162200927734375">
        <ele>23</ele>
        <time>2026-08-10T13:13:49.000Z</time>
        <extensions>
          <ns3:TrackPointExtension>
            <ns3:hr>132</ns3:hr>
            <ns3:cad>89</ns3:cad>
          </ns3:TrackPointExtension>
        </extensions>
      </trkpt>
      <trkpt lat="24.53558743000030517578125" lon="118.15564197488129138946533203125">
        <ele>23</ele>
        <time>2026-08-10T13:13:50.000Z</time>
        <extensions>
          <ns3:TrackPointExtension>
            <ns3:hr>133</ns3:hr>
            <ns3:cad>89</ns3:cad>
          </ns3:TrackPointExtension>
        </extensions>
      </trkpt>
      <trkpt lat="24.5355684868991374969482421875" lon="118.15563593991100788116455078125">
        <ele>23</ele>
        <time>2026-08-10T13:13:51.000Z</time>
        <extensions>
          <ns3:TrackPointExtension>
            <ns3:hr>133</ns3:hr>
            <ns3:cad>88</ns3:cad>
          </ns3:TrackPointExtension>
        </extensions>
      </trkpt>
      <trkpt lat="24.5355386473238468170166015625" lon="118.15561666153371334075927734375">
        <ele>23.200000762939453125</ele>
        <time>2026-08-10T13:13:52.000Z</time>
        <extensions>
          <ns3:TrackPointExtension>
            <ns3:hr>133</ns3:hr>
            <ns3:cad>87</ns3:cad>
          </ns3:TrackPointExtension>
        </extensions>
      </trkpt>
      <trkpt lat="24.53551693819463253021240234375" lon="118.1556102074682712554931640625">
        <ele>23.200000762939453125</ele>
        <time>2026-08-10T13:13:53.000Z</time>
        <extensions>
          <ns3:TrackPointExtension>
            <ns3:hr>133</ns3:hr>
            <ns3:cad>87</ns3:cad>
          </ns3:TrackPointExtension>
        </extensions>
      </trkpt>
      <trkpt lat="24.53549011610448360443115234375" lon="118.155584894120693206787109375">
        <ele>23.200000762939453125</ele>
        <time>2026-08-10T13:13:54.000Z</time>
        <extensions>
          <ns3:TrackPointExtension>
            <ns3:hr>134</ns3:hr>
            <ns3:cad>87</ns3:cad>
          </ns3:TrackPointExtension>
        </extensions>
      </trkpt>
      <trkpt lat="24.53546941280364990234375" lon="118.15557693131268024444580078125">
        <ele>23.200000762939453125</ele>
        <time>2026-08-10T13:13:55.000Z</time>
        <extensions>
          <ns3:TrackPointExtension>
            <ns3:hr>134</ns3:hr>
            <ns3:cad>88</ns3:cad>
          </ns3:TrackPointExtension>
        </extensions>
      </trkpt>
      <trkpt lat="24.535442925989627838134765625" lon="118.15555329434573650360107421875">
        <ele>23.200000762939453125</ele>
        <time>2026-08-10T13:13:56.000Z</time>
        <extensions>
          <ns3:TrackPointExtension>
            <ns3:hr>134</ns3:hr>
            <ns3:cad>88</ns3:cad>
          </ns3:TrackPointExtension>
        </extensions>
      </trkpt>
      <trkpt lat="24.5354246534407138824462890625" lon="118.15553870983421802520751953125">
        <ele>23.200000762939453125</ele>
        <time>2026-08-10T13:13:57.000Z</time>
        <extensions>
          <ns3:TrackPointExtension>
            <ns3:hr>134</ns3:hr>
            <ns3:cad>88</ns3:cad>
          </ns3:TrackPointExtension>
        </extensions>
      </trkpt>
      <trkpt lat="24.53539757989346981048583984375" lon="118.1555173359811305999755859375">
        <ele>23.200000762939453125</ele>
        <time>2026-08-10T13:13:58.000Z</time>
        <extensions>
          <ns3:TrackPointExtension>
            <ns3:hr>135</ns3:hr>
            <ns3:cad>88</ns3:cad>
          </ns3:TrackPointExtension>
        </extensions>
      </trkpt>
      <trkpt lat="24.53537486493587493896484375" lon="118.1555032543838024139404296875">
        <ele>23.200000762939453125</ele>
        <time>2026-08-10T13:13:59.000Z</time>
        <extensions>
          <ns3:TrackPointExtension>
            <ns3:hr>135</ns3:hr>
            <ns3:cad>88</ns3:cad>
          </ns3:TrackPointExtension>
        </extensions>
      </trkpt>
      <trkpt lat="24.535349719226360321044921875" lon="118.1554895080626010894775390625">
        <ele>23.200000762939453125</ele>
        <time>2026-08-10T13:14:00.000Z</time>
        <extensions>
          <ns3:TrackPointExtension>
            <ns3:hr>135</ns3:hr>
            <ns3:cad>87</ns3:cad>
          </ns3:TrackPointExtension>
        </extensions>
      </trkpt>
      <trkpt lat="24.53532700426876544952392578125" lon="118.1554687209427356719970703125">
        <ele>23.200000762939453125</ele>
        <time>2026-08-10T13:14:01.000Z</time>
        <extensions>
          <ns3:TrackPointExtension>
            <ns3:hr>136</ns3:hr>
            <ns3:cad>87</ns3:cad>
          </ns3:TrackPointExtension>
        </extensions>
      </trkpt>
      <trkpt lat="24.53530470840632915496826171875" lon="118.15545388497412204742431640625">
        <ele>23.200000762939453125</ele>
        <time>2026-08-10T13:14:02.000Z</time>
        <extensions>
          <ns3:TrackPointExtension>
            <ns3:hr>137</ns3:hr>
            <ns3:cad>87</ns3:cad>
          </ns3:TrackPointExtension>
        </extensions>
      </trkpt>
      <trkpt lat="24.53528023324906826019287109375" lon="118.15543427132070064544677734375">
        <ele>23.200000762939453125</ele>
        <time>2026-08-10T13:14:03.000Z</time>
        <extensions>
          <ns3:TrackPointExtension>
            <ns3:hr>138</ns3:hr>
            <ns3:cad>87</ns3:cad>
          </ns3:TrackPointExtension>
        </extensions>
      </trkpt>
      <trkpt lat="24.53525860793888568878173828125" lon="118.1554261408746242523193359375">
        <ele>23</ele>
        <time>2026-08-10T13:14:04.000Z</time>
        <extensions>
          <ns3:TrackPointExtension>
            <ns3:hr>139</ns3:hr>
            <ns3:cad>88</ns3:cad>
          </ns3:TrackPointExtension>
        </extensions>
      </trkpt>
      <trkpt lat="24.535234384238719940185546875" lon="118.15540879033505916595458984375">
        <ele>23.200000762939453125</ele>
        <time>2026-08-10T13:14:05.000Z</time>
        <extensions>
          <ns3:TrackPointExtension>
            <ns3:hr>140</ns3:hr>
            <ns3:cad>88</ns3:cad>
          </ns3:TrackPointExtension>
        </extensions>
      </trkpt>
      <trkpt lat="24.53521770425140857696533203125" lon="118.15540258772671222686767578125">
        <ele>23.200000762939453125</ele>
        <time>2026-08-10T13:14:06.000Z</time>
        <extensions>
          <ns3:TrackPointExtension>
            <ns3:hr>141</ns3:hr>
            <ns3:cad>88</ns3:cad>
          </ns3:TrackPointExtension>
        </extensions>
      </trkpt>
      <trkpt lat="24.535193145275115966796875" lon="118.155385069549083709716796875">
        <ele>23.200000762939453125</ele>
        <time>2026-08-10T13:14:07.000Z</time>
        <extensions>
          <ns3:TrackPointExtension>
            <ns3:hr>142</ns3:hr>
            <ns3:cad>88</ns3:cad>
          </ns3:TrackPointExtension>
        </extensions>
      </trkpt>
      <trkpt lat="24.53517680056393146514892578125" lon="118.155376017093658447265625">
        <ele>23.200000762939453125</ele>
        <time>2026-08-10T13:14:08.000Z</time>
        <extensions>
          <ns3:TrackPointExtension>
            <ns3:hr>143</ns3:hr>
            <ns3:cad>87</ns3:cad>
          </ns3:TrackPointExtension>
        </extensions>
      </trkpt>
      <trkpt lat="24.535153247416019439697265625" lon="118.15535665489733219146728515625">
        <ele>23.200000762939453125</ele>
        <time>2026-08-10T13:14:09.000Z</time>
        <extensions>
          <ns3:TrackPointExtension>
            <ns3:hr>143</ns3:hr>
            <ns3:cad>87</ns3:cad>
          </ns3:TrackPointExtension>
        </extensions>
      </trkpt>
      <trkpt lat="24.53513187356293201446533203125" lon="118.15534441731870174407958984375">
        <ele>23.200000762939453125</ele>
        <time>2026-08-10T13:14:10.000Z</time>
        <extensions>
          <ns3:TrackPointExtension>
            <ns3:hr>143</ns3:hr>
            <ns3:cad>87</ns3:cad>
          </ns3:TrackPointExtension>
        </extensions>
      </trkpt>
      <trkpt lat="24.53510404564440250396728515625" lon="118.15532748587429523468017578125">
        <ele>23.200000762939453125</ele>
        <time>2026-08-10T13:14:11.000Z</time>
        <extensions>
          <ns3:TrackPointExtension>
            <ns3:hr>143</ns3:hr>
            <ns3:cad>88</ns3:cad>
          </ns3:TrackPointExtension>
        </extensions>
      </trkpt>
      <trkpt lat="24.53508057631552219390869140625" lon="118.1553168408572673797607421875">
        <ele>23.200000762939453125</ele>
        <time>2026-08-10T13:14:12.000Z</time>
        <extensions>
          <ns3:TrackPointExtension>
            <ns3:hr>143</ns3:hr>
            <ns3:cad>88</ns3:cad>
          </ns3:TrackPointExtension>
        </extensions>
      </trkpt>
      <trkpt lat="24.53505559824407100677490234375" lon="118.1552994064986705780029296875">
        <ele>23.200000762939453125</ele>
        <time>2026-08-10T13:14:13.000Z</time>
        <extensions>
          <ns3:TrackPointExtension>
            <ns3:hr>143</ns3:hr>
            <ns3:cad>88</ns3:cad>
          </ns3:TrackPointExtension>
        </extensions>
      </trkpt>
      <trkpt lat="24.53502953052520751953125" lon="118.1552789546549320220947265625">
        <ele>23.200000762939453125</ele>
        <time>2026-08-10T13:14:14.000Z</time>
        <extensions>
          <ns3:TrackPointExtension>
            <ns3:hr>143</ns3:hr>
            <ns3:cad>88</ns3:cad>
          </ns3:TrackPointExtension>
        </extensions>
      </trkpt>
      <trkpt lat="24.53500614501535892486572265625" lon="118.15527015365660190582275390625">
        <ele>23.200000762939453125</ele>
        <time>2026-08-10T13:14:15.000Z</time>
        <extensions>
          <ns3:TrackPointExtension>
            <ns3:hr>142</ns3:hr>
            <ns3:cad>87</ns3:cad>
          </ns3:TrackPointExtension>
        </extensions>
      </trkpt>
      <trkpt lat="24.53497831709682941436767578125" lon="118.15525523386895656585693359375">
        <ele>23.3999996185302734375</ele>
        <time>2026-08-10T13:14:16.000Z</time>
        <extensions>
          <ns3:TrackPointExtension>
            <ns3:hr>142</ns3:hr>
            <ns3:cad>87</ns3:cad>
          </ns3:TrackPointExtension>
        </extensions>
      </trkpt>
      <trkpt lat="24.534960128366947174072265625" lon="118.1552531383931636810302734375">
        <ele>23.200000762939453125</ele>
        <time>2026-08-10T13:14:17.000Z</time>
        <extensions>
          <ns3:TrackPointExtension>
            <ns3:hr>142</ns3:hr>
            <ns3:cad>87</ns3:cad>
          </ns3:TrackPointExtension>
        </extensions>
      </trkpt>
      <trkpt lat="24.5349281094968318939208984375" lon="118.15524123609066009521484375">
        <ele>23.200000762939453125</ele>
        <time>2026-08-10T13:14:18.000Z</time>
        <extensions>
          <ns3:TrackPointExtension>
            <ns3:hr>143</ns3:hr>
            <ns3:cad>88</ns3:cad>
          </ns3:TrackPointExtension>
        </extensions>
      </trkpt>
      <trkpt lat="24.53490874730050563812255859375" lon="118.1552400626242160797119140625">
        <ele>23.200000762939453125</ele>
        <time>2026-08-10T13:14:19.000Z</time>
        <extensions>
          <ns3:TrackPointExtension>
            <ns3:hr>143</ns3:hr>
            <ns3:cad>88</ns3:cad>
          </ns3:TrackPointExtension>
        </extensions>
      </trkpt>
      <trkpt lat="24.5348753035068511962890625" lon="118.155231513082981109619140625">
        <ele>23.3999996185302734375</ele>
        <time>2026-08-10T13:14:20.000Z</time>
        <extensions>
          <ns3:TrackPointExtension>
            <ns3:hr>143</ns3:hr>
            <ns3:cad>87</ns3:cad>
          </ns3:TrackPointExtension>
        </extensions>
      </trkpt>
      <trkpt lat="24.53485074453055858612060546875" lon="118.1552259810268878936767578125">
        <ele>23.3999996185302734375</ele>
        <time>2026-08-10T13:14:21.000Z</time>
        <extensions>
          <ns3:TrackPointExtension>
            <ns3:hr>142</ns3:hr>
            <ns3:cad>87</ns3:cad>
          </ns3:TrackPointExtension>
        </extensions>
      </trkpt>
      <trkpt lat="24.5348194800317287445068359375" lon="118.1552244722843170166015625">
        <ele>23.3999996185302734375</ele>
        <time>2026-08-10T13:14:22.000Z</time>
        <extensions>
          <ns3:TrackPointExtension>
            <ns3:hr>142</ns3:hr>
            <ns3:cad>87</ns3:cad>
          </ns3:TrackPointExtension>
        </extensions>
      </trkpt>
      <trkpt lat="24.5347933284938335418701171875" lon="118.15522086806595325469970703125">
        <ele>23.6000003814697265625</ele>
        <time>2026-08-10T13:14:23.000Z</time>
        <extensions>
          <ns3:TrackPointExtension>
            <ns3:hr>142</ns3:hr>
            <ns3:cad>86</ns3:cad>
          </ns3:TrackPointExtension>
        </extensions>
      </trkpt>
      <trkpt lat="24.534765668213367462158203125" lon="118.15522422082722187042236328125">
        <ele>23.6000003814697265625</ele>
        <time>2026-08-10T13:14:24.000Z</time>
        <extensions>
          <ns3:TrackPointExtension>
            <ns3:hr>143</ns3:hr>
            <ns3:cad>86</ns3:cad>
          </ns3:TrackPointExtension>
        </extensions>
      </trkpt>
      <trkpt lat="24.5347370021045207977294921875" lon="118.15522287972271442413330078125">
        <ele>23.6000003814697265625</ele>
        <time>2026-08-10T13:14:25.000Z</time>
        <extensions>
          <ns3:TrackPointExtension>
            <ns3:hr>143</ns3:hr>
            <ns3:cad>86</ns3:cad>
          </ns3:TrackPointExtension>
        </extensions>
      </trkpt>
      <trkpt lat="24.53471009619534015655517578125" lon="118.15523092634975910186767578125">
        <ele>23.6000003814697265625</ele>
        <time>2026-08-10T13:14:26.000Z</time>
        <extensions>
          <ns3:TrackPointExtension>
            <ns3:hr>143</ns3:hr>
            <ns3:cad>87</ns3:cad>
          </ns3:TrackPointExtension>
        </extensions>
      </trkpt>
      <trkpt lat="24.53467858023941516876220703125" lon="118.15523042343556880950927734375">
        <ele>23.6000003814697265625</ele>
        <time>2026-08-10T13:14:27.000Z</time>
        <extensions>
          <ns3:TrackPointExtension>
            <ns3:hr>142</ns3:hr>
            <ns3:cad>88</ns3:cad>
          </ns3:TrackPointExtension>
        </extensions>
      </trkpt>
      <trkpt lat="24.53465737402439117431640625" lon="118.15523645840585231781005859375">
        <ele>23.6000003814697265625</ele>
        <time>2026-08-10T13:14:28.000Z</time>
        <extensions>
          <ns3:TrackPointExtension>
            <ns3:hr>143</ns3:hr>
            <ns3:cad>88</ns3:cad>
          </ns3:TrackPointExtension>
        </extensions>
      </trkpt>
      <trkpt lat="24.5346258580684661865234375" lon="118.15523729659616947174072265625">
        <ele>23.6000003814697265625</ele>
        <time>2026-08-10T13:14:29.000Z</time>
        <extensions>
          <ns3:TrackPointExtension>
            <ns3:hr>143</ns3:hr>
            <ns3:cad>88</ns3:cad>
          </ns3:TrackPointExtension>
        </extensions>
      </trkpt>
      <trkpt lat="24.53460775315761566162109375" lon="118.155247271060943603515625">
        <ele>23.6000003814697265625</ele>
        <time>2026-08-10T13:14:30.000Z</time>
        <extensions>
          <ns3:TrackPointExtension>
            <ns3:hr>143</ns3:hr>
            <ns3:cad>88</ns3:cad>
          </ns3:TrackPointExtension>
        </extensions>
      </trkpt>
      <trkpt lat="24.53457565046846866607666015625" lon="118.15525573678314685821533203125">
        <ele>23.6000003814697265625</ele>
        <time>2026-08-10T13:14:31.000Z</time>
        <extensions>
          <ns3:TrackPointExtension>
            <ns3:hr>144</ns3:hr>
            <ns3:cad>88</ns3:cad>
          </ns3:TrackPointExtension>
        </extensions>
      </trkpt>
      <trkpt lat="24.534557797014713287353515625" lon="118.15526512451469898223876953125">
        <ele>23.6000003814697265625</ele>
        <time>2026-08-10T13:14:32.000Z</time>
        <extensions>
          <ns3:TrackPointExtension>
            <ns3:hr>144</ns3:hr>
            <ns3:cad>87</ns3:cad>
          </ns3:TrackPointExtension>
        </extensions>
      </trkpt>
      <trkpt lat="24.53452586196362972259521484375" lon="118.15527920611202716827392578125">
        <ele>23.6000003814697265625</ele>
        <time>2026-08-10T13:14:33.000Z</time>
        <extensions>
          <ns3:TrackPointExtension>
            <ns3:hr>144</ns3:hr>
            <ns3:cad>87</ns3:cad>
          </ns3:TrackPointExtension>
        </extensions>
      </trkpt>
      <trkpt lat="24.53450440429151058197021484375" lon="118.155290521681308746337890625">
        <ele>23.6000003814697265625</ele>
        <time>2026-08-10T13:14:34.000Z</time>
        <extensions>
          <ns3:TrackPointExtension>
            <ns3:hr>144</ns3:hr>
            <ns3:cad>87</ns3:cad>
          </ns3:TrackPointExtension>
        </extensions>
      </trkpt>
      <trkpt lat="24.5344741456210613250732421875" lon="118.15529890358448028564453125">
        <ele>23.6000003814697265625</ele>
        <time>2026-08-10T13:14:35.000Z</time>
        <extensions>
          <ns3:TrackPointExtension>
            <ns3:hr>144</ns3:hr>
            <ns3:cad>89</ns3:cad>
          </ns3:TrackPointExtension>
        </extensions>
      </trkpt>
      <trkpt lat="24.53445025719702243804931640625" lon="118.15530535764992237091064453125">
        <ele>23.6000003814697265625</ele>
        <time>2026-08-10T13:14:36.000Z</time>
        <extensions>
          <ns3:TrackPointExtension>
            <ns3:hr>144</ns3:hr>
            <ns3:cad>89</ns3:cad>
          </ns3:TrackPointExtension>
        </extensions>
      </trkpt>
      <trkpt lat="24.534423016011714935302734375" lon="118.155313991010189056396484375">
        <ele>23.799999237060546875</ele>
        <time>2026-08-10T13:14:37.000Z</time>
        <extensions>
          <ns3:TrackPointExtension>
            <ns3:hr>144</ns3:hr>
            <ns3:cad>89</ns3:cad>
          </ns3:TrackPointExtension>
        </extensions>
      </trkpt>
      <trkpt lat="24.53439963050186634063720703125" lon="118.15532094798982143402099609375">
        <ele>24</ele>
        <time>2026-08-10T13:14:38.000Z</time>
        <extensions>
          <ns3:TrackPointExtension>
            <ns3:hr>144</ns3:hr>
            <ns3:cad>88</ns3:cad>
          </ns3:TrackPointExtension>
        </extensions>
      </trkpt>
      <trkpt lat="24.53437616117298603057861328125" lon="118.155332095921039581298828125">
        <ele>23.799999237060546875</ele>
        <time>2026-08-10T13:14:39.000Z</time>
        <extensions>
          <ns3:TrackPointExtension>
            <ns3:hr>144</ns3:hr>
            <ns3:cad>88</ns3:cad>
          </ns3:TrackPointExtension>
        </extensions>
      </trkpt>
      <trkpt lat="24.534348584711551666259765625" lon="118.15533586777746677398681640625">
        <ele>24</ele>
        <time>2026-08-10T13:14:40.000Z</time>
        <extensions>
          <ns3:TrackPointExtension>
            <ns3:hr>144</ns3:hr>
            <ns3:cad>87</ns3:cad>
          </ns3:TrackPointExtension>
        </extensions>
      </trkpt>
      <trkpt lat="24.53432503156363964080810546875" lon="118.1553473509848117828369140625">
        <ele>24</ele>
        <time>2026-08-10T13:14:41.000Z</time>
        <extensions>
          <ns3:TrackPointExtension>
            <ns3:hr>144</ns3:hr>
            <ns3:cad>88</ns3:cad>
          </ns3:TrackPointExtension>
        </extensions>
      </trkpt>
      <trkpt lat="24.53429385088384151458740234375" lon="118.15534860827028751373291015625">
        <ele>23.799999237060546875</ele>
        <time>2026-08-10T13:14:42.000Z</time>
        <extensions>
          <ns3:TrackPointExtension>
            <ns3:hr>144</ns3:hr>
            <ns3:cad>89</ns3:cad>
          </ns3:TrackPointExtension>
        </extensions>
      </trkpt>
      <trkpt lat="24.53427289612591266632080078125" lon="118.15535933710634708404541015625">
        <ele>23.799999237060546875</ele>
        <time>2026-08-10T13:14:43.000Z</time>
        <extensions>
          <ns3:TrackPointExtension>
            <ns3:hr>144</ns3:hr>
            <ns3:cad>89</ns3:cad>
          </ns3:TrackPointExtension>
        </extensions>
      </trkpt>
      <trkpt lat="24.53424188308417797088623046875" lon="118.15535522997379302978515625">
        <ele>23.799999237060546875</ele>
        <time>2026-08-10T13:14:44.000Z</time>
        <extensions>
          <ns3:TrackPointExtension>
            <ns3:hr>144</ns3:hr>
            <ns3:cad>89</ns3:cad>
          </ns3:TrackPointExtension>
        </extensions>
      </trkpt>
      <trkpt lat="24.53422394581139087677001953125" lon="118.15536386333405971527099609375">
        <ele>23.799999237060546875</ele>
        <time>2026-08-10T13:14:45.000Z</time>
        <extensions>
          <ns3:TrackPointExtension>
            <ns3:hr>144</ns3:hr>
            <ns3:cad>89</ns3:cad>
          </ns3:TrackPointExtension>
        </extensions>
      </trkpt>
      <trkpt lat="24.5341918431222438812255859375" lon="118.1553585827350616455078125">
        <ele>23.799999237060546875</ele>
        <time>2026-08-10T13:14:46.000Z</time>
        <extensions>
          <ns3:TrackPointExtension>
            <ns3:hr>144</ns3:hr>
            <ns3:cad>88</ns3:cad>
          </ns3:TrackPointExtension>
        </extensions>
      </trkpt>
      <trkpt lat="24.5341697148978710174560546875" lon="118.1553612649440765380859375">
        <ele>23.799999237060546875</ele>
        <time>2026-08-10T13:14:47.000Z</time>
        <extensions>
          <ns3:TrackPointExtension>
            <ns3:hr>144</ns3:hr>
            <ns3:cad>88</ns3:cad>
          </ns3:TrackPointExtension>
        </extensions>
      </trkpt>
      <trkpt lat="24.534133337438106536865234375" lon="118.155356235802173614501953125">
        <ele>23.799999237060546875</ele>
        <time>2026-08-10T13:14:48.000Z</time>
        <extensions>
          <ns3:TrackPointExtension>
            <ns3:hr>144</ns3:hr>
            <ns3:cad>87</ns3:cad>
          </ns3:TrackPointExtension>
        </extensions>
      </trkpt>
      <trkpt lat="24.53411162830889225006103515625" lon="118.15535598434507846832275390625">
        <ele>23.799999237060546875</ele>
        <time>2026-08-10T13:14:49.000Z</time>
        <extensions>
          <ns3:TrackPointExtension>
            <ns3:hr>144</ns3:hr>
            <ns3:cad>87</ns3:cad>
          </ns3:TrackPointExtension>
        </extensions>
      </trkpt>
      <trkpt lat="24.53408044762909412384033203125" lon="118.1553496979176998138427734375">
        <ele>23.799999237060546875</ele>
        <time>2026-08-10T13:14:50.000Z</time>
        <extensions>
          <ns3:TrackPointExtension>
            <ns3:hr>144</ns3:hr>
            <ns3:cad>88</ns3:cad>
          </ns3:TrackPointExtension>
        </extensions>
      </trkpt>
      <trkpt lat="24.5340573973953723907470703125" lon="118.15533804707229137420654296875">
        <ele>24</ele>
        <time>2026-08-10T13:14:51.000Z</time>
        <extensions>
          <ns3:TrackPointExtension>
            <ns3:hr>144</ns3:hr>
            <ns3:cad>88</ns3:cad>
          </ns3:TrackPointExtension>
        </extensions>
      </trkpt>
      <trkpt lat="24.534030742943286895751953125" lon="118.155328743159770965576171875">
        <ele>24</ele>
        <time>2026-08-10T13:14:52.000Z</time>
        <extensions>
          <ns3:TrackPointExtension>
            <ns3:hr>144</ns3:hr>
            <ns3:cad>88</ns3:cad>
          </ns3:TrackPointExtension>
        </extensions>
      </trkpt>
      <trkpt lat="24.5340044237673282623291015625" lon="118.155318014323711395263671875">
        <ele>24</ele>
        <time>2026-08-10T13:14:53.000Z</time>
        <extensions>
          <ns3:TrackPointExtension>
            <ns3:hr>145</ns3:hr>
            <ns3:cad>88</ns3:cad>
          </ns3:TrackPointExtension>
        </extensions>
      </trkpt>
      <trkpt lat="24.53398120589554309844970703125" lon="118.15531206317245960235595703125">
        <ele>24</ele>
        <time>2026-08-10T13:14:54.000Z</time>
        <extensions>
          <ns3:TrackPointExtension>
            <ns3:hr>144</ns3:hr>
            <ns3:cad>88</ns3:cad>
          </ns3:TrackPointExtension>
        </extensions>
      </trkpt>
      <trkpt lat="24.533952288329601287841796875" lon="118.15529219806194305419921875">
        <ele>24</ele>
        <time>2026-08-10T13:14:55.000Z</time>
        <extensions>
          <ns3:TrackPointExtension>
            <ns3:hr>144</ns3:hr>
            <ns3:cad>87</ns3:cad>
          </ns3:TrackPointExtension>
        </extensions>
      </trkpt>
      <trkpt lat="24.53392722643911838531494140625" lon="118.15528607927262783050537109375">
        <ele>24</ele>
        <time>2026-08-10T13:14:56.000Z</time>
        <extensions>
          <ns3:TrackPointExtension>
            <ns3:hr>144</ns3:hr>
            <ns3:cad>87</ns3:cad>
          </ns3:TrackPointExtension>
        </extensions>
      </trkpt>
      <trkpt lat="24.53389906324446201324462890625" lon="118.15526730380952358245849609375">
        <ele>24</ele>
        <time>2026-08-10T13:14:57.000Z</time>
        <extensions>
          <ns3:TrackPointExtension>
            <ns3:hr>144</ns3:hr>
            <ns3:cad>87</ns3:cad>
          </ns3:TrackPointExtension>
        </extensions>
      </trkpt>
      <trkpt lat="24.53387475572526454925537109375" lon="118.15526043064892292022705078125">
        <ele>24</ele>
        <time>2026-08-10T13:14:58.000Z</time>
        <extensions>
          <ns3:TrackPointExtension>
            <ns3:hr>144</ns3:hr>
            <ns3:cad>88</ns3:cad>
          </ns3:TrackPointExtension>
        </extensions>
      </trkpt>
      <trkpt lat="24.5338455028831958770751953125" lon="118.155236877501010894775390625">
        <ele>24</ele>
        <time>2026-08-10T13:14:59.000Z</time>
        <extensions>
          <ns3:TrackPointExtension>
            <ns3:hr>144</ns3:hr>
            <ns3:cad>88</ns3:cad>
          </ns3:TrackPointExtension>
        </extensions>
      </trkpt>
      <trkpt lat="24.533825218677520751953125" lon="118.1552273221313953399658203125">
        <ele>24</ele>
        <time>2026-08-10T13:15:00.000Z</time>
        <extensions>
          <ns3:TrackPointExtension>
            <ns3:hr>143</ns3:hr>
            <ns3:cad>88</ns3:cad>
          </ns3:TrackPointExtension>
        </extensions>
      </trkpt>
      <trkpt lat="24.53379848040640354156494140625" lon="118.15520645119249820709228515625">
        <ele>24</ele>
        <time>2026-08-10T13:15:01.000Z</time>
        <extensions>
          <ns3:TrackPointExtension>
            <ns3:hr>143</ns3:hr>
            <ns3:cad>88</ns3:cad>
          </ns3:TrackPointExtension>
        </extensions>
      </trkpt>
      <trkpt lat="24.5337818004190921783447265625" lon="118.15519086085259914398193359375">
        <ele>23.799999237060546875</ele>
        <time>2026-08-10T13:15:02.000Z</time>
        <extensions>
          <ns3:TrackPointExtension>
            <ns3:hr>143</ns3:hr>
            <ns3:cad>87</ns3:cad>
          </ns3:TrackPointExtension>
        </extensions>
      </trkpt>
      <trkpt lat="24.53375657089054584503173828125" lon="118.15517091192305088043212890625">
        <ele>23.799999237060546875</ele>
        <time>2026-08-10T13:15:03.000Z</time>
        <extensions>
          <ns3:TrackPointExtension>
            <ns3:hr>142</ns3:hr>
            <ns3:cad>87</ns3:cad>
          </ns3:TrackPointExtension>
        </extensions>
      </trkpt>
      <trkpt lat="24.5337392203509807586669921875" lon="118.15515330992639064788818359375">
        <ele>23.799999237060546875</ele>
        <time>2026-08-10T13:15:04.000Z</time>
        <extensions>
          <ns3:TrackPointExtension>
            <ns3:hr>142</ns3:hr>
            <ns3:cad>87</ns3:cad>
          </ns3:TrackPointExtension>
        </extensions>
      </trkpt>
      <trkpt lat="24.5337164215743541717529296875" lon="118.15513218753039836883544921875">
        <ele>23.799999237060546875</ele>
        <time>2026-08-10T13:15:05.000Z</time>
        <extensions>
          <ns3:TrackPointExtension>
            <ns3:hr>141</ns3:hr>
            <ns3:cad>87</ns3:cad>
          </ns3:TrackPointExtension>
        </extensions>
      </trkpt>
      <trkpt lat="24.53369840048253536224365234375" lon="118.15510687418282032012939453125">
        <ele>23.799999237060546875</ele>
        <time>2026-08-10T13:15:06.000Z</time>
        <extensions>
          <ns3:TrackPointExtension>
            <ns3:hr>141</ns3:hr>
            <ns3:cad>88</ns3:cad>
          </ns3:TrackPointExtension>
        </extensions>
      </trkpt>
      <trkpt lat="24.53367878682911396026611328125" lon="118.1550851650536060333251953125">
        <ele>23.799999237060546875</ele>
        <time>2026-08-10T13:15:07.000Z</time>
        <extensions>
          <ns3:TrackPointExtension>
            <ns3:hr>141</ns3:hr>
            <ns3:cad>88</ns3:cad>
          </ns3:TrackPointExtension>
        </extensions>
      </trkpt>
      <trkpt lat="24.5336657948791980743408203125" lon="118.15505406819283962249755859375">
        <ele>23.799999237060546875</ele>
        <time>2026-08-10T13:15:08.000Z</time>
        <extensions>
          <ns3:TrackPointExtension>
            <ns3:hr>140</ns3:hr>
            <ns3:cad>88</ns3:cad>
          </ns3:TrackPointExtension>
        </extensions>
      </trkpt>
      <trkpt lat="24.5336497016251087188720703125" lon="118.15503294579684734344482421875">
        <ele>23.799999237060546875</ele>
        <time>2026-08-10T13:15:09.000Z</time>
        <extensions>
          <ns3:TrackPointExtension>
            <ns3:hr>140</ns3:hr>
            <ns3:cad>88</ns3:cad>
          </ns3:TrackPointExtension>
        </extensions>
      </trkpt>
      <trkpt lat="24.5336361229419708251953125" lon="118.15499925054609775543212890625">
        <ele>23.799999237060546875</ele>
        <time>2026-08-10T13:15:10.000Z</time>
        <extensions>
          <ns3:TrackPointExtension>
            <ns3:hr>141</ns3:hr>
            <ns3:cad>88</ns3:cad>
          </ns3:TrackPointExtension>
        </extensions>
      </trkpt>
      <trkpt lat="24.53362346626818180084228515625" lon="118.1549792177975177764892578125">
        <ele>23.799999237060546875</ele>
        <time>2026-08-10T13:15:11.000Z</time>
        <extensions>
          <ns3:TrackPointExtension>
            <ns3:hr>141</ns3:hr>
            <ns3:cad>88</ns3:cad>
          </ns3:TrackPointExtension>
        </extensions>
      </trkpt>
      <trkpt lat="24.53360871411859989166259765625" lon="118.154941499233245849609375">
        <ele>23.799999237060546875</ele>
        <time>2026-08-10T13:15:12.000Z</time>
        <extensions>
          <ns3:TrackPointExtension>
            <ns3:hr>141</ns3:hr>
            <ns3:cad>87</ns3:cad>
          </ns3:TrackPointExtension>
        </extensions>
      </trkpt>
      <trkpt lat="24.5335957221686840057373046875" lon="118.15492079593241214752197265625">
        <ele>23.799999237060546875</ele>
        <time>2026-08-10T13:15:13.000Z</time>
        <extensions>
          <ns3:TrackPointExtension>
            <ns3:hr>141</ns3:hr>
            <ns3:cad>87</ns3:cad>
          </ns3:TrackPointExtension>
        </extensions>
      </trkpt>
      <trkpt lat="24.5335873402655124664306640625" lon="118.154883496463298797607421875">
        <ele>23.799999237060546875</ele>
        <time>2026-08-10T13:15:14.000Z</time>
        <extensions>
          <ns3:TrackPointExtension>
            <ns3:hr>140</ns3:hr>
            <ns3:cad>87</ns3:cad>
          </ns3:TrackPointExtension>
        </extensions>
      </trkpt>
      <trkpt lat="24.5335766114294528961181640625" lon="118.15486161969602108001708984375">
        <ele>23.799999237060546875</ele>
        <time>2026-08-10T13:15:15.000Z</time>
        <extensions>
          <ns3:TrackPointExtension>
            <ns3:hr>140</ns3:hr>
            <ns3:cad>88</ns3:cad>
          </ns3:TrackPointExtension>
        </extensions>
      </trkpt>
      <trkpt lat="24.5335717499256134033203125" lon="118.1548253260552883148193359375">
        <ele>23.799999237060546875</ele>
        <time>2026-08-10T13:15:16.000Z</time>
        <extensions>
          <ns3:TrackPointExtension>
            <ns3:hr>140</ns3:hr>
            <ns3:cad>89</ns3:cad>
          </ns3:TrackPointExtension>
        </extensions>
      </trkpt>
      <trkpt lat="24.5335645414888858795166015625" lon="118.1548021920025348663330078125">
        <ele>23.799999237060546875</ele>
        <time>2026-08-10T13:15:17.000Z</time>
        <extensions>
          <ns3:TrackPointExtension>
            <ns3:hr>140</ns3:hr>
            <ns3:cad>89</ns3:cad>
          </ns3:TrackPointExtension>
        </extensions>
      </trkpt>
      <trkpt lat="24.53355724923312664031982421875" lon="118.15476774238049983978271484375">
        <ele>23.6000003814697265625</ele>
        <time>2026-08-10T13:15:18.000Z</time>
        <extensions>
          <ns3:TrackPointExtension>
            <ns3:hr>140</ns3:hr>
            <ns3:cad>89</ns3:cad>
          </ns3:TrackPointExtension>
        </extensions>
      </trkpt>
      <trkpt lat="24.53355255536735057830810546875" lon="118.15473706461489200592041015625">
        <ele>23.6000003814697265625</ele>
        <time>2026-08-10T13:15:19.000Z</time>
        <extensions>
          <ns3:TrackPointExtension>
            <ns3:hr>140</ns3:hr>
            <ns3:cad>88</ns3:cad>
          </ns3:TrackPointExtension>
        </extensions>
      </trkpt>
      <trkpt lat="24.53354484401643276214599609375" lon="118.154707811772823333740234375">
        <ele>23.6000003814697265625</ele>
        <time>2026-08-10T13:15:20.000Z</time>
        <extensions>
          <ns3:TrackPointExtension>
            <ns3:hr>140</ns3:hr>
            <ns3:cad>87</ns3:cad>
          </ns3:TrackPointExtension>
        </extensions>
      </trkpt>
      <trkpt lat="24.533543251454830169677734375" lon="118.154676295816898345947265625">
        <ele>23.799999237060546875</ele>
        <time>2026-08-10T13:15:21.000Z</time>
        <extensions>
          <ns3:TrackPointExtension>
            <ns3:hr>141</ns3:hr>
            <ns3:cad>87</ns3:cad>
          </ns3:TrackPointExtension>
        </extensions>
      </trkpt>
      <trkpt lat="24.53353629447519779205322265625" lon="118.15464737825095653533935546875">
        <ele>23.799999237060546875</ele>
        <time>2026-08-10T13:15:22.000Z</time>
        <extensions>
          <ns3:TrackPointExtension>
            <ns3:hr>140</ns3:hr>
            <ns3:cad>88</ns3:cad>
          </ns3:TrackPointExtension>
        </extensions>
      </trkpt>
      <trkpt lat="24.53353176824748516082763671875" lon="118.15461225807666778564453125">
        <ele>23.799999237060546875</ele>
        <time>2026-08-10T13:15:23.000Z</time>
        <extensions>
          <ns3:TrackPointExtension>
            <ns3:hr>140</ns3:hr>
            <ns3:cad>88</ns3:cad>
          </ns3:TrackPointExtension>
        </extensions>
      </trkpt>
      <trkpt lat="24.5335259847342967987060546875" lon="118.15458535216748714447021484375">
        <ele>23.6000003814697265625</ele>
        <time>2026-08-10T13:15:24.000Z</time>
        <extensions>
          <ns3:TrackPointExtension>
            <ns3:hr>141</ns3:hr>
            <ns3:cad>88</ns3:cad>
          </ns3:TrackPointExtension>
        </extensions>
      </trkpt>
      <trkpt lat="24.53352690674364566802978515625" lon="118.15454763360321521759033203125">
        <ele>23.6000003814697265625</ele>
        <time>2026-08-10T13:15:25.000Z</time>
        <extensions>
          <ns3:TrackPointExtension>
            <ns3:hr>141</ns3:hr>
            <ns3:cad>88</ns3:cad>
          </ns3:TrackPointExtension>
        </extensions>
      </trkpt>
      <trkpt lat="24.533523805439472198486328125" lon="118.15452382899820804595947265625">
        <ele>23.3999996185302734375</ele>
        <time>2026-08-10T13:15:26.000Z</time>
        <extensions>
          <ns3:TrackPointExtension>
            <ns3:hr>141</ns3:hr>
            <ns3:cad>87</ns3:cad>
          </ns3:TrackPointExtension>
        </extensions>
      </trkpt>
      <trkpt lat="24.53353059478104114532470703125" lon="118.1544870324432849884033203125">
        <ele>23.3999996185302734375</ele>
        <time>2026-08-10T13:15:27.000Z</time>
        <extensions>
          <ns3:TrackPointExtension>
            <ns3:hr>141</ns3:hr>
            <ns3:cad>87</ns3:cad>
          </ns3:TrackPointExtension>
        </extensions>
      </trkpt>
      <trkpt lat="24.533529840409755706787109375" lon="118.15446096472442150115966796875">
        <ele>23.3999996185302734375</ele>
        <time>2026-08-10T13:15:28.000Z</time>
        <extensions>
          <ns3:TrackPointExtension>
            <ns3:hr>141</ns3:hr>
            <ns3:cad>87</ns3:cad>
          </ns3:TrackPointExtension>
        </extensions>
      </trkpt>
      <trkpt lat="24.533537887036800384521484375" lon="118.15442408435046672821044921875">
        <ele>23.3999996185302734375</ele>
        <time>2026-08-10T13:15:29.000Z</time>
        <extensions>
          <ns3:TrackPointExtension>
            <ns3:hr>141</ns3:hr>
            <ns3:cad>87</ns3:cad>
          </ns3:TrackPointExtension>
        </extensions>
      </trkpt>
      <trkpt lat="24.53354266472160816192626953125" lon="118.15439508296549320220947265625">
        <ele>23.3999996185302734375</ele>
        <time>2026-08-10T13:15:30.000Z</time>
        <extensions>
          <ns3:TrackPointExtension>
            <ns3:hr>141</ns3:hr>
            <ns3:cad>88</ns3:cad>
          </ns3:TrackPointExtension>
        </extensions>
      </trkpt>
      <trkpt lat="24.53355037607252597808837890625" lon="118.1543646566569805145263671875">
        <ele>23.6000003814697265625</ele>
        <time>2026-08-10T13:15:31.000Z</time>
        <extensions>
          <ns3:TrackPointExtension>
            <ns3:hr>141</ns3:hr>
            <ns3:cad>88</ns3:cad>
          </ns3:TrackPointExtension>
        </extensions>
      </trkpt>
      <trkpt lat="24.53355775214731693267822265625" lon="118.15433758310973644256591796875">
        <ele>23.6000003814697265625</ele>
        <time>2026-08-10T13:15:32.000Z</time>
        <extensions>
          <ns3:TrackPointExtension>
            <ns3:hr>141</ns3:hr>
            <ns3:cad>88</ns3:cad>
          </ns3:TrackPointExtension>
        </extensions>
      </trkpt>
      <trkpt lat="24.53357066027820110321044921875" lon="118.15430757589638233184814453125">
        <ele>23.6000003814697265625</ele>
        <time>2026-08-10T13:15:33.000Z</time>
        <extensions>
          <ns3:TrackPointExtension>
            <ns3:hr>141</ns3:hr>
            <ns3:cad>88</ns3:cad>
          </ns3:TrackPointExtension>
        </extensions>
      </trkpt>
      <trkpt lat="24.53358641825616359710693359375" lon="118.15427966415882110595703125">
        <ele>23.6000003814697265625</ele>
        <time>2026-08-10T13:15:34.000Z</time>
        <extensions>
          <ns3:TrackPointExtension>
            <ns3:hr>141</ns3:hr>
            <ns3:cad>88</ns3:cad>
          </ns3:TrackPointExtension>
        </extensions>
      </trkpt>
      <trkpt lat="24.53359614126384258270263671875" lon="118.1542513333261013031005859375">
        <ele>23.6000003814697265625</ele>
        <time>2026-08-10T13:15:35.000Z</time>
        <extensions>
          <ns3:TrackPointExtension>
            <ns3:hr>142</ns3:hr>
            <ns3:cad>87</ns3:cad>
          </ns3:TrackPointExtension>
        </extensions>
      </trkpt>
      <trkpt lat="24.53361399471759796142578125" lon="118.15422601997852325439453125">
        <ele>23.3999996185302734375</ele>
        <time>2026-08-10T13:15:36.000Z</time>
        <extensions>
          <ns3:TrackPointExtension>
            <ns3:hr>142</ns3:hr>
            <ns3:cad>87</ns3:cad>
          </ns3:TrackPointExtension>
        </extensions>
      </trkpt>
      <trkpt lat="24.53362396918237209320068359375" lon="118.154198862612247467041015625">
        <ele>23.3999996185302734375</ele>
        <time>2026-08-10T13:15:37.000Z</time>
        <extensions>
          <ns3:TrackPointExtension>
            <ns3:hr>142</ns3:hr>
            <ns3:cad>88</ns3:cad>
          </ns3:TrackPointExtension>
        </extensions>
      </trkpt>
      <trkpt lat="24.5336476899683475494384765625" lon="118.15417463891208171844482421875">
        <ele>23.3999996185302734375</ele>
        <time>2026-08-10T13:15:38.000Z</time>
        <extensions>
          <ns3:TrackPointExtension>
            <ns3:hr>142</ns3:hr>
            <ns3:cad>88</ns3:cad>
          </ns3:TrackPointExtension>
        </extensions>
      </trkpt>
      <trkpt lat="24.533651880919933319091796875" lon="118.15415116958320140838623046875">
        <ele>23.3999996185302734375</ele>
        <time>2026-08-10T13:15:39.000Z</time>
        <extensions>
          <ns3:TrackPointExtension>
            <ns3:hr>142</ns3:hr>
            <ns3:cad>89</ns3:cad>
          </ns3:TrackPointExtension>
        </extensions>
      </trkpt>
      <trkpt lat="24.53367308713495731353759765625" lon="118.15412283875048160552978515625">
        <ele>23.3999996185302734375</ele>
        <time>2026-08-10T13:15:40.000Z</time>
        <extensions>
          <ns3:TrackPointExtension>
            <ns3:hr>142</ns3:hr>
            <ns3:cad>89</ns3:cad>
          </ns3:TrackPointExtension>
        </extensions>
      </trkpt>
      <trkpt lat="24.5336818881332874298095703125" lon="118.1540994532406330108642578125">
        <ele>23.3999996185302734375</ele>
        <time>2026-08-10T13:15:41.000Z</time>
        <extensions>
          <ns3:TrackPointExtension>
            <ns3:hr>142</ns3:hr>
            <ns3:cad>89</ns3:cad>
          </ns3:TrackPointExtension>
        </extensions>
      </trkpt>
      <trkpt lat="24.5337045192718505859375" lon="118.154071457684040069580078125">
        <ele>23.3999996185302734375</ele>
        <time>2026-08-10T13:15:42.000Z</time>
        <extensions>
          <ns3:TrackPointExtension>
            <ns3:hr>142</ns3:hr>
            <ns3:cad>88</ns3:cad>
          </ns3:TrackPointExtension>
        </extensions>
      </trkpt>
      <trkpt lat="24.53371650539338588714599609375" lon="118.15404832363128662109375">
        <ele>23.3999996185302734375</ele>
        <time>2026-08-10T13:15:43.000Z</time>
        <extensions>
          <ns3:TrackPointExtension>
            <ns3:hr>142</ns3:hr>
            <ns3:cad>87</ns3:cad>
          </ns3:TrackPointExtension>
        </extensions>
      </trkpt>
      <trkpt lat="24.5337351970374584197998046875" lon="118.1540199927985668182373046875">
        <ele>23.3999996185302734375</ele>
        <time>2026-08-10T13:15:44.000Z</time>
        <extensions>
          <ns3:TrackPointExtension>
            <ns3:hr>142</ns3:hr>
            <ns3:cad>87</ns3:cad>
          </ns3:TrackPointExtension>
        </extensions>
      </trkpt>
      <trkpt lat="24.5337496139109134674072265625" lon="118.1539965234696865081787109375">
        <ele>23.6000003814697265625</ele>
        <time>2026-08-10T13:15:45.000Z</time>
        <extensions>
          <ns3:TrackPointExtension>
            <ns3:hr>142</ns3:hr>
            <ns3:cad>87</ns3:cad>
          </ns3:TrackPointExtension>
        </extensions>
      </trkpt>
      <trkpt lat="24.53376956284046173095703125" lon="118.1539745628833770751953125">
        <ele>23.6000003814697265625</ele>
        <time>2026-08-10T13:15:46.000Z</time>
        <extensions>
          <ns3:TrackPointExtension>
            <ns3:hr>142</ns3:hr>
            <ns3:cad>88</ns3:cad>
          </ns3:TrackPointExtension>
        </extensions>
      </trkpt>
      <trkpt lat="24.53379345126450061798095703125" lon="118.15395520068705081939697265625">
        <ele>23.6000003814697265625</ele>
        <time>2026-08-10T13:15:47.000Z</time>
        <extensions>
          <ns3:TrackPointExtension>
            <ns3:hr>143</ns3:hr>
            <ns3:cad>88</ns3:cad>
          </ns3:TrackPointExtension>
        </extensions>
      </trkpt>
      <trkpt lat="24.53381205908954143524169921875" lon="118.1539356708526611328125">
        <ele>23.6000003814697265625</ele>
        <time>2026-08-10T13:15:48.000Z</time>
        <extensions>
          <ns3:TrackPointExtension>
            <ns3:hr>142</ns3:hr>
            <ns3:cad>88</ns3:cad>
          </ns3:TrackPointExtension>
        </extensions>
      </trkpt>
      <trkpt lat="24.53383862972259521484375" lon="118.15392100252211093902587890625">
        <ele>23.3999996185302734375</ele>
        <time>2026-08-10T13:15:49.000Z</time>
        <extensions>
          <ns3:TrackPointExtension>
            <ns3:hr>142</ns3:hr>
            <ns3:cad>88</ns3:cad>
          </ns3:TrackPointExtension>
        </extensions>
      </trkpt>
      <trkpt lat="24.53385941684246063232421875" lon="118.153905831277370452880859375">
        <ele>23.3999996185302734375</ele>
        <time>2026-08-10T13:15:50.000Z</time>
        <extensions>
          <ns3:TrackPointExtension>
            <ns3:hr>143</ns3:hr>
            <ns3:cad>87</ns3:cad>
          </ns3:TrackPointExtension>
        </extensions>
      </trkpt>
      <trkpt lat="24.53389051370322704315185546875" lon="118.1538929231464862823486328125">
        <ele>23.3999996185302734375</ele>
        <time>2026-08-10T13:15:51.000Z</time>
        <extensions>
          <ns3:TrackPointExtension>
            <ns3:hr>143</ns3:hr>
            <ns3:cad>87</ns3:cad>
          </ns3:TrackPointExtension>
        </extensions>
      </trkpt>
      <trkpt lat="24.53390761278569698333740234375" lon="118.1538780033588409423828125">
        <ele>23.3999996185302734375</ele>
        <time>2026-08-10T13:15:52.000Z</time>
        <extensions>
          <ns3:TrackPointExtension>
            <ns3:hr>143</ns3:hr>
            <ns3:cad>87</ns3:cad>
          </ns3:TrackPointExtension>
        </extensions>
      </trkpt>
      <trkpt lat="24.53394097276031970977783203125" lon="118.1538647599518299102783203125">
        <ele>23.3999996185302734375</ele>
        <time>2026-08-10T13:15:53.000Z</time>
        <extensions>
          <ns3:TrackPointExtension>
            <ns3:hr>142</ns3:hr>
            <ns3:cad>87</ns3:cad>
          </ns3:TrackPointExtension>
        </extensions>
      </trkpt>
      <trkpt lat="24.53395941294729709625244140625" lon="118.1538496725261211395263671875">
        <ele>23.3999996185302734375</ele>
        <time>2026-08-10T13:15:54.000Z</time>
        <extensions>
          <ns3:TrackPointExtension>
            <ns3:hr>143</ns3:hr>
            <ns3:cad>88</ns3:cad>
          </ns3:TrackPointExtension>
        </extensions>
      </trkpt>
      <trkpt lat="24.53399327583611011505126953125" lon="118.15383500419557094573974609375">
        <ele>23.3999996185302734375</ele>
        <time>2026-08-10T13:15:55.000Z</time>
        <extensions>
          <ns3:TrackPointExtension>
            <ns3:hr>143</ns3:hr>
            <ns3:cad>88</ns3:cad>
          </ns3:TrackPointExtension>
        </extensions>
      </trkpt>
      <trkpt lat="24.5340174995362758636474609375" lon="118.15382762812077999114990234375">
        <ele>23.3999996185302734375</ele>
        <time>2026-08-10T13:15:56.000Z</time>
        <extensions>
          <ns3:TrackPointExtension>
            <ns3:hr>142</ns3:hr>
            <ns3:cad>88</ns3:cad>
          </ns3:TrackPointExtension>
        </extensions>
      </trkpt>
      <trkpt lat="24.5340473391115665435791015625" lon="118.15381337888538837432861328125">
        <ele>23.3999996185302734375</ele>
        <time>2026-08-10T13:15:57.000Z</time>
        <extensions>
          <ns3:TrackPointExtension>
            <ns3:hr>143</ns3:hr>
            <ns3:cad>88</ns3:cad>
          </ns3:TrackPointExtension>
        </extensions>
      </trkpt>
      <trkpt lat="24.53407575376331806182861328125" lon="118.1538070924580097198486328125">
        <ele>23.3999996185302734375</ele>
        <time>2026-08-10T13:15:58.000Z</time>
        <extensions>
          <ns3:TrackPointExtension>
            <ns3:hr>143</ns3:hr>
            <ns3:cad>87</ns3:cad>
          </ns3:TrackPointExtension>
        </extensions>
      </trkpt>
      <trkpt lat="24.53410257585346698760986328125" lon="118.15379644744098186492919921875">
        <ele>23.3999996185302734375</ele>
        <time>2026-08-10T13:15:59.000Z</time>
        <extensions>
          <ns3:TrackPointExtension>
            <ns3:hr>143</ns3:hr>
            <ns3:cad>87</ns3:cad>
          </ns3:TrackPointExtension>
        </extensions>
      </trkpt>
      <trkpt lat="24.53413660638034343719482421875" lon="118.15379292704164981842041015625">
        <ele>23.3999996185302734375</ele>
        <time>2026-08-10T13:16:00.000Z</time>
        <extensions>
          <ns3:TrackPointExtension>
            <ns3:hr>143</ns3:hr>
            <ns3:cad>87</ns3:cad>
          </ns3:TrackPointExtension>
        </extensions>
      </trkpt>
      <trkpt lat="24.5341573096811771392822265625" lon="118.15378387458622455596923828125">
        <ele>23.3999996185302734375</ele>
        <time>2026-08-10T13:16:01.000Z</time>
        <extensions>
          <ns3:TrackPointExtension>
            <ns3:hr>144</ns3:hr>
            <ns3:cad>86</ns3:cad>
          </ns3:TrackPointExtension>
        </extensions>
      </trkpt>
      <trkpt lat="24.53419025056064128875732421875" lon="118.1537799350917339324951171875">
        <ele>23.3999996185302734375</ele>
        <time>2026-08-10T13:16:02.000Z</time>
        <extensions>
          <ns3:TrackPointExtension>
            <ns3:hr>144</ns3:hr>
            <ns3:cad>87</ns3:cad>
          </ns3:TrackPointExtension>
        </extensions>
      </trkpt>
      <trkpt lat="24.5342106185853481292724609375" lon="118.1537682004272937774658203125">
        <ele>23.3999996185302734375</ele>
        <time>2026-08-10T13:16:03.000Z</time>
        <extensions>
          <ns3:TrackPointExtension>
            <ns3:hr>144</ns3:hr>
            <ns3:cad>87</ns3:cad>
          </ns3:TrackPointExtension>
        </extensions>
      </trkpt>
      <trkpt lat="24.53424288891255855560302734375" lon="118.1537680327892303466796875">
        <ele>23.3999996185302734375</ele>
        <time>2026-08-10T13:16:04.000Z</time>
        <extensions>
          <ns3:TrackPointExtension>
            <ns3:hr>144</ns3:hr>
            <ns3:cad>87</ns3:cad>
          </ns3:TrackPointExtension>
        </extensions>
      </trkpt>
      <trkpt lat="24.5342669449746608734130859375" lon="118.1537645123898983001708984375">
        <ele>23.3999996185302734375</ele>
        <time>2026-08-10T13:16:05.000Z</time>
        <extensions>
          <ns3:TrackPointExtension>
            <ns3:hr>144</ns3:hr>
            <ns3:cad>87</ns3:cad>
          </ns3:TrackPointExtension>
        </extensions>
      </trkpt>
      <trkpt lat="24.53430198132991790771484375" lon="118.15376878716051578521728515625">
        <ele>23.3999996185302734375</ele>
        <time>2026-08-10T13:16:06.000Z</time>
        <extensions>
          <ns3:TrackPointExtension>
            <ns3:hr>144</ns3:hr>
            <ns3:cad>87</ns3:cad>
          </ns3:TrackPointExtension>
        </extensions>
      </trkpt>
      <trkpt lat="24.534324444830417633056640625" lon="118.1537688709795475006103515625">
        <ele>23.3999996185302734375</ele>
        <time>2026-08-10T13:16:07.000Z</time>
        <extensions>
          <ns3:TrackPointExtension>
            <ns3:hr>144</ns3:hr>
            <ns3:cad>87</ns3:cad>
          </ns3:TrackPointExtension>
        </extensions>
      </trkpt>
      <trkpt lat="24.53435738570988178253173828125" lon="118.1537688709795475006103515625">
        <ele>23.3999996185302734375</ele>
        <time>2026-08-10T13:16:08.000Z</time>
        <extensions>
          <ns3:TrackPointExtension>
            <ns3:hr>144</ns3:hr>
            <ns3:cad>87</ns3:cad>
          </ns3:TrackPointExtension>
        </extensions>
      </trkpt>
      <trkpt lat="24.53438236378133296966552734375" lon="118.153770379722118377685546875">
        <ele>23.200000762939453125</ele>
        <time>2026-08-10T13:16:09.000Z</time>
        <extensions>
          <ns3:TrackPointExtension>
            <ns3:hr>144</ns3:hr>
            <ns3:cad>87</ns3:cad>
          </ns3:TrackPointExtension>
        </extensions>
      </trkpt>
      <trkpt lat="24.5344114489853382110595703125" lon="118.153767697513103485107421875">
        <ele>23.200000762939453125</ele>
        <time>2026-08-10T13:16:10.000Z</time>
        <extensions>
          <ns3:TrackPointExtension>
            <ns3:hr>144</ns3:hr>
            <ns3:cad>87</ns3:cad>
          </ns3:TrackPointExtension>
        </extensions>
      </trkpt>
      <trkpt lat="24.5344407856464385986328125" lon="118.15377281047403812408447265625">
        <ele>23.200000762939453125</ele>
        <time>2026-08-10T13:16:11.000Z</time>
        <extensions>
          <ns3:TrackPointExtension>
            <ns3:hr>144</ns3:hr>
            <ns3:cad>89</ns3:cad>
          </ns3:TrackPointExtension>
        </extensions>
      </trkpt>
      <trkpt lat="24.53446685336530208587646484375" lon="118.15377314575016498565673828125">
        <ele>23.200000762939453125</ele>
        <time>2026-08-10T13:16:12.000Z</time>
        <extensions>
          <ns3:TrackPointExtension>
            <ns3:hr>144</ns3:hr>
            <ns3:cad>89</ns3:cad>
          </ns3:TrackPointExtension>
        </extensions>
      </trkpt>
      <trkpt lat="24.53449820168316364288330078125" lon="118.15378077328205108642578125">
        <ele>23.200000762939453125</ele>
        <time>2026-08-10T13:16:13.000Z</time>
        <extensions>
          <ns3:TrackPointExtension>
            <ns3:hr>145</ns3:hr>
            <ns3:cad>89</ns3:cad>
          </ns3:TrackPointExtension>
        </extensions>
      </trkpt>
      <trkpt lat="24.53452049754559993743896484375" lon="118.1537782587110996246337890625">
        <ele>23.200000762939453125</ele>
        <time>2026-08-10T13:16:14.000Z</time>
        <extensions>
          <ns3:TrackPointExtension>
            <ns3:hr>144</ns3:hr>
            <ns3:cad>87</ns3:cad>
          </ns3:TrackPointExtension>
        </extensions>
      </trkpt>
      <trkpt lat="24.534554444253444671630859375" lon="118.15378119237720966339111328125">
        <ele>23.200000762939453125</ele>
        <time>2026-08-10T13:16:15.000Z</time>
        <extensions>
          <ns3:TrackPointExtension>
            <ns3:hr>144</ns3:hr>
            <ns3:cad>87</ns3:cad>
          </ns3:TrackPointExtension>
        </extensions>
      </trkpt>
      <trkpt lat="24.53457481227815151214599609375" lon="118.15377716906368732452392578125">
        <ele>23.200000762939453125</ele>
        <time>2026-08-10T13:16:16.000Z</time>
        <extensions>
          <ns3:TrackPointExtension>
            <ns3:hr>144</ns3:hr>
            <ns3:cad>87</ns3:cad>
          </ns3:TrackPointExtension>
        </extensions>
      </trkpt>
      <trkpt lat="24.53461068682372570037841796875" lon="118.15378052182495594024658203125">
        <ele>23.200000762939453125</ele>
        <time>2026-08-10T13:16:17.000Z</time>
        <extensions>
          <ns3:TrackPointExtension>
            <ns3:hr>143</ns3:hr>
            <ns3:cad>87</ns3:cad>
          </ns3:TrackPointExtension>
        </extensions>
      </trkpt>
      <trkpt lat="24.53463382087647914886474609375" lon="118.15377566032111644744873046875">
        <ele>23</ele>
        <time>2026-08-10T13:16:18.000Z</time>
        <extensions>
          <ns3:TrackPointExtension>
            <ns3:hr>143</ns3:hr>
            <ns3:cad>88</ns3:cad>
          </ns3:TrackPointExtension>
        </extensions>
      </trkpt>
      <trkpt lat="24.53466542065143585205078125" lon="118.153777755796909332275390625">
        <ele>23</ele>
        <time>2026-08-10T13:16:19.000Z</time>
        <extensions>
          <ns3:TrackPointExtension>
            <ns3:hr>143</ns3:hr>
            <ns3:cad>88</ns3:cad>
          </ns3:TrackPointExtension>
        </extensions>
      </trkpt>
      <trkpt lat="24.53468796797096729278564453125" lon="118.15377540886402130126953125">
        <ele>23.200000762939453125</ele>
        <time>2026-08-10T13:16:20.000Z</time>
        <extensions>
          <ns3:TrackPointExtension>
            <ns3:hr>139</ns3:hr>
            <ns3:cad>88</ns3:cad>
          </ns3:TrackPointExtension>
        </extensions>
      </trkpt>
      <trkpt lat="24.5347185619175434112548828125" lon="118.15376996062695980072021484375">
        <ele>23.200000762939453125</ele>
        <time>2026-08-10T13:16:21.000Z</time>
        <extensions>
          <ns3:TrackPointExtension>
            <ns3:hr>133</ns3:hr>
            <ns3:cad>88</ns3:cad>
          </ns3:TrackPointExtension>
        </extensions>
      </trkpt>
      <trkpt lat="24.5347470603883266448974609375" lon="118.1537661887705326080322265625">
        <ele>23.200000762939453125</ele>
        <time>2026-08-10T13:16:22.000Z</time>
        <extensions>
          <ns3:TrackPointExtension>
            <ns3:hr>132</ns3:hr>
            <ns3:cad>87</ns3:cad>
          </ns3:TrackPointExtension>
        </extensions>
      </trkpt>
      <trkpt lat="24.53477597795426845550537109375" lon="118.1537604890763759613037109375">
        <ele>23.200000762939453125</ele>
        <time>2026-08-10T13:16:23.000Z</time>
        <extensions>
          <ns3:TrackPointExtension>
            <ns3:hr>132</ns3:hr>
            <ns3:cad>87</ns3:cad>
          </ns3:TrackPointExtension>
        </extensions>
      </trkpt>
      <trkpt lat="24.53480950556695461273193359375" lon="118.15376141108572483062744140625">
        <ele>23</ele>
        <time>2026-08-10T13:16:24.000Z</time>
        <extensions>
          <ns3:TrackPointExtension>
            <ns3:hr>132</ns3:hr>
            <ns3:cad>87</ns3:cad>
          </ns3:TrackPointExtension>
        </extensions>
      </trkpt>
      <trkpt lat="24.53483331017196178436279296875" lon="118.15375185571610927581787109375">
        <ele>23</ele>
        <time>2026-08-10T13:16:25.000Z</time>
        <extensions>
          <ns3:TrackPointExtension>
            <ns3:hr>132</ns3:hr>
            <ns3:cad>88</ns3:cad>
          </ns3:TrackPointExtension>
        </extensions>
      </trkpt>
      <trkpt lat="24.53486935235559940338134765625" lon="118.1537470780313014984130859375">
        <ele>23</ele>
        <time>2026-08-10T13:16:26.000Z</time>
        <extensions>
          <ns3:TrackPointExtension>
            <ns3:hr>132</ns3:hr>
            <ns3:cad>88</ns3:cad>
          </ns3:TrackPointExtension>
        </extensions>
      </trkpt>
      <trkpt lat="24.5348908938467502593994140625" lon="118.15373408608138561248779296875">
        <ele>23</ele>
        <time>2026-08-10T13:16:27.000Z</time>
        <extensions>
          <ns3:TrackPointExtension>
            <ns3:hr>132</ns3:hr>
            <ns3:cad>88</ns3:cad>
          </ns3:TrackPointExtension>
        </extensions>
      </trkpt>
      <trkpt lat="24.5349250920116901397705078125" lon="118.1537283025681972503662109375">
        <ele>23</ele>
        <time>2026-08-10T13:16:28.000Z</time>
        <extensions>
          <ns3:TrackPointExtension>
            <ns3:hr>134</ns3:hr>
            <ns3:cad>88</ns3:cad>
          </ns3:TrackPointExtension>
        </extensions>
      </trkpt>
      <trkpt lat="24.5349415205419063568115234375" lon="118.15371698699891567230224609375">
        <ele>23</ele>
        <time>2026-08-10T13:16:29.000Z</time>
        <extensions>
          <ns3:TrackPointExtension>
            <ns3:hr>140</ns3:hr>
            <ns3:cad>88</ns3:cad>
          </ns3:TrackPointExtension>
        </extensions>
      </trkpt>
      <trkpt lat="24.53497161157429218292236328125" lon="118.153707683086395263671875">
        <ele>23</ele>
        <time>2026-08-10T13:16:30.000Z</time>
        <extensions>
          <ns3:TrackPointExtension>
            <ns3:hr>142</ns3:hr>
            <ns3:cad>87</ns3:cad>
          </ns3:TrackPointExtension>
        </extensions>
      </trkpt>
      <trkpt lat="24.53499340452253818511962890625" lon="118.15370089374482631683349609375">
        <ele>23</ele>
        <time>2026-08-10T13:16:31.000Z</time>
        <extensions>
          <ns3:TrackPointExtension>
            <ns3:hr>143</ns3:hr>
            <ns3:cad>87</ns3:cad>
          </ns3:TrackPointExtension>
        </extensions>
      </trkpt>
      <trkpt lat="24.53502140007913112640380859375" lon="118.15368882380425930023193359375">
        <ele>23</ele>
        <time>2026-08-10T13:16:32.000Z</time>
        <extensions>
          <ns3:TrackPointExtension>
            <ns3:hr>143</ns3:hr>
            <ns3:cad>87</ns3:cad>
          </ns3:TrackPointExtension>
        </extensions>
      </trkpt>
      <trkpt lat="24.53504453413188457489013671875" lon="118.1536776758730411529541015625">
        <ele>23</ele>
        <time>2026-08-10T13:16:33.000Z</time>
        <extensions>
          <ns3:TrackPointExtension>
            <ns3:hr>144</ns3:hr>
            <ns3:cad>87</ns3:cad>
          </ns3:TrackPointExtension>
        </extensions>
      </trkpt>
      <trkpt lat="24.5350689254701137542724609375" lon="118.153662420809268951416015625">
        <ele>23</ele>
        <time>2026-08-10T13:16:34.000Z</time>
        <extensions>
          <ns3:TrackPointExtension>
            <ns3:hr>144</ns3:hr>
            <ns3:cad>88</ns3:cad>
          </ns3:TrackPointExtension>
        </extensions>
      </trkpt>
      <trkpt lat="24.53509801067411899566650390625" lon="118.15365093760192394256591796875">
        <ele>23</ele>
        <time>2026-08-10T13:16:35.000Z</time>
        <extensions>
          <ns3:TrackPointExtension>
            <ns3:hr>145</ns3:hr>
            <ns3:cad>88</ns3:cad>
          </ns3:TrackPointExtension>
        </extensions>
      </trkpt>
      <trkpt lat="24.5351165346801280975341796875" lon="118.15363702364265918731689453125">
        <ele>23</ele>
        <time>2026-08-10T13:16:36.000Z</time>
        <extensions>
          <ns3:TrackPointExtension>
            <ns3:hr>145</ns3:hr>
            <ns3:cad>88</ns3:cad>
          </ns3:TrackPointExtension>
        </extensions>
      </trkpt>
      <trkpt lat="24.535147212445735931396484375" lon="118.15362176857888698577880859375">
        <ele>23</ele>
        <time>2026-08-10T13:16:37.000Z</time>
        <extensions>
          <ns3:TrackPointExtension>
            <ns3:hr>146</ns3:hr>
            <ns3:cad>88</ns3:cad>
          </ns3:TrackPointExtension>
        </extensions>
      </trkpt>
      <trkpt lat="24.5351624675095081329345703125" lon="118.15360735170543193817138671875">
        <ele>23</ele>
        <time>2026-08-10T13:16:38.000Z</time>
        <extensions>
          <ns3:TrackPointExtension>
            <ns3:hr>146</ns3:hr>
            <ns3:cad>87</ns3:cad>
          </ns3:TrackPointExtension>
        </extensions>
      </trkpt>
      <trkpt lat="24.53519046306610107421875" lon="118.1535871513187885284423828125">
        <ele>23.200000762939453125</ele>
        <time>2026-08-10T13:16:39.000Z</time>
        <extensions>
          <ns3:TrackPointExtension>
            <ns3:hr>147</ns3:hr>
            <ns3:cad>87</ns3:cad>
          </ns3:TrackPointExtension>
        </extensions>
      </trkpt>
      <trkpt lat="24.53520362265408039093017578125" lon="118.15356829203665256500244140625">
        <ele>23</ele>
        <time>2026-08-10T13:16:40.000Z</time>
        <extensions>
          <ns3:TrackPointExtension>
            <ns3:hr>147</ns3:hr>
            <ns3:cad>86</ns3:cad>
          </ns3:TrackPointExtension>
        </extensions>
      </trkpt>
      <trkpt lat="24.53523010946810245513916015625" lon="118.15354314632713794708251953125">
        <ele>23</ele>
        <time>2026-08-10T13:16:41.000Z</time>
        <extensions>
          <ns3:TrackPointExtension>
            <ns3:hr>147</ns3:hr>
            <ns3:cad>86</ns3:cad>
          </ns3:TrackPointExtension>
        </extensions>
      </trkpt>
      <trkpt lat="24.53524620272219181060791015625" lon="118.1535231135785579681396484375">
        <ele>22.799999237060546875</ele>
        <time>2026-08-10T13:16:42.000Z</time>
        <extensions>
          <ns3:TrackPointExtension>
            <ns3:hr>148</ns3:hr>
            <ns3:cad>88</ns3:cad>
          </ns3:TrackPointExtension>
        </extensions>
      </trkpt>
      <trkpt lat="24.5352704264223575592041015625" lon="118.15349939279258251190185546875">
        <ele>22.799999237060546875</ele>
        <time>2026-08-10T13:16:43.000Z</time>
        <extensions>
          <ns3:TrackPointExtension>
            <ns3:hr>148</ns3:hr>
            <ns3:cad>88</ns3:cad>
          </ns3:TrackPointExtension>
        </extensions>
      </trkpt>
      <trkpt lat="24.53529037535190582275390625" lon="118.1534783542156219482421875">
        <ele>22.799999237060546875</ele>
        <time>2026-08-10T13:16:44.000Z</time>
        <extensions>
          <ns3:TrackPointExtension>
            <ns3:hr>148</ns3:hr>
            <ns3:cad>88</ns3:cad>
          </ns3:TrackPointExtension>
        </extensions>
      </trkpt>
      <trkpt lat="24.535312838852405548095703125" lon="118.153461255133152008056640625">
        <ele>22.799999237060546875</ele>
        <time>2026-08-10T13:16:45.000Z</time>
        <extensions>
          <ns3:TrackPointExtension>
            <ns3:hr>148</ns3:hr>
            <ns3:cad>87</ns3:cad>
          </ns3:TrackPointExtension>
        </extensions>
      </trkpt>
      <trkpt lat="24.53533421270549297332763671875" lon="118.1534434854984283447265625">
        <ele>22.799999237060546875</ele>
        <time>2026-08-10T13:16:46.000Z</time>
        <extensions>
          <ns3:TrackPointExtension>
            <ns3:hr>148</ns3:hr>
            <ns3:cad>87</ns3:cad>
          </ns3:TrackPointExtension>
        </extensions>
      </trkpt>
      <trkpt lat="24.53535265289247035980224609375" lon="118.15342663787305355072021484375">
        <ele>22.799999237060546875</ele>
        <time>2026-08-10T13:16:47.000Z</time>
        <extensions>
          <ns3:TrackPointExtension>
            <ns3:hr>148</ns3:hr>
            <ns3:cad>87</ns3:cad>
          </ns3:TrackPointExtension>
        </extensions>
      </trkpt>
      <trkpt lat="24.5353746972978115081787109375" lon="118.15340585075318813323974609375">
        <ele>22.799999237060546875</ele>
        <time>2026-08-10T13:16:48.000Z</time>
        <extensions>
          <ns3:TrackPointExtension>
            <ns3:hr>148</ns3:hr>
            <ns3:cad>87</ns3:cad>
          </ns3:TrackPointExtension>
        </extensions>
      </trkpt>
      <trkpt lat="24.53539087437093257904052734375" lon="118.15338556654751300811767578125">
        <ele>22.799999237060546875</ele>
        <time>2026-08-10T13:16:49.000Z</time>
        <extensions>
          <ns3:TrackPointExtension>
            <ns3:hr>148</ns3:hr>
            <ns3:cad>88</ns3:cad>
          </ns3:TrackPointExtension>
        </extensions>
      </trkpt>
      <trkpt lat="24.5354162715375423431396484375" lon="118.153365366160869598388671875">
        <ele>22.799999237060546875</ele>
        <time>2026-08-10T13:16:50.000Z</time>
        <extensions>
          <ns3:TrackPointExtension>
            <ns3:hr>148</ns3:hr>
            <ns3:cad>88</ns3:cad>
          </ns3:TrackPointExtension>
        </extensions>
      </trkpt>
      <trkpt lat="24.535428173840045928955078125" lon="118.1533464230597019195556640625">
        <ele>23</ele>
        <time>2026-08-10T13:16:51.000Z</time>
        <extensions>
          <ns3:TrackPointExtension>
            <ns3:hr>148</ns3:hr>
            <ns3:cad>88</ns3:cad>
          </ns3:TrackPointExtension>
        </extensions>
      </trkpt>
      <trkpt lat="24.5354519784450531005859375" lon="118.153319098055362701416015625">
        <ele>23</ele>
        <time>2026-08-10T13:16:52.000Z</time>
        <extensions>
          <ns3:TrackPointExtension>
            <ns3:hr>147</ns3:hr>
            <ns3:cad>88</ns3:cad>
          </ns3:TrackPointExtension>
        </extensions>
      </trkpt>
      <trkpt lat="24.535467065870761871337890625" lon="118.15329973585903644561767578125">
        <ele>23</ele>
        <time>2026-08-10T13:16:53.000Z</time>
        <extensions>
          <ns3:TrackPointExtension>
            <ns3:hr>147</ns3:hr>
            <ns3:cad>87</ns3:cad>
          </ns3:TrackPointExtension>
        </extensions>
      </trkpt>
      <trkpt lat="24.5354930497705936431884765625" lon="118.15327928401529788970947265625">
        <ele>23</ele>
        <time>2026-08-10T13:16:54.000Z</time>
        <extensions>
          <ns3:TrackPointExtension>
            <ns3:hr>147</ns3:hr>
            <ns3:cad>87</ns3:cad>
          </ns3:TrackPointExtension>
        </extensions>
      </trkpt>
      <trkpt lat="24.5355124957859516143798828125" lon="118.15326168201863765716552734375">
        <ele>23</ele>
        <time>2026-08-10T13:16:55.000Z</time>
        <extensions>
          <ns3:TrackPointExtension>
            <ns3:hr>147</ns3:hr>
            <ns3:cad>87</ns3:cad>
          </ns3:TrackPointExtension>
        </extensions>
      </trkpt>
      <trkpt lat="24.53553252853453159332275390625" lon="118.153235614299774169921875">
        <ele>23</ele>
        <time>2026-08-10T13:16:56.000Z</time>
        <extensions>
          <ns3:TrackPointExtension>
            <ns3:hr>147</ns3:hr>
            <ns3:cad>88</ns3:cad>
          </ns3:TrackPointExtension>
        </extensions>
      </trkpt>
      <trkpt lat="24.53554912470281124114990234375" lon="118.15321155823767185211181640625">
        <ele>23</ele>
        <time>2026-08-10T13:16:57.000Z</time>
        <extensions>
          <ns3:TrackPointExtension>
            <ns3:hr>146</ns3:hr>
            <ns3:cad>88</ns3:cad>
          </ns3:TrackPointExtension>
        </extensions>
      </trkpt>
      <trkpt lat="24.53556572087109088897705078125" lon="118.1531871668994426727294921875">
        <ele>22.799999237060546875</ele>
        <time>2026-08-10T13:16:58.000Z</time>
        <extensions>
          <ns3:TrackPointExtension>
            <ns3:hr>146</ns3:hr>
            <ns3:cad>88</ns3:cad>
          </ns3:TrackPointExtension>
        </extensions>
      </trkpt>
      <trkpt lat="24.5355916209518909454345703125" lon="118.15316931344568729400634765625">
        <ele>22.799999237060546875</ele>
        <time>2026-08-10T13:16:59.000Z</time>
        <extensions>
          <ns3:TrackPointExtension>
            <ns3:hr>146</ns3:hr>
            <ns3:cad>88</ns3:cad>
          </ns3:TrackPointExtension>
        </extensions>
      </trkpt>
      <trkpt lat="24.5356097258627414703369140625" lon="118.15315020270645618438720703125">
        <ele>22.799999237060546875</ele>
        <time>2026-08-10T13:17:00.000Z</time>
        <extensions>
          <ns3:TrackPointExtension>
            <ns3:hr>146</ns3:hr>
            <ns3:cad>88</ns3:cad>
          </ns3:TrackPointExtension>
        </extensions>
      </trkpt>
      <trkpt lat="24.535642080008983612060546875" lon="118.15315221436321735382080078125">
        <ele>22.799999237060546875</ele>
        <time>2026-08-10T13:17:01.000Z</time>
        <extensions>
          <ns3:TrackPointExtension>
            <ns3:hr>146</ns3:hr>
            <ns3:cad>87</ns3:cad>
          </ns3:TrackPointExtension>
        </extensions>
      </trkpt>
      <trkpt lat="24.53566580079495906829833984375" lon="118.153146095573902130126953125">
        <ele>22.799999237060546875</ele>
        <time>2026-08-10T13:17:02.000Z</time>
        <extensions>
          <ns3:TrackPointExtension>
            <ns3:hr>146</ns3:hr>
            <ns3:cad>87</ns3:cad>
          </ns3:TrackPointExtension>
        </extensions>
      </trkpt>
      <trkpt lat="24.53569849021732807159423828125" lon="118.15316193737089633941650390625">
        <ele>22.799999237060546875</ele>
        <time>2026-08-10T13:17:03.000Z</time>
        <extensions>
          <ns3:TrackPointExtension>
            <ns3:hr>145</ns3:hr>
            <ns3:cad>87</ns3:cad>
          </ns3:TrackPointExtension>
        </extensions>
      </trkpt>
      <trkpt lat="24.53572086989879608154296875" lon="118.15316931344568729400634765625">
        <ele>22.799999237060546875</ele>
        <time>2026-08-10T13:17:04.000Z</time>
        <extensions>
          <ns3:TrackPointExtension>
            <ns3:hr>146</ns3:hr>
            <ns3:cad>88</ns3:cad>
          </ns3:TrackPointExtension>
        </extensions>
      </trkpt>
      <trkpt lat="24.53574903309345245361328125" lon="118.1531898491084575653076171875">
        <ele>22.799999237060546875</ele>
        <time>2026-08-10T13:17:05.000Z</time>
        <extensions>
          <ns3:TrackPointExtension>
            <ns3:hr>145</ns3:hr>
            <ns3:cad>88</ns3:cad>
          </ns3:TrackPointExtension>
        </extensions>
      </trkpt>
      <trkpt lat="24.53576571308076381683349609375" lon="118.15320099703967571258544921875">
        <ele>22.799999237060546875</ele>
        <time>2026-08-10T13:17:06.000Z</time>
        <extensions>
          <ns3:TrackPointExtension>
            <ns3:hr>145</ns3:hr>
            <ns3:cad>88</ns3:cad>
          </ns3:TrackPointExtension>
        </extensions>
      </trkpt>
      <trkpt lat="24.53579328954219818115234375" lon="118.15322346054017543792724609375">
        <ele>22.799999237060546875</ele>
        <time>2026-08-10T13:17:07.000Z</time>
        <extensions>
          <ns3:TrackPointExtension>
            <ns3:hr>145</ns3:hr>
            <ns3:cad>88</ns3:cad>
          </ns3:TrackPointExtension>
        </extensions>
      </trkpt>
      <trkpt lat="24.5358108915388584136962890625" lon="118.15324106253683567047119140625">
        <ele>23</ele>
        <time>2026-08-10T13:17:08.000Z</time>
        <extensions>
          <ns3:TrackPointExtension>
            <ns3:hr>146</ns3:hr>
            <ns3:cad>88</ns3:cad>
          </ns3:TrackPointExtension>
        </extensions>
      </trkpt>
      <trkpt lat="24.5358360372483730316162109375" lon="118.15325765870511531829833984375">
        <ele>23</ele>
        <time>2026-08-10T13:17:09.000Z</time>
        <extensions>
          <ns3:TrackPointExtension>
            <ns3:hr>145</ns3:hr>
            <ns3:cad>87</ns3:cad>
          </ns3:TrackPointExtension>
        </extensions>
      </trkpt>
      <trkpt lat="24.5358558185398578643798828125" lon="118.15327676944434642791748046875">
        <ele>23</ele>
        <time>2026-08-10T13:17:10.000Z</time>
        <extensions>
          <ns3:TrackPointExtension>
            <ns3:hr>145</ns3:hr>
            <ns3:cad>87</ns3:cad>
          </ns3:TrackPointExtension>
        </extensions>
      </trkpt>
      <trkpt lat="24.53587836585938930511474609375" lon="118.15329135395586490631103515625">
        <ele>23</ele>
        <time>2026-08-10T13:17:11.000Z</time>
        <extensions>
          <ns3:TrackPointExtension>
            <ns3:hr>146</ns3:hr>
            <ns3:cad>87</ns3:cad>
          </ns3:TrackPointExtension>
        </extensions>
      </trkpt>
      <trkpt lat="24.53590585850179195404052734375" lon="118.15330895595252513885498046875">
        <ele>23</ele>
        <time>2026-08-10T13:17:12.000Z</time>
        <extensions>
          <ns3:TrackPointExtension>
            <ns3:hr>145</ns3:hr>
            <ns3:cad>88</ns3:cad>
          </ns3:TrackPointExtension>
        </extensions>
      </trkpt>
      <trkpt lat="24.53593167476356029510498046875" lon="118.15331733785569667816162109375">
        <ele>23</ele>
        <time>2026-08-10T13:17:13.000Z</time>
        <extensions>
          <ns3:TrackPointExtension>
            <ns3:hr>145</ns3:hr>
            <ns3:cad>88</ns3:cad>
          </ns3:TrackPointExtension>
        </extensions>
      </trkpt>
      <trkpt lat="24.535959921777248382568359375" lon="118.1533383764326572418212890625">
        <ele>23</ele>
        <time>2026-08-10T13:17:14.000Z</time>
        <extensions>
          <ns3:TrackPointExtension>
            <ns3:hr>146</ns3:hr>
            <ns3:cad>88</ns3:cad>
          </ns3:TrackPointExtension>
        </extensions>
      </trkpt>
      <trkpt lat="24.5359795354306697845458984375" lon="118.15334415994584560394287109375">
        <ele>23</ele>
        <time>2026-08-10T13:17:15.000Z</time>
        <extensions>
          <ns3:TrackPointExtension>
            <ns3:hr>145</ns3:hr>
            <ns3:cad>88</ns3:cad>
          </ns3:TrackPointExtension>
        </extensions>
      </trkpt>
      <trkpt lat="24.53600560314953327178955078125" lon="118.15336234867572784423828125">
        <ele>23</ele>
        <time>2026-08-10T13:17:16.000Z</time>
        <extensions>
          <ns3:TrackPointExtension>
            <ns3:hr>145</ns3:hr>
            <ns3:cad>88</ns3:cad>
          </ns3:TrackPointExtension>
        </extensions>
      </trkpt>
      <trkpt lat="24.5360232889652252197265625" lon="118.1533719040453433990478515625">
        <ele>23</ele>
        <time>2026-08-10T13:17:17.000Z</time>
        <extensions>
          <ns3:TrackPointExtension>
            <ns3:hr>146</ns3:hr>
            <ns3:cad>87</ns3:cad>
          </ns3:TrackPointExtension>
        </extensions>
      </trkpt>
      <trkpt lat="24.536054134368896484375" lon="118.153393529355525970458984375">
        <ele>23</ele>
        <time>2026-08-10T13:17:18.000Z</time>
        <extensions>
          <ns3:TrackPointExtension>
            <ns3:hr>145</ns3:hr>
            <ns3:cad>87</ns3:cad>
          </ns3:TrackPointExtension>
        </extensions>
      </trkpt>
      <trkpt lat="24.53607802279293537139892578125" lon="118.15340970642864704132080078125">
        <ele>23</ele>
        <time>2026-08-10T13:17:19.000Z</time>
        <extensions>
          <ns3:TrackPointExtension>
            <ns3:hr>145</ns3:hr>
            <ns3:cad>87</ns3:cad>
          </ns3:TrackPointExtension>
        </extensions>
      </trkpt>
      <trkpt lat="24.536108784377574920654296875" lon="118.15342546440660953521728515625">
        <ele>23</ele>
        <time>2026-08-10T13:17:20.000Z</time>
        <extensions>
          <ns3:TrackPointExtension>
            <ns3:hr>146</ns3:hr>
            <ns3:cad>87</ns3:cad>
          </ns3:TrackPointExtension>
        </extensions>
      </trkpt>
      <trkpt lat="24.53613116405904293060302734375" lon="118.153441809117794036865234375">
        <ele>23</ele>
        <time>2026-08-10T13:17:21.000Z</time>
        <extensions>
          <ns3:TrackPointExtension>
            <ns3:hr>146</ns3:hr>
            <ns3:cad>88</ns3:cad>
          </ns3:TrackPointExtension>
        </extensions>
      </trkpt>
      <trkpt lat="24.5361582376062870025634765625" lon="118.15345563925802707672119140625">
        <ele>23</ele>
        <time>2026-08-10T13:17:22.000Z</time>
        <extensions>
          <ns3:TrackPointExtension>
            <ns3:hr>145</ns3:hr>
            <ns3:cad>88</ns3:cad>
          </ns3:TrackPointExtension>
        </extensions>
      </trkpt>
      <trkpt lat="24.53617994673550128936767578125" lon="118.15347340889275074005126953125">
        <ele>23.200000762939453125</ele>
        <time>2026-08-10T13:17:23.000Z</time>
        <extensions>
          <ns3:TrackPointExtension>
            <ns3:hr>145</ns3:hr>
            <ns3:cad>88</ns3:cad>
          </ns3:TrackPointExtension>
        </extensions>
      </trkpt>
      <trkpt lat="24.536205343902111053466796875" lon="118.153486736118793487548828125">
        <ele>23.200000762939453125</ele>
        <time>2026-08-10T13:17:24.000Z</time>
        <extensions>
          <ns3:TrackPointExtension>
            <ns3:hr>145</ns3:hr>
            <ns3:cad>88</ns3:cad>
          </ns3:TrackPointExtension>
        </extensions>
      </trkpt>
      <trkpt lat="24.5362298190593719482421875" lon="118.15351045690476894378662109375">
        <ele>23.200000762939453125</ele>
        <time>2026-08-10T13:17:25.000Z</time>
        <extensions>
          <ns3:TrackPointExtension>
            <ns3:hr>146</ns3:hr>
            <ns3:cad>87</ns3:cad>
          </ns3:TrackPointExtension>
        </extensions>
      </trkpt>
      <trkpt lat="24.53625052236020565032958984375" lon="118.1535211019217967987060546875">
        <ele>23.200000762939453125</ele>
        <time>2026-08-10T13:17:26.000Z</time>
        <extensions>
          <ns3:TrackPointExtension>
            <ns3:hr>146</ns3:hr>
            <ns3:cad>87</ns3:cad>
          </ns3:TrackPointExtension>
        </extensions>
      </trkpt>
      <trkpt lat="24.53628203831613063812255859375" lon="118.1535398773849010467529296875">
        <ele>23.200000762939453125</ele>
        <time>2026-08-10T13:17:27.000Z</time>
        <extensions>
          <ns3:TrackPointExtension>
            <ns3:hr>146</ns3:hr>
            <ns3:cad>87</ns3:cad>
          </ns3:TrackPointExtension>
        </extensions>
      </trkpt>
      <trkpt lat="24.53630098141729831695556640625" lon="118.1535469181835651397705078125">
        <ele>23.200000762939453125</ele>
        <time>2026-08-10T13:17:28.000Z</time>
        <extensions>
          <ns3:TrackPointExtension>
            <ns3:hr>145</ns3:hr>
            <ns3:cad>88</ns3:cad>
          </ns3:TrackPointExtension>
        </extensions>
      </trkpt>
      <trkpt lat="24.53632813878357410430908203125" lon="118.15356778912246227264404296875">
        <ele>23.200000762939453125</ele>
        <time>2026-08-10T13:17:29.000Z</time>
        <extensions>
          <ns3:TrackPointExtension>
            <ns3:hr>145</ns3:hr>
            <ns3:cad>88</ns3:cad>
          </ns3:TrackPointExtension>
        </extensions>
      </trkpt>
      <trkpt lat="24.5363451540470123291015625" lon="118.15357558429241180419921875">
        <ele>23.200000762939453125</ele>
        <time>2026-08-10T13:17:30.000Z</time>
        <extensions>
          <ns3:TrackPointExtension>
            <ns3:hr>144</ns3:hr>
            <ns3:cad>88</ns3:cad>
          </ns3:TrackPointExtension>
        </extensions>
      </trkpt>
      <trkpt lat="24.5363738201558589935302734375" lon="118.1535951979458332061767578125">
        <ele>23.200000762939453125</ele>
        <time>2026-08-10T13:17:31.000Z</time>
        <extensions>
          <ns3:TrackPointExtension>
            <ns3:hr>144</ns3:hr>
            <ns3:cad>88</ns3:cad>
          </ns3:TrackPointExtension>
        </extensions>
      </trkpt>
      <trkpt lat="24.53639402054250240325927734375" lon="118.15360919572412967681884765625">
        <ele>23.200000762939453125</ele>
        <time>2026-08-10T13:17:32.000Z</time>
        <extensions>
          <ns3:TrackPointExtension>
            <ns3:hr>144</ns3:hr>
            <ns3:cad>87</ns3:cad>
          </ns3:TrackPointExtension>
        </extensions>
      </trkpt>
      <trkpt lat="24.53641983680427074432373046875" lon="118.1536223553121089935302734375">
        <ele>23</ele>
        <time>2026-08-10T13:17:33.000Z</time>
        <extensions>
          <ns3:TrackPointExtension>
            <ns3:hr>144</ns3:hr>
            <ns3:cad>87</ns3:cad>
          </ns3:TrackPointExtension>
        </extensions>
      </trkpt>
      <trkpt lat="24.53644012100994586944580078125" lon="118.15364037640392780303955078125">
        <ele>23</ele>
        <time>2026-08-10T13:17:34.000Z</time>
        <extensions>
          <ns3:TrackPointExtension>
            <ns3:hr>145</ns3:hr>
            <ns3:cad>87</ns3:cad>
          </ns3:TrackPointExtension>
        </extensions>
      </trkpt>
      <trkpt lat="24.53646493144333362579345703125" lon="118.15365496091544628143310546875">
        <ele>23</ele>
        <time>2026-08-10T13:17:35.000Z</time>
        <extensions>
          <ns3:TrackPointExtension>
            <ns3:hr>144</ns3:hr>
            <ns3:cad>87</ns3:cad>
          </ns3:TrackPointExtension>
        </extensions>
      </trkpt>
      <trkpt lat="24.53648865222930908203125" lon="118.15367189235985279083251953125">
        <ele>23</ele>
        <time>2026-08-10T13:17:36.000Z</time>
        <extensions>
          <ns3:TrackPointExtension>
            <ns3:hr>144</ns3:hr>
            <ns3:cad>88</ns3:cad>
          </ns3:TrackPointExtension>
        </extensions>
      </trkpt>
      <trkpt lat="24.53650985844433307647705078125" lon="118.1536857225000858306884765625">
        <ele>23.200000762939453125</ele>
        <time>2026-08-10T13:17:37.000Z</time>
        <extensions>
          <ns3:TrackPointExtension>
            <ns3:hr>143</ns3:hr>
            <ns3:cad>88</ns3:cad>
          </ns3:TrackPointExtension>
        </extensions>
      </trkpt>
      <trkpt lat="24.53653433360159397125244140625" lon="118.15370525233447551727294921875">
        <ele>23.200000762939453125</ele>
        <time>2026-08-10T13:17:38.000Z</time>
        <extensions>
          <ns3:TrackPointExtension>
            <ns3:hr>144</ns3:hr>
            <ns3:cad>88</ns3:cad>
          </ns3:TrackPointExtension>
        </extensions>
      </trkpt>
      <trkpt lat="24.5365531928837299346923828125" lon="118.1537170708179473876953125">
        <ele>23.200000762939453125</ele>
        <time>2026-08-10T13:17:39.000Z</time>
        <extensions>
          <ns3:TrackPointExtension>
            <ns3:hr>144</ns3:hr>
            <ns3:cad>88</ns3:cad>
          </ns3:TrackPointExtension>
        </extensions>
      </trkpt>
      <trkpt lat="24.5365790091454982757568359375" lon="118.1537400372326374053955078125">
        <ele>23.200000762939453125</ele>
        <time>2026-08-10T13:17:40.000Z</time>
        <extensions>
          <ns3:TrackPointExtension>
            <ns3:hr>143</ns3:hr>
            <ns3:cad>88</ns3:cad>
          </ns3:TrackPointExtension>
        </extensions>
      </trkpt>
      <trkpt lat="24.53659619204699993133544921875" lon="118.1537474133074283599853515625">
        <ele>23</ele>
        <time>2026-08-10T13:17:41.000Z</time>
        <extensions>
          <ns3:TrackPointExtension>
            <ns3:hr>144</ns3:hr>
            <ns3:cad>87</ns3:cad>
          </ns3:TrackPointExtension>
        </extensions>
      </trkpt>
      <trkpt lat="24.53662552870810031890869140625" lon="118.153767026960849761962890625">
        <ele>23</ele>
        <time>2026-08-10T13:17:42.000Z</time>
        <extensions>
          <ns3:TrackPointExtension>
            <ns3:hr>144</ns3:hr>
            <ns3:cad>87</ns3:cad>
          </ns3:TrackPointExtension>
        </extensions>
      </trkpt>
      <trkpt lat="24.5366467349231243133544921875" lon="118.15377482213079929351806640625">
        <ele>23</ele>
        <time>2026-08-10T13:17:43.000Z</time>
        <extensions>
          <ns3:TrackPointExtension>
            <ns3:hr>144</ns3:hr>
            <ns3:cad>88</ns3:cad>
          </ns3:TrackPointExtension>
        </extensions>
      </trkpt>
      <trkpt lat="24.5366792567074298858642578125" lon="118.1538002192974090576171875">
        <ele>23</ele>
        <time>2026-08-10T13:17:44.000Z</time>
        <extensions>
          <ns3:TrackPointExtension>
            <ns3:hr>144</ns3:hr>
            <ns3:cad>89</ns3:cad>
          </ns3:TrackPointExtension>
        </extensions>
      </trkpt>
      <trkpt lat="24.53669928945600986480712890625" lon="118.15381304360926151275634765625">
        <ele>22.799999237060546875</ele>
        <time>2026-08-10T13:17:45.000Z</time>
        <extensions>
          <ns3:TrackPointExtension>
            <ns3:hr>143</ns3:hr>
            <ns3:cad>89</ns3:cad>
          </ns3:TrackPointExtension>
        </extensions>
      </trkpt>
      <trkpt lat="24.53672938048839569091796875" lon="118.1538335792720317840576171875">
        <ele>22.799999237060546875</ele>
        <time>2026-08-10T13:17:46.000Z</time>
        <extensions>
          <ns3:TrackPointExtension>
            <ns3:hr>143</ns3:hr>
            <ns3:cad>89</ns3:cad>
          </ns3:TrackPointExtension>
        </extensions>
      </trkpt>
      <trkpt lat="24.53674907796084880828857421875" lon="118.153849504888057708740234375">
        <ele>23</ele>
        <time>2026-08-10T13:17:47.000Z</time>
        <extensions>
          <ns3:TrackPointExtension>
            <ns3:hr>143</ns3:hr>
            <ns3:cad>89</ns3:cad>
          </ns3:TrackPointExtension>
        </extensions>
      </trkpt>
      <trkpt lat="24.5367716252803802490234375" lon="118.15386367030441761016845703125">
        <ele>23.200000762939453125</ele>
        <time>2026-08-10T13:17:48.000Z</time>
        <extensions>
          <ns3:TrackPointExtension>
            <ns3:hr>144</ns3:hr>
            <ns3:cad>89</ns3:cad>
          </ns3:TrackPointExtension>
        </extensions>
      </trkpt>
      <trkpt lat="24.53679249621927738189697265625" lon="118.1538788415491580963134765625">
        <ele>23.200000762939453125</ele>
        <time>2026-08-10T13:17:49.000Z</time>
        <extensions>
          <ns3:TrackPointExtension>
            <ns3:hr>144</ns3:hr>
            <ns3:cad>89</ns3:cad>
          </ns3:TrackPointExtension>
        </extensions>
      </trkpt>
      <trkpt lat="24.53681789338588714599609375" lon="118.1538927555084228515625">
        <ele>23.200000762939453125</ele>
        <time>2026-08-10T13:17:50.000Z</time>
        <extensions>
          <ns3:TrackPointExtension>
            <ns3:hr>144</ns3:hr>
            <ns3:cad>87</ns3:cad>
          </ns3:TrackPointExtension>
        </extensions>
      </trkpt>
      <trkpt lat="24.53684513457119464874267578125" lon="118.153908513486385345458984375">
        <ele>23</ele>
        <time>2026-08-10T13:17:51.000Z</time>
        <extensions>
          <ns3:TrackPointExtension>
            <ns3:hr>144</ns3:hr>
            <ns3:cad>87</ns3:cad>
          </ns3:TrackPointExtension>
        </extensions>
      </trkpt>
      <trkpt lat="24.536869525909423828125" lon="118.15392167307436466217041015625">
        <ele>22.799999237060546875</ele>
        <time>2026-08-10T13:17:52.000Z</time>
        <extensions>
          <ns3:TrackPointExtension>
            <ns3:hr>144</ns3:hr>
            <ns3:cad>87</ns3:cad>
          </ns3:TrackPointExtension>
        </extensions>
      </trkpt>
      <trkpt lat="24.5368958450853824615478515625" lon="118.15394396893680095672607421875">
        <ele>22.6000003814697265625</ele>
        <time>2026-08-10T13:17:53.000Z</time>
        <extensions>
          <ns3:TrackPointExtension>
            <ns3:hr>144</ns3:hr>
            <ns3:cad>88</ns3:cad>
          </ns3:TrackPointExtension>
        </extensions>
      </trkpt>
      <trkpt lat="24.53691780567169189453125" lon="118.15395603887736797332763671875">
        <ele>22.3999996185302734375</ele>
        <time>2026-08-10T13:17:54.000Z</time>
        <extensions>
          <ns3:TrackPointExtension>
            <ns3:hr>144</ns3:hr>
            <ns3:cad>88</ns3:cad>
          </ns3:TrackPointExtension>
        </extensions>
      </trkpt>
      <trkpt lat="24.5369427837431430816650390625" lon="118.1539777480065822601318359375">
        <ele>22.3999996185302734375</ele>
        <time>2026-08-10T13:17:55.000Z</time>
        <extensions>
          <ns3:TrackPointExtension>
            <ns3:hr>144</ns3:hr>
            <ns3:cad>88</ns3:cad>
          </ns3:TrackPointExtension>
        </extensions>
      </trkpt>
      <trkpt lat="24.53696683980524539947509765625" lon="118.153984956443309783935546875">
        <ele>22.3999996185302734375</ele>
        <time>2026-08-10T13:17:56.000Z</time>
        <extensions>
          <ns3:TrackPointExtension>
            <ns3:hr>144</ns3:hr>
            <ns3:cad>88</ns3:cad>
          </ns3:TrackPointExtension>
        </extensions>
      </trkpt>
      <trkpt lat="24.53699483536183834075927734375" lon="118.1540045700967311859130859375">
        <ele>22.3999996185302734375</ele>
        <time>2026-08-10T13:17:57.000Z</time>
        <extensions>
          <ns3:TrackPointExtension>
            <ns3:hr>144</ns3:hr>
            <ns3:cad>87</ns3:cad>
          </ns3:TrackPointExtension>
        </extensions>
      </trkpt>
      <trkpt lat="24.53701629303395748138427734375" lon="118.15401353873312473297119140625">
        <ele>22.3999996185302734375</ele>
        <time>2026-08-10T13:17:58.000Z</time>
        <extensions>
          <ns3:TrackPointExtension>
            <ns3:hr>144</ns3:hr>
            <ns3:cad>87</ns3:cad>
          </ns3:TrackPointExtension>
        </extensions>
      </trkpt>
      <trkpt lat="24.537046886980533599853515625" lon="118.15402963198721408843994140625">
        <ele>22.3999996185302734375</ele>
        <time>2026-08-10T13:17:59.000Z</time>
        <extensions>
          <ns3:TrackPointExtension>
            <ns3:hr>144</ns3:hr>
            <ns3:cad>88</ns3:cad>
          </ns3:TrackPointExtension>
        </extensions>
      </trkpt>
      <trkpt lat="24.53706826083362102508544921875" lon="118.15404488705098628997802734375">
        <ele>22.3999996185302734375</ele>
        <time>2026-08-10T13:18:00.000Z</time>
        <extensions>
          <ns3:TrackPointExtension>
            <ns3:hr>144</ns3:hr>
            <ns3:cad>89</ns3:cad>
          </ns3:TrackPointExtension>
        </extensions>
      </trkpt>
      <trkpt lat="24.53709491528570652008056640625" lon="118.154063411056995391845703125">
        <ele>22.200000762939453125</ele>
        <time>2026-08-10T13:18:01.000Z</time>
        <extensions>
          <ns3:TrackPointExtension>
            <ns3:hr>144</ns3:hr>
            <ns3:cad>89</ns3:cad>
          </ns3:TrackPointExtension>
        </extensions>
      </trkpt>
      <trkpt lat="24.53711721114814281463623046875" lon="118.154079504311084747314453125">
        <ele>22.200000762939453125</ele>
        <time>2026-08-10T13:18:02.000Z</time>
        <extensions>
          <ns3:TrackPointExtension>
            <ns3:hr>144</ns3:hr>
            <ns3:cad>89</ns3:cad>
          </ns3:TrackPointExtension>
        </extensions>
      </trkpt>
      <trkpt lat="24.53714311122894287109375" lon="118.154094256460666656494140625">
        <ele>22.200000762939453125</ele>
        <time>2026-08-10T13:18:03.000Z</time>
        <extensions>
          <ns3:TrackPointExtension>
            <ns3:hr>144</ns3:hr>
            <ns3:cad>89</ns3:cad>
          </ns3:TrackPointExtension>
        </extensions>
      </trkpt>
      <trkpt lat="24.53716582618653774261474609375" lon="118.15411764197051525115966796875">
        <ele>22.200000762939453125</ele>
        <time>2026-08-10T13:18:04.000Z</time>
        <extensions>
          <ns3:TrackPointExtension>
            <ns3:hr>144</ns3:hr>
            <ns3:cad>88</ns3:cad>
          </ns3:TrackPointExtension>
        </extensions>
      </trkpt>
      <trkpt lat="24.5371915586292743682861328125" lon="118.15413323231041431427001953125">
        <ele>22.200000762939453125</ele>
        <time>2026-08-10T13:18:05.000Z</time>
        <extensions>
          <ns3:TrackPointExtension>
            <ns3:hr>144</ns3:hr>
            <ns3:cad>87</ns3:cad>
          </ns3:TrackPointExtension>
        </extensions>
      </trkpt>
      <trkpt lat="24.53721310012042522430419921875" lon="118.15415351651608943939208984375">
        <ele>22.200000762939453125</ele>
        <time>2026-08-10T13:18:06.000Z</time>
        <extensions>
          <ns3:TrackPointExtension>
            <ns3:hr>144</ns3:hr>
            <ns3:cad>87</ns3:cad>
          </ns3:TrackPointExtension>
        </extensions>
      </trkpt>
      <trkpt lat="24.5372351445257663726806640625" lon="118.15416432917118072509765625">
        <ele>22.200000762939453125</ele>
        <time>2026-08-10T13:18:07.000Z</time>
        <extensions>
          <ns3:TrackPointExtension>
            <ns3:hr>143</ns3:hr>
            <ns3:cad>88</ns3:cad>
          </ns3:TrackPointExtension>
        </extensions>
      </trkpt>
      <trkpt lat="24.5372606255114078521728515625" lon="118.15417882986366748809814453125">
        <ele>22.200000762939453125</ele>
        <time>2026-08-10T13:18:08.000Z</time>
        <extensions>
          <ns3:TrackPointExtension>
            <ns3:hr>144</ns3:hr>
            <ns3:cad>89</ns3:cad>
          </ns3:TrackPointExtension>
        </extensions>
      </trkpt>
      <trkpt lat="24.537279903888702392578125" lon="118.15418939106166362762451171875">
        <ele>22.200000762939453125</ele>
        <time>2026-08-10T13:18:09.000Z</time>
        <extensions>
          <ns3:TrackPointExtension>
            <ns3:hr>143</ns3:hr>
            <ns3:cad>89</ns3:cad>
          </ns3:TrackPointExtension>
        </extensions>
      </trkpt>
      <trkpt lat="24.5373045466840267181396484375" lon="118.1542067416012287139892578125">
        <ele>22.200000762939453125</ele>
        <time>2026-08-10T13:18:10.000Z</time>
        <extensions>
          <ns3:TrackPointExtension>
            <ns3:hr>143</ns3:hr>
            <ns3:cad>89</ns3:cad>
          </ns3:TrackPointExtension>
        </extensions>
      </trkpt>
      <trkpt lat="24.53732608817517757415771484375" lon="118.154212944209575653076171875">
        <ele>22.200000762939453125</ele>
        <time>2026-08-10T13:18:11.000Z</time>
        <extensions>
          <ns3:TrackPointExtension>
            <ns3:hr>143</ns3:hr>
            <ns3:cad>88</ns3:cad>
          </ns3:TrackPointExtension>
        </extensions>
      </trkpt>
      <trkpt lat="24.53735307790338993072509765625" lon="118.154237084090709686279296875">
        <ele>22</ele>
        <time>2026-08-10T13:18:12.000Z</time>
        <extensions>
          <ns3:TrackPointExtension>
            <ns3:hr>143</ns3:hr>
            <ns3:cad>88</ns3:cad>
          </ns3:TrackPointExtension>
        </extensions>
      </trkpt>
      <trkpt lat="24.53737336210906505584716796875" lon="118.15424756146967411041259765625">
        <ele>22</ele>
        <time>2026-08-10T13:18:13.000Z</time>
        <extensions>
          <ns3:TrackPointExtension>
            <ns3:hr>143</ns3:hr>
            <ns3:cad>88</ns3:cad>
          </ns3:TrackPointExtension>
        </extensions>
      </trkpt>
      <trkpt lat="24.53740420751273632049560546875" lon="118.15426566638052463531494140625">
        <ele>22</ele>
        <time>2026-08-10T13:18:14.000Z</time>
        <extensions>
          <ns3:TrackPointExtension>
            <ns3:hr>143</ns3:hr>
            <ns3:cad>87</ns3:cad>
          </ns3:TrackPointExtension>
        </extensions>
      </trkpt>
      <trkpt lat="24.5374255813658237457275390625" lon="118.1542784906923770904541015625">
        <ele>22</ele>
        <time>2026-08-10T13:18:15.000Z</time>
        <extensions>
          <ns3:TrackPointExtension>
            <ns3:hr>143</ns3:hr>
            <ns3:cad>87</ns3:cad>
          </ns3:TrackPointExtension>
        </extensions>
      </trkpt>
      <trkpt lat="24.537448547780513763427734375" lon="118.15430522896349430084228515625">
        <ele>22</ele>
        <time>2026-08-10T13:18:16.000Z</time>
        <extensions>
          <ns3:TrackPointExtension>
            <ns3:hr>143</ns3:hr>
            <ns3:cad>88</ns3:cad>
          </ns3:TrackPointExtension>
        </extensions>
      </trkpt>
      <trkpt lat="24.5374634675681591033935546875" lon="118.154330961406230926513671875">
        <ele>22</ele>
        <time>2026-08-10T13:18:17.000Z</time>
        <extensions>
          <ns3:TrackPointExtension>
            <ns3:hr>142</ns3:hr>
            <ns3:cad>88</ns3:cad>
          </ns3:TrackPointExtension>
        </extensions>
      </trkpt>
      <trkpt lat="24.5374795608222484588623046875" lon="118.15436524339020252227783203125">
        <ele>22</ele>
        <time>2026-08-10T13:18:18.000Z</time>
        <extensions>
          <ns3:TrackPointExtension>
            <ns3:hr>142</ns3:hr>
            <ns3:cad>88</ns3:cad>
          </ns3:TrackPointExtension>
        </extensions>
      </trkpt>
      <trkpt lat="24.53748299740254878997802734375" lon="118.1543995253741741180419921875">
        <ele>21.799999237060546875</ele>
        <time>2026-08-10T13:18:19.000Z</time>
        <extensions>
          <ns3:TrackPointExtension>
            <ns3:hr>142</ns3:hr>
            <ns3:cad>88</ns3:cad>
          </ns3:TrackPointExtension>
        </extensions>
      </trkpt>
      <trkpt lat="24.53748576343059539794921875" lon="118.1544333882629871368408203125">
        <ele>21.799999237060546875</ele>
        <time>2026-08-10T13:18:20.000Z</time>
        <extensions>
          <ns3:TrackPointExtension>
            <ns3:hr>143</ns3:hr>
            <ns3:cad>88</ns3:cad>
          </ns3:TrackPointExtension>
        </extensions>
      </trkpt>
      <trkpt lat="24.5374735258519649505615234375" lon="118.154469095170497894287109375">
        <ele>21.799999237060546875</ele>
        <time>2026-08-10T13:18:21.000Z</time>
        <extensions>
          <ns3:TrackPointExtension>
            <ns3:hr>142</ns3:hr>
            <ns3:cad>88</ns3:cad>
          </ns3:TrackPointExtension>
        </extensions>
      </trkpt>
      <trkpt lat="24.53746723942458629608154296875" lon="118.15449784509837627410888671875">
        <ele>22</ele>
        <time>2026-08-10T13:18:22.000Z</time>
        <extensions>
          <ns3:TrackPointExtension>
            <ns3:hr>142</ns3:hr>
            <ns3:cad>88</ns3:cad>
          </ns3:TrackPointExtension>
        </extensions>
      </trkpt>
      <trkpt lat="24.53744645230472087860107421875" lon="118.1545292772352695465087890625">
        <ele>22</ele>
        <time>2026-08-10T13:18:23.000Z</time>
        <extensions>
          <ns3:TrackPointExtension>
            <ns3:hr>143</ns3:hr>
            <ns3:cad>88</ns3:cad>
          </ns3:TrackPointExtension>
        </extensions>
      </trkpt>
      <trkpt lat="24.537435472011566162109375" lon="118.15455500967800617218017578125">
        <ele>22.200000762939453125</ele>
        <time>2026-08-10T13:18:24.000Z</time>
        <extensions>
          <ns3:TrackPointExtension>
            <ns3:hr>142</ns3:hr>
            <ns3:cad>89</ns3:cad>
          </ns3:TrackPointExtension>
        </extensions>
      </trkpt>
      <trkpt lat="24.53741074539721012115478515625" lon="118.15458484925329685211181640625">
        <ele>22.200000762939453125</ele>
        <time>2026-08-10T13:18:25.000Z</time>
        <extensions>
          <ns3:TrackPointExtension>
            <ns3:hr>142</ns3:hr>
            <ns3:cad>89</ns3:cad>
          </ns3:TrackPointExtension>
        </extensions>
      </trkpt>
      <trkpt lat="24.53739725053310394287109375" lon="118.154608570039272308349609375">
        <ele>22.200000762939453125</ele>
        <time>2026-08-10T13:18:26.000Z</time>
        <extensions>
          <ns3:TrackPointExtension>
            <ns3:hr>142</ns3:hr>
            <ns3:cad>89</ns3:cad>
          </ns3:TrackPointExtension>
        </extensions>
      </trkpt>
      <trkpt lat="24.53737587668001651763916015625" lon="118.15463899634778499603271484375">
        <ele>22.200000762939453125</ele>
        <time>2026-08-10T13:18:27.000Z</time>
        <extensions>
          <ns3:TrackPointExtension>
            <ns3:hr>142</ns3:hr>
            <ns3:cad>88</ns3:cad>
          </ns3:TrackPointExtension>
        </extensions>
      </trkpt>
      <trkpt lat="24.53736347146332263946533203125" lon="118.15466330386698246002197265625">
        <ele>22.200000762939453125</ele>
        <time>2026-08-10T13:18:28.000Z</time>
        <extensions>
          <ns3:TrackPointExtension>
            <ns3:hr>142</ns3:hr>
            <ns3:cad>88</ns3:cad>
          </ns3:TrackPointExtension>
        </extensions>
      </trkpt>
      <trkpt lat="24.5373467914760112762451171875" lon="118.154693059623241424560546875">
        <ele>22.200000762939453125</ele>
        <time>2026-08-10T13:18:29.000Z</time>
        <extensions>
          <ns3:TrackPointExtension>
            <ns3:hr>142</ns3:hr>
            <ns3:cad>87</ns3:cad>
          </ns3:TrackPointExtension>
        </extensions>
      </trkpt>
      <trkpt lat="24.53732944093644618988037109375" lon="118.15471979789435863494873046875">
        <ele>22.200000762939453125</ele>
        <time>2026-08-10T13:18:30.000Z</time>
        <extensions>
          <ns3:TrackPointExtension>
            <ns3:hr>142</ns3:hr>
            <ns3:cad>88</ns3:cad>
          </ns3:TrackPointExtension>
        </extensions>
      </trkpt>
      <trkpt lat="24.53731301240622997283935546875" lon="118.154747374355792999267578125">
        <ele>22.200000762939453125</ele>
        <time>2026-08-10T13:18:31.000Z</time>
        <extensions>
          <ns3:TrackPointExtension>
            <ns3:hr>142</ns3:hr>
            <ns3:cad>88</ns3:cad>
          </ns3:TrackPointExtension>
        </extensions>
      </trkpt>
      <trkpt lat="24.5372944884002208709716796875" lon="118.15477662719786167144775390625">
        <ele>22.200000762939453125</ele>
        <time>2026-08-10T13:18:32.000Z</time>
        <extensions>
          <ns3:TrackPointExtension>
            <ns3:hr>142</ns3:hr>
            <ns3:cad>88</ns3:cad>
          </ns3:TrackPointExtension>
        </extensions>
      </trkpt>
      <trkpt lat="24.537286944687366485595703125" lon="118.15480663441121578216552734375">
        <ele>22.200000762939453125</ele>
        <time>2026-08-10T13:18:33.000Z</time>
        <extensions>
          <ns3:TrackPointExtension>
            <ns3:hr>142</ns3:hr>
            <ns3:cad>87</ns3:cad>
          </ns3:TrackPointExtension>
        </extensions>
      </trkpt>
      <trkpt lat="24.5372653193771839141845703125" lon="118.15483563579618930816650390625">
        <ele>22</ele>
        <time>2026-08-10T13:18:34.000Z</time>
        <extensions>
          <ns3:TrackPointExtension>
            <ns3:hr>142</ns3:hr>
            <ns3:cad>87</ns3:cad>
          </ns3:TrackPointExtension>
        </extensions>
      </trkpt>
      <trkpt lat="24.537258781492710113525390625" lon="118.1548588536679744720458984375">
        <ele>22.200000762939453125</ele>
        <time>2026-08-10T13:18:35.000Z</time>
        <extensions>
          <ns3:TrackPointExtension>
            <ns3:hr>143</ns3:hr>
            <ns3:cad>87</ns3:cad>
          </ns3:TrackPointExtension>
        </extensions>
      </trkpt>
      <trkpt lat="24.5372374914586544036865234375" lon="118.1548883579671382904052734375">
        <ele>22.200000762939453125</ele>
        <time>2026-08-10T13:18:36.000Z</time>
        <extensions>
          <ns3:TrackPointExtension>
            <ns3:hr>143</ns3:hr>
            <ns3:cad>86</ns3:cad>
          </ns3:TrackPointExtension>
        </extensions>
      </trkpt>
      <trkpt lat="24.53723137266933917999267578125" lon="118.154905624687671661376953125">
        <ele>22.200000762939453125</ele>
        <time>2026-08-10T13:18:37.000Z</time>
        <extensions>
          <ns3:TrackPointExtension>
            <ns3:hr>143</ns3:hr>
            <ns3:cad>86</ns3:cad>
          </ns3:TrackPointExtension>
        </extensions>
      </trkpt>
      <trkpt lat="24.53721427358686923980712890625" lon="118.1549374759197235107421875">
        <ele>22.200000762939453125</ele>
        <time>2026-08-10T13:18:38.000Z</time>
        <extensions>
          <ns3:TrackPointExtension>
            <ns3:hr>142</ns3:hr>
            <ns3:cad>86</ns3:cad>
          </ns3:TrackPointExtension>
        </extensions>
      </trkpt>
      <trkpt lat="24.53720035962760448455810546875" lon="118.15495767630636692047119140625">
        <ele>22.200000762939453125</ele>
        <time>2026-08-10T13:18:39.000Z</time>
        <extensions>
          <ns3:TrackPointExtension>
            <ns3:hr>143</ns3:hr>
            <ns3:cad>86</ns3:cad>
          </ns3:TrackPointExtension>
        </extensions>
      </trkpt>
      <trkpt lat="24.53718594275414943695068359375" lon="118.1549845822155475616455078125">
        <ele>22.200000762939453125</ele>
        <time>2026-08-10T13:18:40.000Z</time>
        <extensions>
          <ns3:TrackPointExtension>
            <ns3:hr>143</ns3:hr>
            <ns3:cad>87</ns3:cad>
          </ns3:TrackPointExtension>
        </extensions>
      </trkpt>
      <trkpt lat="24.53717219643294811248779296875" lon="118.15501215867698192596435546875">
        <ele>22.3999996185302734375</ele>
        <time>2026-08-10T13:18:41.000Z</time>
        <extensions>
          <ns3:TrackPointExtension>
            <ns3:hr>142</ns3:hr>
            <ns3:cad>87</ns3:cad>
          </ns3:TrackPointExtension>
        </extensions>
      </trkpt>
      <trkpt lat="24.53715987503528594970703125" lon="118.155039735138416290283203125">
        <ele>22.3999996185302734375</ele>
        <time>2026-08-10T13:18:42.000Z</time>
        <extensions>
          <ns3:TrackPointExtension>
            <ns3:hr>143</ns3:hr>
            <ns3:cad>87</ns3:cad>
          </ns3:TrackPointExtension>
        </extensions>
      </trkpt>
      <trkpt lat="24.5371409319341182708740234375" lon="118.15506680868566036224365234375">
        <ele>22.3999996185302734375</ele>
        <time>2026-08-10T13:18:43.000Z</time>
        <extensions>
          <ns3:TrackPointExtension>
            <ns3:hr>143</ns3:hr>
            <ns3:cad>87</ns3:cad>
          </ns3:TrackPointExtension>
        </extensions>
      </trkpt>
      <trkpt lat="24.5371338911354541778564453125" lon="118.15509279258549213409423828125">
        <ele>22.3999996185302734375</ele>
        <time>2026-08-10T13:18:44.000Z</time>
        <extensions>
          <ns3:TrackPointExtension>
            <ns3:hr>144</ns3:hr>
            <ns3:cad>87</ns3:cad>
          </ns3:TrackPointExtension>
        </extensions>
      </trkpt>
      <trkpt lat="24.53711704351007938385009765625" lon="118.15512380562722682952880859375">
        <ele>22.3999996185302734375</ele>
        <time>2026-08-10T13:18:45.000Z</time>
        <extensions>
          <ns3:TrackPointExtension>
            <ns3:hr>144</ns3:hr>
            <ns3:cad>87</ns3:cad>
          </ns3:TrackPointExtension>
        </extensions>
      </trkpt>
      <trkpt lat="24.5371100865304470062255859375" lon="118.15514828078448772430419921875">
        <ele>22.3999996185302734375</ele>
        <time>2026-08-10T13:18:46.000Z</time>
        <extensions>
          <ns3:TrackPointExtension>
            <ns3:hr>144</ns3:hr>
            <ns3:cad>88</ns3:cad>
          </ns3:TrackPointExtension>
        </extensions>
      </trkpt>
      <trkpt lat="24.53708837740123271942138671875" lon="118.15517459996044635772705078125">
        <ele>22.3999996185302734375</ele>
        <time>2026-08-10T13:18:47.000Z</time>
        <extensions>
          <ns3:TrackPointExtension>
            <ns3:hr>144</ns3:hr>
            <ns3:cad>88</ns3:cad>
          </ns3:TrackPointExtension>
        </extensions>
      </trkpt>
      <trkpt lat="24.5370733737945556640625" lon="118.15519119612872600555419921875">
        <ele>22.3999996185302734375</ele>
        <time>2026-08-10T13:18:48.000Z</time>
        <extensions>
          <ns3:TrackPointExtension>
            <ns3:hr>144</ns3:hr>
            <ns3:cad>88</ns3:cad>
          </ns3:TrackPointExtension>
        </extensions>
      </trkpt>
      <trkpt lat="24.53705417923629283905029296875" lon="118.1552202813327312469482421875">
        <ele>22.3999996185302734375</ele>
        <time>2026-08-10T13:18:49.000Z</time>
        <extensions>
          <ns3:TrackPointExtension>
            <ns3:hr>144</ns3:hr>
            <ns3:cad>88</ns3:cad>
          </ns3:TrackPointExtension>
        </extensions>
      </trkpt>
      <trkpt lat="24.537041522562503814697265625" lon="118.155244253575801849365234375">
        <ele>22.3999996185302734375</ele>
        <time>2026-08-10T13:18:50.000Z</time>
        <extensions>
          <ns3:TrackPointExtension>
            <ns3:hr>144</ns3:hr>
            <ns3:cad>87</ns3:cad>
          </ns3:TrackPointExtension>
        </extensions>
      </trkpt>
      <trkpt lat="24.53702752478420734405517578125" lon="118.15527074038982391357421875">
        <ele>22.6000003814697265625</ele>
        <time>2026-08-10T13:18:51.000Z</time>
        <extensions>
          <ns3:TrackPointExtension>
            <ns3:hr>144</ns3:hr>
            <ns3:cad>87</ns3:cad>
          </ns3:TrackPointExtension>
        </extensions>
      </trkpt>
      <trkpt lat="24.53700908459722995758056640625" lon="118.15529446117579936981201171875">
        <ele>22.6000003814697265625</ele>
        <time>2026-08-10T13:18:52.000Z</time>
        <extensions>
          <ns3:TrackPointExtension>
            <ns3:hr>144</ns3:hr>
            <ns3:cad>87</ns3:cad>
          </ns3:TrackPointExtension>
        </extensions>
      </trkpt>
      <trkpt lat="24.5369987748563289642333984375" lon="118.15531943924725055694580078125">
        <ele>22.6000003814697265625</ele>
        <time>2026-08-10T13:18:53.000Z</time>
        <extensions>
          <ns3:TrackPointExtension>
            <ns3:hr>144</ns3:hr>
            <ns3:cad>86</ns3:cad>
          </ns3:TrackPointExtension>
        </extensions>
      </trkpt>
      <trkpt lat="24.536983855068683624267578125" lon="118.15534760244190692901611328125">
        <ele>22.6000003814697265625</ele>
        <time>2026-08-10T13:18:54.000Z</time>
        <extensions>
          <ns3:TrackPointExtension>
            <ns3:hr>144</ns3:hr>
            <ns3:cad>86</ns3:cad>
          </ns3:TrackPointExtension>
        </extensions>
      </trkpt>
      <trkpt lat="24.53697840683162212371826171875" lon="118.15537073649466037750244140625">
        <ele>22.6000003814697265625</ele>
        <time>2026-08-10T13:18:55.000Z</time>
        <extensions>
          <ns3:TrackPointExtension>
            <ns3:hr>144</ns3:hr>
            <ns3:cad>88</ns3:cad>
          </ns3:TrackPointExtension>
        </extensions>
      </trkpt>
      <trkpt lat="24.53695870935916900634765625" lon="118.1553966365754604339599609375">
        <ele>22.6000003814697265625</ele>
        <time>2026-08-10T13:18:56.000Z</time>
        <extensions>
          <ns3:TrackPointExtension>
            <ns3:hr>144</ns3:hr>
            <ns3:cad>88</ns3:cad>
          </ns3:TrackPointExtension>
        </extensions>
      </trkpt>
      <trkpt lat="24.53694789670407772064208984375" lon="118.15542094409465789794921875">
        <ele>22.6000003814697265625</ele>
        <time>2026-08-10T13:18:57.000Z</time>
        <extensions>
          <ns3:TrackPointExtension>
            <ns3:hr>145</ns3:hr>
            <ns3:cad>88</ns3:cad>
          </ns3:TrackPointExtension>
        </extensions>
      </trkpt>
      <trkpt lat="24.53693180344998836517333984375" lon="118.15544684417545795440673828125">
        <ele>22.6000003814697265625</ele>
        <time>2026-08-10T13:18:58.000Z</time>
        <extensions>
          <ns3:TrackPointExtension>
            <ns3:hr>144</ns3:hr>
            <ns3:cad>88</ns3:cad>
          </ns3:TrackPointExtension>
        </extensions>
      </trkpt>
      <trkpt lat="24.5369173027575016021728515625" lon="118.15547115169465541839599609375">
        <ele>22.6000003814697265625</ele>
        <time>2026-08-10T13:18:59.000Z</time>
        <extensions>
          <ns3:TrackPointExtension>
            <ns3:hr>144</ns3:hr>
            <ns3:cad>87</ns3:cad>
          </ns3:TrackPointExtension>
        </extensions>
      </trkpt>
      <trkpt lat="24.53690263442695140838623046875" lon="118.1554999016225337982177734375">
        <ele>22.6000003814697265625</ele>
        <time>2026-08-10T13:19:00.000Z</time>
        <extensions>
          <ns3:TrackPointExtension>
            <ns3:hr>144</ns3:hr>
            <ns3:cad>87</ns3:cad>
          </ns3:TrackPointExtension>
        </extensions>
      </trkpt>
      <trkpt lat="24.5368814282119274139404296875" lon="118.1555250473320484161376953125">
        <ele>22.799999237060546875</ele>
        <time>2026-08-10T13:19:01.000Z</time>
        <extensions>
          <ns3:TrackPointExtension>
            <ns3:hr>144</ns3:hr>
            <ns3:cad>87</ns3:cad>
          </ns3:TrackPointExtension>
        </extensions>
      </trkpt>
      <trkpt lat="24.53686885535717010498046875" lon="118.1555491872131824493408203125">
        <ele>22.799999237060546875</ele>
        <time>2026-08-10T13:19:02.000Z</time>
        <extensions>
          <ns3:TrackPointExtension>
            <ns3:hr>145</ns3:hr>
            <ns3:cad>87</ns3:cad>
          </ns3:TrackPointExtension>
        </extensions>
      </trkpt>
      <trkpt lat="24.53684873878955841064453125" lon="118.155577518045902252197265625">
        <ele>22.799999237060546875</ele>
        <time>2026-08-10T13:19:03.000Z</time>
        <extensions>
          <ns3:TrackPointExtension>
            <ns3:hr>144</ns3:hr>
            <ns3:cad>88</ns3:cad>
          </ns3:TrackPointExtension>
        </extensions>
      </trkpt>
      <trkpt lat="24.53683909960091114044189453125" lon="118.15560341812670230865478515625">
        <ele>23</ele>
        <time>2026-08-10T13:19:04.000Z</time>
        <extensions>
          <ns3:TrackPointExtension>
            <ns3:hr>145</ns3:hr>
            <ns3:cad>88</ns3:cad>
          </ns3:TrackPointExtension>
        </extensions>
      </trkpt>
      <trkpt lat="24.5368183963000774383544921875" lon="118.15563275478780269622802734375">
        <ele>23</ele>
        <time>2026-08-10T13:19:05.000Z</time>
        <extensions>
          <ns3:TrackPointExtension>
            <ns3:hr>145</ns3:hr>
            <ns3:cad>88</ns3:cad>
          </ns3:TrackPointExtension>
        </extensions>
      </trkpt>
      <trkpt lat="24.5368093438446521759033203125" lon="118.15565429627895355224609375">
        <ele>23</ele>
        <time>2026-08-10T13:19:06.000Z</time>
        <extensions>
          <ns3:TrackPointExtension>
            <ns3:hr>145</ns3:hr>
            <ns3:cad>88</ns3:cad>
          </ns3:TrackPointExtension>
        </extensions>
      </trkpt>
      <trkpt lat="24.53679400496184825897216796875" lon="118.1556846387684345245361328125">
        <ele>23</ele>
        <time>2026-08-10T13:19:07.000Z</time>
        <extensions>
          <ns3:TrackPointExtension>
            <ns3:hr>145</ns3:hr>
            <ns3:cad>88</ns3:cad>
          </ns3:TrackPointExtension>
        </extensions>
      </trkpt>
      <trkpt lat="24.5367904007434844970703125" lon="118.1557077728211879730224609375">
        <ele>23</ele>
        <time>2026-08-10T13:19:08.000Z</time>
        <extensions>
          <ns3:TrackPointExtension>
            <ns3:hr>145</ns3:hr>
            <ns3:cad>87</ns3:cad>
          </ns3:TrackPointExtension>
        </extensions>
      </trkpt>
      <trkpt lat="24.53677187673747539520263671875" lon="118.1557409651577472686767578125">
        <ele>23</ele>
        <time>2026-08-10T13:19:09.000Z</time>
        <extensions>
          <ns3:TrackPointExtension>
            <ns3:hr>146</ns3:hr>
            <ns3:cad>87</ns3:cad>
          </ns3:TrackPointExtension>
        </extensions>
      </trkpt>
      <trkpt lat="24.53675645403563976287841796875" lon="118.1557614170014858245849609375">
        <ele>23</ele>
        <time>2026-08-10T13:19:10.000Z</time>
        <extensions>
          <ns3:TrackPointExtension>
            <ns3:hr>145</ns3:hr>
            <ns3:cad>87</ns3:cad>
          </ns3:TrackPointExtension>
        </extensions>
      </trkpt>
      <trkpt lat="24.53674052841961383819580078125" lon="118.15578798763453960418701171875">
        <ele>23</ele>
        <time>2026-08-10T13:19:11.000Z</time>
        <extensions>
          <ns3:TrackPointExtension>
            <ns3:hr>145</ns3:hr>
            <ns3:cad>88</ns3:cad>
          </ns3:TrackPointExtension>
        </extensions>
      </trkpt>
      <trkpt lat="24.53672510571777820587158203125" lon="118.15580894239246845245361328125">
        <ele>23</ele>
        <time>2026-08-10T13:19:12.000Z</time>
        <extensions>
          <ns3:TrackPointExtension>
            <ns3:hr>146</ns3:hr>
            <ns3:cad>88</ns3:cad>
          </ns3:TrackPointExtension>
        </extensions>
      </trkpt>
      <trkpt lat="24.5367117784917354583740234375" lon="118.15583358518779277801513671875">
        <ele>23</ele>
        <time>2026-08-10T13:19:13.000Z</time>
        <extensions>
          <ns3:TrackPointExtension>
            <ns3:hr>146</ns3:hr>
            <ns3:cad>88</ns3:cad>
          </ns3:TrackPointExtension>
        </extensions>
      </trkpt>
      <trkpt lat="24.536693505942821502685546875" lon="118.1558630056679248809814453125">
        <ele>23</ele>
        <time>2026-08-10T13:19:14.000Z</time>
        <extensions>
          <ns3:TrackPointExtension>
            <ns3:hr>146</ns3:hr>
            <ns3:cad>87</ns3:cad>
          </ns3:TrackPointExtension>
        </extensions>
      </trkpt>
      <trkpt lat="24.5366849564015865325927734375" lon="118.1558861397206783294677734375">
        <ele>23</ele>
        <time>2026-08-10T13:19:15.000Z</time>
        <extensions>
          <ns3:TrackPointExtension>
            <ns3:hr>146</ns3:hr>
            <ns3:cad>87</ns3:cad>
          </ns3:TrackPointExtension>
        </extensions>
      </trkpt>
      <trkpt lat="24.5366668514907360076904296875" lon="118.15591178834438323974609375">
        <ele>23.200000762939453125</ele>
        <time>2026-08-10T13:19:16.000Z</time>
        <extensions>
          <ns3:TrackPointExtension>
            <ns3:hr>146</ns3:hr>
            <ns3:cad>87</ns3:cad>
          </ns3:TrackPointExtension>
        </extensions>
      </trkpt>
      <trkpt lat="24.53665737994015216827392578125" lon="118.1559327431023120880126953125">
        <ele>23.200000762939453125</ele>
        <time>2026-08-10T13:19:17.000Z</time>
        <extensions>
          <ns3:TrackPointExtension>
            <ns3:hr>146</ns3:hr>
            <ns3:cad>87</ns3:cad>
          </ns3:TrackPointExtension>
        </extensions>
      </trkpt>
      <trkpt lat="24.53663793392479419708251953125" lon="118.1559619121253490447998046875">
        <ele>23.3999996185302734375</ele>
        <time>2026-08-10T13:19:18.000Z</time>
        <extensions>
          <ns3:TrackPointExtension>
            <ns3:hr>147</ns3:hr>
            <ns3:cad>88</ns3:cad>
          </ns3:TrackPointExtension>
        </extensions>
      </trkpt>
      <trkpt lat="24.53662737272679805755615234375" lon="118.15598781220614910125732421875">
        <ele>23.200000762939453125</ele>
        <time>2026-08-10T13:19:19.000Z</time>
        <extensions>
          <ns3:TrackPointExtension>
            <ns3:hr>147</ns3:hr>
            <ns3:cad>88</ns3:cad>
          </ns3:TrackPointExtension>
        </extensions>
      </trkpt>
      <trkpt lat="24.53660222701728343963623046875" lon="118.1560135446488857269287109375">
        <ele>23.200000762939453125</ele>
        <time>2026-08-10T13:19:20.000Z</time>
        <extensions>
          <ns3:TrackPointExtension>
            <ns3:hr>147</ns3:hr>
            <ns3:cad>88</ns3:cad>
          </ns3:TrackPointExtension>
        </extensions>
      </trkpt>
      <trkpt lat="24.53658764250576496124267578125" lon="118.15603575669229030609130859375">
        <ele>23.200000762939453125</ele>
        <time>2026-08-10T13:19:21.000Z</time>
        <extensions>
          <ns3:TrackPointExtension>
            <ns3:hr>147</ns3:hr>
            <ns3:cad>88</ns3:cad>
          </ns3:TrackPointExtension>
        </extensions>
      </trkpt>
      <trkpt lat="24.536560066044330596923828125" lon="118.15606241114437580108642578125">
        <ele>23.200000762939453125</ele>
        <time>2026-08-10T13:19:22.000Z</time>
        <extensions>
          <ns3:TrackPointExtension>
            <ns3:hr>147</ns3:hr>
            <ns3:cad>88</ns3:cad>
          </ns3:TrackPointExtension>
        </extensions>
      </trkpt>
      <trkpt lat="24.53654137440025806427001953125" lon="118.15608085133135318756103515625">
        <ele>23.200000762939453125</ele>
        <time>2026-08-10T13:19:23.000Z</time>
        <extensions>
          <ns3:TrackPointExtension>
            <ns3:hr>147</ns3:hr>
            <ns3:cad>87</ns3:cad>
          </ns3:TrackPointExtension>
        </extensions>
      </trkpt>
      <trkpt lat="24.53651002608239650726318359375" lon="118.1560987047851085662841796875">
        <ele>23.3999996185302734375</ele>
        <time>2026-08-10T13:19:24.000Z</time>
        <extensions>
          <ns3:TrackPointExtension>
            <ns3:hr>147</ns3:hr>
            <ns3:cad>87</ns3:cad>
          </ns3:TrackPointExtension>
        </extensions>
      </trkpt>
      <trkpt lat="24.53649024479091167449951171875" lon="118.15611370839178562164306640625">
        <ele>23.3999996185302734375</ele>
        <time>2026-08-10T13:19:25.000Z</time>
        <extensions>
          <ns3:TrackPointExtension>
            <ns3:hr>146</ns3:hr>
            <ns3:cad>88</ns3:cad>
          </ns3:TrackPointExtension>
        </extensions>
      </trkpt>
      <trkpt lat="24.53645504079759120941162109375" lon="118.15612494014203548431396484375">
        <ele>23.3999996185302734375</ele>
        <time>2026-08-10T13:19:26.000Z</time>
        <extensions>
          <ns3:TrackPointExtension>
            <ns3:hr>147</ns3:hr>
            <ns3:cad>89</ns3:cad>
          </ns3:TrackPointExtension>
        </extensions>
      </trkpt>
      <trkpt lat="24.53643324784934520721435546875" lon="118.15613449551165103912353515625">
        <ele>23.3999996185302734375</ele>
        <time>2026-08-10T13:19:27.000Z</time>
        <extensions>
          <ns3:TrackPointExtension>
            <ns3:hr>146</ns3:hr>
            <ns3:cad>89</ns3:cad>
          </ns3:TrackPointExtension>
        </extensions>
      </trkpt>
      <trkpt lat="24.5363999716937541961669921875" lon="118.1561339087784290313720703125">
        <ele>23.6000003814697265625</ele>
        <time>2026-08-10T13:19:28.000Z</time>
        <extensions>
          <ns3:TrackPointExtension>
            <ns3:hr>146</ns3:hr>
            <ns3:cad>89</ns3:cad>
          </ns3:TrackPointExtension>
        </extensions>
      </trkpt>
      <trkpt lat="24.5363746583461761474609375" lon="118.156127370893955230712890625">
        <ele>23.6000003814697265625</ele>
        <time>2026-08-10T13:19:29.000Z</time>
        <extensions>
          <ns3:TrackPointExtension>
            <ns3:hr>146</ns3:hr>
            <ns3:cad>89</ns3:cad>
          </ns3:TrackPointExtension>
        </extensions>
      </trkpt>
      <trkpt lat="24.5363419689238071441650390625" lon="118.15611756406724452972412109375">
        <ele>23.6000003814697265625</ele>
        <time>2026-08-10T13:19:30.000Z</time>
        <extensions>
          <ns3:TrackPointExtension>
            <ns3:hr>146</ns3:hr>
            <ns3:cad>89</ns3:cad>
          </ns3:TrackPointExtension>
        </extensions>
      </trkpt>
      <trkpt lat="24.5363161526620388031005859375" lon="118.1561044044792652130126953125">
        <ele>23.6000003814697265625</ele>
        <time>2026-08-10T13:19:31.000Z</time>
        <extensions>
          <ns3:TrackPointExtension>
            <ns3:hr>146</ns3:hr>
            <ns3:cad>88</ns3:cad>
          </ns3:TrackPointExtension>
        </extensions>
      </trkpt>
      <trkpt lat="24.53628740273416042327880859375" lon="118.15609409473836421966552734375">
        <ele>23.6000003814697265625</ele>
        <time>2026-08-10T13:19:32.000Z</time>
        <extensions>
          <ns3:TrackPointExtension>
            <ns3:hr>146</ns3:hr>
            <ns3:cad>87</ns3:cad>
          </ns3:TrackPointExtension>
        </extensions>
      </trkpt>
      <trkpt lat="24.536261670291423797607421875" lon="118.1560755707323551177978515625">
        <ele>23.6000003814697265625</ele>
        <time>2026-08-10T13:19:33.000Z</time>
        <extensions>
          <ns3:TrackPointExtension>
            <ns3:hr>146</ns3:hr>
            <ns3:cad>87</ns3:cad>
          </ns3:TrackPointExtension>
        </extensions>
      </trkpt>
      <trkpt lat="24.53624113462865352630615234375" lon="118.15606333315372467041015625">
        <ele>23.6000003814697265625</ele>
        <time>2026-08-10T13:19:34.000Z</time>
        <extensions>
          <ns3:TrackPointExtension>
            <ns3:hr>146</ns3:hr>
            <ns3:cad>89</ns3:cad>
          </ns3:TrackPointExtension>
        </extensions>
      </trkpt>
      <trkpt lat="24.5362135581672191619873046875" lon="118.15603860653936862945556640625">
        <ele>23.6000003814697265625</ele>
        <time>2026-08-10T13:19:35.000Z</time>
        <extensions>
          <ns3:TrackPointExtension>
            <ns3:hr>146</ns3:hr>
            <ns3:cad>89</ns3:cad>
          </ns3:TrackPointExtension>
        </extensions>
      </trkpt>
      <trkpt lat="24.53619436360895633697509765625" lon="118.15602779388427734375">
        <ele>23.6000003814697265625</ele>
        <time>2026-08-10T13:19:36.000Z</time>
        <extensions>
          <ns3:TrackPointExtension>
            <ns3:hr>145</ns3:hr>
            <ns3:cad>89</ns3:cad>
          </ns3:TrackPointExtension>
        </extensions>
      </trkpt>
      <trkpt lat="24.536167792975902557373046875" lon="118.1560023128986358642578125">
        <ele>23.6000003814697265625</ele>
        <time>2026-08-10T13:19:37.000Z</time>
        <extensions>
          <ns3:TrackPointExtension>
            <ns3:hr>146</ns3:hr>
            <ns3:cad>89</ns3:cad>
          </ns3:TrackPointExtension>
        </extensions>
      </trkpt>
      <trkpt lat="24.53615061007440090179443359375" lon="118.1559907458722591400146484375">
        <ele>23.6000003814697265625</ele>
        <time>2026-08-10T13:19:38.000Z</time>
        <extensions>
          <ns3:TrackPointExtension>
            <ns3:hr>145</ns3:hr>
            <ns3:cad>87</ns3:cad>
          </ns3:TrackPointExtension>
        </extensions>
      </trkpt>
      <trkpt lat="24.5361250452697277069091796875" lon="118.1559672765433788299560546875">
        <ele>23.6000003814697265625</ele>
        <time>2026-08-10T13:19:39.000Z</time>
        <extensions>
          <ns3:TrackPointExtension>
            <ns3:hr>145</ns3:hr>
            <ns3:cad>87</ns3:cad>
          </ns3:TrackPointExtension>
        </extensions>
      </trkpt>
      <trkpt lat="24.53610719181597232818603515625" lon="118.15595646388828754425048828125">
        <ele>23.6000003814697265625</ele>
        <time>2026-08-10T13:19:40.000Z</time>
        <extensions>
          <ns3:TrackPointExtension>
            <ns3:hr>145</ns3:hr>
            <ns3:cad>87</ns3:cad>
          </ns3:TrackPointExtension>
        </extensions>
      </trkpt>
      <trkpt lat="24.5360807888209819793701171875" lon="118.155939280986785888671875">
        <ele>23.6000003814697265625</ele>
        <time>2026-08-10T13:19:41.000Z</time>
        <extensions>
          <ns3:TrackPointExtension>
            <ns3:hr>146</ns3:hr>
            <ns3:cad>88</ns3:cad>
          </ns3:TrackPointExtension>
        </extensions>
      </trkpt>
      <trkpt lat="24.5360643602907657623291015625" lon="118.15592511557042598724365234375">
        <ele>23.6000003814697265625</ele>
        <time>2026-08-10T13:19:42.000Z</time>
        <extensions>
          <ns3:TrackPointExtension>
            <ns3:hr>145</ns3:hr>
            <ns3:cad>89</ns3:cad>
          </ns3:TrackPointExtension>
        </extensions>
      </trkpt>
      <trkpt lat="24.53603737056255340576171875" lon="118.15590566955506801605224609375">
        <ele>23.6000003814697265625</ele>
        <time>2026-08-10T13:19:43.000Z</time>
        <extensions>
          <ns3:TrackPointExtension>
            <ns3:hr>145</ns3:hr>
            <ns3:cad>89</ns3:cad>
          </ns3:TrackPointExtension>
        </extensions>
      </trkpt>
      <trkpt lat="24.5360130630433559417724609375" lon="118.15589427016675472259521484375">
        <ele>23.6000003814697265625</ele>
        <time>2026-08-10T13:19:44.000Z</time>
        <extensions>
          <ns3:TrackPointExtension>
            <ns3:hr>144</ns3:hr>
            <ns3:cad>88</ns3:cad>
          </ns3:TrackPointExtension>
        </extensions>
      </trkpt>
      <trkpt lat="24.53598598949611186981201171875" lon="118.15587750636041164398193359375">
        <ele>23.6000003814697265625</ele>
        <time>2026-08-10T13:19:45.000Z</time>
        <extensions>
          <ns3:TrackPointExtension>
            <ns3:hr>144</ns3:hr>
            <ns3:cad>88</ns3:cad>
          </ns3:TrackPointExtension>
        </extensions>
      </trkpt>
      <trkpt lat="24.53596134670078754425048828125" lon="118.15586023963987827301025390625">
        <ele>23.6000003814697265625</ele>
        <time>2026-08-10T13:19:46.000Z</time>
        <extensions>
          <ns3:TrackPointExtension>
            <ns3:hr>144</ns3:hr>
            <ns3:cad>88</ns3:cad>
          </ns3:TrackPointExtension>
        </extensions>
      </trkpt>
      <trkpt lat="24.5359382964670658111572265625" lon="118.15584733150899410247802734375">
        <ele>23.6000003814697265625</ele>
        <time>2026-08-10T13:19:47.000Z</time>
        <extensions>
          <ns3:TrackPointExtension>
            <ns3:hr>144</ns3:hr>
            <ns3:cad>87</ns3:cad>
          </ns3:TrackPointExtension>
        </extensions>
      </trkpt>
      <trkpt lat="24.5359133183956146240234375" lon="118.15582671202719211578369140625">
        <ele>23.6000003814697265625</ele>
        <time>2026-08-10T13:19:48.000Z</time>
        <extensions>
          <ns3:TrackPointExtension>
            <ns3:hr>145</ns3:hr>
            <ns3:cad>88</ns3:cad>
          </ns3:TrackPointExtension>
        </extensions>
      </trkpt>
      <trkpt lat="24.5358926989138126373291015625" lon="118.15581715665757656097412109375">
        <ele>23.799999237060546875</ele>
        <time>2026-08-10T13:19:49.000Z</time>
        <extensions>
          <ns3:TrackPointExtension>
            <ns3:hr>144</ns3:hr>
            <ns3:cad>88</ns3:cad>
          </ns3:TrackPointExtension>
        </extensions>
      </trkpt>
      <trkpt lat="24.53586436808109283447265625" lon="118.15579737536609172821044921875">
        <ele>23.799999237060546875</ele>
        <time>2026-08-10T13:19:50.000Z</time>
        <extensions>
          <ns3:TrackPointExtension>
            <ns3:hr>144</ns3:hr>
            <ns3:cad>89</ns3:cad>
          </ns3:TrackPointExtension>
        </extensions>
      </trkpt>
      <trkpt lat="24.5358450897037982940673828125" lon="118.1557902507483959197998046875">
        <ele>23.799999237060546875</ele>
        <time>2026-08-10T13:19:51.000Z</time>
        <extensions>
          <ns3:TrackPointExtension>
            <ns3:hr>144</ns3:hr>
            <ns3:cad>89</ns3:cad>
          </ns3:TrackPointExtension>
        </extensions>
      </trkpt>
      <trkpt lat="24.53581667505204677581787109375" lon="118.15576937980949878692626953125">
        <ele>23.799999237060546875</ele>
        <time>2026-08-10T13:19:52.000Z</time>
        <extensions>
          <ns3:TrackPointExtension>
            <ns3:hr>145</ns3:hr>
            <ns3:cad>89</ns3:cad>
          </ns3:TrackPointExtension>
        </extensions>
      </trkpt>
      <trkpt lat="24.5357951335608959197998046875" lon="118.15576116554439067840576171875">
        <ele>23.799999237060546875</ele>
        <time>2026-08-10T13:19:53.000Z</time>
        <extensions>
          <ns3:TrackPointExtension>
            <ns3:hr>144</ns3:hr>
            <ns3:cad>88</ns3:cad>
          </ns3:TrackPointExtension>
        </extensions>
      </trkpt>
      <trkpt lat="24.53576914966106414794921875" lon="118.155742473900318145751953125">
        <ele>23.799999237060546875</ele>
        <time>2026-08-10T13:19:54.000Z</time>
        <extensions>
          <ns3:TrackPointExtension>
            <ns3:hr>144</ns3:hr>
            <ns3:cad>87</ns3:cad>
          </ns3:TrackPointExtension>
        </extensions>
      </trkpt>
      <trkpt lat="24.535750709474086761474609375" lon="118.155733756721019744873046875">
        <ele>23.799999237060546875</ele>
        <time>2026-08-10T13:19:55.000Z</time>
        <extensions>
          <ns3:TrackPointExtension>
            <ns3:hr>145</ns3:hr>
            <ns3:cad>87</ns3:cad>
          </ns3:TrackPointExtension>
        </extensions>
      </trkpt>
      <trkpt lat="24.5357228815555572509765625" lon="118.15571757964789867401123046875">
        <ele>24</ele>
        <time>2026-08-10T13:19:56.000Z</time>
        <extensions>
          <ns3:TrackPointExtension>
            <ns3:hr>145</ns3:hr>
            <ns3:cad>87</ns3:cad>
          </ns3:TrackPointExtension>
        </extensions>
      </trkpt>
      <trkpt lat="24.5356999151408672332763671875" lon="118.15570450387895107269287109375">
        <ele>24</ele>
        <time>2026-08-10T13:19:57.000Z</time>
        <extensions>
          <ns3:TrackPointExtension>
            <ns3:hr>145</ns3:hr>
            <ns3:cad>87</ns3:cad>
          </ns3:TrackPointExtension>
        </extensions>
      </trkpt>
      <trkpt lat="24.53567267395555973052978515625" lon="118.15569109283387660980224609375">
        <ele>24</ele>
        <time>2026-08-10T13:19:58.000Z</time>
        <extensions>
          <ns3:TrackPointExtension>
            <ns3:hr>145</ns3:hr>
            <ns3:cad>88</ns3:cad>
          </ns3:TrackPointExtension>
        </extensions>
      </trkpt>
      <trkpt lat="24.5356476120650768280029296875" lon="118.15567818470299243927001953125">
        <ele>24</ele>
        <time>2026-08-10T13:19:59.000Z</time>
        <extensions>
          <ns3:TrackPointExtension>
            <ns3:hr>145</ns3:hr>
            <ns3:cad>88</ns3:cad>
          </ns3:TrackPointExtension>
        </extensions>
      </trkpt>
      <trkpt lat="24.5356228016316890716552734375" lon="118.1556672044098377227783203125">
        <ele>24.200000762939453125</ele>
        <time>2026-08-10T13:20:00.000Z</time>
        <extensions>
          <ns3:TrackPointExtension>
            <ns3:hr>145</ns3:hr>
            <ns3:cad>88</ns3:cad>
          </ns3:TrackPointExtension>
        </extensions>
      </trkpt>
      <trkpt lat="24.53560042195022106170654296875" lon="118.1556507758796215057373046875">
        <ele>24.200000762939453125</ele>
        <time>2026-08-10T13:20:01.000Z</time>
        <extensions>
          <ns3:TrackPointExtension>
            <ns3:hr>145</ns3:hr>
            <ns3:cad>88</ns3:cad>
          </ns3:TrackPointExtension>
        </extensions>
      </trkpt>
      <trkpt lat="24.53557644970715045928955078125" lon="118.15564147196710109710693359375">
        <ele>24.200000762939453125</ele>
        <time>2026-08-10T13:20:02.000Z</time>
        <extensions>
          <ns3:TrackPointExtension>
            <ns3:hr>146</ns3:hr>
            <ns3:cad>88</ns3:cad>
          </ns3:TrackPointExtension>
        </extensions>
      </trkpt>
      <trkpt lat="24.53555323183536529541015625" lon="118.15561699680984020233154296875">
        <ele>24.200000762939453125</ele>
        <time>2026-08-10T13:20:03.000Z</time>
        <extensions>
          <ns3:TrackPointExtension>
            <ns3:hr>145</ns3:hr>
            <ns3:cad>87</ns3:cad>
          </ns3:TrackPointExtension>
        </extensions>
      </trkpt>
      <trkpt lat="24.535536468029022216796875" lon="118.15560542978346347808837890625">
        <ele>24.200000762939453125</ele>
        <time>2026-08-10T13:20:04.000Z</time>
        <extensions>
          <ns3:TrackPointExtension>
            <ns3:hr>146</ns3:hr>
            <ns3:cad>87</ns3:cad>
          </ns3:TrackPointExtension>
        </extensions>
      </trkpt>
      <trkpt lat="24.5355104841291904449462890625" lon="118.155583553016185760498046875">
        <ele>24.200000762939453125</ele>
        <time>2026-08-10T13:20:05.000Z</time>
        <extensions>
          <ns3:TrackPointExtension>
            <ns3:hr>146</ns3:hr>
            <ns3:cad>88</ns3:cad>
          </ns3:TrackPointExtension>
        </extensions>
      </trkpt>
      <trkpt lat="24.535492546856403350830078125" lon="118.15557383000850677490234375">
        <ele>24.200000762939453125</ele>
        <time>2026-08-10T13:20:06.000Z</time>
        <extensions>
          <ns3:TrackPointExtension>
            <ns3:hr>146</ns3:hr>
            <ns3:cad>88</ns3:cad>
          </ns3:TrackPointExtension>
        </extensions>
      </trkpt>
      <trkpt lat="24.53546530567109584808349609375" lon="118.15555262379348278045654296875">
        <ele>24.200000762939453125</ele>
        <time>2026-08-10T13:20:07.000Z</time>
        <extensions>
          <ns3:TrackPointExtension>
            <ns3:hr>145</ns3:hr>
            <ns3:cad>88</ns3:cad>
          </ns3:TrackPointExtension>
        </extensions>
      </trkpt>
      <trkpt lat="24.53544518910348415374755859375" lon="118.15553988330066204071044921875">
        <ele>24.200000762939453125</ele>
        <time>2026-08-10T13:20:08.000Z</time>
        <extensions>
          <ns3:TrackPointExtension>
            <ns3:hr>146</ns3:hr>
            <ns3:cad>88</ns3:cad>
          </ns3:TrackPointExtension>
        </extensions>
      </trkpt>
      <trkpt lat="24.53541819937527179718017578125" lon="118.15552110783755779266357421875">
        <ele>24.200000762939453125</ele>
        <time>2026-08-10T13:20:09.000Z</time>
        <extensions>
          <ns3:TrackPointExtension>
            <ns3:hr>146</ns3:hr>
            <ns3:cad>88</ns3:cad>
          </ns3:TrackPointExtension>
        </extensions>
      </trkpt>
      <trkpt lat="24.53539607115089893341064453125" lon="118.15550736151635646820068359375">
        <ele>24.200000762939453125</ele>
        <time>2026-08-10T13:20:10.000Z</time>
        <extensions>
          <ns3:TrackPointExtension>
            <ns3:hr>145</ns3:hr>
            <ns3:cad>87</ns3:cad>
          </ns3:TrackPointExtension>
        </extensions>
      </trkpt>
      <trkpt lat="24.5353683270514011383056640625" lon="118.1554921902716159820556640625">
        <ele>24.200000762939453125</ele>
        <time>2026-08-10T13:20:11.000Z</time>
        <extensions>
          <ns3:TrackPointExtension>
            <ns3:hr>146</ns3:hr>
            <ns3:cad>87</ns3:cad>
          </ns3:TrackPointExtension>
        </extensions>
      </trkpt>
      <trkpt lat="24.53534427098929882049560546875" lon="118.15547450445592403411865234375">
        <ele>24.200000762939453125</ele>
        <time>2026-08-10T13:20:12.000Z</time>
        <extensions>
          <ns3:TrackPointExtension>
            <ns3:hr>145</ns3:hr>
            <ns3:cad>87</ns3:cad>
          </ns3:TrackPointExtension>
        </extensions>
      </trkpt>
      <trkpt lat="24.53531929291784763336181640625" lon="118.1554593332111835479736328125">
        <ele>24.200000762939453125</ele>
        <time>2026-08-10T13:20:13.000Z</time>
        <extensions>
          <ns3:TrackPointExtension>
            <ns3:hr>145</ns3:hr>
            <ns3:cad>88</ns3:cad>
          </ns3:TrackPointExtension>
        </extensions>
      </trkpt>
      <trkpt lat="24.53529247082769870758056640625" lon="118.1554392166435718536376953125">
        <ele>24.200000762939453125</ele>
        <time>2026-08-10T13:20:14.000Z</time>
        <extensions>
          <ns3:TrackPointExtension>
            <ns3:hr>145</ns3:hr>
            <ns3:cad>89</ns3:cad>
          </ns3:TrackPointExtension>
        </extensions>
      </trkpt>
      <trkpt lat="24.535267911851406097412109375" lon="118.15542873926460742950439453125">
        <ele>24.200000762939453125</ele>
        <time>2026-08-10T13:20:15.000Z</time>
        <extensions>
          <ns3:TrackPointExtension>
            <ns3:hr>146</ns3:hr>
            <ns3:cad>89</ns3:cad>
          </ns3:TrackPointExtension>
        </extensions>
      </trkpt>
      <trkpt lat="24.5352400839328765869140625" lon="118.15540443174540996551513671875">
        <ele>24.200000762939453125</ele>
        <time>2026-08-10T13:20:16.000Z</time>
        <extensions>
          <ns3:TrackPointExtension>
            <ns3:hr>145</ns3:hr>
            <ns3:cad>89</ns3:cad>
          </ns3:TrackPointExtension>
        </extensions>
      </trkpt>
      <trkpt lat="24.5352157764136791229248046875" lon="118.15539772622287273406982421875">
        <ele>24.200000762939453125</ele>
        <time>2026-08-10T13:20:17.000Z</time>
        <extensions>
          <ns3:TrackPointExtension>
            <ns3:hr>145</ns3:hr>
            <ns3:cad>87</ns3:cad>
          </ns3:TrackPointExtension>
        </extensions>
      </trkpt>
      <trkpt lat="24.53518836759030818939208984375" lon="118.155377022922039031982421875">
        <ele>24.200000762939453125</ele>
        <time>2026-08-10T13:20:18.000Z</time>
        <extensions>
          <ns3:TrackPointExtension>
            <ns3:hr>146</ns3:hr>
            <ns3:cad>87</ns3:cad>
          </ns3:TrackPointExtension>
        </extensions>
      </trkpt>
      <trkpt lat="24.53517235815525054931640625" lon="118.1553691439330577850341796875">
        <ele>24.200000762939453125</ele>
        <time>2026-08-10T13:20:19.000Z</time>
        <extensions>
          <ns3:TrackPointExtension>
            <ns3:hr>145</ns3:hr>
            <ns3:cad>87</ns3:cad>
          </ns3:TrackPointExtension>
        </extensions>
      </trkpt>
      <trkpt lat="24.53514830209314823150634765625" lon="118.15535011701285839080810546875">
        <ele>24.200000762939453125</ele>
        <time>2026-08-10T13:20:20.000Z</time>
        <extensions>
          <ns3:TrackPointExtension>
            <ns3:hr>145</ns3:hr>
            <ns3:cad>86</ns3:cad>
          </ns3:TrackPointExtension>
        </extensions>
      </trkpt>
      <trkpt lat="24.53512676060199737548828125" lon="118.15533888526260852813720703125">
        <ele>24.200000762939453125</ele>
        <time>2026-08-10T13:20:21.000Z</time>
        <extensions>
          <ns3:TrackPointExtension>
            <ns3:hr>146</ns3:hr>
            <ns3:cad>87</ns3:cad>
          </ns3:TrackPointExtension>
        </extensions>
      </trkpt>
      <trkpt lat="24.53510136343538761138916015625" lon="118.1553238816559314727783203125">
        <ele>24.200000762939453125</ele>
        <time>2026-08-10T13:20:22.000Z</time>
        <extensions>
          <ns3:TrackPointExtension>
            <ns3:hr>145</ns3:hr>
            <ns3:cad>88</ns3:cad>
          </ns3:TrackPointExtension>
        </extensions>
      </trkpt>
      <trkpt lat="24.5350766368210315704345703125" lon="118.15531088970601558685302734375">
        <ele>24.3999996185302734375</ele>
        <time>2026-08-10T13:20:23.000Z</time>
        <extensions>
          <ns3:TrackPointExtension>
            <ns3:hr>145</ns3:hr>
            <ns3:cad>88</ns3:cad>
          </ns3:TrackPointExtension>
        </extensions>
      </trkpt>
      <trkpt lat="24.53505107201635837554931640625" lon="118.155301921069622039794921875">
        <ele>24.3999996185302734375</ele>
        <time>2026-08-10T13:20:24.000Z</time>
        <extensions>
          <ns3:TrackPointExtension>
            <ns3:hr>146</ns3:hr>
            <ns3:cad>88</ns3:cad>
          </ns3:TrackPointExtension>
        </extensions>
      </trkpt>
      <trkpt lat="24.53502483665943145751953125" lon="118.15528641454875469207763671875">
        <ele>24.3999996185302734375</ele>
        <time>2026-08-10T13:20:25.000Z</time>
        <extensions>
          <ns3:TrackPointExtension>
            <ns3:hr>146</ns3:hr>
            <ns3:cad>87</ns3:cad>
          </ns3:TrackPointExtension>
        </extensions>
      </trkpt>
      <trkpt lat="24.53500044532120227813720703125" lon="118.155279792845249176025390625">
        <ele>24.3999996185302734375</ele>
        <time>2026-08-10T13:20:26.000Z</time>
        <extensions>
          <ns3:TrackPointExtension>
            <ns3:hr>146</ns3:hr>
            <ns3:cad>87</ns3:cad>
          </ns3:TrackPointExtension>
        </extensions>
      </trkpt>
      <trkpt lat="24.53497261740267276763916015625" lon="118.15526210702955722808837890625">
        <ele>24.6000003814697265625</ele>
        <time>2026-08-10T13:20:27.000Z</time>
        <extensions>
          <ns3:TrackPointExtension>
            <ns3:hr>146</ns3:hr>
            <ns3:cad>87</ns3:cad>
          </ns3:TrackPointExtension>
        </extensions>
      </trkpt>
      <trkpt lat="24.5349519141018390655517578125" lon="118.155257664620876312255859375">
        <ele>24.6000003814697265625</ele>
        <time>2026-08-10T13:20:28.000Z</time>
        <extensions>
          <ns3:TrackPointExtension>
            <ns3:hr>145</ns3:hr>
            <ns3:cad>87</ns3:cad>
          </ns3:TrackPointExtension>
        </extensions>
      </trkpt>
      <trkpt lat="24.53492115251719951629638671875" lon="118.155241906642913818359375">
        <ele>24.6000003814697265625</ele>
        <time>2026-08-10T13:20:29.000Z</time>
        <extensions>
          <ns3:TrackPointExtension>
            <ns3:hr>145</ns3:hr>
            <ns3:cad>87</ns3:cad>
          </ns3:TrackPointExtension>
        </extensions>
      </trkpt>
      <trkpt lat="24.53489743173122406005859375" lon="118.15523930825293064117431640625">
        <ele>24.6000003814697265625</ele>
        <time>2026-08-10T13:20:30.000Z</time>
        <extensions>
          <ns3:TrackPointExtension>
            <ns3:hr>145</ns3:hr>
            <ns3:cad>89</ns3:cad>
          </ns3:TrackPointExtension>
        </extensions>
      </trkpt>
      <trkpt lat="24.53486256301403045654296875" lon="118.1552293337881565093994140625">
        <ele>24.6000003814697265625</ele>
        <time>2026-08-10T13:20:31.000Z</time>
        <extensions>
          <ns3:TrackPointExtension>
            <ns3:hr>144</ns3:hr>
            <ns3:cad>89</ns3:cad>
          </ns3:TrackPointExtension>
        </extensions>
      </trkpt>
      <trkpt lat="24.53484068624675273895263671875" lon="118.15523226745426654815673828125">
        <ele>24.6000003814697265625</ele>
        <time>2026-08-10T13:20:32.000Z</time>
        <extensions>
          <ns3:TrackPointExtension>
            <ns3:hr>143</ns3:hr>
            <ns3:cad>89</ns3:cad>
          </ns3:TrackPointExtension>
        </extensions>
      </trkpt>
      <trkpt lat="24.5348064042627811431884765625" lon="118.15523059107363224029541015625">
        <ele>24.6000003814697265625</ele>
        <time>2026-08-10T13:20:33.000Z</time>
        <extensions>
          <ns3:TrackPointExtension>
            <ns3:hr>142</ns3:hr>
            <ns3:cad>88</ns3:cad>
          </ns3:TrackPointExtension>
        </extensions>
      </trkpt>
      <trkpt lat="24.5347805880010128021240234375" lon="118.15522656776010990142822265625">
        <ele>24.6000003814697265625</ele>
        <time>2026-08-10T13:20:34.000Z</time>
        <extensions>
          <ns3:TrackPointExtension>
            <ns3:hr>141</ns3:hr>
            <ns3:cad>88</ns3:cad>
          </ns3:TrackPointExtension>
        </extensions>
      </trkpt>
      <trkpt lat="24.5347453840076923370361328125" lon="118.15522673539817333221435546875">
        <ele>24.6000003814697265625</ele>
        <time>2026-08-10T13:20:35.000Z</time>
        <extensions>
          <ns3:TrackPointExtension>
            <ns3:hr>140</ns3:hr>
            <ns3:cad>87</ns3:cad>
          </ns3:TrackPointExtension>
        </extensions>
      </trkpt>
      <trkpt lat="24.53471730463206768035888671875" lon="118.15522908233106136322021484375">
        <ele>24.6000003814697265625</ele>
        <time>2026-08-10T13:20:36.000Z</time>
        <extensions>
          <ns3:TrackPointExtension>
            <ns3:hr>139</ns3:hr>
            <ns3:cad>87</ns3:cad>
          </ns3:TrackPointExtension>
        </extensions>
      </trkpt>
      <trkpt lat="24.53468679450452327728271484375" lon="118.15523293800652027130126953125">
        <ele>24.799999237060546875</ele>
        <time>2026-08-10T13:20:37.000Z</time>
        <extensions>
          <ns3:TrackPointExtension>
            <ns3:hr>138</ns3:hr>
            <ns3:cad>89</ns3:cad>
          </ns3:TrackPointExtension>
        </extensions>
      </trkpt>
      <trkpt lat="24.53466097824275493621826171875" lon="118.1552346982061862945556640625">
        <ele>24.799999237060546875</ele>
        <time>2026-08-10T13:20:38.000Z</time>
        <extensions>
          <ns3:TrackPointExtension>
            <ns3:hr>137</ns3:hr>
            <ns3:cad>89</ns3:cad>
          </ns3:TrackPointExtension>
        </extensions>
      </trkpt>
      <trkpt lat="24.5346350781619548797607421875" lon="118.1552460975944995880126953125">
        <ele>24.799999237060546875</ele>
        <time>2026-08-10T13:20:39.000Z</time>
        <extensions>
          <ns3:TrackPointExtension>
            <ns3:hr>137</ns3:hr>
            <ns3:cad>89</ns3:cad>
          </ns3:TrackPointExtension>
        </extensions>
      </trkpt>
      <trkpt lat="24.5346075855195522308349609375" lon="118.15525154583156108856201171875">
        <ele>25</ele>
        <time>2026-08-10T13:20:40.000Z</time>
        <extensions>
          <ns3:TrackPointExtension>
            <ns3:hr>136</ns3:hr>
            <ns3:cad>89</ns3:cad>
          </ns3:TrackPointExtension>
        </extensions>
      </trkpt>
      <trkpt lat="24.53458520583808422088623046875" lon="118.1552648730576038360595703125">
        <ele>25</ele>
        <time>2026-08-10T13:20:41.000Z</time>
        <extensions>
          <ns3:TrackPointExtension>
            <ns3:hr>135</ns3:hr>
            <ns3:cad>88</ns3:cad>
          </ns3:TrackPointExtension>
        </extensions>
      </trkpt>
      <trkpt lat="24.53455586917698383331298828125" lon="118.155270405113697052001953125">
        <ele>25</ele>
        <time>2026-08-10T13:20:42.000Z</time>
        <extensions>
          <ns3:TrackPointExtension>
            <ns3:hr>134</ns3:hr>
            <ns3:cad>88</ns3:cad>
          </ns3:TrackPointExtension>
        </extensions>
      </trkpt>
      <trkpt lat="24.53453675843775272369384765625" lon="118.155283816158771514892578125">
        <ele>25</ele>
        <time>2026-08-10T13:20:43.000Z</time>
        <extensions>
          <ns3:TrackPointExtension>
            <ns3:hr>134</ns3:hr>
            <ns3:cad>87</ns3:cad>
          </ns3:TrackPointExtension>
        </extensions>
      </trkpt>
      <trkpt lat="24.5345029793679714202880859375" lon="118.15529010258615016937255859375">
        <ele>25</ele>
        <time>2026-08-10T13:20:44.000Z</time>
        <extensions>
          <ns3:TrackPointExtension>
            <ns3:hr>134</ns3:hr>
            <ns3:cad>87</ns3:cad>
          </ns3:TrackPointExtension>
        </extensions>
      </trkpt>
      <trkpt lat="24.534482695162296295166015625" lon="118.15529731102287769317626953125">
        <ele>25</ele>
        <time>2026-08-10T13:20:45.000Z</time>
        <extensions>
          <ns3:TrackPointExtension>
            <ns3:hr>135</ns3:hr>
            <ns3:cad>89</ns3:cad>
          </ns3:TrackPointExtension>
        </extensions>
      </trkpt>
      <trkpt lat="24.53444975428283214569091796875" lon="118.155303932726383209228515625">
        <ele>25</ele>
        <time>2026-08-10T13:20:46.000Z</time>
        <extensions>
          <ns3:TrackPointExtension>
            <ns3:hr>140</ns3:hr>
            <ns3:cad>89</ns3:cad>
          </ns3:TrackPointExtension>
        </extensions>
      </trkpt>
      <trkpt lat="24.534429721534252166748046875" lon="118.15531441010534763336181640625">
        <ele>25</ele>
        <time>2026-08-10T13:20:47.000Z</time>
        <extensions>
          <ns3:TrackPointExtension>
            <ns3:hr>143</ns3:hr>
            <ns3:cad>88</ns3:cad>
          </ns3:TrackPointExtension>
        </extensions>
      </trkpt>
      <trkpt lat="24.53439854085445404052734375" lon="118.15532363019883632659912109375">
        <ele>25</ele>
        <time>2026-08-10T13:20:48.000Z</time>
        <extensions>
          <ns3:TrackPointExtension>
            <ns3:hr>143</ns3:hr>
            <ns3:cad>88</ns3:cad>
          </ns3:TrackPointExtension>
        </extensions>
      </trkpt>
      <trkpt lat="24.5343742333352565765380859375" lon="118.1553319282829761505126953125">
        <ele>25</ele>
        <time>2026-08-10T13:20:49.000Z</time>
        <extensions>
          <ns3:TrackPointExtension>
            <ns3:hr>144</ns3:hr>
            <ns3:cad>88</ns3:cad>
          </ns3:TrackPointExtension>
        </extensions>
      </trkpt>
      <trkpt lat="24.53434682451188564300537109375" lon="118.1553429923951625823974609375">
        <ele>25</ele>
        <time>2026-08-10T13:20:50.000Z</time>
        <extensions>
          <ns3:TrackPointExtension>
            <ns3:hr>144</ns3:hr>
            <ns3:cad>87</ns3:cad>
          </ns3:TrackPointExtension>
        </extensions>
      </trkpt>
      <trkpt lat="24.53432050533592700958251953125" lon="118.15534693188965320587158203125">
        <ele>25</ele>
        <time>2026-08-10T13:20:51.000Z</time>
        <extensions>
          <ns3:TrackPointExtension>
            <ns3:hr>144</ns3:hr>
            <ns3:cad>87</ns3:cad>
          </ns3:TrackPointExtension>
        </extensions>
      </trkpt>
      <trkpt lat="24.534297622740268707275390625" lon="118.15535657107830047607421875">
        <ele>25</ele>
        <time>2026-08-10T13:20:52.000Z</time>
        <extensions>
          <ns3:TrackPointExtension>
            <ns3:hr>145</ns3:hr>
            <ns3:cad>87</ns3:cad>
          </ns3:TrackPointExtension>
        </extensions>
      </trkpt>
      <trkpt lat="24.53426778316497802734375" lon="118.1553505361080169677734375">
        <ele>25</ele>
        <time>2026-08-10T13:20:53.000Z</time>
        <extensions>
          <ns3:TrackPointExtension>
            <ns3:hr>146</ns3:hr>
            <ns3:cad>88</ns3:cad>
          </ns3:TrackPointExtension>
        </extensions>
      </trkpt>
      <trkpt lat="24.5342454873025417327880859375" lon="118.15535916946828365325927734375">
        <ele>25</ele>
        <time>2026-08-10T13:20:54.000Z</time>
        <extensions>
          <ns3:TrackPointExtension>
            <ns3:hr>147</ns3:hr>
            <ns3:cad>88</ns3:cad>
          </ns3:TrackPointExtension>
        </extensions>
      </trkpt>
      <trkpt lat="24.5342139713466167449951171875" lon="118.15535045228898525238037109375">
        <ele>25</ele>
        <time>2026-08-10T13:20:55.000Z</time>
        <extensions>
          <ns3:TrackPointExtension>
            <ns3:hr>148</ns3:hr>
            <ns3:cad>87</ns3:cad>
          </ns3:TrackPointExtension>
        </extensions>
      </trkpt>
      <trkpt lat="24.5341921783983707427978515625" lon="118.1553550623357295989990234375">
        <ele>24.799999237060546875</ele>
        <time>2026-08-10T13:20:56.000Z</time>
        <extensions>
          <ns3:TrackPointExtension>
            <ns3:hr>148</ns3:hr>
            <ns3:cad>87</ns3:cad>
          </ns3:TrackPointExtension>
        </extensions>
      </trkpt>
      <trkpt lat="24.53415638767182826995849609375" lon="118.1553493626415729522705078125">
        <ele>24.799999237060546875</ele>
        <time>2026-08-10T13:20:57.000Z</time>
        <extensions>
          <ns3:TrackPointExtension>
            <ns3:hr>148</ns3:hr>
            <ns3:cad>86</ns3:cad>
          </ns3:TrackPointExtension>
        </extensions>
      </trkpt>
      <trkpt lat="24.5341368578374385833740234375" lon="118.1553500331938266754150390625">
        <ele>24.799999237060546875</ele>
        <time>2026-08-10T13:20:58.000Z</time>
        <extensions>
          <ns3:TrackPointExtension>
            <ns3:hr>148</ns3:hr>
            <ns3:cad>86</ns3:cad>
          </ns3:TrackPointExtension>
        </extensions>
      </trkpt>
      <trkpt lat="24.53410425223410129547119140625" lon="118.15534852445125579833984375">
        <ele>24.799999237060546875</ele>
        <time>2026-08-10T13:20:59.000Z</time>
        <extensions>
          <ns3:TrackPointExtension>
            <ns3:hr>148</ns3:hr>
            <ns3:cad>86</ns3:cad>
          </ns3:TrackPointExtension>
        </extensions>
      </trkpt>
      <trkpt lat="24.53407960943877696990966796875" lon="118.15534257330000400543212890625">
        <ele>25</ele>
        <time>2026-08-10T13:21:00.000Z</time>
        <extensions>
          <ns3:TrackPointExtension>
            <ns3:hr>148</ns3:hr>
            <ns3:cad>88</ns3:cad>
          </ns3:TrackPointExtension>
        </extensions>
      </trkpt>
      <trkpt lat="24.5340478420257568359375" lon="118.15533938817679882049560546875">
        <ele>25</ele>
        <time>2026-08-10T13:21:01.000Z</time>
        <extensions>
          <ns3:TrackPointExtension>
            <ns3:hr>148</ns3:hr>
            <ns3:cad>88</ns3:cad>
          </ns3:TrackPointExtension>
        </extensions>
      </trkpt>
      <trkpt lat="24.5340198464691638946533203125" lon="118.1553268991410732269287109375">
        <ele>25</ele>
        <time>2026-08-10T13:21:02.000Z</time>
        <extensions>
          <ns3:TrackPointExtension>
            <ns3:hr>149</ns3:hr>
            <ns3:cad>87</ns3:cad>
          </ns3:TrackPointExtension>
        </extensions>
      </trkpt>
      <trkpt lat="24.5339926891028881072998046875" lon="118.15532304346561431884765625">
        <ele>25</ele>
        <time>2026-08-10T13:21:03.000Z</time>
        <extensions>
          <ns3:TrackPointExtension>
            <ns3:hr>148</ns3:hr>
            <ns3:cad>87</ns3:cad>
          </ns3:TrackPointExtension>
        </extensions>
      </trkpt>
      <trkpt lat="24.53396377153694629669189453125" lon="118.1553084589540958404541015625">
        <ele>25</ele>
        <time>2026-08-10T13:21:04.000Z</time>
        <extensions>
          <ns3:TrackPointExtension>
            <ns3:hr>148</ns3:hr>
            <ns3:cad>87</ns3:cad>
          </ns3:TrackPointExtension>
        </extensions>
      </trkpt>
      <trkpt lat="24.53394097276031970977783203125" lon="118.15530426800251007080078125">
        <ele>24.799999237060546875</ele>
        <time>2026-08-10T13:21:05.000Z</time>
        <extensions>
          <ns3:TrackPointExtension>
            <ns3:hr>148</ns3:hr>
            <ns3:cad>86</ns3:cad>
          </ns3:TrackPointExtension>
        </extensions>
      </trkpt>
      <trkpt lat="24.53391348011791706085205078125" lon="118.15528255887329578399658203125">
        <ele>24.799999237060546875</ele>
        <time>2026-08-10T13:21:06.000Z</time>
        <extensions>
          <ns3:TrackPointExtension>
            <ns3:hr>149</ns3:hr>
            <ns3:cad>86</ns3:cad>
          </ns3:TrackPointExtension>
        </extensions>
      </trkpt>
      <trkpt lat="24.53389219008386135101318359375" lon="118.15527669154107570648193359375">
        <ele>24.799999237060546875</ele>
        <time>2026-08-10T13:21:07.000Z</time>
        <extensions>
          <ns3:TrackPointExtension>
            <ns3:hr>149</ns3:hr>
            <ns3:cad>86</ns3:cad>
          </ns3:TrackPointExtension>
        </extensions>
      </trkpt>
      <trkpt lat="24.53386302106082439422607421875" lon="118.155259005725383758544921875">
        <ele>24.799999237060546875</ele>
        <time>2026-08-10T13:21:08.000Z</time>
        <extensions>
          <ns3:TrackPointExtension>
            <ns3:hr>149</ns3:hr>
            <ns3:cad>87</ns3:cad>
          </ns3:TrackPointExtension>
        </extensions>
      </trkpt>
      <trkpt lat="24.53384474851191043853759765625" lon="118.15524500794708728790283203125">
        <ele>25</ele>
        <time>2026-08-10T13:21:09.000Z</time>
        <extensions>
          <ns3:TrackPointExtension>
            <ns3:hr>149</ns3:hr>
            <ns3:cad>88</ns3:cad>
          </ns3:TrackPointExtension>
        </extensions>
      </trkpt>
      <trkpt lat="24.53381893225014209747314453125" lon="118.15522841177880764007568359375">
        <ele>24.799999237060546875</ele>
        <time>2026-08-10T13:21:10.000Z</time>
        <extensions>
          <ns3:TrackPointExtension>
            <ns3:hr>148</ns3:hr>
            <ns3:cad>88</ns3:cad>
          </ns3:TrackPointExtension>
        </extensions>
      </trkpt>
      <trkpt lat="24.53379772603511810302734375" lon="118.1552108936011791229248046875">
        <ele>24.799999237060546875</ele>
        <time>2026-08-10T13:21:11.000Z</time>
        <extensions>
          <ns3:TrackPointExtension>
            <ns3:hr>148</ns3:hr>
            <ns3:cad>87</ns3:cad>
          </ns3:TrackPointExtension>
        </extensions>
      </trkpt>
      <trkpt lat="24.5337777771055698394775390625" lon="118.15519471652805805206298828125">
        <ele>25</ele>
        <time>2026-08-10T13:21:12.000Z</time>
        <extensions>
          <ns3:TrackPointExtension>
            <ns3:hr>148</ns3:hr>
            <ns3:cad>87</ns3:cad>
          </ns3:TrackPointExtension>
        </extensions>
      </trkpt>
      <trkpt lat="24.533757828176021575927734375" lon="118.1551693193614482879638671875">
        <ele>25</ele>
        <time>2026-08-10T13:21:13.000Z</time>
        <extensions>
          <ns3:TrackPointExtension>
            <ns3:hr>148</ns3:hr>
            <ns3:cad>87</ns3:cad>
          </ns3:TrackPointExtension>
        </extensions>
      </trkpt>
      <trkpt lat="24.53373678959906101226806640625" lon="118.155153729021549224853515625">
        <ele>25</ele>
        <time>2026-08-10T13:21:14.000Z</time>
        <extensions>
          <ns3:TrackPointExtension>
            <ns3:hr>148</ns3:hr>
            <ns3:cad>86</ns3:cad>
          </ns3:TrackPointExtension>
        </extensions>
      </trkpt>
      <trkpt lat="24.53371684066951274871826171875" lon="118.15512112341821193695068359375">
        <ele>24.799999237060546875</ele>
        <time>2026-08-10T13:21:15.000Z</time>
        <extensions>
          <ns3:TrackPointExtension>
            <ns3:hr>148</ns3:hr>
            <ns3:cad>86</ns3:cad>
          </ns3:TrackPointExtension>
        </extensions>
      </trkpt>
      <trkpt lat="24.5336963050067424774169921875" lon="118.15510318614542484283447265625">
        <ele>24.799999237060546875</ele>
        <time>2026-08-10T13:21:16.000Z</time>
        <extensions>
          <ns3:TrackPointExtension>
            <ns3:hr>149</ns3:hr>
            <ns3:cad>87</ns3:cad>
          </ns3:TrackPointExtension>
        </extensions>
      </trkpt>
      <trkpt lat="24.53367509879171848297119140625" lon="118.155064545571804046630859375">
        <ele>24.799999237060546875</ele>
        <time>2026-08-10T13:21:17.000Z</time>
        <extensions>
          <ns3:TrackPointExtension>
            <ns3:hr>148</ns3:hr>
            <ns3:cad>88</ns3:cad>
          </ns3:TrackPointExtension>
        </extensions>
      </trkpt>
      <trkpt lat="24.53366051428020000457763671875" lon="118.1550432555377483367919921875">
        <ele>24.799999237060546875</ele>
        <time>2026-08-10T13:21:18.000Z</time>
        <extensions>
          <ns3:TrackPointExtension>
            <ns3:hr>148</ns3:hr>
            <ns3:cad>88</ns3:cad>
          </ns3:TrackPointExtension>
        </extensions>
      </trkpt>
      <trkpt lat="24.533642493188381195068359375" lon="118.1550098955631256103515625">
        <ele>24.799999237060546875</ele>
        <time>2026-08-10T13:21:19.000Z</time>
        <extensions>
          <ns3:TrackPointExtension>
            <ns3:hr>149</ns3:hr>
            <ns3:cad>88</ns3:cad>
          </ns3:TrackPointExtension>
        </extensions>
      </trkpt>
      <trkpt lat="24.53363067470490932464599609375" lon="118.1549870967864990234375">
        <ele>25</ele>
        <time>2026-08-10T13:21:20.000Z</time>
        <extensions>
          <ns3:TrackPointExtension>
            <ns3:hr>149</ns3:hr>
            <ns3:cad>88</ns3:cad>
          </ns3:TrackPointExtension>
        </extensions>
      </trkpt>
      <trkpt lat="24.53361189924180507659912109375" lon="118.1549564190208911895751953125">
        <ele>24.799999237060546875</ele>
        <time>2026-08-10T13:21:21.000Z</time>
        <extensions>
          <ns3:TrackPointExtension>
            <ns3:hr>149</ns3:hr>
            <ns3:cad>87</ns3:cad>
          </ns3:TrackPointExtension>
        </extensions>
      </trkpt>
      <trkpt lat="24.53360083512961864471435546875" lon="118.15492607653141021728515625">
        <ele>24.799999237060546875</ele>
        <time>2026-08-10T13:21:22.000Z</time>
        <extensions>
          <ns3:TrackPointExtension>
            <ns3:hr>149</ns3:hr>
            <ns3:cad>87</ns3:cad>
          </ns3:TrackPointExtension>
        </extensions>
      </trkpt>
      <trkpt lat="24.53358675353229045867919921875" lon="118.154894895851612091064453125">
        <ele>24.799999237060546875</ele>
        <time>2026-08-10T13:21:23.000Z</time>
        <extensions>
          <ns3:TrackPointExtension>
            <ns3:hr>149</ns3:hr>
            <ns3:cad>87</ns3:cad>
          </ns3:TrackPointExtension>
        </extensions>
      </trkpt>
      <trkpt lat="24.5335782878100872039794921875" lon="118.15486078150570392608642578125">
        <ele>24.6000003814697265625</ele>
        <time>2026-08-10T13:21:24.000Z</time>
        <extensions>
          <ns3:TrackPointExtension>
            <ns3:hr>149</ns3:hr>
            <ns3:cad>87</ns3:cad>
          </ns3:TrackPointExtension>
        </extensions>
      </trkpt>
      <trkpt lat="24.53356848098337650299072265625" lon="118.15483798272907733917236328125">
        <ele>24.6000003814697265625</ele>
        <time>2026-08-10T13:21:25.000Z</time>
        <extensions>
          <ns3:TrackPointExtension>
            <ns3:hr>149</ns3:hr>
            <ns3:cad>87</ns3:cad>
          </ns3:TrackPointExtension>
        </extensions>
      </trkpt>
      <trkpt lat="24.5335611887276172637939453125" lon="118.15480043180286884307861328125">
        <ele>24.6000003814697265625</ele>
        <time>2026-08-10T13:21:26.000Z</time>
        <extensions>
          <ns3:TrackPointExtension>
            <ns3:hr>149</ns3:hr>
            <ns3:cad>87</ns3:cad>
          </ns3:TrackPointExtension>
        </extensions>
      </trkpt>
      <trkpt lat="24.53355054371058940887451171875" lon="118.15477461554110050201416015625">
        <ele>24.6000003814697265625</ele>
        <time>2026-08-10T13:21:27.000Z</time>
        <extensions>
          <ns3:TrackPointExtension>
            <ns3:hr>149</ns3:hr>
            <ns3:cad>87</ns3:cad>
          </ns3:TrackPointExtension>
        </extensions>
      </trkpt>
      <trkpt lat="24.5335440896451473236083984375" lon="118.15474008210003376007080078125">
        <ele>24.6000003814697265625</ele>
        <time>2026-08-10T13:21:28.000Z</time>
        <extensions>
          <ns3:TrackPointExtension>
            <ns3:hr>149</ns3:hr>
            <ns3:cad>87</ns3:cad>
          </ns3:TrackPointExtension>
        </extensions>
      </trkpt>
      <trkpt lat="24.53353730030357837677001953125" lon="118.15471979789435863494873046875">
        <ele>24.6000003814697265625</ele>
        <time>2026-08-10T13:21:29.000Z</time>
        <extensions>
          <ns3:TrackPointExtension>
            <ns3:hr>149</ns3:hr>
            <ns3:cad>87</ns3:cad>
          </ns3:TrackPointExtension>
        </extensions>
      </trkpt>
      <trkpt lat="24.53353327699005603790283203125" lon="118.15468425862491130828857421875">
        <ele>24.6000003814697265625</ele>
        <time>2026-08-10T13:21:30.000Z</time>
        <extensions>
          <ns3:TrackPointExtension>
            <ns3:hr>148</ns3:hr>
            <ns3:cad>87</ns3:cad>
          </ns3:TrackPointExtension>
        </extensions>
      </trkpt>
      <trkpt lat="24.53352824784815311431884765625" lon="118.154658190906047821044921875">
        <ele>24.6000003814697265625</ele>
        <time>2026-08-10T13:21:31.000Z</time>
        <extensions>
          <ns3:TrackPointExtension>
            <ns3:hr>149</ns3:hr>
            <ns3:cad>87</ns3:cad>
          </ns3:TrackPointExtension>
        </extensions>
      </trkpt>
      <trkpt lat="24.5335222966969013214111328125" lon="118.1546288542449474334716796875">
        <ele>24.6000003814697265625</ele>
        <time>2026-08-10T13:21:32.000Z</time>
        <extensions>
          <ns3:TrackPointExtension>
            <ns3:hr>149</ns3:hr>
            <ns3:cad>87</ns3:cad>
          </ns3:TrackPointExtension>
        </extensions>
      </trkpt>
      <trkpt lat="24.5335192792117595672607421875" lon="118.15459675155580043792724609375">
        <ele>24.6000003814697265625</ele>
        <time>2026-08-10T13:21:33.000Z</time>
        <extensions>
          <ns3:TrackPointExtension>
            <ns3:hr>148</ns3:hr>
            <ns3:cad>88</ns3:cad>
          </ns3:TrackPointExtension>
        </extensions>
      </trkpt>
      <trkpt lat="24.53351198695600032806396484375" lon="118.1545726954936981201171875">
        <ele>24.3999996185302734375</ele>
        <time>2026-08-10T13:21:34.000Z</time>
        <extensions>
          <ns3:TrackPointExtension>
            <ns3:hr>148</ns3:hr>
            <ns3:cad>88</ns3:cad>
          </ns3:TrackPointExtension>
        </extensions>
      </trkpt>
      <trkpt lat="24.53351500444114208221435546875" lon="118.15453522838652133941650390625">
        <ele>24.3999996185302734375</ele>
        <time>2026-08-10T13:21:35.000Z</time>
        <extensions>
          <ns3:TrackPointExtension>
            <ns3:hr>148</ns3:hr>
            <ns3:cad>88</ns3:cad>
          </ns3:TrackPointExtension>
        </extensions>
      </trkpt>
      <trkpt lat="24.53351215459406375885009765625" lon="118.1545108370482921600341796875">
        <ele>24.3999996185302734375</ele>
        <time>2026-08-10T13:21:36.000Z</time>
        <extensions>
          <ns3:TrackPointExtension>
            <ns3:hr>148</ns3:hr>
            <ns3:cad>86</ns3:cad>
          </ns3:TrackPointExtension>
        </extensions>
      </trkpt>
      <trkpt lat="24.53351953066885471343994140625" lon="118.15447588451206684112548828125">
        <ele>24.3999996185302734375</ele>
        <time>2026-08-10T13:21:37.000Z</time>
        <extensions>
          <ns3:TrackPointExtension>
            <ns3:hr>148</ns3:hr>
            <ns3:cad>86</ns3:cad>
          </ns3:TrackPointExtension>
        </extensions>
      </trkpt>
      <trkpt lat="24.53352187760174274444580078125" lon="118.15444822423160076141357421875">
        <ele>24.3999996185302734375</ele>
        <time>2026-08-10T13:21:38.000Z</time>
        <extensions>
          <ns3:TrackPointExtension>
            <ns3:hr>148</ns3:hr>
            <ns3:cad>86</ns3:cad>
          </ns3:TrackPointExtension>
        </extensions>
      </trkpt>
      <trkpt lat="24.5335279963910579681396484375" lon="118.15441645681858062744140625">
        <ele>24.3999996185302734375</ele>
        <time>2026-08-10T13:21:39.000Z</time>
        <extensions>
          <ns3:TrackPointExtension>
            <ns3:hr>148</ns3:hr>
            <ns3:cad>86</ns3:cad>
          </ns3:TrackPointExtension>
        </extensions>
      </trkpt>
      <trkpt lat="24.5335370488464832305908203125" lon="118.15438703633844852447509765625">
        <ele>24.3999996185302734375</ele>
        <time>2026-08-10T13:21:40.000Z</time>
        <extensions>
          <ns3:TrackPointExtension>
            <ns3:hr>148</ns3:hr>
            <ns3:cad>86</ns3:cad>
          </ns3:TrackPointExtension>
        </extensions>
      </trkpt>
      <trkpt lat="24.533539898693561553955078125" lon="118.1543629802763462066650390625">
        <ele>24.3999996185302734375</ele>
        <time>2026-08-10T13:21:41.000Z</time>
        <extensions>
          <ns3:TrackPointExtension>
            <ns3:hr>148</ns3:hr>
            <ns3:cad>87</ns3:cad>
          </ns3:TrackPointExtension>
        </extensions>
      </trkpt>
      <trkpt lat="24.53355389647185802459716796875" lon="118.1543324701488018035888671875">
        <ele>24.3999996185302734375</ele>
        <time>2026-08-10T13:21:42.000Z</time>
        <extensions>
          <ns3:TrackPointExtension>
            <ns3:hr>147</ns3:hr>
            <ns3:cad>87</ns3:cad>
          </ns3:TrackPointExtension>
        </extensions>
      </trkpt>
      <trkpt lat="24.5335541479289531707763671875" lon="118.1543063186109066009521484375">
        <ele>24.3999996185302734375</ele>
        <time>2026-08-10T13:21:43.000Z</time>
        <extensions>
          <ns3:TrackPointExtension>
            <ns3:hr>147</ns3:hr>
            <ns3:cad>87</ns3:cad>
          </ns3:TrackPointExtension>
        </extensions>
      </trkpt>
      <trkpt lat="24.53357418067753314971923828125" lon="118.1542764790356159210205078125">
        <ele>24.3999996185302734375</ele>
        <time>2026-08-10T13:21:44.000Z</time>
        <extensions>
          <ns3:TrackPointExtension>
            <ns3:hr>147</ns3:hr>
            <ns3:cad>86</ns3:cad>
          </ns3:TrackPointExtension>
        </extensions>
      </trkpt>
      <trkpt lat="24.5335859991610050201416015625" lon="118.15425158478319644927978515625">
        <ele>24.3999996185302734375</ele>
        <time>2026-08-10T13:21:45.000Z</time>
        <extensions>
          <ns3:TrackPointExtension>
            <ns3:hr>147</ns3:hr>
            <ns3:cad>85</ns3:cad>
          </ns3:TrackPointExtension>
        </extensions>
      </trkpt>
      <trkpt lat="24.53360184095799922943115234375" lon="118.15422107465565204620361328125">
        <ele>24.3999996185302734375</ele>
        <time>2026-08-10T13:21:46.000Z</time>
        <extensions>
          <ns3:TrackPointExtension>
            <ns3:hr>147</ns3:hr>
            <ns3:cad>85</ns3:cad>
          </ns3:TrackPointExtension>
        </extensions>
      </trkpt>
      <trkpt lat="24.533613659441471099853515625" lon="118.15419207327067852020263671875">
        <ele>24.3999996185302734375</ele>
        <time>2026-08-10T13:21:47.000Z</time>
        <extensions>
          <ns3:TrackPointExtension>
            <ns3:hr>147</ns3:hr>
            <ns3:cad>86</ns3:cad>
          </ns3:TrackPointExtension>
        </extensions>
      </trkpt>
      <trkpt lat="24.5336222089827060699462890625" lon="118.1541634909808635711669921875">
        <ele>24.3999996185302734375</ele>
        <time>2026-08-10T13:21:48.000Z</time>
        <extensions>
          <ns3:TrackPointExtension>
            <ns3:hr>147</ns3:hr>
            <ns3:cad>86</ns3:cad>
          </ns3:TrackPointExtension>
        </extensions>
      </trkpt>
      <trkpt lat="24.533642828464508056640625" lon="118.1541354954242706298828125">
        <ele>24.3999996185302734375</ele>
        <time>2026-08-10T13:21:49.000Z</time>
        <extensions>
          <ns3:TrackPointExtension>
            <ns3:hr>147</ns3:hr>
            <ns3:cad>87</ns3:cad>
          </ns3:TrackPointExtension>
        </extensions>
      </trkpt>
      <trkpt lat="24.533653222024440765380859375" lon="118.15411143936216831207275390625">
        <ele>24.3999996185302734375</ele>
        <time>2026-08-10T13:21:50.000Z</time>
        <extensions>
          <ns3:TrackPointExtension>
            <ns3:hr>147</ns3:hr>
            <ns3:cad>87</ns3:cad>
          </ns3:TrackPointExtension>
        </extensions>
      </trkpt>
      <trkpt lat="24.53367769718170166015625" lon="118.154086209833621978759765625">
        <ele>24.3999996185302734375</ele>
        <time>2026-08-10T13:21:51.000Z</time>
        <extensions>
          <ns3:TrackPointExtension>
            <ns3:hr>147</ns3:hr>
            <ns3:cad>87</ns3:cad>
          </ns3:TrackPointExtension>
        </extensions>
      </trkpt>
      <trkpt lat="24.5336875878274440765380859375" lon="118.1540657579898834228515625">
        <ele>24.3999996185302734375</ele>
        <time>2026-08-10T13:21:52.000Z</time>
        <extensions>
          <ns3:TrackPointExtension>
            <ns3:hr>147</ns3:hr>
            <ns3:cad>86</ns3:cad>
          </ns3:TrackPointExtension>
        </extensions>
      </trkpt>
      <trkpt lat="24.5337123982608318328857421875" lon="118.15404404886066913604736328125">
        <ele>24.3999996185302734375</ele>
        <time>2026-08-10T13:21:53.000Z</time>
        <extensions>
          <ns3:TrackPointExtension>
            <ns3:hr>147</ns3:hr>
            <ns3:cad>86</ns3:cad>
          </ns3:TrackPointExtension>
        </extensions>
      </trkpt>
      <trkpt lat="24.5337254740297794342041015625" lon="118.15402259118854999542236328125">
        <ele>24.3999996185302734375</ele>
        <time>2026-08-10T13:21:54.000Z</time>
        <extensions>
          <ns3:TrackPointExtension>
            <ns3:hr>147</ns3:hr>
            <ns3:cad>86</ns3:cad>
          </ns3:TrackPointExtension>
        </extensions>
      </trkpt>
      <trkpt lat="24.5337479375302791595458984375" lon="118.15399811603128910064697265625">
        <ele>24.3999996185302734375</ele>
        <time>2026-08-10T13:21:55.000Z</time>
        <extensions>
          <ns3:TrackPointExtension>
            <ns3:hr>147</ns3:hr>
            <ns3:cad>86</ns3:cad>
          </ns3:TrackPointExtension>
        </extensions>
      </trkpt>
      <trkpt lat="24.53376679681241512298583984375" lon="118.1539777480065822601318359375">
        <ele>24.3999996185302734375</ele>
        <time>2026-08-10T13:21:56.000Z</time>
        <extensions>
          <ns3:TrackPointExtension>
            <ns3:hr>146</ns3:hr>
            <ns3:cad>87</ns3:cad>
          </ns3:TrackPointExtension>
        </extensions>
      </trkpt>
      <trkpt lat="24.5337903499603271484375" lon="118.1539556197822093963623046875">
        <ele>24.3999996185302734375</ele>
        <time>2026-08-10T13:21:57.000Z</time>
        <extensions>
          <ns3:TrackPointExtension>
            <ns3:hr>147</ns3:hr>
            <ns3:cad>87</ns3:cad>
          </ns3:TrackPointExtension>
        </extensions>
      </trkpt>
      <trkpt lat="24.53381725586950778961181640625" lon="118.153938017785549163818359375">
        <ele>24.3999996185302734375</ele>
        <time>2026-08-10T13:21:58.000Z</time>
        <extensions>
          <ns3:TrackPointExtension>
            <ns3:hr>147</ns3:hr>
            <ns3:cad>87</ns3:cad>
          </ns3:TrackPointExtension>
        </extensions>
      </trkpt>
      <trkpt lat="24.53383737243711948394775390625" lon="118.1539190746843814849853515625">
        <ele>24.3999996185302734375</ele>
        <time>2026-08-10T13:21:59.000Z</time>
        <extensions>
          <ns3:TrackPointExtension>
            <ns3:hr>147</ns3:hr>
            <ns3:cad>87</ns3:cad>
          </ns3:TrackPointExtension>
        </extensions>
      </trkpt>
      <trkpt lat="24.5338662900030612945556640625" lon="118.15390557982027530670166015625">
        <ele>24.3999996185302734375</ele>
        <time>2026-08-10T13:22:00.000Z</time>
        <extensions>
          <ns3:TrackPointExtension>
            <ns3:hr>147</ns3:hr>
            <ns3:cad>87</ns3:cad>
          </ns3:TrackPointExtension>
        </extensions>
      </trkpt>
      <trkpt lat="24.533885233104228973388671875" lon="118.15388931892812252044677734375">
        <ele>24.3999996185302734375</ele>
        <time>2026-08-10T13:22:01.000Z</time>
        <extensions>
          <ns3:TrackPointExtension>
            <ns3:hr>147</ns3:hr>
            <ns3:cad>87</ns3:cad>
          </ns3:TrackPointExtension>
        </extensions>
      </trkpt>
      <trkpt lat="24.53391632996499538421630859375" lon="118.15387574024498462677001953125">
        <ele>24.3999996185302734375</ele>
        <time>2026-08-10T13:22:02.000Z</time>
        <extensions>
          <ns3:TrackPointExtension>
            <ns3:hr>147</ns3:hr>
            <ns3:cad>87</ns3:cad>
          </ns3:TrackPointExtension>
        </extensions>
      </trkpt>
      <trkpt lat="24.53393720090389251708984375" lon="118.15385721623897552490234375">
        <ele>24.3999996185302734375</ele>
        <time>2026-08-10T13:22:03.000Z</time>
        <extensions>
          <ns3:TrackPointExtension>
            <ns3:hr>147</ns3:hr>
            <ns3:cad>87</ns3:cad>
          </ns3:TrackPointExtension>
        </extensions>
      </trkpt>
      <trkpt lat="24.53397206962108612060546875" lon="118.15384506247937679290771484375">
        <ele>24.3999996185302734375</ele>
        <time>2026-08-10T13:22:04.000Z</time>
        <extensions>
          <ns3:TrackPointExtension>
            <ns3:hr>146</ns3:hr>
            <ns3:cad>87</ns3:cad>
          </ns3:TrackPointExtension>
        </extensions>
      </trkpt>
      <trkpt lat="24.53399889171123504638671875" lon="118.15383232198655605316162109375">
        <ele>24.3999996185302734375</ele>
        <time>2026-08-10T13:22:05.000Z</time>
        <extensions>
          <ns3:TrackPointExtension>
            <ns3:hr>147</ns3:hr>
            <ns3:cad>87</ns3:cad>
          </ns3:TrackPointExtension>
        </extensions>
      </trkpt>
      <trkpt lat="24.53402797691524028778076171875" lon="118.153820671141147613525390625">
        <ele>24.200000762939453125</ele>
        <time>2026-08-10T13:22:06.000Z</time>
        <extensions>
          <ns3:TrackPointExtension>
            <ns3:hr>147</ns3:hr>
            <ns3:cad>87</ns3:cad>
          </ns3:TrackPointExtension>
        </extensions>
      </trkpt>
      <trkpt lat="24.5340547151863574981689453125" lon="118.15381254069507122039794921875">
        <ele>24.200000762939453125</ele>
        <time>2026-08-10T13:22:07.000Z</time>
        <extensions>
          <ns3:TrackPointExtension>
            <ns3:hr>146</ns3:hr>
            <ns3:cad>87</ns3:cad>
          </ns3:TrackPointExtension>
        </extensions>
      </trkpt>
      <trkpt lat="24.53407977707684040069580078125" lon="118.15380298532545566558837890625">
        <ele>24.200000762939453125</ele>
        <time>2026-08-10T13:22:08.000Z</time>
        <extensions>
          <ns3:TrackPointExtension>
            <ns3:hr>146</ns3:hr>
            <ns3:cad>87</ns3:cad>
          </ns3:TrackPointExtension>
        </extensions>
      </trkpt>
      <trkpt lat="24.53411011956632137298583984375" lon="118.153799213469028472900390625">
        <ele>24.200000762939453125</ele>
        <time>2026-08-10T13:22:09.000Z</time>
        <extensions>
          <ns3:TrackPointExtension>
            <ns3:hr>146</ns3:hr>
            <ns3:cad>87</ns3:cad>
          </ns3:TrackPointExtension>
        </extensions>
      </trkpt>
      <trkpt lat="24.5341350138187408447265625" lon="118.15378705970942974090576171875">
        <ele>24.200000762939453125</ele>
        <time>2026-08-10T13:22:10.000Z</time>
        <extensions>
          <ns3:TrackPointExtension>
            <ns3:hr>146</ns3:hr>
            <ns3:cad>87</ns3:cad>
          </ns3:TrackPointExtension>
        </extensions>
      </trkpt>
      <trkpt lat="24.53416795469820499420166015625" lon="118.1537856347858905792236328125">
        <ele>24</ele>
        <time>2026-08-10T13:22:11.000Z</time>
        <extensions>
          <ns3:TrackPointExtension>
            <ns3:hr>146</ns3:hr>
            <ns3:cad>87</ns3:cad>
          </ns3:TrackPointExtension>
        </extensions>
      </trkpt>
      <trkpt lat="24.5341886579990386962890625" lon="118.15377616323530673980712890625">
        <ele>24</ele>
        <time>2026-08-10T13:22:12.000Z</time>
        <extensions>
          <ns3:TrackPointExtension>
            <ns3:hr>147</ns3:hr>
            <ns3:cad>88</ns3:cad>
          </ns3:TrackPointExtension>
        </extensions>
      </trkpt>
      <trkpt lat="24.5342243649065494537353515625" lon="118.1537769176065921783447265625">
        <ele>24.200000762939453125</ele>
        <time>2026-08-10T13:22:13.000Z</time>
        <extensions>
          <ns3:TrackPointExtension>
            <ns3:hr>147</ns3:hr>
            <ns3:cad>88</ns3:cad>
          </ns3:TrackPointExtension>
        </extensions>
      </trkpt>
      <trkpt lat="24.534245990216732025146484375" lon="118.153769709169864654541015625">
        <ele>24.200000762939453125</ele>
        <time>2026-08-10T13:22:14.000Z</time>
        <extensions>
          <ns3:TrackPointExtension>
            <ns3:hr>147</ns3:hr>
            <ns3:cad>88</ns3:cad>
          </ns3:TrackPointExtension>
        </extensions>
      </trkpt>
      <trkpt lat="24.53427960164844989776611328125" lon="118.15377063117921352386474609375">
        <ele>24.200000762939453125</ele>
        <time>2026-08-10T13:22:15.000Z</time>
        <extensions>
          <ns3:TrackPointExtension>
            <ns3:hr>147</ns3:hr>
            <ns3:cad>88</ns3:cad>
          </ns3:TrackPointExtension>
        </extensions>
      </trkpt>
      <trkpt lat="24.5343034900724887847900390625" lon="118.1537732295691967010498046875">
        <ele>24.200000762939453125</ele>
        <time>2026-08-10T13:22:16.000Z</time>
        <extensions>
          <ns3:TrackPointExtension>
            <ns3:hr>148</ns3:hr>
            <ns3:cad>87</ns3:cad>
          </ns3:TrackPointExtension>
        </extensions>
      </trkpt>
      <trkpt lat="24.53433508984744548797607421875" lon="118.1537733972072601318359375">
        <ele>24.200000762939453125</ele>
        <time>2026-08-10T13:22:17.000Z</time>
        <extensions>
          <ns3:TrackPointExtension>
            <ns3:hr>148</ns3:hr>
            <ns3:cad>87</ns3:cad>
          </ns3:TrackPointExtension>
        </extensions>
      </trkpt>
      <trkpt lat="24.5343604870140552520751953125" lon="118.15377272665500640869140625">
        <ele>24.200000762939453125</ele>
        <time>2026-08-10T13:22:18.000Z</time>
        <extensions>
          <ns3:TrackPointExtension>
            <ns3:hr>149</ns3:hr>
            <ns3:cad>87</ns3:cad>
          </ns3:TrackPointExtension>
        </extensions>
      </trkpt>
      <trkpt lat="24.5343911647796630859375" lon="118.15376845188438892364501953125">
        <ele>24</ele>
        <time>2026-08-10T13:22:19.000Z</time>
        <extensions>
          <ns3:TrackPointExtension>
            <ns3:hr>149</ns3:hr>
            <ns3:cad>87</ns3:cad>
          </ns3:TrackPointExtension>
        </extensions>
      </trkpt>
      <trkpt lat="24.53441924415528774261474609375" lon="118.15376979298889636993408203125">
        <ele>24</ele>
        <time>2026-08-10T13:22:20.000Z</time>
        <extensions>
          <ns3:TrackPointExtension>
            <ns3:hr>149</ns3:hr>
            <ns3:cad>88</ns3:cad>
          </ns3:TrackPointExtension>
        </extensions>
      </trkpt>
      <trkpt lat="24.53444656915962696075439453125" lon="118.15377079881727695465087890625">
        <ele>24</ele>
        <time>2026-08-10T13:22:21.000Z</time>
        <extensions>
          <ns3:TrackPointExtension>
            <ns3:hr>149</ns3:hr>
            <ns3:cad>88</ns3:cad>
          </ns3:TrackPointExtension>
        </extensions>
      </trkpt>
      <trkpt lat="24.5344721339643001556396484375" lon="118.153779096901416778564453125">
        <ele>23.799999237060546875</ele>
        <time>2026-08-10T13:22:22.000Z</time>
        <extensions>
          <ns3:TrackPointExtension>
            <ns3:hr>149</ns3:hr>
            <ns3:cad>88</ns3:cad>
          </ns3:TrackPointExtension>
        </extensions>
      </trkpt>
      <trkpt lat="24.53449702821671962738037109375" lon="118.153782449662685394287109375">
        <ele>23.799999237060546875</ele>
        <time>2026-08-10T13:22:23.000Z</time>
        <extensions>
          <ns3:TrackPointExtension>
            <ns3:hr>149</ns3:hr>
            <ns3:cad>88</ns3:cad>
          </ns3:TrackPointExtension>
        </extensions>
      </trkpt>
      <trkpt lat="24.5345277898013591766357421875" lon="118.15379208885133266448974609375">
        <ele>23.799999237060546875</ele>
        <time>2026-08-10T13:22:24.000Z</time>
        <extensions>
          <ns3:TrackPointExtension>
            <ns3:hr>149</ns3:hr>
            <ns3:cad>88</ns3:cad>
          </ns3:TrackPointExtension>
        </extensions>
      </trkpt>
      <trkpt lat="24.53454874455928802490234375" lon="118.153791837394237518310546875">
        <ele>23.799999237060546875</ele>
        <time>2026-08-10T13:22:25.000Z</time>
        <extensions>
          <ns3:TrackPointExtension>
            <ns3:hr>149</ns3:hr>
            <ns3:cad>87</ns3:cad>
          </ns3:TrackPointExtension>
        </extensions>
      </trkpt>
      <trkpt lat="24.53458352945744991302490234375" lon="118.1537950225174427032470703125">
        <ele>23.799999237060546875</ele>
        <time>2026-08-10T13:22:26.000Z</time>
        <extensions>
          <ns3:TrackPointExtension>
            <ns3:hr>149</ns3:hr>
            <ns3:cad>87</ns3:cad>
          </ns3:TrackPointExtension>
        </extensions>
      </trkpt>
      <trkpt lat="24.53460934571921825408935546875" lon="118.1537948548793792724609375">
        <ele>23.799999237060546875</ele>
        <time>2026-08-10T13:22:27.000Z</time>
        <extensions>
          <ns3:TrackPointExtension>
            <ns3:hr>149</ns3:hr>
            <ns3:cad>88</ns3:cad>
          </ns3:TrackPointExtension>
        </extensions>
      </trkpt>
      <trkpt lat="24.53463993966579437255859375" lon="118.15379058010876178741455078125">
        <ele>23.799999237060546875</ele>
        <time>2026-08-10T13:22:28.000Z</time>
        <extensions>
          <ns3:TrackPointExtension>
            <ns3:hr>148</ns3:hr>
            <ns3:cad>88</ns3:cad>
          </ns3:TrackPointExtension>
        </extensions>
      </trkpt>
      <trkpt lat="24.534667432308197021484375" lon="118.153792507946491241455078125">
        <ele>23.799999237060546875</ele>
        <time>2026-08-10T13:22:29.000Z</time>
        <extensions>
          <ns3:TrackPointExtension>
            <ns3:hr>149</ns3:hr>
            <ns3:cad>87</ns3:cad>
          </ns3:TrackPointExtension>
        </extensions>
      </trkpt>
      <trkpt lat="24.53469718806445598602294921875" lon="118.15378890372812747955322265625">
        <ele>23.799999237060546875</ele>
        <time>2026-08-10T13:22:30.000Z</time>
        <extensions>
          <ns3:TrackPointExtension>
            <ns3:hr>149</ns3:hr>
            <ns3:cad>87</ns3:cad>
          </ns3:TrackPointExtension>
        </extensions>
      </trkpt>
      <trkpt lat="24.534725435078144073486328125" lon="118.15379208885133266448974609375">
        <ele>23.799999237060546875</ele>
        <time>2026-08-10T13:22:31.000Z</time>
        <extensions>
          <ns3:TrackPointExtension>
            <ns3:hr>150</ns3:hr>
            <ns3:cad>87</ns3:cad>
          </ns3:TrackPointExtension>
        </extensions>
      </trkpt>
      <trkpt lat="24.53475368209183216094970703125" lon="118.15378806553781032562255859375">
        <ele>23.799999237060546875</ele>
        <time>2026-08-10T13:22:32.000Z</time>
        <extensions>
          <ns3:TrackPointExtension>
            <ns3:hr>150</ns3:hr>
            <ns3:cad>87</ns3:cad>
          </ns3:TrackPointExtension>
        </extensions>
      </trkpt>
      <trkpt lat="24.5347856171429157257080078125" lon="118.1537876464426517486572265625">
        <ele>23.799999237060546875</ele>
        <time>2026-08-10T13:22:33.000Z</time>
        <extensions>
          <ns3:TrackPointExtension>
            <ns3:hr>149</ns3:hr>
            <ns3:cad>87</ns3:cad>
          </ns3:TrackPointExtension>
        </extensions>
      </trkpt>
      <trkpt lat="24.53480514697730541229248046875" lon="118.1537814438343048095703125">
        <ele>23.799999237060546875</ele>
        <time>2026-08-10T13:22:34.000Z</time>
        <extensions>
          <ns3:TrackPointExtension>
            <ns3:hr>149</ns3:hr>
            <ns3:cad>87</ns3:cad>
          </ns3:TrackPointExtension>
        </extensions>
      </trkpt>
      <trkpt lat="24.53483733348548412322998046875" lon="118.15378001891076564788818359375">
        <ele>23.799999237060546875</ele>
        <time>2026-08-10T13:22:35.000Z</time>
        <extensions>
          <ns3:TrackPointExtension>
            <ns3:hr>149</ns3:hr>
            <ns3:cad>87</ns3:cad>
          </ns3:TrackPointExtension>
        </extensions>
      </trkpt>
      <trkpt lat="24.53485812060534954071044921875" lon="118.1537745706737041473388671875">
        <ele>23.6000003814697265625</ele>
        <time>2026-08-10T13:22:36.000Z</time>
        <extensions>
          <ns3:TrackPointExtension>
            <ns3:hr>149</ns3:hr>
            <ns3:cad>88</ns3:cad>
          </ns3:TrackPointExtension>
        </extensions>
      </trkpt>
      <trkpt lat="24.53488695435225963592529296875" lon="118.1537626683712005615234375">
        <ele>23.6000003814697265625</ele>
        <time>2026-08-10T13:22:37.000Z</time>
        <extensions>
          <ns3:TrackPointExtension>
            <ns3:hr>148</ns3:hr>
            <ns3:cad>88</ns3:cad>
          </ns3:TrackPointExtension>
        </extensions>
      </trkpt>
      <trkpt lat="24.53491059131920337677001953125" lon="118.15375051461160182952880859375">
        <ele>23.6000003814697265625</ele>
        <time>2026-08-10T13:22:38.000Z</time>
        <extensions>
          <ns3:TrackPointExtension>
            <ns3:hr>148</ns3:hr>
            <ns3:cad>88</ns3:cad>
          </ns3:TrackPointExtension>
        </extensions>
      </trkpt>
      <trkpt lat="24.534935988485813140869140625" lon="118.1537340022623538970947265625">
        <ele>23.799999237060546875</ele>
        <time>2026-08-10T13:22:39.000Z</time>
        <extensions>
          <ns3:TrackPointExtension>
            <ns3:hr>148</ns3:hr>
            <ns3:cad>87</ns3:cad>
          </ns3:TrackPointExtension>
        </extensions>
      </trkpt>
      <trkpt lat="24.53495903871953487396240234375" lon="118.15372268669307231903076171875">
        <ele>23.799999237060546875</ele>
        <time>2026-08-10T13:22:40.000Z</time>
        <extensions>
          <ns3:TrackPointExtension>
            <ns3:hr>147</ns3:hr>
            <ns3:cad>87</ns3:cad>
          </ns3:TrackPointExtension>
        </extensions>
      </trkpt>
      <trkpt lat="24.53498384915292263031005859375" lon="118.15370659343898296356201171875">
        <ele>23.799999237060546875</ele>
        <time>2026-08-10T13:22:41.000Z</time>
        <extensions>
          <ns3:TrackPointExtension>
            <ns3:hr>146</ns3:hr>
            <ns3:cad>87</ns3:cad>
          </ns3:TrackPointExtension>
        </extensions>
      </trkpt>
      <trkpt lat="24.53501435928046703338623046875" lon="118.15369569696485996246337890625">
        <ele>23.799999237060546875</ele>
        <time>2026-08-10T13:22:42.000Z</time>
        <extensions>
          <ns3:TrackPointExtension>
            <ns3:hr>146</ns3:hr>
            <ns3:cad>87</ns3:cad>
          </ns3:TrackPointExtension>
        </extensions>
      </trkpt>
      <trkpt lat="24.5350357331335544586181640625" lon="118.1536786817014217376708984375">
        <ele>23.6000003814697265625</ele>
        <time>2026-08-10T13:22:43.000Z</time>
        <extensions>
          <ns3:TrackPointExtension>
            <ns3:hr>146</ns3:hr>
            <ns3:cad>87</ns3:cad>
          </ns3:TrackPointExtension>
        </extensions>
      </trkpt>
      <trkpt lat="24.53506716527044773101806640625" lon="118.1536741554737091064453125">
        <ele>23.6000003814697265625</ele>
        <time>2026-08-10T13:22:44.000Z</time>
        <extensions>
          <ns3:TrackPointExtension>
            <ns3:hr>146</ns3:hr>
            <ns3:cad>88</ns3:cad>
          </ns3:TrackPointExtension>
        </extensions>
      </trkpt>
      <trkpt lat="24.53508853912353515625" lon="118.1536622531712055206298828125">
        <ele>23.6000003814697265625</ele>
        <time>2026-08-10T13:22:45.000Z</time>
        <extensions>
          <ns3:TrackPointExtension>
            <ns3:hr>146</ns3:hr>
            <ns3:cad>88</ns3:cad>
          </ns3:TrackPointExtension>
        </extensions>
      </trkpt>
      <trkpt lat="24.53512365929782390594482421875" lon="118.15364934504032135009765625">
        <ele>23.6000003814697265625</ele>
        <time>2026-08-10T13:22:46.000Z</time>
        <extensions>
          <ns3:TrackPointExtension>
            <ns3:hr>146</ns3:hr>
            <ns3:cad>88</ns3:cad>
          </ns3:TrackPointExtension>
        </extensions>
      </trkpt>
      <trkpt lat="24.53514612279832363128662109375" lon="118.15363467670977115631103515625">
        <ele>23.6000003814697265625</ele>
        <time>2026-08-10T13:22:47.000Z</time>
        <extensions>
          <ns3:TrackPointExtension>
            <ns3:hr>146</ns3:hr>
            <ns3:cad>88</ns3:cad>
          </ns3:TrackPointExtension>
        </extensions>
      </trkpt>
      <trkpt lat="24.5351765491068363189697265625" lon="118.153619505465030670166015625">
        <ele>23.6000003814697265625</ele>
        <time>2026-08-10T13:22:48.000Z</time>
        <extensions>
          <ns3:TrackPointExtension>
            <ns3:hr>146</ns3:hr>
            <ns3:cad>87</ns3:cad>
          </ns3:TrackPointExtension>
        </extensions>
      </trkpt>
      <trkpt lat="24.535194151103496551513671875" lon="118.1536029092967510223388671875">
        <ele>23.6000003814697265625</ele>
        <time>2026-08-10T13:22:49.000Z</time>
        <extensions>
          <ns3:TrackPointExtension>
            <ns3:hr>146</ns3:hr>
            <ns3:cad>87</ns3:cad>
          </ns3:TrackPointExtension>
        </extensions>
      </trkpt>
      <trkpt lat="24.5352194644510746002197265625" lon="118.153584301471710205078125">
        <ele>23.6000003814697265625</ele>
        <time>2026-08-10T13:22:50.000Z</time>
        <extensions>
          <ns3:TrackPointExtension>
            <ns3:hr>146</ns3:hr>
            <ns3:cad>89</ns3:cad>
          </ns3:TrackPointExtension>
        </extensions>
      </trkpt>
      <trkpt lat="24.53523228876292705535888671875" lon="118.15356728620827198028564453125">
        <ele>23.6000003814697265625</ele>
        <time>2026-08-10T13:22:51.000Z</time>
        <extensions>
          <ns3:TrackPointExtension>
            <ns3:hr>146</ns3:hr>
            <ns3:cad>89</ns3:cad>
          </ns3:TrackPointExtension>
        </extensions>
      </trkpt>
      <trkpt lat="24.5352550037205219268798828125" lon="118.1535415537655353546142578125">
        <ele>23.6000003814697265625</ele>
        <time>2026-08-10T13:22:52.000Z</time>
        <extensions>
          <ns3:TrackPointExtension>
            <ns3:hr>146</ns3:hr>
            <ns3:cad>89</ns3:cad>
          </ns3:TrackPointExtension>
        </extensions>
      </trkpt>
      <trkpt lat="24.53527034260332584381103515625" lon="118.15352135337889194488525390625">
        <ele>23.6000003814697265625</ele>
        <time>2026-08-10T13:22:53.000Z</time>
        <extensions>
          <ns3:TrackPointExtension>
            <ns3:hr>146</ns3:hr>
            <ns3:cad>88</ns3:cad>
          </ns3:TrackPointExtension>
        </extensions>
      </trkpt>
      <trkpt lat="24.5352910459041595458984375" lon="118.15350090153515338897705078125">
        <ele>23.6000003814697265625</ele>
        <time>2026-08-10T13:22:54.000Z</time>
        <extensions>
          <ns3:TrackPointExtension>
            <ns3:hr>147</ns3:hr>
            <ns3:cad>88</ns3:cad>
          </ns3:TrackPointExtension>
        </extensions>
      </trkpt>
      <trkpt lat="24.535312838852405548095703125" lon="118.15348162315785884857177734375">
        <ele>23.6000003814697265625</ele>
        <time>2026-08-10T13:22:55.000Z</time>
        <extensions>
          <ns3:TrackPointExtension>
            <ns3:hr>147</ns3:hr>
            <ns3:cad>88</ns3:cad>
          </ns3:TrackPointExtension>
        </extensions>
      </trkpt>
      <trkpt lat="24.53533220104873180389404296875" lon="118.1534614227712154388427734375">
        <ele>23.3999996185302734375</ele>
        <time>2026-08-10T13:22:56.000Z</time>
        <extensions>
          <ns3:TrackPointExtension>
            <ns3:hr>147</ns3:hr>
            <ns3:cad>87</ns3:cad>
          </ns3:TrackPointExtension>
        </extensions>
      </trkpt>
      <trkpt lat="24.5353549160063266754150390625" lon="118.1534396298229694366455078125">
        <ele>23.3999996185302734375</ele>
        <time>2026-08-10T13:22:57.000Z</time>
        <extensions>
          <ns3:TrackPointExtension>
            <ns3:hr>147</ns3:hr>
            <ns3:cad>87</ns3:cad>
          </ns3:TrackPointExtension>
        </extensions>
      </trkpt>
      <trkpt lat="24.53536623157560825347900390625" lon="118.1534198485314846038818359375">
        <ele>23.3999996185302734375</ele>
        <time>2026-08-10T13:22:58.000Z</time>
        <extensions>
          <ns3:TrackPointExtension>
            <ns3:hr>147</ns3:hr>
            <ns3:cad>87</ns3:cad>
          </ns3:TrackPointExtension>
        </extensions>
      </trkpt>
      <trkpt lat="24.53538919799029827117919921875" lon="118.15339880995452404022216796875">
        <ele>23.3999996185302734375</ele>
        <time>2026-08-10T13:22:59.000Z</time>
        <extensions>
          <ns3:TrackPointExtension>
            <ns3:hr>147</ns3:hr>
            <ns3:cad>87</ns3:cad>
          </ns3:TrackPointExtension>
        </extensions>
      </trkpt>
      <trkpt lat="24.535402022302150726318359375" lon="118.15338238142430782318115234375">
        <ele>23.3999996185302734375</ele>
        <time>2026-08-10T13:23:00.000Z</time>
        <extensions>
          <ns3:TrackPointExtension>
            <ns3:hr>147</ns3:hr>
            <ns3:cad>87</ns3:cad>
          </ns3:TrackPointExtension>
        </extensions>
      </trkpt>
      <trkpt lat="24.5354266650974750518798828125" lon="118.15335589461028575897216796875">
        <ele>23.3999996185302734375</ele>
        <time>2026-08-10T13:23:01.000Z</time>
        <extensions>
          <ns3:TrackPointExtension>
            <ns3:hr>146</ns3:hr>
            <ns3:cad>87</ns3:cad>
          </ns3:TrackPointExtension>
        </extensions>
      </trkpt>
      <trkpt lat="24.53544401563704013824462890625" lon="118.153337538242340087890625">
        <ele>23.3999996185302734375</ele>
        <time>2026-08-10T13:23:02.000Z</time>
        <extensions>
          <ns3:TrackPointExtension>
            <ns3:hr>146</ns3:hr>
            <ns3:cad>87</ns3:cad>
          </ns3:TrackPointExtension>
        </extensions>
      </trkpt>
      <trkpt lat="24.53546413220465183258056640625" lon="118.1533108837902545928955078125">
        <ele>23.3999996185302734375</ele>
        <time>2026-08-10T13:23:03.000Z</time>
        <extensions>
          <ns3:TrackPointExtension>
            <ns3:hr>146</ns3:hr>
            <ns3:cad>87</ns3:cad>
          </ns3:TrackPointExtension>
        </extensions>
      </trkpt>
      <trkpt lat="24.53548357822000980377197265625" lon="118.15329101867973804473876953125">
        <ele>23.3999996185302734375</ele>
        <time>2026-08-10T13:23:04.000Z</time>
        <extensions>
          <ns3:TrackPointExtension>
            <ns3:hr>146</ns3:hr>
            <ns3:cad>87</ns3:cad>
          </ns3:TrackPointExtension>
        </extensions>
      </trkpt>
      <trkpt lat="24.53550361096858978271484375" lon="118.1532672978937625885009765625">
        <ele>23.3999996185302734375</ele>
        <time>2026-08-10T13:23:05.000Z</time>
        <extensions>
          <ns3:TrackPointExtension>
            <ns3:hr>146</ns3:hr>
            <ns3:cad>87</ns3:cad>
          </ns3:TrackPointExtension>
        </extensions>
      </trkpt>
      <trkpt lat="24.535525403916835784912109375" lon="118.1532495282590389251708984375">
        <ele>23.3999996185302734375</ele>
        <time>2026-08-10T13:23:06.000Z</time>
        <extensions>
          <ns3:TrackPointExtension>
            <ns3:hr>146</ns3:hr>
            <ns3:cad>87</ns3:cad>
          </ns3:TrackPointExtension>
        </extensions>
      </trkpt>
      <trkpt lat="24.53554091043770313262939453125" lon="118.153231255710124969482421875">
        <ele>23.3999996185302734375</ele>
        <time>2026-08-10T13:23:07.000Z</time>
        <extensions>
          <ns3:TrackPointExtension>
            <ns3:hr>145</ns3:hr>
            <ns3:cad>88</ns3:cad>
          </ns3:TrackPointExtension>
        </extensions>
      </trkpt>
      <trkpt lat="24.535565637052059173583984375" lon="118.153213150799274444580078125">
        <ele>23.3999996185302734375</ele>
        <time>2026-08-10T13:23:08.000Z</time>
        <extensions>
          <ns3:TrackPointExtension>
            <ns3:hr>145</ns3:hr>
            <ns3:cad>88</ns3:cad>
          </ns3:TrackPointExtension>
        </extensions>
      </trkpt>
      <trkpt lat="24.5355772040784358978271484375" lon="118.15318934619426727294921875">
        <ele>23.3999996185302734375</ele>
        <time>2026-08-10T13:23:09.000Z</time>
        <extensions>
          <ns3:TrackPointExtension>
            <ns3:hr>145</ns3:hr>
            <ns3:cad>88</ns3:cad>
          </ns3:TrackPointExtension>
        </extensions>
      </trkpt>
      <trkpt lat="24.53560410998761653900146484375" lon="118.15316922962665557861328125">
        <ele>23.200000762939453125</ele>
        <time>2026-08-10T13:23:10.000Z</time>
        <extensions>
          <ns3:TrackPointExtension>
            <ns3:hr>146</ns3:hr>
            <ns3:cad>87</ns3:cad>
          </ns3:TrackPointExtension>
        </extensions>
      </trkpt>
      <trkpt lat="24.53562556765973567962646484375" lon="118.15315221436321735382080078125">
        <ele>23.200000762939453125</ele>
        <time>2026-08-10T13:23:11.000Z</time>
        <extensions>
          <ns3:TrackPointExtension>
            <ns3:hr>146</ns3:hr>
            <ns3:cad>87</ns3:cad>
          </ns3:TrackPointExtension>
        </extensions>
      </trkpt>
      <trkpt lat="24.53566144220530986785888671875" lon="118.15315254963934421539306640625">
        <ele>23.200000762939453125</ele>
        <time>2026-08-10T13:23:12.000Z</time>
        <extensions>
          <ns3:TrackPointExtension>
            <ns3:hr>145</ns3:hr>
            <ns3:cad>87</ns3:cad>
          </ns3:TrackPointExtension>
        </extensions>
      </trkpt>
      <trkpt lat="24.5356814749538898468017578125" lon="118.15314735285937786102294921875">
        <ele>23.200000762939453125</ele>
        <time>2026-08-10T13:23:13.000Z</time>
        <extensions>
          <ns3:TrackPointExtension>
            <ns3:hr>145</ns3:hr>
            <ns3:cad>86</ns3:cad>
          </ns3:TrackPointExtension>
        </extensions>
      </trkpt>
      <trkpt lat="24.535712487995624542236328125" lon="118.15315581858158111572265625">
        <ele>23.200000762939453125</ele>
        <time>2026-08-10T13:23:14.000Z</time>
        <extensions>
          <ns3:TrackPointExtension>
            <ns3:hr>145</ns3:hr>
            <ns3:cad>86</ns3:cad>
          </ns3:TrackPointExtension>
        </extensions>
      </trkpt>
      <trkpt lat="24.53573235310614109039306640625" lon="118.15316881053149700164794921875">
        <ele>23.200000762939453125</ele>
        <time>2026-08-10T13:23:15.000Z</time>
        <extensions>
          <ns3:TrackPointExtension>
            <ns3:hr>144</ns3:hr>
            <ns3:cad>88</ns3:cad>
          </ns3:TrackPointExtension>
        </extensions>
      </trkpt>
      <trkpt lat="24.53575967811048030853271484375" lon="118.15318741835653781890869140625">
        <ele>23.200000762939453125</ele>
        <time>2026-08-10T13:23:16.000Z</time>
        <extensions>
          <ns3:TrackPointExtension>
            <ns3:hr>143</ns3:hr>
            <ns3:cad>88</ns3:cad>
          </ns3:TrackPointExtension>
        </extensions>
      </trkpt>
      <trkpt lat="24.53578080050647258758544921875" lon="118.15320652909576892852783203125">
        <ele>23.200000762939453125</ele>
        <time>2026-08-10T13:23:17.000Z</time>
        <extensions>
          <ns3:TrackPointExtension>
            <ns3:hr>142</ns3:hr>
            <ns3:cad>88</ns3:cad>
          </ns3:TrackPointExtension>
        </extensions>
      </trkpt>
      <trkpt lat="24.53580577857792377471923828125" lon="118.1532233767211437225341796875">
        <ele>23.200000762939453125</ele>
        <time>2026-08-10T13:23:18.000Z</time>
        <extensions>
          <ns3:TrackPointExtension>
            <ns3:hr>143</ns3:hr>
            <ns3:cad>87</ns3:cad>
          </ns3:TrackPointExtension>
        </extensions>
      </trkpt>
      <trkpt lat="24.5358273200690746307373046875" lon="118.15324525348842144012451171875">
        <ele>23.3999996185302734375</ele>
        <time>2026-08-10T13:23:19.000Z</time>
        <extensions>
          <ns3:TrackPointExtension>
            <ns3:hr>143</ns3:hr>
            <ns3:cad>87</ns3:cad>
          </ns3:TrackPointExtension>
        </extensions>
      </trkpt>
      <trkpt lat="24.5358484424650669097900390625" lon="118.1532589159905910491943359375">
        <ele>23.3999996185302734375</ele>
        <time>2026-08-10T13:23:20.000Z</time>
        <extensions>
          <ns3:TrackPointExtension>
            <ns3:hr>143</ns3:hr>
            <ns3:cad>87</ns3:cad>
          </ns3:TrackPointExtension>
        </extensions>
      </trkpt>
      <trkpt lat="24.53587585128843784332275390625" lon="118.15328146331012248992919921875">
        <ele>23.3999996185302734375</ele>
        <time>2026-08-10T13:23:21.000Z</time>
        <extensions>
          <ns3:TrackPointExtension>
            <ns3:hr>144</ns3:hr>
            <ns3:cad>87</ns3:cad>
          </ns3:TrackPointExtension>
        </extensions>
      </trkpt>
      <trkpt lat="24.535892195999622344970703125" lon="118.15329152159392833709716796875">
        <ele>23.3999996185302734375</ele>
        <time>2026-08-10T13:23:22.000Z</time>
        <extensions>
          <ns3:TrackPointExtension>
            <ns3:hr>144</ns3:hr>
            <ns3:cad>88</ns3:cad>
          </ns3:TrackPointExtension>
        </extensions>
      </trkpt>
      <trkpt lat="24.53592144884169101715087890625" lon="118.15331549383699893951416015625">
        <ele>23.3999996185302734375</ele>
        <time>2026-08-10T13:23:23.000Z</time>
        <extensions>
          <ns3:TrackPointExtension>
            <ns3:hr>144</ns3:hr>
            <ns3:cad>88</ns3:cad>
          </ns3:TrackPointExtension>
        </extensions>
      </trkpt>
      <trkpt lat="24.535940475761890411376953125" lon="118.15332689322531223297119140625">
        <ele>23.3999996185302734375</ele>
        <time>2026-08-10T13:23:24.000Z</time>
        <extensions>
          <ns3:TrackPointExtension>
            <ns3:hr>144</ns3:hr>
            <ns3:cad>87</ns3:cad>
          </ns3:TrackPointExtension>
        </extensions>
      </trkpt>
      <trkpt lat="24.53596738167107105255126953125" lon="118.1533415615558624267578125">
        <ele>23.3999996185302734375</ele>
        <time>2026-08-10T13:23:25.000Z</time>
        <extensions>
          <ns3:TrackPointExtension>
            <ns3:hr>144</ns3:hr>
            <ns3:cad>87</ns3:cad>
          </ns3:TrackPointExtension>
        </extensions>
      </trkpt>
      <trkpt lat="24.5359922759234905242919921875" lon="118.1533588282763957977294921875">
        <ele>23.6000003814697265625</ele>
        <time>2026-08-10T13:23:26.000Z</time>
        <extensions>
          <ns3:TrackPointExtension>
            <ns3:hr>144</ns3:hr>
            <ns3:cad>87</ns3:cad>
          </ns3:TrackPointExtension>
        </extensions>
      </trkpt>
      <trkpt lat="24.53601683489978313446044921875" lon="118.15337483771145343780517578125">
        <ele>23.3999996185302734375</ele>
        <time>2026-08-10T13:23:27.000Z</time>
        <extensions>
          <ns3:TrackPointExtension>
            <ns3:hr>144</ns3:hr>
            <ns3:cad>86</ns3:cad>
          </ns3:TrackPointExtension>
        </extensions>
      </trkpt>
      <trkpt lat="24.53604047186672687530517578125" lon="118.15339411608874797821044921875">
        <ele>23.3999996185302734375</ele>
        <time>2026-08-10T13:23:28.000Z</time>
        <extensions>
          <ns3:TrackPointExtension>
            <ns3:hr>144</ns3:hr>
            <ns3:cad>86</ns3:cad>
          </ns3:TrackPointExtension>
        </extensions>
      </trkpt>
      <trkpt lat="24.53606125898659229278564453125" lon="118.15340333618223667144775390625">
        <ele>23.3999996185302734375</ele>
        <time>2026-08-10T13:23:29.000Z</time>
        <extensions>
          <ns3:TrackPointExtension>
            <ns3:hr>144</ns3:hr>
            <ns3:cad>86</ns3:cad>
          </ns3:TrackPointExtension>
        </extensions>
      </trkpt>
      <trkpt lat="24.5360878296196460723876953125" lon="118.15342462621629238128662109375">
        <ele>23.3999996185302734375</ele>
        <time>2026-08-10T13:23:30.000Z</time>
        <extensions>
          <ns3:TrackPointExtension>
            <ns3:hr>144</ns3:hr>
            <ns3:cad>86</ns3:cad>
          </ns3:TrackPointExtension>
        </extensions>
      </trkpt>
      <trkpt lat="24.53610752709209918975830078125" lon="118.1534372828900814056396484375">
        <ele>23.3999996185302734375</ele>
        <time>2026-08-10T13:23:31.000Z</time>
        <extensions>
          <ns3:TrackPointExtension>
            <ns3:hr>144</ns3:hr>
            <ns3:cad>88</ns3:cad>
          </ns3:TrackPointExtension>
        </extensions>
      </trkpt>
      <trkpt lat="24.53614222817122936248779296875" lon="118.15345530398190021514892578125">
        <ele>23.3999996185302734375</ele>
        <time>2026-08-10T13:23:32.000Z</time>
        <extensions>
          <ns3:TrackPointExtension>
            <ns3:hr>144</ns3:hr>
            <ns3:cad>88</ns3:cad>
          </ns3:TrackPointExtension>
        </extensions>
      </trkpt>
      <trkpt lat="24.5361629314720630645751953125" lon="118.153467290103435516357421875">
        <ele>23.3999996185302734375</ele>
        <time>2026-08-10T13:23:33.000Z</time>
        <extensions>
          <ns3:TrackPointExtension>
            <ns3:hr>144</ns3:hr>
            <ns3:cad>88</ns3:cad>
          </ns3:TrackPointExtension>
        </extensions>
      </trkpt>
      <trkpt lat="24.53619084320962429046630859375" lon="118.153488077223300933837890625">
        <ele>23.3999996185302734375</ele>
        <time>2026-08-10T13:23:34.000Z</time>
        <extensions>
          <ns3:TrackPointExtension>
            <ns3:hr>144</ns3:hr>
            <ns3:cad>87</ns3:cad>
          </ns3:TrackPointExtension>
        </extensions>
      </trkpt>
      <trkpt lat="24.536210708320140838623046875" lon="118.153502158820629119873046875">
        <ele>23.3999996185302734375</ele>
        <time>2026-08-10T13:23:35.000Z</time>
        <extensions>
          <ns3:TrackPointExtension>
            <ns3:hr>144</ns3:hr>
            <ns3:cad>87</ns3:cad>
          </ns3:TrackPointExtension>
        </extensions>
      </trkpt>
      <trkpt lat="24.53623577021062374114990234375" lon="118.1535187549889087677001953125">
        <ele>23.3999996185302734375</ele>
        <time>2026-08-10T13:23:36.000Z</time>
        <extensions>
          <ns3:TrackPointExtension>
            <ns3:hr>144</ns3:hr>
            <ns3:cad>87</ns3:cad>
          </ns3:TrackPointExtension>
        </extensions>
      </trkpt>
      <trkpt lat="24.5362601615488529205322265625" lon="118.1535373628139495849609375">
        <ele>23.3999996185302734375</ele>
        <time>2026-08-10T13:23:37.000Z</time>
        <extensions>
          <ns3:TrackPointExtension>
            <ns3:hr>144</ns3:hr>
            <ns3:cad>87</ns3:cad>
          </ns3:TrackPointExtension>
        </extensions>
      </trkpt>
      <trkpt lat="24.53628488816320896148681640625" lon="118.15354733727872371673583984375">
        <ele>23.3999996185302734375</ele>
        <time>2026-08-10T13:23:38.000Z</time>
        <extensions>
          <ns3:TrackPointExtension>
            <ns3:hr>144</ns3:hr>
            <ns3:cad>87</ns3:cad>
          </ns3:TrackPointExtension>
        </extensions>
      </trkpt>
      <trkpt lat="24.5363138057291507720947265625" lon="118.15356644801795482635498046875">
        <ele>23.3999996185302734375</ele>
        <time>2026-08-10T13:23:39.000Z</time>
        <extensions>
          <ns3:TrackPointExtension>
            <ns3:hr>144</ns3:hr>
            <ns3:cad>87</ns3:cad>
          </ns3:TrackPointExtension>
        </extensions>
      </trkpt>
      <trkpt lat="24.53633534722030162811279296875" lon="118.1535764224827289581298828125">
        <ele>23.3999996185302734375</ele>
        <time>2026-08-10T13:23:40.000Z</time>
        <extensions>
          <ns3:TrackPointExtension>
            <ns3:hr>144</ns3:hr>
            <ns3:cad>87</ns3:cad>
          </ns3:TrackPointExtension>
        </extensions>
      </trkpt>
      <trkpt lat="24.5363612473011016845703125" lon="118.15359980799257755279541015625">
        <ele>23.3999996185302734375</ele>
        <time>2026-08-10T13:23:41.000Z</time>
        <extensions>
          <ns3:TrackPointExtension>
            <ns3:hr>144</ns3:hr>
            <ns3:cad>87</ns3:cad>
          </ns3:TrackPointExtension>
        </extensions>
      </trkpt>
      <trkpt lat="24.53637960366904735565185546875" lon="118.1536116264760494232177734375">
        <ele>23.3999996185302734375</ele>
        <time>2026-08-10T13:23:42.000Z</time>
        <extensions>
          <ns3:TrackPointExtension>
            <ns3:hr>144</ns3:hr>
            <ns3:cad>87</ns3:cad>
          </ns3:TrackPointExtension>
        </extensions>
      </trkpt>
      <trkpt lat="24.53640776686370372772216796875" lon="118.15363434143364429473876953125">
        <ele>23.3999996185302734375</ele>
        <time>2026-08-10T13:23:43.000Z</time>
        <extensions>
          <ns3:TrackPointExtension>
            <ns3:hr>144</ns3:hr>
            <ns3:cad>87</ns3:cad>
          </ns3:TrackPointExtension>
        </extensions>
      </trkpt>
      <trkpt lat="24.53642805106937885284423828125" lon="118.15364942885935306549072265625">
        <ele>23.200000762939453125</ele>
        <time>2026-08-10T13:23:44.000Z</time>
        <extensions>
          <ns3:TrackPointExtension>
            <ns3:hr>144</ns3:hr>
            <ns3:cad>87</ns3:cad>
          </ns3:TrackPointExtension>
        </extensions>
      </trkpt>
      <trkpt lat="24.536459483206272125244140625" lon="118.15366384573280811309814453125">
        <ele>23.200000762939453125</ele>
        <time>2026-08-10T13:23:45.000Z</time>
        <extensions>
          <ns3:TrackPointExtension>
            <ns3:hr>145</ns3:hr>
            <ns3:cad>87</ns3:cad>
          </ns3:TrackPointExtension>
        </extensions>
      </trkpt>
      <trkpt lat="24.53648798167705535888671875" lon="118.15367943607270717620849609375">
        <ele>23.200000762939453125</ele>
        <time>2026-08-10T13:23:46.000Z</time>
        <extensions>
          <ns3:TrackPointExtension>
            <ns3:hr>145</ns3:hr>
            <ns3:cad>87</ns3:cad>
          </ns3:TrackPointExtension>
        </extensions>
      </trkpt>
      <trkpt lat="24.536519162356853485107421875" lon="118.1536924280226230621337890625">
        <ele>23.200000762939453125</ele>
        <time>2026-08-10T13:23:47.000Z</time>
        <extensions>
          <ns3:TrackPointExtension>
            <ns3:hr>145</ns3:hr>
            <ns3:cad>87</ns3:cad>
          </ns3:TrackPointExtension>
        </extensions>
      </trkpt>
      <trkpt lat="24.53654556535184383392333984375" lon="118.153713047504425048828125">
        <ele>23.200000762939453125</ele>
        <time>2026-08-10T13:23:48.000Z</time>
        <extensions>
          <ns3:TrackPointExtension>
            <ns3:hr>145</ns3:hr>
            <ns3:cad>87</ns3:cad>
          </ns3:TrackPointExtension>
        </extensions>
      </trkpt>
      <trkpt lat="24.53656853176653385162353515625" lon="118.1537212617695331573486328125">
        <ele>23.200000762939453125</ele>
        <time>2026-08-10T13:23:49.000Z</time>
        <extensions>
          <ns3:TrackPointExtension>
            <ns3:hr>144</ns3:hr>
            <ns3:cad>87</ns3:cad>
          </ns3:TrackPointExtension>
        </extensions>
      </trkpt>
      <trkpt lat="24.53659468330442905426025390625" lon="118.1537430547177791595458984375">
        <ele>23.200000762939453125</ele>
        <time>2026-08-10T13:23:50.000Z</time>
        <extensions>
          <ns3:TrackPointExtension>
            <ns3:hr>144</ns3:hr>
            <ns3:cad>86</ns3:cad>
          </ns3:TrackPointExtension>
        </extensions>
      </trkpt>
      <trkpt lat="24.53661547042429447174072265625" lon="118.1537507660686969757080078125">
        <ele>23</ele>
        <time>2026-08-10T13:23:51.000Z</time>
        <extensions>
          <ns3:TrackPointExtension>
            <ns3:hr>144</ns3:hr>
            <ns3:cad>86</ns3:cad>
          </ns3:TrackPointExtension>
        </extensions>
      </trkpt>
      <trkpt lat="24.53664966858923435211181640625" lon="118.1537682004272937774658203125">
        <ele>23</ele>
        <time>2026-08-10T13:23:52.000Z</time>
        <extensions>
          <ns3:TrackPointExtension>
            <ns3:hr>143</ns3:hr>
            <ns3:cad>86</ns3:cad>
          </ns3:TrackPointExtension>
        </extensions>
      </trkpt>
      <trkpt lat="24.53667246736586093902587890625" lon="118.15378102473914623260498046875">
        <ele>23</ele>
        <time>2026-08-10T13:23:53.000Z</time>
        <extensions>
          <ns3:TrackPointExtension>
            <ns3:hr>141</ns3:hr>
            <ns3:cad>86</ns3:cad>
          </ns3:TrackPointExtension>
        </extensions>
      </trkpt>
      <trkpt lat="24.5367003791034221649169921875" lon="118.153793178498744964599609375">
        <ele>22.799999237060546875</ele>
        <time>2026-08-10T13:23:54.000Z</time>
        <extensions>
          <ns3:TrackPointExtension>
            <ns3:hr>139</ns3:hr>
            <ns3:cad>87</ns3:cad>
          </ns3:TrackPointExtension>
        </extensions>
      </trkpt>
      <trkpt lat="24.5367233455181121826171875" lon="118.153809942305088043212890625">
        <ele>22.799999237060546875</ele>
        <time>2026-08-10T13:23:55.000Z</time>
        <extensions>
          <ns3:TrackPointExtension>
            <ns3:hr>137</ns3:hr>
            <ns3:cad>87</ns3:cad>
          </ns3:TrackPointExtension>
        </extensions>
      </trkpt>
      <trkpt lat="24.53674723394215106964111328125" lon="118.15382226370275020599365234375">
        <ele>22.799999237060546875</ele>
        <time>2026-08-10T13:23:56.000Z</time>
        <extensions>
          <ns3:TrackPointExtension>
            <ns3:hr>136</ns3:hr>
            <ns3:cad>87</ns3:cad>
          </ns3:TrackPointExtension>
        </extensions>
      </trkpt>
      <trkpt lat="24.53676693141460418701171875" lon="118.15384455956518650054931640625">
        <ele>22.799999237060546875</ele>
        <time>2026-08-10T13:23:57.000Z</time>
        <extensions>
          <ns3:TrackPointExtension>
            <ns3:hr>134</ns3:hr>
            <ns3:cad>87</ns3:cad>
          </ns3:TrackPointExtension>
        </extensions>
      </trkpt>
      <trkpt lat="24.5367885567247867584228515625" lon="118.15386031754314899444580078125">
        <ele>22.799999237060546875</ele>
        <time>2026-08-10T13:23:58.000Z</time>
        <extensions>
          <ns3:TrackPointExtension>
            <ns3:hr>134</ns3:hr>
            <ns3:cad>86</ns3:cad>
          </ns3:TrackPointExtension>
        </extensions>
      </trkpt>
      <trkpt lat="24.5368145406246185302734375" lon="118.15388311631977558135986328125">
        <ele>22.6000003814697265625</ele>
        <time>2026-08-10T13:23:59.000Z</time>
        <extensions>
          <ns3:TrackPointExtension>
            <ns3:hr>134</ns3:hr>
            <ns3:cad>86</ns3:cad>
          </ns3:TrackPointExtension>
        </extensions>
      </trkpt>
      <trkpt lat="24.536833651363849639892578125" lon="118.15389887429773807525634765625">
        <ele>22.6000003814697265625</ele>
        <time>2026-08-10T13:24:00.000Z</time>
        <extensions>
          <ns3:TrackPointExtension>
            <ns3:hr>134</ns3:hr>
            <ns3:cad>87</ns3:cad>
          </ns3:TrackPointExtension>
        </extensions>
      </trkpt>
      <trkpt lat="24.53686080873012542724609375" lon="118.153918571770191192626953125">
        <ele>22.6000003814697265625</ele>
        <time>2026-08-10T13:24:01.000Z</time>
        <extensions>
          <ns3:TrackPointExtension>
            <ns3:hr>134</ns3:hr>
            <ns3:cad>87</ns3:cad>
          </ns3:TrackPointExtension>
        </extensions>
      </trkpt>
      <trkpt lat="24.5368797518312931060791015625" lon="118.1539338268339633941650390625">
        <ele>22.6000003814697265625</ele>
        <time>2026-08-10T13:24:02.000Z</time>
        <extensions>
          <ns3:TrackPointExtension>
            <ns3:hr>135</ns3:hr>
            <ns3:cad>88</ns3:cad>
          </ns3:TrackPointExtension>
        </extensions>
      </trkpt>
      <trkpt lat="24.53690816648304462432861328125" lon="118.15395553596317768096923828125">
        <ele>22.3999996185302734375</ele>
        <time>2026-08-10T13:24:03.000Z</time>
        <extensions>
          <ns3:TrackPointExtension>
            <ns3:hr>135</ns3:hr>
            <ns3:cad>88</ns3:cad>
          </ns3:TrackPointExtension>
        </extensions>
      </trkpt>
      <trkpt lat="24.5369303785264492034912109375" lon="118.15397146157920360565185546875">
        <ele>22.3999996185302734375</ele>
        <time>2026-08-10T13:24:04.000Z</time>
        <extensions>
          <ns3:TrackPointExtension>
            <ns3:hr>136</ns3:hr>
            <ns3:cad>88</ns3:cad>
          </ns3:TrackPointExtension>
        </extensions>
      </trkpt>
      <trkpt lat="24.53695829026401042938232421875" lon="118.15398990176618099212646484375">
        <ele>22.3999996185302734375</ele>
        <time>2026-08-10T13:24:05.000Z</time>
        <extensions>
          <ns3:TrackPointExtension>
            <ns3:hr>137</ns3:hr>
            <ns3:cad>88</ns3:cad>
          </ns3:TrackPointExtension>
        </extensions>
      </trkpt>
      <trkpt lat="24.53698008321225643157958984375" lon="118.15400817431509494781494140625">
        <ele>22.3999996185302734375</ele>
        <time>2026-08-10T13:24:06.000Z</time>
        <extensions>
          <ns3:TrackPointExtension>
            <ns3:hr>137</ns3:hr>
            <ns3:cad>87</ns3:cad>
          </ns3:TrackPointExtension>
        </extensions>
      </trkpt>
      <trkpt lat="24.53700271435081958770751953125" lon="118.15402342937886714935302734375">
        <ele>22.3999996185302734375</ele>
        <time>2026-08-10T13:24:07.000Z</time>
        <extensions>
          <ns3:TrackPointExtension>
            <ns3:hr>137</ns3:hr>
            <ns3:cad>87</ns3:cad>
          </ns3:TrackPointExtension>
        </extensions>
      </trkpt>
      <trkpt lat="24.53702199272811412811279296875" lon="118.1540407799184322357177734375">
        <ele>22.3999996185302734375</ele>
        <time>2026-08-10T13:24:08.000Z</time>
        <extensions>
          <ns3:TrackPointExtension>
            <ns3:hr>138</ns3:hr>
            <ns3:cad>87</ns3:cad>
          </ns3:TrackPointExtension>
        </extensions>
      </trkpt>
      <trkpt lat="24.537046886980533599853515625" lon="118.15405209548771381378173828125">
        <ele>22.3999996185302734375</ele>
        <time>2026-08-10T13:24:09.000Z</time>
        <extensions>
          <ns3:TrackPointExtension>
            <ns3:hr>140</ns3:hr>
            <ns3:cad>88</ns3:cad>
          </ns3:TrackPointExtension>
        </extensions>
      </trkpt>
      <trkpt lat="24.537069015204906463623046875" lon="118.15406969748437404632568359375">
        <ele>22.200000762939453125</ele>
        <time>2026-08-10T13:24:10.000Z</time>
        <extensions>
          <ns3:TrackPointExtension>
            <ns3:hr>142</ns3:hr>
            <ns3:cad>89</ns3:cad>
          </ns3:TrackPointExtension>
        </extensions>
      </trkpt>
      <trkpt lat="24.537091143429279327392578125" lon="118.15407740883529186248779296875">
        <ele>22.200000762939453125</ele>
        <time>2026-08-10T13:24:11.000Z</time>
        <extensions>
          <ns3:TrackPointExtension>
            <ns3:hr>147</ns3:hr>
            <ns3:cad>89</ns3:cad>
          </ns3:TrackPointExtension>
        </extensions>
      </trkpt>
      <trkpt lat="24.537118636071681976318359375" lon="118.154098279774188995361328125">
        <ele>22.200000762939453125</ele>
        <time>2026-08-10T13:24:12.000Z</time>
        <extensions>
          <ns3:TrackPointExtension>
            <ns3:hr>148</ns3:hr>
            <ns3:cad>89</ns3:cad>
          </ns3:TrackPointExtension>
        </extensions>
      </trkpt>
      <trkpt lat="24.53714068047702312469482421875" lon="118.1541101820766925811767578125">
        <ele>22.200000762939453125</ele>
        <time>2026-08-10T13:24:13.000Z</time>
        <extensions>
          <ns3:TrackPointExtension>
            <ns3:hr>148</ns3:hr>
            <ns3:cad>88</ns3:cad>
          </ns3:TrackPointExtension>
        </extensions>
      </trkpt>
      <trkpt lat="24.53716800548136234283447265625" lon="118.15413021482527256011962890625">
        <ele>22.200000762939453125</ele>
        <time>2026-08-10T13:24:14.000Z</time>
        <extensions>
          <ns3:TrackPointExtension>
            <ns3:hr>149</ns3:hr>
            <ns3:cad>88</ns3:cad>
          </ns3:TrackPointExtension>
        </extensions>
      </trkpt>
      <trkpt lat="24.5371918939054012298583984375" lon="118.154145218431949615478515625">
        <ele>22.200000762939453125</ele>
        <time>2026-08-10T13:24:15.000Z</time>
        <extensions>
          <ns3:TrackPointExtension>
            <ns3:hr>149</ns3:hr>
            <ns3:cad>87</ns3:cad>
          </ns3:TrackPointExtension>
        </extensions>
      </trkpt>
      <trkpt lat="24.537221230566501617431640625" lon="118.15416458062827587127685546875">
        <ele>22.200000762939453125</ele>
        <time>2026-08-10T13:24:16.000Z</time>
        <extensions>
          <ns3:TrackPointExtension>
            <ns3:hr>149</ns3:hr>
            <ns3:cad>88</ns3:cad>
          </ns3:TrackPointExtension>
        </extensions>
      </trkpt>
      <trkpt lat="24.5372408442199230194091796875" lon="118.1541758961975574493408203125">
        <ele>22.200000762939453125</ele>
        <time>2026-08-10T13:24:17.000Z</time>
        <extensions>
          <ns3:TrackPointExtension>
            <ns3:hr>149</ns3:hr>
            <ns3:cad>89</ns3:cad>
          </ns3:TrackPointExtension>
        </extensions>
      </trkpt>
      <trkpt lat="24.53727562911808490753173828125" lon="118.1541960127651691436767578125">
        <ele>22.200000762939453125</ele>
        <time>2026-08-10T13:24:18.000Z</time>
        <extensions>
          <ns3:TrackPointExtension>
            <ns3:hr>149</ns3:hr>
            <ns3:cad>89</ns3:cad>
          </ns3:TrackPointExtension>
        </extensions>
      </trkpt>
      <trkpt lat="24.53729800879955291748046875" lon="118.15420749597251415252685546875">
        <ele>22</ele>
        <time>2026-08-10T13:24:19.000Z</time>
        <extensions>
          <ns3:TrackPointExtension>
            <ns3:hr>148</ns3:hr>
            <ns3:cad>89</ns3:cad>
          </ns3:TrackPointExtension>
        </extensions>
      </trkpt>
      <trkpt lat="24.5373357273638248443603515625" lon="118.15422224812209606170654296875">
        <ele>21.799999237060546875</ele>
        <time>2026-08-10T13:24:20.000Z</time>
        <extensions>
          <ns3:TrackPointExtension>
            <ns3:hr>148</ns3:hr>
            <ns3:cad>89</ns3:cad>
          </ns3:TrackPointExtension>
        </extensions>
      </trkpt>
      <trkpt lat="24.53735911287367343902587890625" lon="118.154240436851978302001953125">
        <ele>21.799999237060546875</ele>
        <time>2026-08-10T13:24:21.000Z</time>
        <extensions>
          <ns3:TrackPointExtension>
            <ns3:hr>148</ns3:hr>
            <ns3:cad>89</ns3:cad>
          </ns3:TrackPointExtension>
        </extensions>
      </trkpt>
      <trkpt lat="24.53738761134445667266845703125" lon="118.15425376407802104949951171875">
        <ele>21.799999237060546875</ele>
        <time>2026-08-10T13:24:22.000Z</time>
        <extensions>
          <ns3:TrackPointExtension>
            <ns3:hr>148</ns3:hr>
            <ns3:cad>87</ns3:cad>
          </ns3:TrackPointExtension>
        </extensions>
      </trkpt>
      <trkpt lat="24.53741041012108325958251953125" lon="118.15427270717918872833251953125">
        <ele>21.799999237060546875</ele>
        <time>2026-08-10T13:24:23.000Z</time>
        <extensions>
          <ns3:TrackPointExtension>
            <ns3:hr>149</ns3:hr>
            <ns3:cad>87</ns3:cad>
          </ns3:TrackPointExtension>
        </extensions>
      </trkpt>
      <trkpt lat="24.53743069432675838470458984375" lon="118.1542882137000560760498046875">
        <ele>21.799999237060546875</ele>
        <time>2026-08-10T13:24:24.000Z</time>
        <extensions>
          <ns3:TrackPointExtension>
            <ns3:hr>148</ns3:hr>
            <ns3:cad>88</ns3:cad>
          </ns3:TrackPointExtension>
        </extensions>
      </trkpt>
      <trkpt lat="24.5374440215528011322021484375" lon="118.154320903122425079345703125">
        <ele>21.799999237060546875</ele>
        <time>2026-08-10T13:24:25.000Z</time>
        <extensions>
          <ns3:TrackPointExtension>
            <ns3:hr>148</ns3:hr>
            <ns3:cad>88</ns3:cad>
          </ns3:TrackPointExtension>
        </extensions>
      </trkpt>
      <trkpt lat="24.53745684586465358734130859375" lon="118.15433942712843418121337890625">
        <ele>21.6000003814697265625</ele>
        <time>2026-08-10T13:24:26.000Z</time>
        <extensions>
          <ns3:TrackPointExtension>
            <ns3:hr>149</ns3:hr>
            <ns3:cad>88</ns3:cad>
          </ns3:TrackPointExtension>
        </extensions>
      </trkpt>
      <trkpt lat="24.53745969571173191070556640625" lon="118.15437882207334041595458984375">
        <ele>21.6000003814697265625</ele>
        <time>2026-08-10T13:24:27.000Z</time>
        <extensions>
          <ns3:TrackPointExtension>
            <ns3:hr>148</ns3:hr>
            <ns3:cad>88</ns3:cad>
          </ns3:TrackPointExtension>
        </extensions>
      </trkpt>
      <trkpt lat="24.5374684967100620269775390625" lon="118.15440430305898189544677734375">
        <ele>21.6000003814697265625</ele>
        <time>2026-08-10T13:24:28.000Z</time>
        <extensions>
          <ns3:TrackPointExtension>
            <ns3:hr>148</ns3:hr>
            <ns3:cad>87</ns3:cad>
          </ns3:TrackPointExtension>
        </extensions>
      </trkpt>
      <trkpt lat="24.53746221028268337249755859375" lon="118.1544444523751735687255859375">
        <ele>21.6000003814697265625</ele>
        <time>2026-08-10T13:24:29.000Z</time>
        <extensions>
          <ns3:TrackPointExtension>
            <ns3:hr>149</ns3:hr>
            <ns3:cad>87</ns3:cad>
          </ns3:TrackPointExtension>
        </extensions>
      </trkpt>
      <trkpt lat="24.5374609529972076416015625" lon="118.1544655747711658477783203125">
        <ele>21.6000003814697265625</ele>
        <time>2026-08-10T13:24:30.000Z</time>
        <extensions>
          <ns3:TrackPointExtension>
            <ns3:hr>148</ns3:hr>
            <ns3:cad>87</ns3:cad>
          </ns3:TrackPointExtension>
        </extensions>
      </trkpt>
      <trkpt lat="24.53744326718151569366455078125" lon="118.1545002758502960205078125">
        <ele>21.6000003814697265625</ele>
        <time>2026-08-10T13:24:31.000Z</time>
        <extensions>
          <ns3:TrackPointExtension>
            <ns3:hr>148</ns3:hr>
            <ns3:cad>88</ns3:cad>
          </ns3:TrackPointExtension>
        </extensions>
      </trkpt>
      <trkpt lat="24.5374332927167415618896484375" lon="118.15452517010271549224853515625">
        <ele>21.6000003814697265625</ele>
        <time>2026-08-10T13:24:32.000Z</time>
        <extensions>
          <ns3:TrackPointExtension>
            <ns3:hr>149</ns3:hr>
            <ns3:cad>88</ns3:cad>
          </ns3:TrackPointExtension>
        </extensions>
      </trkpt>
      <trkpt lat="24.5374161936342716217041015625" lon="118.1545554287731647491455078125">
        <ele>21.6000003814697265625</ele>
        <time>2026-08-10T13:24:33.000Z</time>
        <extensions>
          <ns3:TrackPointExtension>
            <ns3:hr>149</ns3:hr>
            <ns3:cad>89</ns3:cad>
          </ns3:TrackPointExtension>
        </extensions>
      </trkpt>
      <trkpt lat="24.53740261495113372802734375" lon="118.15457931719720363616943359375">
        <ele>21.6000003814697265625</ele>
        <time>2026-08-10T13:24:34.000Z</time>
        <extensions>
          <ns3:TrackPointExtension>
            <ns3:hr>149</ns3:hr>
            <ns3:cad>89</ns3:cad>
          </ns3:TrackPointExtension>
        </extensions>
      </trkpt>
      <trkpt lat="24.537387527525424957275390625" lon="118.15460630692541599273681640625">
        <ele>21.6000003814697265625</ele>
        <time>2026-08-10T13:24:35.000Z</time>
        <extensions>
          <ns3:TrackPointExtension>
            <ns3:hr>149</ns3:hr>
            <ns3:cad>89</ns3:cad>
          </ns3:TrackPointExtension>
        </extensions>
      </trkpt>
      <trkpt lat="24.53737302683293819427490234375" lon="118.15463296137750148773193359375">
        <ele>21.6000003814697265625</ele>
        <time>2026-08-10T13:24:36.000Z</time>
        <extensions>
          <ns3:TrackPointExtension>
            <ns3:hr>148</ns3:hr>
            <ns3:cad>87</ns3:cad>
          </ns3:TrackPointExtension>
        </extensions>
      </trkpt>
      <trkpt lat="24.5373605377972126007080078125" lon="118.15466028638184070587158203125">
        <ele>21.6000003814697265625</ele>
        <time>2026-08-10T13:24:37.000Z</time>
        <extensions>
          <ns3:TrackPointExtension>
            <ns3:hr>149</ns3:hr>
            <ns3:cad>87</ns3:cad>
          </ns3:TrackPointExtension>
        </extensions>
      </trkpt>
      <trkpt lat="24.53734134323894977569580078125" lon="118.1546878628432750701904296875">
        <ele>21.6000003814697265625</ele>
        <time>2026-08-10T13:24:38.000Z</time>
        <extensions>
          <ns3:TrackPointExtension>
            <ns3:hr>149</ns3:hr>
            <ns3:cad>87</ns3:cad>
          </ns3:TrackPointExtension>
        </extensions>
      </trkpt>
      <trkpt lat="24.537331871688365936279296875" lon="118.154711835086345672607421875">
        <ele>21.6000003814697265625</ele>
        <time>2026-08-10T13:24:39.000Z</time>
        <extensions>
          <ns3:TrackPointExtension>
            <ns3:hr>148</ns3:hr>
            <ns3:cad>87</ns3:cad>
          </ns3:TrackPointExtension>
        </extensions>
      </trkpt>
      <trkpt lat="24.53731301240622997283935546875" lon="118.154734633862972259521484375">
        <ele>21.799999237060546875</ele>
        <time>2026-08-10T13:24:40.000Z</time>
        <extensions>
          <ns3:TrackPointExtension>
            <ns3:hr>149</ns3:hr>
            <ns3:cad>87</ns3:cad>
          </ns3:TrackPointExtension>
        </extensions>
      </trkpt>
      <trkpt lat="24.53730345703661441802978515625" lon="118.15475684590637683868408203125">
        <ele>21.799999237060546875</ele>
        <time>2026-08-10T13:24:41.000Z</time>
        <extensions>
          <ns3:TrackPointExtension>
            <ns3:hr>148</ns3:hr>
            <ns3:cad>88</ns3:cad>
          </ns3:TrackPointExtension>
        </extensions>
      </trkpt>
      <trkpt lat="24.53728334046900272369384765625" lon="118.15478400327265262603759765625">
        <ele>21.799999237060546875</ele>
        <time>2026-08-10T13:24:42.000Z</time>
        <extensions>
          <ns3:TrackPointExtension>
            <ns3:hr>148</ns3:hr>
            <ns3:cad>88</ns3:cad>
          </ns3:TrackPointExtension>
        </extensions>
      </trkpt>
      <trkpt lat="24.53727697022259235382080078125" lon="118.15480713732540607452392578125">
        <ele>21.799999237060546875</ele>
        <time>2026-08-10T13:24:43.000Z</time>
        <extensions>
          <ns3:TrackPointExtension>
            <ns3:hr>148</ns3:hr>
            <ns3:cad>88</ns3:cad>
          </ns3:TrackPointExtension>
        </extensions>
      </trkpt>
      <trkpt lat="24.53725769184529781341552734375" lon="118.1548367254436016082763671875">
        <ele>21.799999237060546875</ele>
        <time>2026-08-10T13:24:44.000Z</time>
        <extensions>
          <ns3:TrackPointExtension>
            <ns3:hr>149</ns3:hr>
            <ns3:cad>88</ns3:cad>
          </ns3:TrackPointExtension>
        </extensions>
      </trkpt>
      <trkpt lat="24.5372545905411243438720703125" lon="118.1548595242202281951904296875">
        <ele>21.6000003814697265625</ele>
        <time>2026-08-10T13:24:45.000Z</time>
        <extensions>
          <ns3:TrackPointExtension>
            <ns3:hr>149</ns3:hr>
            <ns3:cad>88</ns3:cad>
          </ns3:TrackPointExtension>
        </extensions>
      </trkpt>
      <trkpt lat="24.53723288141191005706787109375" lon="118.15488911233842372894287109375">
        <ele>21.6000003814697265625</ele>
        <time>2026-08-10T13:24:46.000Z</time>
        <extensions>
          <ns3:TrackPointExtension>
            <ns3:hr>149</ns3:hr>
            <ns3:cad>88</ns3:cad>
          </ns3:TrackPointExtension>
        </extensions>
      </trkpt>
      <trkpt lat="24.537221901118755340576171875" lon="118.154913000762462615966796875">
        <ele>21.6000003814697265625</ele>
        <time>2026-08-10T13:24:47.000Z</time>
        <extensions>
          <ns3:TrackPointExtension>
            <ns3:hr>149</ns3:hr>
            <ns3:cad>88</ns3:cad>
          </ns3:TrackPointExtension>
        </extensions>
      </trkpt>
      <trkpt lat="24.5372053049504756927490234375" lon="118.154945187270641326904296875">
        <ele>21.799999237060546875</ele>
        <time>2026-08-10T13:24:48.000Z</time>
        <extensions>
          <ns3:TrackPointExtension>
            <ns3:hr>149</ns3:hr>
            <ns3:cad>88</ns3:cad>
          </ns3:TrackPointExtension>
        </extensions>
      </trkpt>
      <trkpt lat="24.53719549812376499176025390625" lon="118.15496656112372875213623046875">
        <ele>21.799999237060546875</ele>
        <time>2026-08-10T13:24:49.000Z</time>
        <extensions>
          <ns3:TrackPointExtension>
            <ns3:hr>149</ns3:hr>
            <ns3:cad>89</ns3:cad>
          </ns3:TrackPointExtension>
        </extensions>
      </trkpt>
      <trkpt lat="24.537181667983531951904296875" lon="118.154997490346431732177734375">
        <ele>21.799999237060546875</ele>
        <time>2026-08-10T13:24:50.000Z</time>
        <extensions>
          <ns3:TrackPointExtension>
            <ns3:hr>149</ns3:hr>
            <ns3:cad>89</ns3:cad>
          </ns3:TrackPointExtension>
        </extensions>
      </trkpt>
      <trkpt lat="24.537172280251979827880859375" lon="118.15502171404659748077392578125">
        <ele>21.799999237060546875</ele>
        <time>2026-08-10T13:24:51.000Z</time>
        <extensions>
          <ns3:TrackPointExtension>
            <ns3:hr>149</ns3:hr>
            <ns3:cad>89</ns3:cad>
          </ns3:TrackPointExtension>
        </extensions>
      </trkpt>
      <trkpt lat="24.53715928830206394195556640625" lon="118.15505054779350757598876953125">
        <ele>21.799999237060546875</ele>
        <time>2026-08-10T13:24:52.000Z</time>
        <extensions>
          <ns3:TrackPointExtension>
            <ns3:hr>148</ns3:hr>
            <ns3:cad>88</ns3:cad>
          </ns3:TrackPointExtension>
        </extensions>
      </trkpt>
      <trkpt lat="24.5371442846953868865966796875" lon="118.15507284365594387054443359375">
        <ele>21.799999237060546875</ele>
        <time>2026-08-10T13:24:53.000Z</time>
        <extensions>
          <ns3:TrackPointExtension>
            <ns3:hr>148</ns3:hr>
            <ns3:cad>87</ns3:cad>
          </ns3:TrackPointExtension>
        </extensions>
      </trkpt>
      <trkpt lat="24.537131376564502716064453125" lon="118.1550975702702999114990234375">
        <ele>21.799999237060546875</ele>
        <time>2026-08-10T13:24:54.000Z</time>
        <extensions>
          <ns3:TrackPointExtension>
            <ns3:hr>147</ns3:hr>
            <ns3:cad>88</ns3:cad>
          </ns3:TrackPointExtension>
        </extensions>
      </trkpt>
      <trkpt lat="24.53711427748203277587890625" lon="118.15512045286595821380615234375">
        <ele>21.799999237060546875</ele>
        <time>2026-08-10T13:24:55.000Z</time>
        <extensions>
          <ns3:TrackPointExtension>
            <ns3:hr>147</ns3:hr>
            <ns3:cad>89</ns3:cad>
          </ns3:TrackPointExtension>
        </extensions>
      </trkpt>
      <trkpt lat="24.53710354864597320556640625" lon="118.15514073707163333892822265625">
        <ele>21.799999237060546875</ele>
        <time>2026-08-10T13:24:56.000Z</time>
        <extensions>
          <ns3:TrackPointExtension>
            <ns3:hr>147</ns3:hr>
            <ns3:cad>89</ns3:cad>
          </ns3:TrackPointExtension>
        </extensions>
      </trkpt>
      <trkpt lat="24.53708636574447154998779296875" lon="118.15516705624759197235107421875">
        <ele>21.799999237060546875</ele>
        <time>2026-08-10T13:24:57.000Z</time>
        <extensions>
          <ns3:TrackPointExtension>
            <ns3:hr>146</ns3:hr>
            <ns3:cad>89</ns3:cad>
          </ns3:TrackPointExtension>
        </extensions>
      </trkpt>
      <trkpt lat="24.53707538545131683349609375" lon="118.1551884301006793975830078125">
        <ele>21.799999237060546875</ele>
        <time>2026-08-10T13:24:58.000Z</time>
        <extensions>
          <ns3:TrackPointExtension>
            <ns3:hr>146</ns3:hr>
            <ns3:cad>89</ns3:cad>
          </ns3:TrackPointExtension>
        </extensions>
      </trkpt>
      <trkpt lat="24.53705451451241970062255859375" lon="118.15521533600986003875732421875">
        <ele>21.799999237060546875</ele>
        <time>2026-08-10T13:24:59.000Z</time>
        <extensions>
          <ns3:TrackPointExtension>
            <ns3:hr>146</ns3:hr>
            <ns3:cad>89</ns3:cad>
          </ns3:TrackPointExtension>
        </extensions>
      </trkpt>
      <trkpt lat="24.537038505077362060546875" lon="118.15523612312972545623779296875">
        <ele>21.799999237060546875</ele>
        <time>2026-08-10T13:25:00.000Z</time>
        <extensions>
          <ns3:TrackPointExtension>
            <ns3:hr>146</ns3:hr>
            <ns3:cad>88</ns3:cad>
          </ns3:TrackPointExtension>
        </extensions>
      </trkpt>
      <trkpt lat="24.537015371024608612060546875" lon="118.1552655436098575592041015625">
        <ele>21.799999237060546875</ele>
        <time>2026-08-10T13:25:01.000Z</time>
        <extensions>
          <ns3:TrackPointExtension>
            <ns3:hr>146</ns3:hr>
            <ns3:cad>87</ns3:cad>
          </ns3:TrackPointExtension>
        </extensions>
      </trkpt>
      <trkpt lat="24.53700388781726360321044921875" lon="118.15528674982488155364990234375">
        <ele>21.799999237060546875</ele>
        <time>2026-08-10T13:25:02.000Z</time>
        <extensions>
          <ns3:TrackPointExtension>
            <ns3:hr>146</ns3:hr>
            <ns3:cad>88</ns3:cad>
          </ns3:TrackPointExtension>
        </extensions>
      </trkpt>
      <trkpt lat="24.5369910635054111480712890625" lon="118.15531759522855281829833984375">
        <ele>21.799999237060546875</ele>
        <time>2026-08-10T13:25:03.000Z</time>
        <extensions>
          <ns3:TrackPointExtension>
            <ns3:hr>145</ns3:hr>
            <ns3:cad>88</ns3:cad>
          </ns3:TrackPointExtension>
        </extensions>
      </trkpt>
      <trkpt lat="24.536982513964176177978515625" lon="118.1553399749100208282470703125">
        <ele>21.799999237060546875</ele>
        <time>2026-08-10T13:25:04.000Z</time>
        <extensions>
          <ns3:TrackPointExtension>
            <ns3:hr>145</ns3:hr>
            <ns3:cad>89</ns3:cad>
          </ns3:TrackPointExtension>
        </extensions>
      </trkpt>
      <trkpt lat="24.5369672589004039764404296875" lon="118.15536788664758205413818359375">
        <ele>21.799999237060546875</ele>
        <time>2026-08-10T13:25:05.000Z</time>
        <extensions>
          <ns3:TrackPointExtension>
            <ns3:hr>145</ns3:hr>
            <ns3:cad>88</ns3:cad>
          </ns3:TrackPointExtension>
        </extensions>
      </trkpt>
      <trkpt lat="24.53695426695048809051513671875" lon="118.15539403818547725677490234375">
        <ele>21.799999237060546875</ele>
        <time>2026-08-10T13:25:06.000Z</time>
        <extensions>
          <ns3:TrackPointExtension>
            <ns3:hr>146</ns3:hr>
            <ns3:cad>88</ns3:cad>
          </ns3:TrackPointExtension>
        </extensions>
      </trkpt>
      <trkpt lat="24.53694127500057220458984375" lon="118.1554204411804676055908203125">
        <ele>21.799999237060546875</ele>
        <time>2026-08-10T13:25:07.000Z</time>
        <extensions>
          <ns3:TrackPointExtension>
            <ns3:hr>145</ns3:hr>
            <ns3:cad>88</ns3:cad>
          </ns3:TrackPointExtension>
        </extensions>
      </trkpt>
      <trkpt lat="24.53692425973713397979736328125" lon="118.15544600598514080047607421875">
        <ele>22</ele>
        <time>2026-08-10T13:25:08.000Z</time>
        <extensions>
          <ns3:TrackPointExtension>
            <ns3:hr>145</ns3:hr>
            <ns3:cad>88</ns3:cad>
          </ns3:TrackPointExtension>
        </extensions>
      </trkpt>
      <trkpt lat="24.53691286034882068634033203125" lon="118.15547098405659198760986328125">
        <ele>22</ele>
        <time>2026-08-10T13:25:09.000Z</time>
        <extensions>
          <ns3:TrackPointExtension>
            <ns3:hr>144</ns3:hr>
            <ns3:cad>87</ns3:cad>
          </ns3:TrackPointExtension>
        </extensions>
      </trkpt>
      <trkpt lat="24.53689701855182647705078125" lon="118.15549260936677455902099609375">
        <ele>22</ele>
        <time>2026-08-10T13:25:10.000Z</time>
        <extensions>
          <ns3:TrackPointExtension>
            <ns3:hr>144</ns3:hr>
            <ns3:cad>88</ns3:cad>
          </ns3:TrackPointExtension>
        </extensions>
      </trkpt>
      <trkpt lat="24.53688503243029117584228515625" lon="118.15551507286727428436279296875">
        <ele>22.200000762939453125</ele>
        <time>2026-08-10T13:25:11.000Z</time>
        <extensions>
          <ns3:TrackPointExtension>
            <ns3:hr>144</ns3:hr>
            <ns3:cad>88</ns3:cad>
          </ns3:TrackPointExtension>
        </extensions>
      </trkpt>
      <trkpt lat="24.5368628203868865966796875" lon="118.155542314052581787109375">
        <ele>22.200000762939453125</ele>
        <time>2026-08-10T13:25:12.000Z</time>
        <extensions>
          <ns3:TrackPointExtension>
            <ns3:hr>144</ns3:hr>
            <ns3:cad>88</ns3:cad>
          </ns3:TrackPointExtension>
        </extensions>
      </trkpt>
      <trkpt lat="24.53685184009373188018798828125" lon="118.15556435845792293548583984375">
        <ele>22.200000762939453125</ele>
        <time>2026-08-10T13:25:13.000Z</time>
        <extensions>
          <ns3:TrackPointExtension>
            <ns3:hr>144</ns3:hr>
            <ns3:cad>88</ns3:cad>
          </ns3:TrackPointExtension>
        </extensions>
      </trkpt>
      <trkpt lat="24.536828957498073577880859375" lon="118.1555892527103424072265625">
        <ele>22.200000762939453125</ele>
        <time>2026-08-10T13:25:14.000Z</time>
        <extensions>
          <ns3:TrackPointExtension>
            <ns3:hr>144</ns3:hr>
            <ns3:cad>88</ns3:cad>
          </ns3:TrackPointExtension>
        </extensions>
      </trkpt>
      <trkpt lat="24.53682283870875835418701171875" lon="118.15561029128730297088623046875">
        <ele>22.200000762939453125</ele>
        <time>2026-08-10T13:25:15.000Z</time>
        <extensions>
          <ns3:TrackPointExtension>
            <ns3:hr>143</ns3:hr>
            <ns3:cad>88</ns3:cad>
          </ns3:TrackPointExtension>
        </extensions>
      </trkpt>
      <trkpt lat="24.53680372796952724456787109375" lon="118.155638873577117919921875">
        <ele>22</ele>
        <time>2026-08-10T13:25:16.000Z</time>
        <extensions>
          <ns3:TrackPointExtension>
            <ns3:hr>143</ns3:hr>
            <ns3:cad>88</ns3:cad>
          </ns3:TrackPointExtension>
        </extensions>
      </trkpt>
      <trkpt lat="24.53679802827537059783935546875" lon="118.15565764904022216796875">
        <ele>22.200000762939453125</ele>
        <time>2026-08-10T13:25:17.000Z</time>
        <extensions>
          <ns3:TrackPointExtension>
            <ns3:hr>143</ns3:hr>
            <ns3:cad>88</ns3:cad>
          </ns3:TrackPointExtension>
        </extensions>
      </trkpt>
      <trkpt lat="24.5367795042693614959716796875" lon="118.15568740479648113250732421875">
        <ele>22.200000762939453125</ele>
        <time>2026-08-10T13:25:18.000Z</time>
        <extensions>
          <ns3:TrackPointExtension>
            <ns3:hr>143</ns3:hr>
            <ns3:cad>88</ns3:cad>
          </ns3:TrackPointExtension>
        </extensions>
      </trkpt>
      <trkpt lat="24.53677053563296794891357421875" lon="118.15570919774472713470458984375">
        <ele>22.200000762939453125</ele>
        <time>2026-08-10T13:25:19.000Z</time>
        <extensions>
          <ns3:TrackPointExtension>
            <ns3:hr>143</ns3:hr>
            <ns3:cad>88</ns3:cad>
          </ns3:TrackPointExtension>
        </extensions>
      </trkpt>
      <trkpt lat="24.53675477765500545501708984375" lon="118.15573836676776409149169921875">
        <ele>22.200000762939453125</ele>
        <time>2026-08-10T13:25:20.000Z</time>
        <extensions>
          <ns3:TrackPointExtension>
            <ns3:hr>144</ns3:hr>
            <ns3:cad>89</ns3:cad>
          </ns3:TrackPointExtension>
        </extensions>
      </trkpt>
      <trkpt lat="24.536741115152835845947265625" lon="118.15575999207794666290283203125">
        <ele>22.200000762939453125</ele>
        <time>2026-08-10T13:25:21.000Z</time>
        <extensions>
          <ns3:TrackPointExtension>
            <ns3:hr>144</ns3:hr>
            <ns3:cad>89</ns3:cad>
          </ns3:TrackPointExtension>
        </extensions>
      </trkpt>
      <trkpt lat="24.53672133386135101318359375" lon="118.15578647889196872711181640625">
        <ele>22.200000762939453125</ele>
        <time>2026-08-10T13:25:22.000Z</time>
        <extensions>
          <ns3:TrackPointExtension>
            <ns3:hr>144</ns3:hr>
            <ns3:cad>89</ns3:cad>
          </ns3:TrackPointExtension>
        </extensions>
      </trkpt>
      <trkpt lat="24.5367040671408176422119140625" lon="118.15580852329730987548828125">
        <ele>22.200000762939453125</ele>
        <time>2026-08-10T13:25:23.000Z</time>
        <extensions>
          <ns3:TrackPointExtension>
            <ns3:hr>144</ns3:hr>
            <ns3:cad>88</ns3:cad>
          </ns3:TrackPointExtension>
        </extensions>
      </trkpt>
      <trkpt lat="24.53669191338121891021728515625" lon="118.1558360159397125244140625">
        <ele>22.200000762939453125</ele>
        <time>2026-08-10T13:25:24.000Z</time>
        <extensions>
          <ns3:TrackPointExtension>
            <ns3:hr>144</ns3:hr>
            <ns3:cad>87</ns3:cad>
          </ns3:TrackPointExtension>
        </extensions>
      </trkpt>
      <trkpt lat="24.5366762392222881317138671875" lon="118.1558623351156711578369140625">
        <ele>22.200000762939453125</ele>
        <time>2026-08-10T13:25:25.000Z</time>
        <extensions>
          <ns3:TrackPointExtension>
            <ns3:hr>144</ns3:hr>
            <ns3:cad>87</ns3:cad>
          </ns3:TrackPointExtension>
        </extensions>
      </trkpt>
      <trkpt lat="24.53666777350008487701416015625" lon="118.155889324843883514404296875">
        <ele>22.3999996185302734375</ele>
        <time>2026-08-10T13:25:26.000Z</time>
        <extensions>
          <ns3:TrackPointExtension>
            <ns3:hr>144</ns3:hr>
            <ns3:cad>88</ns3:cad>
          </ns3:TrackPointExtension>
        </extensions>
      </trkpt>
      <trkpt lat="24.5366514287889003753662109375" lon="118.15591807477176189422607421875">
        <ele>22.3999996185302734375</ele>
        <time>2026-08-10T13:25:27.000Z</time>
        <extensions>
          <ns3:TrackPointExtension>
            <ns3:hr>144</ns3:hr>
            <ns3:cad>88</ns3:cad>
          </ns3:TrackPointExtension>
        </extensions>
      </trkpt>
      <trkpt lat="24.53664648346602916717529296875" lon="118.15594263374805450439453125">
        <ele>22.3999996185302734375</ele>
        <time>2026-08-10T13:25:28.000Z</time>
        <extensions>
          <ns3:TrackPointExtension>
            <ns3:hr>144</ns3:hr>
            <ns3:cad>88</ns3:cad>
          </ns3:TrackPointExtension>
        </extensions>
      </trkpt>
      <trkpt lat="24.53662603162229061126708984375" lon="118.15596987493336200714111328125">
        <ele>22.3999996185302734375</ele>
        <time>2026-08-10T13:25:29.000Z</time>
        <extensions>
          <ns3:TrackPointExtension>
            <ns3:hr>144</ns3:hr>
            <ns3:cad>88</ns3:cad>
          </ns3:TrackPointExtension>
        </extensions>
      </trkpt>
      <trkpt lat="24.536618404090404510498046875" lon="118.1559914164245128631591796875">
        <ele>22.3999996185302734375</ele>
        <time>2026-08-10T13:25:30.000Z</time>
        <extensions>
          <ns3:TrackPointExtension>
            <ns3:hr>144</ns3:hr>
            <ns3:cad>88</ns3:cad>
          </ns3:TrackPointExtension>
        </extensions>
      </trkpt>
      <trkpt lat="24.536597616970539093017578125" lon="118.15601781941950321197509765625">
        <ele>22.3999996185302734375</ele>
        <time>2026-08-10T13:25:31.000Z</time>
        <extensions>
          <ns3:TrackPointExtension>
            <ns3:hr>144</ns3:hr>
            <ns3:cad>87</ns3:cad>
          </ns3:TrackPointExtension>
        </extensions>
      </trkpt>
      <trkpt lat="24.53658521175384521484375" lon="118.15603642724454402923583984375">
        <ele>22.3999996185302734375</ele>
        <time>2026-08-10T13:25:32.000Z</time>
        <extensions>
          <ns3:TrackPointExtension>
            <ns3:hr>144</ns3:hr>
            <ns3:cad>87</ns3:cad>
          </ns3:TrackPointExtension>
        </extensions>
      </trkpt>
      <trkpt lat="24.5365598984062671661376953125" lon="118.15605738200247287750244140625">
        <ele>22.6000003814697265625</ele>
        <time>2026-08-10T13:25:33.000Z</time>
        <extensions>
          <ns3:TrackPointExtension>
            <ns3:hr>144</ns3:hr>
            <ns3:cad>87</ns3:cad>
          </ns3:TrackPointExtension>
        </extensions>
      </trkpt>
      <trkpt lat="24.53654120676219463348388671875" lon="118.15607498399913311004638671875">
        <ele>22.6000003814697265625</ele>
        <time>2026-08-10T13:25:34.000Z</time>
        <extensions>
          <ns3:TrackPointExtension>
            <ns3:hr>145</ns3:hr>
            <ns3:cad>87</ns3:cad>
          </ns3:TrackPointExtension>
        </extensions>
      </trkpt>
      <trkpt lat="24.53651212155818939208984375" lon="118.15609149634838104248046875">
        <ele>22.6000003814697265625</ele>
        <time>2026-08-10T13:25:35.000Z</time>
        <extensions>
          <ns3:TrackPointExtension>
            <ns3:hr>145</ns3:hr>
            <ns3:cad>88</ns3:cad>
          </ns3:TrackPointExtension>
        </extensions>
      </trkpt>
      <trkpt lat="24.5364881493151187896728515625" lon="118.15610297955572605133056640625">
        <ele>22.6000003814697265625</ele>
        <time>2026-08-10T13:25:36.000Z</time>
        <extensions>
          <ns3:TrackPointExtension>
            <ns3:hr>145</ns3:hr>
            <ns3:cad>88</ns3:cad>
          </ns3:TrackPointExtension>
        </extensions>
      </trkpt>
      <trkpt lat="24.53645856119692325592041015625" lon="118.15611437894403934478759765625">
        <ele>22.6000003814697265625</ele>
        <time>2026-08-10T13:25:37.000Z</time>
        <extensions>
          <ns3:TrackPointExtension>
            <ns3:hr>145</ns3:hr>
            <ns3:cad>88</ns3:cad>
          </ns3:TrackPointExtension>
        </extensions>
      </trkpt>
      <trkpt lat="24.53643123619258403778076171875" lon="118.1561171449720859527587890625">
        <ele>22.6000003814697265625</ele>
        <time>2026-08-10T13:25:38.000Z</time>
        <extensions>
          <ns3:TrackPointExtension>
            <ns3:hr>145</ns3:hr>
            <ns3:cad>88</ns3:cad>
          </ns3:TrackPointExtension>
        </extensions>
      </trkpt>
      <trkpt lat="24.53639946877956390380859375" lon="118.15612058155238628387451171875">
        <ele>22.6000003814697265625</ele>
        <time>2026-08-10T13:25:39.000Z</time>
        <extensions>
          <ns3:TrackPointExtension>
            <ns3:hr>145</ns3:hr>
            <ns3:cad>87</ns3:cad>
          </ns3:TrackPointExtension>
        </extensions>
      </trkpt>
      <trkpt lat="24.53636853955686092376708984375" lon="118.15611354075372219085693359375">
        <ele>22.6000003814697265625</ele>
        <time>2026-08-10T13:25:40.000Z</time>
        <extensions>
          <ns3:TrackPointExtension>
            <ns3:hr>145</ns3:hr>
            <ns3:cad>87</ns3:cad>
          </ns3:TrackPointExtension>
        </extensions>
      </trkpt>
      <trkpt lat="24.5363426394760608673095703125" lon="118.1561077572405338287353515625">
        <ele>22.6000003814697265625</ele>
        <time>2026-08-10T13:25:41.000Z</time>
        <extensions>
          <ns3:TrackPointExtension>
            <ns3:hr>145</ns3:hr>
            <ns3:cad>88</ns3:cad>
          </ns3:TrackPointExtension>
        </extensions>
      </trkpt>
      <trkpt lat="24.53631858341395854949951171875" lon="118.15608906559646129608154296875">
        <ele>22.6000003814697265625</ele>
        <time>2026-08-10T13:25:42.000Z</time>
        <extensions>
          <ns3:TrackPointExtension>
            <ns3:hr>145</ns3:hr>
            <ns3:cad>89</ns3:cad>
          </ns3:TrackPointExtension>
        </extensions>
      </trkpt>
      <trkpt lat="24.53629662282764911651611328125" lon="118.15608001314103603363037109375">
        <ele>22.6000003814697265625</ele>
        <time>2026-08-10T13:25:43.000Z</time>
        <extensions>
          <ns3:TrackPointExtension>
            <ns3:hr>145</ns3:hr>
            <ns3:cad>89</ns3:cad>
          </ns3:TrackPointExtension>
        </extensions>
      </trkpt>
      <trkpt lat="24.53626594506204128265380859375" lon="118.1560581363737583160400390625">
        <ele>22.6000003814697265625</ele>
        <time>2026-08-10T13:25:44.000Z</time>
        <extensions>
          <ns3:TrackPointExtension>
            <ns3:hr>145</ns3:hr>
            <ns3:cad>88</ns3:cad>
          </ns3:TrackPointExtension>
        </extensions>
      </trkpt>
      <trkpt lat="24.5362460799515247344970703125" lon="118.1560484133660793304443359375">
        <ele>22.6000003814697265625</ele>
        <time>2026-08-10T13:25:45.000Z</time>
        <extensions>
          <ns3:TrackPointExtension>
            <ns3:hr>144</ns3:hr>
            <ns3:cad>88</ns3:cad>
          </ns3:TrackPointExtension>
        </extensions>
      </trkpt>
      <trkpt lat="24.5362169109284877777099609375" lon="118.156030140817165374755859375">
        <ele>22.6000003814697265625</ele>
        <time>2026-08-10T13:25:46.000Z</time>
        <extensions>
          <ns3:TrackPointExtension>
            <ns3:hr>144</ns3:hr>
            <ns3:cad>87</ns3:cad>
          </ns3:TrackPointExtension>
        </extensions>
      </trkpt>
      <trkpt lat="24.536195285618305206298828125" lon="118.156018070876598358154296875">
        <ele>22.6000003814697265625</ele>
        <time>2026-08-10T13:25:47.000Z</time>
        <extensions>
          <ns3:TrackPointExtension>
            <ns3:hr>144</ns3:hr>
            <ns3:cad>87</ns3:cad>
          </ns3:TrackPointExtension>
        </extensions>
      </trkpt>
      <trkpt lat="24.53616921789944171905517578125" lon="118.15600105561316013336181640625">
        <ele>22.6000003814697265625</ele>
        <time>2026-08-10T13:25:48.000Z</time>
        <extensions>
          <ns3:TrackPointExtension>
            <ns3:hr>144</ns3:hr>
            <ns3:cad>87</ns3:cad>
          </ns3:TrackPointExtension>
        </extensions>
      </trkpt>
      <trkpt lat="24.536149017512798309326171875" lon="118.1559833697974681854248046875">
        <ele>22.6000003814697265625</ele>
        <time>2026-08-10T13:25:49.000Z</time>
        <extensions>
          <ns3:TrackPointExtension>
            <ns3:hr>144</ns3:hr>
            <ns3:cad>86</ns3:cad>
          </ns3:TrackPointExtension>
        </extensions>
      </trkpt>
      <trkpt lat="24.53612982295453548431396484375" lon="118.15597238950431346893310546875">
        <ele>22.6000003814697265625</ele>
        <time>2026-08-10T13:25:50.000Z</time>
        <extensions>
          <ns3:TrackPointExtension>
            <ns3:hr>144</ns3:hr>
            <ns3:cad>87</ns3:cad>
          </ns3:TrackPointExtension>
        </extensions>
      </trkpt>
      <trkpt lat="24.53610316850244998931884765625" lon="118.155954368412494659423828125">
        <ele>22.6000003814697265625</ele>
        <time>2026-08-10T13:25:51.000Z</time>
        <extensions>
          <ns3:TrackPointExtension>
            <ns3:hr>144</ns3:hr>
            <ns3:cad>87</ns3:cad>
          </ns3:TrackPointExtension>
        </extensions>
      </trkpt>
      <trkpt lat="24.53607919625937938690185546875" lon="118.15594707615673542022705078125">
        <ele>22.6000003814697265625</ele>
        <time>2026-08-10T13:25:52.000Z</time>
        <extensions>
          <ns3:TrackPointExtension>
            <ns3:hr>144</ns3:hr>
            <ns3:cad>87</ns3:cad>
          </ns3:TrackPointExtension>
        </extensions>
      </trkpt>
      <trkpt lat="24.53605187125504016876220703125" lon="118.1559220142662525177001953125">
        <ele>22.6000003814697265625</ele>
        <time>2026-08-10T13:25:53.000Z</time>
        <extensions>
          <ns3:TrackPointExtension>
            <ns3:hr>144</ns3:hr>
            <ns3:cad>87</ns3:cad>
          </ns3:TrackPointExtension>
        </extensions>
      </trkpt>
      <trkpt lat="24.53603108413517475128173828125" lon="118.15591220743954181671142578125">
        <ele>22.6000003814697265625</ele>
        <time>2026-08-10T13:25:54.000Z</time>
        <extensions>
          <ns3:TrackPointExtension>
            <ns3:hr>144</ns3:hr>
            <ns3:cad>86</ns3:cad>
          </ns3:TrackPointExtension>
        </extensions>
      </trkpt>
      <trkpt lat="24.53599512577056884765625" lon="118.15589494071900844573974609375">
        <ele>22.6000003814697265625</ele>
        <time>2026-08-10T13:25:55.000Z</time>
        <extensions>
          <ns3:TrackPointExtension>
            <ns3:hr>144</ns3:hr>
            <ns3:cad>86</ns3:cad>
          </ns3:TrackPointExtension>
        </extensions>
      </trkpt>
      <trkpt lat="24.5359748415648937225341796875" lon="118.15587960183620452880859375">
        <ele>22.6000003814697265625</ele>
        <time>2026-08-10T13:25:56.000Z</time>
        <extensions>
          <ns3:TrackPointExtension>
            <ns3:hr>144</ns3:hr>
            <ns3:cad>86</ns3:cad>
          </ns3:TrackPointExtension>
        </extensions>
      </trkpt>
      <trkpt lat="24.5359473489224910736083984375" lon="118.1558626703917980194091796875">
        <ele>22.6000003814697265625</ele>
        <time>2026-08-10T13:25:57.000Z</time>
        <extensions>
          <ns3:TrackPointExtension>
            <ns3:hr>144</ns3:hr>
            <ns3:cad>87</ns3:cad>
          </ns3:TrackPointExtension>
        </extensions>
      </trkpt>
      <trkpt lat="24.535926394164562225341796875" lon="118.15584381110966205596923828125">
        <ele>22.6000003814697265625</ele>
        <time>2026-08-10T13:25:58.000Z</time>
        <extensions>
          <ns3:TrackPointExtension>
            <ns3:hr>144</ns3:hr>
            <ns3:cad>88</ns3:cad>
          </ns3:TrackPointExtension>
        </extensions>
      </trkpt>
      <trkpt lat="24.5359051041305065155029296875" lon="118.15582788549363613128662109375">
        <ele>22.6000003814697265625</ele>
        <time>2026-08-10T13:25:59.000Z</time>
        <extensions>
          <ns3:TrackPointExtension>
            <ns3:hr>145</ns3:hr>
            <ns3:cad>88</ns3:cad>
          </ns3:TrackPointExtension>
        </extensions>
      </trkpt>
      <trkpt lat="24.535882137715816497802734375" lon="118.155808858573436737060546875">
        <ele>22.6000003814697265625</ele>
        <time>2026-08-10T13:26:00.000Z</time>
        <extensions>
          <ns3:TrackPointExtension>
            <ns3:hr>145</ns3:hr>
            <ns3:cad>88</ns3:cad>
          </ns3:TrackPointExtension>
        </extensions>
      </trkpt>
      <trkpt lat="24.5358598418533802032470703125" lon="118.15579712390899658203125">
        <ele>22.6000003814697265625</ele>
        <time>2026-08-10T13:26:01.000Z</time>
        <extensions>
          <ns3:TrackPointExtension>
            <ns3:hr>145</ns3:hr>
            <ns3:cad>87</ns3:cad>
          </ns3:TrackPointExtension>
        </extensions>
      </trkpt>
      <trkpt lat="24.53583243303000926971435546875" lon="118.1557791866362094879150390625">
        <ele>22.6000003814697265625</ele>
        <time>2026-08-10T13:26:02.000Z</time>
        <extensions>
          <ns3:TrackPointExtension>
            <ns3:hr>144</ns3:hr>
            <ns3:cad>87</ns3:cad>
          </ns3:TrackPointExtension>
        </extensions>
      </trkpt>
      <trkpt lat="24.53581340610980987548828125" lon="118.15577055327594280242919921875">
        <ele>22.6000003814697265625</ele>
        <time>2026-08-10T13:26:03.000Z</time>
        <extensions>
          <ns3:TrackPointExtension>
            <ns3:hr>144</ns3:hr>
            <ns3:cad>86</ns3:cad>
          </ns3:TrackPointExtension>
        </extensions>
      </trkpt>
      <trkpt lat="24.5357845723628997802734375" lon="118.15574691630899906158447265625">
        <ele>22.6000003814697265625</ele>
        <time>2026-08-10T13:26:04.000Z</time>
        <extensions>
          <ns3:TrackPointExtension>
            <ns3:hr>145</ns3:hr>
            <ns3:cad>87</ns3:cad>
          </ns3:TrackPointExtension>
        </extensions>
      </trkpt>
      <trkpt lat="24.53576386906206607818603515625" lon="118.15573601983487606048583984375">
        <ele>22.6000003814697265625</ele>
        <time>2026-08-10T13:26:05.000Z</time>
        <extensions>
          <ns3:TrackPointExtension>
            <ns3:hr>145</ns3:hr>
            <ns3:cad>87</ns3:cad>
          </ns3:TrackPointExtension>
        </extensions>
      </trkpt>
      <trkpt lat="24.53573553822934627532958984375" lon="118.15571825020015239715576171875">
        <ele>22.6000003814697265625</ele>
        <time>2026-08-10T13:26:06.000Z</time>
        <extensions>
          <ns3:TrackPointExtension>
            <ns3:hr>145</ns3:hr>
            <ns3:cad>87</ns3:cad>
          </ns3:TrackPointExtension>
        </extensions>
      </trkpt>
      <trkpt lat="24.53571592457592487335205078125" lon="118.1557060964405536651611328125">
        <ele>22.6000003814697265625</ele>
        <time>2026-08-10T13:26:07.000Z</time>
        <extensions>
          <ns3:TrackPointExtension>
            <ns3:hr>145</ns3:hr>
            <ns3:cad>88</ns3:cad>
          </ns3:TrackPointExtension>
        </extensions>
      </trkpt>
      <trkpt lat="24.535686671733856201171875" lon="118.155694864690303802490234375">
        <ele>22.6000003814697265625</ele>
        <time>2026-08-10T13:26:08.000Z</time>
        <extensions>
          <ns3:TrackPointExtension>
            <ns3:hr>145</ns3:hr>
            <ns3:cad>88</ns3:cad>
          </ns3:TrackPointExtension>
        </extensions>
      </trkpt>
      <trkpt lat="24.5356647111475467681884765625" lon="118.1556856445968151092529296875">
        <ele>22.6000003814697265625</ele>
        <time>2026-08-10T13:26:09.000Z</time>
        <extensions>
          <ns3:TrackPointExtension>
            <ns3:hr>145</ns3:hr>
            <ns3:cad>88</ns3:cad>
          </ns3:TrackPointExtension>
        </extensions>
      </trkpt>
      <trkpt lat="24.5356402359902858734130859375" lon="118.15567466430366039276123046875">
        <ele>22.799999237060546875</ele>
        <time>2026-08-10T13:26:10.000Z</time>
        <extensions>
          <ns3:TrackPointExtension>
            <ns3:hr>145</ns3:hr>
            <ns3:cad>87</ns3:cad>
          </ns3:TrackPointExtension>
        </extensions>
      </trkpt>
      <trkpt lat="24.5356191135942935943603515625" lon="118.1556571461260318756103515625">
        <ele>22.799999237060546875</ele>
        <time>2026-08-10T13:26:11.000Z</time>
        <extensions>
          <ns3:TrackPointExtension>
            <ns3:hr>146</ns3:hr>
            <ns3:cad>86</ns3:cad>
          </ns3:TrackPointExtension>
        </extensions>
      </trkpt>
      <trkpt lat="24.53559748828411102294921875" lon="118.15564499236643314361572265625">
        <ele>22.799999237060546875</ele>
        <time>2026-08-10T13:26:12.000Z</time>
        <extensions>
          <ns3:TrackPointExtension>
            <ns3:hr>145</ns3:hr>
            <ns3:cad>87</ns3:cad>
          </ns3:TrackPointExtension>
        </extensions>
      </trkpt>
      <trkpt lat="24.53557058237493038177490234375" lon="118.15562001429498195648193359375">
        <ele>22.799999237060546875</ele>
        <time>2026-08-10T13:26:13.000Z</time>
        <extensions>
          <ns3:TrackPointExtension>
            <ns3:hr>145</ns3:hr>
            <ns3:cad>87</ns3:cad>
          </ns3:TrackPointExtension>
        </extensions>
      </trkpt>
      <trkpt lat="24.53555281274020671844482421875" lon="118.1556128896772861480712890625">
        <ele>22.799999237060546875</ele>
        <time>2026-08-10T13:26:14.000Z</time>
        <extensions>
          <ns3:TrackPointExtension>
            <ns3:hr>146</ns3:hr>
            <ns3:cad>88</ns3:cad>
          </ns3:TrackPointExtension>
        </extensions>
      </trkpt>
      <trkpt lat="24.53552230261266231536865234375" lon="118.1555897556245326995849609375">
        <ele>22.799999237060546875</ele>
        <time>2026-08-10T13:26:15.000Z</time>
        <extensions>
          <ns3:TrackPointExtension>
            <ns3:hr>146</ns3:hr>
            <ns3:cad>87</ns3:cad>
          </ns3:TrackPointExtension>
        </extensions>
      </trkpt>
      <trkpt lat="24.535501934587955474853515625" lon="118.1555780209600925445556640625">
        <ele>22.799999237060546875</ele>
        <time>2026-08-10T13:26:16.000Z</time>
        <extensions>
          <ns3:TrackPointExtension>
            <ns3:hr>146</ns3:hr>
            <ns3:cad>87</ns3:cad>
          </ns3:TrackPointExtension>
        </extensions>
      </trkpt>
      <trkpt lat="24.5354746095836162567138671875" lon="118.15555782057344913482666015625">
        <ele>22.799999237060546875</ele>
        <time>2026-08-10T13:26:17.000Z</time>
        <extensions>
          <ns3:TrackPointExtension>
            <ns3:hr>146</ns3:hr>
            <ns3:cad>87</ns3:cad>
          </ns3:TrackPointExtension>
        </extensions>
      </trkpt>
      <trkpt lat="24.53545340336859226226806640625" lon="118.1555438227951526641845703125">
        <ele>22.799999237060546875</ele>
        <time>2026-08-10T13:26:18.000Z</time>
        <extensions>
          <ns3:TrackPointExtension>
            <ns3:hr>146</ns3:hr>
            <ns3:cad>87</ns3:cad>
          </ns3:TrackPointExtension>
        </extensions>
      </trkpt>
      <trkpt lat="24.53543345443904399871826171875" lon="118.15552898682653903961181640625">
        <ele>22.799999237060546875</ele>
        <time>2026-08-10T13:26:19.000Z</time>
        <extensions>
          <ns3:TrackPointExtension>
            <ns3:hr>146</ns3:hr>
            <ns3:cad>86</ns3:cad>
          </ns3:TrackPointExtension>
        </extensions>
      </trkpt>
      <trkpt lat="24.5354102365672588348388671875" lon="118.15550954081118106842041015625">
        <ele>22.799999237060546875</ele>
        <time>2026-08-10T13:26:20.000Z</time>
        <extensions>
          <ns3:TrackPointExtension>
            <ns3:hr>147</ns3:hr>
            <ns3:cad>87</ns3:cad>
          </ns3:TrackPointExtension>
        </extensions>
      </trkpt>
      <trkpt lat="24.535387940704822540283203125" lon="118.1554999016225337982177734375">
        <ele>22.799999237060546875</ele>
        <time>2026-08-10T13:26:21.000Z</time>
        <extensions>
          <ns3:TrackPointExtension>
            <ns3:hr>147</ns3:hr>
            <ns3:cad>87</ns3:cad>
          </ns3:TrackPointExtension>
        </extensions>
      </trkpt>
      <trkpt lat="24.5353646390140056610107421875" lon="118.1554771028459072113037109375">
        <ele>22.799999237060546875</ele>
        <time>2026-08-10T13:26:22.000Z</time>
        <extensions>
          <ns3:TrackPointExtension>
            <ns3:hr>147</ns3:hr>
            <ns3:cad>87</ns3:cad>
          </ns3:TrackPointExtension>
        </extensions>
      </trkpt>
      <trkpt lat="24.53534460626542568206787109375" lon="118.1554636918008327484130859375">
        <ele>22.799999237060546875</ele>
        <time>2026-08-10T13:26:23.000Z</time>
        <extensions>
          <ns3:TrackPointExtension>
            <ns3:hr>147</ns3:hr>
            <ns3:cad>87</ns3:cad>
          </ns3:TrackPointExtension>
        </extensions>
      </trkpt>
      <trkpt lat="24.53531811945140361785888671875" lon="118.15543913282454013824462890625">
        <ele>22.799999237060546875</ele>
        <time>2026-08-10T13:26:24.000Z</time>
        <extensions>
          <ns3:TrackPointExtension>
            <ns3:hr>147</ns3:hr>
            <ns3:cad>87</ns3:cad>
          </ns3:TrackPointExtension>
        </extensions>
      </trkpt>
      <trkpt lat="24.53529917635023593902587890625" lon="118.15543108619749546051025390625">
        <ele>22.799999237060546875</ele>
        <time>2026-08-10T13:26:25.000Z</time>
        <extensions>
          <ns3:TrackPointExtension>
            <ns3:hr>147</ns3:hr>
            <ns3:cad>87</ns3:cad>
          </ns3:TrackPointExtension>
        </extensions>
      </trkpt>
      <trkpt lat="24.5352697558701038360595703125" lon="118.15540862269699573516845703125">
        <ele>22.799999237060546875</ele>
        <time>2026-08-10T13:26:26.000Z</time>
        <extensions>
          <ns3:TrackPointExtension>
            <ns3:hr>147</ns3:hr>
            <ns3:cad>87</ns3:cad>
          </ns3:TrackPointExtension>
        </extensions>
      </trkpt>
      <trkpt lat="24.535246789455413818359375" lon="118.15539789386093616485595703125">
        <ele>22.799999237060546875</ele>
        <time>2026-08-10T13:26:27.000Z</time>
        <extensions>
          <ns3:TrackPointExtension>
            <ns3:hr>147</ns3:hr>
            <ns3:cad>87</ns3:cad>
          </ns3:TrackPointExtension>
        </extensions>
      </trkpt>
      <trkpt lat="24.53522172756493091583251953125" lon="118.1553835608065128326416015625">
        <ele>22.799999237060546875</ele>
        <time>2026-08-10T13:26:28.000Z</time>
        <extensions>
          <ns3:TrackPointExtension>
            <ns3:hr>148</ns3:hr>
            <ns3:cad>88</ns3:cad>
          </ns3:TrackPointExtension>
        </extensions>
      </trkpt>
      <trkpt lat="24.53519825823605060577392578125" lon="118.1553698144853115081787109375">
        <ele>22.6000003814697265625</ele>
        <time>2026-08-10T13:26:29.000Z</time>
        <extensions>
          <ns3:TrackPointExtension>
            <ns3:hr>148</ns3:hr>
            <ns3:cad>88</ns3:cad>
          </ns3:TrackPointExtension>
        </extensions>
      </trkpt>
      <trkpt lat="24.53517613001167774200439453125" lon="118.15535816363990306854248046875">
        <ele>22.6000003814697265625</ele>
        <time>2026-08-10T13:26:30.000Z</time>
        <extensions>
          <ns3:TrackPointExtension>
            <ns3:hr>148</ns3:hr>
            <ns3:cad>88</ns3:cad>
          </ns3:TrackPointExtension>
        </extensions>
      </trkpt>
      <trkpt lat="24.53515090048313140869140625" lon="118.155342824757099151611328125">
        <ele>22.6000003814697265625</ele>
        <time>2026-08-10T13:26:31.000Z</time>
        <extensions>
          <ns3:TrackPointExtension>
            <ns3:hr>148</ns3:hr>
            <ns3:cad>88</ns3:cad>
          </ns3:TrackPointExtension>
        </extensions>
      </trkpt>
      <trkpt lat="24.535130448639392852783203125" lon="118.155336789786815643310546875">
        <ele>22.799999237060546875</ele>
        <time>2026-08-10T13:26:32.000Z</time>
        <extensions>
          <ns3:TrackPointExtension>
            <ns3:hr>148</ns3:hr>
            <ns3:cad>87</ns3:cad>
          </ns3:TrackPointExtension>
        </extensions>
      </trkpt>
      <trkpt lat="24.5351078175008296966552734375" lon="118.155317343771457672119140625">
        <ele>22.799999237060546875</ele>
        <time>2026-08-10T13:26:33.000Z</time>
        <extensions>
          <ns3:TrackPointExtension>
            <ns3:hr>147</ns3:hr>
            <ns3:cad>87</ns3:cad>
          </ns3:TrackPointExtension>
        </extensions>
      </trkpt>
      <trkpt lat="24.53508946113288402557373046875" lon="118.15530267544090747833251953125">
        <ele>22.799999237060546875</ele>
        <time>2026-08-10T13:26:34.000Z</time>
        <extensions>
          <ns3:TrackPointExtension>
            <ns3:hr>147</ns3:hr>
            <ns3:cad>86</ns3:cad>
          </ns3:TrackPointExtension>
        </extensions>
      </trkpt>
      <trkpt lat="24.53506381250917911529541015625" lon="118.15528272651135921478271484375">
        <ele>23</ele>
        <time>2026-08-10T13:26:35.000Z</time>
        <extensions>
          <ns3:TrackPointExtension>
            <ns3:hr>147</ns3:hr>
            <ns3:cad>87</ns3:cad>
          </ns3:TrackPointExtension>
        </extensions>
      </trkpt>
      <trkpt lat="24.5350424386560916900634765625" lon="118.15527115948498249053955078125">
        <ele>23</ele>
        <time>2026-08-10T13:26:36.000Z</time>
        <extensions>
          <ns3:TrackPointExtension>
            <ns3:hr>147</ns3:hr>
            <ns3:cad>87</ns3:cad>
          </ns3:TrackPointExtension>
        </extensions>
      </trkpt>
      <trkpt lat="24.53501285053789615631103515625" lon="118.1552571617066860198974609375">
        <ele>23</ele>
        <time>2026-08-10T13:26:37.000Z</time>
        <extensions>
          <ns3:TrackPointExtension>
            <ns3:hr>148</ns3:hr>
            <ns3:cad>87</ns3:cad>
          </ns3:TrackPointExtension>
        </extensions>
      </trkpt>
      <trkpt lat="24.53498804010450839996337890625" lon="118.155250959098339080810546875">
        <ele>23</ele>
        <time>2026-08-10T13:26:38.000Z</time>
        <extensions>
          <ns3:TrackPointExtension>
            <ns3:hr>148</ns3:hr>
            <ns3:cad>87</ns3:cad>
          </ns3:TrackPointExtension>
        </extensions>
      </trkpt>
      <trkpt lat="24.5349579490721225738525390625" lon="118.1552450917661190032958984375">
        <ele>23</ele>
        <time>2026-08-10T13:26:39.000Z</time>
        <extensions>
          <ns3:TrackPointExtension>
            <ns3:hr>147</ns3:hr>
            <ns3:cad>87</ns3:cad>
          </ns3:TrackPointExtension>
        </extensions>
      </trkpt>
      <trkpt lat="24.5349284447729587554931640625" lon="118.15523997880518436431884765625">
        <ele>22.799999237060546875</ele>
        <time>2026-08-10T13:26:40.000Z</time>
        <extensions>
          <ns3:TrackPointExtension>
            <ns3:hr>147</ns3:hr>
            <ns3:cad>87</ns3:cad>
          </ns3:TrackPointExtension>
        </extensions>
      </trkpt>
      <trkpt lat="24.53489885665476322174072265625" lon="118.155239559710025787353515625">
        <ele>22.799999237060546875</ele>
        <time>2026-08-10T13:26:41.000Z</time>
        <extensions>
          <ns3:TrackPointExtension>
            <ns3:hr>148</ns3:hr>
            <ns3:cad>87</ns3:cad>
          </ns3:TrackPointExtension>
        </extensions>
      </trkpt>
      <trkpt lat="24.53486717306077480316162109375" lon="118.155233860015869140625">
        <ele>22.799999237060546875</ele>
        <time>2026-08-10T13:26:42.000Z</time>
        <extensions>
          <ns3:TrackPointExtension>
            <ns3:hr>148</ns3:hr>
            <ns3:cad>87</ns3:cad>
          </ns3:TrackPointExtension>
        </extensions>
      </trkpt>
      <trkpt lat="24.534840770065784454345703125" lon="118.15523394383490085601806640625">
        <ele>23</ele>
        <time>2026-08-10T13:26:43.000Z</time>
        <extensions>
          <ns3:TrackPointExtension>
            <ns3:hr>147</ns3:hr>
            <ns3:cad>87</ns3:cad>
          </ns3:TrackPointExtension>
        </extensions>
      </trkpt>
      <trkpt lat="24.53480849973857402801513671875" lon="118.15522807650268077850341796875">
        <ele>22.799999237060546875</ele>
        <time>2026-08-10T13:26:44.000Z</time>
        <extensions>
          <ns3:TrackPointExtension>
            <ns3:hr>147</ns3:hr>
            <ns3:cad>88</ns3:cad>
          </ns3:TrackPointExtension>
        </extensions>
      </trkpt>
      <trkpt lat="24.53478268347680568695068359375" lon="118.15522908233106136322021484375">
        <ele>22.799999237060546875</ele>
        <time>2026-08-10T13:26:45.000Z</time>
        <extensions>
          <ns3:TrackPointExtension>
            <ns3:hr>147</ns3:hr>
            <ns3:cad>88</ns3:cad>
          </ns3:TrackPointExtension>
        </extensions>
      </trkpt>
      <trkpt lat="24.5347487367689609527587890625" lon="118.1552266515791416168212890625">
        <ele>22.799999237060546875</ele>
        <time>2026-08-10T13:26:46.000Z</time>
        <extensions>
          <ns3:TrackPointExtension>
            <ns3:hr>147</ns3:hr>
            <ns3:cad>88</ns3:cad>
          </ns3:TrackPointExtension>
        </extensions>
      </trkpt>
      <trkpt lat="24.53472577035427093505859375" lon="118.15523126162588596343994140625">
        <ele>22.799999237060546875</ele>
        <time>2026-08-10T13:26:47.000Z</time>
        <extensions>
          <ns3:TrackPointExtension>
            <ns3:hr>147</ns3:hr>
            <ns3:cad>88</ns3:cad>
          </ns3:TrackPointExtension>
        </extensions>
      </trkpt>
      <trkpt lat="24.5346929132938385009765625" lon="118.155234865844249725341796875">
        <ele>22.799999237060546875</ele>
        <time>2026-08-10T13:26:48.000Z</time>
        <extensions>
          <ns3:TrackPointExtension>
            <ns3:hr>147</ns3:hr>
            <ns3:cad>88</ns3:cad>
          </ns3:TrackPointExtension>
        </extensions>
      </trkpt>
      <trkpt lat="24.534669779241085052490234375" lon="118.1552405655384063720703125">
        <ele>22.799999237060546875</ele>
        <time>2026-08-10T13:26:49.000Z</time>
        <extensions>
          <ns3:TrackPointExtension>
            <ns3:hr>147</ns3:hr>
            <ns3:cad>88</ns3:cad>
          </ns3:TrackPointExtension>
        </extensions>
      </trkpt>
      <trkpt lat="24.53463415615260601043701171875" lon="118.15524660050868988037109375">
        <ele>22.799999237060546875</ele>
        <time>2026-08-10T13:26:50.000Z</time>
        <extensions>
          <ns3:TrackPointExtension>
            <ns3:hr>147</ns3:hr>
            <ns3:cad>88</ns3:cad>
          </ns3:TrackPointExtension>
        </extensions>
      </trkpt>
      <trkpt lat="24.534612111747264862060546875" lon="118.15525691024959087371826171875">
        <ele>22.799999237060546875</ele>
        <time>2026-08-10T13:26:51.000Z</time>
        <extensions>
          <ns3:TrackPointExtension>
            <ns3:hr>147</ns3:hr>
            <ns3:cad>89</ns3:cad>
          </ns3:TrackPointExtension>
        </extensions>
      </trkpt>
      <trkpt lat="24.53458000905811786651611328125" lon="118.1552692316472530364990234375">
        <ele>22.799999237060546875</ele>
        <time>2026-08-10T13:26:52.000Z</time>
        <extensions>
          <ns3:TrackPointExtension>
            <ns3:hr>147</ns3:hr>
            <ns3:cad>89</ns3:cad>
          </ns3:TrackPointExtension>
        </extensions>
      </trkpt>
      <trkpt lat="24.53455922193825244903564453125" lon="118.15528255887329578399658203125">
        <ele>23</ele>
        <time>2026-08-10T13:26:53.000Z</time>
        <extensions>
          <ns3:TrackPointExtension>
            <ns3:hr>148</ns3:hr>
            <ns3:cad>89</ns3:cad>
          </ns3:TrackPointExtension>
        </extensions>
      </trkpt>
      <trkpt lat="24.53453022055327892303466796875" lon="118.1552947126328945159912109375">
        <ele>22.799999237060546875</ele>
        <time>2026-08-10T13:26:54.000Z</time>
        <extensions>
          <ns3:TrackPointExtension>
            <ns3:hr>148</ns3:hr>
            <ns3:cad>89</ns3:cad>
          </ns3:TrackPointExtension>
        </extensions>
      </trkpt>
      <trkpt lat="24.53450557775795459747314453125" lon="118.15529697574675083160400390625">
        <ele>23</ele>
        <time>2026-08-10T13:26:55.000Z</time>
        <extensions>
          <ns3:TrackPointExtension>
            <ns3:hr>148</ns3:hr>
            <ns3:cad>89</ns3:cad>
          </ns3:TrackPointExtension>
        </extensions>
      </trkpt>
      <trkpt lat="24.53448043204843997955322265625" lon="118.1553087942302227020263671875">
        <ele>23</ele>
        <time>2026-08-10T13:26:56.000Z</time>
        <extensions>
          <ns3:TrackPointExtension>
            <ns3:hr>148</ns3:hr>
            <ns3:cad>87</ns3:cad>
          </ns3:TrackPointExtension>
        </extensions>
      </trkpt>
      <trkpt lat="24.53445352613925933837890625" lon="118.15531441010534763336181640625">
        <ele>23</ele>
        <time>2026-08-10T13:26:57.000Z</time>
        <extensions>
          <ns3:TrackPointExtension>
            <ns3:hr>149</ns3:hr>
            <ns3:cad>87</ns3:cad>
          </ns3:TrackPointExtension>
        </extensions>
      </trkpt>
      <trkpt lat="24.53443265520036220550537109375" lon="118.1553268991410732269287109375">
        <ele>23</ele>
        <time>2026-08-10T13:26:58.000Z</time>
        <extensions>
          <ns3:TrackPointExtension>
            <ns3:hr>149</ns3:hr>
            <ns3:cad>87</ns3:cad>
          </ns3:TrackPointExtension>
        </extensions>
      </trkpt>
      <trkpt lat="24.53440231271088123321533203125" lon="118.155328072607517242431640625">
        <ele>23</ele>
        <time>2026-08-10T13:26:59.000Z</time>
        <extensions>
          <ns3:TrackPointExtension>
            <ns3:hr>149</ns3:hr>
            <ns3:cad>87</ns3:cad>
          </ns3:TrackPointExtension>
        </extensions>
      </trkpt>
      <trkpt lat="24.53438135795295238494873046875" lon="118.15533771179616451263427734375">
        <ele>23</ele>
        <time>2026-08-10T13:27:00.000Z</time>
        <extensions>
          <ns3:TrackPointExtension>
            <ns3:hr>149</ns3:hr>
            <ns3:cad>88</ns3:cad>
          </ns3:TrackPointExtension>
        </extensions>
      </trkpt>
      <trkpt lat="24.5343504287302494049072265625" lon="118.15533754415810108184814453125">
        <ele>23.200000762939453125</ele>
        <time>2026-08-10T13:27:01.000Z</time>
        <extensions>
          <ns3:TrackPointExtension>
            <ns3:hr>149</ns3:hr>
            <ns3:cad>88</ns3:cad>
          </ns3:TrackPointExtension>
        </extensions>
      </trkpt>
      <trkpt lat="24.5343308150768280029296875" lon="118.1553451716899871826171875">
        <ele>23.200000762939453125</ele>
        <time>2026-08-10T13:27:02.000Z</time>
        <extensions>
          <ns3:TrackPointExtension>
            <ns3:hr>149</ns3:hr>
            <ns3:cad>88</ns3:cad>
          </ns3:TrackPointExtension>
        </extensions>
      </trkpt>
      <trkpt lat="24.53429686836898326873779296875" lon="118.155345506966114044189453125">
        <ele>23.200000762939453125</ele>
        <time>2026-08-10T13:27:03.000Z</time>
        <extensions>
          <ns3:TrackPointExtension>
            <ns3:hr>149</ns3:hr>
            <ns3:cad>88</ns3:cad>
          </ns3:TrackPointExtension>
        </extensions>
      </trkpt>
      <trkpt lat="24.534272812306880950927734375" lon="118.15534760244190692901611328125">
        <ele>23.200000762939453125</ele>
        <time>2026-08-10T13:27:04.000Z</time>
        <extensions>
          <ns3:TrackPointExtension>
            <ns3:hr>149</ns3:hr>
            <ns3:cad>87</ns3:cad>
          </ns3:TrackPointExtension>
        </extensions>
      </trkpt>
      <trkpt lat="24.53424171544611454010009765625" lon="118.15535145811736583709716796875">
        <ele>23</ele>
        <time>2026-08-10T13:27:05.000Z</time>
        <extensions>
          <ns3:TrackPointExtension>
            <ns3:hr>150</ns3:hr>
            <ns3:cad>87</ns3:cad>
          </ns3:TrackPointExtension>
        </extensions>
      </trkpt>
      <trkpt lat="24.53421623446047306060791015625" lon="118.1553520448505878448486328125">
        <ele>23</ele>
        <time>2026-08-10T13:27:06.000Z</time>
        <extensions>
          <ns3:TrackPointExtension>
            <ns3:hr>150</ns3:hr>
            <ns3:cad>87</ns3:cad>
          </ns3:TrackPointExtension>
        </extensions>
      </trkpt>
      <trkpt lat="24.53418857418000698089599609375" lon="118.15535514615476131439208984375">
        <ele>23</ele>
        <time>2026-08-10T13:27:07.000Z</time>
        <extensions>
          <ns3:TrackPointExtension>
            <ns3:hr>150</ns3:hr>
            <ns3:cad>88</ns3:cad>
          </ns3:TrackPointExtension>
        </extensions>
      </trkpt>
      <trkpt lat="24.534162841737270355224609375" lon="118.15534777007997035980224609375">
        <ele>23</ele>
        <time>2026-08-10T13:27:08.000Z</time>
        <extensions>
          <ns3:TrackPointExtension>
            <ns3:hr>150</ns3:hr>
            <ns3:cad>88</ns3:cad>
          </ns3:TrackPointExtension>
        </extensions>
      </trkpt>
      <trkpt lat="24.53413560055196285247802734375" lon="118.1553483568131923675537109375">
        <ele>23</ele>
        <time>2026-08-10T13:27:09.000Z</time>
        <extensions>
          <ns3:TrackPointExtension>
            <ns3:hr>150</ns3:hr>
            <ns3:cad>88</ns3:cad>
          </ns3:TrackPointExtension>
        </extensions>
      </trkpt>
      <trkpt lat="24.53410760499536991119384765625" lon="118.15534207038581371307373046875">
        <ele>23</ele>
        <time>2026-08-10T13:27:10.000Z</time>
        <extensions>
          <ns3:TrackPointExtension>
            <ns3:hr>150</ns3:hr>
            <ns3:cad>88</ns3:cad>
          </ns3:TrackPointExtension>
        </extensions>
      </trkpt>
      <trkpt lat="24.5340825431048870086669921875" lon="118.15534190274775028228759765625">
        <ele>23</ele>
        <time>2026-08-10T13:27:11.000Z</time>
        <extensions>
          <ns3:TrackPointExtension>
            <ns3:hr>150</ns3:hr>
            <ns3:cad>88</ns3:cad>
          </ns3:TrackPointExtension>
        </extensions>
      </trkpt>
      <trkpt lat="24.534050859510898590087890625" lon="118.15532513894140720367431640625">
        <ele>23</ele>
        <time>2026-08-10T13:27:12.000Z</time>
        <extensions>
          <ns3:TrackPointExtension>
            <ns3:hr>150</ns3:hr>
            <ns3:cad>87</ns3:cad>
          </ns3:TrackPointExtension>
        </extensions>
      </trkpt>
      <trkpt lat="24.534028731286525726318359375" lon="118.1553242169320583343505859375">
        <ele>23</ele>
        <time>2026-08-10T13:27:13.000Z</time>
        <extensions>
          <ns3:TrackPointExtension>
            <ns3:hr>150</ns3:hr>
            <ns3:cad>87</ns3:cad>
          </ns3:TrackPointExtension>
        </extensions>
      </trkpt>
      <trkpt lat="24.53399545513093471527099609375" lon="118.15530636347830295562744140625">
        <ele>23</ele>
        <time>2026-08-10T13:27:14.000Z</time>
        <extensions>
          <ns3:TrackPointExtension>
            <ns3:hr>150</ns3:hr>
            <ns3:cad>87</ns3:cad>
          </ns3:TrackPointExtension>
        </extensions>
      </trkpt>
      <trkpt lat="24.533972404897212982177734375" lon="118.15530200488865375518798828125">
        <ele>23</ele>
        <time>2026-08-10T13:27:15.000Z</time>
        <extensions>
          <ns3:TrackPointExtension>
            <ns3:hr>150</ns3:hr>
            <ns3:cad>88</ns3:cad>
          </ns3:TrackPointExtension>
        </extensions>
      </trkpt>
      <trkpt lat="24.53393720090389251708984375" lon="118.15528842620551586151123046875">
        <ele>23</ele>
        <time>2026-08-10T13:27:16.000Z</time>
        <extensions>
          <ns3:TrackPointExtension>
            <ns3:hr>150</ns3:hr>
            <ns3:cad>88</ns3:cad>
          </ns3:TrackPointExtension>
        </extensions>
      </trkpt>
      <trkpt lat="24.533912725746631622314453125" lon="118.155279792845249176025390625">
        <ele>23</ele>
        <time>2026-08-10T13:27:17.000Z</time>
        <extensions>
          <ns3:TrackPointExtension>
            <ns3:hr>150</ns3:hr>
            <ns3:cad>87</ns3:cad>
          </ns3:TrackPointExtension>
        </extensions>
      </trkpt>
      <trkpt lat="24.533883221447467803955078125" lon="118.15526227466762065887451171875">
        <ele>23</ele>
        <time>2026-08-10T13:27:18.000Z</time>
        <extensions>
          <ns3:TrackPointExtension>
            <ns3:hr>150</ns3:hr>
            <ns3:cad>87</ns3:cad>
          </ns3:TrackPointExtension>
        </extensions>
      </trkpt>
      <trkpt lat="24.53386050648987293243408203125" lon="118.15524701960384845733642578125">
        <ele>23</ele>
        <time>2026-08-10T13:27:19.000Z</time>
        <extensions>
          <ns3:TrackPointExtension>
            <ns3:hr>150</ns3:hr>
            <ns3:cad>87</ns3:cad>
          </ns3:TrackPointExtension>
        </extensions>
      </trkpt>
      <trkpt lat="24.53383536078035831451416015625" lon="118.15523310564458370208740234375">
        <ele>23</ele>
        <time>2026-08-10T13:27:20.000Z</time>
        <extensions>
          <ns3:TrackPointExtension>
            <ns3:hr>150</ns3:hr>
            <ns3:cad>87</ns3:cad>
          </ns3:TrackPointExtension>
        </extensions>
      </trkpt>
      <trkpt lat="24.5338126458227634429931640625" lon="118.1552108936011791229248046875">
        <ele>23</ele>
        <time>2026-08-10T13:27:21.000Z</time>
        <extensions>
          <ns3:TrackPointExtension>
            <ns3:hr>150</ns3:hr>
            <ns3:cad>87</ns3:cad>
          </ns3:TrackPointExtension>
        </extensions>
      </trkpt>
      <trkpt lat="24.53379076905548572540283203125" lon="118.15519706346094608306884765625">
        <ele>23</ele>
        <time>2026-08-10T13:27:22.000Z</time>
        <extensions>
          <ns3:TrackPointExtension>
            <ns3:hr>149</ns3:hr>
            <ns3:cad>87</ns3:cad>
          </ns3:TrackPointExtension>
        </extensions>
      </trkpt>
      <trkpt lat="24.53377232886850833892822265625" lon="118.155165798962116241455078125">
        <ele>23</ele>
        <time>2026-08-10T13:27:23.000Z</time>
        <extensions>
          <ns3:TrackPointExtension>
            <ns3:hr>149</ns3:hr>
            <ns3:cad>88</ns3:cad>
          </ns3:TrackPointExtension>
        </extensions>
      </trkpt>
      <trkpt lat="24.5337546430528163909912109375" lon="118.155150711536407470703125">
        <ele>23</ele>
        <time>2026-08-10T13:27:24.000Z</time>
        <extensions>
          <ns3:TrackPointExtension>
            <ns3:hr>149</ns3:hr>
            <ns3:cad>88</ns3:cad>
          </ns3:TrackPointExtension>
        </extensions>
      </trkpt>
      <trkpt lat="24.5337335206568241119384765625" lon="118.15512313507497310638427734375">
        <ele>23</ele>
        <time>2026-08-10T13:27:25.000Z</time>
        <extensions>
          <ns3:TrackPointExtension>
            <ns3:hr>149</ns3:hr>
            <ns3:cad>88</ns3:cad>
          </ns3:TrackPointExtension>
        </extensions>
      </trkpt>
      <trkpt lat="24.5337191037833690643310546875" lon="118.15510804764926433563232421875">
        <ele>22.799999237060546875</ele>
        <time>2026-08-10T13:27:26.000Z</time>
        <extensions>
          <ns3:TrackPointExtension>
            <ns3:hr>148</ns3:hr>
            <ns3:cad>88</ns3:cad>
          </ns3:TrackPointExtension>
        </extensions>
      </trkpt>
      <trkpt lat="24.53370007686316967010498046875" lon="118.15507829189300537109375">
        <ele>22.799999237060546875</ele>
        <time>2026-08-10T13:27:27.000Z</time>
        <extensions>
          <ns3:TrackPointExtension>
            <ns3:hr>148</ns3:hr>
            <ns3:cad>87</ns3:cad>
          </ns3:TrackPointExtension>
        </extensions>
      </trkpt>
      <trkpt lat="24.53368700109422206878662109375" lon="118.15505884587764739990234375">
        <ele>23</ele>
        <time>2026-08-10T13:27:28.000Z</time>
        <extensions>
          <ns3:TrackPointExtension>
            <ns3:hr>149</ns3:hr>
            <ns3:cad>87</ns3:cad>
          </ns3:TrackPointExtension>
        </extensions>
      </trkpt>
      <trkpt lat="24.53366705216467380523681640625" lon="118.15502741374075412750244140625">
        <ele>22.799999237060546875</ele>
        <time>2026-08-10T13:27:29.000Z</time>
        <extensions>
          <ns3:TrackPointExtension>
            <ns3:hr>148</ns3:hr>
            <ns3:cad>87</ns3:cad>
          </ns3:TrackPointExtension>
        </extensions>
      </trkpt>
      <trkpt lat="24.53365230001509189605712890625" lon="118.155005536973476409912109375">
        <ele>23</ele>
        <time>2026-08-10T13:27:30.000Z</time>
        <extensions>
          <ns3:TrackPointExtension>
            <ns3:hr>148</ns3:hr>
            <ns3:cad>87</ns3:cad>
          </ns3:TrackPointExtension>
        </extensions>
      </trkpt>
      <trkpt lat="24.53363277018070220947265625" lon="118.15497628413140773773193359375">
        <ele>23</ele>
        <time>2026-08-10T13:27:31.000Z</time>
        <extensions>
          <ns3:TrackPointExtension>
            <ns3:hr>148</ns3:hr>
            <ns3:cad>88</ns3:cad>
          </ns3:TrackPointExtension>
        </extensions>
      </trkpt>
      <trkpt lat="24.53361944295465946197509765625" lon="118.15494619309902191162109375">
        <ele>22.799999237060546875</ele>
        <time>2026-08-10T13:27:32.000Z</time>
        <extensions>
          <ns3:TrackPointExtension>
            <ns3:hr>148</ns3:hr>
            <ns3:cad>88</ns3:cad>
          </ns3:TrackPointExtension>
        </extensions>
      </trkpt>
      <trkpt lat="24.53360234387218952178955078125" lon="118.15491492860019207000732421875">
        <ele>22.799999237060546875</ele>
        <time>2026-08-10T13:27:33.000Z</time>
        <extensions>
          <ns3:TrackPointExtension>
            <ns3:hr>148</ns3:hr>
            <ns3:cad>88</ns3:cad>
          </ns3:TrackPointExtension>
        </extensions>
      </trkpt>
      <trkpt lat="24.53359379433095455169677734375" lon="118.15488542430102825164794921875">
        <ele>22.799999237060546875</ele>
        <time>2026-08-10T13:27:34.000Z</time>
        <extensions>
          <ns3:TrackPointExtension>
            <ns3:hr>149</ns3:hr>
            <ns3:cad>88</ns3:cad>
          </ns3:TrackPointExtension>
        </extensions>
      </trkpt>
      <trkpt lat="24.53357971273362636566162109375" lon="118.15485793165862560272216796875">
        <ele>22.799999237060546875</ele>
        <time>2026-08-10T13:27:35.000Z</time>
        <extensions>
          <ns3:TrackPointExtension>
            <ns3:hr>148</ns3:hr>
            <ns3:cad>88</ns3:cad>
          </ns3:TrackPointExtension>
        </extensions>
      </trkpt>
      <trkpt lat="24.533572085201740264892578125" lon="118.1548248231410980224609375">
        <ele>22.799999237060546875</ele>
        <time>2026-08-10T13:27:36.000Z</time>
        <extensions>
          <ns3:TrackPointExtension>
            <ns3:hr>149</ns3:hr>
            <ns3:cad>88</ns3:cad>
          </ns3:TrackPointExtension>
        </extensions>
      </trkpt>
      <trkpt lat="24.5335591770708560943603515625" lon="118.154796324670314788818359375">
        <ele>22.799999237060546875</ele>
        <time>2026-08-10T13:27:37.000Z</time>
        <extensions>
          <ns3:TrackPointExtension>
            <ns3:hr>149</ns3:hr>
            <ns3:cad>88</ns3:cad>
          </ns3:TrackPointExtension>
        </extensions>
      </trkpt>
      <trkpt lat="24.53355590812861919403076171875" lon="118.1547604501247406005859375">
        <ele>22.6000003814697265625</ele>
        <time>2026-08-10T13:27:38.000Z</time>
        <extensions>
          <ns3:TrackPointExtension>
            <ns3:hr>148</ns3:hr>
            <ns3:cad>88</ns3:cad>
          </ns3:TrackPointExtension>
        </extensions>
      </trkpt>
      <trkpt lat="24.5335476100444793701171875" lon="118.1547368131577968597412109375">
        <ele>22.6000003814697265625</ele>
        <time>2026-08-10T13:27:39.000Z</time>
        <extensions>
          <ns3:TrackPointExtension>
            <ns3:hr>148</ns3:hr>
            <ns3:cad>89</ns3:cad>
          </ns3:TrackPointExtension>
        </extensions>
      </trkpt>
      <trkpt lat="24.53354702331125736236572265625" lon="118.15470085479319095611572265625">
        <ele>22.6000003814697265625</ele>
        <time>2026-08-10T13:27:40.000Z</time>
        <extensions>
          <ns3:TrackPointExtension>
            <ns3:hr>148</ns3:hr>
            <ns3:cad>89</ns3:cad>
          </ns3:TrackPointExtension>
        </extensions>
      </trkpt>
      <trkpt lat="24.53353897668421268463134765625" lon="118.1546791456639766693115234375">
        <ele>22.6000003814697265625</ele>
        <time>2026-08-10T13:27:41.000Z</time>
        <extensions>
          <ns3:TrackPointExtension>
            <ns3:hr>148</ns3:hr>
            <ns3:cad>89</ns3:cad>
          </ns3:TrackPointExtension>
        </extensions>
      </trkpt>
      <trkpt lat="24.53353612683713436126708984375" lon="118.15464352257549762725830078125">
        <ele>22.6000003814697265625</ele>
        <time>2026-08-10T13:27:42.000Z</time>
        <extensions>
          <ns3:TrackPointExtension>
            <ns3:hr>148</ns3:hr>
            <ns3:cad>88</ns3:cad>
          </ns3:TrackPointExtension>
        </extensions>
      </trkpt>
      <trkpt lat="24.533531852066516876220703125" lon="118.1546209752559661865234375">
        <ele>22.6000003814697265625</ele>
        <time>2026-08-10T13:27:43.000Z</time>
        <extensions>
          <ns3:TrackPointExtension>
            <ns3:hr>148</ns3:hr>
            <ns3:cad>88</ns3:cad>
          </ns3:TrackPointExtension>
        </extensions>
      </trkpt>
      <trkpt lat="24.53352774493396282196044921875" lon="118.1545822508633136749267578125">
        <ele>22.6000003814697265625</ele>
        <time>2026-08-10T13:27:44.000Z</time>
        <extensions>
          <ns3:TrackPointExtension>
            <ns3:hr>147</ns3:hr>
            <ns3:cad>87</ns3:cad>
          </ns3:TrackPointExtension>
        </extensions>
      </trkpt>
      <trkpt lat="24.53352556563913822174072265625" lon="118.15455324947834014892578125">
        <ele>22.6000003814697265625</ele>
        <time>2026-08-10T13:27:45.000Z</time>
        <extensions>
          <ns3:TrackPointExtension>
            <ns3:hr>147</ns3:hr>
            <ns3:cad>87</ns3:cad>
          </ns3:TrackPointExtension>
        </extensions>
      </trkpt>
      <trkpt lat="24.5335229672491550445556640625" lon="118.15451980568468570709228515625">
        <ele>22.3999996185302734375</ele>
        <time>2026-08-10T13:27:46.000Z</time>
        <extensions>
          <ns3:TrackPointExtension>
            <ns3:hr>147</ns3:hr>
            <ns3:cad>88</ns3:cad>
          </ns3:TrackPointExtension>
        </extensions>
      </trkpt>
      <trkpt lat="24.5335243083536624908447265625" lon="118.15448929555714130401611328125">
        <ele>22.3999996185302734375</ele>
        <time>2026-08-10T13:27:47.000Z</time>
        <extensions>
          <ns3:TrackPointExtension>
            <ns3:hr>147</ns3:hr>
            <ns3:cad>88</ns3:cad>
          </ns3:TrackPointExtension>
        </extensions>
      </trkpt>
      <trkpt lat="24.533523805439472198486328125" lon="118.15445677377283573150634765625">
        <ele>22.3999996185302734375</ele>
        <time>2026-08-10T13:27:48.000Z</time>
        <extensions>
          <ns3:TrackPointExtension>
            <ns3:hr>147</ns3:hr>
            <ns3:cad>88</ns3:cad>
          </ns3:TrackPointExtension>
        </extensions>
      </trkpt>
      <trkpt lat="24.533531852066516876220703125" lon="118.15442492254078388214111328125">
        <ele>22.3999996185302734375</ele>
        <time>2026-08-10T13:27:49.000Z</time>
        <extensions>
          <ns3:TrackPointExtension>
            <ns3:hr>146</ns3:hr>
            <ns3:cad>88</ns3:cad>
          </ns3:TrackPointExtension>
        </extensions>
      </trkpt>
      <trkpt lat="24.5335353724658489227294921875" lon="118.154396675527095794677734375">
        <ele>22.3999996185302734375</ele>
        <time>2026-08-10T13:27:50.000Z</time>
        <extensions>
          <ns3:TrackPointExtension>
            <ns3:hr>147</ns3:hr>
            <ns3:cad>87</ns3:cad>
          </ns3:TrackPointExtension>
        </extensions>
      </trkpt>
      <trkpt lat="24.5335467718541622161865234375" lon="118.15436474047601222991943359375">
        <ele>22.200000762939453125</ele>
        <time>2026-08-10T13:27:51.000Z</time>
        <extensions>
          <ns3:TrackPointExtension>
            <ns3:hr>147</ns3:hr>
            <ns3:cad>87</ns3:cad>
          </ns3:TrackPointExtension>
        </extensions>
      </trkpt>
      <trkpt lat="24.53354903496801853179931640625" lon="118.1543385051190853118896484375">
        <ele>22.200000762939453125</ele>
        <time>2026-08-10T13:27:52.000Z</time>
        <extensions>
          <ns3:TrackPointExtension>
            <ns3:hr>147</ns3:hr>
            <ns3:cad>87</ns3:cad>
          </ns3:TrackPointExtension>
        </extensions>
      </trkpt>
      <trkpt lat="24.53356973826885223388671875" lon="118.1543063186109066009521484375">
        <ele>22.200000762939453125</ele>
        <time>2026-08-10T13:27:53.000Z</time>
        <extensions>
          <ns3:TrackPointExtension>
            <ns3:hr>147</ns3:hr>
            <ns3:cad>88</ns3:cad>
          </ns3:TrackPointExtension>
        </extensions>
      </trkpt>
      <trkpt lat="24.53357552178204059600830078125" lon="118.15428502857685089111328125">
        <ele>22.200000762939453125</ele>
        <time>2026-08-10T13:27:54.000Z</time>
        <extensions>
          <ns3:TrackPointExtension>
            <ns3:hr>147</ns3:hr>
            <ns3:cad>88</ns3:cad>
          </ns3:TrackPointExtension>
        </extensions>
      </trkpt>
      <trkpt lat="24.5336004160344600677490234375" lon="118.1542550213634967803955078125">
        <ele>22.200000762939453125</ele>
        <time>2026-08-10T13:27:55.000Z</time>
        <extensions>
          <ns3:TrackPointExtension>
            <ns3:hr>147</ns3:hr>
            <ns3:cad>88</ns3:cad>
          </ns3:TrackPointExtension>
        </extensions>
      </trkpt>
      <trkpt lat="24.53361156396567821502685546875" lon="118.15423465333878993988037109375">
        <ele>22.200000762939453125</ele>
        <time>2026-08-10T13:27:56.000Z</time>
        <extensions>
          <ns3:TrackPointExtension>
            <ns3:hr>146</ns3:hr>
            <ns3:cad>88</ns3:cad>
          </ns3:TrackPointExtension>
        </extensions>
      </trkpt>
      <trkpt lat="24.53363277018070220947265625" lon="118.154204897582530975341796875">
        <ele>22.200000762939453125</ele>
        <time>2026-08-10T13:27:57.000Z</time>
        <extensions>
          <ns3:TrackPointExtension>
            <ns3:hr>147</ns3:hr>
            <ns3:cad>88</ns3:cad>
          </ns3:TrackPointExtension>
        </extensions>
      </trkpt>
      <trkpt lat="24.5336441695690155029296875" lon="118.15418352372944355010986328125">
        <ele>22.200000762939453125</ele>
        <time>2026-08-10T13:27:58.000Z</time>
        <extensions>
          <ns3:TrackPointExtension>
            <ns3:hr>147</ns3:hr>
            <ns3:cad>87</ns3:cad>
          </ns3:TrackPointExtension>
        </extensions>
      </trkpt>
      <trkpt lat="24.53366319648921489715576171875" lon="118.154155947268009185791015625">
        <ele>22.200000762939453125</ele>
        <time>2026-08-10T13:27:59.000Z</time>
        <extensions>
          <ns3:TrackPointExtension>
            <ns3:hr>147</ns3:hr>
            <ns3:cad>87</ns3:cad>
          </ns3:TrackPointExtension>
        </extensions>
      </trkpt>
      <trkpt lat="24.5336785353720188140869140625" lon="118.1541323103010654449462890625">
        <ele>22.200000762939453125</ele>
        <time>2026-08-10T13:28:00.000Z</time>
        <extensions>
          <ns3:TrackPointExtension>
            <ns3:hr>147</ns3:hr>
            <ns3:cad>87</ns3:cad>
          </ns3:TrackPointExtension>
        </extensions>
      </trkpt>
      <trkpt lat="24.53369437716901302337646484375" lon="118.1541071645915508270263671875">
        <ele>22.200000762939453125</ele>
        <time>2026-08-10T13:28:01.000Z</time>
        <extensions>
          <ns3:TrackPointExtension>
            <ns3:hr>147</ns3:hr>
            <ns3:cad>87</ns3:cad>
          </ns3:TrackPointExtension>
        </extensions>
      </trkpt>
      <trkpt lat="24.5337112247943878173828125" lon="118.15408545546233654022216796875">
        <ele>22.200000762939453125</ele>
        <time>2026-08-10T13:28:02.000Z</time>
        <extensions>
          <ns3:TrackPointExtension>
            <ns3:hr>147</ns3:hr>
            <ns3:cad>88</ns3:cad>
          </ns3:TrackPointExtension>
        </extensions>
      </trkpt>
      <trkpt lat="24.53372438438236713409423828125" lon="118.1540605612099170684814453125">
        <ele>22.3999996185302734375</ele>
        <time>2026-08-10T13:28:03.000Z</time>
        <extensions>
          <ns3:TrackPointExtension>
            <ns3:hr>147</ns3:hr>
            <ns3:cad>88</ns3:cad>
          </ns3:TrackPointExtension>
        </extensions>
      </trkpt>
      <trkpt lat="24.5337449200451374053955078125" lon="118.15403248183429241180419921875">
        <ele>22.3999996185302734375</ele>
        <time>2026-08-10T13:28:04.000Z</time>
        <extensions>
          <ns3:TrackPointExtension>
            <ns3:hr>147</ns3:hr>
            <ns3:cad>88</ns3:cad>
          </ns3:TrackPointExtension>
        </extensions>
      </trkpt>
      <trkpt lat="24.53375489450991153717041015625" lon="118.15400918014347553253173828125">
        <ele>22.3999996185302734375</ele>
        <time>2026-08-10T13:28:05.000Z</time>
        <extensions>
          <ns3:TrackPointExtension>
            <ns3:hr>147</ns3:hr>
            <ns3:cad>87</ns3:cad>
          </ns3:TrackPointExtension>
        </extensions>
      </trkpt>
      <trkpt lat="24.5337794534862041473388671875" lon="118.1539826095104217529296875">
        <ele>22.200000762939453125</ele>
        <time>2026-08-10T13:28:06.000Z</time>
        <extensions>
          <ns3:TrackPointExtension>
            <ns3:hr>147</ns3:hr>
            <ns3:cad>87</ns3:cad>
          </ns3:TrackPointExtension>
        </extensions>
      </trkpt>
      <trkpt lat="24.53379378654062747955322265625" lon="118.15396157093346118927001953125">
        <ele>22.200000762939453125</ele>
        <time>2026-08-10T13:28:07.000Z</time>
        <extensions>
          <ns3:TrackPointExtension>
            <ns3:hr>147</ns3:hr>
            <ns3:cad>87</ns3:cad>
          </ns3:TrackPointExtension>
        </extensions>
      </trkpt>
      <trkpt lat="24.53382262028753757476806640625" lon="118.15393759869039058685302734375">
        <ele>22.200000762939453125</ele>
        <time>2026-08-10T13:28:08.000Z</time>
        <extensions>
          <ns3:TrackPointExtension>
            <ns3:hr>147</ns3:hr>
            <ns3:cad>87</ns3:cad>
          </ns3:TrackPointExtension>
        </extensions>
      </trkpt>
      <trkpt lat="24.53383770771324634552001953125" lon="118.15391647629439830780029296875">
        <ele>22.200000762939453125</ele>
        <time>2026-08-10T13:28:09.000Z</time>
        <extensions>
          <ns3:TrackPointExtension>
            <ns3:hr>147</ns3:hr>
            <ns3:cad>88</ns3:cad>
          </ns3:TrackPointExtension>
        </extensions>
      </trkpt>
      <trkpt lat="24.53386955894529819488525390625" lon="118.15389937721192836761474609375">
        <ele>22.200000762939453125</ele>
        <time>2026-08-10T13:28:10.000Z</time>
        <extensions>
          <ns3:TrackPointExtension>
            <ns3:hr>146</ns3:hr>
            <ns3:cad>88</ns3:cad>
          </ns3:TrackPointExtension>
        </extensions>
      </trkpt>
      <trkpt lat="24.53388883732259273529052734375" lon="118.15388177521526813507080078125">
        <ele>22.200000762939453125</ele>
        <time>2026-08-10T13:28:11.000Z</time>
        <extensions>
          <ns3:TrackPointExtension>
            <ns3:hr>147</ns3:hr>
            <ns3:cad>89</ns3:cad>
          </ns3:TrackPointExtension>
        </extensions>
      </trkpt>
      <trkpt lat="24.5339149050414562225341796875" lon="118.1538671068847179412841796875">
        <ele>22.200000762939453125</ele>
        <time>2026-08-10T13:28:12.000Z</time>
        <extensions>
          <ns3:TrackPointExtension>
            <ns3:hr>147</ns3:hr>
            <ns3:cad>89</ns3:cad>
          </ns3:TrackPointExtension>
        </extensions>
      </trkpt>
      <trkpt lat="24.5339380390942096710205078125" lon="118.15385495312511920928955078125">
        <ele>22.200000762939453125</ele>
        <time>2026-08-10T13:28:13.000Z</time>
        <extensions>
          <ns3:TrackPointExtension>
            <ns3:hr>147</ns3:hr>
            <ns3:cad>89</ns3:cad>
          </ns3:TrackPointExtension>
        </extensions>
      </trkpt>
      <trkpt lat="24.5339618436992168426513671875" lon="118.15383936278522014617919921875">
        <ele>22.200000762939453125</ele>
        <time>2026-08-10T13:28:14.000Z</time>
        <extensions>
          <ns3:TrackPointExtension>
            <ns3:hr>147</ns3:hr>
            <ns3:cad>87</ns3:cad>
          </ns3:TrackPointExtension>
        </extensions>
      </trkpt>
      <trkpt lat="24.53399109654128551483154296875" lon="118.1538312323391437530517578125">
        <ele>22.200000762939453125</ele>
        <time>2026-08-10T13:28:15.000Z</time>
        <extensions>
          <ns3:TrackPointExtension>
            <ns3:hr>147</ns3:hr>
            <ns3:cad>87</ns3:cad>
          </ns3:TrackPointExtension>
        </extensions>
      </trkpt>
      <trkpt lat="24.53401096165180206298828125" lon="118.15381891094148159027099609375">
        <ele>22.200000762939453125</ele>
        <time>2026-08-10T13:28:16.000Z</time>
        <extensions>
          <ns3:TrackPointExtension>
            <ns3:hr>147</ns3:hr>
            <ns3:cad>87</ns3:cad>
          </ns3:TrackPointExtension>
        </extensions>
      </trkpt>
      <trkpt lat="24.5340459980070590972900390625" lon="118.1538117863237857818603515625">
        <ele>22</ele>
        <time>2026-08-10T13:28:17.000Z</time>
        <extensions>
          <ns3:TrackPointExtension>
            <ns3:hr>146</ns3:hr>
            <ns3:cad>87</ns3:cad>
          </ns3:TrackPointExtension>
        </extensions>
      </trkpt>
      <trkpt lat="24.53406720422208309173583984375" lon="118.1537980400025844573974609375">
        <ele>22</ele>
        <time>2026-08-10T13:28:18.000Z</time>
        <extensions>
          <ns3:TrackPointExtension>
            <ns3:hr>146</ns3:hr>
            <ns3:cad>87</ns3:cad>
          </ns3:TrackPointExtension>
        </extensions>
      </trkpt>
      <trkpt lat="24.5341009832918643951416015625" lon="118.15379477106034755706787109375">
        <ele>22</ele>
        <time>2026-08-10T13:28:19.000Z</time>
        <extensions>
          <ns3:TrackPointExtension>
            <ns3:hr>146</ns3:hr>
            <ns3:cad>87</ns3:cad>
          </ns3:TrackPointExtension>
        </extensions>
      </trkpt>
      <trkpt lat="24.5341221056878566741943359375" lon="118.1537856347858905792236328125">
        <ele>22</ele>
        <time>2026-08-10T13:28:20.000Z</time>
        <extensions>
          <ns3:TrackPointExtension>
            <ns3:hr>146</ns3:hr>
            <ns3:cad>87</ns3:cad>
          </ns3:TrackPointExtension>
        </extensions>
      </trkpt>
      <trkpt lat="24.5341569744050502777099609375" lon="118.1537782587110996246337890625">
        <ele>22</ele>
        <time>2026-08-10T13:28:21.000Z</time>
        <extensions>
          <ns3:TrackPointExtension>
            <ns3:hr>146</ns3:hr>
            <ns3:cad>87</ns3:cad>
          </ns3:TrackPointExtension>
        </extensions>
      </trkpt>
      <trkpt lat="24.53418069519102573394775390625" lon="118.1537745706737041473388671875">
        <ele>22</ele>
        <time>2026-08-10T13:28:22.000Z</time>
        <extensions>
          <ns3:TrackPointExtension>
            <ns3:hr>146</ns3:hr>
            <ns3:cad>86</ns3:cad>
          </ns3:TrackPointExtension>
        </extensions>
      </trkpt>
      <trkpt lat="24.53421422280371189117431640625" lon="118.15376694314181804656982421875">
        <ele>21.799999237060546875</ele>
        <time>2026-08-10T13:28:23.000Z</time>
        <extensions>
          <ns3:TrackPointExtension>
            <ns3:hr>146</ns3:hr>
            <ns3:cad>86</ns3:cad>
          </ns3:TrackPointExtension>
        </extensions>
      </trkpt>
      <trkpt lat="24.53424272127449512481689453125" lon="118.1537695415318012237548828125">
        <ele>22</ele>
        <time>2026-08-10T13:28:24.000Z</time>
        <extensions>
          <ns3:TrackPointExtension>
            <ns3:hr>146</ns3:hr>
            <ns3:cad>87</ns3:cad>
          </ns3:TrackPointExtension>
        </extensions>
      </trkpt>
      <trkpt lat="24.53427113592624664306640625" lon="118.15376828424632549285888671875">
        <ele>22</ele>
        <time>2026-08-10T13:28:25.000Z</time>
        <extensions>
          <ns3:TrackPointExtension>
            <ns3:hr>146</ns3:hr>
            <ns3:cad>88</ns3:cad>
          </ns3:TrackPointExtension>
        </extensions>
      </trkpt>
      <trkpt lat="24.53430198132991790771484375" lon="118.1537715531885623931884765625">
        <ele>22</ele>
        <time>2026-08-10T13:28:26.000Z</time>
        <extensions>
          <ns3:TrackPointExtension>
            <ns3:hr>146</ns3:hr>
            <ns3:cad>88</ns3:cad>
          </ns3:TrackPointExtension>
        </extensions>
      </trkpt>
      <trkpt lat="24.53433282673358917236328125" lon="118.1537671945989131927490234375">
        <ele>22</ele>
        <time>2026-08-10T13:28:27.000Z</time>
        <extensions>
          <ns3:TrackPointExtension>
            <ns3:hr>146</ns3:hr>
            <ns3:cad>88</ns3:cad>
          </ns3:TrackPointExtension>
        </extensions>
      </trkpt>
      <trkpt lat="24.5343655161559581756591796875" lon="118.15377063117921352386474609375">
        <ele>22</ele>
        <time>2026-08-10T13:28:28.000Z</time>
        <extensions>
          <ns3:TrackPointExtension>
            <ns3:hr>146</ns3:hr>
            <ns3:cad>88</ns3:cad>
          </ns3:TrackPointExtension>
        </extensions>
      </trkpt>
      <trkpt lat="24.53439024277031421661376953125" lon="118.15376593731343746185302734375">
        <ele>22.200000762939453125</ele>
        <time>2026-08-10T13:28:29.000Z</time>
        <extensions>
          <ns3:TrackPointExtension>
            <ns3:hr>145</ns3:hr>
            <ns3:cad>88</ns3:cad>
          </ns3:TrackPointExtension>
        </extensions>
      </trkpt>
      <trkpt lat="24.534421674907207489013671875" lon="118.1537715531885623931884765625">
        <ele>22.200000762939453125</ele>
        <time>2026-08-10T13:28:30.000Z</time>
        <extensions>
          <ns3:TrackPointExtension>
            <ns3:hr>145</ns3:hr>
            <ns3:cad>87</ns3:cad>
          </ns3:TrackPointExtension>
        </extensions>
      </trkpt>
      <trkpt lat="24.5344448089599609375" lon="118.15377138555049896240234375">
        <ele>22.200000762939453125</ele>
        <time>2026-08-10T13:28:31.000Z</time>
        <extensions>
          <ns3:TrackPointExtension>
            <ns3:hr>145</ns3:hr>
            <ns3:cad>87</ns3:cad>
          </ns3:TrackPointExtension>
        </extensions>
      </trkpt>
      <trkpt lat="24.53447842039167881011962890625" lon="118.15377633087337017059326171875">
        <ele>22.200000762939453125</ele>
        <time>2026-08-10T13:28:32.000Z</time>
        <extensions>
          <ns3:TrackPointExtension>
            <ns3:hr>146</ns3:hr>
            <ns3:cad>88</ns3:cad>
          </ns3:TrackPointExtension>
        </extensions>
      </trkpt>
      <trkpt lat="24.53450021333992481231689453125" lon="118.15377783961594104766845703125">
        <ele>22.200000762939453125</ele>
        <time>2026-08-10T13:28:33.000Z</time>
        <extensions>
          <ns3:TrackPointExtension>
            <ns3:hr>146</ns3:hr>
            <ns3:cad>88</ns3:cad>
          </ns3:TrackPointExtension>
        </extensions>
      </trkpt>
      <trkpt lat="24.5345348306000232696533203125" lon="118.1537819467484951019287109375">
        <ele>22.200000762939453125</ele>
        <time>2026-08-10T13:28:34.000Z</time>
        <extensions>
          <ns3:TrackPointExtension>
            <ns3:hr>146</ns3:hr>
            <ns3:cad>88</ns3:cad>
          </ns3:TrackPointExtension>
        </extensions>
      </trkpt>
      <trkpt lat="24.53456391580402851104736328125" lon="118.1537819467484951019287109375">
        <ele>22.200000762939453125</ele>
        <time>2026-08-10T13:28:35.000Z</time>
        <extensions>
          <ns3:TrackPointExtension>
            <ns3:hr>146</ns3:hr>
            <ns3:cad>88</ns3:cad>
          </ns3:TrackPointExtension>
        </extensions>
      </trkpt>
      <trkpt lat="24.5345928333699703216552734375" lon="118.1537806056439876556396484375">
        <ele>22</ele>
        <time>2026-08-10T13:28:36.000Z</time>
        <extensions>
          <ns3:TrackPointExtension>
            <ns3:hr>147</ns3:hr>
            <ns3:cad>88</ns3:cad>
          </ns3:TrackPointExtension>
        </extensions>
      </trkpt>
      <trkpt lat="24.5346233434975147247314453125" lon="118.153781108558177947998046875">
        <ele>22</ele>
        <time>2026-08-10T13:28:37.000Z</time>
        <extensions>
          <ns3:TrackPointExtension>
            <ns3:hr>147</ns3:hr>
            <ns3:cad>87</ns3:cad>
          </ns3:TrackPointExtension>
        </extensions>
      </trkpt>
      <trkpt lat="24.53464773483574390411376953125" lon="118.15377951599657535552978515625">
        <ele>22</ele>
        <time>2026-08-10T13:28:38.000Z</time>
        <extensions>
          <ns3:TrackPointExtension>
            <ns3:hr>147</ns3:hr>
            <ns3:cad>87</ns3:cad>
          </ns3:TrackPointExtension>
        </extensions>
      </trkpt>
      <trkpt lat="24.53468059189617633819580078125" lon="118.1537809409201145172119140625">
        <ele>22</ele>
        <time>2026-08-10T13:28:39.000Z</time>
        <extensions>
          <ns3:TrackPointExtension>
            <ns3:hr>147</ns3:hr>
            <ns3:cad>87</ns3:cad>
          </ns3:TrackPointExtension>
        </extensions>
      </trkpt>
      <trkpt lat="24.53470372594892978668212890625" lon="118.1537759117782115936279296875">
        <ele>21.799999237060546875</ele>
        <time>2026-08-10T13:28:40.000Z</time>
        <extensions>
          <ns3:TrackPointExtension>
            <ns3:hr>147</ns3:hr>
            <ns3:cad>88</ns3:cad>
          </ns3:TrackPointExtension>
        </extensions>
      </trkpt>
      <trkpt lat="24.5347366668283939361572265625" lon="118.15377582795917987823486328125">
        <ele>21.799999237060546875</ele>
        <time>2026-08-10T13:28:41.000Z</time>
        <extensions>
          <ns3:TrackPointExtension>
            <ns3:hr>147</ns3:hr>
            <ns3:cad>88</ns3:cad>
          </ns3:TrackPointExtension>
        </extensions>
      </trkpt>
      <trkpt lat="24.534757621586322784423828125" lon="118.15376929007470607757568359375">
        <ele>21.799999237060546875</ele>
        <time>2026-08-10T13:28:42.000Z</time>
        <extensions>
          <ns3:TrackPointExtension>
            <ns3:hr>147</ns3:hr>
            <ns3:cad>88</ns3:cad>
          </ns3:TrackPointExtension>
        </extensions>
      </trkpt>
      <trkpt lat="24.5347899757325649261474609375" lon="118.15376291982829570770263671875">
        <ele>21.799999237060546875</ele>
        <time>2026-08-10T13:28:43.000Z</time>
        <extensions>
          <ns3:TrackPointExtension>
            <ns3:hr>147</ns3:hr>
            <ns3:cad>88</ns3:cad>
          </ns3:TrackPointExtension>
        </extensions>
      </trkpt>
      <trkpt lat="24.53481755219399929046630859375" lon="118.153755962848663330078125">
        <ele>21.799999237060546875</ele>
        <time>2026-08-10T13:28:44.000Z</time>
        <extensions>
          <ns3:TrackPointExtension>
            <ns3:hr>147</ns3:hr>
            <ns3:cad>87</ns3:cad>
          </ns3:TrackPointExtension>
        </extensions>
      </trkpt>
      <trkpt lat="24.53484714031219482421875" lon="118.1537477485835552215576171875">
        <ele>21.799999237060546875</ele>
        <time>2026-08-10T13:28:45.000Z</time>
        <extensions>
          <ns3:TrackPointExtension>
            <ns3:hr>147</ns3:hr>
            <ns3:cad>87</ns3:cad>
          </ns3:TrackPointExtension>
        </extensions>
      </trkpt>
      <trkpt lat="24.53487069346010684967041015625" lon="118.1537407077848911285400390625">
        <ele>21.799999237060546875</ele>
        <time>2026-08-10T13:28:46.000Z</time>
        <extensions>
          <ns3:TrackPointExtension>
            <ns3:hr>147</ns3:hr>
            <ns3:cad>86</ns3:cad>
          </ns3:TrackPointExtension>
        </extensions>
      </trkpt>
      <trkpt lat="24.53490011394023895263671875" lon="118.1537283025681972503662109375">
        <ele>21.799999237060546875</ele>
        <time>2026-08-10T13:28:47.000Z</time>
        <extensions>
          <ns3:TrackPointExtension>
            <ns3:hr>147</ns3:hr>
            <ns3:cad>86</ns3:cad>
          </ns3:TrackPointExtension>
        </extensions>
      </trkpt>
      <trkpt lat="24.53492970205843448638916015625" lon="118.15372386015951633453369140625">
        <ele>21.799999237060546875</ele>
        <time>2026-08-10T13:28:48.000Z</time>
        <extensions>
          <ns3:TrackPointExtension>
            <ns3:hr>147</ns3:hr>
            <ns3:cad>87</ns3:cad>
          </ns3:TrackPointExtension>
        </extensions>
      </trkpt>
      <trkpt lat="24.534953422844409942626953125" lon="118.15371044911444187164306640625">
        <ele>21.799999237060546875</ele>
        <time>2026-08-10T13:28:49.000Z</time>
        <extensions>
          <ns3:TrackPointExtension>
            <ns3:hr>146</ns3:hr>
            <ns3:cad>87</ns3:cad>
          </ns3:TrackPointExtension>
        </extensions>
      </trkpt>
      <trkpt lat="24.53498351387679576873779296875" lon="118.15369854681193828582763671875">
        <ele>21.799999237060546875</ele>
        <time>2026-08-10T13:28:50.000Z</time>
        <extensions>
          <ns3:TrackPointExtension>
            <ns3:hr>146</ns3:hr>
            <ns3:cad>87</ns3:cad>
          </ns3:TrackPointExtension>
        </extensions>
      </trkpt>
      <trkpt lat="24.5350072346627712249755859375" lon="118.1536820344626903533935546875">
        <ele>21.799999237060546875</ele>
        <time>2026-08-10T13:28:51.000Z</time>
        <extensions>
          <ns3:TrackPointExtension>
            <ns3:hr>146</ns3:hr>
            <ns3:cad>88</ns3:cad>
          </ns3:TrackPointExtension>
        </extensions>
      </trkpt>
      <trkpt lat="24.5350416004657745361328125" lon="118.1536741554737091064453125">
        <ele>21.799999237060546875</ele>
        <time>2026-08-10T13:28:52.000Z</time>
        <extensions>
          <ns3:TrackPointExtension>
            <ns3:hr>146</ns3:hr>
            <ns3:cad>88</ns3:cad>
          </ns3:TrackPointExtension>
        </extensions>
      </trkpt>
      <trkpt lat="24.53506146557629108428955078125" lon="118.1536599062383174896240234375">
        <ele>21.799999237060546875</ele>
        <time>2026-08-10T13:28:53.000Z</time>
        <extensions>
          <ns3:TrackPointExtension>
            <ns3:hr>147</ns3:hr>
            <ns3:cad>87</ns3:cad>
          </ns3:TrackPointExtension>
        </extensions>
      </trkpt>
      <trkpt lat="24.53509164042770862579345703125" lon="118.153644986450672149658203125">
        <ele>21.799999237060546875</ele>
        <time>2026-08-10T13:28:54.000Z</time>
        <extensions>
          <ns3:TrackPointExtension>
            <ns3:hr>147</ns3:hr>
            <ns3:cad>87</ns3:cad>
          </ns3:TrackPointExtension>
        </extensions>
      </trkpt>
      <trkpt lat="24.535107314586639404296875" lon="118.15363182686269283294677734375">
        <ele>21.799999237060546875</ele>
        <time>2026-08-10T13:28:55.000Z</time>
        <extensions>
          <ns3:TrackPointExtension>
            <ns3:hr>147</ns3:hr>
            <ns3:cad>87</ns3:cad>
          </ns3:TrackPointExtension>
        </extensions>
      </trkpt>
      <trkpt lat="24.53513254411518573760986328125" lon="118.1536138057708740234375">
        <ele>21.799999237060546875</ele>
        <time>2026-08-10T13:28:56.000Z</time>
        <extensions>
          <ns3:TrackPointExtension>
            <ns3:hr>148</ns3:hr>
            <ns3:cad>88</ns3:cad>
          </ns3:TrackPointExtension>
        </extensions>
      </trkpt>
      <trkpt lat="24.53515333123505115509033203125" lon="118.1535962037742137908935546875">
        <ele>21.799999237060546875</ele>
        <time>2026-08-10T13:28:57.000Z</time>
        <extensions>
          <ns3:TrackPointExtension>
            <ns3:hr>148</ns3:hr>
            <ns3:cad>88</ns3:cad>
          </ns3:TrackPointExtension>
        </extensions>
      </trkpt>
      <trkpt lat="24.535176716744899749755859375" lon="118.15357767976820468902587890625">
        <ele>21.799999237060546875</ele>
        <time>2026-08-10T13:28:58.000Z</time>
        <extensions>
          <ns3:TrackPointExtension>
            <ns3:hr>148</ns3:hr>
            <ns3:cad>88</ns3:cad>
          </ns3:TrackPointExtension>
        </extensions>
      </trkpt>
      <trkpt lat="24.53520043753087520599365234375" lon="118.15355605445802211761474609375">
        <ele>21.6000003814697265625</ele>
        <time>2026-08-10T13:28:59.000Z</time>
        <extensions>
          <ns3:TrackPointExtension>
            <ns3:hr>148</ns3:hr>
            <ns3:cad>88</ns3:cad>
          </ns3:TrackPointExtension>
        </extensions>
      </trkpt>
      <trkpt lat="24.535219632089138031005859375" lon="118.15353266894817352294921875">
        <ele>21.6000003814697265625</ele>
        <time>2026-08-10T13:29:00.000Z</time>
        <extensions>
          <ns3:TrackPointExtension>
            <ns3:hr>148</ns3:hr>
            <ns3:cad>87</ns3:cad>
          </ns3:TrackPointExtension>
        </extensions>
      </trkpt>
      <trkpt lat="24.5352415926754474639892578125" lon="118.1535132229328155517578125">
        <ele>21.6000003814697265625</ele>
        <time>2026-08-10T13:29:01.000Z</time>
        <extensions>
          <ns3:TrackPointExtension>
            <ns3:hr>148</ns3:hr>
            <ns3:cad>87</ns3:cad>
          </ns3:TrackPointExtension>
        </extensions>
      </trkpt>
      <trkpt lat="24.5352543331682682037353515625" lon="118.1534926034510135650634765625">
        <ele>21.6000003814697265625</ele>
        <time>2026-08-10T13:29:02.000Z</time>
        <extensions>
          <ns3:TrackPointExtension>
            <ns3:hr>146</ns3:hr>
            <ns3:cad>87</ns3:cad>
          </ns3:TrackPointExtension>
        </extensions>
      </trkpt>
      <trkpt lat="24.53528207726776599884033203125" lon="118.15347676165401935577392578125">
        <ele>21.6000003814697265625</ele>
        <time>2026-08-10T13:29:03.000Z</time>
        <extensions>
          <ns3:TrackPointExtension>
            <ns3:hr>145</ns3:hr>
            <ns3:cad>87</ns3:cad>
          </ns3:TrackPointExtension>
        </extensions>
      </trkpt>
      <trkpt lat="24.53529934398829936981201171875" lon="118.15346066839993000030517578125">
        <ele>21.6000003814697265625</ele>
        <time>2026-08-10T13:29:04.000Z</time>
        <extensions>
          <ns3:TrackPointExtension>
            <ns3:hr>144</ns3:hr>
            <ns3:cad>88</ns3:cad>
          </ns3:TrackPointExtension>
        </extensions>
      </trkpt>
      <trkpt lat="24.535328261554241180419921875" lon="118.153439126908779144287109375">
        <ele>21.6000003814697265625</ele>
        <time>2026-08-10T13:29:05.000Z</time>
        <extensions>
          <ns3:TrackPointExtension>
            <ns3:hr>144</ns3:hr>
            <ns3:cad>88</ns3:cad>
          </ns3:TrackPointExtension>
        </extensions>
      </trkpt>
      <trkpt lat="24.53534242697060108184814453125" lon="118.153423033654689788818359375">
        <ele>21.6000003814697265625</ele>
        <time>2026-08-10T13:29:06.000Z</time>
        <extensions>
          <ns3:TrackPointExtension>
            <ns3:hr>146</ns3:hr>
            <ns3:cad>88</ns3:cad>
          </ns3:TrackPointExtension>
        </extensions>
      </trkpt>
      <trkpt lat="24.53537159599363803863525390625" lon="118.15340233035385608673095703125">
        <ele>21.6000003814697265625</ele>
        <time>2026-08-10T13:29:07.000Z</time>
        <extensions>
          <ns3:TrackPointExtension>
            <ns3:hr>149</ns3:hr>
            <ns3:cad>88</ns3:cad>
          </ns3:TrackPointExtension>
        </extensions>
      </trkpt>
      <trkpt lat="24.5353881083428859710693359375" lon="118.153385482728481292724609375">
        <ele>21.6000003814697265625</ele>
        <time>2026-08-10T13:29:08.000Z</time>
        <extensions>
          <ns3:TrackPointExtension>
            <ns3:hr>150</ns3:hr>
            <ns3:cad>88</ns3:cad>
          </ns3:TrackPointExtension>
        </extensions>
      </trkpt>
      <trkpt lat="24.53541249968111515045166015625" lon="118.15335807390511035919189453125">
        <ele>21.6000003814697265625</ele>
        <time>2026-08-10T13:29:09.000Z</time>
        <extensions>
          <ns3:TrackPointExtension>
            <ns3:hr>150</ns3:hr>
            <ns3:cad>87</ns3:cad>
          </ns3:TrackPointExtension>
        </extensions>
      </trkpt>
      <trkpt lat="24.5354306884109973907470703125" lon="118.1533380411565303802490234375">
        <ele>21.3999996185302734375</ele>
        <time>2026-08-10T13:29:10.000Z</time>
        <extensions>
          <ns3:TrackPointExtension>
            <ns3:hr>151</ns3:hr>
            <ns3:cad>87</ns3:cad>
          </ns3:TrackPointExtension>
        </extensions>
      </trkpt>
      <trkpt lat="24.53545390628278255462646484375" lon="118.15330962650477886199951171875">
        <ele>21.3999996185302734375</ele>
        <time>2026-08-10T13:29:11.000Z</time>
        <extensions>
          <ns3:TrackPointExtension>
            <ns3:hr>151</ns3:hr>
            <ns3:cad>90</ns3:cad>
          </ns3:TrackPointExtension>
        </extensions>
      </trkpt>
      <trkpt lat="24.5354736037552356719970703125" lon="118.15329252742230892181396484375">
        <ele>21.3999996185302734375</ele>
        <time>2026-08-10T13:29:12.000Z</time>
        <extensions>
          <ns3:TrackPointExtension>
            <ns3:hr>151</ns3:hr>
            <ns3:cad>90</ns3:cad>
          </ns3:TrackPointExtension>
        </extensions>
      </trkpt>
      <trkpt lat="24.535493217408657073974609375" lon="118.15326972864568233489990234375">
        <ele>21.3999996185302734375</ele>
        <time>2026-08-10T13:29:13.000Z</time>
        <extensions>
          <ns3:TrackPointExtension>
            <ns3:hr>151</ns3:hr>
            <ns3:cad>89</ns3:cad>
          </ns3:TrackPointExtension>
        </extensions>
      </trkpt>
      <trkpt lat="24.53551299870014190673828125" lon="118.15325045026838779449462890625">
        <ele>21.3999996185302734375</ele>
        <time>2026-08-10T13:29:14.000Z</time>
        <extensions>
          <ns3:TrackPointExtension>
            <ns3:hr>151</ns3:hr>
            <ns3:cad>89</ns3:cad>
          </ns3:TrackPointExtension>
        </extensions>
      </trkpt>
      <trkpt lat="24.53553202562034130096435546875" lon="118.1532290764153003692626953125">
        <ele>21.3999996185302734375</ele>
        <time>2026-08-10T13:29:15.000Z</time>
        <extensions>
          <ns3:TrackPointExtension>
            <ns3:hr>151</ns3:hr>
            <ns3:cad>88</ns3:cad>
          </ns3:TrackPointExtension>
        </extensions>
      </trkpt>
      <trkpt lat="24.5355540700256824493408203125" lon="118.15320703200995922088623046875">
        <ele>21.6000003814697265625</ele>
        <time>2026-08-10T13:29:16.000Z</time>
        <extensions>
          <ns3:TrackPointExtension>
            <ns3:hr>151</ns3:hr>
            <ns3:cad>87</ns3:cad>
          </ns3:TrackPointExtension>
        </extensions>
      </trkpt>
      <trkpt lat="24.53556722961366176605224609375" lon="118.15318507142364978790283203125">
        <ele>21.6000003814697265625</ele>
        <time>2026-08-10T13:29:17.000Z</time>
        <extensions>
          <ns3:TrackPointExtension>
            <ns3:hr>151</ns3:hr>
            <ns3:cad>87</ns3:cad>
          </ns3:TrackPointExtension>
        </extensions>
      </trkpt>
      <trkpt lat="24.535594470798969268798828125" lon="118.15316445194184780120849609375">
        <ele>21.6000003814697265625</ele>
        <time>2026-08-10T13:29:18.000Z</time>
        <extensions>
          <ns3:TrackPointExtension>
            <ns3:hr>151</ns3:hr>
            <ns3:cad>87</ns3:cad>
          </ns3:TrackPointExtension>
        </extensions>
      </trkpt>
      <trkpt lat="24.53561492264270782470703125" lon="118.153149783611297607421875">
        <ele>21.6000003814697265625</ele>
        <time>2026-08-10T13:29:19.000Z</time>
        <extensions>
          <ns3:TrackPointExtension>
            <ns3:hr>151</ns3:hr>
            <ns3:cad>88</ns3:cad>
          </ns3:TrackPointExtension>
        </extensions>
      </trkpt>
      <trkpt lat="24.53564903698861598968505859375" lon="118.15315271727740764617919921875">
        <ele>21.6000003814697265625</ele>
        <time>2026-08-10T13:29:20.000Z</time>
        <extensions>
          <ns3:TrackPointExtension>
            <ns3:hr>151</ns3:hr>
            <ns3:cad>88</ns3:cad>
          </ns3:TrackPointExtension>
        </extensions>
      </trkpt>
      <trkpt lat="24.53566764481365680694580078125" lon="118.153148777782917022705078125">
        <ele>21.6000003814697265625</ele>
        <time>2026-08-10T13:29:21.000Z</time>
        <extensions>
          <ns3:TrackPointExtension>
            <ns3:hr>151</ns3:hr>
            <ns3:cad>88</ns3:cad>
          </ns3:TrackPointExtension>
        </extensions>
      </trkpt>
      <trkpt lat="24.5356985740363597869873046875" lon="118.15316294319927692413330078125">
        <ele>21.3999996185302734375</ele>
        <time>2026-08-10T13:29:22.000Z</time>
        <extensions>
          <ns3:TrackPointExtension>
            <ns3:hr>151</ns3:hr>
            <ns3:cad>87</ns3:cad>
          </ns3:TrackPointExtension>
        </extensions>
      </trkpt>
      <trkpt lat="24.535722546279430389404296875" lon="118.15317593514919281005859375">
        <ele>21.6000003814697265625</ele>
        <time>2026-08-10T13:29:23.000Z</time>
        <extensions>
          <ns3:TrackPointExtension>
            <ns3:hr>152</ns3:hr>
            <ns3:cad>87</ns3:cad>
          </ns3:TrackPointExtension>
        </extensions>
      </trkpt>
      <trkpt lat="24.5357492007315158843994140625" lon="118.15319538116455078125">
        <ele>21.6000003814697265625</ele>
        <time>2026-08-10T13:29:24.000Z</time>
        <extensions>
          <ns3:TrackPointExtension>
            <ns3:hr>151</ns3:hr>
            <ns3:cad>87</ns3:cad>
          </ns3:TrackPointExtension>
        </extensions>
      </trkpt>
      <trkpt lat="24.53576873056590557098388671875" lon="118.15321004949510097503662109375">
        <ele>21.6000003814697265625</ele>
        <time>2026-08-10T13:29:25.000Z</time>
        <extensions>
          <ns3:TrackPointExtension>
            <ns3:hr>150</ns3:hr>
            <ns3:cad>88</ns3:cad>
          </ns3:TrackPointExtension>
        </extensions>
      </trkpt>
      <trkpt lat="24.53579521737992763519287109375" lon="118.15323167480528354644775390625">
        <ele>21.6000003814697265625</ele>
        <time>2026-08-10T13:29:26.000Z</time>
        <extensions>
          <ns3:TrackPointExtension>
            <ns3:hr>150</ns3:hr>
            <ns3:cad>88</ns3:cad>
          </ns3:TrackPointExtension>
        </extensions>
      </trkpt>
      <trkpt lat="24.53581449575722217559814453125" lon="118.1532490253448486328125">
        <ele>21.6000003814697265625</ele>
        <time>2026-08-10T13:29:27.000Z</time>
        <extensions>
          <ns3:TrackPointExtension>
            <ns3:hr>149</ns3:hr>
            <ns3:cad>88</ns3:cad>
          </ns3:TrackPointExtension>
        </extensions>
      </trkpt>
      <trkpt lat="24.5358382165431976318359375" lon="118.15326671116054058074951171875">
        <ele>21.6000003814697265625</ele>
        <time>2026-08-10T13:29:28.000Z</time>
        <extensions>
          <ns3:TrackPointExtension>
            <ns3:hr>149</ns3:hr>
            <ns3:cad>89</ns3:cad>
          </ns3:TrackPointExtension>
        </extensions>
      </trkpt>
      <trkpt lat="24.53586034476757049560546875" lon="118.1532870791852474212646484375">
        <ele>21.6000003814697265625</ele>
        <time>2026-08-10T13:29:29.000Z</time>
        <extensions>
          <ns3:TrackPointExtension>
            <ns3:hr>150</ns3:hr>
            <ns3:cad>89</ns3:cad>
          </ns3:TrackPointExtension>
        </extensions>
      </trkpt>
      <trkpt lat="24.53587970696389675140380859375" lon="118.1532981432974338531494140625">
        <ele>21.6000003814697265625</ele>
        <time>2026-08-10T13:29:30.000Z</time>
        <extensions>
          <ns3:TrackPointExtension>
            <ns3:hr>150</ns3:hr>
            <ns3:cad>89</ns3:cad>
          </ns3:TrackPointExtension>
        </extensions>
      </trkpt>
      <trkpt lat="24.53590485267341136932373046875" lon="118.1533189304172992706298828125">
        <ele>21.799999237060546875</ele>
        <time>2026-08-10T13:29:31.000Z</time>
        <extensions>
          <ns3:TrackPointExtension>
            <ns3:hr>150</ns3:hr>
            <ns3:cad>89</ns3:cad>
          </ns3:TrackPointExtension>
        </extensions>
      </trkpt>
      <trkpt lat="24.5359248854219913482666015625" lon="118.15333225764334201812744140625">
        <ele>21.799999237060546875</ele>
        <time>2026-08-10T13:29:32.000Z</time>
        <extensions>
          <ns3:TrackPointExtension>
            <ns3:hr>149</ns3:hr>
            <ns3:cad>87</ns3:cad>
          </ns3:TrackPointExtension>
        </extensions>
      </trkpt>
      <trkpt lat="24.5359507016837596893310546875" lon="118.1533548049628734588623046875">
        <ele>21.799999237060546875</ele>
        <time>2026-08-10T13:29:33.000Z</time>
        <extensions>
          <ns3:TrackPointExtension>
            <ns3:hr>149</ns3:hr>
            <ns3:cad>87</ns3:cad>
          </ns3:TrackPointExtension>
        </extensions>
      </trkpt>
      <trkpt lat="24.53596838749945163726806640625" lon="118.15336176194250583648681640625">
        <ele>21.799999237060546875</ele>
        <time>2026-08-10T13:29:34.000Z</time>
        <extensions>
          <ns3:TrackPointExtension>
            <ns3:hr>149</ns3:hr>
            <ns3:cad>87</ns3:cad>
          </ns3:TrackPointExtension>
        </extensions>
      </trkpt>
      <trkpt lat="24.53599789179861545562744140625" lon="118.153380118310451507568359375">
        <ele>21.799999237060546875</ele>
        <time>2026-08-10T13:29:35.000Z</time>
        <extensions>
          <ns3:TrackPointExtension>
            <ns3:hr>148</ns3:hr>
            <ns3:cad>87</ns3:cad>
          </ns3:TrackPointExtension>
        </extensions>
      </trkpt>
      <trkpt lat="24.5360160805284976959228515625" lon="118.1533926911652088165283203125">
        <ele>21.799999237060546875</ele>
        <time>2026-08-10T13:29:36.000Z</time>
        <extensions>
          <ns3:TrackPointExtension>
            <ns3:hr>148</ns3:hr>
            <ns3:cad>87</ns3:cad>
          </ns3:TrackPointExtension>
        </extensions>
      </trkpt>
      <trkpt lat="24.536040388047695159912109375" lon="118.1534097902476787567138671875">
        <ele>21.6000003814697265625</ele>
        <time>2026-08-10T13:29:37.000Z</time>
        <extensions>
          <ns3:TrackPointExtension>
            <ns3:hr>148</ns3:hr>
            <ns3:cad>87</ns3:cad>
          </ns3:TrackPointExtension>
        </extensions>
      </trkpt>
      <trkpt lat="24.5360640250146389007568359375" lon="118.15342747606337070465087890625">
        <ele>21.6000003814697265625</ele>
        <time>2026-08-10T13:29:38.000Z</time>
        <extensions>
          <ns3:TrackPointExtension>
            <ns3:hr>149</ns3:hr>
            <ns3:cad>87</ns3:cad>
          </ns3:TrackPointExtension>
        </extensions>
      </trkpt>
      <trkpt lat="24.53609394840896129608154296875" lon="118.153442479670047760009765625">
        <ele>21.799999237060546875</ele>
        <time>2026-08-10T13:29:39.000Z</time>
        <extensions>
          <ns3:TrackPointExtension>
            <ns3:hr>148</ns3:hr>
            <ns3:cad>87</ns3:cad>
          </ns3:TrackPointExtension>
        </extensions>
      </trkpt>
      <trkpt lat="24.5361169986426830291748046875" lon="118.1534614227712154388427734375">
        <ele>21.799999237060546875</ele>
        <time>2026-08-10T13:29:40.000Z</time>
        <extensions>
          <ns3:TrackPointExtension>
            <ns3:hr>148</ns3:hr>
            <ns3:cad>86</ns3:cad>
          </ns3:TrackPointExtension>
        </extensions>
      </trkpt>
      <trkpt lat="24.536141641438007354736328125" lon="118.15347324125468730926513671875">
        <ele>21.799999237060546875</ele>
        <time>2026-08-10T13:29:41.000Z</time>
        <extensions>
          <ns3:TrackPointExtension>
            <ns3:hr>148</ns3:hr>
            <ns3:cad>87</ns3:cad>
          </ns3:TrackPointExtension>
        </extensions>
      </trkpt>
      <trkpt lat="24.5361672900617122650146484375" lon="118.153492100536823272705078125">
        <ele>21.799999237060546875</ele>
        <time>2026-08-10T13:29:42.000Z</time>
        <extensions>
          <ns3:TrackPointExtension>
            <ns3:hr>148</ns3:hr>
            <ns3:cad>88</ns3:cad>
          </ns3:TrackPointExtension>
        </extensions>
      </trkpt>
      <trkpt lat="24.536190927028656005859375" lon="118.1534962914884090423583984375">
        <ele>21.799999237060546875</ele>
        <time>2026-08-10T13:29:43.000Z</time>
        <extensions>
          <ns3:TrackPointExtension>
            <ns3:hr>147</ns3:hr>
            <ns3:cad>88</ns3:cad>
          </ns3:TrackPointExtension>
        </extensions>
      </trkpt>
      <trkpt lat="24.53621707856655120849609375" lon="118.15351347438991069793701171875">
        <ele>21.799999237060546875</ele>
        <time>2026-08-10T13:29:44.000Z</time>
        <extensions>
          <ns3:TrackPointExtension>
            <ns3:hr>147</ns3:hr>
            <ns3:cad>88</ns3:cad>
          </ns3:TrackPointExtension>
        </extensions>
      </trkpt>
      <trkpt lat="24.5362356863915920257568359375" lon="118.15352202393114566802978515625">
        <ele>21.799999237060546875</ele>
        <time>2026-08-10T13:29:45.000Z</time>
        <extensions>
          <ns3:TrackPointExtension>
            <ns3:hr>147</ns3:hr>
            <ns3:cad>88</ns3:cad>
          </ns3:TrackPointExtension>
        </extensions>
      </trkpt>
      <trkpt lat="24.53626443631947040557861328125" lon="118.1535415537655353546142578125">
        <ele>21.799999237060546875</ele>
        <time>2026-08-10T13:29:46.000Z</time>
        <extensions>
          <ns3:TrackPointExtension>
            <ns3:hr>147</ns3:hr>
            <ns3:cad>87</ns3:cad>
          </ns3:TrackPointExtension>
        </extensions>
      </trkpt>
      <trkpt lat="24.53628279268741607666015625" lon="118.15355437807738780975341796875">
        <ele>22</ele>
        <time>2026-08-10T13:29:47.000Z</time>
        <extensions>
          <ns3:TrackPointExtension>
            <ns3:hr>147</ns3:hr>
            <ns3:cad>87</ns3:cad>
          </ns3:TrackPointExtension>
        </extensions>
      </trkpt>
      <trkpt lat="24.53631154261529445648193359375" lon="118.15357013605535030364990234375">
        <ele>22</ele>
        <time>2026-08-10T13:29:48.000Z</time>
        <extensions>
          <ns3:TrackPointExtension>
            <ns3:hr>146</ns3:hr>
            <ns3:cad>87</ns3:cad>
          </ns3:TrackPointExtension>
        </extensions>
      </trkpt>
      <trkpt lat="24.53633249737322330474853515625" lon="118.1535844691097736358642578125">
        <ele>22</ele>
        <time>2026-08-10T13:29:49.000Z</time>
        <extensions>
          <ns3:TrackPointExtension>
            <ns3:hr>146</ns3:hr>
            <ns3:cad>87</ns3:cad>
          </ns3:TrackPointExtension>
        </extensions>
      </trkpt>
      <trkpt lat="24.5363587327301502227783203125" lon="118.15360232256352901458740234375">
        <ele>21.799999237060546875</ele>
        <time>2026-08-10T13:29:50.000Z</time>
        <extensions>
          <ns3:TrackPointExtension>
            <ns3:hr>145</ns3:hr>
            <ns3:cad>87</ns3:cad>
          </ns3:TrackPointExtension>
        </extensions>
      </trkpt>
      <trkpt lat="24.536381699144840240478515625" lon="118.15362126566469669342041015625">
        <ele>21.799999237060546875</ele>
        <time>2026-08-10T13:29:51.000Z</time>
        <extensions>
          <ns3:TrackPointExtension>
            <ns3:hr>145</ns3:hr>
            <ns3:cad>88</ns3:cad>
          </ns3:TrackPointExtension>
        </extensions>
      </trkpt>
      <trkpt lat="24.5364083535969257354736328125" lon="118.15363182686269283294677734375">
        <ele>21.799999237060546875</ele>
        <time>2026-08-10T13:29:52.000Z</time>
        <extensions>
          <ns3:TrackPointExtension>
            <ns3:hr>145</ns3:hr>
            <ns3:cad>88</ns3:cad>
          </ns3:TrackPointExtension>
        </extensions>
      </trkpt>
      <trkpt lat="24.5364314876496791839599609375" lon="118.15365160815417766571044921875">
        <ele>21.799999237060546875</ele>
        <time>2026-08-10T13:29:53.000Z</time>
        <extensions>
          <ns3:TrackPointExtension>
            <ns3:hr>145</ns3:hr>
            <ns3:cad>88</ns3:cad>
          </ns3:TrackPointExtension>
        </extensions>
      </trkpt>
      <trkpt lat="24.53645319677889347076416015625" lon="118.15366099588572978973388671875">
        <ele>21.799999237060546875</ele>
        <time>2026-08-10T13:29:54.000Z</time>
        <extensions>
          <ns3:TrackPointExtension>
            <ns3:hr>145</ns3:hr>
            <ns3:cad>87</ns3:cad>
          </ns3:TrackPointExtension>
        </extensions>
      </trkpt>
      <trkpt lat="24.5364811085164546966552734375" lon="118.1536806933581829071044921875">
        <ele>22</ele>
        <time>2026-08-10T13:29:55.000Z</time>
        <extensions>
          <ns3:TrackPointExtension>
            <ns3:hr>144</ns3:hr>
            <ns3:cad>87</ns3:cad>
          </ns3:TrackPointExtension>
        </extensions>
      </trkpt>
      <trkpt lat="24.536498375236988067626953125" lon="118.15369184128940105438232421875">
        <ele>22</ele>
        <time>2026-08-10T13:29:56.000Z</time>
        <extensions>
          <ns3:TrackPointExtension>
            <ns3:hr>144</ns3:hr>
            <ns3:cad>87</ns3:cad>
          </ns3:TrackPointExtension>
        </extensions>
      </trkpt>
      <trkpt lat="24.5365270413458347320556640625" lon="118.15371028147637844085693359375">
        <ele>22</ele>
        <time>2026-08-10T13:29:57.000Z</time>
        <extensions>
          <ns3:TrackPointExtension>
            <ns3:hr>144</ns3:hr>
            <ns3:cad>87</ns3:cad>
          </ns3:TrackPointExtension>
        </extensions>
      </trkpt>
      <trkpt lat="24.5365474931895732879638671875" lon="118.15372000448405742645263671875">
        <ele>22</ele>
        <time>2026-08-10T13:29:58.000Z</time>
        <extensions>
          <ns3:TrackPointExtension>
            <ns3:hr>144</ns3:hr>
            <ns3:cad>88</ns3:cad>
          </ns3:TrackPointExtension>
        </extensions>
      </trkpt>
      <trkpt lat="24.53657439909875392913818359375" lon="118.1537403725087642669677734375">
        <ele>22</ele>
        <time>2026-08-10T13:29:59.000Z</time>
        <extensions>
          <ns3:TrackPointExtension>
            <ns3:hr>144</ns3:hr>
            <ns3:cad>88</ns3:cad>
          </ns3:TrackPointExtension>
        </extensions>
      </trkpt>
      <trkpt lat="24.536593593657016754150390625" lon="118.15375688485801219940185546875">
        <ele>21.799999237060546875</ele>
        <time>2026-08-10T13:30:00.000Z</time>
        <extensions>
          <ns3:TrackPointExtension>
            <ns3:hr>145</ns3:hr>
            <ns3:cad>88</ns3:cad>
          </ns3:TrackPointExtension>
        </extensions>
      </trkpt>
      <trkpt lat="24.53662117011845111846923828125" lon="118.1537707149982452392578125">
        <ele>21.799999237060546875</ele>
        <time>2026-08-10T13:30:01.000Z</time>
        <extensions>
          <ns3:TrackPointExtension>
            <ns3:hr>144</ns3:hr>
            <ns3:cad>87</ns3:cad>
          </ns3:TrackPointExtension>
        </extensions>
      </trkpt>
      <trkpt lat="24.536646567285060882568359375" lon="118.15378479659557342529296875">
        <ele>21.6000003814697265625</ele>
        <time>2026-08-10T13:30:02.000Z</time>
        <extensions>
          <ns3:TrackPointExtension>
            <ns3:hr>144</ns3:hr>
            <ns3:cad>87</ns3:cad>
          </ns3:TrackPointExtension>
        </extensions>
      </trkpt>
      <trkpt lat="24.5366705395281314849853515625" lon="118.15379594452679157257080078125">
        <ele>21.6000003814697265625</ele>
        <time>2026-08-10T13:30:03.000Z</time>
        <extensions>
          <ns3:TrackPointExtension>
            <ns3:hr>144</ns3:hr>
            <ns3:cad>87</ns3:cad>
          </ns3:TrackPointExtension>
        </extensions>
      </trkpt>
      <trkpt lat="24.53669744543731212615966796875" lon="118.1538117863237857818603515625">
        <ele>21.3999996185302734375</ele>
        <time>2026-08-10T13:30:04.000Z</time>
        <extensions>
          <ns3:TrackPointExtension>
            <ns3:hr>144</ns3:hr>
            <ns3:cad>87</ns3:cad>
          </ns3:TrackPointExtension>
        </extensions>
      </trkpt>
      <trkpt lat="24.53671731054782867431640625" lon="118.15382008440792560577392578125">
        <ele>21.3999996185302734375</ele>
        <time>2026-08-10T13:30:05.000Z</time>
        <extensions>
          <ns3:TrackPointExtension>
            <ns3:hr>144</ns3:hr>
            <ns3:cad>87</ns3:cad>
          </ns3:TrackPointExtension>
        </extensions>
      </trkpt>
      <trkpt lat="24.53674337826669216156005859375" lon="118.15383869223296642303466796875">
        <ele>21.3999996185302734375</ele>
        <time>2026-08-10T13:30:06.000Z</time>
        <extensions>
          <ns3:TrackPointExtension>
            <ns3:hr>144</ns3:hr>
            <ns3:cad>88</ns3:cad>
          </ns3:TrackPointExtension>
        </extensions>
      </trkpt>
      <trkpt lat="24.536758549511432647705078125" lon="118.15385193563997745513916015625">
        <ele>21.3999996185302734375</ele>
        <time>2026-08-10T13:30:07.000Z</time>
        <extensions>
          <ns3:TrackPointExtension>
            <ns3:hr>144</ns3:hr>
            <ns3:cad>88</ns3:cad>
          </ns3:TrackPointExtension>
        </extensions>
      </trkpt>
      <trkpt lat="24.53678646124899387359619140625" lon="118.15387221984565258026123046875">
        <ele>21.3999996185302734375</ele>
        <time>2026-08-10T13:30:08.000Z</time>
        <extensions>
          <ns3:TrackPointExtension>
            <ns3:hr>144</ns3:hr>
            <ns3:cad>88</ns3:cad>
          </ns3:TrackPointExtension>
        </extensions>
      </trkpt>
      <trkpt lat="24.53680607490241527557373046875" lon="118.15388127230107784271240234375">
        <ele>21.200000762939453125</ele>
        <time>2026-08-10T13:30:09.000Z</time>
        <extensions>
          <ns3:TrackPointExtension>
            <ns3:hr>144</ns3:hr>
            <ns3:cad>88</ns3:cad>
          </ns3:TrackPointExtension>
        </extensions>
      </trkpt>
      <trkpt lat="24.53683532774448394775390625" lon="118.15389619208872318267822265625">
        <ele>21</ele>
        <time>2026-08-10T13:30:10.000Z</time>
        <extensions>
          <ns3:TrackPointExtension>
            <ns3:hr>144</ns3:hr>
            <ns3:cad>87</ns3:cad>
          </ns3:TrackPointExtension>
        </extensions>
      </trkpt>
      <trkpt lat="24.536860473453998565673828125" lon="118.15391127951443195343017578125">
        <ele>21</ele>
        <time>2026-08-10T13:30:11.000Z</time>
        <extensions>
          <ns3:TrackPointExtension>
            <ns3:hr>144</ns3:hr>
            <ns3:cad>87</ns3:cad>
          </ns3:TrackPointExtension>
        </extensions>
      </trkpt>
      <trkpt lat="24.5368861220777034759521484375" lon="118.15392871387302875518798828125">
        <ele>21</ele>
        <time>2026-08-10T13:30:12.000Z</time>
        <extensions>
          <ns3:TrackPointExtension>
            <ns3:hr>144</ns3:hr>
            <ns3:cad>87</ns3:cad>
          </ns3:TrackPointExtension>
        </extensions>
      </trkpt>
      <trkpt lat="24.53691001050174236297607421875" lon="118.1539475731551647186279296875">
        <ele>21</ele>
        <time>2026-08-10T13:30:13.000Z</time>
        <extensions>
          <ns3:TrackPointExtension>
            <ns3:hr>144</ns3:hr>
            <ns3:cad>87</ns3:cad>
          </ns3:TrackPointExtension>
        </extensions>
      </trkpt>
      <trkpt lat="24.5369352400302886962890625" lon="118.1539626605808734893798828125">
        <ele>21</ele>
        <time>2026-08-10T13:30:14.000Z</time>
        <extensions>
          <ns3:TrackPointExtension>
            <ns3:hr>144</ns3:hr>
            <ns3:cad>87</ns3:cad>
          </ns3:TrackPointExtension>
        </extensions>
      </trkpt>
      <trkpt lat="24.536959044635295867919921875" lon="118.153981268405914306640625">
        <ele>21</ele>
        <time>2026-08-10T13:30:15.000Z</time>
        <extensions>
          <ns3:TrackPointExtension>
            <ns3:hr>144</ns3:hr>
            <ns3:cad>87</ns3:cad>
          </ns3:TrackPointExtension>
        </extensions>
      </trkpt>
      <trkpt lat="24.53698243014514446258544921875" lon="118.15398805774748325347900390625">
        <ele>21</ele>
        <time>2026-08-10T13:30:16.000Z</time>
        <extensions>
          <ns3:TrackPointExtension>
            <ns3:hr>144</ns3:hr>
            <ns3:cad>87</ns3:cad>
          </ns3:TrackPointExtension>
        </extensions>
      </trkpt>
      <trkpt lat="24.537008665502071380615234375" lon="118.1540067493915557861328125">
        <ele>20.799999237060546875</ele>
        <time>2026-08-10T13:30:17.000Z</time>
        <extensions>
          <ns3:TrackPointExtension>
            <ns3:hr>143</ns3:hr>
            <ns3:cad>87</ns3:cad>
          </ns3:TrackPointExtension>
        </extensions>
      </trkpt>
      <trkpt lat="24.53702685423195362091064453125" lon="118.15401655621826648712158203125">
        <ele>20.799999237060546875</ele>
        <time>2026-08-10T13:30:18.000Z</time>
        <extensions>
          <ns3:TrackPointExtension>
            <ns3:hr>144</ns3:hr>
            <ns3:cad>87</ns3:cad>
          </ns3:TrackPointExtension>
        </extensions>
      </trkpt>
      <trkpt lat="24.5370530895888805389404296875" lon="118.154037930071353912353515625">
        <ele>21</ele>
        <time>2026-08-10T13:30:19.000Z</time>
        <extensions>
          <ns3:TrackPointExtension>
            <ns3:hr>144</ns3:hr>
            <ns3:cad>87</ns3:cad>
          </ns3:TrackPointExtension>
        </extensions>
      </trkpt>
      <trkpt lat="24.5370733737945556640625" lon="118.15405863337218761444091796875">
        <ele>20.799999237060546875</ele>
        <time>2026-08-10T13:30:20.000Z</time>
        <extensions>
          <ns3:TrackPointExtension>
            <ns3:hr>144</ns3:hr>
            <ns3:cad>87</ns3:cad>
          </ns3:TrackPointExtension>
        </extensions>
      </trkpt>
      <trkpt lat="24.53710162080824375152587890625" lon="118.15407606773078441619873046875">
        <ele>20.799999237060546875</ele>
        <time>2026-08-10T13:30:21.000Z</time>
        <extensions>
          <ns3:TrackPointExtension>
            <ns3:hr>144</ns3:hr>
            <ns3:cad>87</ns3:cad>
          </ns3:TrackPointExtension>
        </extensions>
      </trkpt>
      <trkpt lat="24.5371281914412975311279296875" lon="118.1540950946509838104248046875">
        <ele>20.799999237060546875</ele>
        <time>2026-08-10T13:30:22.000Z</time>
        <extensions>
          <ns3:TrackPointExtension>
            <ns3:hr>143</ns3:hr>
            <ns3:cad>87</ns3:cad>
          </ns3:TrackPointExtension>
        </extensions>
      </trkpt>
      <trkpt lat="24.53715585172176361083984375" lon="118.15410934388637542724609375">
        <ele>20.799999237060546875</ele>
        <time>2026-08-10T13:30:23.000Z</time>
        <extensions>
          <ns3:TrackPointExtension>
            <ns3:hr>143</ns3:hr>
            <ns3:cad>87</ns3:cad>
          </ns3:TrackPointExtension>
        </extensions>
      </trkpt>
      <trkpt lat="24.53718158416450023651123046875" lon="118.15413172356784343719482421875">
        <ele>20.799999237060546875</ele>
        <time>2026-08-10T13:30:24.000Z</time>
        <extensions>
          <ns3:TrackPointExtension>
            <ns3:hr>143</ns3:hr>
            <ns3:cad>87</ns3:cad>
          </ns3:TrackPointExtension>
        </extensions>
      </trkpt>
      <trkpt lat="24.5372029580175876617431640625" lon="118.15414697863161563873291015625">
        <ele>20.799999237060546875</ele>
        <time>2026-08-10T13:30:25.000Z</time>
        <extensions>
          <ns3:TrackPointExtension>
            <ns3:hr>143</ns3:hr>
            <ns3:cad>87</ns3:cad>
          </ns3:TrackPointExtension>
        </extensions>
      </trkpt>
      <trkpt lat="24.53723003156483173370361328125" lon="118.1541675142943859100341796875">
        <ele>20.799999237060546875</ele>
        <time>2026-08-10T13:30:26.000Z</time>
        <extensions>
          <ns3:TrackPointExtension>
            <ns3:hr>143</ns3:hr>
            <ns3:cad>87</ns3:cad>
          </ns3:TrackPointExtension>
        </extensions>
      </trkpt>
      <trkpt lat="24.53725165687501430511474609375" lon="118.15417933277785778045654296875">
        <ele>20.6000003814697265625</ele>
        <time>2026-08-10T13:30:27.000Z</time>
        <extensions>
          <ns3:TrackPointExtension>
            <ns3:hr>142</ns3:hr>
            <ns3:cad>87</ns3:cad>
          </ns3:TrackPointExtension>
        </extensions>
      </trkpt>
      <trkpt lat="24.53728300519287586212158203125" lon="118.1541933305561542510986328125">
        <ele>20.6000003814697265625</ele>
        <time>2026-08-10T13:30:28.000Z</time>
        <extensions>
          <ns3:TrackPointExtension>
            <ns3:hr>143</ns3:hr>
            <ns3:cad>87</ns3:cad>
          </ns3:TrackPointExtension>
        </extensions>
      </trkpt>
      <trkpt lat="24.53730245120823383331298828125" lon="118.15420716069638729095458984375">
        <ele>20.6000003814697265625</ele>
        <time>2026-08-10T13:30:29.000Z</time>
        <extensions>
          <ns3:TrackPointExtension>
            <ns3:hr>143</ns3:hr>
            <ns3:cad>87</ns3:cad>
          </ns3:TrackPointExtension>
        </extensions>
      </trkpt>
      <trkpt lat="24.53733287751674652099609375" lon="118.15422677434980869293212890625">
        <ele>20.6000003814697265625</ele>
        <time>2026-08-10T13:30:30.000Z</time>
        <extensions>
          <ns3:TrackPointExtension>
            <ns3:hr>143</ns3:hr>
            <ns3:cad>87</ns3:cad>
          </ns3:TrackPointExtension>
        </extensions>
      </trkpt>
      <trkpt lat="24.5373531617224216461181640625" lon="118.15424169413745403289794921875">
        <ele>20.6000003814697265625</ele>
        <time>2026-08-10T13:30:31.000Z</time>
        <extensions>
          <ns3:TrackPointExtension>
            <ns3:hr>143</ns3:hr>
            <ns3:cad>87</ns3:cad>
          </ns3:TrackPointExtension>
        </extensions>
      </trkpt>
      <trkpt lat="24.53738375566899776458740234375" lon="118.15425996668636798858642578125">
        <ele>20.6000003814697265625</ele>
        <time>2026-08-10T13:30:32.000Z</time>
        <extensions>
          <ns3:TrackPointExtension>
            <ns3:hr>144</ns3:hr>
            <ns3:cad>87</ns3:cad>
          </ns3:TrackPointExtension>
        </extensions>
      </trkpt>
      <trkpt lat="24.53740923665463924407958984375" lon="118.15427773632109165191650390625">
        <ele>20.6000003814697265625</ele>
        <time>2026-08-10T13:30:33.000Z</time>
        <extensions>
          <ns3:TrackPointExtension>
            <ns3:hr>143</ns3:hr>
            <ns3:cad>87</ns3:cad>
          </ns3:TrackPointExtension>
        </extensions>
      </trkpt>
      <trkpt lat="24.537439160048961639404296875" lon="118.154301457107067108154296875">
        <ele>20.3999996185302734375</ele>
        <time>2026-08-10T13:30:34.000Z</time>
        <extensions>
          <ns3:TrackPointExtension>
            <ns3:hr>143</ns3:hr>
            <ns3:cad>87</ns3:cad>
          </ns3:TrackPointExtension>
        </extensions>
      </trkpt>
      <trkpt lat="24.537457264959812164306640625" lon="118.15433171577751636505126953125">
        <ele>20.3999996185302734375</ele>
        <time>2026-08-10T13:30:35.000Z</time>
        <extensions>
          <ns3:TrackPointExtension>
            <ns3:hr>144</ns3:hr>
            <ns3:cad>87</ns3:cad>
          </ns3:TrackPointExtension>
        </extensions>
      </trkpt>
      <trkpt lat="24.5374716818332672119140625" lon="118.15436105243861675262451171875">
        <ele>20.3999996185302734375</ele>
        <time>2026-08-10T13:30:36.000Z</time>
        <extensions>
          <ns3:TrackPointExtension>
            <ns3:hr>143</ns3:hr>
            <ns3:cad>88</ns3:cad>
          </ns3:TrackPointExtension>
        </extensions>
      </trkpt>
      <trkpt lat="24.53747260384261608123779296875" lon="118.154395334422588348388671875">
        <ele>20.200000762939453125</ele>
        <time>2026-08-10T13:30:37.000Z</time>
        <extensions>
          <ns3:TrackPointExtension>
            <ns3:hr>143</ns3:hr>
            <ns3:cad>89</ns3:cad>
          </ns3:TrackPointExtension>
        </extensions>
      </trkpt>
      <trkpt lat="24.5374752022325992584228515625" lon="118.15442542545497417449951171875">
        <ele>20.200000762939453125</ele>
        <time>2026-08-10T13:30:38.000Z</time>
        <extensions>
          <ns3:TrackPointExtension>
            <ns3:hr>143</ns3:hr>
            <ns3:cad>89</ns3:cad>
          </ns3:TrackPointExtension>
        </extensions>
      </trkpt>
      <trkpt lat="24.5374631322920322418212890625" lon="118.1544598750770092010498046875">
        <ele>20</ele>
        <time>2026-08-10T13:30:39.000Z</time>
        <extensions>
          <ns3:TrackPointExtension>
            <ns3:hr>143</ns3:hr>
            <ns3:cad>88</ns3:cad>
          </ns3:TrackPointExtension>
        </extensions>
      </trkpt>
      <trkpt lat="24.5374596118927001953125" lon="118.154485188424587249755859375">
        <ele>20</ele>
        <time>2026-08-10T13:30:40.000Z</time>
        <extensions>
          <ns3:TrackPointExtension>
            <ns3:hr>144</ns3:hr>
            <ns3:cad>88</ns3:cad>
          </ns3:TrackPointExtension>
        </extensions>
      </trkpt>
      <trkpt lat="24.53744142316281795501708984375" lon="118.15451611764729022979736328125">
        <ele>20</ele>
        <time>2026-08-10T13:30:41.000Z</time>
        <extensions>
          <ns3:TrackPointExtension>
            <ns3:hr>143</ns3:hr>
            <ns3:cad>88</ns3:cad>
          </ns3:TrackPointExtension>
        </extensions>
      </trkpt>
      <trkpt lat="24.537435472011566162109375" lon="118.15454159863293170928955078125">
        <ele>20</ele>
        <time>2026-08-10T13:30:42.000Z</time>
        <extensions>
          <ns3:TrackPointExtension>
            <ns3:hr>143</ns3:hr>
            <ns3:cad>88</ns3:cad>
          </ns3:TrackPointExtension>
        </extensions>
      </trkpt>
      <trkpt lat="24.5374178700149059295654296875" lon="118.1545728631317615509033203125">
        <ele>20</ele>
        <time>2026-08-10T13:30:43.000Z</time>
        <extensions>
          <ns3:TrackPointExtension>
            <ns3:hr>143</ns3:hr>
            <ns3:cad>87</ns3:cad>
          </ns3:TrackPointExtension>
        </extensions>
      </trkpt>
      <trkpt lat="24.53740806318819522857666015625" lon="118.15459339879453182220458984375">
        <ele>20</ele>
        <time>2026-08-10T13:30:44.000Z</time>
        <extensions>
          <ns3:TrackPointExtension>
            <ns3:hr>143</ns3:hr>
            <ns3:cad>87</ns3:cad>
          </ns3:TrackPointExtension>
        </extensions>
      </trkpt>
      <trkpt lat="24.53739364631474018096923828125" lon="118.15462432801723480224609375">
        <ele>20</ele>
        <time>2026-08-10T13:30:45.000Z</time>
        <extensions>
          <ns3:TrackPointExtension>
            <ns3:hr>144</ns3:hr>
            <ns3:cad>88</ns3:cad>
          </ns3:TrackPointExtension>
        </extensions>
      </trkpt>
      <trkpt lat="24.537378139793872833251953125" lon="118.15464972518384456634521484375">
        <ele>20</ele>
        <time>2026-08-10T13:30:46.000Z</time>
        <extensions>
          <ns3:TrackPointExtension>
            <ns3:hr>144</ns3:hr>
            <ns3:cad>88</ns3:cad>
          </ns3:TrackPointExtension>
        </extensions>
      </trkpt>
      <trkpt lat="24.53736774623394012451171875" lon="118.15467839129269123077392578125">
        <ele>20</ele>
        <time>2026-08-10T13:30:47.000Z</time>
        <extensions>
          <ns3:TrackPointExtension>
            <ns3:hr>144</ns3:hr>
            <ns3:cad>88</ns3:cad>
          </ns3:TrackPointExtension>
        </extensions>
      </trkpt>
      <trkpt lat="24.5373467914760112762451171875" lon="118.1547041237354278564453125">
        <ele>20</ele>
        <time>2026-08-10T13:30:48.000Z</time>
        <extensions>
          <ns3:TrackPointExtension>
            <ns3:hr>144</ns3:hr>
            <ns3:cad>88</ns3:cad>
          </ns3:TrackPointExtension>
        </extensions>
      </trkpt>
      <trkpt lat="24.537333212792873382568359375" lon="118.15472734160721302032470703125">
        <ele>20.200000762939453125</ele>
        <time>2026-08-10T13:30:49.000Z</time>
        <extensions>
          <ns3:TrackPointExtension>
            <ns3:hr>145</ns3:hr>
            <ns3:cad>87</ns3:cad>
          </ns3:TrackPointExtension>
        </extensions>
      </trkpt>
      <trkpt lat="24.53731276094913482666015625" lon="118.15475349314510822296142578125">
        <ele>20.200000762939453125</ele>
        <time>2026-08-10T13:30:50.000Z</time>
        <extensions>
          <ns3:TrackPointExtension>
            <ns3:hr>145</ns3:hr>
            <ns3:cad>87</ns3:cad>
          </ns3:TrackPointExtension>
        </extensions>
      </trkpt>
      <trkpt lat="24.5373042114078998565673828125" lon="118.154775202274322509765625">
        <ele>20.200000762939453125</ele>
        <time>2026-08-10T13:30:51.000Z</time>
        <extensions>
          <ns3:TrackPointExtension>
            <ns3:hr>146</ns3:hr>
            <ns3:cad>86</ns3:cad>
          </ns3:TrackPointExtension>
        </extensions>
      </trkpt>
      <trkpt lat="24.53728317283093929290771484375" lon="118.154806382954120635986328125">
        <ele>20.3999996185302734375</ele>
        <time>2026-08-10T13:30:52.000Z</time>
        <extensions>
          <ns3:TrackPointExtension>
            <ns3:hr>146</ns3:hr>
            <ns3:cad>86</ns3:cad>
          </ns3:TrackPointExtension>
        </extensions>
      </trkpt>
      <trkpt lat="24.5372773893177509307861328125" lon="118.15483228303492069244384765625">
        <ele>20.200000762939453125</ele>
        <time>2026-08-10T13:30:53.000Z</time>
        <extensions>
          <ns3:TrackPointExtension>
            <ns3:hr>146</ns3:hr>
            <ns3:cad>88</ns3:cad>
          </ns3:TrackPointExtension>
        </extensions>
      </trkpt>
      <trkpt lat="24.53725702129304409027099609375" lon="118.15486438572406768798828125">
        <ele>20.200000762939453125</ele>
        <time>2026-08-10T13:30:54.000Z</time>
        <extensions>
          <ns3:TrackPointExtension>
            <ns3:hr>146</ns3:hr>
            <ns3:cad>88</ns3:cad>
          </ns3:TrackPointExtension>
        </extensions>
      </trkpt>
      <trkpt lat="24.5372462086379528045654296875" lon="118.1548890285193920135498046875">
        <ele>20.200000762939453125</ele>
        <time>2026-08-10T13:30:55.000Z</time>
        <extensions>
          <ns3:TrackPointExtension>
            <ns3:hr>146</ns3:hr>
            <ns3:cad>88</ns3:cad>
          </ns3:TrackPointExtension>
        </extensions>
      </trkpt>
      <trkpt lat="24.53723053447902202606201171875" lon="118.154919035732746124267578125">
        <ele>20.3999996185302734375</ele>
        <time>2026-08-10T13:30:56.000Z</time>
        <extensions>
          <ns3:TrackPointExtension>
            <ns3:hr>146</ns3:hr>
            <ns3:cad>88</ns3:cad>
          </ns3:TrackPointExtension>
        </extensions>
      </trkpt>
      <trkpt lat="24.5372130163013935089111328125" lon="118.154941163957118988037109375">
        <ele>20.3999996185302734375</ele>
        <time>2026-08-10T13:30:57.000Z</time>
        <extensions>
          <ns3:TrackPointExtension>
            <ns3:hr>146</ns3:hr>
            <ns3:cad>88</ns3:cad>
          </ns3:TrackPointExtension>
        </extensions>
      </trkpt>
      <trkpt lat="24.5372019521892070770263671875" lon="118.15496572293341159820556640625">
        <ele>20.3999996185302734375</ele>
        <time>2026-08-10T13:30:58.000Z</time>
        <extensions>
          <ns3:TrackPointExtension>
            <ns3:hr>146</ns3:hr>
            <ns3:cad>87</ns3:cad>
          </ns3:TrackPointExtension>
        </extensions>
      </trkpt>
      <trkpt lat="24.5371825061738491058349609375" lon="118.1549946404993534088134765625">
        <ele>20.3999996185302734375</ele>
        <time>2026-08-10T13:30:59.000Z</time>
        <extensions>
          <ns3:TrackPointExtension>
            <ns3:hr>146</ns3:hr>
            <ns3:cad>86</ns3:cad>
          </ns3:TrackPointExtension>
        </extensions>
      </trkpt>
      <trkpt lat="24.5371764712035655975341796875" lon="118.15502188168466091156005859375">
        <ele>20.3999996185302734375</ele>
        <time>2026-08-10T13:31:00.000Z</time>
        <extensions>
          <ns3:TrackPointExtension>
            <ns3:hr>146</ns3:hr>
            <ns3:cad>86</ns3:cad>
          </ns3:TrackPointExtension>
        </extensions>
      </trkpt>
      <trkpt lat="24.53715677373111248016357421875" lon="118.1550519727170467376708984375">
        <ele>20.3999996185302734375</ele>
        <time>2026-08-10T13:31:01.000Z</time>
        <extensions>
          <ns3:TrackPointExtension>
            <ns3:hr>146</ns3:hr>
            <ns3:cad>87</ns3:cad>
          </ns3:TrackPointExtension>
        </extensions>
      </trkpt>
      <trkpt lat="24.53714847564697265625" lon="118.155075609683990478515625">
        <ele>20.3999996185302734375</ele>
        <time>2026-08-10T13:31:02.000Z</time>
        <extensions>
          <ns3:TrackPointExtension>
            <ns3:hr>146</ns3:hr>
            <ns3:cad>87</ns3:cad>
          </ns3:TrackPointExtension>
        </extensions>
      </trkpt>
      <trkpt lat="24.53712827526032924652099609375" lon="118.15510285086929798126220703125">
        <ele>20.3999996185302734375</ele>
        <time>2026-08-10T13:31:03.000Z</time>
        <extensions>
          <ns3:TrackPointExtension>
            <ns3:hr>146</ns3:hr>
            <ns3:cad>87</ns3:cad>
          </ns3:TrackPointExtension>
        </extensions>
      </trkpt>
      <trkpt lat="24.537113271653652191162109375" lon="118.15512464381754398345947265625">
        <ele>20.3999996185302734375</ele>
        <time>2026-08-10T13:31:04.000Z</time>
        <extensions>
          <ns3:TrackPointExtension>
            <ns3:hr>146</ns3:hr>
            <ns3:cad>87</ns3:cad>
          </ns3:TrackPointExtension>
        </extensions>
      </trkpt>
      <trkpt lat="24.53709843568503856658935546875" lon="118.1551505438983440399169921875">
        <ele>20.3999996185302734375</ele>
        <time>2026-08-10T13:31:05.000Z</time>
        <extensions>
          <ns3:TrackPointExtension>
            <ns3:hr>146</ns3:hr>
            <ns3:cad>87</ns3:cad>
          </ns3:TrackPointExtension>
        </extensions>
      </trkpt>
      <trkpt lat="24.53708033077418804168701171875" lon="118.15517527051270008087158203125">
        <ele>20.3999996185302734375</ele>
        <time>2026-08-10T13:31:06.000Z</time>
        <extensions>
          <ns3:TrackPointExtension>
            <ns3:hr>146</ns3:hr>
            <ns3:cad>87</ns3:cad>
          </ns3:TrackPointExtension>
        </extensions>
      </trkpt>
      <trkpt lat="24.5370671711862087249755859375" lon="118.15520091913640499114990234375">
        <ele>20.3999996185302734375</ele>
        <time>2026-08-10T13:31:07.000Z</time>
        <extensions>
          <ns3:TrackPointExtension>
            <ns3:hr>145</ns3:hr>
            <ns3:cad>87</ns3:cad>
          </ns3:TrackPointExtension>
        </extensions>
      </trkpt>
      <trkpt lat="24.5370514132082462310791015625" lon="118.155228830873966217041015625">
        <ele>20.6000003814697265625</ele>
        <time>2026-08-10T13:31:08.000Z</time>
        <extensions>
          <ns3:TrackPointExtension>
            <ns3:hr>146</ns3:hr>
            <ns3:cad>87</ns3:cad>
          </ns3:TrackPointExtension>
        </extensions>
      </trkpt>
      <trkpt lat="24.5370416902005672454833984375" lon="118.15525406040251255035400390625">
        <ele>20.6000003814697265625</ele>
        <time>2026-08-10T13:31:09.000Z</time>
        <extensions>
          <ns3:TrackPointExtension>
            <ns3:hr>146</ns3:hr>
            <ns3:cad>87</ns3:cad>
          </ns3:TrackPointExtension>
        </extensions>
      </trkpt>
      <trkpt lat="24.53702199272811412811279296875" lon="118.155280463397502899169921875">
        <ele>20.6000003814697265625</ele>
        <time>2026-08-10T13:31:10.000Z</time>
        <extensions>
          <ns3:TrackPointExtension>
            <ns3:hr>147</ns3:hr>
            <ns3:cad>87</ns3:cad>
          </ns3:TrackPointExtension>
        </extensions>
      </trkpt>
      <trkpt lat="24.53701092861592769622802734375" lon="118.155307956039905548095703125">
        <ele>20.6000003814697265625</ele>
        <time>2026-08-10T13:31:11.000Z</time>
        <extensions>
          <ns3:TrackPointExtension>
            <ns3:hr>147</ns3:hr>
            <ns3:cad>87</ns3:cad>
          </ns3:TrackPointExtension>
        </extensions>
      </trkpt>
      <trkpt lat="24.53698980621993541717529296875" lon="118.15533285029232501983642578125">
        <ele>20.799999237060546875</ele>
        <time>2026-08-10T13:31:12.000Z</time>
        <extensions>
          <ns3:TrackPointExtension>
            <ns3:hr>146</ns3:hr>
            <ns3:cad>87</ns3:cad>
          </ns3:TrackPointExtension>
        </extensions>
      </trkpt>
      <trkpt lat="24.53697756864130496978759765625" lon="118.155354894697666168212890625">
        <ele>20.6000003814697265625</ele>
        <time>2026-08-10T13:31:13.000Z</time>
        <extensions>
          <ns3:TrackPointExtension>
            <ns3:hr>146</ns3:hr>
            <ns3:cad>86</ns3:cad>
          </ns3:TrackPointExtension>
        </extensions>
      </trkpt>
      <trkpt lat="24.53696130774915218353271484375" lon="118.155384063720703125">
        <ele>20.6000003814697265625</ele>
        <time>2026-08-10T13:31:14.000Z</time>
        <extensions>
          <ns3:TrackPointExtension>
            <ns3:hr>146</ns3:hr>
            <ns3:cad>86</ns3:cad>
          </ns3:TrackPointExtension>
        </extensions>
      </trkpt>
      <trkpt lat="24.53694756142795085906982421875" lon="118.15540946088731288909912109375">
        <ele>20.6000003814697265625</ele>
        <time>2026-08-10T13:31:15.000Z</time>
        <extensions>
          <ns3:TrackPointExtension>
            <ns3:hr>147</ns3:hr>
            <ns3:cad>87</ns3:cad>
          </ns3:TrackPointExtension>
        </extensions>
      </trkpt>
      <trkpt lat="24.53693448565900325775146484375" lon="118.15543594770133495330810546875">
        <ele>20.6000003814697265625</ele>
        <time>2026-08-10T13:31:16.000Z</time>
        <extensions>
          <ns3:TrackPointExtension>
            <ns3:hr>147</ns3:hr>
            <ns3:cad>87</ns3:cad>
          </ns3:TrackPointExtension>
        </extensions>
      </trkpt>
      <trkpt lat="24.536914788186550140380859375" lon="118.155460171401500701904296875">
        <ele>20.799999237060546875</ele>
        <time>2026-08-10T13:31:17.000Z</time>
        <extensions>
          <ns3:TrackPointExtension>
            <ns3:hr>147</ns3:hr>
            <ns3:cad>88</ns3:cad>
          </ns3:TrackPointExtension>
        </extensions>
      </trkpt>
      <trkpt lat="24.53690238296985626220703125" lon="118.15548439510166645050048828125">
        <ele>20.799999237060546875</ele>
        <time>2026-08-10T13:31:18.000Z</time>
        <extensions>
          <ns3:TrackPointExtension>
            <ns3:hr>147</ns3:hr>
            <ns3:cad>88</ns3:cad>
          </ns3:TrackPointExtension>
        </extensions>
      </trkpt>
      <trkpt lat="24.53688134439289569854736328125" lon="118.155509792268276214599609375">
        <ele>20.799999237060546875</ele>
        <time>2026-08-10T13:31:19.000Z</time>
        <extensions>
          <ns3:TrackPointExtension>
            <ns3:hr>147</ns3:hr>
            <ns3:cad>88</ns3:cad>
          </ns3:TrackPointExtension>
        </extensions>
      </trkpt>
      <trkpt lat="24.53687287867069244384765625" lon="118.1555327586829662322998046875">
        <ele>20.799999237060546875</ele>
        <time>2026-08-10T13:31:20.000Z</time>
        <extensions>
          <ns3:TrackPointExtension>
            <ns3:hr>147</ns3:hr>
            <ns3:cad>87</ns3:cad>
          </ns3:TrackPointExtension>
        </extensions>
      </trkpt>
      <trkpt lat="24.536855109035968780517578125" lon="118.155559413135051727294921875">
        <ele>20.799999237060546875</ele>
        <time>2026-08-10T13:31:21.000Z</time>
        <extensions>
          <ns3:TrackPointExtension>
            <ns3:hr>148</ns3:hr>
            <ns3:cad>86</ns3:cad>
          </ns3:TrackPointExtension>
        </extensions>
      </trkpt>
      <trkpt lat="24.5368465594947338104248046875" lon="118.15557927824556827545166015625">
        <ele>21</ele>
        <time>2026-08-10T13:31:22.000Z</time>
        <extensions>
          <ns3:TrackPointExtension>
            <ns3:hr>148</ns3:hr>
            <ns3:cad>86</ns3:cad>
          </ns3:TrackPointExtension>
        </extensions>
      </trkpt>
      <trkpt lat="24.53682920895516872406005859375" lon="118.15561129711568355560302734375">
        <ele>21</ele>
        <time>2026-08-10T13:31:23.000Z</time>
        <extensions>
          <ns3:TrackPointExtension>
            <ns3:hr>148</ns3:hr>
            <ns3:cad>87</ns3:cad>
          </ns3:TrackPointExtension>
        </extensions>
      </trkpt>
      <trkpt lat="24.536816887557506561279296875" lon="118.155633844435214996337890625">
        <ele>21</ele>
        <time>2026-08-10T13:31:24.000Z</time>
        <extensions>
          <ns3:TrackPointExtension>
            <ns3:hr>148</ns3:hr>
            <ns3:cad>87</ns3:cad>
          </ns3:TrackPointExtension>
        </extensions>
      </trkpt>
      <trkpt lat="24.53680188395082950592041015625" lon="118.15566234290599822998046875">
        <ele>21</ele>
        <time>2026-08-10T13:31:25.000Z</time>
        <extensions>
          <ns3:TrackPointExtension>
            <ns3:hr>148</ns3:hr>
            <ns3:cad>88</ns3:cad>
          </ns3:TrackPointExtension>
        </extensions>
      </trkpt>
      <trkpt lat="24.53678704798221588134765625" lon="118.15568916499614715576171875">
        <ele>21</ele>
        <time>2026-08-10T13:31:26.000Z</time>
        <extensions>
          <ns3:TrackPointExtension>
            <ns3:hr>149</ns3:hr>
            <ns3:cad>88</ns3:cad>
          </ns3:TrackPointExtension>
        </extensions>
      </trkpt>
      <trkpt lat="24.53677271492779254913330078125" lon="118.15571741200983524322509765625">
        <ele>20.799999237060546875</ele>
        <time>2026-08-10T13:31:27.000Z</time>
        <extensions>
          <ns3:TrackPointExtension>
            <ns3:hr>149</ns3:hr>
            <ns3:cad>88</ns3:cad>
          </ns3:TrackPointExtension>
        </extensions>
      </trkpt>
      <trkpt lat="24.53675477765500545501708984375" lon="118.15574389882385730743408203125">
        <ele>20.799999237060546875</ele>
        <time>2026-08-10T13:31:28.000Z</time>
        <extensions>
          <ns3:TrackPointExtension>
            <ns3:hr>149</ns3:hr>
            <ns3:cad>88</ns3:cad>
          </ns3:TrackPointExtension>
        </extensions>
      </trkpt>
      <trkpt lat="24.53674606047570705413818359375" lon="118.155767954885959625244140625">
        <ele>20.799999237060546875</ele>
        <time>2026-08-10T13:31:29.000Z</time>
        <extensions>
          <ns3:TrackPointExtension>
            <ns3:hr>149</ns3:hr>
            <ns3:cad>88</ns3:cad>
          </ns3:TrackPointExtension>
        </extensions>
      </trkpt>
      <trkpt lat="24.53672745265066623687744140625" lon="118.15579771064221858978271484375">
        <ele>21</ele>
        <time>2026-08-10T13:31:30.000Z</time>
        <extensions>
          <ns3:TrackPointExtension>
            <ns3:hr>150</ns3:hr>
            <ns3:cad>87</ns3:cad>
          </ns3:TrackPointExtension>
        </extensions>
      </trkpt>
      <trkpt lat="24.53672225587069988250732421875" lon="118.15582201816141605377197265625">
        <ele>21</ele>
        <time>2026-08-10T13:31:31.000Z</time>
        <extensions>
          <ns3:TrackPointExtension>
            <ns3:hr>150</ns3:hr>
            <ns3:cad>86</ns3:cad>
          </ns3:TrackPointExtension>
        </extensions>
      </trkpt>
      <trkpt lat="24.53670163638889789581298828125" lon="118.15585588105022907257080078125">
        <ele>21</ele>
        <time>2026-08-10T13:31:32.000Z</time>
        <extensions>
          <ns3:TrackPointExtension>
            <ns3:hr>150</ns3:hr>
            <ns3:cad>87</ns3:cad>
          </ns3:TrackPointExtension>
        </extensions>
      </trkpt>
      <trkpt lat="24.53669191338121891021728515625" lon="118.155876584351062774658203125">
        <ele>21</ele>
        <time>2026-08-10T13:31:33.000Z</time>
        <extensions>
          <ns3:TrackPointExtension>
            <ns3:hr>150</ns3:hr>
            <ns3:cad>87</ns3:cad>
          </ns3:TrackPointExtension>
        </extensions>
      </trkpt>
      <trkpt lat="24.5366748981177806854248046875" lon="118.1559055857360363006591796875">
        <ele>21</ele>
        <time>2026-08-10T13:31:34.000Z</time>
        <extensions>
          <ns3:TrackPointExtension>
            <ns3:hr>150</ns3:hr>
            <ns3:cad>87</ns3:cad>
          </ns3:TrackPointExtension>
        </extensions>
      </trkpt>
      <trkpt lat="24.5366608165204524993896484375" lon="118.15592662431299686431884765625">
        <ele>21</ele>
        <time>2026-08-10T13:31:35.000Z</time>
        <extensions>
          <ns3:TrackPointExtension>
            <ns3:hr>151</ns3:hr>
            <ns3:cad>87</ns3:cad>
          </ns3:TrackPointExtension>
        </extensions>
      </trkpt>
      <trkpt lat="24.53664489090442657470703125" lon="118.155951686203479766845703125">
        <ele>21</ele>
        <time>2026-08-10T13:31:36.000Z</time>
        <extensions>
          <ns3:TrackPointExtension>
            <ns3:hr>151</ns3:hr>
            <ns3:cad>87</ns3:cad>
          </ns3:TrackPointExtension>
        </extensions>
      </trkpt>
      <trkpt lat="24.53662921674549579620361328125" lon="118.1559796817600727081298828125">
        <ele>21</ele>
        <time>2026-08-10T13:31:37.000Z</time>
        <extensions>
          <ns3:TrackPointExtension>
            <ns3:hr>152</ns3:hr>
            <ns3:cad>87</ns3:cad>
          </ns3:TrackPointExtension>
        </extensions>
      </trkpt>
      <trkpt lat="24.5366172306239604949951171875" lon="118.156007342040538787841796875">
        <ele>21</ele>
        <time>2026-08-10T13:31:38.000Z</time>
        <extensions>
          <ns3:TrackPointExtension>
            <ns3:hr>152</ns3:hr>
            <ns3:cad>87</ns3:cad>
          </ns3:TrackPointExtension>
        </extensions>
      </trkpt>
      <trkpt lat="24.5365934260189533233642578125" lon="118.15602955408394336700439453125">
        <ele>21.200000762939453125</ele>
        <time>2026-08-10T13:31:39.000Z</time>
        <extensions>
          <ns3:TrackPointExtension>
            <ns3:hr>152</ns3:hr>
            <ns3:cad>87</ns3:cad>
          </ns3:TrackPointExtension>
        </extensions>
      </trkpt>
      <trkpt lat="24.53658043406903743743896484375" lon="118.1560504250228404998779296875">
        <ele>21.200000762939453125</ele>
        <time>2026-08-10T13:31:40.000Z</time>
        <extensions>
          <ns3:TrackPointExtension>
            <ns3:hr>152</ns3:hr>
            <ns3:cad>87</ns3:cad>
          </ns3:TrackPointExtension>
        </extensions>
      </trkpt>
      <trkpt lat="24.5365491695702075958251953125" lon="118.156065680086612701416015625">
        <ele>21.200000762939453125</ele>
        <time>2026-08-10T13:31:41.000Z</time>
        <extensions>
          <ns3:TrackPointExtension>
            <ns3:hr>152</ns3:hr>
            <ns3:cad>88</ns3:cad>
          </ns3:TrackPointExtension>
        </extensions>
      </trkpt>
      <trkpt lat="24.53653098084032535552978515625" lon="118.15608068369328975677490234375">
        <ele>21.200000762939453125</ele>
        <time>2026-08-10T13:31:42.000Z</time>
        <extensions>
          <ns3:TrackPointExtension>
            <ns3:hr>151</ns3:hr>
            <ns3:cad>88</ns3:cad>
          </ns3:TrackPointExtension>
        </extensions>
      </trkpt>
      <trkpt lat="24.5364965312182903289794921875" lon="118.15609275363385677337646484375">
        <ele>21.200000762939453125</ele>
        <time>2026-08-10T13:31:43.000Z</time>
        <extensions>
          <ns3:TrackPointExtension>
            <ns3:hr>152</ns3:hr>
            <ns3:cad>88</ns3:cad>
          </ns3:TrackPointExtension>
        </extensions>
      </trkpt>
      <trkpt lat="24.53647415153682231903076171875" lon="118.15610230900347232818603515625">
        <ele>21.200000762939453125</ele>
        <time>2026-08-10T13:31:44.000Z</time>
        <extensions>
          <ns3:TrackPointExtension>
            <ns3:hr>152</ns3:hr>
            <ns3:cad>87</ns3:cad>
          </ns3:TrackPointExtension>
        </extensions>
      </trkpt>
      <trkpt lat="24.53643710352480411529541015625" lon="118.1561067514121532440185546875">
        <ele>21.200000762939453125</ele>
        <time>2026-08-10T13:31:45.000Z</time>
        <extensions>
          <ns3:TrackPointExtension>
            <ns3:hr>151</ns3:hr>
            <ns3:cad>87</ns3:cad>
          </ns3:TrackPointExtension>
        </extensions>
      </trkpt>
      <trkpt lat="24.5364137180149555206298828125" lon="118.15611069090664386749267578125">
        <ele>21.200000762939453125</ele>
        <time>2026-08-10T13:31:46.000Z</time>
        <extensions>
          <ns3:TrackPointExtension>
            <ns3:hr>152</ns3:hr>
            <ns3:cad>87</ns3:cad>
          </ns3:TrackPointExtension>
        </extensions>
      </trkpt>
      <trkpt lat="24.53638044185936450958251953125" lon="118.1561040692031383514404296875">
        <ele>21.200000762939453125</ele>
        <time>2026-08-10T13:31:47.000Z</time>
        <extensions>
          <ns3:TrackPointExtension>
            <ns3:hr>152</ns3:hr>
            <ns3:cad>87</ns3:cad>
          </ns3:TrackPointExtension>
        </extensions>
      </trkpt>
      <trkpt lat="24.53635781072080135345458984375" lon="118.15609526820480823516845703125">
        <ele>21.3999996185302734375</ele>
        <time>2026-08-10T13:31:48.000Z</time>
        <extensions>
          <ns3:TrackPointExtension>
            <ns3:hr>151</ns3:hr>
            <ns3:cad>88</ns3:cad>
          </ns3:TrackPointExtension>
        </extensions>
      </trkpt>
      <trkpt lat="24.53632964752614498138427734375" lon="118.15608520992100238800048828125">
        <ele>21.3999996185302734375</ele>
        <time>2026-08-10T13:31:49.000Z</time>
        <extensions>
          <ns3:TrackPointExtension>
            <ns3:hr>152</ns3:hr>
            <ns3:cad>88</ns3:cad>
          </ns3:TrackPointExtension>
        </extensions>
      </trkpt>
      <trkpt lat="24.5363047532737255096435546875" lon="118.15606794320046901702880859375">
        <ele>21.3999996185302734375</ele>
        <time>2026-08-10T13:31:50.000Z</time>
        <extensions>
          <ns3:TrackPointExtension>
            <ns3:hr>152</ns3:hr>
            <ns3:cad>88</ns3:cad>
          </ns3:TrackPointExtension>
        </extensions>
      </trkpt>
      <trkpt lat="24.536283127963542938232421875" lon="118.15605587325990200042724609375">
        <ele>21.3999996185302734375</ele>
        <time>2026-08-10T13:31:51.000Z</time>
        <extensions>
          <ns3:TrackPointExtension>
            <ns3:hr>151</ns3:hr>
            <ns3:cad>88</ns3:cad>
          </ns3:TrackPointExtension>
        </extensions>
      </trkpt>
      <trkpt lat="24.5362566411495208740234375" lon="118.15603693015873432159423828125">
        <ele>21.3999996185302734375</ele>
        <time>2026-08-10T13:31:52.000Z</time>
        <extensions>
          <ns3:TrackPointExtension>
            <ns3:hr>151</ns3:hr>
            <ns3:cad>87</ns3:cad>
          </ns3:TrackPointExtension>
        </extensions>
      </trkpt>
      <trkpt lat="24.536235518753528594970703125" lon="118.15602838061749935150146484375">
        <ele>21.3999996185302734375</ele>
        <time>2026-08-10T13:31:53.000Z</time>
        <extensions>
          <ns3:TrackPointExtension>
            <ns3:hr>151</ns3:hr>
            <ns3:cad>87</ns3:cad>
          </ns3:TrackPointExtension>
        </extensions>
      </trkpt>
      <trkpt lat="24.5362078584730625152587890625" lon="118.1560105271637439727783203125">
        <ele>21.3999996185302734375</ele>
        <time>2026-08-10T13:31:54.000Z</time>
        <extensions>
          <ns3:TrackPointExtension>
            <ns3:hr>151</ns3:hr>
            <ns3:cad>86</ns3:cad>
          </ns3:TrackPointExtension>
        </extensions>
      </trkpt>
      <trkpt lat="24.5361857302486896514892578125" lon="118.156003318727016448974609375">
        <ele>21.3999996185302734375</ele>
        <time>2026-08-10T13:31:55.000Z</time>
        <extensions>
          <ns3:TrackPointExtension>
            <ns3:hr>151</ns3:hr>
            <ns3:cad>86</ns3:cad>
          </ns3:TrackPointExtension>
        </extensions>
      </trkpt>
      <trkpt lat="24.53615480102598667144775390625" lon="118.15598018467426300048828125">
        <ele>21.3999996185302734375</ele>
        <time>2026-08-10T13:31:56.000Z</time>
        <extensions>
          <ns3:TrackPointExtension>
            <ns3:hr>151</ns3:hr>
            <ns3:cad>88</ns3:cad>
          </ns3:TrackPointExtension>
        </extensions>
      </trkpt>
      <trkpt lat="24.53613652847707271575927734375" lon="118.155968450009822845458984375">
        <ele>21.3999996185302734375</ele>
        <time>2026-08-10T13:31:57.000Z</time>
        <extensions>
          <ns3:TrackPointExtension>
            <ns3:hr>150</ns3:hr>
            <ns3:cad>88</ns3:cad>
          </ns3:TrackPointExtension>
        </extensions>
      </trkpt>
      <trkpt lat="24.536110460758209228515625" lon="118.1559458188712596893310546875">
        <ele>21.3999996185302734375</ele>
        <time>2026-08-10T13:31:58.000Z</time>
        <extensions>
          <ns3:TrackPointExtension>
            <ns3:hr>150</ns3:hr>
            <ns3:cad>88</ns3:cad>
          </ns3:TrackPointExtension>
        </extensions>
      </trkpt>
      <trkpt lat="24.5360930263996124267578125" lon="118.1559280492365360260009765625">
        <ele>21.3999996185302734375</ele>
        <time>2026-08-10T13:31:59.000Z</time>
        <extensions>
          <ns3:TrackPointExtension>
            <ns3:hr>150</ns3:hr>
            <ns3:cad>88</ns3:cad>
          </ns3:TrackPointExtension>
        </extensions>
      </trkpt>
      <trkpt lat="24.5360663719475269317626953125" lon="118.155912794172763824462890625">
        <ele>21.3999996185302734375</ele>
        <time>2026-08-10T13:32:00.000Z</time>
        <extensions>
          <ns3:TrackPointExtension>
            <ns3:hr>150</ns3:hr>
            <ns3:cad>87</ns3:cad>
          </ns3:TrackPointExtension>
        </extensions>
      </trkpt>
      <trkpt lat="24.5360425673425197601318359375" lon="118.1558975391089916229248046875">
        <ele>21.3999996185302734375</ele>
        <time>2026-08-10T13:32:01.000Z</time>
        <extensions>
          <ns3:TrackPointExtension>
            <ns3:hr>150</ns3:hr>
            <ns3:cad>87</ns3:cad>
          </ns3:TrackPointExtension>
        </extensions>
      </trkpt>
      <trkpt lat="24.5360170863568782806396484375" lon="118.1558868102729320526123046875">
        <ele>21.6000003814697265625</ele>
        <time>2026-08-10T13:32:02.000Z</time>
        <extensions>
          <ns3:TrackPointExtension>
            <ns3:hr>150</ns3:hr>
            <ns3:cad>87</ns3:cad>
          </ns3:TrackPointExtension>
        </extensions>
      </trkpt>
      <trkpt lat="24.53599018044769763946533203125" lon="118.1558697111904621124267578125">
        <ele>21.3999996185302734375</ele>
        <time>2026-08-10T13:32:03.000Z</time>
        <extensions>
          <ns3:TrackPointExtension>
            <ns3:hr>149</ns3:hr>
            <ns3:cad>87</ns3:cad>
          </ns3:TrackPointExtension>
        </extensions>
      </trkpt>
      <trkpt lat="24.5359704829752445220947265625" lon="118.155862502753734588623046875">
        <ele>21.3999996185302734375</ele>
        <time>2026-08-10T13:32:04.000Z</time>
        <extensions>
          <ns3:TrackPointExtension>
            <ns3:hr>149</ns3:hr>
            <ns3:cad>88</ns3:cad>
          </ns3:TrackPointExtension>
        </extensions>
      </trkpt>
      <trkpt lat="24.5359483547508716583251953125" lon="118.1558386981487274169921875">
        <ele>21.3999996185302734375</ele>
        <time>2026-08-10T13:32:05.000Z</time>
        <extensions>
          <ns3:TrackPointExtension>
            <ns3:hr>149</ns3:hr>
            <ns3:cad>88</ns3:cad>
          </ns3:TrackPointExtension>
        </extensions>
      </trkpt>
      <trkpt lat="24.53593284823000431060791015625" lon="118.15582755021750926971435546875">
        <ele>21.3999996185302734375</ele>
        <time>2026-08-10T13:32:06.000Z</time>
        <extensions>
          <ns3:TrackPointExtension>
            <ns3:hr>149</ns3:hr>
            <ns3:cad>88</ns3:cad>
          </ns3:TrackPointExtension>
        </extensions>
      </trkpt>
      <trkpt lat="24.53590300865471363067626953125" lon="118.15580978058278560638427734375">
        <ele>21.3999996185302734375</ele>
        <time>2026-08-10T13:32:07.000Z</time>
        <extensions>
          <ns3:TrackPointExtension>
            <ns3:hr>149</ns3:hr>
            <ns3:cad>88</ns3:cad>
          </ns3:TrackPointExtension>
        </extensions>
      </trkpt>
      <trkpt lat="24.535878784954547882080078125" lon="118.1557966209948062896728515625">
        <ele>21.3999996185302734375</ele>
        <time>2026-08-10T13:32:08.000Z</time>
        <extensions>
          <ns3:TrackPointExtension>
            <ns3:hr>149</ns3:hr>
            <ns3:cad>87</ns3:cad>
          </ns3:TrackPointExtension>
        </extensions>
      </trkpt>
      <trkpt lat="24.535853974521160125732421875" lon="118.15577859990298748016357421875">
        <ele>21.6000003814697265625</ele>
        <time>2026-08-10T13:32:09.000Z</time>
        <extensions>
          <ns3:TrackPointExtension>
            <ns3:hr>149</ns3:hr>
            <ns3:cad>86</ns3:cad>
          </ns3:TrackPointExtension>
        </extensions>
      </trkpt>
      <trkpt lat="24.53583545051515102386474609375" lon="118.155765943229198455810546875">
        <ele>21.6000003814697265625</ele>
        <time>2026-08-10T13:32:10.000Z</time>
        <extensions>
          <ns3:TrackPointExtension>
            <ns3:hr>149</ns3:hr>
            <ns3:cad>86</ns3:cad>
          </ns3:TrackPointExtension>
        </extensions>
      </trkpt>
      <trkpt lat="24.53581013716757297515869140625" lon="118.1557530350983142852783203125">
        <ele>21.6000003814697265625</ele>
        <time>2026-08-10T13:32:11.000Z</time>
        <extensions>
          <ns3:TrackPointExtension>
            <ns3:hr>148</ns3:hr>
            <ns3:cad>87</ns3:cad>
          </ns3:TrackPointExtension>
        </extensions>
      </trkpt>
      <trkpt lat="24.53578499145805835723876953125" lon="118.15573954023420810699462890625">
        <ele>21.6000003814697265625</ele>
        <time>2026-08-10T13:32:12.000Z</time>
        <extensions>
          <ns3:TrackPointExtension>
            <ns3:hr>148</ns3:hr>
            <ns3:cad>87</ns3:cad>
          </ns3:TrackPointExtension>
        </extensions>
      </trkpt>
      <trkpt lat="24.53575850464403629302978515625" lon="118.1557309068739414215087890625">
        <ele>21.6000003814697265625</ele>
        <time>2026-08-10T13:32:13.000Z</time>
        <extensions>
          <ns3:TrackPointExtension>
            <ns3:hr>148</ns3:hr>
            <ns3:cad>87</ns3:cad>
          </ns3:TrackPointExtension>
        </extensions>
      </trkpt>
      <trkpt lat="24.5357321016490459442138671875" lon="118.15571573562920093536376953125">
        <ele>21.6000003814697265625</ele>
        <time>2026-08-10T13:32:14.000Z</time>
        <extensions>
          <ns3:TrackPointExtension>
            <ns3:hr>147</ns3:hr>
            <ns3:cad>87</ns3:cad>
          </ns3:TrackPointExtension>
        </extensions>
      </trkpt>
      <trkpt lat="24.53570955432951450347900390625" lon="118.155710957944393157958984375">
        <ele>21.6000003814697265625</ele>
        <time>2026-08-10T13:32:15.000Z</time>
        <extensions>
          <ns3:TrackPointExtension>
            <ns3:hr>147</ns3:hr>
            <ns3:cad>87</ns3:cad>
          </ns3:TrackPointExtension>
        </extensions>
      </trkpt>
      <trkpt lat="24.53568139113485813140869140625" lon="118.1556900031864643096923828125">
        <ele>21.6000003814697265625</ele>
        <time>2026-08-10T13:32:16.000Z</time>
        <extensions>
          <ns3:TrackPointExtension>
            <ns3:hr>147</ns3:hr>
            <ns3:cad>87</ns3:cad>
          </ns3:TrackPointExtension>
        </extensions>
      </trkpt>
      <trkpt lat="24.53566228039562702178955078125" lon="118.15568321384489536285400390625">
        <ele>21.799999237060546875</ele>
        <time>2026-08-10T13:32:17.000Z</time>
        <extensions>
          <ns3:TrackPointExtension>
            <ns3:hr>146</ns3:hr>
            <ns3:cad>87</ns3:cad>
          </ns3:TrackPointExtension>
        </extensions>
      </trkpt>
      <trkpt lat="24.53563034534454345703125" lon="118.15566745586693286895751953125">
        <ele>21.6000003814697265625</ele>
        <time>2026-08-10T13:32:18.000Z</time>
        <extensions>
          <ns3:TrackPointExtension>
            <ns3:hr>146</ns3:hr>
            <ns3:cad>87</ns3:cad>
          </ns3:TrackPointExtension>
        </extensions>
      </trkpt>
      <trkpt lat="24.5356102287769317626953125" lon="118.15566125325858592987060546875">
        <ele>21.6000003814697265625</ele>
        <time>2026-08-10T13:32:19.000Z</time>
        <extensions>
          <ns3:TrackPointExtension>
            <ns3:hr>146</ns3:hr>
            <ns3:cad>88</ns3:cad>
          </ns3:TrackPointExtension>
        </extensions>
      </trkpt>
      <trkpt lat="24.53558248467743396759033203125" lon="118.1556410528719425201416015625">
        <ele>21.6000003814697265625</ele>
        <time>2026-08-10T13:32:20.000Z</time>
        <extensions>
          <ns3:TrackPointExtension>
            <ns3:hr>146</ns3:hr>
            <ns3:cad>88</ns3:cad>
          </ns3:TrackPointExtension>
        </extensions>
      </trkpt>
      <trkpt lat="24.53556597232818603515625" lon="118.15562454052269458770751953125">
        <ele>21.799999237060546875</ele>
        <time>2026-08-10T13:32:21.000Z</time>
        <extensions>
          <ns3:TrackPointExtension>
            <ns3:hr>146</ns3:hr>
            <ns3:cad>88</ns3:cad>
          </ns3:TrackPointExtension>
        </extensions>
      </trkpt>
      <trkpt lat="24.53554208390414714813232421875" lon="118.15560375340282917022705078125">
        <ele>21.799999237060546875</ele>
        <time>2026-08-10T13:32:22.000Z</time>
        <extensions>
          <ns3:TrackPointExtension>
            <ns3:hr>146</ns3:hr>
            <ns3:cad>88</ns3:cad>
          </ns3:TrackPointExtension>
        </extensions>
      </trkpt>
      <trkpt lat="24.5355218835175037384033203125" lon="118.1555884145200252532958984375">
        <ele>21.799999237060546875</ele>
        <time>2026-08-10T13:32:23.000Z</time>
        <extensions>
          <ns3:TrackPointExtension>
            <ns3:hr>146</ns3:hr>
            <ns3:cad>87</ns3:cad>
          </ns3:TrackPointExtension>
        </extensions>
      </trkpt>
      <trkpt lat="24.5354947261512279510498046875" lon="118.1555716507136821746826171875">
        <ele>21.799999237060546875</ele>
        <time>2026-08-10T13:32:24.000Z</time>
        <extensions>
          <ns3:TrackPointExtension>
            <ns3:hr>146</ns3:hr>
            <ns3:cad>87</ns3:cad>
          </ns3:TrackPointExtension>
        </extensions>
      </trkpt>
      <trkpt lat="24.5354705862700939178466796875" lon="118.15555371344089508056640625">
        <ele>21.799999237060546875</ele>
        <time>2026-08-10T13:32:25.000Z</time>
        <extensions>
          <ns3:TrackPointExtension>
            <ns3:hr>146</ns3:hr>
            <ns3:cad>87</ns3:cad>
          </ns3:TrackPointExtension>
        </extensions>
      </trkpt>
      <trkpt lat="24.5354484580457210540771484375" lon="118.15554524771869182586669921875">
        <ele>22</ele>
        <time>2026-08-10T13:32:26.000Z</time>
        <extensions>
          <ns3:TrackPointExtension>
            <ns3:hr>145</ns3:hr>
            <ns3:cad>87</ns3:cad>
          </ns3:TrackPointExtension>
        </extensions>
      </trkpt>
      <trkpt lat="24.53542339615523815155029296875" lon="118.15552286803722381591796875">
        <ele>22</ele>
        <time>2026-08-10T13:32:27.000Z</time>
        <extensions>
          <ns3:TrackPointExtension>
            <ns3:hr>145</ns3:hr>
            <ns3:cad>88</ns3:cad>
          </ns3:TrackPointExtension>
        </extensions>
      </trkpt>
      <trkpt lat="24.53540529124438762664794921875" lon="118.1555159948766231536865234375">
        <ele>22</ele>
        <time>2026-08-10T13:32:28.000Z</time>
        <extensions>
          <ns3:TrackPointExtension>
            <ns3:hr>145</ns3:hr>
            <ns3:cad>88</ns3:cad>
          </ns3:TrackPointExtension>
        </extensions>
      </trkpt>
      <trkpt lat="24.53538148663938045501708984375" lon="118.155494034290313720703125">
        <ele>22</ele>
        <time>2026-08-10T13:32:29.000Z</time>
        <extensions>
          <ns3:TrackPointExtension>
            <ns3:hr>146</ns3:hr>
            <ns3:cad>88</ns3:cad>
          </ns3:TrackPointExtension>
        </extensions>
      </trkpt>
      <trkpt lat="24.535362459719181060791015625" lon="118.1554878316819667816162109375">
        <ele>22</ele>
        <time>2026-08-10T13:32:30.000Z</time>
        <extensions>
          <ns3:TrackPointExtension>
            <ns3:hr>146</ns3:hr>
            <ns3:cad>88</ns3:cad>
          </ns3:TrackPointExtension>
        </extensions>
      </trkpt>
      <trkpt lat="24.53533337451517581939697265625" lon="118.15546679310500621795654296875">
        <ele>22</ele>
        <time>2026-08-10T13:32:31.000Z</time>
        <extensions>
          <ns3:TrackPointExtension>
            <ns3:hr>146</ns3:hr>
            <ns3:cad>87</ns3:cad>
          </ns3:TrackPointExtension>
        </extensions>
      </trkpt>
      <trkpt lat="24.53531451523303985595703125" lon="118.15545447170734405517578125">
        <ele>22</ele>
        <time>2026-08-10T13:32:32.000Z</time>
        <extensions>
          <ns3:TrackPointExtension>
            <ns3:hr>145</ns3:hr>
            <ns3:cad>87</ns3:cad>
          </ns3:TrackPointExtension>
        </extensions>
      </trkpt>
      <trkpt lat="24.53528635203838348388671875" lon="118.15543569624423980712890625">
        <ele>21.799999237060546875</ele>
        <time>2026-08-10T13:32:33.000Z</time>
        <extensions>
          <ns3:TrackPointExtension>
            <ns3:hr>146</ns3:hr>
            <ns3:cad>86</ns3:cad>
          </ns3:TrackPointExtension>
        </extensions>
      </trkpt>
      <trkpt lat="24.53526028431951999664306640625" lon="118.155418597161769866943359375">
        <ele>21.799999237060546875</ele>
        <time>2026-08-10T13:32:34.000Z</time>
        <extensions>
          <ns3:TrackPointExtension>
            <ns3:hr>146</ns3:hr>
            <ns3:cad>87</ns3:cad>
          </ns3:TrackPointExtension>
        </extensions>
      </trkpt>
      <trkpt lat="24.53523681499063968658447265625" lon="118.155403845012187957763671875">
        <ele>22</ele>
        <time>2026-08-10T13:32:35.000Z</time>
        <extensions>
          <ns3:TrackPointExtension>
            <ns3:hr>145</ns3:hr>
            <ns3:cad>87</ns3:cad>
          </ns3:TrackPointExtension>
        </extensions>
      </trkpt>
      <trkpt lat="24.535214267671108245849609375" lon="118.1553838960826396942138671875">
        <ele>22</ele>
        <time>2026-08-10T13:32:36.000Z</time>
        <extensions>
          <ns3:TrackPointExtension>
            <ns3:hr>145</ns3:hr>
            <ns3:cad>88</ns3:cad>
          </ns3:TrackPointExtension>
        </extensions>
      </trkpt>
      <trkpt lat="24.5351919718086719512939453125" lon="118.15537207759916782379150390625">
        <ele>21.799999237060546875</ele>
        <time>2026-08-10T13:32:37.000Z</time>
        <extensions>
          <ns3:TrackPointExtension>
            <ns3:hr>146</ns3:hr>
            <ns3:cad>87</ns3:cad>
          </ns3:TrackPointExtension>
        </extensions>
      </trkpt>
      <trkpt lat="24.53516565263271331787109375" lon="118.15535254776477813720703125">
        <ele>21.799999237060546875</ele>
        <time>2026-08-10T13:32:38.000Z</time>
        <extensions>
          <ns3:TrackPointExtension>
            <ns3:hr>146</ns3:hr>
            <ns3:cad>87</ns3:cad>
          </ns3:TrackPointExtension>
        </extensions>
      </trkpt>
      <trkpt lat="24.5351463742554187774658203125" lon="118.1553419865667819976806640625">
        <ele>22</ele>
        <time>2026-08-10T13:32:39.000Z</time>
        <extensions>
          <ns3:TrackPointExtension>
            <ns3:hr>146</ns3:hr>
            <ns3:cad>87</ns3:cad>
          </ns3:TrackPointExtension>
        </extensions>
      </trkpt>
      <trkpt lat="24.53511745668947696685791015625" lon="118.15532061271369457244873046875">
        <ele>21.799999237060546875</ele>
        <time>2026-08-10T13:32:40.000Z</time>
        <extensions>
          <ns3:TrackPointExtension>
            <ns3:hr>145</ns3:hr>
            <ns3:cad>87</ns3:cad>
          </ns3:TrackPointExtension>
        </extensions>
      </trkpt>
      <trkpt lat="24.53509725630283355712890625" lon="118.15531206317245960235595703125">
        <ele>21.799999237060546875</ele>
        <time>2026-08-10T13:32:41.000Z</time>
        <extensions>
          <ns3:TrackPointExtension>
            <ns3:hr>145</ns3:hr>
            <ns3:cad>87</ns3:cad>
          </ns3:TrackPointExtension>
        </extensions>
      </trkpt>
      <trkpt lat="24.5350689254701137542724609375" lon="118.15529622137546539306640625">
        <ele>21.799999237060546875</ele>
        <time>2026-08-10T13:32:42.000Z</time>
        <extensions>
          <ns3:TrackPointExtension>
            <ns3:hr>145</ns3:hr>
            <ns3:cad>87</ns3:cad>
          </ns3:TrackPointExtension>
        </extensions>
      </trkpt>
      <trkpt lat="24.53504067845642566680908203125" lon="118.15528373233973979949951171875">
        <ele>22</ele>
        <time>2026-08-10T13:32:43.000Z</time>
        <extensions>
          <ns3:TrackPointExtension>
            <ns3:hr>145</ns3:hr>
            <ns3:cad>87</ns3:cad>
          </ns3:TrackPointExtension>
        </extensions>
      </trkpt>
      <trkpt lat="24.5350147783756256103515625" lon="118.15527115948498249053955078125">
        <ele>21.799999237060546875</ele>
        <time>2026-08-10T13:32:44.000Z</time>
        <extensions>
          <ns3:TrackPointExtension>
            <ns3:hr>145</ns3:hr>
            <ns3:cad>87</ns3:cad>
          </ns3:TrackPointExtension>
        </extensions>
      </trkpt>
      <trkpt lat="24.53498862683773040771484375" lon="118.15525573678314685821533203125">
        <ele>22</ele>
        <time>2026-08-10T13:32:45.000Z</time>
        <extensions>
          <ns3:TrackPointExtension>
            <ns3:hr>146</ns3:hr>
            <ns3:cad>87</ns3:cad>
          </ns3:TrackPointExtension>
        </extensions>
      </trkpt>
      <trkpt lat="24.53496507368981838226318359375" lon="118.15524718724191188812255859375">
        <ele>22</ele>
        <time>2026-08-10T13:32:46.000Z</time>
        <extensions>
          <ns3:TrackPointExtension>
            <ns3:hr>145</ns3:hr>
            <ns3:cad>86</ns3:cad>
          </ns3:TrackPointExtension>
        </extensions>
      </trkpt>
      <trkpt lat="24.53493657521903514862060546875" lon="118.15522908233106136322021484375">
        <ele>22</ele>
        <time>2026-08-10T13:32:47.000Z</time>
        <extensions>
          <ns3:TrackPointExtension>
            <ns3:hr>145</ns3:hr>
            <ns3:cad>86</ns3:cad>
          </ns3:TrackPointExtension>
        </extensions>
      </trkpt>
      <trkpt lat="24.534915871918201446533203125" lon="118.15522656776010990142822265625">
        <ele>22</ele>
        <time>2026-08-10T13:32:48.000Z</time>
        <extensions>
          <ns3:TrackPointExtension>
            <ns3:hr>145</ns3:hr>
            <ns3:cad>86</ns3:cad>
          </ns3:TrackPointExtension>
        </extensions>
      </trkpt>
      <trkpt lat="24.5348861999809741973876953125" lon="118.1552149169147014617919921875">
        <ele>22</ele>
        <time>2026-08-10T13:32:49.000Z</time>
        <extensions>
          <ns3:TrackPointExtension>
            <ns3:hr>145</ns3:hr>
            <ns3:cad>86</ns3:cad>
          </ns3:TrackPointExtension>
        </extensions>
      </trkpt>
      <trkpt lat="24.5348603837192058563232421875" lon="118.15521315671503543853759765625">
        <ele>22.200000762939453125</ele>
        <time>2026-08-10T13:32:50.000Z</time>
        <extensions>
          <ns3:TrackPointExtension>
            <ns3:hr>146</ns3:hr>
            <ns3:cad>87</ns3:cad>
          </ns3:TrackPointExtension>
        </extensions>
      </trkpt>
      <trkpt lat="24.5348268561065196990966796875" lon="118.15520661883056163787841796875">
        <ele>22</ele>
        <time>2026-08-10T13:32:51.000Z</time>
        <extensions>
          <ns3:TrackPointExtension>
            <ns3:hr>145</ns3:hr>
            <ns3:cad>88</ns3:cad>
          </ns3:TrackPointExtension>
        </extensions>
      </trkpt>
      <trkpt lat="24.5348055660724639892578125" lon="118.15521114505827426910400390625">
        <ele>22</ele>
        <time>2026-08-10T13:32:52.000Z</time>
        <extensions>
          <ns3:TrackPointExtension>
            <ns3:hr>145</ns3:hr>
            <ns3:cad>88</ns3:cad>
          </ns3:TrackPointExtension>
        </extensions>
      </trkpt>
      <trkpt lat="24.53477203845977783203125" lon="118.1552118994295597076416015625">
        <ele>22</ele>
        <time>2026-08-10T13:32:53.000Z</time>
        <extensions>
          <ns3:TrackPointExtension>
            <ns3:hr>146</ns3:hr>
            <ns3:cad>88</ns3:cad>
          </ns3:TrackPointExtension>
        </extensions>
      </trkpt>
      <trkpt lat="24.5347484014928340911865234375" lon="118.1552145816385746002197265625">
        <ele>22</ele>
        <time>2026-08-10T13:32:54.000Z</time>
        <extensions>
          <ns3:TrackPointExtension>
            <ns3:hr>145</ns3:hr>
            <ns3:cad>88</ns3:cad>
          </ns3:TrackPointExtension>
        </extensions>
      </trkpt>
      <trkpt lat="24.534716047346591949462890625" lon="118.15521935932338237762451171875">
        <ele>22</ele>
        <time>2026-08-10T13:32:55.000Z</time>
        <extensions>
          <ns3:TrackPointExtension>
            <ns3:hr>145</ns3:hr>
            <ns3:cad>88</ns3:cad>
          </ns3:TrackPointExtension>
        </extensions>
      </trkpt>
      <trkpt lat="24.5346902310848236083984375" lon="118.15522254444658756256103515625">
        <ele>22</ele>
        <time>2026-08-10T13:32:56.000Z</time>
        <extensions>
          <ns3:TrackPointExtension>
            <ns3:hr>146</ns3:hr>
            <ns3:cad>88</ns3:cad>
          </ns3:TrackPointExtension>
        </extensions>
      </trkpt>
      <trkpt lat="24.53466215170919895172119140625" lon="118.15523109398782253265380859375">
        <ele>22</ele>
        <time>2026-08-10T13:32:57.000Z</time>
        <extensions>
          <ns3:TrackPointExtension>
            <ns3:hr>146</ns3:hr>
            <ns3:cad>88</ns3:cad>
          </ns3:TrackPointExtension>
        </extensions>
      </trkpt>
      <trkpt lat="24.53463231213390827178955078125" lon="118.15523578785359859466552734375">
        <ele>22.200000762939453125</ele>
        <time>2026-08-10T13:32:58.000Z</time>
        <extensions>
          <ns3:TrackPointExtension>
            <ns3:hr>146</ns3:hr>
            <ns3:cad>88</ns3:cad>
          </ns3:TrackPointExtension>
        </extensions>
      </trkpt>
      <trkpt lat="24.53461118973791599273681640625" lon="118.1552393920719623565673828125">
        <ele>22.200000762939453125</ele>
        <time>2026-08-10T13:32:59.000Z</time>
        <extensions>
          <ns3:TrackPointExtension>
            <ns3:hr>146</ns3:hr>
            <ns3:cad>88</ns3:cad>
          </ns3:TrackPointExtension>
        </extensions>
      </trkpt>
      <trkpt lat="24.53457900322973728179931640625" lon="118.15524651668965816497802734375">
        <ele>22.3999996185302734375</ele>
        <time>2026-08-10T13:33:00.000Z</time>
        <extensions>
          <ns3:TrackPointExtension>
            <ns3:hr>147</ns3:hr>
            <ns3:cad>88</ns3:cad>
          </ns3:TrackPointExtension>
        </extensions>
      </trkpt>
      <trkpt lat="24.5345606468617916107177734375" lon="118.15526428632438182830810546875">
        <ele>22.3999996185302734375</ele>
        <time>2026-08-10T13:33:01.000Z</time>
        <extensions>
          <ns3:TrackPointExtension>
            <ns3:hr>147</ns3:hr>
            <ns3:cad>88</ns3:cad>
          </ns3:TrackPointExtension>
        </extensions>
      </trkpt>
      <trkpt lat="24.534527622163295745849609375" lon="118.15527635626494884490966796875">
        <ele>22.3999996185302734375</ele>
        <time>2026-08-10T13:33:02.000Z</time>
        <extensions>
          <ns3:TrackPointExtension>
            <ns3:hr>148</ns3:hr>
            <ns3:cad>88</ns3:cad>
          </ns3:TrackPointExtension>
        </extensions>
      </trkpt>
      <trkpt lat="24.53450423665344715118408203125" lon="118.15528758801519870758056640625">
        <ele>22.3999996185302734375</ele>
        <time>2026-08-10T13:33:03.000Z</time>
        <extensions>
          <ns3:TrackPointExtension>
            <ns3:hr>149</ns3:hr>
            <ns3:cad>87</ns3:cad>
          </ns3:TrackPointExtension>
        </extensions>
      </trkpt>
      <trkpt lat="24.53447205014526844024658203125" lon="118.15529831685125827789306640625">
        <ele>22.3999996185302734375</ele>
        <time>2026-08-10T13:33:04.000Z</time>
        <extensions>
          <ns3:TrackPointExtension>
            <ns3:hr>149</ns3:hr>
            <ns3:cad>87</ns3:cad>
          </ns3:TrackPointExtension>
        </extensions>
      </trkpt>
      <trkpt lat="24.53444791026413440704345703125" lon="118.15530636347830295562744140625">
        <ele>22.3999996185302734375</ele>
        <time>2026-08-10T13:33:05.000Z</time>
        <extensions>
          <ns3:TrackPointExtension>
            <ns3:hr>150</ns3:hr>
            <ns3:cad>87</ns3:cad>
          </ns3:TrackPointExtension>
        </extensions>
      </trkpt>
      <trkpt lat="24.53441991470754146575927734375" lon="118.15531793050467967987060546875">
        <ele>22.3999996185302734375</ele>
        <time>2026-08-10T13:33:06.000Z</time>
        <extensions>
          <ns3:TrackPointExtension>
            <ns3:hr>150</ns3:hr>
            <ns3:cad>87</ns3:cad>
          </ns3:TrackPointExtension>
        </extensions>
      </trkpt>
      <trkpt lat="24.5343906618654727935791015625" lon="118.15532228909432888031005859375">
        <ele>22.3999996185302734375</ele>
        <time>2026-08-10T13:33:07.000Z</time>
        <extensions>
          <ns3:TrackPointExtension>
            <ns3:hr>151</ns3:hr>
            <ns3:cad>87</ns3:cad>
          </ns3:TrackPointExtension>
        </extensions>
      </trkpt>
      <trkpt lat="24.5343668572604656219482421875" lon="118.15533301793038845062255859375">
        <ele>22.3999996185302734375</ele>
        <time>2026-08-10T13:33:08.000Z</time>
        <extensions>
          <ns3:TrackPointExtension>
            <ns3:hr>151</ns3:hr>
            <ns3:cad>87</ns3:cad>
          </ns3:TrackPointExtension>
        </extensions>
      </trkpt>
      <trkpt lat="24.53433374874293804168701171875" lon="118.15533150918781757354736328125">
        <ele>22.3999996185302734375</ele>
        <time>2026-08-10T13:33:09.000Z</time>
        <extensions>
          <ns3:TrackPointExtension>
            <ns3:hr>151</ns3:hr>
            <ns3:cad>87</ns3:cad>
          </ns3:TrackPointExtension>
        </extensions>
      </trkpt>
      <trkpt lat="24.53431245870888233184814453125" lon="118.155338801443576812744140625">
        <ele>22.3999996185302734375</ele>
        <time>2026-08-10T13:33:10.000Z</time>
        <extensions>
          <ns3:TrackPointExtension>
            <ns3:hr>151</ns3:hr>
            <ns3:cad>87</ns3:cad>
          </ns3:TrackPointExtension>
        </extensions>
      </trkpt>
      <trkpt lat="24.53427784144878387451171875" lon="118.15533905290067195892333984375">
        <ele>22.3999996185302734375</ele>
        <time>2026-08-10T13:33:11.000Z</time>
        <extensions>
          <ns3:TrackPointExtension>
            <ns3:hr>150</ns3:hr>
            <ns3:cad>87</ns3:cad>
          </ns3:TrackPointExtension>
        </extensions>
      </trkpt>
      <trkpt lat="24.53425847925245761871337890625" lon="118.15534810535609722137451171875">
        <ele>22.3999996185302734375</ele>
        <time>2026-08-10T13:33:12.000Z</time>
        <extensions>
          <ns3:TrackPointExtension>
            <ns3:hr>150</ns3:hr>
            <ns3:cad>86</ns3:cad>
          </ns3:TrackPointExtension>
        </extensions>
      </trkpt>
      <trkpt lat="24.53422444872558116912841796875" lon="118.1553478538990020751953125">
        <ele>22.3999996185302734375</ele>
        <time>2026-08-10T13:33:13.000Z</time>
        <extensions>
          <ns3:TrackPointExtension>
            <ns3:hr>150</ns3:hr>
            <ns3:cad>86</ns3:cad>
          </ns3:TrackPointExtension>
        </extensions>
      </trkpt>
      <trkpt lat="24.53420382924377918243408203125" lon="118.15534986555576324462890625">
        <ele>22.3999996185302734375</ele>
        <time>2026-08-10T13:33:14.000Z</time>
        <extensions>
          <ns3:TrackPointExtension>
            <ns3:hr>149</ns3:hr>
            <ns3:cad>87</ns3:cad>
          </ns3:TrackPointExtension>
        </extensions>
      </trkpt>
      <trkpt lat="24.5341750793159008026123046875" lon="118.1553466804325580596923828125">
        <ele>22.3999996185302734375</ele>
        <time>2026-08-10T13:33:15.000Z</time>
        <extensions>
          <ns3:TrackPointExtension>
            <ns3:hr>149</ns3:hr>
            <ns3:cad>88</ns3:cad>
          </ns3:TrackPointExtension>
        </extensions>
      </trkpt>
      <trkpt lat="24.5341469161212444305419921875" lon="118.15534324385225772857666015625">
        <ele>22.3999996185302734375</ele>
        <time>2026-08-10T13:33:16.000Z</time>
        <extensions>
          <ns3:TrackPointExtension>
            <ns3:hr>148</ns3:hr>
            <ns3:cad>88</ns3:cad>
          </ns3:TrackPointExtension>
        </extensions>
      </trkpt>
      <trkpt lat="24.5341207645833492279052734375" lon="118.15534257330000400543212890625">
        <ele>22.3999996185302734375</ele>
        <time>2026-08-10T13:33:17.000Z</time>
        <extensions>
          <ns3:TrackPointExtension>
            <ns3:hr>147</ns3:hr>
            <ns3:cad>88</ns3:cad>
          </ns3:TrackPointExtension>
        </extensions>
      </trkpt>
      <trkpt lat="24.5340902544558048248291015625" lon="118.1553312577307224273681640625">
        <ele>22.3999996185302734375</ele>
        <time>2026-08-10T13:33:18.000Z</time>
        <extensions>
          <ns3:TrackPointExtension>
            <ns3:hr>147</ns3:hr>
            <ns3:cad>87</ns3:cad>
          </ns3:TrackPointExtension>
        </extensions>
      </trkpt>
      <trkpt lat="24.53406653366982936859130859375" lon="118.15533234737813472747802734375">
        <ele>22.200000762939453125</ele>
        <time>2026-08-10T13:33:19.000Z</time>
        <extensions>
          <ns3:TrackPointExtension>
            <ns3:hr>146</ns3:hr>
            <ns3:cad>87</ns3:cad>
          </ns3:TrackPointExtension>
        </extensions>
      </trkpt>
      <trkpt lat="24.5340330898761749267578125" lon="118.15531692467629909515380859375">
        <ele>22.3999996185302734375</ele>
        <time>2026-08-10T13:33:20.000Z</time>
        <extensions>
          <ns3:TrackPointExtension>
            <ns3:hr>146</ns3:hr>
            <ns3:cad>87</ns3:cad>
          </ns3:TrackPointExtension>
        </extensions>
      </trkpt>
      <trkpt lat="24.53401230275630950927734375" lon="118.15531340427696704864501953125">
        <ele>22.3999996185302734375</ele>
        <time>2026-08-10T13:33:21.000Z</time>
        <extensions>
          <ns3:TrackPointExtension>
            <ns3:hr>146</ns3:hr>
            <ns3:cad>86</ns3:cad>
          </ns3:TrackPointExtension>
        </extensions>
      </trkpt>
      <trkpt lat="24.53397869132459163665771484375" lon="118.1553010828793048858642578125">
        <ele>22.200000762939453125</ele>
        <time>2026-08-10T13:33:22.000Z</time>
        <extensions>
          <ns3:TrackPointExtension>
            <ns3:hr>147</ns3:hr>
            <ns3:cad>86</ns3:cad>
          </ns3:TrackPointExtension>
        </extensions>
      </trkpt>
      <trkpt lat="24.53395505435764789581298828125" lon="118.155292533338069915771484375">
        <ele>22.3999996185302734375</ele>
        <time>2026-08-10T13:33:23.000Z</time>
        <extensions>
          <ns3:TrackPointExtension>
            <ns3:hr>145</ns3:hr>
            <ns3:cad>87</ns3:cad>
          </ns3:TrackPointExtension>
        </extensions>
      </trkpt>
      <trkpt lat="24.53392487950623035430908203125" lon="118.15528071485459804534912109375">
        <ele>22.3999996185302734375</ele>
        <time>2026-08-10T13:33:24.000Z</time>
        <extensions>
          <ns3:TrackPointExtension>
            <ns3:hr>145</ns3:hr>
            <ns3:cad>87</ns3:cad>
          </ns3:TrackPointExtension>
        </extensions>
      </trkpt>
      <trkpt lat="24.53389721922576427459716796875" lon="118.15526411868631839752197265625">
        <ele>22.200000762939453125</ele>
        <time>2026-08-10T13:33:25.000Z</time>
        <extensions>
          <ns3:TrackPointExtension>
            <ns3:hr>144</ns3:hr>
            <ns3:cad>87</ns3:cad>
          </ns3:TrackPointExtension>
        </extensions>
      </trkpt>
      <trkpt lat="24.53386888839304447174072265625" lon="118.1552517972886562347412109375">
        <ele>22.200000762939453125</ele>
        <time>2026-08-10T13:33:26.000Z</time>
        <extensions>
          <ns3:TrackPointExtension>
            <ns3:hr>144</ns3:hr>
            <ns3:cad>87</ns3:cad>
          </ns3:TrackPointExtension>
        </extensions>
      </trkpt>
      <trkpt lat="24.5338404737412929534912109375" lon="118.1552244722843170166015625">
        <ele>22.200000762939453125</ele>
        <time>2026-08-10T13:33:27.000Z</time>
        <extensions>
          <ns3:TrackPointExtension>
            <ns3:hr>144</ns3:hr>
            <ns3:cad>87</ns3:cad>
          </ns3:TrackPointExtension>
        </extensions>
      </trkpt>
      <trkpt lat="24.5338193513453006744384765625" lon="118.1552145816385746002197265625">
        <ele>22.200000762939453125</ele>
        <time>2026-08-10T13:33:28.000Z</time>
        <extensions>
          <ns3:TrackPointExtension>
            <ns3:hr>144</ns3:hr>
            <ns3:cad>87</ns3:cad>
          </ns3:TrackPointExtension>
        </extensions>
      </trkpt>
      <trkpt lat="24.53378842212259769439697265625" lon="118.15518901683390140533447265625">
        <ele>22.200000762939453125</ele>
        <time>2026-08-10T13:33:29.000Z</time>
        <extensions>
          <ns3:TrackPointExtension>
            <ns3:hr>145</ns3:hr>
            <ns3:cad>87</ns3:cad>
          </ns3:TrackPointExtension>
        </extensions>
      </trkpt>
      <trkpt lat="24.53376947902143001556396484375" lon="118.15517954528331756591796875">
        <ele>22.200000762939453125</ele>
        <time>2026-08-10T13:33:30.000Z</time>
        <extensions>
          <ns3:TrackPointExtension>
            <ns3:hr>145</ns3:hr>
            <ns3:cad>87</ns3:cad>
          </ns3:TrackPointExtension>
        </extensions>
      </trkpt>
      <trkpt lat="24.53374248929321765899658203125" lon="118.155151046812534332275390625">
        <ele>22.200000762939453125</ele>
        <time>2026-08-10T13:33:31.000Z</time>
        <extensions>
          <ns3:TrackPointExtension>
            <ns3:hr>146</ns3:hr>
            <ns3:cad>87</ns3:cad>
          </ns3:TrackPointExtension>
        </extensions>
      </trkpt>
      <trkpt lat="24.53372639603912830352783203125" lon="118.1551331095397472381591796875">
        <ele>22.200000762939453125</ele>
        <time>2026-08-10T13:33:32.000Z</time>
        <extensions>
          <ns3:TrackPointExtension>
            <ns3:hr>146</ns3:hr>
            <ns3:cad>87</ns3:cad>
          </ns3:TrackPointExtension>
        </extensions>
      </trkpt>
      <trkpt lat="24.53370460309088230133056640625" lon="118.1551072932779788970947265625">
        <ele>22.200000762939453125</ele>
        <time>2026-08-10T13:33:33.000Z</time>
        <extensions>
          <ns3:TrackPointExtension>
            <ns3:hr>147</ns3:hr>
            <ns3:cad>87</ns3:cad>
          </ns3:TrackPointExtension>
        </extensions>
      </trkpt>
      <trkpt lat="24.53368850983679294586181640625" lon="118.1550823152065277099609375">
        <ele>22.200000762939453125</ele>
        <time>2026-08-10T13:33:34.000Z</time>
        <extensions>
          <ns3:TrackPointExtension>
            <ns3:hr>148</ns3:hr>
            <ns3:cad>87</ns3:cad>
          </ns3:TrackPointExtension>
        </extensions>
      </trkpt>
      <trkpt lat="24.5336714945733547210693359375" lon="118.15505876205861568450927734375">
        <ele>22.200000762939453125</ele>
        <time>2026-08-10T13:33:35.000Z</time>
        <extensions>
          <ns3:TrackPointExtension>
            <ns3:hr>149</ns3:hr>
            <ns3:cad>87</ns3:cad>
          </ns3:TrackPointExtension>
        </extensions>
      </trkpt>
      <trkpt lat="24.53365649096667766571044921875" lon="118.1550268270075321197509765625">
        <ele>22.3999996185302734375</ele>
        <time>2026-08-10T13:33:36.000Z</time>
        <extensions>
          <ns3:TrackPointExtension>
            <ns3:hr>151</ns3:hr>
            <ns3:cad>87</ns3:cad>
          </ns3:TrackPointExtension>
        </extensions>
      </trkpt>
      <trkpt lat="24.53363687731325626373291015625" lon="118.1550046987831592559814453125">
        <ele>22.3999996185302734375</ele>
        <time>2026-08-10T13:33:37.000Z</time>
        <extensions>
          <ns3:TrackPointExtension>
            <ns3:hr>152</ns3:hr>
            <ns3:cad>87</ns3:cad>
          </ns3:TrackPointExtension>
        </extensions>
      </trkpt>
      <trkpt lat="24.53362145461142063140869140625" lon="118.15496974624693393707275390625">
        <ele>22.200000762939453125</ele>
        <time>2026-08-10T13:33:38.000Z</time>
        <extensions>
          <ns3:TrackPointExtension>
            <ns3:hr>152</ns3:hr>
            <ns3:cad>87</ns3:cad>
          </ns3:TrackPointExtension>
        </extensions>
      </trkpt>
      <trkpt lat="24.5336039364337921142578125" lon="118.154951222240924835205078125">
        <ele>22.200000762939453125</ele>
        <time>2026-08-10T13:33:39.000Z</time>
        <extensions>
          <ns3:TrackPointExtension>
            <ns3:hr>153</ns3:hr>
            <ns3:cad>87</ns3:cad>
          </ns3:TrackPointExtension>
        </extensions>
      </trkpt>
      <trkpt lat="24.53358658589422702789306640625" lon="118.15491610206663608551025390625">
        <ele>22.200000762939453125</ele>
        <time>2026-08-10T13:33:40.000Z</time>
        <extensions>
          <ns3:TrackPointExtension>
            <ns3:hr>153</ns3:hr>
            <ns3:cad>87</ns3:cad>
          </ns3:TrackPointExtension>
        </extensions>
      </trkpt>
      <trkpt lat="24.53357870690524578094482421875" lon="118.15488860942423343658447265625">
        <ele>22.200000762939453125</ele>
        <time>2026-08-10T13:33:41.000Z</time>
        <extensions>
          <ns3:TrackPointExtension>
            <ns3:hr>153</ns3:hr>
            <ns3:cad>87</ns3:cad>
          </ns3:TrackPointExtension>
        </extensions>
      </trkpt>
      <trkpt lat="24.533567391335964202880859375" lon="118.15485290251672267913818359375">
        <ele>22.200000762939453125</ele>
        <time>2026-08-10T13:33:42.000Z</time>
        <extensions>
          <ns3:TrackPointExtension>
            <ns3:hr>154</ns3:hr>
            <ns3:cad>86</ns3:cad>
          </ns3:TrackPointExtension>
        </extensions>
      </trkpt>
      <trkpt lat="24.53356026671826839447021484375" lon="118.154824487864971160888671875">
        <ele>22.200000762939453125</ele>
        <time>2026-08-10T13:33:43.000Z</time>
        <extensions>
          <ns3:TrackPointExtension>
            <ns3:hr>154</ns3:hr>
            <ns3:cad>86</ns3:cad>
          </ns3:TrackPointExtension>
        </extensions>
      </trkpt>
      <trkpt lat="24.53354920260608196258544921875" lon="118.15479171462357044219970703125">
        <ele>22.200000762939453125</ele>
        <time>2026-08-10T13:33:44.000Z</time>
        <extensions>
          <ns3:TrackPointExtension>
            <ns3:hr>154</ns3:hr>
            <ns3:cad>86</ns3:cad>
          </ns3:TrackPointExtension>
        </extensions>
      </trkpt>
      <trkpt lat="24.5335440896451473236083984375" lon="118.15476221032440662384033203125">
        <ele>22.200000762939453125</ele>
        <time>2026-08-10T13:33:45.000Z</time>
        <extensions>
          <ns3:TrackPointExtension>
            <ns3:hr>153</ns3:hr>
            <ns3:cad>86</ns3:cad>
          </ns3:TrackPointExtension>
        </extensions>
      </trkpt>
      <trkpt lat="24.53353512100875377655029296875" lon="118.1547348015010356903076171875">
        <ele>22.200000762939453125</ele>
        <time>2026-08-10T13:33:46.000Z</time>
        <extensions>
          <ns3:TrackPointExtension>
            <ns3:hr>154</ns3:hr>
            <ns3:cad>87</ns3:cad>
          </ns3:TrackPointExtension>
        </extensions>
      </trkpt>
      <trkpt lat="24.5335320197045803070068359375" lon="118.154701776802539825439453125">
        <ele>22.200000762939453125</ele>
        <time>2026-08-10T13:33:47.000Z</time>
        <extensions>
          <ns3:TrackPointExtension>
            <ns3:hr>154</ns3:hr>
            <ns3:cad>89</ns3:cad>
          </ns3:TrackPointExtension>
        </extensions>
      </trkpt>
      <trkpt lat="24.53352070413529872894287109375" lon="118.15468023531138896942138671875">
        <ele>22.200000762939453125</ele>
        <time>2026-08-10T13:33:48.000Z</time>
        <extensions>
          <ns3:TrackPointExtension>
            <ns3:hr>154</ns3:hr>
            <ns3:cad>89</ns3:cad>
          </ns3:TrackPointExtension>
        </extensions>
      </trkpt>
      <trkpt lat="24.533516429364681243896484375" lon="118.15464234910905361175537109375">
        <ele>22</ele>
        <time>2026-08-10T13:33:49.000Z</time>
        <extensions>
          <ns3:TrackPointExtension>
            <ns3:hr>154</ns3:hr>
            <ns3:cad>89</ns3:cad>
          </ns3:TrackPointExtension>
        </extensions>
      </trkpt>
      <trkpt lat="24.5335105620324611663818359375" lon="118.1546211428940296173095703125">
        <ele>22</ele>
        <time>2026-08-10T13:33:50.000Z</time>
        <extensions>
          <ns3:TrackPointExtension>
            <ns3:hr>153</ns3:hr>
            <ns3:cad>88</ns3:cad>
          </ns3:TrackPointExtension>
        </extensions>
      </trkpt>
      <trkpt lat="24.53350863419473171234130859375" lon="118.1545859389007091522216796875">
        <ele>22</ele>
        <time>2026-08-10T13:33:51.000Z</time>
        <extensions>
          <ns3:TrackPointExtension>
            <ns3:hr>153</ns3:hr>
            <ns3:cad>87</ns3:cad>
          </ns3:TrackPointExtension>
        </extensions>
      </trkpt>
      <trkpt lat="24.533506371080875396728515625" lon="118.1545604579150676727294921875">
        <ele>22</ele>
        <time>2026-08-10T13:33:52.000Z</time>
        <extensions>
          <ns3:TrackPointExtension>
            <ns3:hr>153</ns3:hr>
            <ns3:cad>87</ns3:cad>
          </ns3:TrackPointExtension>
        </extensions>
      </trkpt>
      <trkpt lat="24.53350896947085857391357421875" lon="118.15452634356915950775146484375">
        <ele>21.799999237060546875</ele>
        <time>2026-08-10T13:33:53.000Z</time>
        <extensions>
          <ns3:TrackPointExtension>
            <ns3:hr>153</ns3:hr>
            <ns3:cad>87</ns3:cad>
          </ns3:TrackPointExtension>
        </extensions>
      </trkpt>
      <trkpt lat="24.53351316042244434356689453125" lon="118.15449667163193225860595703125">
        <ele>21.799999237060546875</ele>
        <time>2026-08-10T13:33:54.000Z</time>
        <extensions>
          <ns3:TrackPointExtension>
            <ns3:hr>154</ns3:hr>
            <ns3:cad>87</ns3:cad>
          </ns3:TrackPointExtension>
        </extensions>
      </trkpt>
      <trkpt lat="24.5335127413272857666015625" lon="118.1544652394950389862060546875">
        <ele>21.799999237060546875</ele>
        <time>2026-08-10T13:33:55.000Z</time>
        <extensions>
          <ns3:TrackPointExtension>
            <ns3:hr>153</ns3:hr>
            <ns3:cad>87</ns3:cad>
          </ns3:TrackPointExtension>
        </extensions>
      </trkpt>
      <trkpt lat="24.53352321870625019073486328125" lon="118.1544305384159088134765625">
        <ele>21.799999237060546875</ele>
        <time>2026-08-10T13:33:56.000Z</time>
        <extensions>
          <ns3:TrackPointExtension>
            <ns3:hr>153</ns3:hr>
            <ns3:cad>87</ns3:cad>
          </ns3:TrackPointExtension>
        </extensions>
      </trkpt>
      <trkpt lat="24.53352388925850391387939453125" lon="118.15440413542091846466064453125">
        <ele>22</ele>
        <time>2026-08-10T13:33:57.000Z</time>
        <extensions>
          <ns3:TrackPointExtension>
            <ns3:hr>153</ns3:hr>
            <ns3:cad>87</ns3:cad>
          </ns3:TrackPointExtension>
        </extensions>
      </trkpt>
      <trkpt lat="24.53353679738938808441162109375" lon="118.15436926670372486114501953125">
        <ele>22</ele>
        <time>2026-08-10T13:33:58.000Z</time>
        <extensions>
          <ns3:TrackPointExtension>
            <ns3:hr>154</ns3:hr>
            <ns3:cad>87</ns3:cad>
          </ns3:TrackPointExtension>
        </extensions>
      </trkpt>
      <trkpt lat="24.5335414074361324310302734375" lon="118.154345713555812835693359375">
        <ele>22</ele>
        <time>2026-08-10T13:33:59.000Z</time>
        <extensions>
          <ns3:TrackPointExtension>
            <ns3:hr>153</ns3:hr>
            <ns3:cad>87</ns3:cad>
          </ns3:TrackPointExtension>
        </extensions>
      </trkpt>
      <trkpt lat="24.53355339355766773223876953125" lon="118.15431025810539722442626953125">
        <ele>22</ele>
        <time>2026-08-10T13:34:00.000Z</time>
        <extensions>
          <ns3:TrackPointExtension>
            <ns3:hr>153</ns3:hr>
            <ns3:cad>86</ns3:cad>
          </ns3:TrackPointExtension>
        </extensions>
      </trkpt>
      <trkpt lat="24.5335621945559978485107421875" lon="118.15428360365331172943115234375">
        <ele>22</ele>
        <time>2026-08-10T13:34:01.000Z</time>
        <extensions>
          <ns3:TrackPointExtension>
            <ns3:hr>153</ns3:hr>
            <ns3:cad>86</ns3:cad>
          </ns3:TrackPointExtension>
        </extensions>
      </trkpt>
      <trkpt lat="24.5335717499256134033203125" lon="118.15425158478319644927978515625">
        <ele>22.200000762939453125</ele>
        <time>2026-08-10T13:34:02.000Z</time>
        <extensions>
          <ns3:TrackPointExtension>
            <ns3:hr>153</ns3:hr>
            <ns3:cad>87</ns3:cad>
          </ns3:TrackPointExtension>
        </extensions>
      </trkpt>
      <trkpt lat="24.5335853286087512969970703125" lon="118.154220320284366607666015625">
        <ele>22.200000762939453125</ele>
        <time>2026-08-10T13:34:03.000Z</time>
        <extensions>
          <ns3:TrackPointExtension>
            <ns3:hr>153</ns3:hr>
            <ns3:cad>87</ns3:cad>
          </ns3:TrackPointExtension>
        </extensions>
      </trkpt>
      <trkpt lat="24.53360083512961864471435546875" lon="118.154194168746471405029296875">
        <ele>22.3999996185302734375</ele>
        <time>2026-08-10T13:34:04.000Z</time>
        <extensions>
          <ns3:TrackPointExtension>
            <ns3:hr>152</ns3:hr>
            <ns3:cad>87</ns3:cad>
          </ns3:TrackPointExtension>
        </extensions>
      </trkpt>
      <trkpt lat="24.53362229280173778533935546875" lon="118.15416994504630565643310546875">
        <ele>22.3999996185302734375</ele>
        <time>2026-08-10T13:34:05.000Z</time>
        <extensions>
          <ns3:TrackPointExtension>
            <ns3:hr>152</ns3:hr>
            <ns3:cad>87</ns3:cad>
          </ns3:TrackPointExtension>
        </extensions>
      </trkpt>
      <trkpt lat="24.53363503329455852508544921875" lon="118.15414697863161563873291015625">
        <ele>22.3999996185302734375</ele>
        <time>2026-08-10T13:34:06.000Z</time>
        <extensions>
          <ns3:TrackPointExtension>
            <ns3:hr>152</ns3:hr>
            <ns3:cad>87</ns3:cad>
          </ns3:TrackPointExtension>
        </extensions>
      </trkpt>
      <trkpt lat="24.53366286121308803558349609375" lon="118.1541242636740207672119140625">
        <ele>22.3999996185302734375</ele>
        <time>2026-08-10T13:34:07.000Z</time>
        <extensions>
          <ns3:TrackPointExtension>
            <ns3:hr>152</ns3:hr>
            <ns3:cad>87</ns3:cad>
          </ns3:TrackPointExtension>
        </extensions>
      </trkpt>
      <trkpt lat="24.53367727808654308319091796875" lon="118.154101632535457611083984375">
        <ele>22.3999996185302734375</ele>
        <time>2026-08-10T13:34:08.000Z</time>
        <extensions>
          <ns3:TrackPointExtension>
            <ns3:hr>153</ns3:hr>
            <ns3:cad>87</ns3:cad>
          </ns3:TrackPointExtension>
        </extensions>
      </trkpt>
      <trkpt lat="24.53370116651058197021484375" lon="118.15407489426434040069580078125">
        <ele>22.200000762939453125</ele>
        <time>2026-08-10T13:34:09.000Z</time>
        <extensions>
          <ns3:TrackPointExtension>
            <ns3:hr>152</ns3:hr>
            <ns3:cad>87</ns3:cad>
          </ns3:TrackPointExtension>
        </extensions>
      </trkpt>
      <trkpt lat="24.53371189534664154052734375" lon="118.15405368804931640625">
        <ele>22.200000762939453125</ele>
        <time>2026-08-10T13:34:10.000Z</time>
        <extensions>
          <ns3:TrackPointExtension>
            <ns3:hr>152</ns3:hr>
            <ns3:cad>88</ns3:cad>
          </ns3:TrackPointExtension>
        </extensions>
      </trkpt>
      <trkpt lat="24.53373343683779239654541015625" lon="118.1540273688733577728271484375">
        <ele>22.200000762939453125</ele>
        <time>2026-08-10T13:34:11.000Z</time>
        <extensions>
          <ns3:TrackPointExtension>
            <ns3:hr>151</ns3:hr>
            <ns3:cad>88</ns3:cad>
          </ns3:TrackPointExtension>
        </extensions>
      </trkpt>
      <trkpt lat="24.533750116825103759765625" lon="118.15400607883930206298828125">
        <ele>22.200000762939453125</ele>
        <time>2026-08-10T13:34:12.000Z</time>
        <extensions>
          <ns3:TrackPointExtension>
            <ns3:hr>151</ns3:hr>
            <ns3:cad>88</ns3:cad>
          </ns3:TrackPointExtension>
        </extensions>
      </trkpt>
      <trkpt lat="24.5337688922882080078125" lon="118.15397967584431171417236328125">
        <ele>22.200000762939453125</ele>
        <time>2026-08-10T13:34:13.000Z</time>
        <extensions>
          <ns3:TrackPointExtension>
            <ns3:hr>151</ns3:hr>
            <ns3:cad>88</ns3:cad>
          </ns3:TrackPointExtension>
        </extensions>
      </trkpt>
      <trkpt lat="24.5337891764938831329345703125" lon="118.15395536832511425018310546875">
        <ele>22.200000762939453125</ele>
        <time>2026-08-10T13:34:14.000Z</time>
        <extensions>
          <ns3:TrackPointExtension>
            <ns3:hr>150</ns3:hr>
            <ns3:cad>87</ns3:cad>
          </ns3:TrackPointExtension>
        </extensions>
      </trkpt>
      <trkpt lat="24.53380686230957508087158203125" lon="118.15393290482461452484130859375">
        <ele>22.200000762939453125</ele>
        <time>2026-08-10T13:34:15.000Z</time>
        <extensions>
          <ns3:TrackPointExtension>
            <ns3:hr>151</ns3:hr>
            <ns3:cad>86</ns3:cad>
          </ns3:TrackPointExtension>
        </extensions>
      </trkpt>
      <trkpt lat="24.53383385203778743743896484375" lon="118.15391848795115947723388671875">
        <ele>22.200000762939453125</ele>
        <time>2026-08-10T13:34:16.000Z</time>
        <extensions>
          <ns3:TrackPointExtension>
            <ns3:hr>151</ns3:hr>
            <ns3:cad>86</ns3:cad>
          </ns3:TrackPointExtension>
        </extensions>
      </trkpt>
      <trkpt lat="24.53385111875832080841064453125" lon="118.153901137411594390869140625">
        <ele>22.200000762939453125</ele>
        <time>2026-08-10T13:34:17.000Z</time>
        <extensions>
          <ns3:TrackPointExtension>
            <ns3:hr>151</ns3:hr>
            <ns3:cad>87</ns3:cad>
          </ns3:TrackPointExtension>
        </extensions>
      </trkpt>
      <trkpt lat="24.53388447873294353485107421875" lon="118.153892420232295989990234375">
        <ele>22.200000762939453125</ele>
        <time>2026-08-10T13:34:18.000Z</time>
        <extensions>
          <ns3:TrackPointExtension>
            <ns3:hr>151</ns3:hr>
            <ns3:cad>88</ns3:cad>
          </ns3:TrackPointExtension>
        </extensions>
      </trkpt>
      <trkpt lat="24.53390141017735004425048828125" lon="118.15387791953980922698974609375">
        <ele>22.200000762939453125</ele>
        <time>2026-08-10T13:34:19.000Z</time>
        <extensions>
          <ns3:TrackPointExtension>
            <ns3:hr>151</ns3:hr>
            <ns3:cad>88</ns3:cad>
          </ns3:TrackPointExtension>
        </extensions>
      </trkpt>
      <trkpt lat="24.53393259085714817047119140625" lon="118.15386266447603702545166015625">
        <ele>22.200000762939453125</ele>
        <time>2026-08-10T13:34:20.000Z</time>
        <extensions>
          <ns3:TrackPointExtension>
            <ns3:hr>151</ns3:hr>
            <ns3:cad>88</ns3:cad>
          </ns3:TrackPointExtension>
        </extensions>
      </trkpt>
      <trkpt lat="24.53395195305347442626953125" lon="118.1538490019738674163818359375">
        <ele>22</ele>
        <time>2026-08-10T13:34:21.000Z</time>
        <extensions>
          <ns3:TrackPointExtension>
            <ns3:hr>151</ns3:hr>
            <ns3:cad>88</ns3:cad>
          </ns3:TrackPointExtension>
        </extensions>
      </trkpt>
      <trkpt lat="24.5339779369533061981201171875" lon="118.153835423290729522705078125">
        <ele>22</ele>
        <time>2026-08-10T13:34:22.000Z</time>
        <extensions>
          <ns3:TrackPointExtension>
            <ns3:hr>150</ns3:hr>
            <ns3:cad>87</ns3:cad>
          </ns3:TrackPointExtension>
        </extensions>
      </trkpt>
      <trkpt lat="24.534006603062152862548828125" lon="118.15382377244532108306884765625">
        <ele>22</ele>
        <time>2026-08-10T13:34:23.000Z</time>
        <extensions>
          <ns3:TrackPointExtension>
            <ns3:hr>151</ns3:hr>
            <ns3:cad>87</ns3:cad>
          </ns3:TrackPointExtension>
        </extensions>
      </trkpt>
      <trkpt lat="24.53403216786682605743408203125" lon="118.1538117863237857818603515625">
        <ele>22</ele>
        <time>2026-08-10T13:34:24.000Z</time>
        <extensions>
          <ns3:TrackPointExtension>
            <ns3:hr>151</ns3:hr>
            <ns3:cad>87</ns3:cad>
          </ns3:TrackPointExtension>
        </extensions>
      </trkpt>
      <trkpt lat="24.5340625941753387451171875" lon="118.1538034044206142425537109375">
        <ele>22</ele>
        <time>2026-08-10T13:34:25.000Z</time>
        <extensions>
          <ns3:TrackPointExtension>
            <ns3:hr>151</ns3:hr>
            <ns3:cad>86</ns3:cad>
          </ns3:TrackPointExtension>
        </extensions>
      </trkpt>
      <trkpt lat="24.53408480621874332427978515625" lon="118.15379141829907894134521484375">
        <ele>22</ele>
        <time>2026-08-10T13:34:26.000Z</time>
        <extensions>
          <ns3:TrackPointExtension>
            <ns3:hr>151</ns3:hr>
            <ns3:cad>87</ns3:cad>
          </ns3:TrackPointExtension>
        </extensions>
      </trkpt>
      <trkpt lat="24.53411900438368320465087890625" lon="118.15378655679523944854736328125">
        <ele>22</ele>
        <time>2026-08-10T13:34:27.000Z</time>
        <extensions>
          <ns3:TrackPointExtension>
            <ns3:hr>151</ns3:hr>
            <ns3:cad>87</ns3:cad>
          </ns3:TrackPointExtension>
        </extensions>
      </trkpt>
      <trkpt lat="24.53413811512291431427001953125" lon="118.1537760794162750244140625">
        <ele>22</ele>
        <time>2026-08-10T13:34:28.000Z</time>
        <extensions>
          <ns3:TrackPointExtension>
            <ns3:hr>151</ns3:hr>
            <ns3:cad>87</ns3:cad>
          </ns3:TrackPointExtension>
        </extensions>
      </trkpt>
      <trkpt lat="24.5341713912785053253173828125" lon="118.15377146936953067779541015625">
        <ele>22</ele>
        <time>2026-08-10T13:34:29.000Z</time>
        <extensions>
          <ns3:TrackPointExtension>
            <ns3:hr>151</ns3:hr>
            <ns3:cad>87</ns3:cad>
          </ns3:TrackPointExtension>
        </extensions>
      </trkpt>
      <trkpt lat="24.53419268131256103515625" lon="118.15376644022762775421142578125">
        <ele>21.799999237060546875</ele>
        <time>2026-08-10T13:34:30.000Z</time>
        <extensions>
          <ns3:TrackPointExtension>
            <ns3:hr>151</ns3:hr>
            <ns3:cad>86</ns3:cad>
          </ns3:TrackPointExtension>
        </extensions>
      </trkpt>
      <trkpt lat="24.53422310762107372283935546875" lon="118.153762333095073699951171875">
        <ele>21.799999237060546875</ele>
        <time>2026-08-10T13:34:31.000Z</time>
        <extensions>
          <ns3:TrackPointExtension>
            <ns3:hr>151</ns3:hr>
            <ns3:cad>86</ns3:cad>
          </ns3:TrackPointExtension>
        </extensions>
      </trkpt>
      <trkpt lat="24.534252025187015533447265625" lon="118.1537608243525028228759765625">
        <ele>21.799999237060546875</ele>
        <time>2026-08-10T13:34:32.000Z</time>
        <extensions>
          <ns3:TrackPointExtension>
            <ns3:hr>152</ns3:hr>
            <ns3:cad>87</ns3:cad>
          </ns3:TrackPointExtension>
        </extensions>
      </trkpt>
      <trkpt lat="24.534281194210052490234375" lon="118.15376090817153453826904296875">
        <ele>21.6000003814697265625</ele>
        <time>2026-08-10T13:34:33.000Z</time>
        <extensions>
          <ns3:TrackPointExtension>
            <ns3:hr>152</ns3:hr>
            <ns3:cad>86</ns3:cad>
          </ns3:TrackPointExtension>
        </extensions>
      </trkpt>
      <trkpt lat="24.5343128778040409088134765625" lon="118.15376442857086658477783203125">
        <ele>21.6000003814697265625</ele>
        <time>2026-08-10T13:34:34.000Z</time>
        <extensions>
          <ns3:TrackPointExtension>
            <ns3:hr>152</ns3:hr>
            <ns3:cad>86</ns3:cad>
          </ns3:TrackPointExtension>
        </extensions>
      </trkpt>
      <trkpt lat="24.53433676622807979583740234375" lon="118.15375805832445621490478515625">
        <ele>21.799999237060546875</ele>
        <time>2026-08-10T13:34:35.000Z</time>
        <extensions>
          <ns3:TrackPointExtension>
            <ns3:hr>152</ns3:hr>
            <ns3:cad>87</ns3:cad>
          </ns3:TrackPointExtension>
        </extensions>
      </trkpt>
      <trkpt lat="24.5343738980591297149658203125" lon="118.15375805832445621490478515625">
        <ele>21.799999237060546875</ele>
        <time>2026-08-10T13:34:36.000Z</time>
        <extensions>
          <ns3:TrackPointExtension>
            <ns3:hr>151</ns3:hr>
            <ns3:cad>87</ns3:cad>
          </ns3:TrackPointExtension>
        </extensions>
      </trkpt>
      <trkpt lat="24.534397535026073455810546875" lon="118.15375353209674358367919921875">
        <ele>21.799999237060546875</ele>
        <time>2026-08-10T13:34:37.000Z</time>
        <extensions>
          <ns3:TrackPointExtension>
            <ns3:hr>152</ns3:hr>
            <ns3:cad>87</ns3:cad>
          </ns3:TrackPointExtension>
        </extensions>
      </trkpt>
      <trkpt lat="24.53442963771522045135498046875" lon="118.15376023761928081512451171875">
        <ele>21.799999237060546875</ele>
        <time>2026-08-10T13:34:38.000Z</time>
        <extensions>
          <ns3:TrackPointExtension>
            <ns3:hr>152</ns3:hr>
            <ns3:cad>87</ns3:cad>
          </ns3:TrackPointExtension>
        </extensions>
      </trkpt>
      <trkpt lat="24.53445662744343280792236328125" lon="118.15375990234315395355224609375">
        <ele>21.799999237060546875</ele>
        <time>2026-08-10T13:34:39.000Z</time>
        <extensions>
          <ns3:TrackPointExtension>
            <ns3:hr>152</ns3:hr>
            <ns3:cad>87</ns3:cad>
          </ns3:TrackPointExtension>
        </extensions>
      </trkpt>
      <trkpt lat="24.5344848744571208953857421875" lon="118.1537651829421520233154296875">
        <ele>21.799999237060546875</ele>
        <time>2026-08-10T13:34:40.000Z</time>
        <extensions>
          <ns3:TrackPointExtension>
            <ns3:hr>151</ns3:hr>
            <ns3:cad>87</ns3:cad>
          </ns3:TrackPointExtension>
        </extensions>
      </trkpt>
      <trkpt lat="24.53451110981404781341552734375" lon="118.1537692062556743621826171875">
        <ele>21.6000003814697265625</ele>
        <time>2026-08-10T13:34:41.000Z</time>
        <extensions>
          <ns3:TrackPointExtension>
            <ns3:hr>152</ns3:hr>
            <ns3:cad>87</ns3:cad>
          </ns3:TrackPointExtension>
        </extensions>
      </trkpt>
      <trkpt lat="24.53453675843775272369384765625" lon="118.15377515740692615509033203125">
        <ele>21.6000003814697265625</ele>
        <time>2026-08-10T13:34:42.000Z</time>
        <extensions>
          <ns3:TrackPointExtension>
            <ns3:hr>152</ns3:hr>
            <ns3:cad>87</ns3:cad>
          </ns3:TrackPointExtension>
        </extensions>
      </trkpt>
      <trkpt lat="24.5345683582127094268798828125" lon="118.15378203056752681732177734375">
        <ele>21.6000003814697265625</ele>
        <time>2026-08-10T13:34:43.000Z</time>
        <extensions>
          <ns3:TrackPointExtension>
            <ns3:hr>151</ns3:hr>
            <ns3:cad>87</ns3:cad>
          </ns3:TrackPointExtension>
        </extensions>
      </trkpt>
      <trkpt lat="24.53458956442773342132568359375" lon="118.15378337167203426361083984375">
        <ele>21.6000003814697265625</ele>
        <time>2026-08-10T13:34:44.000Z</time>
        <extensions>
          <ns3:TrackPointExtension>
            <ns3:hr>151</ns3:hr>
            <ns3:cad>87</ns3:cad>
          </ns3:TrackPointExtension>
        </extensions>
      </trkpt>
      <trkpt lat="24.5346193201839923858642578125" lon="118.1537846289575099945068359375">
        <ele>21.3999996185302734375</ele>
        <time>2026-08-10T13:34:45.000Z</time>
        <extensions>
          <ns3:TrackPointExtension>
            <ns3:hr>151</ns3:hr>
            <ns3:cad>87</ns3:cad>
          </ns3:TrackPointExtension>
        </extensions>
      </trkpt>
      <trkpt lat="24.5346407778561115264892578125" lon="118.15377867780625820159912109375">
        <ele>21.6000003814697265625</ele>
        <time>2026-08-10T13:34:46.000Z</time>
        <extensions>
          <ns3:TrackPointExtension>
            <ns3:hr>152</ns3:hr>
            <ns3:cad>86</ns3:cad>
          </ns3:TrackPointExtension>
        </extensions>
      </trkpt>
      <trkpt lat="24.53467304818332195281982421875" lon="118.15378102473914623260498046875">
        <ele>21.6000003814697265625</ele>
        <time>2026-08-10T13:34:47.000Z</time>
        <extensions>
          <ns3:TrackPointExtension>
            <ns3:hr>151</ns3:hr>
            <ns3:cad>86</ns3:cad>
          </ns3:TrackPointExtension>
        </extensions>
      </trkpt>
      <trkpt lat="24.5346997864544391632080078125" lon="118.15377901308238506317138671875">
        <ele>21.6000003814697265625</ele>
        <time>2026-08-10T13:34:48.000Z</time>
        <extensions>
          <ns3:TrackPointExtension>
            <ns3:hr>151</ns3:hr>
            <ns3:cad>86</ns3:cad>
          </ns3:TrackPointExtension>
        </extensions>
      </trkpt>
      <trkpt lat="24.5347302965819835662841796875" lon="118.15377465449273586273193359375">
        <ele>21.6000003814697265625</ele>
        <time>2026-08-10T13:34:49.000Z</time>
        <extensions>
          <ns3:TrackPointExtension>
            <ns3:hr>150</ns3:hr>
            <ns3:cad>86</ns3:cad>
          </ns3:TrackPointExtension>
        </extensions>
      </trkpt>
      <trkpt lat="24.5347594656050205230712890625" lon="118.1537739001214504241943359375">
        <ele>21.6000003814697265625</ele>
        <time>2026-08-10T13:34:50.000Z</time>
        <extensions>
          <ns3:TrackPointExtension>
            <ns3:hr>150</ns3:hr>
            <ns3:cad>87</ns3:cad>
          </ns3:TrackPointExtension>
        </extensions>
      </trkpt>
      <trkpt lat="24.53478184528648853302001953125" lon="118.1537675298750400543212890625">
        <ele>21.6000003814697265625</ele>
        <time>2026-08-10T13:34:51.000Z</time>
        <extensions>
          <ns3:TrackPointExtension>
            <ns3:hr>149</ns3:hr>
            <ns3:cad>87</ns3:cad>
          </ns3:TrackPointExtension>
        </extensions>
      </trkpt>
      <trkpt lat="24.53481336124241352081298828125" lon="118.15376459620893001556396484375">
        <ele>21.6000003814697265625</ele>
        <time>2026-08-10T13:34:52.000Z</time>
        <extensions>
          <ns3:TrackPointExtension>
            <ns3:hr>149</ns3:hr>
            <ns3:cad>87</ns3:cad>
          </ns3:TrackPointExtension>
        </extensions>
      </trkpt>
      <trkpt lat="24.5348355732858180999755859375" lon="118.1537594832479953765869140625">
        <ele>21.3999996185302734375</ele>
        <time>2026-08-10T13:34:53.000Z</time>
        <extensions>
          <ns3:TrackPointExtension>
            <ns3:hr>150</ns3:hr>
            <ns3:cad>87</ns3:cad>
          </ns3:TrackPointExtension>
        </extensions>
      </trkpt>
      <trkpt lat="24.53486784361302852630615234375" lon="118.15375202335417270660400390625">
        <ele>21.3999996185302734375</ele>
        <time>2026-08-10T13:34:54.000Z</time>
        <extensions>
          <ns3:TrackPointExtension>
            <ns3:hr>149</ns3:hr>
            <ns3:cad>85</ns3:cad>
          </ns3:TrackPointExtension>
        </extensions>
      </trkpt>
      <trkpt lat="24.53488762490451335906982421875" lon="118.153738193213939666748046875">
        <ele>21.3999996185302734375</ele>
        <time>2026-08-10T13:34:55.000Z</time>
        <extensions>
          <ns3:TrackPointExtension>
            <ns3:hr>149</ns3:hr>
            <ns3:cad>85</ns3:cad>
          </ns3:TrackPointExtension>
        </extensions>
      </trkpt>
      <trkpt lat="24.5349173806607723236083984375" lon="118.153728134930133819580078125">
        <ele>21.3999996185302734375</ele>
        <time>2026-08-10T13:34:56.000Z</time>
        <extensions>
          <ns3:TrackPointExtension>
            <ns3:hr>149</ns3:hr>
            <ns3:cad>86</ns3:cad>
          </ns3:TrackPointExtension>
        </extensions>
      </trkpt>
      <trkpt lat="24.5349405147135257720947265625" lon="118.1537143886089324951171875">
        <ele>21.200000762939453125</ele>
        <time>2026-08-10T13:34:57.000Z</time>
        <extensions>
          <ns3:TrackPointExtension>
            <ns3:hr>148</ns3:hr>
            <ns3:cad>86</ns3:cad>
          </ns3:TrackPointExtension>
        </extensions>
      </trkpt>
      <trkpt lat="24.53496959991753101348876953125" lon="118.153700642287731170654296875">
        <ele>21.200000762939453125</ele>
        <time>2026-08-10T13:34:58.000Z</time>
        <extensions>
          <ns3:TrackPointExtension>
            <ns3:hr>148</ns3:hr>
            <ns3:cad>86</ns3:cad>
          </ns3:TrackPointExtension>
        </extensions>
      </trkpt>
      <trkpt lat="24.5349960029125213623046875" lon="118.153688907623291015625">
        <ele>21.3999996185302734375</ele>
        <time>2026-08-10T13:34:59.000Z</time>
        <extensions>
          <ns3:TrackPointExtension>
            <ns3:hr>148</ns3:hr>
            <ns3:cad>88</ns3:cad>
          </ns3:TrackPointExtension>
        </extensions>
      </trkpt>
      <trkpt lat="24.53502475284039974212646484375" lon="118.15367541275918483734130859375">
        <ele>21.3999996185302734375</ele>
        <time>2026-08-10T13:35:00.000Z</time>
        <extensions>
          <ns3:TrackPointExtension>
            <ns3:hr>149</ns3:hr>
            <ns3:cad>88</ns3:cad>
          </ns3:TrackPointExtension>
        </extensions>
      </trkpt>
      <trkpt lat="24.535054676234722137451171875" lon="118.15366250462830066680908203125">
        <ele>21.3999996185302734375</ele>
        <time>2026-08-10T13:35:01.000Z</time>
        <extensions>
          <ns3:TrackPointExtension>
            <ns3:hr>148</ns3:hr>
            <ns3:cad>88</ns3:cad>
          </ns3:TrackPointExtension>
        </extensions>
      </trkpt>
      <trkpt lat="24.53507638536393642425537109375" lon="118.15364657901227474212646484375">
        <ele>21.3999996185302734375</ele>
        <time>2026-08-10T13:35:02.000Z</time>
        <extensions>
          <ns3:TrackPointExtension>
            <ns3:hr>148</ns3:hr>
            <ns3:cad>88</ns3:cad>
          </ns3:TrackPointExtension>
        </extensions>
      </trkpt>
      <trkpt lat="24.5351051352918148040771484375" lon="118.1536361016333103179931640625">
        <ele>21.3999996185302734375</ele>
        <time>2026-08-10T13:35:03.000Z</time>
        <extensions>
          <ns3:TrackPointExtension>
            <ns3:hr>148</ns3:hr>
            <ns3:cad>88</ns3:cad>
          </ns3:TrackPointExtension>
        </extensions>
      </trkpt>
      <trkpt lat="24.5351215638220310211181640625" lon="118.1536196731030941009521484375">
        <ele>21</ele>
        <time>2026-08-10T13:35:04.000Z</time>
        <extensions>
          <ns3:TrackPointExtension>
            <ns3:hr>148</ns3:hr>
            <ns3:cad>87</ns3:cad>
          </ns3:TrackPointExtension>
        </extensions>
      </trkpt>
      <trkpt lat="24.53514947555959224700927734375" lon="118.1536017358303070068359375">
        <ele>21</ele>
        <time>2026-08-10T13:35:05.000Z</time>
        <extensions>
          <ns3:TrackPointExtension>
            <ns3:hr>147</ns3:hr>
            <ns3:cad>88</ns3:cad>
          </ns3:TrackPointExtension>
        </extensions>
      </trkpt>
      <trkpt lat="24.535163976252079010009765625" lon="118.153585307300090789794921875">
        <ele>21</ele>
        <time>2026-08-10T13:35:06.000Z</time>
        <extensions>
          <ns3:TrackPointExtension>
            <ns3:hr>148</ns3:hr>
            <ns3:cad>88</ns3:cad>
          </ns3:TrackPointExtension>
        </extensions>
      </trkpt>
      <trkpt lat="24.53519046306610107421875" lon="118.15356242470443248748779296875">
        <ele>21.200000762939453125</ele>
        <time>2026-08-10T13:35:07.000Z</time>
        <extensions>
          <ns3:TrackPointExtension>
            <ns3:hr>148</ns3:hr>
            <ns3:cad>88</ns3:cad>
          </ns3:TrackPointExtension>
        </extensions>
      </trkpt>
      <trkpt lat="24.53520580194890499114990234375" lon="118.1535432301461696624755859375">
        <ele>21.200000762939453125</ele>
        <time>2026-08-10T13:35:08.000Z</time>
        <extensions>
          <ns3:TrackPointExtension>
            <ns3:hr>148</ns3:hr>
            <ns3:cad>88</ns3:cad>
          </ns3:TrackPointExtension>
        </extensions>
      </trkpt>
      <trkpt lat="24.535231702029705047607421875" lon="118.1535170786082744598388671875">
        <ele>21.200000762939453125</ele>
        <time>2026-08-10T13:35:09.000Z</time>
        <extensions>
          <ns3:TrackPointExtension>
            <ns3:hr>148</ns3:hr>
            <ns3:cad>88</ns3:cad>
          </ns3:TrackPointExtension>
        </extensions>
      </trkpt>
      <trkpt lat="24.53524746000766754150390625" lon="118.1534952856600284576416015625">
        <ele>21.200000762939453125</ele>
        <time>2026-08-10T13:35:10.000Z</time>
        <extensions>
          <ns3:TrackPointExtension>
            <ns3:hr>148</ns3:hr>
            <ns3:cad>87</ns3:cad>
          </ns3:TrackPointExtension>
        </extensions>
      </trkpt>
      <trkpt lat="24.53527168370783329010009765625" lon="118.1534708105027675628662109375">
        <ele>21</ele>
        <time>2026-08-10T13:35:11.000Z</time>
        <extensions>
          <ns3:TrackPointExtension>
            <ns3:hr>149</ns3:hr>
            <ns3:cad>87</ns3:cad>
          </ns3:TrackPointExtension>
        </extensions>
      </trkpt>
      <trkpt lat="24.53529397957026958465576171875" lon="118.15345161594450473785400390625">
        <ele>21</ele>
        <time>2026-08-10T13:35:12.000Z</time>
        <extensions>
          <ns3:TrackPointExtension>
            <ns3:hr>149</ns3:hr>
            <ns3:cad>87</ns3:cad>
          </ns3:TrackPointExtension>
        </extensions>
      </trkpt>
      <trkpt lat="24.53531426377594470977783203125" lon="118.1534329243004322052001953125">
        <ele>21</ele>
        <time>2026-08-10T13:35:13.000Z</time>
        <extensions>
          <ns3:TrackPointExtension>
            <ns3:hr>149</ns3:hr>
            <ns3:cad>88</ns3:cad>
          </ns3:TrackPointExtension>
        </extensions>
      </trkpt>
      <trkpt lat="24.53533907420933246612548828125" lon="118.1534138135612010955810546875">
        <ele>21.200000762939453125</ele>
        <time>2026-08-10T13:35:14.000Z</time>
        <extensions>
          <ns3:TrackPointExtension>
            <ns3:hr>149</ns3:hr>
            <ns3:cad>89</ns3:cad>
          </ns3:TrackPointExtension>
        </extensions>
      </trkpt>
      <trkpt lat="24.53535533510148525238037109375" lon="118.1533933617174625396728515625">
        <ele>21.200000762939453125</ele>
        <time>2026-08-10T13:35:15.000Z</time>
        <extensions>
          <ns3:TrackPointExtension>
            <ns3:hr>150</ns3:hr>
            <ns3:cad>89</ns3:cad>
          </ns3:TrackPointExtension>
        </extensions>
      </trkpt>
      <trkpt lat="24.53538014553487300872802734375" lon="118.153373412787914276123046875">
        <ele>21.200000762939453125</ele>
        <time>2026-08-10T13:35:16.000Z</time>
        <extensions>
          <ns3:TrackPointExtension>
            <ns3:hr>150</ns3:hr>
            <ns3:cad>88</ns3:cad>
          </ns3:TrackPointExtension>
        </extensions>
      </trkpt>
      <trkpt lat="24.53539389185607433319091796875" lon="118.15335606224834918975830078125">
        <ele>21.200000762939453125</ele>
        <time>2026-08-10T13:35:17.000Z</time>
        <extensions>
          <ns3:TrackPointExtension>
            <ns3:hr>150</ns3:hr>
            <ns3:cad>88</ns3:cad>
          </ns3:TrackPointExtension>
        </extensions>
      </trkpt>
      <trkpt lat="24.5354162715375423431396484375" lon="118.15333359874784946441650390625">
        <ele>21.3999996185302734375</ele>
        <time>2026-08-10T13:35:18.000Z</time>
        <extensions>
          <ns3:TrackPointExtension>
            <ns3:hr>150</ns3:hr>
            <ns3:cad>88</ns3:cad>
          </ns3:TrackPointExtension>
        </extensions>
      </trkpt>
      <trkpt lat="24.5354306884109973907470703125" lon="118.15331767313182353973388671875">
        <ele>21.200000762939453125</ele>
        <time>2026-08-10T13:35:19.000Z</time>
        <extensions>
          <ns3:TrackPointExtension>
            <ns3:hr>150</ns3:hr>
            <ns3:cad>87</ns3:cad>
          </ns3:TrackPointExtension>
        </extensions>
      </trkpt>
      <trkpt lat="24.5354534871876239776611328125" lon="118.1532924436032772064208984375">
        <ele>21.200000762939453125</ele>
        <time>2026-08-10T13:35:20.000Z</time>
        <extensions>
          <ns3:TrackPointExtension>
            <ns3:hr>151</ns3:hr>
            <ns3:cad>86</ns3:cad>
          </ns3:TrackPointExtension>
        </extensions>
      </trkpt>
      <trkpt lat="24.53547519631683826446533203125" lon="118.15327517688274383544921875">
        <ele>21.200000762939453125</ele>
        <time>2026-08-10T13:35:21.000Z</time>
        <extensions>
          <ns3:TrackPointExtension>
            <ns3:hr>150</ns3:hr>
            <ns3:cad>86</ns3:cad>
          </ns3:TrackPointExtension>
        </extensions>
      </trkpt>
      <trkpt lat="24.53549933619797229766845703125" lon="118.15325648523867130279541015625">
        <ele>21.200000762939453125</ele>
        <time>2026-08-10T13:35:22.000Z</time>
        <extensions>
          <ns3:TrackPointExtension>
            <ns3:hr>151</ns3:hr>
            <ns3:cad>88</ns3:cad>
          </ns3:TrackPointExtension>
        </extensions>
      </trkpt>
      <trkpt lat="24.5355235598981380462646484375" lon="118.1532394699752330780029296875">
        <ele>21.200000762939453125</ele>
        <time>2026-08-10T13:35:23.000Z</time>
        <extensions>
          <ns3:TrackPointExtension>
            <ns3:hr>151</ns3:hr>
            <ns3:cad>88</ns3:cad>
          </ns3:TrackPointExtension>
        </extensions>
      </trkpt>
      <trkpt lat="24.535541497170925140380859375" lon="118.15321692265570163726806640625">
        <ele>21.200000762939453125</ele>
        <time>2026-08-10T13:35:24.000Z</time>
        <extensions>
          <ns3:TrackPointExtension>
            <ns3:hr>151</ns3:hr>
            <ns3:cad>88</ns3:cad>
          </ns3:TrackPointExtension>
        </extensions>
      </trkpt>
      <trkpt lat="24.5355604402720928192138671875" lon="118.15319781191647052764892578125">
        <ele>21.200000762939453125</ele>
        <time>2026-08-10T13:35:25.000Z</time>
        <extensions>
          <ns3:TrackPointExtension>
            <ns3:hr>151</ns3:hr>
            <ns3:cad>88</ns3:cad>
          </ns3:TrackPointExtension>
        </extensions>
      </trkpt>
      <trkpt lat="24.5355753600597381591796875" lon="118.1531747616827487945556640625">
        <ele>21.200000762939453125</ele>
        <time>2026-08-10T13:35:26.000Z</time>
        <extensions>
          <ns3:TrackPointExtension>
            <ns3:hr>151</ns3:hr>
            <ns3:cad>87</ns3:cad>
          </ns3:TrackPointExtension>
        </extensions>
      </trkpt>
      <trkpt lat="24.5356093905866146087646484375" lon="118.15316026099026203155517578125">
        <ele>21</ele>
        <time>2026-08-10T13:35:27.000Z</time>
        <extensions>
          <ns3:TrackPointExtension>
            <ns3:hr>150</ns3:hr>
            <ns3:cad>87</ns3:cad>
          </ns3:TrackPointExtension>
        </extensions>
      </trkpt>
      <trkpt lat="24.5356325246393680572509765625" lon="118.15314374864101409912109375">
        <ele>21</ele>
        <time>2026-08-10T13:35:28.000Z</time>
        <extensions>
          <ns3:TrackPointExtension>
            <ns3:hr>150</ns3:hr>
            <ns3:cad>87</ns3:cad>
          </ns3:TrackPointExtension>
        </extensions>
      </trkpt>
      <trkpt lat="24.53567049466073513031005859375" lon="118.15314819104969501495361328125">
        <ele>21.200000762939453125</ele>
        <time>2026-08-10T13:35:29.000Z</time>
        <extensions>
          <ns3:TrackPointExtension>
            <ns3:hr>150</ns3:hr>
            <ns3:cad>87</ns3:cad>
          </ns3:TrackPointExtension>
        </extensions>
      </trkpt>
      <trkpt lat="24.5356932096183300018310546875" lon="118.15314835868775844573974609375">
        <ele>21.200000762939453125</ele>
        <time>2026-08-10T13:35:30.000Z</time>
        <extensions>
          <ns3:TrackPointExtension>
            <ns3:hr>150</ns3:hr>
            <ns3:cad>88</ns3:cad>
          </ns3:TrackPointExtension>
        </extensions>
      </trkpt>
      <trkpt lat="24.5357233844697475433349609375" lon="118.1531697325408458709716796875">
        <ele>21.200000762939453125</ele>
        <time>2026-08-10T13:35:31.000Z</time>
        <extensions>
          <ns3:TrackPointExtension>
            <ns3:hr>150</ns3:hr>
            <ns3:cad>88</ns3:cad>
          </ns3:TrackPointExtension>
        </extensions>
      </trkpt>
      <trkpt lat="24.53574006445705890655517578125" lon="118.1531801261007785797119140625">
        <ele>21</ele>
        <time>2026-08-10T13:35:32.000Z</time>
        <extensions>
          <ns3:TrackPointExtension>
            <ns3:hr>150</ns3:hr>
            <ns3:cad>88</ns3:cad>
          </ns3:TrackPointExtension>
        </extensions>
      </trkpt>
      <trkpt lat="24.5357657968997955322265625" lon="118.15320485271513462066650390625">
        <ele>21</ele>
        <time>2026-08-10T13:35:33.000Z</time>
        <extensions>
          <ns3:TrackPointExtension>
            <ns3:hr>150</ns3:hr>
            <ns3:cad>88</ns3:cad>
          </ns3:TrackPointExtension>
        </extensions>
      </trkpt>
      <trkpt lat="24.53578121960163116455078125" lon="118.15322262234985828399658203125">
        <ele>21</ele>
        <time>2026-08-10T13:35:34.000Z</time>
        <extensions>
          <ns3:TrackPointExtension>
            <ns3:hr>149</ns3:hr>
            <ns3:cad>88</ns3:cad>
          </ns3:TrackPointExtension>
        </extensions>
      </trkpt>
      <trkpt lat="24.5358041860163211822509765625" lon="118.15324433147907257080078125">
        <ele>21</ele>
        <time>2026-08-10T13:35:35.000Z</time>
        <extensions>
          <ns3:TrackPointExtension>
            <ns3:hr>149</ns3:hr>
            <ns3:cad>88</ns3:cad>
          </ns3:TrackPointExtension>
        </extensions>
      </trkpt>
      <trkpt lat="24.53582539223134517669677734375" lon="118.1532622687518596649169921875">
        <ele>21</ele>
        <time>2026-08-10T13:35:36.000Z</time>
        <extensions>
          <ns3:TrackPointExtension>
            <ns3:hr>149</ns3:hr>
            <ns3:cad>88</ns3:cad>
          </ns3:TrackPointExtension>
        </extensions>
      </trkpt>
      <trkpt lat="24.535850621759891510009765625" lon="118.1532776914536952972412109375">
        <ele>21.200000762939453125</ele>
        <time>2026-08-10T13:35:37.000Z</time>
        <extensions>
          <ns3:TrackPointExtension>
            <ns3:hr>149</ns3:hr>
            <ns3:cad>88</ns3:cad>
          </ns3:TrackPointExtension>
        </extensions>
      </trkpt>
      <trkpt lat="24.535871408879756927490234375" lon="118.153294287621974945068359375">
        <ele>21.200000762939453125</ele>
        <time>2026-08-10T13:35:38.000Z</time>
        <extensions>
          <ns3:TrackPointExtension>
            <ns3:hr>148</ns3:hr>
            <ns3:cad>88</ns3:cad>
          </ns3:TrackPointExtension>
        </extensions>
      </trkpt>
      <trkpt lat="24.53589177690446376800537109375" lon="118.15330543555319309234619140625">
        <ele>21.200000762939453125</ele>
        <time>2026-08-10T13:35:39.000Z</time>
        <extensions>
          <ns3:TrackPointExtension>
            <ns3:hr>148</ns3:hr>
            <ns3:cad>88</ns3:cad>
          </ns3:TrackPointExtension>
        </extensions>
      </trkpt>
      <trkpt lat="24.53591574914753437042236328125" lon="118.153325133025646209716796875">
        <ele>21.200000762939453125</ele>
        <time>2026-08-10T13:35:40.000Z</time>
        <extensions>
          <ns3:TrackPointExtension>
            <ns3:hr>147</ns3:hr>
            <ns3:cad>87</ns3:cad>
          </ns3:TrackPointExtension>
        </extensions>
      </trkpt>
      <trkpt lat="24.53593485988676548004150390625" lon="118.15333443693816661834716796875">
        <ele>21.200000762939453125</ele>
        <time>2026-08-10T13:35:41.000Z</time>
        <extensions>
          <ns3:TrackPointExtension>
            <ns3:hr>147</ns3:hr>
            <ns3:cad>87</ns3:cad>
          </ns3:TrackPointExtension>
        </extensions>
      </trkpt>
      <trkpt lat="24.5359604246914386749267578125" lon="118.1533554755151271820068359375">
        <ele>21.3999996185302734375</ele>
        <time>2026-08-10T13:35:42.000Z</time>
        <extensions>
          <ns3:TrackPointExtension>
            <ns3:hr>146</ns3:hr>
            <ns3:cad>87</ns3:cad>
          </ns3:TrackPointExtension>
        </extensions>
      </trkpt>
      <trkpt lat="24.53597794286906719207763671875" lon="118.1533648632466793060302734375">
        <ele>21.3999996185302734375</ele>
        <time>2026-08-10T13:35:43.000Z</time>
        <extensions>
          <ns3:TrackPointExtension>
            <ns3:hr>145</ns3:hr>
            <ns3:cad>87</ns3:cad>
          </ns3:TrackPointExtension>
        </extensions>
      </trkpt>
      <trkpt lat="24.53600644133985042572021484375" lon="118.1533863209187984466552734375">
        <ele>21.3999996185302734375</ele>
        <time>2026-08-10T13:35:44.000Z</time>
        <extensions>
          <ns3:TrackPointExtension>
            <ns3:hr>145</ns3:hr>
            <ns3:cad>87</ns3:cad>
          </ns3:TrackPointExtension>
        </extensions>
      </trkpt>
      <trkpt lat="24.5360258035361766815185546875" lon="118.153394870460033416748046875">
        <ele>21.3999996185302734375</ele>
        <time>2026-08-10T13:35:45.000Z</time>
        <extensions>
          <ns3:TrackPointExtension>
            <ns3:hr>145</ns3:hr>
            <ns3:cad>87</ns3:cad>
          </ns3:TrackPointExtension>
        </extensions>
      </trkpt>
      <trkpt lat="24.53605690039694309234619140625" lon="118.15341289155185222625732421875">
        <ele>21.3999996185302734375</ele>
        <time>2026-08-10T13:35:46.000Z</time>
        <extensions>
          <ns3:TrackPointExtension>
            <ns3:hr>145</ns3:hr>
            <ns3:cad>88</ns3:cad>
          </ns3:TrackPointExtension>
        </extensions>
      </trkpt>
      <trkpt lat="24.53607819043099880218505859375" lon="118.153423368930816650390625">
        <ele>21.3999996185302734375</ele>
        <time>2026-08-10T13:35:47.000Z</time>
        <extensions>
          <ns3:TrackPointExtension>
            <ns3:hr>145</ns3:hr>
            <ns3:cad>88</ns3:cad>
          </ns3:TrackPointExtension>
        </extensions>
      </trkpt>
      <trkpt lat="24.53610635362565517425537109375" lon="118.15344407223165035247802734375">
        <ele>21.3999996185302734375</ele>
        <time>2026-08-10T13:35:48.000Z</time>
        <extensions>
          <ns3:TrackPointExtension>
            <ns3:hr>145</ns3:hr>
            <ns3:cad>88</ns3:cad>
          </ns3:TrackPointExtension>
        </extensions>
      </trkpt>
      <trkpt lat="24.5361278951168060302734375" lon="118.1534604169428348541259765625">
        <ele>21.6000003814697265625</ele>
        <time>2026-08-10T13:35:49.000Z</time>
        <extensions>
          <ns3:TrackPointExtension>
            <ns3:hr>146</ns3:hr>
            <ns3:cad>88</ns3:cad>
          </ns3:TrackPointExtension>
        </extensions>
      </trkpt>
      <trkpt lat="24.53615362755954265594482421875" lon="118.1534744985401630401611328125">
        <ele>21.3999996185302734375</ele>
        <time>2026-08-10T13:35:50.000Z</time>
        <extensions>
          <ns3:TrackPointExtension>
            <ns3:hr>146</ns3:hr>
            <ns3:cad>87</ns3:cad>
          </ns3:TrackPointExtension>
        </extensions>
      </trkpt>
      <trkpt lat="24.53617374412715435028076171875" lon="118.15349436365067958831787109375">
        <ele>21.3999996185302734375</ele>
        <time>2026-08-10T13:35:51.000Z</time>
        <extensions>
          <ns3:TrackPointExtension>
            <ns3:hr>146</ns3:hr>
            <ns3:cad>87</ns3:cad>
          </ns3:TrackPointExtension>
        </extensions>
      </trkpt>
      <trkpt lat="24.53619293868541717529296875" lon="118.15350643359124660491943359375">
        <ele>21.3999996185302734375</ele>
        <time>2026-08-10T13:35:52.000Z</time>
        <extensions>
          <ns3:TrackPointExtension>
            <ns3:hr>145</ns3:hr>
            <ns3:cad>87</ns3:cad>
          </ns3:TrackPointExtension>
        </extensions>
      </trkpt>
      <trkpt lat="24.53621749766170978546142578125" lon="118.15352537669241428375244140625">
        <ele>21.6000003814697265625</ele>
        <time>2026-08-10T13:35:53.000Z</time>
        <extensions>
          <ns3:TrackPointExtension>
            <ns3:hr>146</ns3:hr>
            <ns3:cad>87</ns3:cad>
          </ns3:TrackPointExtension>
        </extensions>
      </trkpt>
      <trkpt lat="24.536238200962543487548828125" lon="118.15353057347238063812255859375">
        <ele>21.6000003814697265625</ele>
        <time>2026-08-10T13:35:54.000Z</time>
        <extensions>
          <ns3:TrackPointExtension>
            <ns3:hr>146</ns3:hr>
            <ns3:cad>88</ns3:cad>
          </ns3:TrackPointExtension>
        </extensions>
      </trkpt>
      <trkpt lat="24.53626594506204128265380859375" lon="118.15354817546904087066650390625">
        <ele>21.6000003814697265625</ele>
        <time>2026-08-10T13:35:55.000Z</time>
        <extensions>
          <ns3:TrackPointExtension>
            <ns3:hr>145</ns3:hr>
            <ns3:cad>88</ns3:cad>
          </ns3:TrackPointExtension>
        </extensions>
      </trkpt>
      <trkpt lat="24.53628421761095523834228515625" lon="118.1535553000867366790771484375">
        <ele>21.6000003814697265625</ele>
        <time>2026-08-10T13:35:56.000Z</time>
        <extensions>
          <ns3:TrackPointExtension>
            <ns3:hr>146</ns3:hr>
            <ns3:cad>88</ns3:cad>
          </ns3:TrackPointExtension>
        </extensions>
      </trkpt>
      <trkpt lat="24.536312632262706756591796875" lon="118.15357751213014125823974609375">
        <ele>21.6000003814697265625</ele>
        <time>2026-08-10T13:35:57.000Z</time>
        <extensions>
          <ns3:TrackPointExtension>
            <ns3:hr>146</ns3:hr>
            <ns3:cad>88</ns3:cad>
          </ns3:TrackPointExtension>
        </extensions>
      </trkpt>
      <trkpt lat="24.53633232973515987396240234375" lon="118.15358824096620082855224609375">
        <ele>21.3999996185302734375</ele>
        <time>2026-08-10T13:35:58.000Z</time>
        <extensions>
          <ns3:TrackPointExtension>
            <ns3:hr>145</ns3:hr>
            <ns3:cad>88</ns3:cad>
          </ns3:TrackPointExtension>
        </extensions>
      </trkpt>
      <trkpt lat="24.53636191785335540771484375" lon="118.15360818989574909210205078125">
        <ele>21.200000762939453125</ele>
        <time>2026-08-10T13:35:59.000Z</time>
        <extensions>
          <ns3:TrackPointExtension>
            <ns3:hr>146</ns3:hr>
            <ns3:cad>87</ns3:cad>
          </ns3:TrackPointExtension>
        </extensions>
      </trkpt>
      <trkpt lat="24.53637977130711078643798828125" lon="118.15362109802663326263427734375">
        <ele>21.200000762939453125</ele>
        <time>2026-08-10T13:36:00.000Z</time>
        <extensions>
          <ns3:TrackPointExtension>
            <ns3:hr>145</ns3:hr>
            <ns3:cad>88</ns3:cad>
          </ns3:TrackPointExtension>
        </extensions>
      </trkpt>
      <trkpt lat="24.53640743158757686614990234375" lon="118.153640963137149810791015625">
        <ele>21.200000762939453125</ele>
        <time>2026-08-10T13:36:01.000Z</time>
        <extensions>
          <ns3:TrackPointExtension>
            <ns3:hr>146</ns3:hr>
            <ns3:cad>88</ns3:cad>
          </ns3:TrackPointExtension>
        </extensions>
      </trkpt>
      <trkpt lat="24.53642553649842739105224609375" lon="118.15365412272512912750244140625">
        <ele>21.200000762939453125</ele>
        <time>2026-08-10T13:36:02.000Z</time>
        <extensions>
          <ns3:TrackPointExtension>
            <ns3:hr>145</ns3:hr>
            <ns3:cad>88</ns3:cad>
          </ns3:TrackPointExtension>
        </extensions>
      </trkpt>
      <trkpt lat="24.536448083817958831787109375" lon="118.1536687910556793212890625">
        <ele>21.200000762939453125</ele>
        <time>2026-08-10T13:36:03.000Z</time>
        <extensions>
          <ns3:TrackPointExtension>
            <ns3:hr>145</ns3:hr>
            <ns3:cad>88</ns3:cad>
          </ns3:TrackPointExtension>
        </extensions>
      </trkpt>
      <trkpt lat="24.53646979294717311859130859375" lon="118.1536813639104366302490234375">
        <ele>21.200000762939453125</ele>
        <time>2026-08-10T13:36:04.000Z</time>
        <extensions>
          <ns3:TrackPointExtension>
            <ns3:hr>145</ns3:hr>
            <ns3:cad>88</ns3:cad>
          </ns3:TrackPointExtension>
        </extensions>
      </trkpt>
      <trkpt lat="24.5364928431808948516845703125" lon="118.15369385294616222381591796875">
        <ele>21.200000762939453125</ele>
        <time>2026-08-10T13:36:05.000Z</time>
        <extensions>
          <ns3:TrackPointExtension>
            <ns3:hr>146</ns3:hr>
            <ns3:cad>88</ns3:cad>
          </ns3:TrackPointExtension>
        </extensions>
      </trkpt>
      <trkpt lat="24.53651337884366512298583984375" lon="118.15371346659958362579345703125">
        <ele>21.200000762939453125</ele>
        <time>2026-08-10T13:36:06.000Z</time>
        <extensions>
          <ns3:TrackPointExtension>
            <ns3:hr>145</ns3:hr>
            <ns3:cad>87</ns3:cad>
          </ns3:TrackPointExtension>
        </extensions>
      </trkpt>
      <trkpt lat="24.5365354232490062713623046875" lon="118.15372386015951633453369140625">
        <ele>21.200000762939453125</ele>
        <time>2026-08-10T13:36:07.000Z</time>
        <extensions>
          <ns3:TrackPointExtension>
            <ns3:hr>145</ns3:hr>
            <ns3:cad>87</ns3:cad>
          </ns3:TrackPointExtension>
        </extensions>
      </trkpt>
      <trkpt lat="24.5365612395107746124267578125" lon="118.15374280326068401336669921875">
        <ele>21</ele>
        <time>2026-08-10T13:36:08.000Z</time>
        <extensions>
          <ns3:TrackPointExtension>
            <ns3:hr>145</ns3:hr>
            <ns3:cad>87</ns3:cad>
          </ns3:TrackPointExtension>
        </extensions>
      </trkpt>
      <trkpt lat="24.536578841507434844970703125" lon="118.15375654958188533782958984375">
        <ele>21</ele>
        <time>2026-08-10T13:36:09.000Z</time>
        <extensions>
          <ns3:TrackPointExtension>
            <ns3:hr>146</ns3:hr>
            <ns3:cad>88</ns3:cad>
          </ns3:TrackPointExtension>
        </extensions>
      </trkpt>
      <trkpt lat="24.53661027364432811737060546875" lon="118.15377884544432163238525390625">
        <ele>21</ele>
        <time>2026-08-10T13:36:10.000Z</time>
        <extensions>
          <ns3:TrackPointExtension>
            <ns3:hr>145</ns3:hr>
            <ns3:cad>88</ns3:cad>
          </ns3:TrackPointExtension>
        </extensions>
      </trkpt>
      <trkpt lat="24.53663147985935211181640625" lon="118.15379024483263492584228515625">
        <ele>20.799999237060546875</ele>
        <time>2026-08-10T13:36:11.000Z</time>
        <extensions>
          <ns3:TrackPointExtension>
            <ns3:hr>144</ns3:hr>
            <ns3:cad>88</ns3:cad>
          </ns3:TrackPointExtension>
        </extensions>
      </trkpt>
      <trkpt lat="24.53666232526302337646484375" lon="118.15381019376218318939208984375">
        <ele>20.799999237060546875</ele>
        <time>2026-08-10T13:36:12.000Z</time>
        <extensions>
          <ns3:TrackPointExtension>
            <ns3:hr>144</ns3:hr>
            <ns3:cad>88</ns3:cad>
          </ns3:TrackPointExtension>
        </extensions>
      </trkpt>
      <trkpt lat="24.53668571077287197113037109375" lon="118.153822682797908782958984375">
        <ele>20.6000003814697265625</ele>
        <time>2026-08-10T13:36:13.000Z</time>
        <extensions>
          <ns3:TrackPointExtension>
            <ns3:hr>144</ns3:hr>
            <ns3:cad>88</ns3:cad>
          </ns3:TrackPointExtension>
        </extensions>
      </trkpt>
      <trkpt lat="24.53671152703464031219482421875" lon="118.153839446604251861572265625">
        <ele>20.6000003814697265625</ele>
        <time>2026-08-10T13:36:14.000Z</time>
        <extensions>
          <ns3:TrackPointExtension>
            <ns3:hr>144</ns3:hr>
            <ns3:cad>87</ns3:cad>
          </ns3:TrackPointExtension>
        </extensions>
      </trkpt>
      <trkpt lat="24.53673298470675945281982421875" lon="118.15385512076318264007568359375">
        <ele>20.3999996185302734375</ele>
        <time>2026-08-10T13:36:15.000Z</time>
        <extensions>
          <ns3:TrackPointExtension>
            <ns3:hr>144</ns3:hr>
            <ns3:cad>87</ns3:cad>
          </ns3:TrackPointExtension>
        </extensions>
      </trkpt>
      <trkpt lat="24.53675762750208377838134765625" lon="118.153870962560176849365234375">
        <ele>20.3999996185302734375</ele>
        <time>2026-08-10T13:36:16.000Z</time>
        <extensions>
          <ns3:TrackPointExtension>
            <ns3:hr>144</ns3:hr>
            <ns3:cad>87</ns3:cad>
          </ns3:TrackPointExtension>
        </extensions>
      </trkpt>
      <trkpt lat="24.53677992336452007293701171875" lon="118.15389149822294712066650390625">
        <ele>20.6000003814697265625</ele>
        <time>2026-08-10T13:36:17.000Z</time>
        <extensions>
          <ns3:TrackPointExtension>
            <ns3:hr>143</ns3:hr>
            <ns3:cad>88</ns3:cad>
          </ns3:TrackPointExtension>
        </extensions>
      </trkpt>
      <trkpt lat="24.536801464855670928955078125" lon="118.15390415489673614501953125">
        <ele>20.6000003814697265625</ele>
        <time>2026-08-10T13:36:18.000Z</time>
        <extensions>
          <ns3:TrackPointExtension>
            <ns3:hr>143</ns3:hr>
            <ns3:cad>88</ns3:cad>
          </ns3:TrackPointExtension>
        </extensions>
      </trkpt>
      <trkpt lat="24.53682820312678813934326171875" lon="118.153922595083713531494140625">
        <ele>20.6000003814697265625</ele>
        <time>2026-08-10T13:36:19.000Z</time>
        <extensions>
          <ns3:TrackPointExtension>
            <ns3:hr>143</ns3:hr>
            <ns3:cad>88</ns3:cad>
          </ns3:TrackPointExtension>
        </extensions>
      </trkpt>
      <trkpt lat="24.5368494093418121337890625" lon="118.15393206663429737091064453125">
        <ele>20.6000003814697265625</ele>
        <time>2026-08-10T13:36:20.000Z</time>
        <extensions>
          <ns3:TrackPointExtension>
            <ns3:hr>142</ns3:hr>
            <ns3:cad>88</ns3:cad>
          </ns3:TrackPointExtension>
        </extensions>
      </trkpt>
      <trkpt lat="24.536879919469356536865234375" lon="118.15395503304898738861083984375">
        <ele>20.6000003814697265625</ele>
        <time>2026-08-10T13:36:21.000Z</time>
        <extensions>
          <ns3:TrackPointExtension>
            <ns3:hr>142</ns3:hr>
            <ns3:cad>88</ns3:cad>
          </ns3:TrackPointExtension>
        </extensions>
      </trkpt>
      <trkpt lat="24.53690028749406337738037109375" lon="118.153971545398235321044921875">
        <ele>20.3999996185302734375</ele>
        <time>2026-08-10T13:36:22.000Z</time>
        <extensions>
          <ns3:TrackPointExtension>
            <ns3:hr>143</ns3:hr>
            <ns3:cad>87</ns3:cad>
          </ns3:TrackPointExtension>
        </extensions>
      </trkpt>
      <trkpt lat="24.536932893097400665283203125" lon="118.1539894826710224151611328125">
        <ele>20.3999996185302734375</ele>
        <time>2026-08-10T13:36:23.000Z</time>
        <extensions>
          <ns3:TrackPointExtension>
            <ns3:hr>143</ns3:hr>
            <ns3:cad>87</ns3:cad>
          </ns3:TrackPointExtension>
        </extensions>
      </trkpt>
      <trkpt lat="24.5369511656463146209716796875" lon="118.15400540828704833984375">
        <ele>20.3999996185302734375</ele>
        <time>2026-08-10T13:36:24.000Z</time>
        <extensions>
          <ns3:TrackPointExtension>
            <ns3:hr>143</ns3:hr>
            <ns3:cad>87</ns3:cad>
          </ns3:TrackPointExtension>
        </extensions>
      </trkpt>
      <trkpt lat="24.53698175959289073944091796875" lon="118.15402560867369174957275390625">
        <ele>20.3999996185302734375</ele>
        <time>2026-08-10T13:36:25.000Z</time>
        <extensions>
          <ns3:TrackPointExtension>
            <ns3:hr>143</ns3:hr>
            <ns3:cad>88</ns3:cad>
          </ns3:TrackPointExtension>
        </extensions>
      </trkpt>
      <trkpt lat="24.53700439073145389556884765625" lon="118.1540397740900516510009765625">
        <ele>20.3999996185302734375</ele>
        <time>2026-08-10T13:36:26.000Z</time>
        <extensions>
          <ns3:TrackPointExtension>
            <ns3:hr>142</ns3:hr>
            <ns3:cad>88</ns3:cad>
          </ns3:TrackPointExtension>
        </extensions>
      </trkpt>
      <trkpt lat="24.53703205101191997528076171875" lon="118.1540555320680141448974609375">
        <ele>20.3999996185302734375</ele>
        <time>2026-08-10T13:36:27.000Z</time>
        <extensions>
          <ns3:TrackPointExtension>
            <ns3:hr>143</ns3:hr>
            <ns3:cad>88</ns3:cad>
          </ns3:TrackPointExtension>
        </extensions>
      </trkpt>
      <trkpt lat="24.537055604159832000732421875" lon="118.15407187677919864654541015625">
        <ele>20.3999996185302734375</ele>
        <time>2026-08-10T13:36:28.000Z</time>
        <extensions>
          <ns3:TrackPointExtension>
            <ns3:hr>143</ns3:hr>
            <ns3:cad>88</ns3:cad>
          </ns3:TrackPointExtension>
        </extensions>
      </trkpt>
      <trkpt lat="24.5370765589177608489990234375" lon="118.1540833599865436553955078125">
        <ele>20.3999996185302734375</ele>
        <time>2026-08-10T13:36:29.000Z</time>
        <extensions>
          <ns3:TrackPointExtension>
            <ns3:hr>143</ns3:hr>
            <ns3:cad>87</ns3:cad>
          </ns3:TrackPointExtension>
        </extensions>
      </trkpt>
      <trkpt lat="24.53710212372243404388427734375" lon="118.15410221926867961883544921875">
        <ele>20.200000762939453125</ele>
        <time>2026-08-10T13:36:30.000Z</time>
        <extensions>
          <ns3:TrackPointExtension>
            <ns3:hr>143</ns3:hr>
            <ns3:cad>87</ns3:cad>
          </ns3:TrackPointExtension>
        </extensions>
      </trkpt>
      <trkpt lat="24.53712291084229946136474609375" lon="118.15410825423896312713623046875">
        <ele>20.200000762939453125</ele>
        <time>2026-08-10T13:36:31.000Z</time>
        <extensions>
          <ns3:TrackPointExtension>
            <ns3:hr>143</ns3:hr>
            <ns3:cad>87</ns3:cad>
          </ns3:TrackPointExtension>
        </extensions>
      </trkpt>
      <trkpt lat="24.5371524989604949951171875" lon="118.15412937663495540618896484375">
        <ele>20.200000762939453125</ele>
        <time>2026-08-10T13:36:32.000Z</time>
        <extensions>
          <ns3:TrackPointExtension>
            <ns3:hr>143</ns3:hr>
            <ns3:cad>87</ns3:cad>
          </ns3:TrackPointExtension>
        </extensions>
      </trkpt>
      <trkpt lat="24.53717236407101154327392578125" lon="118.15414228476583957672119140625">
        <ele>20.200000762939453125</ele>
        <time>2026-08-10T13:36:33.000Z</time>
        <extensions>
          <ns3:TrackPointExtension>
            <ns3:hr>143</ns3:hr>
            <ns3:cad>88</ns3:cad>
          </ns3:TrackPointExtension>
        </extensions>
      </trkpt>
      <trkpt lat="24.53720253892242908477783203125" lon="118.15416256897151470184326171875">
        <ele>20.200000762939453125</ele>
        <time>2026-08-10T13:36:34.000Z</time>
        <extensions>
          <ns3:TrackPointExtension>
            <ns3:hr>144</ns3:hr>
            <ns3:cad>88</ns3:cad>
          </ns3:TrackPointExtension>
        </extensions>
      </trkpt>
      <trkpt lat="24.53721997328102588653564453125" lon="118.15417648293077945709228515625">
        <ele>20</ele>
        <time>2026-08-10T13:36:35.000Z</time>
        <extensions>
          <ns3:TrackPointExtension>
            <ns3:hr>144</ns3:hr>
            <ns3:cad>88</ns3:cad>
          </ns3:TrackPointExtension>
        </extensions>
      </trkpt>
      <trkpt lat="24.537250064313411712646484375" lon="118.15419307909905910491943359375">
        <ele>20</ele>
        <time>2026-08-10T13:36:36.000Z</time>
        <extensions>
          <ns3:TrackPointExtension>
            <ns3:hr>144</ns3:hr>
            <ns3:cad>88</ns3:cad>
          </ns3:TrackPointExtension>
        </extensions>
      </trkpt>
      <trkpt lat="24.5372770540416240692138671875" lon="118.15420322120189666748046875">
        <ele>20</ele>
        <time>2026-08-10T13:36:37.000Z</time>
        <extensions>
          <ns3:TrackPointExtension>
            <ns3:hr>144</ns3:hr>
            <ns3:cad>87</ns3:cad>
          </ns3:TrackPointExtension>
        </extensions>
      </trkpt>
      <trkpt lat="24.53730999492108821868896484375" lon="118.15421872772276401519775390625">
        <ele>20</ele>
        <time>2026-08-10T13:36:38.000Z</time>
        <extensions>
          <ns3:TrackPointExtension>
            <ns3:hr>145</ns3:hr>
            <ns3:cad>87</ns3:cad>
          </ns3:TrackPointExtension>
        </extensions>
      </trkpt>
      <trkpt lat="24.53733715228736400604248046875" lon="118.1542347371578216552734375">
        <ele>20</ele>
        <time>2026-08-10T13:36:39.000Z</time>
        <extensions>
          <ns3:TrackPointExtension>
            <ns3:hr>145</ns3:hr>
            <ns3:cad>86</ns3:cad>
          </ns3:TrackPointExtension>
        </extensions>
      </trkpt>
      <trkpt lat="24.5373665727674961090087890625" lon="118.154249824583530426025390625">
        <ele>19.799999237060546875</ele>
        <time>2026-08-10T13:36:40.000Z</time>
        <extensions>
          <ns3:TrackPointExtension>
            <ns3:hr>145</ns3:hr>
            <ns3:cad>88</ns3:cad>
          </ns3:TrackPointExtension>
        </extensions>
      </trkpt>
      <trkpt lat="24.53739448450505733489990234375" lon="118.15426968969404697418212890625">
        <ele>19.799999237060546875</ele>
        <time>2026-08-10T13:36:41.000Z</time>
        <extensions>
          <ns3:TrackPointExtension>
            <ns3:hr>146</ns3:hr>
            <ns3:cad>88</ns3:cad>
          </ns3:TrackPointExtension>
        </extensions>
      </trkpt>
      <trkpt lat="24.53741862438619136810302734375" lon="118.15428695641458034515380859375">
        <ele>19.799999237060546875</ele>
        <time>2026-08-10T13:36:42.000Z</time>
        <extensions>
          <ns3:TrackPointExtension>
            <ns3:hr>146</ns3:hr>
            <ns3:cad>88</ns3:cad>
          </ns3:TrackPointExtension>
        </extensions>
      </trkpt>
      <trkpt lat="24.53743840567767620086669921875" lon="118.15431662835180759429931640625">
        <ele>19.799999237060546875</ele>
        <time>2026-08-10T13:36:43.000Z</time>
        <extensions>
          <ns3:TrackPointExtension>
            <ns3:hr>146</ns3:hr>
            <ns3:cad>88</ns3:cad>
          </ns3:TrackPointExtension>
        </extensions>
      </trkpt>
      <trkpt lat="24.53745600767433643341064453125" lon="118.15433808602392673492431640625">
        <ele>19.799999237060546875</ele>
        <time>2026-08-10T13:36:44.000Z</time>
        <extensions>
          <ns3:TrackPointExtension>
            <ns3:hr>146</ns3:hr>
            <ns3:cad>88</ns3:cad>
          </ns3:TrackPointExtension>
        </extensions>
      </trkpt>
      <trkpt lat="24.537457264959812164306640625" lon="118.15437111072242259979248046875">
        <ele>19.799999237060546875</ele>
        <time>2026-08-10T13:36:45.000Z</time>
        <extensions>
          <ns3:TrackPointExtension>
            <ns3:hr>146</ns3:hr>
            <ns3:cad>87</ns3:cad>
          </ns3:TrackPointExtension>
        </extensions>
      </trkpt>
      <trkpt lat="24.5374671556055545806884765625" lon="118.1543958373367786407470703125">
        <ele>19.799999237060546875</ele>
        <time>2026-08-10T13:36:46.000Z</time>
        <extensions>
          <ns3:TrackPointExtension>
            <ns3:hr>146</ns3:hr>
            <ns3:cad>87</ns3:cad>
          </ns3:TrackPointExtension>
        </extensions>
      </trkpt>
      <trkpt lat="24.537461288273334503173828125" lon="118.15443414263427257537841796875">
        <ele>19.6000003814697265625</ele>
        <time>2026-08-10T13:36:47.000Z</time>
        <extensions>
          <ns3:TrackPointExtension>
            <ns3:hr>147</ns3:hr>
            <ns3:cad>88</ns3:cad>
          </ns3:TrackPointExtension>
        </extensions>
      </trkpt>
      <trkpt lat="24.53746137209236621856689453125" lon="118.15446146763861179351806640625">
        <ele>19.6000003814697265625</ele>
        <time>2026-08-10T13:36:48.000Z</time>
        <extensions>
          <ns3:TrackPointExtension>
            <ns3:hr>147</ns3:hr>
            <ns3:cad>89</ns3:cad>
          </ns3:TrackPointExtension>
        </extensions>
      </trkpt>
      <trkpt lat="24.5374423451721668243408203125" lon="118.15449533052742481231689453125">
        <ele>19.3999996185302734375</ele>
        <time>2026-08-10T13:36:49.000Z</time>
        <extensions>
          <ns3:TrackPointExtension>
            <ns3:hr>147</ns3:hr>
            <ns3:cad>89</ns3:cad>
          </ns3:TrackPointExtension>
        </extensions>
      </trkpt>
      <trkpt lat="24.53743672929704189300537109375" lon="118.1545205600559711456298828125">
        <ele>19.3999996185302734375</ele>
        <time>2026-08-10T13:36:50.000Z</time>
        <extensions>
          <ns3:TrackPointExtension>
            <ns3:hr>147</ns3:hr>
            <ns3:cad>89</ns3:cad>
          </ns3:TrackPointExtension>
        </extensions>
      </trkpt>
      <trkpt lat="24.5374225638806819915771484375" lon="118.15455249510705471038818359375">
        <ele>19.6000003814697265625</ele>
        <time>2026-08-10T13:36:51.000Z</time>
        <extensions>
          <ns3:TrackPointExtension>
            <ns3:hr>147</ns3:hr>
            <ns3:cad>89</ns3:cad>
          </ns3:TrackPointExtension>
        </extensions>
      </trkpt>
      <trkpt lat="24.53740806318819522857666015625" lon="118.15457663498818874359130859375">
        <ele>19.6000003814697265625</ele>
        <time>2026-08-10T13:36:52.000Z</time>
        <extensions>
          <ns3:TrackPointExtension>
            <ns3:hr>147</ns3:hr>
            <ns3:cad>89</ns3:cad>
          </ns3:TrackPointExtension>
        </extensions>
      </trkpt>
      <trkpt lat="24.53739448450505733489990234375" lon="118.1546070612967014312744140625">
        <ele>19.6000003814697265625</ele>
        <time>2026-08-10T13:36:53.000Z</time>
        <extensions>
          <ns3:TrackPointExtension>
            <ns3:hr>147</ns3:hr>
            <ns3:cad>88</ns3:cad>
          </ns3:TrackPointExtension>
        </extensions>
      </trkpt>
      <trkpt lat="24.53737713396549224853515625" lon="118.154634051024913787841796875">
        <ele>19.6000003814697265625</ele>
        <time>2026-08-10T13:36:54.000Z</time>
        <extensions>
          <ns3:TrackPointExtension>
            <ns3:hr>147</ns3:hr>
            <ns3:cad>87</ns3:cad>
          </ns3:TrackPointExtension>
        </extensions>
      </trkpt>
      <trkpt lat="24.5373655669391155242919921875" lon="118.15466380678117275238037109375">
        <ele>19.6000003814697265625</ele>
        <time>2026-08-10T13:36:55.000Z</time>
        <extensions>
          <ns3:TrackPointExtension>
            <ns3:hr>147</ns3:hr>
            <ns3:cad>87</ns3:cad>
          </ns3:TrackPointExtension>
        </extensions>
      </trkpt>
      <trkpt lat="24.53734570182859897613525390625" lon="118.15469004213809967041015625">
        <ele>19.6000003814697265625</ele>
        <time>2026-08-10T13:36:56.000Z</time>
        <extensions>
          <ns3:TrackPointExtension>
            <ns3:hr>147</ns3:hr>
            <ns3:cad>87</ns3:cad>
          </ns3:TrackPointExtension>
        </extensions>
      </trkpt>
      <trkpt lat="24.537337236106395721435546875" lon="118.154717199504375457763671875">
        <ele>19.799999237060546875</ele>
        <time>2026-08-10T13:36:57.000Z</time>
        <extensions>
          <ns3:TrackPointExtension>
            <ns3:hr>147</ns3:hr>
            <ns3:cad>88</ns3:cad>
          </ns3:TrackPointExtension>
        </extensions>
      </trkpt>
      <trkpt lat="24.53731586225330829620361328125" lon="118.15474460832774639129638671875">
        <ele>19.799999237060546875</ele>
        <time>2026-08-10T13:36:58.000Z</time>
        <extensions>
          <ns3:TrackPointExtension>
            <ns3:hr>147</ns3:hr>
            <ns3:cad>88</ns3:cad>
          </ns3:TrackPointExtension>
        </extensions>
      </trkpt>
      <trkpt lat="24.53730848617851734161376953125" lon="118.1547686643898487091064453125">
        <ele>19.799999237060546875</ele>
        <time>2026-08-10T13:36:59.000Z</time>
        <extensions>
          <ns3:TrackPointExtension>
            <ns3:hr>147</ns3:hr>
            <ns3:cad>88</ns3:cad>
          </ns3:TrackPointExtension>
        </extensions>
      </trkpt>
      <trkpt lat="24.53728996217250823974609375" lon="118.15479942597448825836181640625">
        <ele>19.799999237060546875</ele>
        <time>2026-08-10T13:37:00.000Z</time>
        <extensions>
          <ns3:TrackPointExtension>
            <ns3:hr>147</ns3:hr>
            <ns3:cad>88</ns3:cad>
          </ns3:TrackPointExtension>
        </extensions>
      </trkpt>
      <trkpt lat="24.5372814126312732696533203125" lon="118.15482188947498798370361328125">
        <ele>19.799999237060546875</ele>
        <time>2026-08-10T13:37:01.000Z</time>
        <extensions>
          <ns3:TrackPointExtension>
            <ns3:hr>147</ns3:hr>
            <ns3:cad>87</ns3:cad>
          </ns3:TrackPointExtension>
        </extensions>
      </trkpt>
      <trkpt lat="24.53726104460656642913818359375" lon="118.1548528186976909637451171875">
        <ele>19.799999237060546875</ele>
        <time>2026-08-10T13:37:02.000Z</time>
        <extensions>
          <ns3:TrackPointExtension>
            <ns3:hr>147</ns3:hr>
            <ns3:cad>87</ns3:cad>
          </ns3:TrackPointExtension>
        </extensions>
      </trkpt>
      <trkpt lat="24.53724964521825313568115234375" lon="118.15487553365528583526611328125">
        <ele>19.799999237060546875</ele>
        <time>2026-08-10T13:37:03.000Z</time>
        <extensions>
          <ns3:TrackPointExtension>
            <ns3:hr>147</ns3:hr>
            <ns3:cad>87</ns3:cad>
          </ns3:TrackPointExtension>
        </extensions>
      </trkpt>
      <trkpt lat="24.53723338432610034942626953125" lon="118.15490067936480045318603515625">
        <ele>19.799999237060546875</ele>
        <time>2026-08-10T13:37:04.000Z</time>
        <extensions>
          <ns3:TrackPointExtension>
            <ns3:hr>147</ns3:hr>
            <ns3:cad>88</ns3:cad>
          </ns3:TrackPointExtension>
        </extensions>
      </trkpt>
      <trkpt lat="24.5372177101671695709228515625" lon="118.15492565743625164031982421875">
        <ele>19.799999237060546875</ele>
        <time>2026-08-10T13:37:05.000Z</time>
        <extensions>
          <ns3:TrackPointExtension>
            <ns3:hr>147</ns3:hr>
            <ns3:cad>88</ns3:cad>
          </ns3:TrackPointExtension>
        </extensions>
      </trkpt>
      <trkpt lat="24.537203125655651092529296875" lon="118.154953904449939727783203125">
        <ele>19.799999237060546875</ele>
        <time>2026-08-10T13:37:06.000Z</time>
        <extensions>
          <ns3:TrackPointExtension>
            <ns3:hr>148</ns3:hr>
            <ns3:cad>88</ns3:cad>
          </ns3:TrackPointExtension>
        </extensions>
      </trkpt>
      <trkpt lat="24.5371848531067371368408203125" lon="118.15497829578816890716552734375">
        <ele>19.799999237060546875</ele>
        <time>2026-08-10T13:37:07.000Z</time>
        <extensions>
          <ns3:TrackPointExtension>
            <ns3:hr>148</ns3:hr>
            <ns3:cad>88</ns3:cad>
          </ns3:TrackPointExtension>
        </extensions>
      </trkpt>
      <trkpt lat="24.53717521391808986663818359375" lon="118.1550033576786518096923828125">
        <ele>20</ele>
        <time>2026-08-10T13:37:08.000Z</time>
        <extensions>
          <ns3:TrackPointExtension>
            <ns3:hr>148</ns3:hr>
            <ns3:cad>88</ns3:cad>
          </ns3:TrackPointExtension>
        </extensions>
      </trkpt>
      <trkpt lat="24.5371576957404613494873046875" lon="118.15503043122589588165283203125">
        <ele>20</ele>
        <time>2026-08-10T13:37:09.000Z</time>
        <extensions>
          <ns3:TrackPointExtension>
            <ns3:hr>148</ns3:hr>
            <ns3:cad>87</ns3:cad>
          </ns3:TrackPointExtension>
        </extensions>
      </trkpt>
      <trkpt lat="24.5371473021805286407470703125" lon="118.15505457110702991485595703125">
        <ele>19.799999237060546875</ele>
        <time>2026-08-10T13:37:10.000Z</time>
        <extensions>
          <ns3:TrackPointExtension>
            <ns3:hr>148</ns3:hr>
            <ns3:cad>87</ns3:cad>
          </ns3:TrackPointExtension>
        </extensions>
      </trkpt>
      <trkpt lat="24.537129364907741546630859375" lon="118.15508491359651088714599609375">
        <ele>20</ele>
        <time>2026-08-10T13:37:11.000Z</time>
        <extensions>
          <ns3:TrackPointExtension>
            <ns3:hr>148</ns3:hr>
            <ns3:cad>87</ns3:cad>
          </ns3:TrackPointExtension>
        </extensions>
      </trkpt>
      <trkpt lat="24.53711905516684055328369140625" lon="118.15510838292539119720458984375">
        <ele>20</ele>
        <time>2026-08-10T13:37:12.000Z</time>
        <extensions>
          <ns3:TrackPointExtension>
            <ns3:hr>148</ns3:hr>
            <ns3:cad>87</ns3:cad>
          </ns3:TrackPointExtension>
        </extensions>
      </trkpt>
      <trkpt lat="24.53710145317018032073974609375" lon="118.15514040179550647735595703125">
        <ele>20</ele>
        <time>2026-08-10T13:37:13.000Z</time>
        <extensions>
          <ns3:TrackPointExtension>
            <ns3:hr>148</ns3:hr>
            <ns3:cad>87</ns3:cad>
          </ns3:TrackPointExtension>
        </extensions>
      </trkpt>
      <trkpt lat="24.53708569519221782684326171875" lon="118.15516211092472076416015625">
        <ele>20</ele>
        <time>2026-08-10T13:37:14.000Z</time>
        <extensions>
          <ns3:TrackPointExtension>
            <ns3:hr>149</ns3:hr>
            <ns3:cad>87</ns3:cad>
          </ns3:TrackPointExtension>
        </extensions>
      </trkpt>
      <trkpt lat="24.53707312233746051788330078125" lon="118.15519019030034542083740234375">
        <ele>20</ele>
        <time>2026-08-10T13:37:15.000Z</time>
        <extensions>
          <ns3:TrackPointExtension>
            <ns3:hr>148</ns3:hr>
            <ns3:cad>87</ns3:cad>
          </ns3:TrackPointExtension>
        </extensions>
      </trkpt>
      <trkpt lat="24.53705401159822940826416015625" lon="118.1552159227430820465087890625">
        <ele>20</ele>
        <time>2026-08-10T13:37:16.000Z</time>
        <extensions>
          <ns3:TrackPointExtension>
            <ns3:hr>149</ns3:hr>
            <ns3:cad>87</ns3:cad>
          </ns3:TrackPointExtension>
        </extensions>
      </trkpt>
      <trkpt lat="24.5370457135140895843505859375" lon="118.15524467267096042633056640625">
        <ele>20</ele>
        <time>2026-08-10T13:37:17.000Z</time>
        <extensions>
          <ns3:TrackPointExtension>
            <ns3:hr>149</ns3:hr>
            <ns3:cad>87</ns3:cad>
          </ns3:TrackPointExtension>
        </extensions>
      </trkpt>
      <trkpt lat="24.53702920116484165191650390625" lon="118.155275098979473114013671875">
        <ele>20</ele>
        <time>2026-08-10T13:37:18.000Z</time>
        <extensions>
          <ns3:TrackPointExtension>
            <ns3:hr>149</ns3:hr>
            <ns3:cad>87</ns3:cad>
          </ns3:TrackPointExtension>
        </extensions>
      </trkpt>
      <trkpt lat="24.5370209030807018280029296875" lon="118.1552997417747974395751953125">
        <ele>20</ele>
        <time>2026-08-10T13:37:19.000Z</time>
        <extensions>
          <ns3:TrackPointExtension>
            <ns3:hr>149</ns3:hr>
            <ns3:cad>86</ns3:cad>
          </ns3:TrackPointExtension>
        </extensions>
      </trkpt>
      <trkpt lat="24.53700296580791473388671875" lon="118.15532597713172435760498046875">
        <ele>20</ele>
        <time>2026-08-10T13:37:20.000Z</time>
        <extensions>
          <ns3:TrackPointExtension>
            <ns3:hr>148</ns3:hr>
            <ns3:cad>86</ns3:cad>
          </ns3:TrackPointExtension>
        </extensions>
      </trkpt>
      <trkpt lat="24.53699282370507717132568359375" lon="118.15535397268831729888916015625">
        <ele>20</ele>
        <time>2026-08-10T13:37:21.000Z</time>
        <extensions>
          <ns3:TrackPointExtension>
            <ns3:hr>149</ns3:hr>
            <ns3:cad>88</ns3:cad>
          </ns3:TrackPointExtension>
        </extensions>
      </trkpt>
      <trkpt lat="24.5369696058332920074462890625" lon="118.1553835608065128326416015625">
        <ele>20</ele>
        <time>2026-08-10T13:37:22.000Z</time>
        <extensions>
          <ns3:TrackPointExtension>
            <ns3:hr>149</ns3:hr>
            <ns3:cad>88</ns3:cad>
          </ns3:TrackPointExtension>
        </extensions>
      </trkpt>
      <trkpt lat="24.536955691874027252197265625" lon="118.15540610812604427337646484375">
        <ele>20.200000762939453125</ele>
        <time>2026-08-10T13:37:23.000Z</time>
        <extensions>
          <ns3:TrackPointExtension>
            <ns3:hr>149</ns3:hr>
            <ns3:cad>88</ns3:cad>
          </ns3:TrackPointExtension>
        </extensions>
      </trkpt>
      <trkpt lat="24.53693817369639873504638671875" lon="118.15542899072170257568359375">
        <ele>20.200000762939453125</ele>
        <time>2026-08-10T13:37:24.000Z</time>
        <extensions>
          <ns3:TrackPointExtension>
            <ns3:hr>150</ns3:hr>
            <ns3:cad>88</ns3:cad>
          </ns3:TrackPointExtension>
        </extensions>
      </trkpt>
      <trkpt lat="24.53692392446100711822509765625" lon="118.1554462574422359466552734375">
        <ele>20.200000762939453125</ele>
        <time>2026-08-10T13:37:25.000Z</time>
        <extensions>
          <ns3:TrackPointExtension>
            <ns3:hr>150</ns3:hr>
            <ns3:cad>88</ns3:cad>
          </ns3:TrackPointExtension>
        </extensions>
      </trkpt>
      <trkpt lat="24.536910764873027801513671875" lon="118.15547064878046512603759765625">
        <ele>20.200000762939453125</ele>
        <time>2026-08-10T13:37:26.000Z</time>
        <extensions>
          <ns3:TrackPointExtension>
            <ns3:hr>150</ns3:hr>
            <ns3:cad>87</ns3:cad>
          </ns3:TrackPointExtension>
        </extensions>
      </trkpt>
      <trkpt lat="24.5368955098092555999755859375" lon="118.15549470484256744384765625">
        <ele>20.200000762939453125</ele>
        <time>2026-08-10T13:37:27.000Z</time>
        <extensions>
          <ns3:TrackPointExtension>
            <ns3:hr>150</ns3:hr>
            <ns3:cad>87</ns3:cad>
          </ns3:TrackPointExtension>
        </extensions>
      </trkpt>
      <trkpt lat="24.5368804223835468292236328125" lon="118.1555221974849700927734375">
        <ele>20.200000762939453125</ele>
        <time>2026-08-10T13:37:28.000Z</time>
        <extensions>
          <ns3:TrackPointExtension>
            <ns3:hr>151</ns3:hr>
            <ns3:cad>88</ns3:cad>
          </ns3:TrackPointExtension>
        </extensions>
      </trkpt>
      <trkpt lat="24.53685854561626911163330078125" lon="118.15554969012737274169921875">
        <ele>20.200000762939453125</ele>
        <time>2026-08-10T13:37:29.000Z</time>
        <extensions>
          <ns3:TrackPointExtension>
            <ns3:hr>150</ns3:hr>
            <ns3:cad>89</ns3:cad>
          </ns3:TrackPointExtension>
        </extensions>
      </trkpt>
      <trkpt lat="24.536846391856670379638671875" lon="118.15557592548429965972900390625">
        <ele>20.200000762939453125</ele>
        <time>2026-08-10T13:37:30.000Z</time>
        <extensions>
          <ns3:TrackPointExtension>
            <ns3:hr>150</ns3:hr>
            <ns3:cad>89</ns3:cad>
          </ns3:TrackPointExtension>
        </extensions>
      </trkpt>
      <trkpt lat="24.53682619147002696990966796875" lon="118.1556051783263683319091796875">
        <ele>20</ele>
        <time>2026-08-10T13:37:31.000Z</time>
        <extensions>
          <ns3:TrackPointExtension>
            <ns3:hr>151</ns3:hr>
            <ns3:cad>89</ns3:cad>
          </ns3:TrackPointExtension>
        </extensions>
      </trkpt>
      <trkpt lat="24.53681780956685543060302734375" lon="118.15562873147428035736083984375">
        <ele>20.200000762939453125</ele>
        <time>2026-08-10T13:37:32.000Z</time>
        <extensions>
          <ns3:TrackPointExtension>
            <ns3:hr>150</ns3:hr>
            <ns3:cad>87</ns3:cad>
          </ns3:TrackPointExtension>
        </extensions>
      </trkpt>
      <trkpt lat="24.53679853118956089019775390625" lon="118.155660666525363922119140625">
        <ele>20.200000762939453125</ele>
        <time>2026-08-10T13:37:33.000Z</time>
        <extensions>
          <ns3:TrackPointExtension>
            <ns3:hr>150</ns3:hr>
            <ns3:cad>87</ns3:cad>
          </ns3:TrackPointExtension>
        </extensions>
      </trkpt>
      <trkpt lat="24.5367858745157718658447265625" lon="118.1556843034923076629638671875">
        <ele>20.200000762939453125</ele>
        <time>2026-08-10T13:37:34.000Z</time>
        <extensions>
          <ns3:TrackPointExtension>
            <ns3:hr>151</ns3:hr>
            <ns3:cad>87</ns3:cad>
          </ns3:TrackPointExtension>
        </extensions>
      </trkpt>
      <trkpt lat="24.53676693141460418701171875" lon="118.155713975429534912109375">
        <ele>20.200000762939453125</ele>
        <time>2026-08-10T13:37:35.000Z</time>
        <extensions>
          <ns3:TrackPointExtension>
            <ns3:hr>150</ns3:hr>
            <ns3:cad>87</ns3:cad>
          </ns3:TrackPointExtension>
        </extensions>
      </trkpt>
      <trkpt lat="24.53675217926502227783203125" lon="118.1557381153106689453125">
        <ele>20.200000762939453125</ele>
        <time>2026-08-10T13:37:36.000Z</time>
        <extensions>
          <ns3:TrackPointExtension>
            <ns3:hr>150</ns3:hr>
            <ns3:cad>87</ns3:cad>
          </ns3:TrackPointExtension>
        </extensions>
      </trkpt>
      <trkpt lat="24.53673482872545719146728515625" lon="118.15576401539146900177001953125">
        <ele>20.200000762939453125</ele>
        <time>2026-08-10T13:37:37.000Z</time>
        <extensions>
          <ns3:TrackPointExtension>
            <ns3:hr>150</ns3:hr>
            <ns3:cad>87</ns3:cad>
          </ns3:TrackPointExtension>
        </extensions>
      </trkpt>
      <trkpt lat="24.5367168076336383819580078125" lon="118.15578974783420562744140625">
        <ele>20.3999996185302734375</ele>
        <time>2026-08-10T13:37:38.000Z</time>
        <extensions>
          <ns3:TrackPointExtension>
            <ns3:hr>149</ns3:hr>
            <ns3:cad>87</ns3:cad>
          </ns3:TrackPointExtension>
        </extensions>
      </trkpt>
      <trkpt lat="24.53670700080692768096923828125" lon="118.15581296570599079132080078125">
        <ele>20.3999996185302734375</ele>
        <time>2026-08-10T13:37:39.000Z</time>
        <extensions>
          <ns3:TrackPointExtension>
            <ns3:hr>148</ns3:hr>
            <ns3:cad>87</ns3:cad>
          </ns3:TrackPointExtension>
        </extensions>
      </trkpt>
      <trkpt lat="24.536687470972537994384765625" lon="118.15583995543420314788818359375">
        <ele>20.6000003814697265625</ele>
        <time>2026-08-10T13:37:40.000Z</time>
        <extensions>
          <ns3:TrackPointExtension>
            <ns3:hr>146</ns3:hr>
            <ns3:cad>87</ns3:cad>
          </ns3:TrackPointExtension>
        </extensions>
      </trkpt>
      <trkpt lat="24.536680765450000762939453125" lon="118.15586459822952747344970703125">
        <ele>20.6000003814697265625</ele>
        <time>2026-08-10T13:37:41.000Z</time>
        <extensions>
          <ns3:TrackPointExtension>
            <ns3:hr>146</ns3:hr>
            <ns3:cad>87</ns3:cad>
          </ns3:TrackPointExtension>
        </extensions>
      </trkpt>
      <trkpt lat="24.53666123561561107635498046875" lon="118.1558938510715961456298828125">
        <ele>20.6000003814697265625</ele>
        <time>2026-08-10T13:37:42.000Z</time>
        <extensions>
          <ns3:TrackPointExtension>
            <ns3:hr>146</ns3:hr>
            <ns3:cad>87</ns3:cad>
          </ns3:TrackPointExtension>
        </extensions>
      </trkpt>
      <trkpt lat="24.53665536828339099884033203125" lon="118.1559179909527301788330078125">
        <ele>20.6000003814697265625</ele>
        <time>2026-08-10T13:37:43.000Z</time>
        <extensions>
          <ns3:TrackPointExtension>
            <ns3:hr>146</ns3:hr>
            <ns3:cad>87</ns3:cad>
          </ns3:TrackPointExtension>
        </extensions>
      </trkpt>
      <trkpt lat="24.53663558699190616607666015625" lon="118.155951015651226043701171875">
        <ele>20.3999996185302734375</ele>
        <time>2026-08-10T13:37:44.000Z</time>
        <extensions>
          <ns3:TrackPointExtension>
            <ns3:hr>147</ns3:hr>
            <ns3:cad>87</ns3:cad>
          </ns3:TrackPointExtension>
        </extensions>
      </trkpt>
      <trkpt lat="24.536627121269702911376953125" lon="118.15597616136074066162109375">
        <ele>20.3999996185302734375</ele>
        <time>2026-08-10T13:37:45.000Z</time>
        <extensions>
          <ns3:TrackPointExtension>
            <ns3:hr>147</ns3:hr>
            <ns3:cad>88</ns3:cad>
          </ns3:TrackPointExtension>
        </extensions>
      </trkpt>
      <trkpt lat="24.536600969731807708740234375" lon="118.156006000936031341552734375">
        <ele>20.3999996185302734375</ele>
        <time>2026-08-10T13:37:46.000Z</time>
        <extensions>
          <ns3:TrackPointExtension>
            <ns3:hr>148</ns3:hr>
            <ns3:cad>88</ns3:cad>
          </ns3:TrackPointExtension>
        </extensions>
      </trkpt>
      <trkpt lat="24.5365865528583526611328125" lon="118.1560272909700870513916015625">
        <ele>20.3999996185302734375</ele>
        <time>2026-08-10T13:37:47.000Z</time>
        <extensions>
          <ns3:TrackPointExtension>
            <ns3:hr>148</ns3:hr>
            <ns3:cad>88</ns3:cad>
          </ns3:TrackPointExtension>
        </extensions>
      </trkpt>
      <trkpt lat="24.53655914403498172760009765625" lon="118.15605335868895053863525390625">
        <ele>20.6000003814697265625</ele>
        <time>2026-08-10T13:37:48.000Z</time>
        <extensions>
          <ns3:TrackPointExtension>
            <ns3:hr>149</ns3:hr>
            <ns3:cad>88</ns3:cad>
          </ns3:TrackPointExtension>
        </extensions>
      </trkpt>
      <trkpt lat="24.53653936274349689483642578125" lon="118.15607003867626190185546875">
        <ele>20.6000003814697265625</ele>
        <time>2026-08-10T13:37:49.000Z</time>
        <extensions>
          <ns3:TrackPointExtension>
            <ns3:hr>150</ns3:hr>
            <ns3:cad>88</ns3:cad>
          </ns3:TrackPointExtension>
        </extensions>
      </trkpt>
      <trkpt lat="24.53651212155818939208984375" lon="118.15608638338744640350341796875">
        <ele>20.6000003814697265625</ele>
        <time>2026-08-10T13:37:50.000Z</time>
        <extensions>
          <ns3:TrackPointExtension>
            <ns3:hr>151</ns3:hr>
            <ns3:cad>87</ns3:cad>
          </ns3:TrackPointExtension>
        </extensions>
      </trkpt>
      <trkpt lat="24.5364868082106113433837890625" lon="118.1561000458896160125732421875">
        <ele>20.799999237060546875</ele>
        <time>2026-08-10T13:37:51.000Z</time>
        <extensions>
          <ns3:TrackPointExtension>
            <ns3:hr>152</ns3:hr>
            <ns3:cad>87</ns3:cad>
          </ns3:TrackPointExtension>
        </extensions>
      </trkpt>
      <trkpt lat="24.5364593155682086944580078125" lon="118.1561107747256755828857421875">
        <ele>20.799999237060546875</ele>
        <time>2026-08-10T13:37:52.000Z</time>
        <extensions>
          <ns3:TrackPointExtension>
            <ns3:hr>152</ns3:hr>
            <ns3:cad>88</ns3:cad>
          </ns3:TrackPointExtension>
        </extensions>
      </trkpt>
      <trkpt lat="24.53642805106937885284423828125" lon="118.156107924878597259521484375">
        <ele>20.799999237060546875</ele>
        <time>2026-08-10T13:37:53.000Z</time>
        <extensions>
          <ns3:TrackPointExtension>
            <ns3:hr>153</ns3:hr>
            <ns3:cad>88</ns3:cad>
          </ns3:TrackPointExtension>
        </extensions>
      </trkpt>
      <trkpt lat="24.536403827369213104248046875" lon="118.15610817633569240570068359375">
        <ele>20.799999237060546875</ele>
        <time>2026-08-10T13:37:54.000Z</time>
        <extensions>
          <ns3:TrackPointExtension>
            <ns3:hr>154</ns3:hr>
            <ns3:cad>88</ns3:cad>
          </ns3:TrackPointExtension>
        </extensions>
      </trkpt>
      <trkpt lat="24.53637055121362209320068359375" lon="118.156094849109649658203125">
        <ele>20.6000003814697265625</ele>
        <time>2026-08-10T13:37:55.000Z</time>
        <extensions>
          <ns3:TrackPointExtension>
            <ns3:hr>154</ns3:hr>
            <ns3:cad>88</ns3:cad>
          </ns3:TrackPointExtension>
        </extensions>
      </trkpt>
      <trkpt lat="24.536346830427646636962890625" lon="118.15609191544353961944580078125">
        <ele>20.799999237060546875</ele>
        <time>2026-08-10T13:37:56.000Z</time>
        <extensions>
          <ns3:TrackPointExtension>
            <ns3:hr>154</ns3:hr>
            <ns3:cad>88</ns3:cad>
          </ns3:TrackPointExtension>
        </extensions>
      </trkpt>
      <trkpt lat="24.5363131351768970489501953125" lon="118.1560759060084819793701171875">
        <ele>20.799999237060546875</ele>
        <time>2026-08-10T13:37:57.000Z</time>
        <extensions>
          <ns3:TrackPointExtension>
            <ns3:hr>154</ns3:hr>
            <ns3:cad>87</ns3:cad>
          </ns3:TrackPointExtension>
        </extensions>
      </trkpt>
      <trkpt lat="24.53629218041896820068359375" lon="118.156067691743373870849609375">
        <ele>20.799999237060546875</ele>
        <time>2026-08-10T13:37:58.000Z</time>
        <extensions>
          <ns3:TrackPointExtension>
            <ns3:hr>154</ns3:hr>
            <ns3:cad>87</ns3:cad>
          </ns3:TrackPointExtension>
        </extensions>
      </trkpt>
      <trkpt lat="24.53626141883432865142822265625" lon="118.1560477428138256072998046875">
        <ele>20.799999237060546875</ele>
        <time>2026-08-10T13:37:59.000Z</time>
        <extensions>
          <ns3:TrackPointExtension>
            <ns3:hr>154</ns3:hr>
            <ns3:cad>86</ns3:cad>
          </ns3:TrackPointExtension>
        </extensions>
      </trkpt>
      <trkpt lat="24.53623929060995578765869140625" lon="118.15602804534137248992919921875">
        <ele>20.799999237060546875</ele>
        <time>2026-08-10T13:38:00.000Z</time>
        <extensions>
          <ns3:TrackPointExtension>
            <ns3:hr>154</ns3:hr>
            <ns3:cad>86</ns3:cad>
          </ns3:TrackPointExtension>
        </extensions>
      </trkpt>
      <trkpt lat="24.536212049424648284912109375" lon="118.15601128153502941131591796875">
        <ele>20.799999237060546875</ele>
        <time>2026-08-10T13:38:01.000Z</time>
        <extensions>
          <ns3:TrackPointExtension>
            <ns3:hr>154</ns3:hr>
            <ns3:cad>87</ns3:cad>
          </ns3:TrackPointExtension>
        </extensions>
      </trkpt>
      <trkpt lat="24.53618698753416538238525390625" lon="118.1559956073760986328125">
        <ele>20.799999237060546875</ele>
        <time>2026-08-10T13:38:02.000Z</time>
        <extensions>
          <ns3:TrackPointExtension>
            <ns3:hr>154</ns3:hr>
            <ns3:cad>87</ns3:cad>
          </ns3:TrackPointExtension>
        </extensions>
      </trkpt>
      <trkpt lat="24.5361612550914287567138671875" lon="118.1559837050735950469970703125">
        <ele>20.799999237060546875</ele>
        <time>2026-08-10T13:38:03.000Z</time>
        <extensions>
          <ns3:TrackPointExtension>
            <ns3:hr>154</ns3:hr>
            <ns3:cad>87</ns3:cad>
          </ns3:TrackPointExtension>
        </extensions>
      </trkpt>
      <trkpt lat="24.5361367799341678619384765625" lon="118.15596903674304485321044921875">
        <ele>20.799999237060546875</ele>
        <time>2026-08-10T13:38:04.000Z</time>
        <extensions>
          <ns3:TrackPointExtension>
            <ns3:hr>154</ns3:hr>
            <ns3:cad>87</ns3:cad>
          </ns3:TrackPointExtension>
        </extensions>
      </trkpt>
      <trkpt lat="24.53611649572849273681640625" lon="118.15595914609730243682861328125">
        <ele>20.799999237060546875</ele>
        <time>2026-08-10T13:38:05.000Z</time>
        <extensions>
          <ns3:TrackPointExtension>
            <ns3:hr>154</ns3:hr>
            <ns3:cad>87</ns3:cad>
          </ns3:TrackPointExtension>
        </extensions>
      </trkpt>
      <trkpt lat="24.53608724288642406463623046875" lon="118.15593467094004154205322265625">
        <ele>20.799999237060546875</ele>
        <time>2026-08-10T13:38:06.000Z</time>
        <extensions>
          <ns3:TrackPointExtension>
            <ns3:hr>153</ns3:hr>
            <ns3:cad>87</ns3:cad>
          </ns3:TrackPointExtension>
        </extensions>
      </trkpt>
      <trkpt lat="24.5360680483281612396240234375" lon="118.15592444501817226409912109375">
        <ele>21</ele>
        <time>2026-08-10T13:38:07.000Z</time>
        <extensions>
          <ns3:TrackPointExtension>
            <ns3:hr>153</ns3:hr>
            <ns3:cad>87</ns3:cad>
          </ns3:TrackPointExtension>
        </extensions>
      </trkpt>
      <trkpt lat="24.53603829257190227508544921875" lon="118.15590181387960910797119140625">
        <ele>21</ele>
        <time>2026-08-10T13:38:08.000Z</time>
        <extensions>
          <ns3:TrackPointExtension>
            <ns3:hr>153</ns3:hr>
            <ns3:cad>87</ns3:cad>
          </ns3:TrackPointExtension>
        </extensions>
      </trkpt>
      <trkpt lat="24.53601767309010028839111328125" lon="118.15588706173002719879150390625">
        <ele>21</ele>
        <time>2026-08-10T13:38:09.000Z</time>
        <extensions>
          <ns3:TrackPointExtension>
            <ns3:hr>153</ns3:hr>
            <ns3:cad>87</ns3:cad>
          </ns3:TrackPointExtension>
        </extensions>
      </trkpt>
      <trkpt lat="24.5359875820577144622802734375" lon="118.1558754108846187591552734375">
        <ele>21</ele>
        <time>2026-08-10T13:38:10.000Z</time>
        <extensions>
          <ns3:TrackPointExtension>
            <ns3:hr>153</ns3:hr>
            <ns3:cad>87</ns3:cad>
          </ns3:TrackPointExtension>
        </extensions>
      </trkpt>
      <trkpt lat="24.535965621471405029296875" lon="118.1558609940111637115478515625">
        <ele>21</ele>
        <time>2026-08-10T13:38:11.000Z</time>
        <extensions>
          <ns3:TrackPointExtension>
            <ns3:hr>154</ns3:hr>
            <ns3:cad>87</ns3:cad>
          </ns3:TrackPointExtension>
        </extensions>
      </trkpt>
      <trkpt lat="24.53594349324703216552734375" lon="118.15585068427026271820068359375">
        <ele>21</ele>
        <time>2026-08-10T13:38:12.000Z</time>
        <extensions>
          <ns3:TrackPointExtension>
            <ns3:hr>153</ns3:hr>
            <ns3:cad>87</ns3:cad>
          </ns3:TrackPointExtension>
        </extensions>
      </trkpt>
      <trkpt lat="24.535919018089771270751953125" lon="118.15582939423620700836181640625">
        <ele>21</ele>
        <time>2026-08-10T13:38:13.000Z</time>
        <extensions>
          <ns3:TrackPointExtension>
            <ns3:hr>153</ns3:hr>
            <ns3:cad>86</ns3:cad>
          </ns3:TrackPointExtension>
        </extensions>
      </trkpt>
      <trkpt lat="24.5358937047421932220458984375" lon="118.15581858158111572265625">
        <ele>21</ele>
        <time>2026-08-10T13:38:14.000Z</time>
        <extensions>
          <ns3:TrackPointExtension>
            <ns3:hr>153</ns3:hr>
            <ns3:cad>86</ns3:cad>
          </ns3:TrackPointExtension>
        </extensions>
      </trkpt>
      <trkpt lat="24.535865373909473419189453125" lon="118.1557962857186794281005859375">
        <ele>21</ele>
        <time>2026-08-10T13:38:15.000Z</time>
        <extensions>
          <ns3:TrackPointExtension>
            <ns3:hr>153</ns3:hr>
            <ns3:cad>86</ns3:cad>
          </ns3:TrackPointExtension>
        </extensions>
      </trkpt>
      <trkpt lat="24.535843916237354278564453125" lon="118.1557858921587467193603515625">
        <ele>21</ele>
        <time>2026-08-10T13:38:16.000Z</time>
        <extensions>
          <ns3:TrackPointExtension>
            <ns3:hr>153</ns3:hr>
            <ns3:cad>87</ns3:cad>
          </ns3:TrackPointExtension>
        </extensions>
      </trkpt>
      <trkpt lat="24.5358149148523807525634765625" lon="118.1557637639343738555908203125">
        <ele>21.200000762939453125</ele>
        <time>2026-08-10T13:38:17.000Z</time>
        <extensions>
          <ns3:TrackPointExtension>
            <ns3:hr>153</ns3:hr>
            <ns3:cad>88</ns3:cad>
          </ns3:TrackPointExtension>
        </extensions>
      </trkpt>
      <trkpt lat="24.535794965922832489013671875" lon="118.15575244836509227752685546875">
        <ele>21.200000762939453125</ele>
        <time>2026-08-10T13:38:18.000Z</time>
        <extensions>
          <ns3:TrackPointExtension>
            <ns3:hr>153</ns3:hr>
            <ns3:cad>88</ns3:cad>
          </ns3:TrackPointExtension>
        </extensions>
      </trkpt>
      <trkpt lat="24.5357636176049709320068359375" lon="118.15573216415941715240478515625">
        <ele>21.3999996185302734375</ele>
        <time>2026-08-10T13:38:19.000Z</time>
        <extensions>
          <ns3:TrackPointExtension>
            <ns3:hr>153</ns3:hr>
            <ns3:cad>88</ns3:cad>
          </ns3:TrackPointExtension>
        </extensions>
      </trkpt>
      <trkpt lat="24.535741992294788360595703125" lon="118.155722357332706451416015625">
        <ele>21.3999996185302734375</ele>
        <time>2026-08-10T13:38:20.000Z</time>
        <extensions>
          <ns3:TrackPointExtension>
            <ns3:hr>154</ns3:hr>
            <ns3:cad>88</ns3:cad>
          </ns3:TrackPointExtension>
        </extensions>
      </trkpt>
      <trkpt lat="24.53571341000497341156005859375" lon="118.15571196377277374267578125">
        <ele>21.3999996185302734375</ele>
        <time>2026-08-10T13:38:21.000Z</time>
        <extensions>
          <ns3:TrackPointExtension>
            <ns3:hr>153</ns3:hr>
            <ns3:cad>87</ns3:cad>
          </ns3:TrackPointExtension>
        </extensions>
      </trkpt>
      <trkpt lat="24.5356905274093151092529296875" lon="118.15569947473704814910888671875">
        <ele>21.3999996185302734375</ele>
        <time>2026-08-10T13:38:22.000Z</time>
        <extensions>
          <ns3:TrackPointExtension>
            <ns3:hr>153</ns3:hr>
            <ns3:cad>87</ns3:cad>
          </ns3:TrackPointExtension>
        </extensions>
      </trkpt>
      <trkpt lat="24.53566429205238819122314453125" lon="118.15568958409130573272705078125">
        <ele>21.200000762939453125</ele>
        <time>2026-08-10T13:38:23.000Z</time>
        <extensions>
          <ns3:TrackPointExtension>
            <ns3:hr>153</ns3:hr>
            <ns3:cad>88</ns3:cad>
          </ns3:TrackPointExtension>
        </extensions>
      </trkpt>
      <trkpt lat="24.53563998453319072723388671875" lon="118.15567382611334323883056640625">
        <ele>21.200000762939453125</ele>
        <time>2026-08-10T13:38:24.000Z</time>
        <extensions>
          <ns3:TrackPointExtension>
            <ns3:hr>153</ns3:hr>
            <ns3:cad>88</ns3:cad>
          </ns3:TrackPointExtension>
        </extensions>
      </trkpt>
      <trkpt lat="24.5356134139001369476318359375" lon="118.15566904842853546142578125">
        <ele>21.200000762939453125</ele>
        <time>2026-08-10T13:38:25.000Z</time>
        <extensions>
          <ns3:TrackPointExtension>
            <ns3:hr>154</ns3:hr>
            <ns3:cad>87</ns3:cad>
          </ns3:TrackPointExtension>
        </extensions>
      </trkpt>
      <trkpt lat="24.5355839096009731292724609375" lon="118.1556457467377185821533203125">
        <ele>21.200000762939453125</ele>
        <time>2026-08-10T13:38:26.000Z</time>
        <extensions>
          <ns3:TrackPointExtension>
            <ns3:hr>153</ns3:hr>
            <ns3:cad>87</ns3:cad>
          </ns3:TrackPointExtension>
        </extensions>
      </trkpt>
      <trkpt lat="24.5355631224811077117919921875" lon="118.15563778392970561981201171875">
        <ele>21.3999996185302734375</ele>
        <time>2026-08-10T13:38:27.000Z</time>
        <extensions>
          <ns3:TrackPointExtension>
            <ns3:hr>153</ns3:hr>
            <ns3:cad>87</ns3:cad>
          </ns3:TrackPointExtension>
        </extensions>
      </trkpt>
      <trkpt lat="24.53553579747676849365234375" lon="118.15561003983020782470703125">
        <ele>21.3999996185302734375</ele>
        <time>2026-08-10T13:38:28.000Z</time>
        <extensions>
          <ns3:TrackPointExtension>
            <ns3:hr>153</ns3:hr>
            <ns3:cad>87</ns3:cad>
          </ns3:TrackPointExtension>
        </extensions>
      </trkpt>
      <trkpt lat="24.53551610000431537628173828125" lon="118.1556021608412265777587890625">
        <ele>21.3999996185302734375</ele>
        <time>2026-08-10T13:38:29.000Z</time>
        <extensions>
          <ns3:TrackPointExtension>
            <ns3:hr>153</ns3:hr>
            <ns3:cad>87</ns3:cad>
          </ns3:TrackPointExtension>
        </extensions>
      </trkpt>
      <trkpt lat="24.53548994846642017364501953125" lon="118.15557877533137798309326171875">
        <ele>21.3999996185302734375</ele>
        <time>2026-08-10T13:38:30.000Z</time>
        <extensions>
          <ns3:TrackPointExtension>
            <ns3:hr>153</ns3:hr>
            <ns3:cad>87</ns3:cad>
          </ns3:TrackPointExtension>
        </extensions>
      </trkpt>
      <trkpt lat="24.535469748079776763916015625" lon="118.1555612571537494659423828125">
        <ele>21.6000003814697265625</ele>
        <time>2026-08-10T13:38:31.000Z</time>
        <extensions>
          <ns3:TrackPointExtension>
            <ns3:hr>153</ns3:hr>
            <ns3:cad>87</ns3:cad>
          </ns3:TrackPointExtension>
        </extensions>
      </trkpt>
      <trkpt lat="24.535444267094135284423828125" lon="118.1555411405861377716064453125">
        <ele>21.6000003814697265625</ele>
        <time>2026-08-10T13:38:32.000Z</time>
        <extensions>
          <ns3:TrackPointExtension>
            <ns3:hr>153</ns3:hr>
            <ns3:cad>87</ns3:cad>
          </ns3:TrackPointExtension>
        </extensions>
      </trkpt>
      <trkpt lat="24.53542373143136501312255859375" lon="118.1555253826081752777099609375">
        <ele>21.6000003814697265625</ele>
        <time>2026-08-10T13:38:33.000Z</time>
        <extensions>
          <ns3:TrackPointExtension>
            <ns3:hr>153</ns3:hr>
            <ns3:cad>88</ns3:cad>
          </ns3:TrackPointExtension>
        </extensions>
      </trkpt>
      <trkpt lat="24.5353996753692626953125" lon="118.155508451163768768310546875">
        <ele>21.3999996185302734375</ele>
        <time>2026-08-10T13:38:34.000Z</time>
        <extensions>
          <ns3:TrackPointExtension>
            <ns3:hr>153</ns3:hr>
            <ns3:cad>88</ns3:cad>
          </ns3:TrackPointExtension>
        </extensions>
      </trkpt>
      <trkpt lat="24.5353760384023189544677734375" lon="118.15548741258680820465087890625">
        <ele>21.3999996185302734375</ele>
        <time>2026-08-10T13:38:35.000Z</time>
        <extensions>
          <ns3:TrackPointExtension>
            <ns3:hr>153</ns3:hr>
            <ns3:cad>88</ns3:cad>
          </ns3:TrackPointExtension>
        </extensions>
      </trkpt>
      <trkpt lat="24.53535315580666065216064453125" lon="118.15547551028430461883544921875">
        <ele>21.3999996185302734375</ele>
        <time>2026-08-10T13:38:36.000Z</time>
        <extensions>
          <ns3:TrackPointExtension>
            <ns3:hr>153</ns3:hr>
            <ns3:cad>88</ns3:cad>
          </ns3:TrackPointExtension>
        </extensions>
      </trkpt>
      <trkpt lat="24.53532390296459197998046875" lon="118.15545271150767803192138671875">
        <ele>21.3999996185302734375</ele>
        <time>2026-08-10T13:38:37.000Z</time>
        <extensions>
          <ns3:TrackPointExtension>
            <ns3:hr>153</ns3:hr>
            <ns3:cad>87</ns3:cad>
          </ns3:TrackPointExtension>
        </extensions>
      </trkpt>
      <trkpt lat="24.53530244529247283935546875" lon="118.15544349141418933868408203125">
        <ele>21.3999996185302734375</ele>
        <time>2026-08-10T13:38:38.000Z</time>
        <extensions>
          <ns3:TrackPointExtension>
            <ns3:hr>153</ns3:hr>
            <ns3:cad>87</ns3:cad>
          </ns3:TrackPointExtension>
        </extensions>
      </trkpt>
      <trkpt lat="24.53527620993554592132568359375" lon="118.1554197706282138824462890625">
        <ele>21.3999996185302734375</ele>
        <time>2026-08-10T13:38:39.000Z</time>
        <extensions>
          <ns3:TrackPointExtension>
            <ns3:hr>153</ns3:hr>
            <ns3:cad>87</ns3:cad>
          </ns3:TrackPointExtension>
        </extensions>
      </trkpt>
      <trkpt lat="24.53525575809180736541748046875" lon="118.15540795214474201202392578125">
        <ele>21.200000762939453125</ele>
        <time>2026-08-10T13:38:40.000Z</time>
        <extensions>
          <ns3:TrackPointExtension>
            <ns3:hr>153</ns3:hr>
            <ns3:cad>88</ns3:cad>
          </ns3:TrackPointExtension>
        </extensions>
      </trkpt>
      <trkpt lat="24.53522826544940471649169921875" lon="118.1553880870342254638671875">
        <ele>21.200000762939453125</ele>
        <time>2026-08-10T13:38:41.000Z</time>
        <extensions>
          <ns3:TrackPointExtension>
            <ns3:hr>153</ns3:hr>
            <ns3:cad>88</ns3:cad>
          </ns3:TrackPointExtension>
        </extensions>
      </trkpt>
      <trkpt lat="24.5352094061672687530517578125" lon="118.15537291578948497772216796875">
        <ele>21.3999996185302734375</ele>
        <time>2026-08-10T13:38:42.000Z</time>
        <extensions>
          <ns3:TrackPointExtension>
            <ns3:hr>153</ns3:hr>
            <ns3:cad>87</ns3:cad>
          </ns3:TrackPointExtension>
        </extensions>
      </trkpt>
      <trkpt lat="24.53518350608646869659423828125" lon="118.1553577445447444915771484375">
        <ele>21.3999996185302734375</ele>
        <time>2026-08-10T13:38:43.000Z</time>
        <extensions>
          <ns3:TrackPointExtension>
            <ns3:hr>153</ns3:hr>
            <ns3:cad>87</ns3:cad>
          </ns3:TrackPointExtension>
        </extensions>
      </trkpt>
      <trkpt lat="24.5351621322333812713623046875" lon="118.155344165861606597900390625">
        <ele>21.3999996185302734375</ele>
        <time>2026-08-10T13:38:44.000Z</time>
        <extensions>
          <ns3:TrackPointExtension>
            <ns3:hr>152</ns3:hr>
            <ns3:cad>87</ns3:cad>
          </ns3:TrackPointExtension>
        </extensions>
      </trkpt>
      <trkpt lat="24.5351393334567546844482421875" lon="118.155334107577800750732421875">
        <ele>21.3999996185302734375</ele>
        <time>2026-08-10T13:38:45.000Z</time>
        <extensions>
          <ns3:TrackPointExtension>
            <ns3:hr>152</ns3:hr>
            <ns3:cad>87</ns3:cad>
          </ns3:TrackPointExtension>
        </extensions>
      </trkpt>
      <trkpt lat="24.535115025937557220458984375" lon="118.15531960688531398773193359375">
        <ele>21.3999996185302734375</ele>
        <time>2026-08-10T13:38:46.000Z</time>
        <extensions>
          <ns3:TrackPointExtension>
            <ns3:hr>152</ns3:hr>
            <ns3:cad>87</ns3:cad>
          </ns3:TrackPointExtension>
        </extensions>
      </trkpt>
      <trkpt lat="24.53509650193154811859130859375" lon="118.15530803985893726348876953125">
        <ele>21.3999996185302734375</ele>
        <time>2026-08-10T13:38:47.000Z</time>
        <extensions>
          <ns3:TrackPointExtension>
            <ns3:hr>152</ns3:hr>
            <ns3:cad>86</ns3:cad>
          </ns3:TrackPointExtension>
        </extensions>
      </trkpt>
      <trkpt lat="24.53507135622203350067138671875" lon="118.1552890129387378692626953125">
        <ele>21.3999996185302734375</ele>
        <time>2026-08-10T13:38:48.000Z</time>
        <extensions>
          <ns3:TrackPointExtension>
            <ns3:hr>151</ns3:hr>
            <ns3:cad>86</ns3:cad>
          </ns3:TrackPointExtension>
        </extensions>
      </trkpt>
      <trkpt lat="24.5350518263876438140869140625" lon="118.1552826426923274993896484375">
        <ele>21.200000762939453125</ele>
        <time>2026-08-10T13:38:49.000Z</time>
        <extensions>
          <ns3:TrackPointExtension>
            <ns3:hr>151</ns3:hr>
            <ns3:cad>86</ns3:cad>
          </ns3:TrackPointExtension>
        </extensions>
      </trkpt>
      <trkpt lat="24.53501871787011623382568359375" lon="118.1552652083337306976318359375">
        <ele>21.200000762939453125</ele>
        <time>2026-08-10T13:38:50.000Z</time>
        <extensions>
          <ns3:TrackPointExtension>
            <ns3:hr>151</ns3:hr>
            <ns3:cad>86</ns3:cad>
          </ns3:TrackPointExtension>
        </extensions>
      </trkpt>
      <trkpt lat="24.5349960029125213623046875" lon="118.1552620232105255126953125">
        <ele>21.200000762939453125</ele>
        <time>2026-08-10T13:38:51.000Z</time>
        <extensions>
          <ns3:TrackPointExtension>
            <ns3:hr>151</ns3:hr>
            <ns3:cad>86</ns3:cad>
          </ns3:TrackPointExtension>
        </extensions>
      </trkpt>
      <trkpt lat="24.53496138565242290496826171875" lon="118.1552486121654510498046875">
        <ele>21.3999996185302734375</ele>
        <time>2026-08-10T13:38:52.000Z</time>
        <extensions>
          <ns3:TrackPointExtension>
            <ns3:hr>151</ns3:hr>
            <ns3:cad>88</ns3:cad>
          </ns3:TrackPointExtension>
        </extensions>
      </trkpt>
      <trkpt lat="24.5349381677806377410888671875" lon="118.15524131990969181060791015625">
        <ele>21.3999996185302734375</ele>
        <time>2026-08-10T13:38:53.000Z</time>
        <extensions>
          <ns3:TrackPointExtension>
            <ns3:hr>151</ns3:hr>
            <ns3:cad>88</ns3:cad>
          </ns3:TrackPointExtension>
        </extensions>
      </trkpt>
      <trkpt lat="24.5349381677806377410888671875" lon="118.15524131990969181060791015625">
        <ele>21.3999996185302734375</ele>
        <time>2026-08-10T13:38:54.000Z</time>
        <extensions>
          <ns3:TrackPointExtension>
            <ns3:hr>151</ns3:hr>
            <ns3:cad>87</ns3:cad>
          </ns3:TrackPointExtension>
        </extensions>
      </trkpt>
      <trkpt lat="24.53487957827746868133544921875" lon="118.1552350334823131561279296875">
        <ele>21.3999996185302734375</ele>
        <time>2026-08-10T13:38:55.000Z</time>
        <extensions>
          <ns3:TrackPointExtension>
            <ns3:hr>151</ns3:hr>
            <ns3:cad>88</ns3:cad>
          </ns3:TrackPointExtension>
        </extensions>
      </trkpt>
      <trkpt lat="24.53484705649316310882568359375" lon="118.15523327328264713287353515625">
        <ele>21.6000003814697265625</ele>
        <time>2026-08-10T13:38:56.000Z</time>
        <extensions>
          <ns3:TrackPointExtension>
            <ns3:hr>151</ns3:hr>
            <ns3:cad>89</ns3:cad>
          </ns3:TrackPointExtension>
        </extensions>
      </trkpt>
      <trkpt lat="24.53482593409717082977294921875" lon="118.1552353687584400177001953125">
        <ele>21.6000003814697265625</ele>
        <time>2026-08-10T13:38:57.000Z</time>
        <extensions>
          <ns3:TrackPointExtension>
            <ns3:hr>151</ns3:hr>
            <ns3:cad>89</ns3:cad>
          </ns3:TrackPointExtension>
        </extensions>
      </trkpt>
      <trkpt lat="24.5347948372364044189453125" lon="118.1552350334823131561279296875">
        <ele>21.3999996185302734375</ele>
        <time>2026-08-10T13:38:58.000Z</time>
        <extensions>
          <ns3:TrackPointExtension>
            <ns3:hr>150</ns3:hr>
            <ns3:cad>88</ns3:cad>
          </ns3:TrackPointExtension>
        </extensions>
      </trkpt>
      <trkpt lat="24.53476793132722377777099609375" lon="118.15523830242455005645751953125">
        <ele>21.6000003814697265625</ele>
        <time>2026-08-10T13:38:59.000Z</time>
        <extensions>
          <ns3:TrackPointExtension>
            <ns3:hr>150</ns3:hr>
            <ns3:cad>88</ns3:cad>
          </ns3:TrackPointExtension>
        </extensions>
      </trkpt>
      <trkpt lat="24.53473725356161594390869140625" lon="118.15523729659616947174072265625">
        <ele>21.6000003814697265625</ele>
        <time>2026-08-10T13:39:00.000Z</time>
        <extensions>
          <ns3:TrackPointExtension>
            <ns3:hr>150</ns3:hr>
            <ns3:cad>88</ns3:cad>
          </ns3:TrackPointExtension>
        </extensions>
      </trkpt>
      <trkpt lat="24.534709341824054718017578125" lon="118.1552323512732982635498046875">
        <ele>21.6000003814697265625</ele>
        <time>2026-08-10T13:39:01.000Z</time>
        <extensions>
          <ns3:TrackPointExtension>
            <ns3:hr>150</ns3:hr>
            <ns3:cad>88</ns3:cad>
          </ns3:TrackPointExtension>
        </extensions>
      </trkpt>
      <trkpt lat="24.534685872495174407958984375" lon="118.15523880533874034881591796875">
        <ele>21.6000003814697265625</ele>
        <time>2026-08-10T13:39:02.000Z</time>
        <extensions>
          <ns3:TrackPointExtension>
            <ns3:hr>150</ns3:hr>
            <ns3:cad>88</ns3:cad>
          </ns3:TrackPointExtension>
        </extensions>
      </trkpt>
      <trkpt lat="24.53465494327247142791748046875" lon="118.155241906642913818359375">
        <ele>21.799999237060546875</ele>
        <time>2026-08-10T13:39:03.000Z</time>
        <extensions>
          <ns3:TrackPointExtension>
            <ns3:hr>150</ns3:hr>
            <ns3:cad>88</ns3:cad>
          </ns3:TrackPointExtension>
        </extensions>
      </trkpt>
      <trkpt lat="24.53463465906679630279541015625" lon="118.15525255165994167327880859375">
        <ele>21.799999237060546875</ele>
        <time>2026-08-10T13:39:04.000Z</time>
        <extensions>
          <ns3:TrackPointExtension>
            <ns3:hr>150</ns3:hr>
            <ns3:cad>88</ns3:cad>
          </ns3:TrackPointExtension>
        </extensions>
      </trkpt>
      <trkpt lat="24.53460364602506160736083984375" lon="118.1552568264305591583251953125">
        <ele>21.799999237060546875</ele>
        <time>2026-08-10T13:39:05.000Z</time>
        <extensions>
          <ns3:TrackPointExtension>
            <ns3:hr>150</ns3:hr>
            <ns3:cad>88</ns3:cad>
          </ns3:TrackPointExtension>
        </extensions>
      </trkpt>
      <trkpt lat="24.53458637930452823638916015625" lon="118.1552700698375701904296875">
        <ele>21.799999237060546875</ele>
        <time>2026-08-10T13:39:06.000Z</time>
        <extensions>
          <ns3:TrackPointExtension>
            <ns3:hr>151</ns3:hr>
            <ns3:cad>88</ns3:cad>
          </ns3:TrackPointExtension>
        </extensions>
      </trkpt>
      <trkpt lat="24.534552432596683502197265625" lon="118.15527685917913913726806640625">
        <ele>22</ele>
        <time>2026-08-10T13:39:07.000Z</time>
        <extensions>
          <ns3:TrackPointExtension>
            <ns3:hr>150</ns3:hr>
            <ns3:cad>88</ns3:cad>
          </ns3:TrackPointExtension>
        </extensions>
      </trkpt>
      <trkpt lat="24.53453265130519866943359375" lon="118.1552876718342304229736328125">
        <ele>22</ele>
        <time>2026-08-10T13:39:08.000Z</time>
        <extensions>
          <ns3:TrackPointExtension>
            <ns3:hr>150</ns3:hr>
            <ns3:cad>87</ns3:cad>
          </ns3:TrackPointExtension>
        </extensions>
      </trkpt>
      <trkpt lat="24.5344986207783222198486328125" lon="118.1552960537374019622802734375">
        <ele>22</ele>
        <time>2026-08-10T13:39:09.000Z</time>
        <extensions>
          <ns3:TrackPointExtension>
            <ns3:hr>150</ns3:hr>
            <ns3:cad>87</ns3:cad>
          </ns3:TrackPointExtension>
        </extensions>
      </trkpt>
      <trkpt lat="24.534475989639759063720703125" lon="118.15530292689800262451171875">
        <ele>22</ele>
        <time>2026-08-10T13:39:10.000Z</time>
        <extensions>
          <ns3:TrackPointExtension>
            <ns3:hr>150</ns3:hr>
            <ns3:cad>87</ns3:cad>
          </ns3:TrackPointExtension>
        </extensions>
      </trkpt>
      <trkpt lat="24.5344461500644683837890625" lon="118.1553128175437450408935546875">
        <ele>22</ele>
        <time>2026-08-10T13:39:11.000Z</time>
        <extensions>
          <ns3:TrackPointExtension>
            <ns3:hr>150</ns3:hr>
            <ns3:cad>87</ns3:cad>
          </ns3:TrackPointExtension>
        </extensions>
      </trkpt>
      <trkpt lat="24.53442125581204891204833984375" lon="118.15532027743756771087646484375">
        <ele>22</ele>
        <time>2026-08-10T13:39:12.000Z</time>
        <extensions>
          <ns3:TrackPointExtension>
            <ns3:hr>150</ns3:hr>
            <ns3:cad>88</ns3:cad>
          </ns3:TrackPointExtension>
        </extensions>
      </trkpt>
      <trkpt lat="24.534393511712551116943359375" lon="118.15533067099750041961669921875">
        <ele>22</ele>
        <time>2026-08-10T13:39:13.000Z</time>
        <extensions>
          <ns3:TrackPointExtension>
            <ns3:hr>150</ns3:hr>
            <ns3:cad>88</ns3:cad>
          </ns3:TrackPointExtension>
        </extensions>
      </trkpt>
      <trkpt lat="24.53436409123241901397705078125" lon="118.155336119234561920166015625">
        <ele>22.200000762939453125</ele>
        <time>2026-08-10T13:39:14.000Z</time>
        <extensions>
          <ns3:TrackPointExtension>
            <ns3:hr>150</ns3:hr>
            <ns3:cad>88</ns3:cad>
          </ns3:TrackPointExtension>
        </extensions>
      </trkpt>
      <trkpt lat="24.53434095717966556549072265625" lon="118.155347518622875213623046875">
        <ele>22.200000762939453125</ele>
        <time>2026-08-10T13:39:15.000Z</time>
        <extensions>
          <ns3:TrackPointExtension>
            <ns3:hr>150</ns3:hr>
            <ns3:cad>88</ns3:cad>
          </ns3:TrackPointExtension>
        </extensions>
      </trkpt>
      <trkpt lat="24.5343053340911865234375" lon="118.155344836413860321044921875">
        <ele>22.200000762939453125</ele>
        <time>2026-08-10T13:39:16.000Z</time>
        <extensions>
          <ns3:TrackPointExtension>
            <ns3:hr>149</ns3:hr>
            <ns3:cad>88</ns3:cad>
          </ns3:TrackPointExtension>
        </extensions>
      </trkpt>
      <trkpt lat="24.5342847146093845367431640625" lon="118.155354559421539306640625">
        <ele>22.200000762939453125</ele>
        <time>2026-08-10T13:39:17.000Z</time>
        <extensions>
          <ns3:TrackPointExtension>
            <ns3:hr>149</ns3:hr>
            <ns3:cad>87</ns3:cad>
          </ns3:TrackPointExtension>
        </extensions>
      </trkpt>
      <trkpt lat="24.5342503488063812255859375" lon="118.15534894354641437530517578125">
        <ele>22.200000762939453125</ele>
        <time>2026-08-10T13:39:18.000Z</time>
        <extensions>
          <ns3:TrackPointExtension>
            <ns3:hr>148</ns3:hr>
            <ns3:cad>87</ns3:cad>
          </ns3:TrackPointExtension>
        </extensions>
      </trkpt>
      <trkpt lat="24.534228555858135223388671875" lon="118.15535263158380985260009765625">
        <ele>22.200000762939453125</ele>
        <time>2026-08-10T13:39:19.000Z</time>
        <extensions>
          <ns3:TrackPointExtension>
            <ns3:hr>148</ns3:hr>
            <ns3:cad>86</ns3:cad>
          </ns3:TrackPointExtension>
        </extensions>
      </trkpt>
      <trkpt lat="24.534195363521575927734375" lon="118.1553478538990020751953125">
        <ele>22.200000762939453125</ele>
        <time>2026-08-10T13:39:20.000Z</time>
        <extensions>
          <ns3:TrackPointExtension>
            <ns3:hr>148</ns3:hr>
            <ns3:cad>86</ns3:cad>
          </ns3:TrackPointExtension>
        </extensions>
      </trkpt>
      <trkpt lat="24.53417030163109302520751953125" lon="118.1553496979176998138427734375">
        <ele>22.200000762939453125</ele>
        <time>2026-08-10T13:39:21.000Z</time>
        <extensions>
          <ns3:TrackPointExtension>
            <ns3:hr>148</ns3:hr>
            <ns3:cad>88</ns3:cad>
          </ns3:TrackPointExtension>
        </extensions>
      </trkpt>
      <trkpt lat="24.53413694165647029876708984375" lon="118.1553466804325580596923828125">
        <ele>22.200000762939453125</ele>
        <time>2026-08-10T13:39:22.000Z</time>
        <extensions>
          <ns3:TrackPointExtension>
            <ns3:hr>149</ns3:hr>
            <ns3:cad>88</ns3:cad>
          </ns3:TrackPointExtension>
        </extensions>
      </trkpt>
      <trkpt lat="24.534109532833099365234375" lon="118.15534173510968685150146484375">
        <ele>22.200000762939453125</ele>
        <time>2026-08-10T13:39:23.000Z</time>
        <extensions>
          <ns3:TrackPointExtension>
            <ns3:hr>149</ns3:hr>
            <ns3:cad>88</ns3:cad>
          </ns3:TrackPointExtension>
        </extensions>
      </trkpt>
      <trkpt lat="24.53407960943877696990966796875" lon="118.1553359515964984893798828125">
        <ele>22.3999996185302734375</ele>
        <time>2026-08-10T13:39:24.000Z</time>
        <extensions>
          <ns3:TrackPointExtension>
            <ns3:hr>149</ns3:hr>
            <ns3:cad>87</ns3:cad>
          </ns3:TrackPointExtension>
        </extensions>
      </trkpt>
      <trkpt lat="24.53405295498669147491455078125" lon="118.155326060950756072998046875">
        <ele>22.200000762939453125</ele>
        <time>2026-08-10T13:39:25.000Z</time>
        <extensions>
          <ns3:TrackPointExtension>
            <ns3:hr>149</ns3:hr>
            <ns3:cad>87</ns3:cad>
          </ns3:TrackPointExtension>
        </extensions>
      </trkpt>
      <trkpt lat="24.53402630053460597991943359375" lon="118.155322708189487457275390625">
        <ele>22.200000762939453125</ele>
        <time>2026-08-10T13:39:26.000Z</time>
        <extensions>
          <ns3:TrackPointExtension>
            <ns3:hr>148</ns3:hr>
            <ns3:cad>87</ns3:cad>
          </ns3:TrackPointExtension>
        </extensions>
      </trkpt>
      <trkpt lat="24.53399847261607646942138671875" lon="118.15530971623957157135009765625">
        <ele>22.200000762939453125</ele>
        <time>2026-08-10T13:39:27.000Z</time>
        <extensions>
          <ns3:TrackPointExtension>
            <ns3:hr>149</ns3:hr>
            <ns3:cad>87</ns3:cad>
          </ns3:TrackPointExtension>
        </extensions>
      </trkpt>
      <trkpt lat="24.53397349454462528228759765625" lon="118.15530351363122463226318359375">
        <ele>22.200000762939453125</ele>
        <time>2026-08-10T13:39:28.000Z</time>
        <extensions>
          <ns3:TrackPointExtension>
            <ns3:hr>149</ns3:hr>
            <ns3:cad>88</ns3:cad>
          </ns3:TrackPointExtension>
        </extensions>
      </trkpt>
      <trkpt lat="24.53394181095063686370849609375" lon="118.1552829779684543609619140625">
        <ele>22.200000762939453125</ele>
        <time>2026-08-10T13:39:29.000Z</time>
        <extensions>
          <ns3:TrackPointExtension>
            <ns3:hr>148</ns3:hr>
            <ns3:cad>89</ns3:cad>
          </ns3:TrackPointExtension>
        </extensions>
      </trkpt>
      <trkpt lat="24.53391733579337596893310546875" lon="118.1552756018936634063720703125">
        <ele>22.200000762939453125</ele>
        <time>2026-08-10T13:39:30.000Z</time>
        <extensions>
          <ns3:TrackPointExtension>
            <ns3:hr>149</ns3:hr>
            <ns3:cad>89</ns3:cad>
          </ns3:TrackPointExtension>
        </extensions>
      </trkpt>
      <trkpt lat="24.5338884182274341583251953125" lon="118.15525137819349765777587890625">
        <ele>22.200000762939453125</ele>
        <time>2026-08-10T13:39:31.000Z</time>
        <extensions>
          <ns3:TrackPointExtension>
            <ns3:hr>148</ns3:hr>
            <ns3:cad>89</ns3:cad>
          </ns3:TrackPointExtension>
        </extensions>
      </trkpt>
      <trkpt lat="24.5338672958314418792724609375" lon="118.1552432477474212646484375">
        <ele>22</ele>
        <time>2026-08-10T13:39:32.000Z</time>
        <extensions>
          <ns3:TrackPointExtension>
            <ns3:hr>148</ns3:hr>
            <ns3:cad>88</ns3:cad>
          </ns3:TrackPointExtension>
        </extensions>
      </trkpt>
      <trkpt lat="24.53383737243711948394775390625" lon="118.155219443142414093017578125">
        <ele>22</ele>
        <time>2026-08-10T13:39:33.000Z</time>
        <extensions>
          <ns3:TrackPointExtension>
            <ns3:hr>148</ns3:hr>
            <ns3:cad>87</ns3:cad>
          </ns3:TrackPointExtension>
        </extensions>
      </trkpt>
      <trkpt lat="24.53381675295531749725341796875" lon="118.15520611591637134552001953125">
        <ele>22</ele>
        <time>2026-08-10T13:39:34.000Z</time>
        <extensions>
          <ns3:TrackPointExtension>
            <ns3:hr>149</ns3:hr>
            <ns3:cad>87</ns3:cad>
          </ns3:TrackPointExtension>
        </extensions>
      </trkpt>
      <trkpt lat="24.53378842212259769439697265625" lon="118.15518348477780818939208984375">
        <ele>22</ele>
        <time>2026-08-10T13:39:35.000Z</time>
        <extensions>
          <ns3:TrackPointExtension>
            <ns3:hr>149</ns3:hr>
            <ns3:cad>88</ns3:cad>
          </ns3:TrackPointExtension>
        </extensions>
      </trkpt>
      <trkpt lat="24.53376897610723972320556640625" lon="118.155161440372467041015625">
        <ele>22.200000762939453125</ele>
        <time>2026-08-10T13:39:36.000Z</time>
        <extensions>
          <ns3:TrackPointExtension>
            <ns3:hr>149</ns3:hr>
            <ns3:cad>88</ns3:cad>
          </ns3:TrackPointExtension>
        </extensions>
      </trkpt>
      <trkpt lat="24.53374810516834259033203125" lon="118.15514040179550647735595703125">
        <ele>22.200000762939453125</ele>
        <time>2026-08-10T13:39:37.000Z</time>
        <extensions>
          <ns3:TrackPointExtension>
            <ns3:hr>148</ns3:hr>
            <ns3:cad>88</ns3:cad>
          </ns3:TrackPointExtension>
        </extensions>
      </trkpt>
      <trkpt lat="24.533729664981365203857421875" lon="118.15511676482856273651123046875">
        <ele>22.200000762939453125</ele>
        <time>2026-08-10T13:39:38.000Z</time>
        <extensions>
          <ns3:TrackPointExtension>
            <ns3:hr>149</ns3:hr>
            <ns3:cad>88</ns3:cad>
          </ns3:TrackPointExtension>
        </extensions>
      </trkpt>
      <trkpt lat="24.5337077043950557708740234375" lon="118.15509614534676074981689453125">
        <ele>22.200000762939453125</ele>
        <time>2026-08-10T13:39:39.000Z</time>
        <extensions>
          <ns3:TrackPointExtension>
            <ns3:hr>148</ns3:hr>
            <ns3:cad>88</ns3:cad>
          </ns3:TrackPointExtension>
        </extensions>
      </trkpt>
      <trkpt lat="24.53369018621742725372314453125" lon="118.15506513230502605438232421875">
        <ele>22</ele>
        <time>2026-08-10T13:39:40.000Z</time>
        <extensions>
          <ns3:TrackPointExtension>
            <ns3:hr>148</ns3:hr>
            <ns3:cad>87</ns3:cad>
          </ns3:TrackPointExtension>
        </extensions>
      </trkpt>
      <trkpt lat="24.53366856090724468231201171875" lon="118.155043423175811767578125">
        <ele>22</ele>
        <time>2026-08-10T13:39:41.000Z</time>
        <extensions>
          <ns3:TrackPointExtension>
            <ns3:hr>148</ns3:hr>
            <ns3:cad>87</ns3:cad>
          </ns3:TrackPointExtension>
        </extensions>
      </trkpt>
      <trkpt lat="24.53365263529121875762939453125" lon="118.1550114043056964874267578125">
        <ele>22</ele>
        <time>2026-08-10T13:39:42.000Z</time>
        <extensions>
          <ns3:TrackPointExtension>
            <ns3:hr>148</ns3:hr>
            <ns3:cad>87</ns3:cad>
          </ns3:TrackPointExtension>
        </extensions>
      </trkpt>
      <trkpt lat="24.5336332730948925018310546875" lon="118.1549946404993534088134765625">
        <ele>22</ele>
        <time>2026-08-10T13:39:43.000Z</time>
        <extensions>
          <ns3:TrackPointExtension>
            <ns3:hr>148</ns3:hr>
            <ns3:cad>87</ns3:cad>
          </ns3:TrackPointExtension>
        </extensions>
      </trkpt>
      <trkpt lat="24.533618353307247161865234375" lon="118.1549574248492717742919921875">
        <ele>21.799999237060546875</ele>
        <time>2026-08-10T13:39:44.000Z</time>
        <extensions>
          <ns3:TrackPointExtension>
            <ns3:hr>149</ns3:hr>
            <ns3:cad>88</ns3:cad>
          </ns3:TrackPointExtension>
        </extensions>
      </trkpt>
      <trkpt lat="24.5336041040718555450439453125" lon="118.15493672154843807220458984375">
        <ele>21.799999237060546875</ele>
        <time>2026-08-10T13:39:45.000Z</time>
        <extensions>
          <ns3:TrackPointExtension>
            <ns3:hr>148</ns3:hr>
            <ns3:cad>88</ns3:cad>
          </ns3:TrackPointExtension>
        </extensions>
      </trkpt>
      <trkpt lat="24.53359044156968593597412109375" lon="118.15490017645061016082763671875">
        <ele>21.799999237060546875</ele>
        <time>2026-08-10T13:39:46.000Z</time>
        <extensions>
          <ns3:TrackPointExtension>
            <ns3:hr>148</ns3:hr>
            <ns3:cad>88</ns3:cad>
          </ns3:TrackPointExtension>
        </extensions>
      </trkpt>
      <trkpt lat="24.53357937745749950408935546875" lon="118.1548729352653026580810546875">
        <ele>21.6000003814697265625</ele>
        <time>2026-08-10T13:39:47.000Z</time>
        <extensions>
          <ns3:TrackPointExtension>
            <ns3:hr>149</ns3:hr>
            <ns3:cad>88</ns3:cad>
          </ns3:TrackPointExtension>
        </extensions>
      </trkpt>
      <trkpt lat="24.5335682295262813568115234375" lon="118.15483965910971164703369140625">
        <ele>21.6000003814697265625</ele>
        <time>2026-08-10T13:39:48.000Z</time>
        <extensions>
          <ns3:TrackPointExtension>
            <ns3:hr>149</ns3:hr>
            <ns3:cad>87</ns3:cad>
          </ns3:TrackPointExtension>
        </extensions>
      </trkpt>
      <trkpt lat="24.53356093727052211761474609375" lon="118.15480680204927921295166015625">
        <ele>21.6000003814697265625</ele>
        <time>2026-08-10T13:39:49.000Z</time>
        <extensions>
          <ns3:TrackPointExtension>
            <ns3:hr>149</ns3:hr>
            <ns3:cad>87</ns3:cad>
          </ns3:TrackPointExtension>
        </extensions>
      </trkpt>
      <trkpt lat="24.53355096280574798583984375" lon="118.15477587282657623291015625">
        <ele>21.3999996185302734375</ele>
        <time>2026-08-10T13:39:50.000Z</time>
        <extensions>
          <ns3:TrackPointExtension>
            <ns3:hr>149</ns3:hr>
            <ns3:cad>87</ns3:cad>
          </ns3:TrackPointExtension>
        </extensions>
      </trkpt>
      <trkpt lat="24.5335477776825428009033203125" lon="118.1547408364713191986083984375">
        <ele>21.6000003814697265625</ele>
        <time>2026-08-10T13:39:51.000Z</time>
        <extensions>
          <ns3:TrackPointExtension>
            <ns3:hr>149</ns3:hr>
            <ns3:cad>87</ns3:cad>
          </ns3:TrackPointExtension>
        </extensions>
      </trkpt>
      <trkpt lat="24.53353612683713436126708984375" lon="118.1547120027244091033935546875">
        <ele>21.6000003814697265625</ele>
        <time>2026-08-10T13:39:52.000Z</time>
        <extensions>
          <ns3:TrackPointExtension>
            <ns3:hr>149</ns3:hr>
            <ns3:cad>87</ns3:cad>
          </ns3:TrackPointExtension>
        </extensions>
      </trkpt>
      <trkpt lat="24.53353428281843662261962890625" lon="118.1546727754175662994384765625">
        <ele>21.3999996185302734375</ele>
        <time>2026-08-10T13:39:53.000Z</time>
        <extensions>
          <ns3:TrackPointExtension>
            <ns3:hr>149</ns3:hr>
            <ns3:cad>87</ns3:cad>
          </ns3:TrackPointExtension>
        </extensions>
      </trkpt>
      <trkpt lat="24.53352573327720165252685546875" lon="118.1546472944319248199462890625">
        <ele>21.3999996185302734375</ele>
        <time>2026-08-10T13:39:54.000Z</time>
        <extensions>
          <ns3:TrackPointExtension>
            <ns3:hr>149</ns3:hr>
            <ns3:cad>87</ns3:cad>
          </ns3:TrackPointExtension>
        </extensions>
      </trkpt>
      <trkpt lat="24.5335236378014087677001953125" lon="118.154609911143779754638671875">
        <ele>21.3999996185302734375</ele>
        <time>2026-08-10T13:39:55.000Z</time>
        <extensions>
          <ns3:TrackPointExtension>
            <ns3:hr>149</ns3:hr>
            <ns3:cad>87</ns3:cad>
          </ns3:TrackPointExtension>
        </extensions>
      </trkpt>
      <trkpt lat="24.53351852484047412872314453125" lon="118.154587112367153167724609375">
        <ele>21.3999996185302734375</ele>
        <time>2026-08-10T13:39:56.000Z</time>
        <extensions>
          <ns3:TrackPointExtension>
            <ns3:hr>149</ns3:hr>
            <ns3:cad>87</ns3:cad>
          </ns3:TrackPointExtension>
        </extensions>
      </trkpt>
      <trkpt lat="24.53351609408855438232421875" lon="118.154549896717071533203125">
        <ele>21.3999996185302734375</ele>
        <time>2026-08-10T13:39:57.000Z</time>
        <extensions>
          <ns3:TrackPointExtension>
            <ns3:hr>149</ns3:hr>
            <ns3:cad>87</ns3:cad>
          </ns3:TrackPointExtension>
        </extensions>
      </trkpt>
      <trkpt lat="24.5335135795176029205322265625" lon="118.154518045485019683837890625">
        <ele>21.200000762939453125</ele>
        <time>2026-08-10T13:39:58.000Z</time>
        <extensions>
          <ns3:TrackPointExtension>
            <ns3:hr>150</ns3:hr>
            <ns3:cad>87</ns3:cad>
          </ns3:TrackPointExtension>
        </extensions>
      </trkpt>
      <trkpt lat="24.5335092209279537200927734375" lon="118.15448694862425327301025390625">
        <ele>21.200000762939453125</ele>
        <time>2026-08-10T13:39:59.000Z</time>
        <extensions>
          <ns3:TrackPointExtension>
            <ns3:hr>150</ns3:hr>
            <ns3:cad>87</ns3:cad>
          </ns3:TrackPointExtension>
        </extensions>
      </trkpt>
      <trkpt lat="24.533515758812427520751953125" lon="118.154450319707393646240234375">
        <ele>21.200000762939453125</ele>
        <time>2026-08-10T13:40:00.000Z</time>
        <extensions>
          <ns3:TrackPointExtension>
            <ns3:hr>150</ns3:hr>
            <ns3:cad>87</ns3:cad>
          </ns3:TrackPointExtension>
        </extensions>
      </trkpt>
      <trkpt lat="24.533515088260173797607421875" lon="118.154424838721752166748046875">
        <ele>21.200000762939453125</ele>
        <time>2026-08-10T13:40:01.000Z</time>
        <extensions>
          <ns3:TrackPointExtension>
            <ns3:hr>150</ns3:hr>
            <ns3:cad>87</ns3:cad>
          </ns3:TrackPointExtension>
        </extensions>
      </trkpt>
      <trkpt lat="24.53352841548621654510498046875" lon="118.15438787452876567840576171875">
        <ele>21.200000762939453125</ele>
        <time>2026-08-10T13:40:02.000Z</time>
        <extensions>
          <ns3:TrackPointExtension>
            <ns3:hr>150</ns3:hr>
            <ns3:cad>86</ns3:cad>
          </ns3:TrackPointExtension>
        </extensions>
      </trkpt>
      <trkpt lat="24.5335276611149311065673828125" lon="118.15436147153377532958984375">
        <ele>21.3999996185302734375</ele>
        <time>2026-08-10T13:40:03.000Z</time>
        <extensions>
          <ns3:TrackPointExtension>
            <ns3:hr>151</ns3:hr>
            <ns3:cad>86</ns3:cad>
          </ns3:TrackPointExtension>
        </extensions>
      </trkpt>
      <trkpt lat="24.53353947959840297698974609375" lon="118.15432970412075519561767578125">
        <ele>21.3999996185302734375</ele>
        <time>2026-08-10T13:40:04.000Z</time>
        <extensions>
          <ns3:TrackPointExtension>
            <ns3:hr>151</ns3:hr>
            <ns3:cad>86</ns3:cad>
          </ns3:TrackPointExtension>
        </extensions>
      </trkpt>
      <trkpt lat="24.53354828059673309326171875" lon="118.1543046422302722930908203125">
        <ele>21.3999996185302734375</ele>
        <time>2026-08-10T13:40:05.000Z</time>
        <extensions>
          <ns3:TrackPointExtension>
            <ns3:hr>151</ns3:hr>
            <ns3:cad>86</ns3:cad>
          </ns3:TrackPointExtension>
        </extensions>
      </trkpt>
      <trkpt lat="24.533565379679203033447265625" lon="118.1542748026549816131591796875">
        <ele>21.3999996185302734375</ele>
        <time>2026-08-10T13:40:06.000Z</time>
        <extensions>
          <ns3:TrackPointExtension>
            <ns3:hr>151</ns3:hr>
            <ns3:cad>86</ns3:cad>
          </ns3:TrackPointExtension>
        </extensions>
      </trkpt>
      <trkpt lat="24.5335839875042438507080078125" lon="118.1542493216693401336669921875">
        <ele>21.3999996185302734375</ele>
        <time>2026-08-10T13:40:07.000Z</time>
        <extensions>
          <ns3:TrackPointExtension>
            <ns3:hr>150</ns3:hr>
            <ns3:cad>86</ns3:cad>
          </ns3:TrackPointExtension>
        </extensions>
      </trkpt>
      <trkpt lat="24.53360117040574550628662109375" lon="118.15422140993177890777587890625">
        <ele>21.3999996185302734375</ele>
        <time>2026-08-10T13:40:08.000Z</time>
        <extensions>
          <ns3:TrackPointExtension>
            <ns3:hr>150</ns3:hr>
            <ns3:cad>88</ns3:cad>
          </ns3:TrackPointExtension>
        </extensions>
      </trkpt>
      <trkpt lat="24.53362011350691318511962890625" lon="118.154195845127105712890625">
        <ele>21.3999996185302734375</ele>
        <time>2026-08-10T13:40:09.000Z</time>
        <extensions>
          <ns3:TrackPointExtension>
            <ns3:hr>150</ns3:hr>
            <ns3:cad>88</ns3:cad>
          </ns3:TrackPointExtension>
        </extensions>
      </trkpt>
      <trkpt lat="24.53363411128520965576171875" lon="118.1541698612272739410400390625">
        <ele>21.3999996185302734375</ele>
        <time>2026-08-10T13:40:10.000Z</time>
        <extensions>
          <ns3:TrackPointExtension>
            <ns3:hr>150</ns3:hr>
            <ns3:cad>88</ns3:cad>
          </ns3:TrackPointExtension>
        </extensions>
      </trkpt>
      <trkpt lat="24.53365732915699481964111328125" lon="118.15414412878453731536865234375">
        <ele>21.3999996185302734375</ele>
        <time>2026-08-10T13:40:11.000Z</time>
        <extensions>
          <ns3:TrackPointExtension>
            <ns3:hr>150</ns3:hr>
            <ns3:cad>88</ns3:cad>
          </ns3:TrackPointExtension>
        </extensions>
      </trkpt>
      <trkpt lat="24.53366805799305438995361328125" lon="118.1541215814650058746337890625">
        <ele>21.3999996185302734375</ele>
        <time>2026-08-10T13:40:12.000Z</time>
        <extensions>
          <ns3:TrackPointExtension>
            <ns3:hr>151</ns3:hr>
            <ns3:cad>87</ns3:cad>
          </ns3:TrackPointExtension>
        </extensions>
      </trkpt>
      <trkpt lat="24.53369219787418842315673828125" lon="118.15409366972744464874267578125">
        <ele>21.3999996185302734375</ele>
        <time>2026-08-10T13:40:13.000Z</time>
        <extensions>
          <ns3:TrackPointExtension>
            <ns3:hr>150</ns3:hr>
            <ns3:cad>87</ns3:cad>
          </ns3:TrackPointExtension>
        </extensions>
      </trkpt>
      <trkpt lat="24.5337053574621677398681640625" lon="118.15406978130340576171875">
        <ele>21.3999996185302734375</ele>
        <time>2026-08-10T13:40:14.000Z</time>
        <extensions>
          <ns3:TrackPointExtension>
            <ns3:hr>150</ns3:hr>
            <ns3:cad>87</ns3:cad>
          </ns3:TrackPointExtension>
        </extensions>
      </trkpt>
      <trkpt lat="24.53372723422944545745849609375" lon="118.154041953384876251220703125">
        <ele>21.3999996185302734375</ele>
        <time>2026-08-10T13:40:15.000Z</time>
        <extensions>
          <ns3:TrackPointExtension>
            <ns3:hr>150</ns3:hr>
            <ns3:cad>87</ns3:cad>
          </ns3:TrackPointExtension>
        </extensions>
      </trkpt>
      <trkpt lat="24.5337442494928836822509765625" lon="118.1540189869701862335205078125">
        <ele>21.3999996185302734375</ele>
        <time>2026-08-10T13:40:16.000Z</time>
        <extensions>
          <ns3:TrackPointExtension>
            <ns3:hr>150</ns3:hr>
            <ns3:cad>87</ns3:cad>
          </ns3:TrackPointExtension>
        </extensions>
      </trkpt>
      <trkpt lat="24.533760510385036468505859375" lon="118.15399141050875186920166015625">
        <ele>21.3999996185302734375</ele>
        <time>2026-08-10T13:40:17.000Z</time>
        <extensions>
          <ns3:TrackPointExtension>
            <ns3:hr>150</ns3:hr>
            <ns3:cad>87</ns3:cad>
          </ns3:TrackPointExtension>
        </extensions>
      </trkpt>
      <trkpt lat="24.53377760946750640869140625" lon="118.1539653427898883819580078125">
        <ele>21.3999996185302734375</ele>
        <time>2026-08-10T13:40:18.000Z</time>
        <extensions>
          <ns3:TrackPointExtension>
            <ns3:hr>150</ns3:hr>
            <ns3:cad>87</ns3:cad>
          </ns3:TrackPointExtension>
        </extensions>
      </trkpt>
      <trkpt lat="24.5337955467402935028076171875" lon="118.1539408676326274871826171875">
        <ele>21.3999996185302734375</ele>
        <time>2026-08-10T13:40:19.000Z</time>
        <extensions>
          <ns3:TrackPointExtension>
            <ns3:hr>150</ns3:hr>
            <ns3:cad>87</ns3:cad>
          </ns3:TrackPointExtension>
        </extensions>
      </trkpt>
      <trkpt lat="24.5338233746588230133056640625" lon="118.15392167307436466217041015625">
        <ele>21.3999996185302734375</ele>
        <time>2026-08-10T13:40:20.000Z</time>
        <extensions>
          <ns3:TrackPointExtension>
            <ns3:hr>150</ns3:hr>
            <ns3:cad>86</ns3:cad>
          </ns3:TrackPointExtension>
        </extensions>
      </trkpt>
      <trkpt lat="24.533840976655483245849609375" lon="118.1539006344974040985107421875">
        <ele>21.3999996185302734375</ele>
        <time>2026-08-10T13:40:21.000Z</time>
        <extensions>
          <ns3:TrackPointExtension>
            <ns3:hr>150</ns3:hr>
            <ns3:cad>86</ns3:cad>
          </ns3:TrackPointExtension>
        </extensions>
      </trkpt>
      <trkpt lat="24.53387274406850337982177734375" lon="118.15389015711843967437744140625">
        <ele>21.3999996185302734375</ele>
        <time>2026-08-10T13:40:22.000Z</time>
        <extensions>
          <ns3:TrackPointExtension>
            <ns3:hr>151</ns3:hr>
            <ns3:cad>87</ns3:cad>
          </ns3:TrackPointExtension>
        </extensions>
      </trkpt>
      <trkpt lat="24.53389353118836879730224609375" lon="118.15387356095016002655029296875">
        <ele>21.3999996185302734375</ele>
        <time>2026-08-10T13:40:23.000Z</time>
        <extensions>
          <ns3:TrackPointExtension>
            <ns3:hr>151</ns3:hr>
            <ns3:cad>87</ns3:cad>
          </ns3:TrackPointExtension>
        </extensions>
      </trkpt>
      <trkpt lat="24.53392689116299152374267578125" lon="118.15385947935283184051513671875">
        <ele>21.3999996185302734375</ele>
        <time>2026-08-10T13:40:24.000Z</time>
        <extensions>
          <ns3:TrackPointExtension>
            <ns3:hr>151</ns3:hr>
            <ns3:cad>88</ns3:cad>
          </ns3:TrackPointExtension>
        </extensions>
      </trkpt>
      <trkpt lat="24.53394524753093719482421875" lon="118.153844811022281646728515625">
        <ele>21.200000762939453125</ele>
        <time>2026-08-10T13:40:25.000Z</time>
        <extensions>
          <ns3:TrackPointExtension>
            <ns3:hr>151</ns3:hr>
            <ns3:cad>88</ns3:cad>
          </ns3:TrackPointExtension>
        </extensions>
      </trkpt>
      <trkpt lat="24.5339794456958770751953125" lon="118.1538329087197780609130859375">
        <ele>21.200000762939453125</ele>
        <time>2026-08-10T13:40:26.000Z</time>
        <extensions>
          <ns3:TrackPointExtension>
            <ns3:hr>151</ns3:hr>
            <ns3:cad>88</ns3:cad>
          </ns3:TrackPointExtension>
        </extensions>
      </trkpt>
      <trkpt lat="24.53400450758635997772216796875" lon="118.15382209606468677520751953125">
        <ele>21.200000762939453125</ele>
        <time>2026-08-10T13:40:27.000Z</time>
        <extensions>
          <ns3:TrackPointExtension>
            <ns3:hr>151</ns3:hr>
            <ns3:cad>88</ns3:cad>
          </ns3:TrackPointExtension>
        </extensions>
      </trkpt>
      <trkpt lat="24.5340345986187458038330078125" lon="118.15380851738154888153076171875">
        <ele>21.200000762939453125</ele>
        <time>2026-08-10T13:40:28.000Z</time>
        <extensions>
          <ns3:TrackPointExtension>
            <ns3:hr>151</ns3:hr>
            <ns3:cad>87</ns3:cad>
          </ns3:TrackPointExtension>
        </extensions>
      </trkpt>
      <trkpt lat="24.53406234271824359893798828125" lon="118.15379845909774303436279296875">
        <ele>21.200000762939453125</ele>
        <time>2026-08-10T13:40:29.000Z</time>
        <extensions>
          <ns3:TrackPointExtension>
            <ns3:hr>152</ns3:hr>
            <ns3:cad>87</ns3:cad>
          </ns3:TrackPointExtension>
        </extensions>
      </trkpt>
      <trkpt lat="24.534086398780345916748046875" lon="118.1537866406142711639404296875">
        <ele>21.200000762939453125</ele>
        <time>2026-08-10T13:40:30.000Z</time>
        <extensions>
          <ns3:TrackPointExtension>
            <ns3:hr>152</ns3:hr>
            <ns3:cad>87</ns3:cad>
          </ns3:TrackPointExtension>
        </extensions>
      </trkpt>
      <trkpt lat="24.5341180823743343353271484375" lon="118.15378085710108280181884765625">
        <ele>21.200000762939453125</ele>
        <time>2026-08-10T13:40:31.000Z</time>
        <extensions>
          <ns3:TrackPointExtension>
            <ns3:hr>152</ns3:hr>
            <ns3:cad>87</ns3:cad>
          </ns3:TrackPointExtension>
        </extensions>
      </trkpt>
      <trkpt lat="24.53414264135062694549560546875" lon="118.15377415157854557037353515625">
        <ele>21.200000762939453125</ele>
        <time>2026-08-10T13:40:32.000Z</time>
        <extensions>
          <ns3:TrackPointExtension>
            <ns3:hr>152</ns3:hr>
            <ns3:cad>87</ns3:cad>
          </ns3:TrackPointExtension>
        </extensions>
      </trkpt>
      <trkpt lat="24.5341787673532962799072265625" lon="118.15377247519791126251220703125">
        <ele>21</ele>
        <time>2026-08-10T13:40:33.000Z</time>
        <extensions>
          <ns3:TrackPointExtension>
            <ns3:hr>151</ns3:hr>
            <ns3:cad>87</ns3:cad>
          </ns3:TrackPointExtension>
        </extensions>
      </trkpt>
      <trkpt lat="24.53420081175863742828369140625" lon="118.15376493148505687713623046875">
        <ele>21</ele>
        <time>2026-08-10T13:40:34.000Z</time>
        <extensions>
          <ns3:TrackPointExtension>
            <ns3:hr>152</ns3:hr>
            <ns3:cad>87</ns3:cad>
          </ns3:TrackPointExtension>
        </extensions>
      </trkpt>
      <trkpt lat="24.53423769213259220123291015625" lon="118.153763003647327423095703125">
        <ele>21.200000762939453125</ele>
        <time>2026-08-10T13:40:35.000Z</time>
        <extensions>
          <ns3:TrackPointExtension>
            <ns3:hr>152</ns3:hr>
            <ns3:cad>87</ns3:cad>
          </ns3:TrackPointExtension>
        </extensions>
      </trkpt>
      <trkpt lat="24.53426199965178966522216796875" lon="118.15376258455216884613037109375">
        <ele>21.200000762939453125</ele>
        <time>2026-08-10T13:40:36.000Z</time>
        <extensions>
          <ns3:TrackPointExtension>
            <ns3:hr>151</ns3:hr>
            <ns3:cad>87</ns3:cad>
          </ns3:TrackPointExtension>
        </extensions>
      </trkpt>
      <trkpt lat="24.53429435379803180694580078125" lon="118.15376224927604198455810546875">
        <ele>21.200000762939453125</ele>
        <time>2026-08-10T13:40:37.000Z</time>
        <extensions>
          <ns3:TrackPointExtension>
            <ns3:hr>152</ns3:hr>
            <ns3:cad>87</ns3:cad>
          </ns3:TrackPointExtension>
        </extensions>
      </trkpt>
      <trkpt lat="24.534321762621402740478515625" lon="118.15376610495150089263916015625">
        <ele>21.200000762939453125</ele>
        <time>2026-08-10T13:40:38.000Z</time>
        <extensions>
          <ns3:TrackPointExtension>
            <ns3:hr>152</ns3:hr>
            <ns3:cad>87</ns3:cad>
          </ns3:TrackPointExtension>
        </extensions>
      </trkpt>
      <trkpt lat="24.5343490876257419586181640625" lon="118.15376375801861286163330078125">
        <ele>21.200000762939453125</ele>
        <time>2026-08-10T13:40:39.000Z</time>
        <extensions>
          <ns3:TrackPointExtension>
            <ns3:hr>151</ns3:hr>
            <ns3:cad>87</ns3:cad>
          </ns3:TrackPointExtension>
        </extensions>
      </trkpt>
      <trkpt lat="24.53438202850520610809326171875" lon="118.1537678651511669158935546875">
        <ele>21</ele>
        <time>2026-08-10T13:40:40.000Z</time>
        <extensions>
          <ns3:TrackPointExtension>
            <ns3:hr>152</ns3:hr>
            <ns3:cad>87</ns3:cad>
          </ns3:TrackPointExtension>
        </extensions>
      </trkpt>
      <trkpt lat="24.5344070903956890106201171875" lon="118.1537682004272937774658203125">
        <ele>21</ele>
        <time>2026-08-10T13:40:41.000Z</time>
        <extensions>
          <ns3:TrackPointExtension>
            <ns3:hr>152</ns3:hr>
            <ns3:cad>87</ns3:cad>
          </ns3:TrackPointExtension>
        </extensions>
      </trkpt>
      <trkpt lat="24.5344409532845020294189453125" lon="118.1537769176065921783447265625">
        <ele>20.799999237060546875</ele>
        <time>2026-08-10T13:40:42.000Z</time>
        <extensions>
          <ns3:TrackPointExtension>
            <ns3:hr>152</ns3:hr>
            <ns3:cad>87</ns3:cad>
          </ns3:TrackPointExtension>
        </extensions>
      </trkpt>
      <trkpt lat="24.534465260803699493408203125" lon="118.15377515740692615509033203125">
        <ele>20.799999237060546875</ele>
        <time>2026-08-10T13:40:43.000Z</time>
        <extensions>
          <ns3:TrackPointExtension>
            <ns3:hr>152</ns3:hr>
            <ns3:cad>87</ns3:cad>
          </ns3:TrackPointExtension>
        </extensions>
      </trkpt>
      <trkpt lat="24.534500800073146820068359375" lon="118.1537795998156070709228515625">
        <ele>20.799999237060546875</ele>
        <time>2026-08-10T13:40:44.000Z</time>
        <extensions>
          <ns3:TrackPointExtension>
            <ns3:hr>153</ns3:hr>
            <ns3:cad>86</ns3:cad>
          </ns3:TrackPointExtension>
        </extensions>
      </trkpt>
      <trkpt lat="24.534526951611042022705078125" lon="118.1537812761962413787841796875">
        <ele>20.799999237060546875</ele>
        <time>2026-08-10T13:40:45.000Z</time>
        <extensions>
          <ns3:TrackPointExtension>
            <ns3:hr>152</ns3:hr>
            <ns3:cad>86</ns3:cad>
          </ns3:TrackPointExtension>
        </extensions>
      </trkpt>
      <trkpt lat="24.53455804847180843353271484375" lon="118.153782449662685394287109375">
        <ele>20.799999237060546875</ele>
        <time>2026-08-10T13:40:46.000Z</time>
        <extensions>
          <ns3:TrackPointExtension>
            <ns3:hr>152</ns3:hr>
            <ns3:cad>87</ns3:cad>
          </ns3:TrackPointExtension>
        </extensions>
      </trkpt>
      <trkpt lat="24.5345851220190525054931640625" lon="118.15378303639590740203857421875">
        <ele>20.799999237060546875</ele>
        <time>2026-08-10T13:40:47.000Z</time>
        <extensions>
          <ns3:TrackPointExtension>
            <ns3:hr>152</ns3:hr>
            <ns3:cad>87</ns3:cad>
          </ns3:TrackPointExtension>
        </extensions>
      </trkpt>
      <trkpt lat="24.53461286611855030059814453125" lon="118.1537772528827190399169921875">
        <ele>20.6000003814697265625</ele>
        <time>2026-08-10T13:40:48.000Z</time>
        <extensions>
          <ns3:TrackPointExtension>
            <ns3:hr>152</ns3:hr>
            <ns3:cad>87</ns3:cad>
          </ns3:TrackPointExtension>
        </extensions>
      </trkpt>
      <trkpt lat="24.53464203514158725738525390625" lon="118.153775073587894439697265625">
        <ele>20.799999237060546875</ele>
        <time>2026-08-10T13:40:49.000Z</time>
        <extensions>
          <ns3:TrackPointExtension>
            <ns3:hr>152</ns3:hr>
            <ns3:cad>87</ns3:cad>
          </ns3:TrackPointExtension>
        </extensions>
      </trkpt>
      <trkpt lat="24.53466676175594329833984375" lon="118.1537668593227863311767578125">
        <ele>20.799999237060546875</ele>
        <time>2026-08-10T13:40:50.000Z</time>
        <extensions>
          <ns3:TrackPointExtension>
            <ns3:hr>152</ns3:hr>
            <ns3:cad>86</ns3:cad>
          </ns3:TrackPointExtension>
        </extensions>
      </trkpt>
      <trkpt lat="24.53469634987413883209228515625" lon="118.1537655182182788848876953125">
        <ele>20.799999237060546875</ele>
        <time>2026-08-10T13:40:51.000Z</time>
        <extensions>
          <ns3:TrackPointExtension>
            <ns3:hr>152</ns3:hr>
            <ns3:cad>86</ns3:cad>
          </ns3:TrackPointExtension>
        </extensions>
      </trkpt>
      <trkpt lat="24.53471696935594081878662109375" lon="118.15375722013413906097412109375">
        <ele>20.799999237060546875</ele>
        <time>2026-08-10T13:40:52.000Z</time>
        <extensions>
          <ns3:TrackPointExtension>
            <ns3:hr>151</ns3:hr>
            <ns3:cad>86</ns3:cad>
          </ns3:TrackPointExtension>
        </extensions>
      </trkpt>
      <trkpt lat="24.53474781475961208343505859375" lon="118.15376040525734424591064453125">
        <ele>20.799999237060546875</ele>
        <time>2026-08-10T13:40:53.000Z</time>
        <extensions>
          <ns3:TrackPointExtension>
            <ns3:hr>151</ns3:hr>
            <ns3:cad>87</ns3:cad>
          </ns3:TrackPointExtension>
        </extensions>
      </trkpt>
      <trkpt lat="24.5347695238888263702392578125" lon="118.15375587902963161468505859375">
        <ele>20.799999237060546875</ele>
        <time>2026-08-10T13:40:54.000Z</time>
        <extensions>
          <ns3:TrackPointExtension>
            <ns3:hr>151</ns3:hr>
            <ns3:cad>87</ns3:cad>
          </ns3:TrackPointExtension>
        </extensions>
      </trkpt>
      <trkpt lat="24.53480179421603679656982421875" lon="118.15374984405934810638427734375">
        <ele>20.799999237060546875</ele>
        <time>2026-08-10T13:40:55.000Z</time>
        <extensions>
          <ns3:TrackPointExtension>
            <ns3:hr>151</ns3:hr>
            <ns3:cad>87</ns3:cad>
          </ns3:TrackPointExtension>
        </extensions>
      </trkpt>
      <trkpt lat="24.53482777811586856842041015625" lon="118.15374565310776233673095703125">
        <ele>20.799999237060546875</ele>
        <time>2026-08-10T13:40:56.000Z</time>
        <extensions>
          <ns3:TrackPointExtension>
            <ns3:hr>151</ns3:hr>
            <ns3:cad>87</ns3:cad>
          </ns3:TrackPointExtension>
        </extensions>
      </trkpt>
      <trkpt lat="24.53485426492989063262939453125" lon="118.1537319906055927276611328125">
        <ele>20.799999237060546875</ele>
        <time>2026-08-10T13:40:57.000Z</time>
        <extensions>
          <ns3:TrackPointExtension>
            <ns3:hr>151</ns3:hr>
            <ns3:cad>87</ns3:cad>
          </ns3:TrackPointExtension>
        </extensions>
      </trkpt>
      <trkpt lat="24.5348835177719593048095703125" lon="118.15372419543564319610595703125">
        <ele>20.799999237060546875</ele>
        <time>2026-08-10T13:40:58.000Z</time>
        <extensions>
          <ns3:TrackPointExtension>
            <ns3:hr>151</ns3:hr>
            <ns3:cad>86</ns3:cad>
          </ns3:TrackPointExtension>
        </extensions>
      </trkpt>
      <trkpt lat="24.5349069871008396148681640625" lon="118.1537128798663616180419921875">
        <ele>20.799999237060546875</ele>
        <time>2026-08-10T13:40:59.000Z</time>
        <extensions>
          <ns3:TrackPointExtension>
            <ns3:hr>151</ns3:hr>
            <ns3:cad>86</ns3:cad>
          </ns3:TrackPointExtension>
        </extensions>
      </trkpt>
      <trkpt lat="24.534941017627716064453125" lon="118.15370525233447551727294921875">
        <ele>20.799999237060546875</ele>
        <time>2026-08-10T13:41:00.000Z</time>
        <extensions>
          <ns3:TrackPointExtension>
            <ns3:hr>151</ns3:hr>
            <ns3:cad>86</ns3:cad>
          </ns3:TrackPointExtension>
        </extensions>
      </trkpt>
      <trkpt lat="24.53496205620467662811279296875" lon="118.153692595660686492919921875">
        <ele>21</ele>
        <time>2026-08-10T13:41:01.000Z</time>
        <extensions>
          <ns3:TrackPointExtension>
            <ns3:hr>152</ns3:hr>
            <ns3:cad>86</ns3:cad>
          </ns3:TrackPointExtension>
        </extensions>
      </trkpt>
      <trkpt lat="24.53499575145542621612548828125" lon="118.15367960371077060699462890625">
        <ele>20.799999237060546875</ele>
        <time>2026-08-10T13:41:02.000Z</time>
        <extensions>
          <ns3:TrackPointExtension>
            <ns3:hr>152</ns3:hr>
            <ns3:cad>86</ns3:cad>
          </ns3:TrackPointExtension>
        </extensions>
      </trkpt>
      <trkpt lat="24.53501754440367221832275390625" lon="118.15366786904633045196533203125">
        <ele>20.799999237060546875</ele>
        <time>2026-08-10T13:41:03.000Z</time>
        <extensions>
          <ns3:TrackPointExtension>
            <ns3:hr>152</ns3:hr>
            <ns3:cad>86</ns3:cad>
          </ns3:TrackPointExtension>
        </extensions>
      </trkpt>
      <trkpt lat="24.53504838980734348297119140625" lon="118.15365781076252460479736328125">
        <ele>20.799999237060546875</ele>
        <time>2026-08-10T13:41:04.000Z</time>
        <extensions>
          <ns3:TrackPointExtension>
            <ns3:hr>152</ns3:hr>
            <ns3:cad>86</ns3:cad>
          </ns3:TrackPointExtension>
        </extensions>
      </trkpt>
      <trkpt lat="24.5350726135075092315673828125" lon="118.153648674488067626953125">
        <ele>20.799999237060546875</ele>
        <time>2026-08-10T13:41:05.000Z</time>
        <extensions>
          <ns3:TrackPointExtension>
            <ns3:hr>151</ns3:hr>
            <ns3:cad>87</ns3:cad>
          </ns3:TrackPointExtension>
        </extensions>
      </trkpt>
      <trkpt lat="24.53510287217795848846435546875" lon="118.153632245957851409912109375">
        <ele>20.799999237060546875</ele>
        <time>2026-08-10T13:41:06.000Z</time>
        <extensions>
          <ns3:TrackPointExtension>
            <ns3:hr>152</ns3:hr>
            <ns3:cad>87</ns3:cad>
          </ns3:TrackPointExtension>
        </extensions>
      </trkpt>
      <trkpt lat="24.53512902371585369110107421875" lon="118.1536196731030941009521484375">
        <ele>20.799999237060546875</ele>
        <time>2026-08-10T13:41:07.000Z</time>
        <extensions>
          <ns3:TrackPointExtension>
            <ns3:hr>152</ns3:hr>
            <ns3:cad>87</ns3:cad>
          </ns3:TrackPointExtension>
        </extensions>
      </trkpt>
      <trkpt lat="24.5351515710353851318359375" lon="118.1536025740206241607666015625">
        <ele>20.799999237060546875</ele>
        <time>2026-08-10T13:41:08.000Z</time>
        <extensions>
          <ns3:TrackPointExtension>
            <ns3:hr>151</ns3:hr>
            <ns3:cad>86</ns3:cad>
          </ns3:TrackPointExtension>
        </extensions>
      </trkpt>
      <trkpt lat="24.535181410610675811767578125" lon="118.15358589403331279754638671875">
        <ele>20.6000003814697265625</ele>
        <time>2026-08-10T13:41:09.000Z</time>
        <extensions>
          <ns3:TrackPointExtension>
            <ns3:hr>151</ns3:hr>
            <ns3:cad>86</ns3:cad>
          </ns3:TrackPointExtension>
        </extensions>
      </trkpt>
      <trkpt lat="24.53519624657928943634033203125" lon="118.1535656936466693878173828125">
        <ele>20.6000003814697265625</ele>
        <time>2026-08-10T13:41:10.000Z</time>
        <extensions>
          <ns3:TrackPointExtension>
            <ns3:hr>151</ns3:hr>
            <ns3:cad>87</ns3:cad>
          </ns3:TrackPointExtension>
        </extensions>
      </trkpt>
      <trkpt lat="24.53522332012653350830078125" lon="118.1535454094409942626953125">
        <ele>20.6000003814697265625</ele>
        <time>2026-08-10T13:41:11.000Z</time>
        <extensions>
          <ns3:TrackPointExtension>
            <ns3:hr>152</ns3:hr>
            <ns3:cad>87</ns3:cad>
          </ns3:TrackPointExtension>
        </extensions>
      </trkpt>
      <trkpt lat="24.5352352224290370941162109375" lon="118.153526969254016876220703125">
        <ele>20.6000003814697265625</ele>
        <time>2026-08-10T13:41:12.000Z</time>
        <extensions>
          <ns3:TrackPointExtension>
            <ns3:hr>151</ns3:hr>
            <ns3:cad>87</ns3:cad>
          </ns3:TrackPointExtension>
        </extensions>
      </trkpt>
      <trkpt lat="24.53526095487177371978759765625" lon="118.15350584685802459716796875">
        <ele>20.6000003814697265625</ele>
        <time>2026-08-10T13:41:13.000Z</time>
        <extensions>
          <ns3:TrackPointExtension>
            <ns3:hr>151</ns3:hr>
            <ns3:cad>88</ns3:cad>
          </ns3:TrackPointExtension>
        </extensions>
      </trkpt>
      <trkpt lat="24.5352751202881336212158203125" lon="118.15348849631845951080322265625">
        <ele>20.799999237060546875</ele>
        <time>2026-08-10T13:41:14.000Z</time>
        <extensions>
          <ns3:TrackPointExtension>
            <ns3:hr>152</ns3:hr>
            <ns3:cad>88</ns3:cad>
          </ns3:TrackPointExtension>
        </extensions>
      </trkpt>
      <trkpt lat="24.5353032834827899932861328125" lon="118.15346469171345233917236328125">
        <ele>20.799999237060546875</ele>
        <time>2026-08-10T13:41:15.000Z</time>
        <extensions>
          <ns3:TrackPointExtension>
            <ns3:hr>151</ns3:hr>
            <ns3:cad>88</ns3:cad>
          </ns3:TrackPointExtension>
        </extensions>
      </trkpt>
      <trkpt lat="24.5353203825652599334716796875" lon="118.15344415605068206787109375">
        <ele>20.799999237060546875</ele>
        <time>2026-08-10T13:41:16.000Z</time>
        <extensions>
          <ns3:TrackPointExtension>
            <ns3:hr>152</ns3:hr>
            <ns3:cad>88</ns3:cad>
          </ns3:TrackPointExtension>
        </extensions>
      </trkpt>
      <trkpt lat="24.53534066677093505859375" lon="118.1534168310463428497314453125">
        <ele>21</ele>
        <time>2026-08-10T13:41:17.000Z</time>
        <extensions>
          <ns3:TrackPointExtension>
            <ns3:hr>152</ns3:hr>
            <ns3:cad>87</ns3:cad>
          </ns3:TrackPointExtension>
        </extensions>
      </trkpt>
      <trkpt lat="24.53536153770983219146728515625" lon="118.15339411608874797821044921875">
        <ele>20.799999237060546875</ele>
        <time>2026-08-10T13:41:18.000Z</time>
        <extensions>
          <ns3:TrackPointExtension>
            <ns3:hr>152</ns3:hr>
            <ns3:cad>87</ns3:cad>
          </ns3:TrackPointExtension>
        </extensions>
      </trkpt>
      <trkpt lat="24.53538182191550731658935546875" lon="118.1533722393214702606201171875">
        <ele>20.799999237060546875</ele>
        <time>2026-08-10T13:41:19.000Z</time>
        <extensions>
          <ns3:TrackPointExtension>
            <ns3:hr>152</ns3:hr>
            <ns3:cad>88</ns3:cad>
          </ns3:TrackPointExtension>
        </extensions>
      </trkpt>
      <trkpt lat="24.5354058779776096343994140625" lon="118.15335438586771488189697265625">
        <ele>20.799999237060546875</ele>
        <time>2026-08-10T13:41:20.000Z</time>
        <extensions>
          <ns3:TrackPointExtension>
            <ns3:hr>151</ns3:hr>
            <ns3:cad>88</ns3:cad>
          </ns3:TrackPointExtension>
        </extensions>
      </trkpt>
      <trkpt lat="24.535422138869762420654296875" lon="118.15333762206137180328369140625">
        <ele>20.6000003814697265625</ele>
        <time>2026-08-10T13:41:21.000Z</time>
        <extensions>
          <ns3:TrackPointExtension>
            <ns3:hr>152</ns3:hr>
            <ns3:cad>88</ns3:cad>
          </ns3:TrackPointExtension>
        </extensions>
      </trkpt>
      <trkpt lat="24.535445608198642730712890625" lon="118.15330996178090572357177734375">
        <ele>20.6000003814697265625</ele>
        <time>2026-08-10T13:41:22.000Z</time>
        <extensions>
          <ns3:TrackPointExtension>
            <ns3:hr>152</ns3:hr>
            <ns3:cad>87</ns3:cad>
          </ns3:TrackPointExtension>
        </extensions>
      </trkpt>
      <trkpt lat="24.53545994125306606292724609375" lon="118.15329303033649921417236328125">
        <ele>20.3999996185302734375</ele>
        <time>2026-08-10T13:41:23.000Z</time>
        <extensions>
          <ns3:TrackPointExtension>
            <ns3:hr>152</ns3:hr>
            <ns3:cad>87</ns3:cad>
          </ns3:TrackPointExtension>
        </extensions>
      </trkpt>
      <trkpt lat="24.5354853384196758270263671875" lon="118.1532646156847476959228515625">
        <ele>20.3999996185302734375</ele>
        <time>2026-08-10T13:41:24.000Z</time>
        <extensions>
          <ns3:TrackPointExtension>
            <ns3:hr>152</ns3:hr>
            <ns3:cad>86</ns3:cad>
          </ns3:TrackPointExtension>
        </extensions>
      </trkpt>
      <trkpt lat="24.5355034433305263519287109375" lon="118.153241984546184539794921875">
        <ele>20.3999996185302734375</ele>
        <time>2026-08-10T13:41:25.000Z</time>
        <extensions>
          <ns3:TrackPointExtension>
            <ns3:hr>152</ns3:hr>
            <ns3:cad>86</ns3:cad>
          </ns3:TrackPointExtension>
        </extensions>
      </trkpt>
      <trkpt lat="24.535529427230358123779296875" lon="118.153217174112796783447265625">
        <ele>20.200000762939453125</ele>
        <time>2026-08-10T13:41:26.000Z</time>
        <extensions>
          <ns3:TrackPointExtension>
            <ns3:hr>151</ns3:hr>
            <ns3:cad>86</ns3:cad>
          </ns3:TrackPointExtension>
        </extensions>
      </trkpt>
      <trkpt lat="24.5355476997792720794677734375" lon="118.15320032648742198944091796875">
        <ele>20.200000762939453125</ele>
        <time>2026-08-10T13:41:27.000Z</time>
        <extensions>
          <ns3:TrackPointExtension>
            <ns3:hr>152</ns3:hr>
            <ns3:cad>87</ns3:cad>
          </ns3:TrackPointExtension>
        </extensions>
      </trkpt>
      <trkpt lat="24.53557343222200870513916015625" lon="118.15317551605403423309326171875">
        <ele>20.200000762939453125</ele>
        <time>2026-08-10T13:41:28.000Z</time>
        <extensions>
          <ns3:TrackPointExtension>
            <ns3:hr>152</ns3:hr>
            <ns3:cad>87</ns3:cad>
          </ns3:TrackPointExtension>
        </extensions>
      </trkpt>
      <trkpt lat="24.53559220768511295318603515625" lon="118.15316026099026203155517578125">
        <ele>20.200000762939453125</ele>
        <time>2026-08-10T13:41:29.000Z</time>
        <extensions>
          <ns3:TrackPointExtension>
            <ns3:hr>151</ns3:hr>
            <ns3:cad>88</ns3:cad>
          </ns3:TrackPointExtension>
        </extensions>
      </trkpt>
      <trkpt lat="24.53562741167843341827392578125" lon="118.15314752049744129180908203125">
        <ele>20.200000762939453125</ele>
        <time>2026-08-10T13:41:30.000Z</time>
        <extensions>
          <ns3:TrackPointExtension>
            <ns3:hr>151</ns3:hr>
            <ns3:cad>88</ns3:cad>
          </ns3:TrackPointExtension>
        </extensions>
      </trkpt>
      <trkpt lat="24.53565440140664577484130859375" lon="118.1531419046223163604736328125">
        <ele>20.200000762939453125</ele>
        <time>2026-08-10T13:41:31.000Z</time>
        <extensions>
          <ns3:TrackPointExtension>
            <ns3:hr>151</ns3:hr>
            <ns3:cad>88</ns3:cad>
          </ns3:TrackPointExtension>
        </extensions>
      </trkpt>
      <trkpt lat="24.53568742610514163970947265625" lon="118.153145425021648406982421875">
        <ele>20.200000762939453125</ele>
        <time>2026-08-10T13:41:32.000Z</time>
        <extensions>
          <ns3:TrackPointExtension>
            <ns3:hr>151</ns3:hr>
            <ns3:cad>88</ns3:cad>
          </ns3:TrackPointExtension>
        </extensions>
      </trkpt>
      <trkpt lat="24.5357143320143222808837890625" lon="118.1531553156673908233642578125">
        <ele>20.200000762939453125</ele>
        <time>2026-08-10T13:41:33.000Z</time>
        <extensions>
          <ns3:TrackPointExtension>
            <ns3:hr>151</ns3:hr>
            <ns3:cad>89</ns3:cad>
          </ns3:TrackPointExtension>
        </extensions>
      </trkpt>
      <trkpt lat="24.53573788516223430633544921875" lon="118.1531717441976070404052734375">
        <ele>20</ele>
        <time>2026-08-10T13:41:34.000Z</time>
        <extensions>
          <ns3:TrackPointExtension>
            <ns3:hr>150</ns3:hr>
            <ns3:cad>89</ns3:cad>
          </ns3:TrackPointExtension>
        </extensions>
      </trkpt>
      <trkpt lat="24.53576168976724147796630859375" lon="118.15319362096488475799560546875">
        <ele>20</ele>
        <time>2026-08-10T13:41:35.000Z</time>
        <extensions>
          <ns3:TrackPointExtension>
            <ns3:hr>151</ns3:hr>
            <ns3:cad>89</ns3:cad>
          </ns3:TrackPointExtension>
        </extensions>
      </trkpt>
      <trkpt lat="24.5357827283442020416259765625" lon="118.153210468590259552001953125">
        <ele>20.200000762939453125</ele>
        <time>2026-08-10T13:41:36.000Z</time>
        <extensions>
          <ns3:TrackPointExtension>
            <ns3:hr>150</ns3:hr>
            <ns3:cad>89</ns3:cad>
          </ns3:TrackPointExtension>
        </extensions>
      </trkpt>
      <trkpt lat="24.5358051918447017669677734375" lon="118.15323553048074245452880859375">
        <ele>20.200000762939453125</ele>
        <time>2026-08-10T13:41:37.000Z</time>
        <extensions>
          <ns3:TrackPointExtension>
            <ns3:hr>150</ns3:hr>
            <ns3:cad>89</ns3:cad>
          </ns3:TrackPointExtension>
        </extensions>
      </trkpt>
      <trkpt lat="24.53582279384136199951171875" lon="118.15324726514518260955810546875">
        <ele>20.200000762939453125</ele>
        <time>2026-08-10T13:41:38.000Z</time>
        <extensions>
          <ns3:TrackPointExtension>
            <ns3:hr>150</ns3:hr>
            <ns3:cad>89</ns3:cad>
          </ns3:TrackPointExtension>
        </extensions>
      </trkpt>
      <trkpt lat="24.53584852628409862518310546875" lon="118.15326989628374576568603515625">
        <ele>20.200000762939453125</ele>
        <time>2026-08-10T13:41:39.000Z</time>
        <extensions>
          <ns3:TrackPointExtension>
            <ns3:hr>150</ns3:hr>
            <ns3:cad>89</ns3:cad>
          </ns3:TrackPointExtension>
        </extensions>
      </trkpt>
      <trkpt lat="24.535868056118488311767578125" lon="118.15328045748174190521240234375">
        <ele>20.200000762939453125</ele>
        <time>2026-08-10T13:41:40.000Z</time>
        <extensions>
          <ns3:TrackPointExtension>
            <ns3:hr>150</ns3:hr>
            <ns3:cad>87</ns3:cad>
          </ns3:TrackPointExtension>
        </extensions>
      </trkpt>
      <trkpt lat="24.53589915297925472259521484375" lon="118.15329889766871929168701171875">
        <ele>20.3999996185302734375</ele>
        <time>2026-08-10T13:41:41.000Z</time>
        <extensions>
          <ns3:TrackPointExtension>
            <ns3:hr>150</ns3:hr>
            <ns3:cad>87</ns3:cad>
          </ns3:TrackPointExtension>
        </extensions>
      </trkpt>
      <trkpt lat="24.53591960482299327850341796875" lon="118.15331079997122287750244140625">
        <ele>20.3999996185302734375</ele>
        <time>2026-08-10T13:41:42.000Z</time>
        <extensions>
          <ns3:TrackPointExtension>
            <ns3:hr>150</ns3:hr>
            <ns3:cad>87</ns3:cad>
          </ns3:TrackPointExtension>
        </extensions>
      </trkpt>
      <trkpt lat="24.53594592399895191192626953125" lon="118.15332538448274135589599609375">
        <ele>20.3999996185302734375</ele>
        <time>2026-08-10T13:41:43.000Z</time>
        <extensions>
          <ns3:TrackPointExtension>
            <ns3:hr>150</ns3:hr>
            <ns3:cad>87</ns3:cad>
          </ns3:TrackPointExtension>
        </extensions>
      </trkpt>
      <trkpt lat="24.53597006388008594512939453125" lon="118.153339214622974395751953125">
        <ele>20.3999996185302734375</ele>
        <time>2026-08-10T13:41:44.000Z</time>
        <extensions>
          <ns3:TrackPointExtension>
            <ns3:hr>150</ns3:hr>
            <ns3:cad>88</ns3:cad>
          </ns3:TrackPointExtension>
        </extensions>
      </trkpt>
      <trkpt lat="24.53599722124636173248291015625" lon="118.1533504463732242584228515625">
        <ele>20.3999996185302734375</ele>
        <time>2026-08-10T13:41:45.000Z</time>
        <extensions>
          <ns3:TrackPointExtension>
            <ns3:hr>150</ns3:hr>
            <ns3:cad>88</ns3:cad>
          </ns3:TrackPointExtension>
        </extensions>
      </trkpt>
      <trkpt lat="24.53602236695587635040283203125" lon="118.15336779691278934478759765625">
        <ele>20.6000003814697265625</ele>
        <time>2026-08-10T13:41:46.000Z</time>
        <extensions>
          <ns3:TrackPointExtension>
            <ns3:hr>150</ns3:hr>
            <ns3:cad>87</ns3:cad>
          </ns3:TrackPointExtension>
        </extensions>
      </trkpt>
      <trkpt lat="24.53604541718959808349609375" lon="118.15337802283465862274169921875">
        <ele>20.6000003814697265625</ele>
        <time>2026-08-10T13:41:47.000Z</time>
        <extensions>
          <ns3:TrackPointExtension>
            <ns3:hr>150</ns3:hr>
            <ns3:cad>87</ns3:cad>
          </ns3:TrackPointExtension>
        </extensions>
      </trkpt>
      <trkpt lat="24.53606913797557353973388671875" lon="118.15339914523065090179443359375">
        <ele>20.6000003814697265625</ele>
        <time>2026-08-10T13:41:48.000Z</time>
        <extensions>
          <ns3:TrackPointExtension>
            <ns3:hr>150</ns3:hr>
            <ns3:cad>87</ns3:cad>
          </ns3:TrackPointExtension>
        </extensions>
      </trkpt>
      <trkpt lat="24.53608875162899494171142578125" lon="118.1534118019044399261474609375">
        <ele>20.6000003814697265625</ele>
        <time>2026-08-10T13:41:49.000Z</time>
        <extensions>
          <ns3:TrackPointExtension>
            <ns3:hr>150</ns3:hr>
            <ns3:cad>87</ns3:cad>
          </ns3:TrackPointExtension>
        </extensions>
      </trkpt>
      <trkpt lat="24.53611691482365131378173828125" lon="118.15343300811946392059326171875">
        <ele>20.6000003814697265625</ele>
        <time>2026-08-10T13:41:50.000Z</time>
        <extensions>
          <ns3:TrackPointExtension>
            <ns3:hr>150</ns3:hr>
            <ns3:cad>87</ns3:cad>
          </ns3:TrackPointExtension>
        </extensions>
      </trkpt>
      <trkpt lat="24.53613284043967723846435546875" lon="118.153445832431316375732421875">
        <ele>20.6000003814697265625</ele>
        <time>2026-08-10T13:41:51.000Z</time>
        <extensions>
          <ns3:TrackPointExtension>
            <ns3:hr>150</ns3:hr>
            <ns3:cad>87</ns3:cad>
          </ns3:TrackPointExtension>
        </extensions>
      </trkpt>
      <trkpt lat="24.5361609198153018951416015625" lon="118.1534703075885772705078125">
        <ele>20.799999237060546875</ele>
        <time>2026-08-10T13:41:52.000Z</time>
        <extensions>
          <ns3:TrackPointExtension>
            <ns3:hr>150</ns3:hr>
            <ns3:cad>88</ns3:cad>
          </ns3:TrackPointExtension>
        </extensions>
      </trkpt>
      <trkpt lat="24.5361790247261524200439453125" lon="118.15348413772881031036376953125">
        <ele>20.799999237060546875</ele>
        <time>2026-08-10T13:41:53.000Z</time>
        <extensions>
          <ns3:TrackPointExtension>
            <ns3:hr>151</ns3:hr>
            <ns3:cad>88</ns3:cad>
          </ns3:TrackPointExtension>
        </extensions>
      </trkpt>
      <trkpt lat="24.53620827756822109222412109375" lon="118.15350509248673915863037109375">
        <ele>20.799999237060546875</ele>
        <time>2026-08-10T13:41:54.000Z</time>
        <extensions>
          <ns3:TrackPointExtension>
            <ns3:hr>151</ns3:hr>
            <ns3:cad>88</ns3:cad>
          </ns3:TrackPointExtension>
        </extensions>
      </trkpt>
      <trkpt lat="24.536230154335498809814453125" lon="118.15352034755051136016845703125">
        <ele>20.799999237060546875</ele>
        <time>2026-08-10T13:41:55.000Z</time>
        <extensions>
          <ns3:TrackPointExtension>
            <ns3:hr>151</ns3:hr>
            <ns3:cad>88</ns3:cad>
          </ns3:TrackPointExtension>
        </extensions>
      </trkpt>
      <trkpt lat="24.53625462949275970458984375" lon="118.1535345129668712615966796875">
        <ele>20.799999237060546875</ele>
        <time>2026-08-10T13:41:56.000Z</time>
        <extensions>
          <ns3:TrackPointExtension>
            <ns3:hr>151</ns3:hr>
            <ns3:cad>87</ns3:cad>
          </ns3:TrackPointExtension>
        </extensions>
      </trkpt>
      <trkpt lat="24.536279775202274322509765625" lon="118.15355370752513408660888671875">
        <ele>20.799999237060546875</ele>
        <time>2026-08-10T13:41:57.000Z</time>
        <extensions>
          <ns3:TrackPointExtension>
            <ns3:hr>150</ns3:hr>
            <ns3:cad>87</ns3:cad>
          </ns3:TrackPointExtension>
        </extensions>
      </trkpt>
      <trkpt lat="24.53630290925502777099609375" lon="118.15356728620827198028564453125">
        <ele>20.799999237060546875</ele>
        <time>2026-08-10T13:41:58.000Z</time>
        <extensions>
          <ns3:TrackPointExtension>
            <ns3:hr>150</ns3:hr>
            <ns3:cad>87</ns3:cad>
          </ns3:TrackPointExtension>
        </extensions>
      </trkpt>
      <trkpt lat="24.53632931225001811981201171875" lon="118.15358958207070827484130859375">
        <ele>20.799999237060546875</ele>
        <time>2026-08-10T13:41:59.000Z</time>
        <extensions>
          <ns3:TrackPointExtension>
            <ns3:hr>150</ns3:hr>
            <ns3:cad>87</ns3:cad>
          </ns3:TrackPointExtension>
        </extensions>
      </trkpt>
      <trkpt lat="24.53634976409375667572021484375" lon="118.1535992212593555450439453125">
        <ele>20.799999237060546875</ele>
        <time>2026-08-10T13:42:00.000Z</time>
        <extensions>
          <ns3:TrackPointExtension>
            <ns3:hr>150</ns3:hr>
            <ns3:cad>87</ns3:cad>
          </ns3:TrackPointExtension>
        </extensions>
      </trkpt>
      <trkpt lat="24.53637775965034961700439453125" lon="118.1536216847598552703857421875">
        <ele>20.799999237060546875</ele>
        <time>2026-08-10T13:42:01.000Z</time>
        <extensions>
          <ns3:TrackPointExtension>
            <ns3:hr>150</ns3:hr>
            <ns3:cad>87</ns3:cad>
          </ns3:TrackPointExtension>
        </extensions>
      </trkpt>
      <trkpt lat="24.536396451294422149658203125" lon="118.15363383851945400238037109375">
        <ele>20.799999237060546875</ele>
        <time>2026-08-10T13:42:02.000Z</time>
        <extensions>
          <ns3:TrackPointExtension>
            <ns3:hr>150</ns3:hr>
            <ns3:cad>87</ns3:cad>
          </ns3:TrackPointExtension>
        </extensions>
      </trkpt>
      <trkpt lat="24.53642570413649082183837890625" lon="118.15365496091544628143310546875">
        <ele>20.799999237060546875</ele>
        <time>2026-08-10T13:42:03.000Z</time>
        <extensions>
          <ns3:TrackPointExtension>
            <ns3:hr>149</ns3:hr>
            <ns3:cad>87</ns3:cad>
          </ns3:TrackPointExtension>
        </extensions>
      </trkpt>
      <trkpt lat="24.53644665889441967010498046875" lon="118.153667785227298736572265625">
        <ele>20.799999237060546875</ele>
        <time>2026-08-10T13:42:04.000Z</time>
        <extensions>
          <ns3:TrackPointExtension>
            <ns3:hr>149</ns3:hr>
            <ns3:cad>87</ns3:cad>
          </ns3:TrackPointExtension>
        </extensions>
      </trkpt>
      <trkpt lat="24.53647549264132976531982421875" lon="118.15368496812880039215087890625">
        <ele>20.6000003814697265625</ele>
        <time>2026-08-10T13:42:05.000Z</time>
        <extensions>
          <ns3:TrackPointExtension>
            <ns3:hr>149</ns3:hr>
            <ns3:cad>87</ns3:cad>
          </ns3:TrackPointExtension>
        </extensions>
      </trkpt>
      <trkpt lat="24.5365002192556858062744140625" lon="118.15370072610676288604736328125">
        <ele>20.6000003814697265625</ele>
        <time>2026-08-10T13:42:06.000Z</time>
        <extensions>
          <ns3:TrackPointExtension>
            <ns3:hr>149</ns3:hr>
            <ns3:cad>87</ns3:cad>
          </ns3:TrackPointExtension>
        </extensions>
      </trkpt>
      <trkpt lat="24.53652762807905673980712890625" lon="118.15371581353247165679931640625">
        <ele>20.6000003814697265625</ele>
        <time>2026-08-10T13:42:07.000Z</time>
        <extensions>
          <ns3:TrackPointExtension>
            <ns3:hr>149</ns3:hr>
            <ns3:cad>87</ns3:cad>
          </ns3:TrackPointExtension>
        </extensions>
      </trkpt>
      <trkpt lat="24.53655210323631763458251953125" lon="118.15373609773814678192138671875">
        <ele>20.6000003814697265625</ele>
        <time>2026-08-10T13:42:08.000Z</time>
        <extensions>
          <ns3:TrackPointExtension>
            <ns3:hr>148</ns3:hr>
            <ns3:cad>87</ns3:cad>
          </ns3:TrackPointExtension>
        </extensions>
      </trkpt>
      <trkpt lat="24.53657708130776882171630859375" lon="118.153746239840984344482421875">
        <ele>20.6000003814697265625</ele>
        <time>2026-08-10T13:42:09.000Z</time>
        <extensions>
          <ns3:TrackPointExtension>
            <ns3:hr>149</ns3:hr>
            <ns3:cad>88</ns3:cad>
          </ns3:TrackPointExtension>
        </extensions>
      </trkpt>
      <trkpt lat="24.5366011373698711395263671875" lon="118.1537708826363086700439453125">
        <ele>20.3999996185302734375</ele>
        <time>2026-08-10T13:42:10.000Z</time>
        <extensions>
          <ns3:TrackPointExtension>
            <ns3:hr>149</ns3:hr>
            <ns3:cad>88</ns3:cad>
          </ns3:TrackPointExtension>
        </extensions>
      </trkpt>
      <trkpt lat="24.53662100248038768768310546875" lon="118.15378068946301937103271484375">
        <ele>20.3999996185302734375</ele>
        <time>2026-08-10T13:42:11.000Z</time>
        <extensions>
          <ns3:TrackPointExtension>
            <ns3:hr>149</ns3:hr>
            <ns3:cad>88</ns3:cad>
          </ns3:TrackPointExtension>
        </extensions>
      </trkpt>
      <trkpt lat="24.5366490818560123443603515625" lon="118.1538044102489948272705078125">
        <ele>20.3999996185302734375</ele>
        <time>2026-08-10T13:42:12.000Z</time>
        <extensions>
          <ns3:TrackPointExtension>
            <ns3:hr>148</ns3:hr>
            <ns3:cad>88</ns3:cad>
          </ns3:TrackPointExtension>
        </extensions>
      </trkpt>
      <trkpt lat="24.5366668514907360076904296875" lon="118.1538158096373081207275390625">
        <ele>20.200000762939453125</ele>
        <time>2026-08-10T13:42:13.000Z</time>
        <extensions>
          <ns3:TrackPointExtension>
            <ns3:hr>148</ns3:hr>
            <ns3:cad>87</ns3:cad>
          </ns3:TrackPointExtension>
        </extensions>
      </trkpt>
      <trkpt lat="24.53669509850442409515380859375" lon="118.1538359262049198150634765625">
        <ele>20.200000762939453125</ele>
        <time>2026-08-10T13:42:14.000Z</time>
        <extensions>
          <ns3:TrackPointExtension>
            <ns3:hr>148</ns3:hr>
            <ns3:cad>87</ns3:cad>
          </ns3:TrackPointExtension>
        </extensions>
      </trkpt>
      <trkpt lat="24.53671119175851345062255859375" lon="118.15384648740291595458984375">
        <ele>20.200000762939453125</ele>
        <time>2026-08-10T13:42:15.000Z</time>
        <extensions>
          <ns3:TrackPointExtension>
            <ns3:hr>148</ns3:hr>
            <ns3:cad>87</ns3:cad>
          </ns3:TrackPointExtension>
        </extensions>
      </trkpt>
      <trkpt lat="24.5367386005818843841552734375" lon="118.1538627482950687408447265625">
        <ele>20</ele>
        <time>2026-08-10T13:42:16.000Z</time>
        <extensions>
          <ns3:TrackPointExtension>
            <ns3:hr>148</ns3:hr>
            <ns3:cad>88</ns3:cad>
          </ns3:TrackPointExtension>
        </extensions>
      </trkpt>
      <trkpt lat="24.5367600582540035247802734375" lon="118.1538764946162700653076171875">
        <ele>20</ele>
        <time>2026-08-10T13:42:17.000Z</time>
        <extensions>
          <ns3:TrackPointExtension>
            <ns3:hr>149</ns3:hr>
            <ns3:cad>88</ns3:cad>
          </ns3:TrackPointExtension>
        </extensions>
      </trkpt>
      <trkpt lat="24.536784030497074127197265625" lon="118.15388998948037624359130859375">
        <ele>20</ele>
        <time>2026-08-10T13:42:18.000Z</time>
        <extensions>
          <ns3:TrackPointExtension>
            <ns3:hr>148</ns3:hr>
            <ns3:cad>88</ns3:cad>
          </ns3:TrackPointExtension>
        </extensions>
      </trkpt>
      <trkpt lat="24.53680993057787418365478515625" lon="118.153907172381877899169921875">
        <ele>20</ele>
        <time>2026-08-10T13:42:19.000Z</time>
        <extensions>
          <ns3:TrackPointExtension>
            <ns3:hr>148</ns3:hr>
            <ns3:cad>88</ns3:cad>
          </ns3:TrackPointExtension>
        </extensions>
      </trkpt>
      <trkpt lat="24.536836333572864532470703125" lon="118.15391697920858860015869140625">
        <ele>20</ele>
        <time>2026-08-10T13:42:20.000Z</time>
        <extensions>
          <ns3:TrackPointExtension>
            <ns3:hr>149</ns3:hr>
            <ns3:cad>88</ns3:cad>
          </ns3:TrackPointExtension>
        </extensions>
      </trkpt>
      <trkpt lat="24.53686416149139404296875" lon="118.15393843688070774078369140625">
        <ele>19.799999237060546875</ele>
        <time>2026-08-10T13:42:21.000Z</time>
        <extensions>
          <ns3:TrackPointExtension>
            <ns3:hr>148</ns3:hr>
            <ns3:cad>87</ns3:cad>
          </ns3:TrackPointExtension>
        </extensions>
      </trkpt>
      <trkpt lat="24.53688687644898891448974609375" lon="118.15394866280257701873779296875">
        <ele>19.799999237060546875</ele>
        <time>2026-08-10T13:42:22.000Z</time>
        <extensions>
          <ns3:TrackPointExtension>
            <ns3:hr>148</ns3:hr>
            <ns3:cad>87</ns3:cad>
          </ns3:TrackPointExtension>
        </extensions>
      </trkpt>
      <trkpt lat="24.53691579401493072509765625" lon="118.153967522084712982177734375">
        <ele>19.799999237060546875</ele>
        <time>2026-08-10T13:42:23.000Z</time>
        <extensions>
          <ns3:TrackPointExtension>
            <ns3:hr>149</ns3:hr>
            <ns3:cad>86</ns3:cad>
          </ns3:TrackPointExtension>
        </extensions>
      </trkpt>
      <trkpt lat="24.536936245858669281005859375" lon="118.153975903987884521484375">
        <ele>19.799999237060546875</ele>
        <time>2026-08-10T13:42:24.000Z</time>
        <extensions>
          <ns3:TrackPointExtension>
            <ns3:hr>149</ns3:hr>
            <ns3:cad>86</ns3:cad>
          </ns3:TrackPointExtension>
        </extensions>
      </trkpt>
      <trkpt lat="24.53696541488170623779296875" lon="118.15399761311709880828857421875">
        <ele>19.799999237060546875</ele>
        <time>2026-08-10T13:42:25.000Z</time>
        <extensions>
          <ns3:TrackPointExtension>
            <ns3:hr>149</ns3:hr>
            <ns3:cad>88</ns3:cad>
          </ns3:TrackPointExtension>
        </extensions>
      </trkpt>
      <trkpt lat="24.5369853638112545013427734375" lon="118.15401236526668071746826171875">
        <ele>19.6000003814697265625</ele>
        <time>2026-08-10T13:42:26.000Z</time>
        <extensions>
          <ns3:TrackPointExtension>
            <ns3:hr>149</ns3:hr>
            <ns3:cad>88</ns3:cad>
          </ns3:TrackPointExtension>
        </extensions>
      </trkpt>
      <trkpt lat="24.5370130240917205810546875" lon="118.15403013490140438079833984375">
        <ele>19.6000003814697265625</ele>
        <time>2026-08-10T13:42:27.000Z</time>
        <extensions>
          <ns3:TrackPointExtension>
            <ns3:hr>149</ns3:hr>
            <ns3:cad>88</ns3:cad>
          </ns3:TrackPointExtension>
        </extensions>
      </trkpt>
      <trkpt lat="24.53703473322093486785888671875" lon="118.1540471501648426055908203125">
        <ele>19.6000003814697265625</ele>
        <time>2026-08-10T13:42:28.000Z</time>
        <extensions>
          <ns3:TrackPointExtension>
            <ns3:hr>149</ns3:hr>
            <ns3:cad>88</ns3:cad>
          </ns3:TrackPointExtension>
        </extensions>
      </trkpt>
      <trkpt lat="24.53705904074013233184814453125" lon="118.154061734676361083984375">
        <ele>19.6000003814697265625</ele>
        <time>2026-08-10T13:42:29.000Z</time>
        <extensions>
          <ns3:TrackPointExtension>
            <ns3:hr>149</ns3:hr>
            <ns3:cad>87</ns3:cad>
          </ns3:TrackPointExtension>
        </extensions>
      </trkpt>
      <trkpt lat="24.53708603046834468841552734375" lon="118.15407640300691127777099609375">
        <ele>19.6000003814697265625</ele>
        <time>2026-08-10T13:42:30.000Z</time>
        <extensions>
          <ns3:TrackPointExtension>
            <ns3:hr>149</ns3:hr>
            <ns3:cad>87</ns3:cad>
          </ns3:TrackPointExtension>
        </extensions>
      </trkpt>
      <trkpt lat="24.53711184673011302947998046875" lon="118.1540857069194316864013671875">
        <ele>19.6000003814697265625</ele>
        <time>2026-08-10T13:42:31.000Z</time>
        <extensions>
          <ns3:TrackPointExtension>
            <ns3:hr>149</ns3:hr>
            <ns3:cad>87</ns3:cad>
          </ns3:TrackPointExtension>
        </extensions>
      </trkpt>
      <trkpt lat="24.53713850118219852447509765625" lon="118.1541068293154239654541015625">
        <ele>19.6000003814697265625</ele>
        <time>2026-08-10T13:42:32.000Z</time>
        <extensions>
          <ns3:TrackPointExtension>
            <ns3:hr>148</ns3:hr>
            <ns3:cad>88</ns3:cad>
          </ns3:TrackPointExtension>
        </extensions>
      </trkpt>
      <trkpt lat="24.53716230578720569610595703125" lon="118.15411915071308612823486328125">
        <ele>19.6000003814697265625</ele>
        <time>2026-08-10T13:42:33.000Z</time>
        <extensions>
          <ns3:TrackPointExtension>
            <ns3:hr>149</ns3:hr>
            <ns3:cad>88</ns3:cad>
          </ns3:TrackPointExtension>
        </extensions>
      </trkpt>
      <trkpt lat="24.5371915586292743682861328125" lon="118.15414597280323505401611328125">
        <ele>19.6000003814697265625</ele>
        <time>2026-08-10T13:42:34.000Z</time>
        <extensions>
          <ns3:TrackPointExtension>
            <ns3:hr>149</ns3:hr>
            <ns3:cad>88</ns3:cad>
          </ns3:TrackPointExtension>
        </extensions>
      </trkpt>
      <trkpt lat="24.53721393831074237823486328125" lon="118.1541611440479755401611328125">
        <ele>19.3999996185302734375</ele>
        <time>2026-08-10T13:42:35.000Z</time>
        <extensions>
          <ns3:TrackPointExtension>
            <ns3:hr>148</ns3:hr>
            <ns3:cad>88</ns3:cad>
          </ns3:TrackPointExtension>
        </extensions>
      </trkpt>
      <trkpt lat="24.5372384972870349884033203125" lon="118.15418922342360019683837890625">
        <ele>19.3999996185302734375</ele>
        <time>2026-08-10T13:42:36.000Z</time>
        <extensions>
          <ns3:TrackPointExtension>
            <ns3:hr>149</ns3:hr>
            <ns3:cad>88</ns3:cad>
          </ns3:TrackPointExtension>
        </extensions>
      </trkpt>
      <trkpt lat="24.5372519083321094512939453125" lon="118.154207579791545867919921875">
        <ele>19.3999996185302734375</ele>
        <time>2026-08-10T13:42:37.000Z</time>
        <extensions>
          <ns3:TrackPointExtension>
            <ns3:hr>149</ns3:hr>
            <ns3:cad>87</ns3:cad>
          </ns3:TrackPointExtension>
        </extensions>
      </trkpt>
      <trkpt lat="24.5372740365564823150634765625" lon="118.1542238406836986541748046875">
        <ele>19.3999996185302734375</ele>
        <time>2026-08-10T13:42:38.000Z</time>
        <extensions>
          <ns3:TrackPointExtension>
            <ns3:hr>149</ns3:hr>
            <ns3:cad>87</ns3:cad>
          </ns3:TrackPointExtension>
        </extensions>
      </trkpt>
      <trkpt lat="24.53729976899921894073486328125" lon="118.15423985011875629425048828125">
        <ele>19.3999996185302734375</ele>
        <time>2026-08-10T13:42:39.000Z</time>
        <extensions>
          <ns3:TrackPointExtension>
            <ns3:hr>149</ns3:hr>
            <ns3:cad>86</ns3:cad>
          </ns3:TrackPointExtension>
        </extensions>
      </trkpt>
      <trkpt lat="24.5373290218412876129150390625" lon="118.15425292588770389556884765625">
        <ele>19.3999996185302734375</ele>
        <time>2026-08-10T13:42:40.000Z</time>
        <extensions>
          <ns3:TrackPointExtension>
            <ns3:hr>148</ns3:hr>
            <ns3:cad>88</ns3:cad>
          </ns3:TrackPointExtension>
        </extensions>
      </trkpt>
      <trkpt lat="24.53735391609370708465576171875" lon="118.15427136607468128204345703125">
        <ele>19.3999996185302734375</ele>
        <time>2026-08-10T13:42:41.000Z</time>
        <extensions>
          <ns3:TrackPointExtension>
            <ns3:hr>148</ns3:hr>
            <ns3:cad>88</ns3:cad>
          </ns3:TrackPointExtension>
        </extensions>
      </trkpt>
      <trkpt lat="24.537380822002887725830078125" lon="118.1542838551104068756103515625">
        <ele>19.200000762939453125</ele>
        <time>2026-08-10T13:42:42.000Z</time>
        <extensions>
          <ns3:TrackPointExtension>
            <ns3:hr>148</ns3:hr>
            <ns3:cad>88</ns3:cad>
          </ns3:TrackPointExtension>
        </extensions>
      </trkpt>
      <trkpt lat="24.5373913832008838653564453125" lon="118.154317550361156463623046875">
        <ele>19.200000762939453125</ele>
        <time>2026-08-10T13:42:43.000Z</time>
        <extensions>
          <ns3:TrackPointExtension>
            <ns3:hr>149</ns3:hr>
            <ns3:cad>88</ns3:cad>
          </ns3:TrackPointExtension>
        </extensions>
      </trkpt>
      <trkpt lat="24.53740923665463924407958984375" lon="118.154338337481021881103515625">
        <ele>19</ele>
        <time>2026-08-10T13:42:44.000Z</time>
        <extensions>
          <ns3:TrackPointExtension>
            <ns3:hr>148</ns3:hr>
            <ns3:cad>87</ns3:cad>
          </ns3:TrackPointExtension>
        </extensions>
      </trkpt>
      <trkpt lat="24.53742197714745998382568359375" lon="118.1543706916272640228271484375">
        <ele>19</ele>
        <time>2026-08-10T13:42:45.000Z</time>
        <extensions>
          <ns3:TrackPointExtension>
            <ns3:hr>148</ns3:hr>
            <ns3:cad>87</ns3:cad>
          </ns3:TrackPointExtension>
        </extensions>
      </trkpt>
      <trkpt lat="24.53743941150605678558349609375" lon="118.15438963472843170166015625">
        <ele>19</ele>
        <time>2026-08-10T13:42:46.000Z</time>
        <extensions>
          <ns3:TrackPointExtension>
            <ns3:hr>148</ns3:hr>
            <ns3:cad>87</ns3:cad>
          </ns3:TrackPointExtension>
        </extensions>
      </trkpt>
      <trkpt lat="24.53745366074144840240478515625" lon="118.15442760474979877471923828125">
        <ele>19</ele>
        <time>2026-08-10T13:42:47.000Z</time>
        <extensions>
          <ns3:TrackPointExtension>
            <ns3:hr>149</ns3:hr>
            <ns3:cad>88</ns3:cad>
          </ns3:TrackPointExtension>
        </extensions>
      </trkpt>
      <trkpt lat="24.537458606064319610595703125" lon="118.15445241518318653106689453125">
        <ele>19</ele>
        <time>2026-08-10T13:42:48.000Z</time>
        <extensions>
          <ns3:TrackPointExtension>
            <ns3:hr>148</ns3:hr>
            <ns3:cad>88</ns3:cad>
          </ns3:TrackPointExtension>
        </extensions>
      </trkpt>
      <trkpt lat="24.53744393773376941680908203125" lon="118.1544873677194118499755859375">
        <ele>18.799999237060546875</ele>
        <time>2026-08-10T13:42:49.000Z</time>
        <extensions>
          <ns3:TrackPointExtension>
            <ns3:hr>148</ns3:hr>
            <ns3:cad>89</ns3:cad>
          </ns3:TrackPointExtension>
        </extensions>
      </trkpt>
      <trkpt lat="24.53743337653577327728271484375" lon="118.1545111723244190216064453125">
        <ele>18.799999237060546875</ele>
        <time>2026-08-10T13:42:50.000Z</time>
        <extensions>
          <ns3:TrackPointExtension>
            <ns3:hr>147</ns3:hr>
            <ns3:cad>89</ns3:cad>
          </ns3:TrackPointExtension>
        </extensions>
      </trkpt>
      <trkpt lat="24.53741644509136676788330078125" lon="118.15454226918518543243408203125">
        <ele>18.799999237060546875</ele>
        <time>2026-08-10T13:42:51.000Z</time>
        <extensions>
          <ns3:TrackPointExtension>
            <ns3:hr>147</ns3:hr>
            <ns3:cad>89</ns3:cad>
          </ns3:TrackPointExtension>
        </extensions>
      </trkpt>
      <trkpt lat="24.537399597465991973876953125" lon="118.15456523559987545013427734375">
        <ele>18.799999237060546875</ele>
        <time>2026-08-10T13:42:52.000Z</time>
        <extensions>
          <ns3:TrackPointExtension>
            <ns3:hr>147</ns3:hr>
            <ns3:cad>88</ns3:cad>
          </ns3:TrackPointExtension>
        </extensions>
      </trkpt>
      <trkpt lat="24.5373831689357757568359375" lon="118.15459323115646839141845703125">
        <ele>18.799999237060546875</ele>
        <time>2026-08-10T13:42:53.000Z</time>
        <extensions>
          <ns3:TrackPointExtension>
            <ns3:hr>147</ns3:hr>
            <ns3:cad>88</ns3:cad>
          </ns3:TrackPointExtension>
        </extensions>
      </trkpt>
      <trkpt lat="24.537366740405559539794921875" lon="118.15462030470371246337890625">
        <ele>19</ele>
        <time>2026-08-10T13:42:54.000Z</time>
        <extensions>
          <ns3:TrackPointExtension>
            <ns3:hr>147</ns3:hr>
            <ns3:cad>88</ns3:cad>
          </ns3:TrackPointExtension>
        </extensions>
      </trkpt>
      <trkpt lat="24.53735576011240482330322265625" lon="118.15464846789836883544921875">
        <ele>19</ele>
        <time>2026-08-10T13:42:55.000Z</time>
        <extensions>
          <ns3:TrackPointExtension>
            <ns3:hr>147</ns3:hr>
            <ns3:cad>88</ns3:cad>
          </ns3:TrackPointExtension>
        </extensions>
      </trkpt>
      <trkpt lat="24.537338912487030029296875" lon="118.15468023531138896942138671875">
        <ele>19</ele>
        <time>2026-08-10T13:42:56.000Z</time>
        <extensions>
          <ns3:TrackPointExtension>
            <ns3:hr>148</ns3:hr>
            <ns3:cad>88</ns3:cad>
          </ns3:TrackPointExtension>
        </extensions>
      </trkpt>
      <trkpt lat="24.53733229078352451324462890625" lon="118.15470772795379161834716796875">
        <ele>19</ele>
        <time>2026-08-10T13:42:57.000Z</time>
        <extensions>
          <ns3:TrackPointExtension>
            <ns3:hr>148</ns3:hr>
            <ns3:cad>87</ns3:cad>
          </ns3:TrackPointExtension>
        </extensions>
      </trkpt>
      <trkpt lat="24.53731267713010311126708984375" lon="118.1547381542623043060302734375">
        <ele>19</ele>
        <time>2026-08-10T13:42:58.000Z</time>
        <extensions>
          <ns3:TrackPointExtension>
            <ns3:hr>149</ns3:hr>
            <ns3:cad>87</ns3:cad>
          </ns3:TrackPointExtension>
        </extensions>
      </trkpt>
      <trkpt lat="24.537305720150470733642578125" lon="118.15476321615278720855712890625">
        <ele>19</ele>
        <time>2026-08-10T13:42:59.000Z</time>
        <extensions>
          <ns3:TrackPointExtension>
            <ns3:hr>149</ns3:hr>
            <ns3:cad>87</ns3:cad>
          </ns3:TrackPointExtension>
        </extensions>
      </trkpt>
      <trkpt lat="24.53728786669671535491943359375" lon="118.15479598939418792724609375">
        <ele>19</ele>
        <time>2026-08-10T13:43:00.000Z</time>
        <extensions>
          <ns3:TrackPointExtension>
            <ns3:hr>149</ns3:hr>
            <ns3:cad>87</ns3:cad>
          </ns3:TrackPointExtension>
        </extensions>
      </trkpt>
      <trkpt lat="24.53728283755481243133544921875" lon="118.15481971018016338348388671875">
        <ele>19</ele>
        <time>2026-08-10T13:43:01.000Z</time>
        <extensions>
          <ns3:TrackPointExtension>
            <ns3:hr>148</ns3:hr>
            <ns3:cad>87</ns3:cad>
          </ns3:TrackPointExtension>
        </extensions>
      </trkpt>
      <trkpt lat="24.5372683368623256683349609375" lon="118.154849298298358917236328125">
        <ele>19.200000762939453125</ele>
        <time>2026-08-10T13:43:02.000Z</time>
        <extensions>
          <ns3:TrackPointExtension>
            <ns3:hr>149</ns3:hr>
            <ns3:cad>87</ns3:cad>
          </ns3:TrackPointExtension>
        </extensions>
      </trkpt>
      <trkpt lat="24.53725417144596576690673828125" lon="118.1548742763698101043701171875">
        <ele>19.200000762939453125</ele>
        <time>2026-08-10T13:43:03.000Z</time>
        <extensions>
          <ns3:TrackPointExtension>
            <ns3:hr>149</ns3:hr>
            <ns3:cad>86</ns3:cad>
          </ns3:TrackPointExtension>
        </extensions>
      </trkpt>
      <trkpt lat="24.537239335477352142333984375" lon="118.1548999249935150146484375">
        <ele>19.200000762939453125</ele>
        <time>2026-08-10T13:43:04.000Z</time>
        <extensions>
          <ns3:TrackPointExtension>
            <ns3:hr>149</ns3:hr>
            <ns3:cad>88</ns3:cad>
          </ns3:TrackPointExtension>
        </extensions>
      </trkpt>
      <trkpt lat="24.53722022473812103271484375" lon="118.15492398105561733245849609375">
        <ele>19.200000762939453125</ele>
        <time>2026-08-10T13:43:05.000Z</time>
        <extensions>
          <ns3:TrackPointExtension>
            <ns3:hr>150</ns3:hr>
            <ns3:cad>88</ns3:cad>
          </ns3:TrackPointExtension>
        </extensions>
      </trkpt>
      <trkpt lat="24.53721217811107635498046875" lon="118.15495013259351253509521484375">
        <ele>19.200000762939453125</ele>
        <time>2026-08-10T13:43:06.000Z</time>
        <extensions>
          <ns3:TrackPointExtension>
            <ns3:hr>150</ns3:hr>
            <ns3:cad>87</ns3:cad>
          </ns3:TrackPointExtension>
        </extensions>
      </trkpt>
      <trkpt lat="24.5371913909912109375" lon="118.1549792177975177764892578125">
        <ele>19.200000762939453125</ele>
        <time>2026-08-10T13:43:07.000Z</time>
        <extensions>
          <ns3:TrackPointExtension>
            <ns3:hr>150</ns3:hr>
            <ns3:cad>87</ns3:cad>
          </ns3:TrackPointExtension>
        </extensions>
      </trkpt>
      <trkpt lat="24.537184350192546844482421875" lon="118.1550043635070323944091796875">
        <ele>19.200000762939453125</ele>
        <time>2026-08-10T13:43:08.000Z</time>
        <extensions>
          <ns3:TrackPointExtension>
            <ns3:hr>151</ns3:hr>
            <ns3:cad>87</ns3:cad>
          </ns3:TrackPointExtension>
        </extensions>
      </trkpt>
      <trkpt lat="24.53716414980590343475341796875" lon="118.15503445453941822052001953125">
        <ele>19.200000762939453125</ele>
        <time>2026-08-10T13:43:09.000Z</time>
        <extensions>
          <ns3:TrackPointExtension>
            <ns3:hr>151</ns3:hr>
            <ns3:cad>87</ns3:cad>
          </ns3:TrackPointExtension>
        </extensions>
      </trkpt>
      <trkpt lat="24.537152834236621856689453125" lon="118.1550610251724720001220703125">
        <ele>19.3999996185302734375</ele>
        <time>2026-08-10T13:43:10.000Z</time>
        <extensions>
          <ns3:TrackPointExtension>
            <ns3:hr>151</ns3:hr>
            <ns3:cad>86</ns3:cad>
          </ns3:TrackPointExtension>
        </extensions>
      </trkpt>
      <trkpt lat="24.5371392555534839630126953125" lon="118.1550888530910015106201171875">
        <ele>19.3999996185302734375</ele>
        <time>2026-08-10T13:43:11.000Z</time>
        <extensions>
          <ns3:TrackPointExtension>
            <ns3:hr>150</ns3:hr>
            <ns3:cad>86</ns3:cad>
          </ns3:TrackPointExtension>
        </extensions>
      </trkpt>
      <trkpt lat="24.53712492249906063079833984375" lon="118.1551160104572772979736328125">
        <ele>19.3999996185302734375</ele>
        <time>2026-08-10T13:43:12.000Z</time>
        <extensions>
          <ns3:TrackPointExtension>
            <ns3:hr>151</ns3:hr>
            <ns3:cad>87</ns3:cad>
          </ns3:TrackPointExtension>
        </extensions>
      </trkpt>
      <trkpt lat="24.53711000271141529083251953125" lon="118.15514325164258480072021484375">
        <ele>19.3999996185302734375</ele>
        <time>2026-08-10T13:43:13.000Z</time>
        <extensions>
          <ns3:TrackPointExtension>
            <ns3:hr>151</ns3:hr>
            <ns3:cad>87</ns3:cad>
          </ns3:TrackPointExtension>
        </extensions>
      </trkpt>
      <trkpt lat="24.5370882935822010040283203125" lon="118.15516822971403598785400390625">
        <ele>19.3999996185302734375</ele>
        <time>2026-08-10T13:43:14.000Z</time>
        <extensions>
          <ns3:TrackPointExtension>
            <ns3:hr>151</ns3:hr>
            <ns3:cad>87</ns3:cad>
          </ns3:TrackPointExtension>
        </extensions>
      </trkpt>
      <trkpt lat="24.53707882203161716461181640625" lon="118.15519270487129688262939453125">
        <ele>19.3999996185302734375</ele>
        <time>2026-08-10T13:43:15.000Z</time>
        <extensions>
          <ns3:TrackPointExtension>
            <ns3:hr>150</ns3:hr>
            <ns3:cad>87</ns3:cad>
          </ns3:TrackPointExtension>
        </extensions>
      </trkpt>
      <trkpt lat="24.53706197440624237060546875" lon="118.1552202813327312469482421875">
        <ele>19.3999996185302734375</ele>
        <time>2026-08-10T13:43:16.000Z</time>
        <extensions>
          <ns3:TrackPointExtension>
            <ns3:hr>150</ns3:hr>
            <ns3:cad>87</ns3:cad>
          </ns3:TrackPointExtension>
        </extensions>
      </trkpt>
      <trkpt lat="24.53705392777919769287109375" lon="118.15524551086127758026123046875">
        <ele>19.3999996185302734375</ele>
        <time>2026-08-10T13:43:17.000Z</time>
        <extensions>
          <ns3:TrackPointExtension>
            <ns3:hr>150</ns3:hr>
            <ns3:cad>87</ns3:cad>
          </ns3:TrackPointExtension>
        </extensions>
      </trkpt>
      <trkpt lat="24.53703406266868114471435546875" lon="118.15527333877980709075927734375">
        <ele>19.3999996185302734375</ele>
        <time>2026-08-10T13:43:18.000Z</time>
        <extensions>
          <ns3:TrackPointExtension>
            <ns3:hr>149</ns3:hr>
            <ns3:cad>87</ns3:cad>
          </ns3:TrackPointExtension>
        </extensions>
      </trkpt>
      <trkpt lat="24.537022747099399566650390625" lon="118.155292533338069915771484375">
        <ele>19.3999996185302734375</ele>
        <time>2026-08-10T13:43:19.000Z</time>
        <extensions>
          <ns3:TrackPointExtension>
            <ns3:hr>150</ns3:hr>
            <ns3:cad>87</ns3:cad>
          </ns3:TrackPointExtension>
        </extensions>
      </trkpt>
      <trkpt lat="24.53700120560824871063232421875" lon="118.15531809814274311065673828125">
        <ele>19.3999996185302734375</ele>
        <time>2026-08-10T13:43:20.000Z</time>
        <extensions>
          <ns3:TrackPointExtension>
            <ns3:hr>150</ns3:hr>
            <ns3:cad>87</ns3:cad>
          </ns3:TrackPointExtension>
        </extensions>
      </trkpt>
      <trkpt lat="24.53698779456317424774169921875" lon="118.15533854998648166656494140625">
        <ele>19.3999996185302734375</ele>
        <time>2026-08-10T13:43:21.000Z</time>
        <extensions>
          <ns3:TrackPointExtension>
            <ns3:hr>150</ns3:hr>
            <ns3:cad>87</ns3:cad>
          </ns3:TrackPointExtension>
        </extensions>
      </trkpt>
      <trkpt lat="24.536975808441638946533203125" lon="118.155362270772457122802734375">
        <ele>19.3999996185302734375</ele>
        <time>2026-08-10T13:43:22.000Z</time>
        <extensions>
          <ns3:TrackPointExtension>
            <ns3:hr>149</ns3:hr>
            <ns3:cad>87</ns3:cad>
          </ns3:TrackPointExtension>
        </extensions>
      </trkpt>
      <trkpt lat="24.5369612239301204681396484375" lon="118.15538875758647918701171875">
        <ele>19.6000003814697265625</ele>
        <time>2026-08-10T13:43:23.000Z</time>
        <extensions>
          <ns3:TrackPointExtension>
            <ns3:hr>150</ns3:hr>
            <ns3:cad>87</ns3:cad>
          </ns3:TrackPointExtension>
        </extensions>
      </trkpt>
      <trkpt lat="24.53695141710340976715087890625" lon="118.15541080199182033538818359375">
        <ele>19.6000003814697265625</ele>
        <time>2026-08-10T13:43:24.000Z</time>
        <extensions>
          <ns3:TrackPointExtension>
            <ns3:hr>150</ns3:hr>
            <ns3:cad>86</ns3:cad>
          </ns3:TrackPointExtension>
        </extensions>
      </trkpt>
      <trkpt lat="24.53693046234548091888427734375" lon="118.15543862991034984588623046875">
        <ele>19.6000003814697265625</ele>
        <time>2026-08-10T13:43:25.000Z</time>
        <extensions>
          <ns3:TrackPointExtension>
            <ns3:hr>150</ns3:hr>
            <ns3:cad>86</ns3:cad>
          </ns3:TrackPointExtension>
        </extensions>
      </trkpt>
      <trkpt lat="24.5369226671755313873291015625" lon="118.15546461381018161773681640625">
        <ele>19.6000003814697265625</ele>
        <time>2026-08-10T13:43:26.000Z</time>
        <extensions>
          <ns3:TrackPointExtension>
            <ns3:hr>150</ns3:hr>
            <ns3:cad>86</ns3:cad>
          </ns3:TrackPointExtension>
        </extensions>
      </trkpt>
      <trkpt lat="24.536901377141475677490234375" lon="118.15549462102353572845458984375">
        <ele>19.6000003814697265625</ele>
        <time>2026-08-10T13:43:27.000Z</time>
        <extensions>
          <ns3:TrackPointExtension>
            <ns3:hr>149</ns3:hr>
            <ns3:cad>87</ns3:cad>
          </ns3:TrackPointExtension>
        </extensions>
      </trkpt>
      <trkpt lat="24.536885954439640045166015625" lon="118.15551591105759143829345703125">
        <ele>19.6000003814697265625</ele>
        <time>2026-08-10T13:43:28.000Z</time>
        <extensions>
          <ns3:TrackPointExtension>
            <ns3:hr>150</ns3:hr>
            <ns3:cad>87</ns3:cad>
          </ns3:TrackPointExtension>
        </extensions>
      </trkpt>
      <trkpt lat="24.5368616469204425811767578125" lon="118.15554508008062839508056640625">
        <ele>19.6000003814697265625</ele>
        <time>2026-08-10T13:43:29.000Z</time>
        <extensions>
          <ns3:TrackPointExtension>
            <ns3:hr>149</ns3:hr>
            <ns3:cad>87</ns3:cad>
          </ns3:TrackPointExtension>
        </extensions>
      </trkpt>
      <trkpt lat="24.5368485711514949798583984375" lon="118.155569136142730712890625">
        <ele>19.6000003814697265625</ele>
        <time>2026-08-10T13:43:30.000Z</time>
        <extensions>
          <ns3:TrackPointExtension>
            <ns3:hr>148</ns3:hr>
            <ns3:cad>87</ns3:cad>
          </ns3:TrackPointExtension>
        </extensions>
      </trkpt>
      <trkpt lat="24.53682996332645416259765625" lon="118.15559838898479938507080078125">
        <ele>19.799999237060546875</ele>
        <time>2026-08-10T13:43:31.000Z</time>
        <extensions>
          <ns3:TrackPointExtension>
            <ns3:hr>148</ns3:hr>
            <ns3:cad>87</ns3:cad>
          </ns3:TrackPointExtension>
        </extensions>
      </trkpt>
      <trkpt lat="24.53681395389139652252197265625" lon="118.15562386997044086456298828125">
        <ele>19.799999237060546875</ele>
        <time>2026-08-10T13:43:32.000Z</time>
        <extensions>
          <ns3:TrackPointExtension>
            <ns3:hr>148</ns3:hr>
            <ns3:cad>87</ns3:cad>
          </ns3:TrackPointExtension>
        </extensions>
      </trkpt>
      <trkpt lat="24.53680389560759067535400390625" lon="118.15565295517444610595703125">
        <ele>19.799999237060546875</ele>
        <time>2026-08-10T13:43:33.000Z</time>
        <extensions>
          <ns3:TrackPointExtension>
            <ns3:hr>148</ns3:hr>
            <ns3:cad>87</ns3:cad>
          </ns3:TrackPointExtension>
        </extensions>
      </trkpt>
      <trkpt lat="24.5367855392396450042724609375" lon="118.15568220801651477813720703125">
        <ele>19.799999237060546875</ele>
        <time>2026-08-10T13:43:34.000Z</time>
        <extensions>
          <ns3:TrackPointExtension>
            <ns3:hr>148</ns3:hr>
            <ns3:cad>86</ns3:cad>
          </ns3:TrackPointExtension>
        </extensions>
      </trkpt>
      <trkpt lat="24.5367744751274585723876953125" lon="118.15570735372602939605712890625">
        <ele>19.799999237060546875</ele>
        <time>2026-08-10T13:43:35.000Z</time>
        <extensions>
          <ns3:TrackPointExtension>
            <ns3:hr>148</ns3:hr>
            <ns3:cad>86</ns3:cad>
          </ns3:TrackPointExtension>
        </extensions>
      </trkpt>
      <trkpt lat="24.5367533527314662933349609375" lon="118.15573635511100292205810546875">
        <ele>19.799999237060546875</ele>
        <time>2026-08-10T13:43:36.000Z</time>
        <extensions>
          <ns3:TrackPointExtension>
            <ns3:hr>149</ns3:hr>
            <ns3:cad>88</ns3:cad>
          </ns3:TrackPointExtension>
        </extensions>
      </trkpt>
      <trkpt lat="24.5367456413805484771728515625" lon="118.15576284192502498626708984375">
        <ele>19.799999237060546875</ele>
        <time>2026-08-10T13:43:37.000Z</time>
        <extensions>
          <ns3:TrackPointExtension>
            <ns3:hr>150</ns3:hr>
            <ns3:cad>88</ns3:cad>
          </ns3:TrackPointExtension>
        </extensions>
      </trkpt>
      <trkpt lat="24.5367251895368099212646484375" lon="118.1557952798902988433837890625">
        <ele>19.799999237060546875</ele>
        <time>2026-08-10T13:43:38.000Z</time>
        <extensions>
          <ns3:TrackPointExtension>
            <ns3:hr>151</ns3:hr>
            <ns3:cad>87</ns3:cad>
          </ns3:TrackPointExtension>
        </extensions>
      </trkpt>
      <trkpt lat="24.53671605326235294342041015625" lon="118.1558147259056568145751953125">
        <ele>19.799999237060546875</ele>
        <time>2026-08-10T13:43:39.000Z</time>
        <extensions>
          <ns3:TrackPointExtension>
            <ns3:hr>152</ns3:hr>
            <ns3:cad>87</ns3:cad>
          </ns3:TrackPointExtension>
        </extensions>
      </trkpt>
      <trkpt lat="24.5366983674466609954833984375" lon="118.15584548749029636383056640625">
        <ele>19.799999237060546875</ele>
        <time>2026-08-10T13:43:40.000Z</time>
        <extensions>
          <ns3:TrackPointExtension>
            <ns3:hr>153</ns3:hr>
            <ns3:cad>86</ns3:cad>
          </ns3:TrackPointExtension>
        </extensions>
      </trkpt>
      <trkpt lat="24.53668738715350627899169921875" lon="118.15586761571466922760009765625">
        <ele>20</ele>
        <time>2026-08-10T13:43:41.000Z</time>
        <extensions>
          <ns3:TrackPointExtension>
            <ns3:hr>154</ns3:hr>
            <ns3:cad>86</ns3:cad>
          </ns3:TrackPointExtension>
        </extensions>
      </trkpt>
      <trkpt lat="24.5366718806326389312744140625" lon="118.1558977067470550537109375">
        <ele>20</ele>
        <time>2026-08-10T13:43:42.000Z</time>
        <extensions>
          <ns3:TrackPointExtension>
            <ns3:hr>154</ns3:hr>
            <ns3:cad>86</ns3:cad>
          </ns3:TrackPointExtension>
        </extensions>
      </trkpt>
      <trkpt lat="24.53665721230208873748779296875" lon="118.15592276863753795623779296875">
        <ele>20</ele>
        <time>2026-08-10T13:43:43.000Z</time>
        <extensions>
          <ns3:TrackPointExtension>
            <ns3:hr>154</ns3:hr>
            <ns3:cad>88</ns3:cad>
          </ns3:TrackPointExtension>
        </extensions>
      </trkpt>
      <trkpt lat="24.536641202867031097412109375" lon="118.1559495069086551666259765625">
        <ele>20</ele>
        <time>2026-08-10T13:43:44.000Z</time>
        <extensions>
          <ns3:TrackPointExtension>
            <ns3:hr>155</ns3:hr>
            <ns3:cad>88</ns3:cad>
          </ns3:TrackPointExtension>
        </extensions>
      </trkpt>
      <trkpt lat="24.536624439060688018798828125" lon="118.15597616136074066162109375">
        <ele>20</ele>
        <time>2026-08-10T13:43:45.000Z</time>
        <extensions>
          <ns3:TrackPointExtension>
            <ns3:hr>154</ns3:hr>
            <ns3:cad>88</ns3:cad>
          </ns3:TrackPointExtension>
        </extensions>
      </trkpt>
      <trkpt lat="24.53660893253982067108154296875" lon="118.1560054980218410491943359375">
        <ele>20</ele>
        <time>2026-08-10T13:43:46.000Z</time>
        <extensions>
          <ns3:TrackPointExtension>
            <ns3:hr>154</ns3:hr>
            <ns3:cad>88</ns3:cad>
          </ns3:TrackPointExtension>
        </extensions>
      </trkpt>
      <trkpt lat="24.53658730722963809967041015625" lon="118.15602670423686504364013671875">
        <ele>20</ele>
        <time>2026-08-10T13:43:47.000Z</time>
        <extensions>
          <ns3:TrackPointExtension>
            <ns3:hr>154</ns3:hr>
            <ns3:cad>88</ns3:cad>
          </ns3:TrackPointExtension>
        </extensions>
      </trkpt>
      <trkpt lat="24.536568783223628997802734375" lon="118.1560460664331912994384765625">
        <ele>20</ele>
        <time>2026-08-10T13:43:48.000Z</time>
        <extensions>
          <ns3:TrackPointExtension>
            <ns3:hr>154</ns3:hr>
            <ns3:cad>88</ns3:cad>
          </ns3:TrackPointExtension>
        </extensions>
      </trkpt>
      <trkpt lat="24.53653852455317974090576171875" lon="118.156061656773090362548828125">
        <ele>20</ele>
        <time>2026-08-10T13:43:49.000Z</time>
        <extensions>
          <ns3:TrackPointExtension>
            <ns3:hr>154</ns3:hr>
            <ns3:cad>87</ns3:cad>
          </ns3:TrackPointExtension>
        </extensions>
      </trkpt>
      <trkpt lat="24.53652058728039264678955078125" lon="118.1560775823891162872314453125">
        <ele>20</ele>
        <time>2026-08-10T13:43:50.000Z</time>
        <extensions>
          <ns3:TrackPointExtension>
            <ns3:hr>154</ns3:hr>
            <ns3:cad>87</ns3:cad>
          </ns3:TrackPointExtension>
        </extensions>
      </trkpt>
      <trkpt lat="24.5364884845912456512451171875" lon="118.15608722157776355743408203125">
        <ele>20.200000762939453125</ele>
        <time>2026-08-10T13:43:51.000Z</time>
        <extensions>
          <ns3:TrackPointExtension>
            <ns3:hr>154</ns3:hr>
            <ns3:cad>88</ns3:cad>
          </ns3:TrackPointExtension>
        </extensions>
      </trkpt>
      <trkpt lat="24.5364687032997608184814453125" lon="118.1560988724231719970703125">
        <ele>20.200000762939453125</ele>
        <time>2026-08-10T13:43:52.000Z</time>
        <extensions>
          <ns3:TrackPointExtension>
            <ns3:hr>153</ns3:hr>
            <ns3:cad>88</ns3:cad>
          </ns3:TrackPointExtension>
        </extensions>
      </trkpt>
      <trkpt lat="24.5364363491535186767578125" lon="118.15609929151833057403564453125">
        <ele>20.200000762939453125</ele>
        <time>2026-08-10T13:43:53.000Z</time>
        <extensions>
          <ns3:TrackPointExtension>
            <ns3:hr>153</ns3:hr>
            <ns3:cad>88</ns3:cad>
          </ns3:TrackPointExtension>
        </extensions>
      </trkpt>
      <trkpt lat="24.53641748987138271331787109375" lon="118.15610113553702831268310546875">
        <ele>20.200000762939453125</ele>
        <time>2026-08-10T13:43:54.000Z</time>
        <extensions>
          <ns3:TrackPointExtension>
            <ns3:hr>153</ns3:hr>
            <ns3:cad>88</ns3:cad>
          </ns3:TrackPointExtension>
        </extensions>
      </trkpt>
      <trkpt lat="24.53638379462063312530517578125" lon="118.1560966931283473968505859375">
        <ele>20.200000762939453125</ele>
        <time>2026-08-10T13:43:55.000Z</time>
        <extensions>
          <ns3:TrackPointExtension>
            <ns3:hr>152</ns3:hr>
            <ns3:cad>88</ns3:cad>
          </ns3:TrackPointExtension>
        </extensions>
      </trkpt>
      <trkpt lat="24.536360241472721099853515625" lon="118.15608738921582698822021484375">
        <ele>20.200000762939453125</ele>
        <time>2026-08-10T13:43:56.000Z</time>
        <extensions>
          <ns3:TrackPointExtension>
            <ns3:hr>152</ns3:hr>
            <ns3:cad>87</ns3:cad>
          </ns3:TrackPointExtension>
        </extensions>
      </trkpt>
      <trkpt lat="24.53633182682096958160400390625" lon="118.15608034841716289520263671875">
        <ele>20.3999996185302734375</ele>
        <time>2026-08-10T13:43:57.000Z</time>
        <extensions>
          <ns3:TrackPointExtension>
            <ns3:hr>152</ns3:hr>
            <ns3:cad>87</ns3:cad>
          </ns3:TrackPointExtension>
        </extensions>
      </trkpt>
      <trkpt lat="24.5363054238259792327880859375" lon="118.15606526099145412445068359375">
        <ele>20.3999996185302734375</ele>
        <time>2026-08-10T13:43:58.000Z</time>
        <extensions>
          <ns3:TrackPointExtension>
            <ns3:hr>152</ns3:hr>
            <ns3:cad>87</ns3:cad>
          </ns3:TrackPointExtension>
        </extensions>
      </trkpt>
      <trkpt lat="24.53628036193549633026123046875" lon="118.15605017356574535369873046875">
        <ele>20.6000003814697265625</ele>
        <time>2026-08-10T13:43:59.000Z</time>
        <extensions>
          <ns3:TrackPointExtension>
            <ns3:hr>151</ns3:hr>
            <ns3:cad>88</ns3:cad>
          </ns3:TrackPointExtension>
        </extensions>
      </trkpt>
      <trkpt lat="24.5362504385411739349365234375" lon="118.156030140817165374755859375">
        <ele>20.6000003814697265625</ele>
        <time>2026-08-10T13:44:00.000Z</time>
        <extensions>
          <ns3:TrackPointExtension>
            <ns3:hr>152</ns3:hr>
            <ns3:cad>89</ns3:cad>
          </ns3:TrackPointExtension>
        </extensions>
      </trkpt>
      <trkpt lat="24.53622856177389621734619140625" lon="118.15602201037108898162841796875">
        <ele>20.6000003814697265625</ele>
        <time>2026-08-10T13:44:01.000Z</time>
        <extensions>
          <ns3:TrackPointExtension>
            <ns3:hr>151</ns3:hr>
            <ns3:cad>89</ns3:cad>
          </ns3:TrackPointExtension>
        </extensions>
      </trkpt>
      <trkpt lat="24.53620140440762042999267578125" lon="118.15599896013736724853515625">
        <ele>20.3999996185302734375</ele>
        <time>2026-08-10T13:44:02.000Z</time>
        <extensions>
          <ns3:TrackPointExtension>
            <ns3:hr>151</ns3:hr>
            <ns3:cad>89</ns3:cad>
          </ns3:TrackPointExtension>
        </extensions>
      </trkpt>
      <trkpt lat="24.5361770130693912506103515625" lon="118.15598881803452968597412109375">
        <ele>20.3999996185302734375</ele>
        <time>2026-08-10T13:44:03.000Z</time>
        <extensions>
          <ns3:TrackPointExtension>
            <ns3:hr>151</ns3:hr>
            <ns3:cad>89</ns3:cad>
          </ns3:TrackPointExtension>
        </extensions>
      </trkpt>
      <trkpt lat="24.53615195117890834808349609375" lon="118.15596819855272769927978515625">
        <ele>20.3999996185302734375</ele>
        <time>2026-08-10T13:44:04.000Z</time>
        <extensions>
          <ns3:TrackPointExtension>
            <ns3:hr>152</ns3:hr>
            <ns3:cad>87</ns3:cad>
          </ns3:TrackPointExtension>
        </extensions>
      </trkpt>
      <trkpt lat="24.5361330918967723846435546875" lon="118.1559568829834461212158203125">
        <ele>20.3999996185302734375</ele>
        <time>2026-08-10T13:44:05.000Z</time>
        <extensions>
          <ns3:TrackPointExtension>
            <ns3:hr>151</ns3:hr>
            <ns3:cad>86</ns3:cad>
          </ns3:TrackPointExtension>
        </extensions>
      </trkpt>
      <trkpt lat="24.53610333614051342010498046875" lon="118.155940286815166473388671875">
        <ele>20.3999996185302734375</ele>
        <time>2026-08-10T13:44:06.000Z</time>
        <extensions>
          <ns3:TrackPointExtension>
            <ns3:hr>151</ns3:hr>
            <ns3:cad>86</ns3:cad>
          </ns3:TrackPointExtension>
        </extensions>
      </trkpt>
      <trkpt lat="24.53608154319226741790771484375" lon="118.15592427738010883331298828125">
        <ele>20.6000003814697265625</ele>
        <time>2026-08-10T13:44:07.000Z</time>
        <extensions>
          <ns3:TrackPointExtension>
            <ns3:hr>152</ns3:hr>
            <ns3:cad>87</ns3:cad>
          </ns3:TrackPointExtension>
        </extensions>
      </trkpt>
      <trkpt lat="24.53605388291180133819580078125" lon="118.155912458896636962890625">
        <ele>20.6000003814697265625</ele>
        <time>2026-08-10T13:44:08.000Z</time>
        <extensions>
          <ns3:TrackPointExtension>
            <ns3:hr>151</ns3:hr>
            <ns3:cad>88</ns3:cad>
          </ns3:TrackPointExtension>
        </extensions>
      </trkpt>
      <trkpt lat="24.53602605499327182769775390625" lon="118.1558958627283573150634765625">
        <ele>20.6000003814697265625</ele>
        <time>2026-08-10T13:44:09.000Z</time>
        <extensions>
          <ns3:TrackPointExtension>
            <ns3:hr>151</ns3:hr>
            <ns3:cad>88</ns3:cad>
          </ns3:TrackPointExtension>
        </extensions>
      </trkpt>
      <trkpt lat="24.5360026694834232330322265625" lon="118.15588806755840778350830078125">
        <ele>20.6000003814697265625</ele>
        <time>2026-08-10T13:44:10.000Z</time>
        <extensions>
          <ns3:TrackPointExtension>
            <ns3:hr>152</ns3:hr>
            <ns3:cad>88</ns3:cad>
          </ns3:TrackPointExtension>
        </extensions>
      </trkpt>
      <trkpt lat="24.535974003374576568603515625" lon="118.1558673642575740814208984375">
        <ele>20.6000003814697265625</ele>
        <time>2026-08-10T13:44:11.000Z</time>
        <extensions>
          <ns3:TrackPointExtension>
            <ns3:hr>151</ns3:hr>
            <ns3:cad>88</ns3:cad>
          </ns3:TrackPointExtension>
        </extensions>
      </trkpt>
      <trkpt lat="24.5359530486166477203369140625" lon="118.15585856325924396514892578125">
        <ele>20.6000003814697265625</ele>
        <time>2026-08-10T13:44:12.000Z</time>
        <extensions>
          <ns3:TrackPointExtension>
            <ns3:hr>151</ns3:hr>
            <ns3:cad>86</ns3:cad>
          </ns3:TrackPointExtension>
        </extensions>
      </trkpt>
      <trkpt lat="24.53592429868876934051513671875" lon="118.15583744086325168609619140625">
        <ele>20.6000003814697265625</ele>
        <time>2026-08-10T13:44:13.000Z</time>
        <extensions>
          <ns3:TrackPointExtension>
            <ns3:hr>151</ns3:hr>
            <ns3:cad>86</ns3:cad>
          </ns3:TrackPointExtension>
        </extensions>
      </trkpt>
      <trkpt lat="24.53590166755020618438720703125" lon="118.15582369454205036163330078125">
        <ele>20.6000003814697265625</ele>
        <time>2026-08-10T13:44:14.000Z</time>
        <extensions>
          <ns3:TrackPointExtension>
            <ns3:hr>151</ns3:hr>
            <ns3:cad>86</ns3:cad>
          </ns3:TrackPointExtension>
        </extensions>
      </trkpt>
      <trkpt lat="24.5358715765178203582763671875" lon="118.155804164707660675048828125">
        <ele>20.6000003814697265625</ele>
        <time>2026-08-10T13:44:15.000Z</time>
        <extensions>
          <ns3:TrackPointExtension>
            <ns3:hr>151</ns3:hr>
            <ns3:cad>86</ns3:cad>
          </ns3:TrackPointExtension>
        </extensions>
      </trkpt>
      <trkpt lat="24.5358494482934474945068359375" lon="118.1557895801961421966552734375">
        <ele>20.6000003814697265625</ele>
        <time>2026-08-10T13:44:16.000Z</time>
        <extensions>
          <ns3:TrackPointExtension>
            <ns3:hr>151</ns3:hr>
            <ns3:cad>87</ns3:cad>
          </ns3:TrackPointExtension>
        </extensions>
      </trkpt>
      <trkpt lat="24.5358236320316791534423828125" lon="118.1557728163897991180419921875">
        <ele>20.6000003814697265625</ele>
        <time>2026-08-10T13:44:17.000Z</time>
        <extensions>
          <ns3:TrackPointExtension>
            <ns3:hr>151</ns3:hr>
            <ns3:cad>87</ns3:cad>
          </ns3:TrackPointExtension>
        </extensions>
      </trkpt>
      <trkpt lat="24.53579857014119625091552734375" lon="118.15575378946959972381591796875">
        <ele>20.6000003814697265625</ele>
        <time>2026-08-10T13:44:18.000Z</time>
        <extensions>
          <ns3:TrackPointExtension>
            <ns3:hr>152</ns3:hr>
            <ns3:cad>87</ns3:cad>
          </ns3:TrackPointExtension>
        </extensions>
      </trkpt>
      <trkpt lat="24.5357733406126499176025390625" lon="118.15574188716709613800048828125">
        <ele>20.6000003814697265625</ele>
        <time>2026-08-10T13:44:19.000Z</time>
        <extensions>
          <ns3:TrackPointExtension>
            <ns3:hr>152</ns3:hr>
            <ns3:cad>87</ns3:cad>
          </ns3:TrackPointExtension>
        </extensions>
      </trkpt>
      <trkpt lat="24.5357481949031352996826171875" lon="118.1557206809520721435546875">
        <ele>20.6000003814697265625</ele>
        <time>2026-08-10T13:44:20.000Z</time>
        <extensions>
          <ns3:TrackPointExtension>
            <ns3:hr>152</ns3:hr>
            <ns3:cad>87</ns3:cad>
          </ns3:TrackPointExtension>
        </extensions>
      </trkpt>
      <trkpt lat="24.535723887383937835693359375" lon="118.155715651810169219970703125">
        <ele>20.799999237060546875</ele>
        <time>2026-08-10T13:44:21.000Z</time>
        <extensions>
          <ns3:TrackPointExtension>
            <ns3:hr>151</ns3:hr>
            <ns3:cad>86</ns3:cad>
          </ns3:TrackPointExtension>
        </extensions>
      </trkpt>
      <trkpt lat="24.53569396398961544036865234375" lon="118.155697546899318695068359375">
        <ele>20.799999237060546875</ele>
        <time>2026-08-10T13:44:22.000Z</time>
        <extensions>
          <ns3:TrackPointExtension>
            <ns3:hr>152</ns3:hr>
            <ns3:cad>87</ns3:cad>
          </ns3:TrackPointExtension>
        </extensions>
      </trkpt>
      <trkpt lat="24.5356724224984645843505859375" lon="118.15569142811000347137451171875">
        <ele>20.799999237060546875</ele>
        <time>2026-08-10T13:44:23.000Z</time>
        <extensions>
          <ns3:TrackPointExtension>
            <ns3:hr>152</ns3:hr>
            <ns3:cad>87</ns3:cad>
          </ns3:TrackPointExtension>
        </extensions>
      </trkpt>
      <trkpt lat="24.5356415770947933197021484375" lon="118.15567382611334323883056640625">
        <ele>20.799999237060546875</ele>
        <time>2026-08-10T13:44:24.000Z</time>
        <extensions>
          <ns3:TrackPointExtension>
            <ns3:hr>151</ns3:hr>
            <ns3:cad>87</ns3:cad>
          </ns3:TrackPointExtension>
        </extensions>
      </trkpt>
      <trkpt lat="24.53562020324170589447021484375" lon="118.1556651927530765533447265625">
        <ele>20.799999237060546875</ele>
        <time>2026-08-10T13:44:25.000Z</time>
        <extensions>
          <ns3:TrackPointExtension>
            <ns3:hr>151</ns3:hr>
            <ns3:cad>87</ns3:cad>
          </ns3:TrackPointExtension>
        </extensions>
      </trkpt>
      <trkpt lat="24.53559078276157379150390625" lon="118.15564884804189205169677734375">
        <ele>20.799999237060546875</ele>
        <time>2026-08-10T13:44:26.000Z</time>
        <extensions>
          <ns3:TrackPointExtension>
            <ns3:hr>151</ns3:hr>
            <ns3:cad>87</ns3:cad>
          </ns3:TrackPointExtension>
        </extensions>
      </trkpt>
      <trkpt lat="24.53556798398494720458984375" lon="118.15562571398913860321044921875">
        <ele>21</ele>
        <time>2026-08-10T13:44:27.000Z</time>
        <extensions>
          <ns3:TrackPointExtension>
            <ns3:hr>151</ns3:hr>
            <ns3:cad>87</ns3:cad>
          </ns3:TrackPointExtension>
        </extensions>
      </trkpt>
      <trkpt lat="24.53554359264671802520751953125" lon="118.15560945309698581695556640625">
        <ele>21</ele>
        <time>2026-08-10T13:44:28.000Z</time>
        <extensions>
          <ns3:TrackPointExtension>
            <ns3:hr>152</ns3:hr>
            <ns3:cad>86</ns3:cad>
          </ns3:TrackPointExtension>
        </extensions>
      </trkpt>
      <trkpt lat="24.535520374774932861328125" lon="118.15558849833905696868896484375">
        <ele>21</ele>
        <time>2026-08-10T13:44:29.000Z</time>
        <extensions>
          <ns3:TrackPointExtension>
            <ns3:hr>151</ns3:hr>
            <ns3:cad>86</ns3:cad>
          </ns3:TrackPointExtension>
        </extensions>
      </trkpt>
      <trkpt lat="24.53550017438828945159912109375" lon="118.15557508729398250579833984375">
        <ele>21</ele>
        <time>2026-08-10T13:44:30.000Z</time>
        <extensions>
          <ns3:TrackPointExtension>
            <ns3:hr>151</ns3:hr>
            <ns3:cad>87</ns3:cad>
          </ns3:TrackPointExtension>
        </extensions>
      </trkpt>
      <trkpt lat="24.5354756154119968414306640625" lon="118.15555103123188018798828125">
        <ele>21</ele>
        <time>2026-08-10T13:44:31.000Z</time>
        <extensions>
          <ns3:TrackPointExtension>
            <ns3:hr>151</ns3:hr>
            <ns3:cad>87</ns3:cad>
          </ns3:TrackPointExtension>
        </extensions>
      </trkpt>
      <trkpt lat="24.53545474447309970855712890625" lon="118.155541978776454925537109375">
        <ele>21</ele>
        <time>2026-08-10T13:44:32.000Z</time>
        <extensions>
          <ns3:TrackPointExtension>
            <ns3:hr>151</ns3:hr>
            <ns3:cad>88</ns3:cad>
          </ns3:TrackPointExtension>
        </extensions>
      </trkpt>
      <trkpt lat="24.5354290120303630828857421875" lon="118.155516497790813446044921875">
        <ele>21</ele>
        <time>2026-08-10T13:44:33.000Z</time>
        <extensions>
          <ns3:TrackPointExtension>
            <ns3:hr>151</ns3:hr>
            <ns3:cad>88</ns3:cad>
          </ns3:TrackPointExtension>
        </extensions>
      </trkpt>
      <trkpt lat="24.53541032038629055023193359375" lon="118.15550786443054676055908203125">
        <ele>21</ele>
        <time>2026-08-10T13:44:34.000Z</time>
        <extensions>
          <ns3:TrackPointExtension>
            <ns3:hr>151</ns3:hr>
            <ns3:cad>88</ns3:cad>
          </ns3:TrackPointExtension>
        </extensions>
      </trkpt>
      <trkpt lat="24.53538157045841217041015625" lon="118.15548959188163280487060546875">
        <ele>21</ele>
        <time>2026-08-10T13:44:35.000Z</time>
        <extensions>
          <ns3:TrackPointExtension>
            <ns3:hr>151</ns3:hr>
            <ns3:cad>87</ns3:cad>
          </ns3:TrackPointExtension>
        </extensions>
      </trkpt>
      <trkpt lat="24.5353602804243564605712890625" lon="118.15548087470233440399169921875">
        <ele>21</ele>
        <time>2026-08-10T13:44:36.000Z</time>
        <extensions>
          <ns3:TrackPointExtension>
            <ns3:hr>151</ns3:hr>
            <ns3:cad>87</ns3:cad>
          </ns3:TrackPointExtension>
        </extensions>
      </trkpt>
      <trkpt lat="24.53533622436225414276123046875" lon="118.1554643623530864715576171875">
        <ele>21</ele>
        <time>2026-08-10T13:44:37.000Z</time>
        <extensions>
          <ns3:TrackPointExtension>
            <ns3:hr>151</ns3:hr>
            <ns3:cad>87</ns3:cad>
          </ns3:TrackPointExtension>
        </extensions>
      </trkpt>
      <trkpt lat="24.535316862165927886962890625" lon="118.15544650889933109283447265625">
        <ele>21</ele>
        <time>2026-08-10T13:44:38.000Z</time>
        <extensions>
          <ns3:TrackPointExtension>
            <ns3:hr>152</ns3:hr>
            <ns3:cad>87</ns3:cad>
          </ns3:TrackPointExtension>
        </extensions>
      </trkpt>
      <trkpt lat="24.53528995625674724578857421875" lon="118.1554291583597660064697265625">
        <ele>21</ele>
        <time>2026-08-10T13:44:39.000Z</time>
        <extensions>
          <ns3:TrackPointExtension>
            <ns3:hr>151</ns3:hr>
            <ns3:cad>88</ns3:cad>
          </ns3:TrackPointExtension>
        </extensions>
      </trkpt>
      <trkpt lat="24.53526615165174007415771484375" lon="118.15540879033505916595458984375">
        <ele>21</ele>
        <time>2026-08-10T13:44:40.000Z</time>
        <extensions>
          <ns3:TrackPointExtension>
            <ns3:hr>151</ns3:hr>
            <ns3:cad>88</ns3:cad>
          </ns3:TrackPointExtension>
        </extensions>
      </trkpt>
      <trkpt lat="24.53524075448513031005859375" lon="118.15539319999516010284423828125">
        <ele>21</ele>
        <time>2026-08-10T13:44:41.000Z</time>
        <extensions>
          <ns3:TrackPointExtension>
            <ns3:hr>152</ns3:hr>
            <ns3:cad>88</ns3:cad>
          </ns3:TrackPointExtension>
        </extensions>
      </trkpt>
      <trkpt lat="24.5352157764136791229248046875" lon="118.1553731672465801239013671875">
        <ele>21</ele>
        <time>2026-08-10T13:44:42.000Z</time>
        <extensions>
          <ns3:TrackPointExtension>
            <ns3:hr>151</ns3:hr>
            <ns3:cad>88</ns3:cad>
          </ns3:TrackPointExtension>
        </extensions>
      </trkpt>
      <trkpt lat="24.53519507311284542083740234375" lon="118.15536218695342540740966796875">
        <ele>21</ele>
        <time>2026-08-10T13:44:43.000Z</time>
        <extensions>
          <ns3:TrackPointExtension>
            <ns3:hr>151</ns3:hr>
            <ns3:cad>87</ns3:cad>
          </ns3:TrackPointExtension>
        </extensions>
      </trkpt>
      <trkpt lat="24.53516607172787189483642578125" lon="118.15534072928130626678466796875">
        <ele>21</ele>
        <time>2026-08-10T13:44:44.000Z</time>
        <extensions>
          <ns3:TrackPointExtension>
            <ns3:hr>152</ns3:hr>
            <ns3:cad>87</ns3:cad>
          </ns3:TrackPointExtension>
        </extensions>
      </trkpt>
      <trkpt lat="24.5351440273225307464599609375" lon="118.15533217974007129669189453125">
        <ele>21</ele>
        <time>2026-08-10T13:44:45.000Z</time>
        <extensions>
          <ns3:TrackPointExtension>
            <ns3:hr>151</ns3:hr>
            <ns3:cad>87</ns3:cad>
          </ns3:TrackPointExtension>
        </extensions>
      </trkpt>
      <trkpt lat="24.53511737287044525146484375" lon="118.155313991010189056396484375">
        <ele>21</ele>
        <time>2026-08-10T13:44:46.000Z</time>
        <extensions>
          <ns3:TrackPointExtension>
            <ns3:hr>151</ns3:hr>
            <ns3:cad>88</ns3:cad>
          </ns3:TrackPointExtension>
        </extensions>
      </trkpt>
      <trkpt lat="24.53509583137929439544677734375" lon="118.15530359745025634765625">
        <ele>21</ele>
        <time>2026-08-10T13:44:47.000Z</time>
        <extensions>
          <ns3:TrackPointExtension>
            <ns3:hr>152</ns3:hr>
            <ns3:cad>88</ns3:cad>
          </ns3:TrackPointExtension>
        </extensions>
      </trkpt>
      <trkpt lat="24.53506398014724254608154296875" lon="118.155290186405181884765625">
        <ele>21</ele>
        <time>2026-08-10T13:44:48.000Z</time>
        <extensions>
          <ns3:TrackPointExtension>
            <ns3:hr>152</ns3:hr>
            <ns3:cad>89</ns3:cad>
          </ns3:TrackPointExtension>
        </extensions>
      </trkpt>
      <trkpt lat="24.5350374095141887664794921875" lon="118.155281804502010345458984375">
        <ele>21</ele>
        <time>2026-08-10T13:44:49.000Z</time>
        <extensions>
          <ns3:TrackPointExtension>
            <ns3:hr>152</ns3:hr>
            <ns3:cad>89</ns3:cad>
          </ns3:TrackPointExtension>
        </extensions>
      </trkpt>
      <trkpt lat="24.53500463627278804779052734375" lon="118.1552709080278873443603515625">
        <ele>21</ele>
        <time>2026-08-10T13:44:50.000Z</time>
        <extensions>
          <ns3:TrackPointExtension>
            <ns3:hr>153</ns3:hr>
            <ns3:cad>89</ns3:cad>
          </ns3:TrackPointExtension>
        </extensions>
      </trkpt>
      <trkpt lat="24.5349777303636074066162109375" lon="118.15526009537279605865478515625">
        <ele>21</ele>
        <time>2026-08-10T13:44:51.000Z</time>
        <extensions>
          <ns3:TrackPointExtension>
            <ns3:hr>153</ns3:hr>
            <ns3:cad>88</ns3:cad>
          </ns3:TrackPointExtension>
        </extensions>
      </trkpt>
      <trkpt lat="24.53494814224541187286376953125" lon="118.15525724552571773529052734375">
        <ele>21</ele>
        <time>2026-08-10T13:44:52.000Z</time>
        <extensions>
          <ns3:TrackPointExtension>
            <ns3:hr>153</ns3:hr>
            <ns3:cad>87</ns3:cad>
          </ns3:TrackPointExtension>
        </extensions>
      </trkpt>
      <trkpt lat="24.53491947613656520843505859375" lon="118.1552459299564361572265625">
        <ele>21.200000762939453125</ele>
        <time>2026-08-10T13:44:53.000Z</time>
        <extensions>
          <ns3:TrackPointExtension>
            <ns3:hr>153</ns3:hr>
            <ns3:cad>87</ns3:cad>
          </ns3:TrackPointExtension>
        </extensions>
      </trkpt>
      <trkpt lat="24.534895084798336029052734375" lon="118.155246265232563018798828125">
        <ele>21.200000762939453125</ele>
        <time>2026-08-10T13:44:54.000Z</time>
        <extensions>
          <ns3:TrackPointExtension>
            <ns3:hr>153</ns3:hr>
            <ns3:cad>87</ns3:cad>
          </ns3:TrackPointExtension>
        </extensions>
      </trkpt>
      <trkpt lat="24.53486365266144275665283203125" lon="118.15523679368197917938232421875">
        <ele>21.200000762939453125</ele>
        <time>2026-08-10T13:44:55.000Z</time>
        <extensions>
          <ns3:TrackPointExtension>
            <ns3:hr>152</ns3:hr>
            <ns3:cad>87</ns3:cad>
          </ns3:TrackPointExtension>
        </extensions>
      </trkpt>
      <trkpt lat="24.53484135679900646209716796875" lon="118.155238889157772064208984375">
        <ele>21.200000762939453125</ele>
        <time>2026-08-10T13:44:56.000Z</time>
        <extensions>
          <ns3:TrackPointExtension>
            <ns3:hr>153</ns3:hr>
            <ns3:cad>87</ns3:cad>
          </ns3:TrackPointExtension>
        </extensions>
      </trkpt>
      <trkpt lat="24.5348084159195423126220703125" lon="118.15523277036845684051513671875">
        <ele>21.3999996185302734375</ele>
        <time>2026-08-10T13:44:57.000Z</time>
        <extensions>
          <ns3:TrackPointExtension>
            <ns3:hr>153</ns3:hr>
            <ns3:cad>87</ns3:cad>
          </ns3:TrackPointExtension>
        </extensions>
      </trkpt>
      <trkpt lat="24.5347856171429157257080078125" lon="118.155234195291996002197265625">
        <ele>21.3999996185302734375</ele>
        <time>2026-08-10T13:44:58.000Z</time>
        <extensions>
          <ns3:TrackPointExtension>
            <ns3:hr>153</ns3:hr>
            <ns3:cad>87</ns3:cad>
          </ns3:TrackPointExtension>
        </extensions>
      </trkpt>
      <trkpt lat="24.534753598272800445556640625" lon="118.155236877501010894775390625">
        <ele>21.3999996185302734375</ele>
        <time>2026-08-10T13:44:59.000Z</time>
        <extensions>
          <ns3:TrackPointExtension>
            <ns3:hr>153</ns3:hr>
            <ns3:cad>87</ns3:cad>
          </ns3:TrackPointExtension>
        </extensions>
      </trkpt>
      <trkpt lat="24.53472937457263469696044921875" lon="118.1552336923778057098388671875">
        <ele>21.3999996185302734375</ele>
        <time>2026-08-10T13:45:00.000Z</time>
        <extensions>
          <ns3:TrackPointExtension>
            <ns3:hr>153</ns3:hr>
            <ns3:cad>86</ns3:cad>
          </ns3:TrackPointExtension>
        </extensions>
      </trkpt>
      <trkpt lat="24.5346994511783123016357421875" lon="118.15523863770067691802978515625">
        <ele>21.3999996185302734375</ele>
        <time>2026-08-10T13:45:01.000Z</time>
        <extensions>
          <ns3:TrackPointExtension>
            <ns3:hr>153</ns3:hr>
            <ns3:cad>86</ns3:cad>
          </ns3:TrackPointExtension>
        </extensions>
      </trkpt>
      <trkpt lat="24.53466986306011676788330078125" lon="118.15523813478648662567138671875">
        <ele>21.3999996185302734375</ele>
        <time>2026-08-10T13:45:02.000Z</time>
        <extensions>
          <ns3:TrackPointExtension>
            <ns3:hr>153</ns3:hr>
            <ns3:cad>87</ns3:cad>
          </ns3:TrackPointExtension>
        </extensions>
      </trkpt>
      <trkpt lat="24.53464471735060214996337890625" lon="118.155246265232563018798828125">
        <ele>21.3999996185302734375</ele>
        <time>2026-08-10T13:45:03.000Z</time>
        <extensions>
          <ns3:TrackPointExtension>
            <ns3:hr>153</ns3:hr>
            <ns3:cad>88</ns3:cad>
          </ns3:TrackPointExtension>
        </extensions>
      </trkpt>
      <trkpt lat="24.534613788127899169921875" lon="118.15525221638381481170654296875">
        <ele>21.3999996185302734375</ele>
        <time>2026-08-10T13:45:04.000Z</time>
        <extensions>
          <ns3:TrackPointExtension>
            <ns3:hr>153</ns3:hr>
            <ns3:cad>88</ns3:cad>
          </ns3:TrackPointExtension>
        </extensions>
      </trkpt>
      <trkpt lat="24.5345928333699703216552734375" lon="118.155265040695667266845703125">
        <ele>21.6000003814697265625</ele>
        <time>2026-08-10T13:45:05.000Z</time>
        <extensions>
          <ns3:TrackPointExtension>
            <ns3:hr>153</ns3:hr>
            <ns3:cad>87</ns3:cad>
          </ns3:TrackPointExtension>
        </extensions>
      </trkpt>
      <trkpt lat="24.5345623232424259185791015625" lon="118.15527032129466533660888671875">
        <ele>21.6000003814697265625</ele>
        <time>2026-08-10T13:45:06.000Z</time>
        <extensions>
          <ns3:TrackPointExtension>
            <ns3:hr>153</ns3:hr>
            <ns3:cad>87</ns3:cad>
          </ns3:TrackPointExtension>
        </extensions>
      </trkpt>
      <trkpt lat="24.53454379923641681671142578125" lon="118.155284821987152099609375">
        <ele>21.3999996185302734375</ele>
        <time>2026-08-10T13:45:07.000Z</time>
        <extensions>
          <ns3:TrackPointExtension>
            <ns3:hr>153</ns3:hr>
            <ns3:cad>87</ns3:cad>
          </ns3:TrackPointExtension>
        </extensions>
      </trkpt>
      <trkpt lat="24.53450985252857208251953125" lon="118.15529462881386280059814453125">
        <ele>21.3999996185302734375</ele>
        <time>2026-08-10T13:45:08.000Z</time>
        <extensions>
          <ns3:TrackPointExtension>
            <ns3:hr>153</ns3:hr>
            <ns3:cad>87</ns3:cad>
          </ns3:TrackPointExtension>
        </extensions>
      </trkpt>
      <trkpt lat="24.53448839485645294189453125" lon="118.1553064472973346710205078125">
        <ele>21.3999996185302734375</ele>
        <time>2026-08-10T13:45:09.000Z</time>
        <extensions>
          <ns3:TrackPointExtension>
            <ns3:hr>153</ns3:hr>
            <ns3:cad>87</ns3:cad>
          </ns3:TrackPointExtension>
        </extensions>
      </trkpt>
      <trkpt lat="24.53445193357765674591064453125" lon="118.1553178466856479644775390625">
        <ele>21.200000762939453125</ele>
        <time>2026-08-10T13:45:10.000Z</time>
        <extensions>
          <ns3:TrackPointExtension>
            <ns3:hr>153</ns3:hr>
            <ns3:cad>87</ns3:cad>
          </ns3:TrackPointExtension>
        </extensions>
      </trkpt>
      <trkpt lat="24.53442678786814212799072265625" lon="118.1553235463798046112060546875">
        <ele>21.200000762939453125</ele>
        <time>2026-08-10T13:45:11.000Z</time>
        <extensions>
          <ns3:TrackPointExtension>
            <ns3:hr>153</ns3:hr>
            <ns3:cad>87</ns3:cad>
          </ns3:TrackPointExtension>
        </extensions>
      </trkpt>
      <trkpt lat="24.53439476899802684783935546875" lon="118.15533620305359363555908203125">
        <ele>21.200000762939453125</ele>
        <time>2026-08-10T13:45:12.000Z</time>
        <extensions>
          <ns3:TrackPointExtension>
            <ns3:hr>153</ns3:hr>
            <ns3:cad>87</ns3:cad>
          </ns3:TrackPointExtension>
        </extensions>
      </trkpt>
      <trkpt lat="24.53436409123241901397705078125" lon="118.15534123219549655914306640625">
        <ele>21.3999996185302734375</ele>
        <time>2026-08-10T13:45:13.000Z</time>
        <extensions>
          <ns3:TrackPointExtension>
            <ns3:hr>154</ns3:hr>
            <ns3:cad>87</ns3:cad>
          </ns3:TrackPointExtension>
        </extensions>
      </trkpt>
      <trkpt lat="24.5343360118567943572998046875" lon="118.1553537212312221527099609375">
        <ele>21.3999996185302734375</ele>
        <time>2026-08-10T13:45:14.000Z</time>
        <extensions>
          <ns3:TrackPointExtension>
            <ns3:hr>153</ns3:hr>
            <ns3:cad>87</ns3:cad>
          </ns3:TrackPointExtension>
        </extensions>
      </trkpt>
      <trkpt lat="24.534300304949283599853515625" lon="118.15534994937479496002197265625">
        <ele>21.3999996185302734375</ele>
        <time>2026-08-10T13:45:15.000Z</time>
        <extensions>
          <ns3:TrackPointExtension>
            <ns3:hr>153</ns3:hr>
            <ns3:cad>87</ns3:cad>
          </ns3:TrackPointExtension>
        </extensions>
      </trkpt>
      <trkpt lat="24.5342783443629741668701171875" lon="118.155355565249919891357421875">
        <ele>21.3999996185302734375</ele>
        <time>2026-08-10T13:45:16.000Z</time>
        <extensions>
          <ns3:TrackPointExtension>
            <ns3:hr>154</ns3:hr>
            <ns3:cad>87</ns3:cad>
          </ns3:TrackPointExtension>
        </extensions>
      </trkpt>
      <trkpt lat="24.534242637455463409423828125" lon="118.1553507037460803985595703125">
        <ele>21.6000003814697265625</ele>
        <time>2026-08-10T13:45:17.000Z</time>
        <extensions>
          <ns3:TrackPointExtension>
            <ns3:hr>153</ns3:hr>
            <ns3:cad>87</ns3:cad>
          </ns3:TrackPointExtension>
        </extensions>
      </trkpt>
      <trkpt lat="24.53421941958367824554443359375" lon="118.15535388886928558349609375">
        <ele>21.6000003814697265625</ele>
        <time>2026-08-10T13:45:18.000Z</time>
        <extensions>
          <ns3:TrackPointExtension>
            <ns3:hr>153</ns3:hr>
            <ns3:cad>87</ns3:cad>
          </ns3:TrackPointExtension>
        </extensions>
      </trkpt>
      <trkpt lat="24.53418438322842121124267578125" lon="118.155350200831890106201171875">
        <ele>21.6000003814697265625</ele>
        <time>2026-08-10T13:45:19.000Z</time>
        <extensions>
          <ns3:TrackPointExtension>
            <ns3:hr>154</ns3:hr>
            <ns3:cad>87</ns3:cad>
          </ns3:TrackPointExtension>
        </extensions>
      </trkpt>
      <trkpt lat="24.5341618359088897705078125" lon="118.1553480215370655059814453125">
        <ele>21.6000003814697265625</ele>
        <time>2026-08-10T13:45:20.000Z</time>
        <extensions>
          <ns3:TrackPointExtension>
            <ns3:hr>153</ns3:hr>
            <ns3:cad>87</ns3:cad>
          </ns3:TrackPointExtension>
        </extensions>
      </trkpt>
      <trkpt lat="24.53413040377199649810791015625" lon="118.1553460098803043365478515625">
        <ele>21.6000003814697265625</ele>
        <time>2026-08-10T13:45:21.000Z</time>
        <extensions>
          <ns3:TrackPointExtension>
            <ns3:hr>153</ns3:hr>
            <ns3:cad>87</ns3:cad>
          </ns3:TrackPointExtension>
        </extensions>
      </trkpt>
      <trkpt lat="24.5341056771576404571533203125" lon="118.15533737652003765106201171875">
        <ele>21.6000003814697265625</ele>
        <time>2026-08-10T13:45:22.000Z</time>
        <extensions>
          <ns3:TrackPointExtension>
            <ns3:hr>154</ns3:hr>
            <ns3:cad>87</ns3:cad>
          </ns3:TrackPointExtension>
        </extensions>
      </trkpt>
      <trkpt lat="24.53407675959169864654541015625" lon="118.15533109009265899658203125">
        <ele>21.6000003814697265625</ele>
        <time>2026-08-10T13:45:23.000Z</time>
        <extensions>
          <ns3:TrackPointExtension>
            <ns3:hr>153</ns3:hr>
            <ns3:cad>87</ns3:cad>
          </ns3:TrackPointExtension>
        </extensions>
      </trkpt>
      <trkpt lat="24.53404993750154972076416015625" lon="118.15532010979950428009033203125">
        <ele>21.6000003814697265625</ele>
        <time>2026-08-10T13:45:24.000Z</time>
        <extensions>
          <ns3:TrackPointExtension>
            <ns3:hr>153</ns3:hr>
            <ns3:cad>87</ns3:cad>
          </ns3:TrackPointExtension>
        </extensions>
      </trkpt>
      <trkpt lat="24.53402663581073284149169921875" lon="118.155317008495330810546875">
        <ele>21.799999237060546875</ele>
        <time>2026-08-10T13:45:25.000Z</time>
        <extensions>
          <ns3:TrackPointExtension>
            <ns3:hr>153</ns3:hr>
            <ns3:cad>87</ns3:cad>
          </ns3:TrackPointExtension>
        </extensions>
      </trkpt>
      <trkpt lat="24.5339936949312686920166015625" lon="118.1552980653941631317138671875">
        <ele>21.6000003814697265625</ele>
        <time>2026-08-10T13:45:26.000Z</time>
        <extensions>
          <ns3:TrackPointExtension>
            <ns3:hr>153</ns3:hr>
            <ns3:cad>87</ns3:cad>
          </ns3:TrackPointExtension>
        </extensions>
      </trkpt>
      <trkpt lat="24.5339698903262615203857421875" lon="118.15529161132872104644775390625">
        <ele>21.6000003814697265625</ele>
        <time>2026-08-10T13:45:27.000Z</time>
        <extensions>
          <ns3:TrackPointExtension>
            <ns3:hr>153</ns3:hr>
            <ns3:cad>88</ns3:cad>
          </ns3:TrackPointExtension>
        </extensions>
      </trkpt>
      <trkpt lat="24.533937536180019378662109375" lon="118.15527149476110935211181640625">
        <ele>21.6000003814697265625</ele>
        <time>2026-08-10T13:45:28.000Z</time>
        <extensions>
          <ns3:TrackPointExtension>
            <ns3:hr>154</ns3:hr>
            <ns3:cad>88</ns3:cad>
          </ns3:TrackPointExtension>
        </extensions>
      </trkpt>
      <trkpt lat="24.53391632996499538421630859375" lon="118.155265040695667266845703125">
        <ele>21.3999996185302734375</ele>
        <time>2026-08-10T13:45:29.000Z</time>
        <extensions>
          <ns3:TrackPointExtension>
            <ns3:hr>153</ns3:hr>
            <ns3:cad>88</ns3:cad>
          </ns3:TrackPointExtension>
        </extensions>
      </trkpt>
      <trkpt lat="24.5338877476751804351806640625" lon="118.155243583023548126220703125">
        <ele>21.6000003814697265625</ele>
        <time>2026-08-10T13:45:30.000Z</time>
        <extensions>
          <ns3:TrackPointExtension>
            <ns3:hr>153</ns3:hr>
            <ns3:cad>87</ns3:cad>
          </ns3:TrackPointExtension>
        </extensions>
      </trkpt>
      <trkpt lat="24.53386520035564899444580078125" lon="118.15523293800652027130126953125">
        <ele>21.6000003814697265625</ele>
        <time>2026-08-10T13:45:31.000Z</time>
        <extensions>
          <ns3:TrackPointExtension>
            <ns3:hr>154</ns3:hr>
            <ns3:cad>87</ns3:cad>
          </ns3:TrackPointExtension>
        </extensions>
      </trkpt>
      <trkpt lat="24.5338354445993900299072265625" lon="118.15521843731403350830078125">
        <ele>21.3999996185302734375</ele>
        <time>2026-08-10T13:45:32.000Z</time>
        <extensions>
          <ns3:TrackPointExtension>
            <ns3:hr>154</ns3:hr>
            <ns3:cad>87</ns3:cad>
          </ns3:TrackPointExtension>
        </extensions>
      </trkpt>
      <trkpt lat="24.53380979597568511962890625" lon="118.1551991589367389678955078125">
        <ele>21.6000003814697265625</ele>
        <time>2026-08-10T13:45:33.000Z</time>
        <extensions>
          <ns3:TrackPointExtension>
            <ns3:hr>154</ns3:hr>
            <ns3:cad>87</ns3:cad>
          </ns3:TrackPointExtension>
        </extensions>
      </trkpt>
      <trkpt lat="24.53378557227551937103271484375" lon="118.1551840715110301971435546875">
        <ele>21.6000003814697265625</ele>
        <time>2026-08-10T13:45:34.000Z</time>
        <extensions>
          <ns3:TrackPointExtension>
            <ns3:hr>154</ns3:hr>
            <ns3:cad>87</ns3:cad>
          </ns3:TrackPointExtension>
        </extensions>
      </trkpt>
      <trkpt lat="24.533763863146305084228515625" lon="118.15515850670635700225830078125">
        <ele>21.6000003814697265625</ele>
        <time>2026-08-10T13:45:35.000Z</time>
        <extensions>
          <ns3:TrackPointExtension>
            <ns3:hr>154</ns3:hr>
            <ns3:cad>87</ns3:cad>
          </ns3:TrackPointExtension>
        </extensions>
      </trkpt>
      <trkpt lat="24.53374466858804225921630859375" lon="118.1551455147564411163330078125">
        <ele>21.3999996185302734375</ele>
        <time>2026-08-10T13:45:36.000Z</time>
        <extensions>
          <ns3:TrackPointExtension>
            <ns3:hr>154</ns3:hr>
            <ns3:cad>87</ns3:cad>
          </ns3:TrackPointExtension>
        </extensions>
      </trkpt>
      <trkpt lat="24.5337234623730182647705078125" lon="118.15511609427630901336669921875">
        <ele>21.3999996185302734375</ele>
        <time>2026-08-10T13:45:37.000Z</time>
        <extensions>
          <ns3:TrackPointExtension>
            <ns3:hr>154</ns3:hr>
            <ns3:cad>87</ns3:cad>
          </ns3:TrackPointExtension>
        </extensions>
      </trkpt>
      <trkpt lat="24.53370795585215091705322265625" lon="118.155100084841251373291015625">
        <ele>21.3999996185302734375</ele>
        <time>2026-08-10T13:45:38.000Z</time>
        <extensions>
          <ns3:TrackPointExtension>
            <ns3:hr>154</ns3:hr>
            <ns3:cad>87</ns3:cad>
          </ns3:TrackPointExtension>
        </extensions>
      </trkpt>
      <trkpt lat="24.53369043767452239990234375" lon="118.155067898333072662353515625">
        <ele>21.3999996185302734375</ele>
        <time>2026-08-10T13:45:39.000Z</time>
        <extensions>
          <ns3:TrackPointExtension>
            <ns3:hr>153</ns3:hr>
            <ns3:cad>87</ns3:cad>
          </ns3:TrackPointExtension>
        </extensions>
      </trkpt>
      <trkpt lat="24.53367392532527446746826171875" lon="118.15504702739417552947998046875">
        <ele>21.3999996185302734375</ele>
        <time>2026-08-10T13:45:40.000Z</time>
        <extensions>
          <ns3:TrackPointExtension>
            <ns3:hr>154</ns3:hr>
            <ns3:cad>87</ns3:cad>
          </ns3:TrackPointExtension>
        </extensions>
      </trkpt>
      <trkpt lat="24.533651210367679595947265625" lon="118.15501785837113857269287109375">
        <ele>21.3999996185302734375</ele>
        <time>2026-08-10T13:45:41.000Z</time>
        <extensions>
          <ns3:TrackPointExtension>
            <ns3:hr>154</ns3:hr>
            <ns3:cad>87</ns3:cad>
          </ns3:TrackPointExtension>
        </extensions>
      </trkpt>
      <trkpt lat="24.53363545238971710205078125" lon="118.1549929641187191009521484375">
        <ele>21.3999996185302734375</ele>
        <time>2026-08-10T13:45:42.000Z</time>
        <extensions>
          <ns3:TrackPointExtension>
            <ns3:hr>154</ns3:hr>
            <ns3:cad>87</ns3:cad>
          </ns3:TrackPointExtension>
        </extensions>
      </trkpt>
      <trkpt lat="24.5336165092885494232177734375" lon="118.154963292181491851806640625">
        <ele>21.3999996185302734375</ele>
        <time>2026-08-10T13:45:43.000Z</time>
        <extensions>
          <ns3:TrackPointExtension>
            <ns3:hr>154</ns3:hr>
            <ns3:cad>88</ns3:cad>
          </ns3:TrackPointExtension>
        </extensions>
      </trkpt>
      <trkpt lat="24.533604271709918975830078125" lon="118.15493470989167690277099609375">
        <ele>21.6000003814697265625</ele>
        <time>2026-08-10T13:45:44.000Z</time>
        <extensions>
          <ns3:TrackPointExtension>
            <ns3:hr>153</ns3:hr>
            <ns3:cad>88</ns3:cad>
          </ns3:TrackPointExtension>
        </extensions>
      </trkpt>
      <trkpt lat="24.5335883460938930511474609375" lon="118.15490939654409885406494140625">
        <ele>21.3999996185302734375</ele>
        <time>2026-08-10T13:45:45.000Z</time>
        <extensions>
          <ns3:TrackPointExtension>
            <ns3:hr>153</ns3:hr>
            <ns3:cad>88</ns3:cad>
          </ns3:TrackPointExtension>
        </extensions>
      </trkpt>
      <trkpt lat="24.53358138911426067352294921875" lon="118.15487620420753955841064453125">
        <ele>21.3999996185302734375</ele>
        <time>2026-08-10T13:45:46.000Z</time>
        <extensions>
          <ns3:TrackPointExtension>
            <ns3:hr>153</ns3:hr>
            <ns3:cad>87</ns3:cad>
          </ns3:TrackPointExtension>
        </extensions>
      </trkpt>
      <trkpt lat="24.533568732440471649169921875" lon="118.15484854392707347869873046875">
        <ele>21.3999996185302734375</ele>
        <time>2026-08-10T13:45:47.000Z</time>
        <extensions>
          <ns3:TrackPointExtension>
            <ns3:hr>153</ns3:hr>
            <ns3:cad>87</ns3:cad>
          </ns3:TrackPointExtension>
        </extensions>
      </trkpt>
      <trkpt lat="24.5335581712424755096435546875" lon="118.15481208264827728271484375">
        <ele>21.3999996185302734375</ele>
        <time>2026-08-10T13:45:48.000Z</time>
        <extensions>
          <ns3:TrackPointExtension>
            <ns3:hr>153</ns3:hr>
            <ns3:cad>87</ns3:cad>
          </ns3:TrackPointExtension>
        </extensions>
      </trkpt>
      <trkpt lat="24.5335471071302890777587890625" lon="118.15478852950036525726318359375">
        <ele>21.3999996185302734375</ele>
        <time>2026-08-10T13:45:49.000Z</time>
        <extensions>
          <ns3:TrackPointExtension>
            <ns3:hr>154</ns3:hr>
            <ns3:cad>87</ns3:cad>
          </ns3:TrackPointExtension>
        </extensions>
      </trkpt>
      <trkpt lat="24.53354266472160816192626953125" lon="118.1547512300312519073486328125">
        <ele>21.200000762939453125</ele>
        <time>2026-08-10T13:45:50.000Z</time>
        <extensions>
          <ns3:TrackPointExtension>
            <ns3:hr>153</ns3:hr>
            <ns3:cad>87</ns3:cad>
          </ns3:TrackPointExtension>
        </extensions>
      </trkpt>
      <trkpt lat="24.53353495337069034576416015625" lon="118.15472700633108615875244140625">
        <ele>21.200000762939453125</ele>
        <time>2026-08-10T13:45:51.000Z</time>
        <extensions>
          <ns3:TrackPointExtension>
            <ns3:hr>153</ns3:hr>
            <ns3:cad>87</ns3:cad>
          </ns3:TrackPointExtension>
        </extensions>
      </trkpt>
      <trkpt lat="24.53352791257202625274658203125" lon="118.1546880304813385009765625">
        <ele>21.200000762939453125</ele>
        <time>2026-08-10T13:45:52.000Z</time>
        <extensions>
          <ns3:TrackPointExtension>
            <ns3:hr>153</ns3:hr>
            <ns3:cad>87</ns3:cad>
          </ns3:TrackPointExtension>
        </extensions>
      </trkpt>
      <trkpt lat="24.5335256494581699371337890625" lon="118.15466095693409442901611328125">
        <ele>21.200000762939453125</ele>
        <time>2026-08-10T13:45:53.000Z</time>
        <extensions>
          <ns3:TrackPointExtension>
            <ns3:hr>153</ns3:hr>
            <ns3:cad>87</ns3:cad>
          </ns3:TrackPointExtension>
        </extensions>
      </trkpt>
      <trkpt lat="24.5335216261446475982666015625" lon="118.15462608821690082550048828125">
        <ele>21.200000762939453125</ele>
        <time>2026-08-10T13:45:54.000Z</time>
        <extensions>
          <ns3:TrackPointExtension>
            <ns3:hr>153</ns3:hr>
            <ns3:cad>87</ns3:cad>
          </ns3:TrackPointExtension>
        </extensions>
      </trkpt>
      <trkpt lat="24.53352145850658416748046875" lon="118.15459214150905609130859375">
        <ele>21.200000762939453125</ele>
        <time>2026-08-10T13:45:55.000Z</time>
        <extensions>
          <ns3:TrackPointExtension>
            <ns3:hr>153</ns3:hr>
            <ns3:cad>86</ns3:cad>
          </ns3:TrackPointExtension>
        </extensions>
      </trkpt>
      <trkpt lat="24.533512406051158905029296875" lon="118.15456054173409938812255859375">
        <ele>21.200000762939453125</ele>
        <time>2026-08-10T13:45:56.000Z</time>
        <extensions>
          <ns3:TrackPointExtension>
            <ns3:hr>153</ns3:hr>
            <ns3:cad>86</ns3:cad>
          </ns3:TrackPointExtension>
        </extensions>
      </trkpt>
      <trkpt lat="24.53351114876568317413330078125" lon="118.1545269303023815155029296875">
        <ele>21.200000762939453125</ele>
        <time>2026-08-10T13:45:57.000Z</time>
        <extensions>
          <ns3:TrackPointExtension>
            <ns3:hr>153</ns3:hr>
            <ns3:cad>87</ns3:cad>
          </ns3:TrackPointExtension>
        </extensions>
      </trkpt>
      <trkpt lat="24.53350695781409740447998046875" lon="118.154501952230930328369140625">
        <ele>21.200000762939453125</ele>
        <time>2026-08-10T13:45:58.000Z</time>
        <extensions>
          <ns3:TrackPointExtension>
            <ns3:hr>153</ns3:hr>
            <ns3:cad>88</ns3:cad>
          </ns3:TrackPointExtension>
        </extensions>
      </trkpt>
      <trkpt lat="24.5335119031369686126708984375" lon="118.15446280874311923980712890625">
        <ele>21.200000762939453125</ele>
        <time>2026-08-10T13:45:59.000Z</time>
        <extensions>
          <ns3:TrackPointExtension>
            <ns3:hr>153</ns3:hr>
            <ns3:cad>88</ns3:cad>
          </ns3:TrackPointExtension>
        </extensions>
      </trkpt>
      <trkpt lat="24.53350980766117572784423828125" lon="118.15443816594779491424560546875">
        <ele>21.200000762939453125</ele>
        <time>2026-08-10T13:46:00.000Z</time>
        <extensions>
          <ns3:TrackPointExtension>
            <ns3:hr>154</ns3:hr>
            <ns3:cad>87</ns3:cad>
          </ns3:TrackPointExtension>
        </extensions>
      </trkpt>
      <trkpt lat="24.533522129058837890625" lon="118.15440262667834758758544921875">
        <ele>21.200000762939453125</ele>
        <time>2026-08-10T13:46:01.000Z</time>
        <extensions>
          <ns3:TrackPointExtension>
            <ns3:hr>153</ns3:hr>
            <ns3:cad>87</ns3:cad>
          </ns3:TrackPointExtension>
        </extensions>
      </trkpt>
      <trkpt lat="24.53352690674364566802978515625" lon="118.1543768942356109619140625">
        <ele>21.200000762939453125</ele>
        <time>2026-08-10T13:46:02.000Z</time>
        <extensions>
          <ns3:TrackPointExtension>
            <ns3:hr>153</ns3:hr>
            <ns3:cad>87</ns3:cad>
          </ns3:TrackPointExtension>
        </extensions>
      </trkpt>
      <trkpt lat="24.5335373841226100921630859375" lon="118.15434244461357593536376953125">
        <ele>21.200000762939453125</ele>
        <time>2026-08-10T13:46:03.000Z</time>
        <extensions>
          <ns3:TrackPointExtension>
            <ns3:hr>154</ns3:hr>
            <ns3:cad>87</ns3:cad>
          </ns3:TrackPointExtension>
        </extensions>
      </trkpt>
      <trkpt lat="24.5335467718541622161865234375" lon="118.15431579016149044036865234375">
        <ele>21.200000762939453125</ele>
        <time>2026-08-10T13:46:04.000Z</time>
        <extensions>
          <ns3:TrackPointExtension>
            <ns3:hr>154</ns3:hr>
            <ns3:cad>87</ns3:cad>
          </ns3:TrackPointExtension>
        </extensions>
      </trkpt>
      <trkpt lat="24.53356328420341014862060546875" lon="118.15428796224296092987060546875">
        <ele>21.200000762939453125</ele>
        <time>2026-08-10T13:46:05.000Z</time>
        <extensions>
          <ns3:TrackPointExtension>
            <ns3:hr>154</ns3:hr>
            <ns3:cad>88</ns3:cad>
          </ns3:TrackPointExtension>
        </extensions>
      </trkpt>
      <trkpt lat="24.53358122147619724273681640625" lon="118.15425845794379711151123046875">
        <ele>21.200000762939453125</ele>
        <time>2026-08-10T13:46:06.000Z</time>
        <extensions>
          <ns3:TrackPointExtension>
            <ns3:hr>153</ns3:hr>
            <ns3:cad>88</ns3:cad>
          </ns3:TrackPointExtension>
        </extensions>
      </trkpt>
      <trkpt lat="24.5335972309112548828125" lon="118.15422945655882358551025390625">
        <ele>21.200000762939453125</ele>
        <time>2026-08-10T13:46:07.000Z</time>
        <extensions>
          <ns3:TrackPointExtension>
            <ns3:hr>154</ns3:hr>
            <ns3:cad>88</ns3:cad>
          </ns3:TrackPointExtension>
        </extensions>
      </trkpt>
      <trkpt lat="24.53361575491726398468017578125" lon="118.15420196391642093658447265625">
        <ele>21.3999996185302734375</ele>
        <time>2026-08-10T13:46:08.000Z</time>
        <extensions>
          <ns3:TrackPointExtension>
            <ns3:hr>154</ns3:hr>
            <ns3:cad>87</ns3:cad>
          </ns3:TrackPointExtension>
        </extensions>
      </trkpt>
      <trkpt lat="24.533624388277530670166015625" lon="118.1541762314736843109130859375">
        <ele>21.3999996185302734375</ele>
        <time>2026-08-10T13:46:09.000Z</time>
        <extensions>
          <ns3:TrackPointExtension>
            <ns3:hr>153</ns3:hr>
            <ns3:cad>87</ns3:cad>
          </ns3:TrackPointExtension>
        </extensions>
      </trkpt>
      <trkpt lat="24.53364827670156955718994140625" lon="118.1541494093835353851318359375">
        <ele>21.200000762939453125</ele>
        <time>2026-08-10T13:46:10.000Z</time>
        <extensions>
          <ns3:TrackPointExtension>
            <ns3:hr>153</ns3:hr>
            <ns3:cad>87</ns3:cad>
          </ns3:TrackPointExtension>
        </extensions>
      </trkpt>
      <trkpt lat="24.53365799970924854278564453125" lon="118.15412552095949649810791015625">
        <ele>21.3999996185302734375</ele>
        <time>2026-08-10T13:46:11.000Z</time>
        <extensions>
          <ns3:TrackPointExtension>
            <ns3:hr>153</ns3:hr>
            <ns3:cad>87</ns3:cad>
          </ns3:TrackPointExtension>
        </extensions>
      </trkpt>
      <trkpt lat="24.53368113376200199127197265625" lon="118.154093921184539794921875">
        <ele>21.200000762939453125</ele>
        <time>2026-08-10T13:46:12.000Z</time>
        <extensions>
          <ns3:TrackPointExtension>
            <ns3:hr>153</ns3:hr>
            <ns3:cad>87</ns3:cad>
          </ns3:TrackPointExtension>
        </extensions>
      </trkpt>
      <trkpt lat="24.53369236551225185394287109375" lon="118.154070116579532623291015625">
        <ele>21.200000762939453125</ele>
        <time>2026-08-10T13:46:13.000Z</time>
        <extensions>
          <ns3:TrackPointExtension>
            <ns3:hr>154</ns3:hr>
            <ns3:cad>87</ns3:cad>
          </ns3:TrackPointExtension>
        </extensions>
      </trkpt>
      <trkpt lat="24.53371499665081501007080078125" lon="118.1540401093661785125732421875">
        <ele>21.200000762939453125</ele>
        <time>2026-08-10T13:46:14.000Z</time>
        <extensions>
          <ns3:TrackPointExtension>
            <ns3:hr>153</ns3:hr>
            <ns3:cad>88</ns3:cad>
          </ns3:TrackPointExtension>
        </extensions>
      </trkpt>
      <trkpt lat="24.5337348617613315582275390625" lon="118.15401655621826648712158203125">
        <ele>21.200000762939453125</ele>
        <time>2026-08-10T13:46:15.000Z</time>
        <extensions>
          <ns3:TrackPointExtension>
            <ns3:hr>153</ns3:hr>
            <ns3:cad>88</ns3:cad>
          </ns3:TrackPointExtension>
        </extensions>
      </trkpt>
      <trkpt lat="24.53375615179538726806640625" lon="118.15398906357586383819580078125">
        <ele>21.200000762939453125</ele>
        <time>2026-08-10T13:46:16.000Z</time>
        <extensions>
          <ns3:TrackPointExtension>
            <ns3:hr>154</ns3:hr>
            <ns3:cad>88</ns3:cad>
          </ns3:TrackPointExtension>
        </extensions>
      </trkpt>
      <trkpt lat="24.533779621124267578125" lon="118.15396827645599842071533203125">
        <ele>21.200000762939453125</ele>
        <time>2026-08-10T13:46:17.000Z</time>
        <extensions>
          <ns3:TrackPointExtension>
            <ns3:hr>154</ns3:hr>
            <ns3:cad>88</ns3:cad>
          </ns3:TrackPointExtension>
        </extensions>
      </trkpt>
      <trkpt lat="24.53379814513027667999267578125" lon="118.153946064412593841552734375">
        <ele>21</ele>
        <time>2026-08-10T13:46:18.000Z</time>
        <extensions>
          <ns3:TrackPointExtension>
            <ns3:hr>153</ns3:hr>
            <ns3:cad>87</ns3:cad>
          </ns3:TrackPointExtension>
        </extensions>
      </trkpt>
      <trkpt lat="24.533824883401393890380859375" lon="118.1539289653301239013671875">
        <ele>21</ele>
        <time>2026-08-10T13:46:19.000Z</time>
        <extensions>
          <ns3:TrackPointExtension>
            <ns3:hr>153</ns3:hr>
            <ns3:cad>87</ns3:cad>
          </ns3:TrackPointExtension>
        </extensions>
      </trkpt>
      <trkpt lat="24.53383653424680233001708984375" lon="118.1539086811244487762451171875">
        <ele>21.200000762939453125</ele>
        <time>2026-08-10T13:46:20.000Z</time>
        <extensions>
          <ns3:TrackPointExtension>
            <ns3:hr>153</ns3:hr>
            <ns3:cad>86</ns3:cad>
          </ns3:TrackPointExtension>
        </extensions>
      </trkpt>
      <trkpt lat="24.53386587090790271759033203125" lon="118.15389066003262996673583984375">
        <ele>21</ele>
        <time>2026-08-10T13:46:21.000Z</time>
        <extensions>
          <ns3:TrackPointExtension>
            <ns3:hr>153</ns3:hr>
            <ns3:cad>86</ns3:cad>
          </ns3:TrackPointExtension>
        </extensions>
      </trkpt>
      <trkpt lat="24.53388431109488010406494140625" lon="118.1538748182356357574462890625">
        <ele>21</ele>
        <time>2026-08-10T13:46:22.000Z</time>
        <extensions>
          <ns3:TrackPointExtension>
            <ns3:hr>153</ns3:hr>
            <ns3:cad>88</ns3:cad>
          </ns3:TrackPointExtension>
        </extensions>
      </trkpt>
      <trkpt lat="24.5339179225265979766845703125" lon="118.15385847352445125579833984375">
        <ele>21</ele>
        <time>2026-08-10T13:46:23.000Z</time>
        <extensions>
          <ns3:TrackPointExtension>
            <ns3:hr>153</ns3:hr>
            <ns3:cad>88</ns3:cad>
          </ns3:TrackPointExtension>
        </extensions>
      </trkpt>
      <trkpt lat="24.5339392125606536865234375" lon="118.15384321846067905426025390625">
        <ele>21</ele>
        <time>2026-08-10T13:46:24.000Z</time>
        <extensions>
          <ns3:TrackPointExtension>
            <ns3:hr>153</ns3:hr>
            <ns3:cad>88</ns3:cad>
          </ns3:TrackPointExtension>
        </extensions>
      </trkpt>
      <trkpt lat="24.53396896831691265106201171875" lon="118.15382771193981170654296875">
        <ele>21</ele>
        <time>2026-08-10T13:46:25.000Z</time>
        <extensions>
          <ns3:TrackPointExtension>
            <ns3:hr>153</ns3:hr>
            <ns3:cad>87</ns3:cad>
          </ns3:TrackPointExtension>
        </extensions>
      </trkpt>
      <trkpt lat="24.5339953713119029998779296875" lon="118.1538174860179424285888671875">
        <ele>21</ele>
        <time>2026-08-10T13:46:26.000Z</time>
        <extensions>
          <ns3:TrackPointExtension>
            <ns3:hr>153</ns3:hr>
            <ns3:cad>87</ns3:cad>
          </ns3:TrackPointExtension>
        </extensions>
      </trkpt>
      <trkpt lat="24.534021355211734771728515625" lon="118.15380600281059741973876953125">
        <ele>21</ele>
        <time>2026-08-10T13:46:27.000Z</time>
        <extensions>
          <ns3:TrackPointExtension>
            <ns3:hr>153</ns3:hr>
            <ns3:cad>87</ns3:cad>
          </ns3:TrackPointExtension>
        </extensions>
      </trkpt>
      <trkpt lat="24.5340527035295963287353515625" lon="118.1537987105548381805419921875">
        <ele>21</ele>
        <time>2026-08-10T13:46:28.000Z</time>
        <extensions>
          <ns3:TrackPointExtension>
            <ns3:hr>153</ns3:hr>
            <ns3:cad>87</ns3:cad>
          </ns3:TrackPointExtension>
        </extensions>
      </trkpt>
      <trkpt lat="24.53407801687717437744140625" lon="118.153786472976207733154296875">
        <ele>21</ele>
        <time>2026-08-10T13:46:29.000Z</time>
        <extensions>
          <ns3:TrackPointExtension>
            <ns3:hr>153</ns3:hr>
            <ns3:cad>87</ns3:cad>
          </ns3:TrackPointExtension>
        </extensions>
      </trkpt>
      <trkpt lat="24.53411296941339969635009765625" lon="118.15378186292946338653564453125">
        <ele>21</ele>
        <time>2026-08-10T13:46:30.000Z</time>
        <extensions>
          <ns3:TrackPointExtension>
            <ns3:hr>153</ns3:hr>
            <ns3:cad>87</ns3:cad>
          </ns3:TrackPointExtension>
        </extensions>
      </trkpt>
      <trkpt lat="24.53413392417132854461669921875" lon="118.15377004444599151611328125">
        <ele>21</ele>
        <time>2026-08-10T13:46:31.000Z</time>
        <extensions>
          <ns3:TrackPointExtension>
            <ns3:hr>153</ns3:hr>
            <ns3:cad>87</ns3:cad>
          </ns3:TrackPointExtension>
        </extensions>
      </trkpt>
      <trkpt lat="24.5341707207262516021728515625" lon="118.1537626683712005615234375">
        <ele>21</ele>
        <time>2026-08-10T13:46:32.000Z</time>
        <extensions>
          <ns3:TrackPointExtension>
            <ns3:hr>153</ns3:hr>
            <ns3:cad>87</ns3:cad>
          </ns3:TrackPointExtension>
        </extensions>
      </trkpt>
      <trkpt lat="24.53419192694127559661865234375" lon="118.1537532806396484375">
        <ele>21</ele>
        <time>2026-08-10T13:46:33.000Z</time>
        <extensions>
          <ns3:TrackPointExtension>
            <ns3:hr>153</ns3:hr>
            <ns3:cad>87</ns3:cad>
          </ns3:TrackPointExtension>
        </extensions>
      </trkpt>
      <trkpt lat="24.53422646038234233856201171875" lon="118.15374917350709438323974609375">
        <ele>20.799999237060546875</ele>
        <time>2026-08-10T13:46:34.000Z</time>
        <extensions>
          <ns3:TrackPointExtension>
            <ns3:hr>153</ns3:hr>
            <ns3:cad>87</ns3:cad>
          </ns3:TrackPointExtension>
        </extensions>
      </trkpt>
      <trkpt lat="24.53425294719636440277099609375" lon="118.15375286154448986053466796875">
        <ele>20.799999237060546875</ele>
        <time>2026-08-10T13:46:35.000Z</time>
        <extensions>
          <ns3:TrackPointExtension>
            <ns3:hr>153</ns3:hr>
            <ns3:cad>87</ns3:cad>
          </ns3:TrackPointExtension>
        </extensions>
      </trkpt>
      <trkpt lat="24.53428530134260654449462890625" lon="118.15375931560993194580078125">
        <ele>20.799999237060546875</ele>
        <time>2026-08-10T13:46:36.000Z</time>
        <extensions>
          <ns3:TrackPointExtension>
            <ns3:hr>153</ns3:hr>
            <ns3:cad>86</ns3:cad>
          </ns3:TrackPointExtension>
        </extensions>
      </trkpt>
      <trkpt lat="24.53431212343275547027587890625" lon="118.15377582795917987823486328125">
        <ele>20.799999237060546875</ele>
        <time>2026-08-10T13:46:37.000Z</time>
        <extensions>
          <ns3:TrackPointExtension>
            <ns3:hr>153</ns3:hr>
            <ns3:cad>86</ns3:cad>
          </ns3:TrackPointExtension>
        </extensions>
      </trkpt>
      <trkpt lat="24.53434078954160213470458984375" lon="118.15379510633647441864013671875">
        <ele>20.799999237060546875</ele>
        <time>2026-08-10T13:46:38.000Z</time>
        <extensions>
          <ns3:TrackPointExtension>
            <ns3:hr>153</ns3:hr>
            <ns3:cad>88</ns3:cad>
          </ns3:TrackPointExtension>
        </extensions>
      </trkpt>
      <trkpt lat="24.53436442650854587554931640625" lon="118.15384958870708942413330078125">
        <ele>20.799999237060546875</ele>
        <time>2026-08-10T13:46:39.000Z</time>
        <extensions>
          <ns3:TrackPointExtension>
            <ns3:hr>153</ns3:hr>
            <ns3:cad>88</ns3:cad>
          </ns3:TrackPointExtension>
        </extensions>
      </trkpt>
      <trkpt lat="24.53435185365378856658935546875" lon="118.15388680435717105865478515625">
        <ele>21</ele>
        <time>2026-08-10T13:46:40.000Z</time>
        <extensions>
          <ns3:TrackPointExtension>
            <ns3:hr>153</ns3:hr>
            <ns3:cad>88</ns3:cad>
          </ns3:TrackPointExtension>
        </extensions>
      </trkpt>
      <trkpt lat="24.53434489667415618896484375" lon="118.15392016433179378509521484375">
        <ele>21</ele>
        <time>2026-08-10T13:46:41.000Z</time>
        <extensions>
          <ns3:TrackPointExtension>
            <ns3:hr>153</ns3:hr>
            <ns3:cad>88</ns3:cad>
          </ns3:TrackPointExtension>
        </extensions>
      </trkpt>
      <trkpt lat="24.5343361794948577880859375" lon="118.1539559550583362579345703125">
        <ele>21.200000762939453125</ele>
        <time>2026-08-10T13:46:42.000Z</time>
        <extensions>
          <ns3:TrackPointExtension>
            <ns3:hr>153</ns3:hr>
            <ns3:cad>87</ns3:cad>
          </ns3:TrackPointExtension>
        </extensions>
      </trkpt>
      <trkpt lat="24.53433274291455745697021484375" lon="118.15399308688938617706298828125">
        <ele>21.200000762939453125</ele>
        <time>2026-08-10T13:46:43.000Z</time>
        <extensions>
          <ns3:TrackPointExtension>
            <ns3:hr>152</ns3:hr>
            <ns3:cad>87</ns3:cad>
          </ns3:TrackPointExtension>
        </extensions>
      </trkpt>
      <trkpt lat="24.53432209789752960205078125" lon="118.15402326174080371856689453125">
        <ele>21.200000762939453125</ele>
        <time>2026-08-10T13:46:44.000Z</time>
        <extensions>
          <ns3:TrackPointExtension>
            <ns3:hr>153</ns3:hr>
            <ns3:cad>88</ns3:cad>
          </ns3:TrackPointExtension>
        </extensions>
      </trkpt>
      <trkpt lat="24.5343200862407684326171875" lon="118.1540484912693500518798828125">
        <ele>21.200000762939453125</ele>
        <time>2026-08-10T13:46:45.000Z</time>
        <extensions>
          <ns3:TrackPointExtension>
            <ns3:hr>153</ns3:hr>
            <ns3:cad>89</ns3:cad>
          </ns3:TrackPointExtension>
        </extensions>
      </trkpt>
      <trkpt lat="24.53430734574794769287109375" lon="118.15408025868237018585205078125">
        <ele>21.3999996185302734375</ele>
        <time>2026-08-10T13:46:46.000Z</time>
        <extensions>
          <ns3:TrackPointExtension>
            <ns3:hr>152</ns3:hr>
            <ns3:cad>89</ns3:cad>
          </ns3:TrackPointExtension>
        </extensions>
      </trkpt>
      <trkpt lat="24.53430089168250560760498046875" lon="118.1541014648973941802978515625">
        <ele>21.3999996185302734375</ele>
        <time>2026-08-10T13:46:47.000Z</time>
        <extensions>
          <ns3:TrackPointExtension>
            <ns3:hr>152</ns3:hr>
            <ns3:cad>89</ns3:cad>
          </ns3:TrackPointExtension>
        </extensions>
      </trkpt>
      <trkpt lat="24.53429485671222209930419921875" lon="118.15412652678787708282470703125">
        <ele>21.6000003814697265625</ele>
        <time>2026-08-10T13:46:48.000Z</time>
        <extensions>
          <ns3:TrackPointExtension>
            <ns3:hr>153</ns3:hr>
            <ns3:cad>89</ns3:cad>
          </ns3:TrackPointExtension>
        </extensions>
      </trkpt>
    </trkseg>
  </trk>
</gpx>
