<?xml version="1.0" encoding="UTF-8"?>
<gpx creator="Garmin Connect" version="1.1"
  xsi:schemaLocation="http://www.topografix.com/GPX/1/1 http://www.topografix.com/GPX/11.xsd"
  xmlns:ns3="http://www.garmin.com/xmlschemas/TrackPointExtension/v1"
  xmlns="http://www.topografix.com/GPX/1/1"
  xmlns:xsi="http://www.w3.org/2001/XMLSchema-instance" xmlns:ns2="http://www.garmin.com/xmlschemas/GpxExtensions/v3">
  <metadata>
    <link href="connect.garmin.com">
      <text>Garmin Connect</text>
    </link>
    <time>2026-08-12T13:58:55.000Z</time>
  </metadata>
  <trk>
    <name>厦门市 跑步</name>
    <type>running</type>
    <trkseg>
      <trkpt lat="24.499756135046482086181640625" lon="118.14643579535186290740966796875">
        <ele>28.3999996185302734375</ele>
        <time>2026-08-12T13:58:55.000Z</time>
        <extensions>
          <ns3:TrackPointExtension>
            <ns3:hr>89</ns3:hr>
            <ns3:cad>60</ns3:cad>
          </ns3:TrackPointExtension>
        </extensions>
      </trkpt>
      <trkpt lat="24.4997861422598361968994140625" lon="118.146478123962879180908203125">
        <ele>28.6000003814697265625</ele>
        <time>2026-08-12T13:58:56.000Z</time>
        <extensions>
          <ns3:TrackPointExtension>
            <ns3:hr>90</ns3:hr>
            <ns3:cad>60</ns3:cad>
          </ns3:TrackPointExtension>
        </extensions>
      </trkpt>
      <trkpt lat="24.49979729019105434417724609375" lon="118.14648541621863842010498046875">
        <ele>28.6000003814697265625</ele>
        <time>2026-08-12T13:58:57.000Z</time>
        <extensions>
          <ns3:TrackPointExtension>
            <ns3:hr>92</ns3:hr>
            <ns3:cad>60</ns3:cad>
          </ns3:TrackPointExtension>
        </extensions>
      </trkpt>
      <trkpt lat="24.49981237761676311492919921875" lon="118.14649027772247791290283203125">
        <ele>28.799999237060546875</ele>
        <time>2026-08-12T13:58:58.000Z</time>
        <extensions>
          <ns3:TrackPointExtension>
            <ns3:hr>93</ns3:hr>
            <ns3:cad>60</ns3:cad>
          </ns3:TrackPointExtension>
        </extensions>
      </trkpt>
      <trkpt lat="24.499825201928615570068359375" lon="118.1464960612356662750244140625">
        <ele>28.799999237060546875</ele>
        <time>2026-08-12T13:58:59.000Z</time>
        <extensions>
          <ns3:TrackPointExtension>
            <ns3:hr>95</ns3:hr>
            <ns3:cad>60</ns3:cad>
          </ns3:TrackPointExtension>
        </extensions>
      </trkpt>
      <trkpt lat="24.4998421333730220794677734375" lon="118.14649648033082485198974609375">
        <ele>28.799999237060546875</ele>
        <time>2026-08-12T13:59:00.000Z</time>
        <extensions>
          <ns3:TrackPointExtension>
            <ns3:hr>97</ns3:hr>
            <ns3:cad>92</ns3:cad>
          </ns3:TrackPointExtension>
        </extensions>
      </trkpt>
      <trkpt lat="24.499860741198062896728515625" lon="118.1464960612356662750244140625">
        <ele>28.799999237060546875</ele>
        <time>2026-08-12T13:59:01.000Z</time>
        <extensions>
          <ns3:TrackPointExtension>
            <ns3:hr>98</ns3:hr>
            <ns3:cad>95</ns3:cad>
          </ns3:TrackPointExtension>
        </extensions>
      </trkpt>
      <trkpt lat="24.49988027103245258331298828125" lon="118.1464930437505245208740234375">
        <ele>28.799999237060546875</ele>
        <time>2026-08-12T13:59:02.000Z</time>
        <extensions>
          <ns3:TrackPointExtension>
            <ns3:hr>99</ns3:hr>
            <ns3:cad>95</ns3:cad>
          </ns3:TrackPointExtension>
        </extensions>
      </trkpt>
      <trkpt lat="24.49990524910390377044677734375" lon="118.146473430097103118896484375">
        <ele>28.799999237060546875</ele>
        <time>2026-08-12T13:59:03.000Z</time>
        <extensions>
          <ns3:TrackPointExtension>
            <ns3:hr>99</ns3:hr>
            <ns3:cad>95</ns3:cad>
          </ns3:TrackPointExtension>
        </extensions>
      </trkpt>
      <trkpt lat="24.49993123300373554229736328125" lon="118.14646010287106037139892578125">
        <ele>29</ele>
        <time>2026-08-12T13:59:04.000Z</time>
        <extensions>
          <ns3:TrackPointExtension>
            <ns3:hr>101</ns3:hr>
            <ns3:cad>95</ns3:cad>
          </ns3:TrackPointExtension>
        </extensions>
      </trkpt>
      <trkpt lat="24.4999556243419647216796875" lon="118.14645138569176197052001953125">
        <ele>29</ele>
        <time>2026-08-12T13:59:05.000Z</time>
        <extensions>
          <ns3:TrackPointExtension>
            <ns3:hr>102</ns3:hr>
            <ns3:cad>95</ns3:cad>
          </ns3:TrackPointExtension>
        </extensions>
      </trkpt>
      <trkpt lat="24.49998152442276477813720703125" lon="118.14644115976989269256591796875">
        <ele>29</ele>
        <time>2026-08-12T13:59:06.000Z</time>
        <extensions>
          <ns3:TrackPointExtension>
            <ns3:hr>104</ns3:hr>
            <ns3:cad>94</ns3:cad>
          </ns3:TrackPointExtension>
        </extensions>
      </trkpt>
      <trkpt lat="24.5000012218952178955078125" lon="118.1464321911334991455078125">
        <ele>29</ele>
        <time>2026-08-12T13:59:07.000Z</time>
        <extensions>
          <ns3:TrackPointExtension>
            <ns3:hr>107</ns3:hr>
            <ns3:cad>93</ns3:cad>
          </ns3:TrackPointExtension>
        </extensions>
      </trkpt>
      <trkpt lat="24.5000268705189228057861328125" lon="118.14642992801964282989501953125">
        <ele>29.200000762939453125</ele>
        <time>2026-08-12T13:59:08.000Z</time>
        <extensions>
          <ns3:TrackPointExtension>
            <ns3:hr>109</ns3:hr>
            <ns3:cad>93</ns3:cad>
          </ns3:TrackPointExtension>
        </extensions>
      </trkpt>
      <trkpt lat="24.5000449754297733306884765625" lon="118.146425820887088775634765625">
        <ele>29.200000762939453125</ele>
        <time>2026-08-12T13:59:09.000Z</time>
        <extensions>
          <ns3:TrackPointExtension>
            <ns3:hr>110</ns3:hr>
            <ns3:cad>93</ns3:cad>
          </ns3:TrackPointExtension>
        </extensions>
      </trkpt>
      <trkpt lat="24.50007573701441287994384765625" lon="118.1464199535548686981201171875">
        <ele>29.200000762939453125</ele>
        <time>2026-08-12T13:59:10.000Z</time>
        <extensions>
          <ns3:TrackPointExtension>
            <ns3:hr>111</ns3:hr>
            <ns3:cad>94</ns3:cad>
          </ns3:TrackPointExtension>
        </extensions>
      </trkpt>
      <trkpt lat="24.50010138563811779022216796875" lon="118.14641383476555347442626953125">
        <ele>29.200000762939453125</ele>
        <time>2026-08-12T13:59:11.000Z</time>
        <extensions>
          <ns3:TrackPointExtension>
            <ns3:hr>111</ns3:hr>
            <ns3:cad>94</ns3:cad>
          </ns3:TrackPointExtension>
        </extensions>
      </trkpt>
      <trkpt lat="24.50013441033661365509033203125" lon="118.1464098952710628509521484375">
        <ele>29.200000762939453125</ele>
        <time>2026-08-12T13:59:12.000Z</time>
        <extensions>
          <ns3:TrackPointExtension>
            <ns3:hr>112</ns3:hr>
            <ns3:cad>92</ns3:cad>
          </ns3:TrackPointExtension>
        </extensions>
      </trkpt>
      <trkpt lat="24.500169865787029266357421875" lon="118.14639857970178127288818359375">
        <ele>29.200000762939453125</ele>
        <time>2026-08-12T13:59:13.000Z</time>
        <extensions>
          <ns3:TrackPointExtension>
            <ns3:hr>115</ns3:hr>
            <ns3:cad>92</ns3:cad>
          </ns3:TrackPointExtension>
        </extensions>
      </trkpt>
      <trkpt lat="24.5002102665603160858154296875" lon="118.146401010453701019287109375">
        <ele>29.200000762939453125</ele>
        <time>2026-08-12T13:59:14.000Z</time>
        <extensions>
          <ns3:TrackPointExtension>
            <ns3:hr>116</ns3:hr>
            <ns3:cad>92</ns3:cad>
          </ns3:TrackPointExtension>
        </extensions>
      </trkpt>
      <trkpt lat="24.50024236924946308135986328125" lon="118.14639665186405181884765625">
        <ele>29.200000762939453125</ele>
        <time>2026-08-12T13:59:15.000Z</time>
        <extensions>
          <ns3:TrackPointExtension>
            <ns3:hr>117</ns3:hr>
            <ns3:cad>93</ns3:cad>
          </ns3:TrackPointExtension>
        </extensions>
      </trkpt>
      <trkpt lat="24.50028092600405216217041015625" lon="118.1463917903602123260498046875">
        <ele>29.3999996185302734375</ele>
        <time>2026-08-12T13:59:16.000Z</time>
        <extensions>
          <ns3:TrackPointExtension>
            <ns3:hr>117</ns3:hr>
            <ns3:cad>93</ns3:cad>
          </ns3:TrackPointExtension>
        </extensions>
      </trkpt>
      <trkpt lat="24.50031663291156291961669921875" lon="118.1463825702667236328125">
        <ele>29.3999996185302734375</ele>
        <time>2026-08-12T13:59:17.000Z</time>
        <extensions>
          <ns3:TrackPointExtension>
            <ns3:hr>118</ns3:hr>
            <ns3:cad>93</ns3:cad>
          </ns3:TrackPointExtension>
        </extensions>
      </trkpt>
      <trkpt lat="24.500360973179340362548828125" lon="118.14637385308742523193359375">
        <ele>29.3999996185302734375</ele>
        <time>2026-08-12T13:59:18.000Z</time>
        <extensions>
          <ns3:TrackPointExtension>
            <ns3:hr>119</ns3:hr>
            <ns3:cad>92</ns3:cad>
          </ns3:TrackPointExtension>
        </extensions>
      </trkpt>
      <trkpt lat="24.50040112249553203582763671875" lon="118.1463659740984439849853515625">
        <ele>29.6000003814697265625</ele>
        <time>2026-08-12T13:59:19.000Z</time>
        <extensions>
          <ns3:TrackPointExtension>
            <ns3:hr>119</ns3:hr>
            <ns3:cad>92</ns3:cad>
          </ns3:TrackPointExtension>
        </extensions>
      </trkpt>
      <trkpt lat="24.50044202618300914764404296875" lon="118.14636169932782649993896484375">
        <ele>29.6000003814697265625</ele>
        <time>2026-08-12T13:59:20.000Z</time>
        <extensions>
          <ns3:TrackPointExtension>
            <ns3:hr>120</ns3:hr>
            <ns3:cad>92</ns3:cad>
          </ns3:TrackPointExtension>
        </extensions>
      </trkpt>
      <trkpt lat="24.50048058293759822845458984375" lon="118.146352060139179229736328125">
        <ele>29.6000003814697265625</ele>
        <time>2026-08-12T13:59:21.000Z</time>
        <extensions>
          <ns3:TrackPointExtension>
            <ns3:hr>121</ns3:hr>
            <ns3:cad>92</ns3:cad>
          </ns3:TrackPointExtension>
        </extensions>
      </trkpt>
      <trkpt lat="24.5005193911492824554443359375" lon="118.1463431753218173980712890625">
        <ele>29.6000003814697265625</ele>
        <time>2026-08-12T13:59:22.000Z</time>
        <extensions>
          <ns3:TrackPointExtension>
            <ns3:hr>122</ns3:hr>
            <ns3:cad>92</ns3:cad>
          </ns3:TrackPointExtension>
        </extensions>
      </trkpt>
      <trkpt lat="24.5005545951426029205322265625" lon="118.14633336849510669708251953125">
        <ele>29.799999237060546875</ele>
        <time>2026-08-12T13:59:23.000Z</time>
        <extensions>
          <ns3:TrackPointExtension>
            <ns3:hr>123</ns3:hr>
            <ns3:cad>92</ns3:cad>
          </ns3:TrackPointExtension>
        </extensions>
      </trkpt>
      <trkpt lat="24.50058921240270137786865234375" lon="118.1463274173438549041748046875">
        <ele>30</ele>
        <time>2026-08-12T13:59:24.000Z</time>
        <extensions>
          <ns3:TrackPointExtension>
            <ns3:hr>124</ns3:hr>
            <ns3:cad>91</ns3:cad>
          </ns3:TrackPointExtension>
        </extensions>
      </trkpt>
      <trkpt lat="24.5006167888641357421875" lon="118.14632289111614227294921875">
        <ele>30</ele>
        <time>2026-08-12T13:59:25.000Z</time>
        <extensions>
          <ns3:TrackPointExtension>
            <ns3:hr>124</ns3:hr>
            <ns3:cad>91</ns3:cad>
          </ns3:TrackPointExtension>
        </extensions>
      </trkpt>
      <trkpt lat="24.50064067728817462921142578125" lon="118.14631911925971508026123046875">
        <ele>30.200000762939453125</ele>
        <time>2026-08-12T13:59:26.000Z</time>
        <extensions>
          <ns3:TrackPointExtension>
            <ns3:hr>124</ns3:hr>
            <ns3:cad>91</ns3:cad>
          </ns3:TrackPointExtension>
        </extensions>
      </trkpt>
      <trkpt lat="24.50066884048283100128173828125" lon="118.14631710760295391082763671875">
        <ele>30.200000762939453125</ele>
        <time>2026-08-12T13:59:27.000Z</time>
        <extensions>
          <ns3:TrackPointExtension>
            <ns3:hr>125</ns3:hr>
            <ns3:cad>91</ns3:cad>
          </ns3:TrackPointExtension>
        </extensions>
      </trkpt>
      <trkpt lat="24.50069532729685306549072265625" lon="118.14631425775587558746337890625">
        <ele>30.200000762939453125</ele>
        <time>2026-08-12T13:59:28.000Z</time>
        <extensions>
          <ns3:TrackPointExtension>
            <ns3:hr>125</ns3:hr>
            <ns3:cad>91</ns3:cad>
          </ns3:TrackPointExtension>
        </extensions>
      </trkpt>
      <trkpt lat="24.500729106366634368896484375" lon="118.1463130004703998565673828125">
        <ele>30.200000762939453125</ele>
        <time>2026-08-12T13:59:29.000Z</time>
        <extensions>
          <ns3:TrackPointExtension>
            <ns3:hr>125</ns3:hr>
            <ns3:cad>91</ns3:cad>
          </ns3:TrackPointExtension>
        </extensions>
      </trkpt>
      <trkpt lat="24.500746540725231170654296875" lon="118.14631124027073383331298828125">
        <ele>30.200000762939453125</ele>
        <time>2026-08-12T13:59:30.000Z</time>
        <extensions>
          <ns3:TrackPointExtension>
            <ns3:hr>125</ns3:hr>
            <ns3:cad>91</ns3:cad>
          </ns3:TrackPointExtension>
        </extensions>
      </trkpt>
      <trkpt lat="24.500780068337917327880859375" lon="118.1463099829852581024169921875">
        <ele>30.200000762939453125</ele>
        <time>2026-08-12T13:59:31.000Z</time>
        <extensions>
          <ns3:TrackPointExtension>
            <ns3:hr>126</ns3:hr>
            <ns3:cad>91</ns3:cad>
          </ns3:TrackPointExtension>
        </extensions>
      </trkpt>
      <trkpt lat="24.500796832144260406494140625" lon="118.146306462585926055908203125">
        <ele>30.3999996185302734375</ele>
        <time>2026-08-12T13:59:32.000Z</time>
        <extensions>
          <ns3:TrackPointExtension>
            <ns3:hr>126</ns3:hr>
            <ns3:cad>91</ns3:cad>
          </ns3:TrackPointExtension>
        </extensions>
      </trkpt>
      <trkpt lat="24.500835053622722625732421875" lon="118.14630118198692798614501953125">
        <ele>30.3999996185302734375</ele>
        <time>2026-08-12T13:59:33.000Z</time>
        <extensions>
          <ns3:TrackPointExtension>
            <ns3:hr>126</ns3:hr>
            <ns3:cad>91</ns3:cad>
          </ns3:TrackPointExtension>
        </extensions>
      </trkpt>
      <trkpt lat="24.500853158533573150634765625" lon="118.146301098167896270751953125">
        <ele>30.6000003814697265625</ele>
        <time>2026-08-12T13:59:34.000Z</time>
        <extensions>
          <ns3:TrackPointExtension>
            <ns3:hr>126</ns3:hr>
            <ns3:cad>91</ns3:cad>
          </ns3:TrackPointExtension>
        </extensions>
      </trkpt>
      <trkpt lat="24.5008861832320690155029296875" lon="118.1462992541491985321044921875">
        <ele>30.6000003814697265625</ele>
        <time>2026-08-12T13:59:35.000Z</time>
        <extensions>
          <ns3:TrackPointExtension>
            <ns3:hr>125</ns3:hr>
            <ns3:cad>90</ns3:cad>
          </ns3:TrackPointExtension>
        </extensions>
      </trkpt>
      <trkpt lat="24.50090688653290271759033203125" lon="118.14629548229277133941650390625">
        <ele>30.6000003814697265625</ele>
        <time>2026-08-12T13:59:36.000Z</time>
        <extensions>
          <ns3:TrackPointExtension>
            <ns3:hr>126</ns3:hr>
            <ns3:cad>90</ns3:cad>
          </ns3:TrackPointExtension>
        </extensions>
      </trkpt>
      <trkpt lat="24.50092968530952930450439453125" lon="118.146287687122821807861328125">
        <ele>30.799999237060546875</ele>
        <time>2026-08-12T13:59:37.000Z</time>
        <extensions>
          <ns3:TrackPointExtension>
            <ns3:hr>126</ns3:hr>
            <ns3:cad>90</ns3:cad>
          </ns3:TrackPointExtension>
        </extensions>
      </trkpt>
      <trkpt lat="24.5009465329349040985107421875" lon="118.146283663809299468994140625">
        <ele>30.799999237060546875</ele>
        <time>2026-08-12T13:59:38.000Z</time>
        <extensions>
          <ns3:TrackPointExtension>
            <ns3:hr>127</ns3:hr>
            <ns3:cad>90</ns3:cad>
          </ns3:TrackPointExtension>
        </extensions>
      </trkpt>
      <trkpt lat="24.5009780488908290863037109375" lon="118.14627670682966709136962890625">
        <ele>30.799999237060546875</ele>
        <time>2026-08-12T13:59:39.000Z</time>
        <extensions>
          <ns3:TrackPointExtension>
            <ns3:hr>127</ns3:hr>
            <ns3:cad>90</ns3:cad>
          </ns3:TrackPointExtension>
        </extensions>
      </trkpt>
      <trkpt lat="24.500993974506855010986328125" lon="118.14626815728843212127685546875">
        <ele>31</ele>
        <time>2026-08-12T13:59:40.000Z</time>
        <extensions>
          <ns3:TrackPointExtension>
            <ns3:hr>127</ns3:hr>
            <ns3:cad>91</ns3:cad>
          </ns3:TrackPointExtension>
        </extensions>
      </trkpt>
      <trkpt lat="24.50102255679666996002197265625" lon="118.1462605297565460205078125">
        <ele>31</ele>
        <time>2026-08-12T13:59:41.000Z</time>
        <extensions>
          <ns3:TrackPointExtension>
            <ns3:hr>128</ns3:hr>
            <ns3:cad>91</ns3:cad>
          </ns3:TrackPointExtension>
        </extensions>
      </trkpt>
      <trkpt lat="24.501034207642078399658203125" lon="118.14625449478626251220703125">
        <ele>30.799999237060546875</ele>
        <time>2026-08-12T13:59:42.000Z</time>
        <extensions>
          <ns3:TrackPointExtension>
            <ns3:hr>128</ns3:hr>
            <ns3:cad>91</ns3:cad>
          </ns3:TrackPointExtension>
        </extensions>
      </trkpt>
      <trkpt lat="24.5010633766651153564453125" lon="118.14625273458659648895263671875">
        <ele>30.799999237060546875</ele>
        <time>2026-08-12T13:59:43.000Z</time>
        <extensions>
          <ns3:TrackPointExtension>
            <ns3:hr>129</ns3:hr>
            <ns3:cad>91</ns3:cad>
          </ns3:TrackPointExtension>
        </extensions>
      </trkpt>
      <trkpt lat="24.50108039192855358123779296875" lon="118.14625055529177188873291015625">
        <ele>30.799999237060546875</ele>
        <time>2026-08-12T13:59:44.000Z</time>
        <extensions>
          <ns3:TrackPointExtension>
            <ns3:hr>129</ns3:hr>
            <ns3:cad>91</ns3:cad>
          </ns3:TrackPointExtension>
        </extensions>
      </trkpt>
      <trkpt lat="24.5011078007519245147705078125" lon="118.14625851809978485107421875">
        <ele>30.799999237060546875</ele>
        <time>2026-08-12T13:59:45.000Z</time>
        <extensions>
          <ns3:TrackPointExtension>
            <ns3:hr>130</ns3:hr>
            <ns3:cad>89</ns3:cad>
          </ns3:TrackPointExtension>
        </extensions>
      </trkpt>
      <trkpt lat="24.5011228881776332855224609375" lon="118.14625960774719715118408203125">
        <ele>30.799999237060546875</ele>
        <time>2026-08-12T13:59:46.000Z</time>
        <extensions>
          <ns3:TrackPointExtension>
            <ns3:hr>130</ns3:hr>
            <ns3:cad>89</ns3:cad>
          </ns3:TrackPointExtension>
        </extensions>
      </trkpt>
      <trkpt lat="24.5011406578123569488525390625" lon="118.1462798081338405609130859375">
        <ele>30.6000003814697265625</ele>
        <time>2026-08-12T13:59:47.000Z</time>
        <extensions>
          <ns3:TrackPointExtension>
            <ns3:hr>130</ns3:hr>
            <ns3:cad>90</ns3:cad>
          </ns3:TrackPointExtension>
        </extensions>
      </trkpt>
      <trkpt lat="24.50114526785910129547119140625" lon="118.14629347063601016998291015625">
        <ele>30.6000003814697265625</ele>
        <time>2026-08-12T13:59:48.000Z</time>
        <extensions>
          <ns3:TrackPointExtension>
            <ns3:hr>130</ns3:hr>
            <ns3:cad>90</ns3:cad>
          </ns3:TrackPointExtension>
        </extensions>
      </trkpt>
      <trkpt lat="24.50114476494491100311279296875" lon="118.14632431603968143463134765625">
        <ele>30.3999996185302734375</ele>
        <time>2026-08-12T13:59:49.000Z</time>
        <extensions>
          <ns3:TrackPointExtension>
            <ns3:hr>131</ns3:hr>
            <ns3:cad>92</ns3:cad>
          </ns3:TrackPointExtension>
        </extensions>
      </trkpt>
      <trkpt lat="24.5011436752974987030029296875" lon="118.146344684064388275146484375">
        <ele>30.200000762939453125</ele>
        <time>2026-08-12T13:59:50.000Z</time>
        <extensions>
          <ns3:TrackPointExtension>
            <ns3:hr>131</ns3:hr>
            <ns3:cad>92</ns3:cad>
          </ns3:TrackPointExtension>
        </extensions>
      </trkpt>
      <trkpt lat="24.5011438429355621337890625" lon="118.1463758647441864013671875">
        <ele>30</ele>
        <time>2026-08-12T13:59:51.000Z</time>
        <extensions>
          <ns3:TrackPointExtension>
            <ns3:hr>130</ns3:hr>
            <ns3:cad>89</ns3:cad>
          </ns3:TrackPointExtension>
        </extensions>
      </trkpt>
      <trkpt lat="24.50114677660167217254638671875" lon="118.14640327356755733489990234375">
        <ele>29.799999237060546875</ele>
        <time>2026-08-12T13:59:52.000Z</time>
        <extensions>
          <ns3:TrackPointExtension>
            <ns3:hr>130</ns3:hr>
            <ns3:cad>89</ns3:cad>
          </ns3:TrackPointExtension>
        </extensions>
      </trkpt>
      <trkpt lat="24.50114786624908447265625" lon="118.1464316882193088531494140625">
        <ele>29.6000003814697265625</ele>
        <time>2026-08-12T13:59:53.000Z</time>
        <extensions>
          <ns3:TrackPointExtension>
            <ns3:hr>131</ns3:hr>
            <ns3:cad>88</ns3:cad>
          </ns3:TrackPointExtension>
        </extensions>
      </trkpt>
      <trkpt lat="24.5011460222303867340087890625" lon="118.14646412618458271026611328125">
        <ele>29.6000003814697265625</ele>
        <time>2026-08-12T13:59:54.000Z</time>
        <extensions>
          <ns3:TrackPointExtension>
            <ns3:hr>131</ns3:hr>
            <ns3:cad>88</ns3:cad>
          </ns3:TrackPointExtension>
        </extensions>
      </trkpt>
      <trkpt lat="24.50114996172487735748291015625" lon="118.1464920379221439361572265625">
        <ele>29.799999237060546875</ele>
        <time>2026-08-12T13:59:55.000Z</time>
        <extensions>
          <ns3:TrackPointExtension>
            <ns3:hr>131</ns3:hr>
            <ns3:cad>88</ns3:cad>
          </ns3:TrackPointExtension>
        </extensions>
      </trkpt>
      <trkpt lat="24.50114979408681392669677734375" lon="118.14652045257389545440673828125">
        <ele>29.799999237060546875</ele>
        <time>2026-08-12T13:59:56.000Z</time>
        <extensions>
          <ns3:TrackPointExtension>
            <ns3:hr>130</ns3:hr>
            <ns3:cad>89</ns3:cad>
          </ns3:TrackPointExtension>
        </extensions>
      </trkpt>
      <trkpt lat="24.501157589256763458251953125" lon="118.1465490348637104034423828125">
        <ele>29.799999237060546875</ele>
        <time>2026-08-12T13:59:57.000Z</time>
        <extensions>
          <ns3:TrackPointExtension>
            <ns3:hr>131</ns3:hr>
            <ns3:cad>89</ns3:cad>
          </ns3:TrackPointExtension>
        </extensions>
      </trkpt>
      <trkpt lat="24.50116194784641265869140625" lon="118.14657828770577907562255859375">
        <ele>29.799999237060546875</ele>
        <time>2026-08-12T13:59:58.000Z</time>
        <extensions>
          <ns3:TrackPointExtension>
            <ns3:hr>131</ns3:hr>
            <ns3:cad>89</ns3:cad>
          </ns3:TrackPointExtension>
        </extensions>
      </trkpt>
      <trkpt lat="24.50116488151252269744873046875" lon="118.14660712145268917083740234375">
        <ele>29.6000003814697265625</ele>
        <time>2026-08-12T13:59:59.000Z</time>
        <extensions>
          <ns3:TrackPointExtension>
            <ns3:hr>130</ns3:hr>
            <ns3:cad>88</ns3:cad>
          </ns3:TrackPointExtension>
        </extensions>
      </trkpt>
      <trkpt lat="24.501164965331554412841796875" lon="118.146638385951519012451171875">
        <ele>29.6000003814697265625</ele>
        <time>2026-08-12T14:00:00.000Z</time>
        <extensions>
          <ns3:TrackPointExtension>
            <ns3:hr>131</ns3:hr>
            <ns3:cad>88</ns3:cad>
          </ns3:TrackPointExtension>
        </extensions>
      </trkpt>
      <trkpt lat="24.5011661387979984283447265625" lon="118.14665682613849639892578125">
        <ele>29.6000003814697265625</ele>
        <time>2026-08-12T14:00:01.000Z</time>
        <extensions>
          <ns3:TrackPointExtension>
            <ns3:hr>131</ns3:hr>
            <ns3:cad>87</ns3:cad>
          </ns3:TrackPointExtension>
        </extensions>
      </trkpt>
      <trkpt lat="24.50116538442671298980712890625" lon="118.1466908566653728485107421875">
        <ele>29.6000003814697265625</ele>
        <time>2026-08-12T14:00:02.000Z</time>
        <extensions>
          <ns3:TrackPointExtension>
            <ns3:hr>130</ns3:hr>
            <ns3:cad>87</ns3:cad>
          </ns3:TrackPointExtension>
        </extensions>
      </trkpt>
      <trkpt lat="24.50117024593055248260498046875" lon="118.146713487803936004638671875">
        <ele>29.6000003814697265625</ele>
        <time>2026-08-12T14:00:03.000Z</time>
        <extensions>
          <ns3:TrackPointExtension>
            <ns3:hr>131</ns3:hr>
            <ns3:cad>88</ns3:cad>
          </ns3:TrackPointExtension>
        </extensions>
      </trkpt>
      <trkpt lat="24.5011704973876476287841796875" lon="118.14674207009375095367431640625">
        <ele>29.6000003814697265625</ele>
        <time>2026-08-12T14:00:04.000Z</time>
        <extensions>
          <ns3:TrackPointExtension>
            <ns3:hr>131</ns3:hr>
            <ns3:cad>89</ns3:cad>
          </ns3:TrackPointExtension>
        </extensions>
      </trkpt>
      <trkpt lat="24.5011735148727893829345703125" lon="118.1467656232416629791259765625">
        <ele>29.799999237060546875</ele>
        <time>2026-08-12T14:00:05.000Z</time>
        <extensions>
          <ns3:TrackPointExtension>
            <ns3:hr>131</ns3:hr>
            <ns3:cad>89</ns3:cad>
          </ns3:TrackPointExtension>
        </extensions>
      </trkpt>
      <trkpt lat="24.501177370548248291015625" lon="118.1468001566827297210693359375">
        <ele>29.799999237060546875</ele>
        <time>2026-08-12T14:00:06.000Z</time>
        <extensions>
          <ns3:TrackPointExtension>
            <ns3:hr>132</ns3:hr>
            <ns3:cad>88</ns3:cad>
          </ns3:TrackPointExtension>
        </extensions>
      </trkpt>
      <trkpt lat="24.50118047185242176055908203125" lon="118.1468266434967517852783203125">
        <ele>29.799999237060546875</ele>
        <time>2026-08-12T14:00:07.000Z</time>
        <extensions>
          <ns3:TrackPointExtension>
            <ns3:hr>132</ns3:hr>
            <ns3:cad>88</ns3:cad>
          </ns3:TrackPointExtension>
        </extensions>
      </trkpt>
      <trkpt lat="24.50118876993656158447265625" lon="118.1468546390533447265625">
        <ele>29.799999237060546875</ele>
        <time>2026-08-12T14:00:08.000Z</time>
        <extensions>
          <ns3:TrackPointExtension>
            <ns3:hr>132</ns3:hr>
            <ns3:cad>88</ns3:cad>
          </ns3:TrackPointExtension>
        </extensions>
      </trkpt>
      <trkpt lat="24.50119438581168651580810546875" lon="118.1468806229531764984130859375">
        <ele>29.799999237060546875</ele>
        <time>2026-08-12T14:00:09.000Z</time>
        <extensions>
          <ns3:TrackPointExtension>
            <ns3:hr>133</ns3:hr>
            <ns3:cad>87</ns3:cad>
          </ns3:TrackPointExtension>
        </extensions>
      </trkpt>
      <trkpt lat="24.50120377354323863983154296875" lon="118.14690719358623027801513671875">
        <ele>29.799999237060546875</ele>
        <time>2026-08-12T14:00:10.000Z</time>
        <extensions>
          <ns3:TrackPointExtension>
            <ns3:hr>134</ns3:hr>
            <ns3:cad>87</ns3:cad>
          </ns3:TrackPointExtension>
        </extensions>
      </trkpt>
      <trkpt lat="24.50120880268514156341552734375" lon="118.14693267457187175750732421875">
        <ele>29.799999237060546875</ele>
        <time>2026-08-12T14:00:11.000Z</time>
        <extensions>
          <ns3:TrackPointExtension>
            <ns3:hr>134</ns3:hr>
            <ns3:cad>88</ns3:cad>
          </ns3:TrackPointExtension>
        </extensions>
      </trkpt>
      <trkpt lat="24.50121349655091762542724609375" lon="118.1469657830893993377685546875">
        <ele>29.799999237060546875</ele>
        <time>2026-08-12T14:00:12.000Z</time>
        <extensions>
          <ns3:TrackPointExtension>
            <ns3:hr>134</ns3:hr>
            <ns3:cad>89</ns3:cad>
          </ns3:TrackPointExtension>
        </extensions>
      </trkpt>
      <trkpt lat="24.501213245093822479248046875" lon="118.146991431713104248046875">
        <ele>29.799999237060546875</ele>
        <time>2026-08-12T14:00:13.000Z</time>
        <extensions>
          <ns3:TrackPointExtension>
            <ns3:hr>134</ns3:hr>
            <ns3:cad>89</ns3:cad>
          </ns3:TrackPointExtension>
        </extensions>
      </trkpt>
      <trkpt lat="24.5012164302170276641845703125" lon="118.1470184214413166046142578125">
        <ele>29.799999237060546875</ele>
        <time>2026-08-12T14:00:14.000Z</time>
        <extensions>
          <ns3:TrackPointExtension>
            <ns3:hr>134</ns3:hr>
            <ns3:cad>89</ns3:cad>
          </ns3:TrackPointExtension>
        </extensions>
      </trkpt>
      <trkpt lat="24.50122020207345485687255859375" lon="118.1470464169979095458984375">
        <ele>29.799999237060546875</ele>
        <time>2026-08-12T14:00:15.000Z</time>
        <extensions>
          <ns3:TrackPointExtension>
            <ns3:hr>135</ns3:hr>
            <ns3:cad>89</ns3:cad>
          </ns3:TrackPointExtension>
        </extensions>
      </trkpt>
      <trkpt lat="24.50122120790183544158935546875" lon="118.1470754183828830718994140625">
        <ele>29.799999237060546875</ele>
        <time>2026-08-12T14:00:16.000Z</time>
        <extensions>
          <ns3:TrackPointExtension>
            <ns3:hr>135</ns3:hr>
            <ns3:cad>88</ns3:cad>
          </ns3:TrackPointExtension>
        </extensions>
      </trkpt>
      <trkpt lat="24.5012207888066768646240234375" lon="118.14710316248238086700439453125">
        <ele>29.799999237060546875</ele>
        <time>2026-08-12T14:00:17.000Z</time>
        <extensions>
          <ns3:TrackPointExtension>
            <ns3:hr>135</ns3:hr>
            <ns3:cad>88</ns3:cad>
          </ns3:TrackPointExtension>
        </extensions>
      </trkpt>
      <trkpt lat="24.501225650310516357421875" lon="118.147127889096736907958984375">
        <ele>29.799999237060546875</ele>
        <time>2026-08-12T14:00:18.000Z</time>
        <extensions>
          <ns3:TrackPointExtension>
            <ns3:hr>135</ns3:hr>
            <ns3:cad>88</ns3:cad>
          </ns3:TrackPointExtension>
        </extensions>
      </trkpt>
      <trkpt lat="24.50123059563338756561279296875" lon="118.14715714193880558013916015625">
        <ele>29.799999237060546875</ele>
        <time>2026-08-12T14:00:19.000Z</time>
        <extensions>
          <ns3:TrackPointExtension>
            <ns3:hr>136</ns3:hr>
            <ns3:cad>89</ns3:cad>
          </ns3:TrackPointExtension>
        </extensions>
      </trkpt>
      <trkpt lat="24.501232691109180450439453125" lon="118.1471820361912250518798828125">
        <ele>29.799999237060546875</ele>
        <time>2026-08-12T14:00:20.000Z</time>
        <extensions>
          <ns3:TrackPointExtension>
            <ns3:hr>136</ns3:hr>
            <ns3:cad>89</ns3:cad>
          </ns3:TrackPointExtension>
        </extensions>
      </trkpt>
      <trkpt lat="24.5012321881949901580810546875" lon="118.14721145667135715484619140625">
        <ele>29.799999237060546875</ele>
        <time>2026-08-12T14:00:21.000Z</time>
        <extensions>
          <ns3:TrackPointExtension>
            <ns3:hr>137</ns3:hr>
            <ns3:cad>89</ns3:cad>
          </ns3:TrackPointExtension>
        </extensions>
      </trkpt>
      <trkpt lat="24.50123311020433902740478515625" lon="118.14723459072411060333251953125">
        <ele>29.799999237060546875</ele>
        <time>2026-08-12T14:00:22.000Z</time>
        <extensions>
          <ns3:TrackPointExtension>
            <ns3:hr>136</ns3:hr>
            <ns3:cad>88</ns3:cad>
          </ns3:TrackPointExtension>
        </extensions>
      </trkpt>
      <trkpt lat="24.501233361661434173583984375" lon="118.1472636759281158447265625">
        <ele>29.799999237060546875</ele>
        <time>2026-08-12T14:00:23.000Z</time>
        <extensions>
          <ns3:TrackPointExtension>
            <ns3:hr>136</ns3:hr>
            <ns3:cad>88</ns3:cad>
          </ns3:TrackPointExtension>
        </extensions>
      </trkpt>
      <trkpt lat="24.50123160146176815032958984375" lon="118.14728840254247188568115234375">
        <ele>29.799999237060546875</ele>
        <time>2026-08-12T14:00:24.000Z</time>
        <extensions>
          <ns3:TrackPointExtension>
            <ns3:hr>136</ns3:hr>
            <ns3:cad>88</ns3:cad>
          </ns3:TrackPointExtension>
        </extensions>
      </trkpt>
      <trkpt lat="24.50122556649148464202880859375" lon="118.14732125960290431976318359375">
        <ele>29.799999237060546875</ele>
        <time>2026-08-12T14:00:25.000Z</time>
        <extensions>
          <ns3:TrackPointExtension>
            <ns3:hr>136</ns3:hr>
            <ns3:cad>88</ns3:cad>
          </ns3:TrackPointExtension>
        </extensions>
      </trkpt>
      <trkpt lat="24.50122456066310405731201171875" lon="118.1473436392843723297119140625">
        <ele>29.799999237060546875</ele>
        <time>2026-08-12T14:00:26.000Z</time>
        <extensions>
          <ns3:TrackPointExtension>
            <ns3:hr>135</ns3:hr>
            <ns3:cad>88</ns3:cad>
          </ns3:TrackPointExtension>
        </extensions>
      </trkpt>
      <trkpt lat="24.50123076327145099639892578125" lon="118.14738077111542224884033203125">
        <ele>29.799999237060546875</ele>
        <time>2026-08-12T14:00:27.000Z</time>
        <extensions>
          <ns3:TrackPointExtension>
            <ns3:hr>135</ns3:hr>
            <ns3:cad>88</ns3:cad>
          </ns3:TrackPointExtension>
        </extensions>
      </trkpt>
      <trkpt lat="24.50123277492821216583251953125" lon="118.14740784466266632080078125">
        <ele>29.799999237060546875</ele>
        <time>2026-08-12T14:00:28.000Z</time>
        <extensions>
          <ns3:TrackPointExtension>
            <ns3:hr>135</ns3:hr>
            <ns3:cad>88</ns3:cad>
          </ns3:TrackPointExtension>
        </extensions>
      </trkpt>
      <trkpt lat="24.5012365467846393585205078125" lon="118.14743810333311557769775390625">
        <ele>29.799999237060546875</ele>
        <time>2026-08-12T14:00:29.000Z</time>
        <extensions>
          <ns3:TrackPointExtension>
            <ns3:hr>136</ns3:hr>
            <ns3:cad>88</ns3:cad>
          </ns3:TrackPointExtension>
        </extensions>
      </trkpt>
      <trkpt lat="24.50123512186110019683837890625" lon="118.14746693708002567291259765625">
        <ele>29.799999237060546875</ele>
        <time>2026-08-12T14:00:30.000Z</time>
        <extensions>
          <ns3:TrackPointExtension>
            <ns3:hr>135</ns3:hr>
            <ns3:cad>88</ns3:cad>
          </ns3:TrackPointExtension>
        </extensions>
      </trkpt>
      <trkpt lat="24.50123914517462253570556640625" lon="118.14749292097985744476318359375">
        <ele>29.799999237060546875</ele>
        <time>2026-08-12T14:00:31.000Z</time>
        <extensions>
          <ns3:TrackPointExtension>
            <ns3:hr>135</ns3:hr>
            <ns3:cad>88</ns3:cad>
          </ns3:TrackPointExtension>
        </extensions>
      </trkpt>
      <trkpt lat="24.501237384974956512451171875" lon="118.14752477221190929412841796875">
        <ele>29.799999237060546875</ele>
        <time>2026-08-12T14:00:32.000Z</time>
        <extensions>
          <ns3:TrackPointExtension>
            <ns3:hr>135</ns3:hr>
            <ns3:cad>87</ns3:cad>
          </ns3:TrackPointExtension>
        </extensions>
      </trkpt>
      <trkpt lat="24.5012422464787960052490234375" lon="118.14754975028336048126220703125">
        <ele>29.6000003814697265625</ele>
        <time>2026-08-12T14:00:33.000Z</time>
        <extensions>
          <ns3:TrackPointExtension>
            <ns3:hr>135</ns3:hr>
            <ns3:cad>87</ns3:cad>
          </ns3:TrackPointExtension>
        </extensions>
      </trkpt>
      <trkpt lat="24.5012429170310497283935546875" lon="118.147581182420253753662109375">
        <ele>29.6000003814697265625</ele>
        <time>2026-08-12T14:00:34.000Z</time>
        <extensions>
          <ns3:TrackPointExtension>
            <ns3:hr>135</ns3:hr>
            <ns3:cad>87</ns3:cad>
          </ns3:TrackPointExtension>
        </extensions>
      </trkpt>
      <trkpt lat="24.50124752707779407501220703125" lon="118.1476044841110706329345703125">
        <ele>29.3999996185302734375</ele>
        <time>2026-08-12T14:00:35.000Z</time>
        <extensions>
          <ns3:TrackPointExtension>
            <ns3:hr>135</ns3:hr>
            <ns3:cad>87</ns3:cad>
          </ns3:TrackPointExtension>
        </extensions>
      </trkpt>
      <trkpt lat="24.5012492872774600982666015625" lon="118.147634156048297882080078125">
        <ele>29.3999996185302734375</ele>
        <time>2026-08-12T14:00:36.000Z</time>
        <extensions>
          <ns3:TrackPointExtension>
            <ns3:hr>134</ns3:hr>
            <ns3:cad>88</ns3:cad>
          </ns3:TrackPointExtension>
        </extensions>
      </trkpt>
      <trkpt lat="24.50125289149582386016845703125" lon="118.1476584635674953460693359375">
        <ele>29.200000762939453125</ele>
        <time>2026-08-12T14:00:37.000Z</time>
        <extensions>
          <ns3:TrackPointExtension>
            <ns3:hr>134</ns3:hr>
            <ns3:cad>88</ns3:cad>
          </ns3:TrackPointExtension>
        </extensions>
      </trkpt>
      <trkpt lat="24.50125716626644134521484375" lon="118.14768972806632518768310546875">
        <ele>29.200000762939453125</ele>
        <time>2026-08-12T14:00:38.000Z</time>
        <extensions>
          <ns3:TrackPointExtension>
            <ns3:hr>134</ns3:hr>
            <ns3:cad>88</ns3:cad>
          </ns3:TrackPointExtension>
        </extensions>
      </trkpt>
      <trkpt lat="24.5012637041509151458740234375" lon="118.1477161310613155364990234375">
        <ele>29</ele>
        <time>2026-08-12T14:00:39.000Z</time>
        <extensions>
          <ns3:TrackPointExtension>
            <ns3:hr>134</ns3:hr>
            <ns3:cad>88</ns3:cad>
          </ns3:TrackPointExtension>
        </extensions>
      </trkpt>
      <trkpt lat="24.501263201236724853515625" lon="118.14774840138852596282958984375">
        <ele>29</ele>
        <time>2026-08-12T14:00:40.000Z</time>
        <extensions>
          <ns3:TrackPointExtension>
            <ns3:hr>134</ns3:hr>
            <ns3:cad>88</ns3:cad>
          </ns3:TrackPointExtension>
        </extensions>
      </trkpt>
      <trkpt lat="24.50126613490283489227294921875" lon="118.14777120016515254974365234375">
        <ele>29</ele>
        <time>2026-08-12T14:00:41.000Z</time>
        <extensions>
          <ns3:TrackPointExtension>
            <ns3:hr>134</ns3:hr>
            <ns3:cad>88</ns3:cad>
          </ns3:TrackPointExtension>
        </extensions>
      </trkpt>
      <trkpt lat="24.50126881711184978485107421875" lon="118.14780439250171184539794921875">
        <ele>28.799999237060546875</ele>
        <time>2026-08-12T14:00:42.000Z</time>
        <extensions>
          <ns3:TrackPointExtension>
            <ns3:hr>134</ns3:hr>
            <ns3:cad>88</ns3:cad>
          </ns3:TrackPointExtension>
        </extensions>
      </trkpt>
      <trkpt lat="24.50127216987311840057373046875" lon="118.1478296220302581787109375">
        <ele>28.799999237060546875</ele>
        <time>2026-08-12T14:00:43.000Z</time>
        <extensions>
          <ns3:TrackPointExtension>
            <ns3:hr>134</ns3:hr>
            <ns3:cad>88</ns3:cad>
          </ns3:TrackPointExtension>
        </extensions>
      </trkpt>
      <trkpt lat="24.50127652846276760101318359375" lon="118.1478613056242465972900390625">
        <ele>28.799999237060546875</ele>
        <time>2026-08-12T14:00:44.000Z</time>
        <extensions>
          <ns3:TrackPointExtension>
            <ns3:hr>133</ns3:hr>
            <ns3:cad>89</ns3:cad>
          </ns3:TrackPointExtension>
        </extensions>
      </trkpt>
      <trkpt lat="24.50128071941435337066650390625" lon="118.1478874571621417999267578125">
        <ele>28.6000003814697265625</ele>
        <time>2026-08-12T14:00:45.000Z</time>
        <extensions>
          <ns3:TrackPointExtension>
            <ns3:hr>134</ns3:hr>
            <ns3:cad>89</ns3:cad>
          </ns3:TrackPointExtension>
        </extensions>
      </trkpt>
      <trkpt lat="24.5012886822223663330078125" lon="118.147913776338100433349609375">
        <ele>28.6000003814697265625</ele>
        <time>2026-08-12T14:00:46.000Z</time>
        <extensions>
          <ns3:TrackPointExtension>
            <ns3:hr>134</ns3:hr>
            <ns3:cad>88</ns3:cad>
          </ns3:TrackPointExtension>
        </extensions>
      </trkpt>
      <trkpt lat="24.50129664503037929534912109375" lon="118.14794185571372509002685546875">
        <ele>28.6000003814697265625</ele>
        <time>2026-08-12T14:00:47.000Z</time>
        <extensions>
          <ns3:TrackPointExtension>
            <ns3:hr>133</ns3:hr>
            <ns3:cad>88</ns3:cad>
          </ns3:TrackPointExtension>
        </extensions>
      </trkpt>
      <trkpt lat="24.5013029314577579498291015625" lon="118.147969432175159454345703125">
        <ele>28.6000003814697265625</ele>
        <time>2026-08-12T14:00:48.000Z</time>
        <extensions>
          <ns3:TrackPointExtension>
            <ns3:hr>133</ns3:hr>
            <ns3:cad>88</ns3:cad>
          </ns3:TrackPointExtension>
        </extensions>
      </trkpt>
      <trkpt lat="24.50130653567612171173095703125" lon="118.14799658954143524169921875">
        <ele>28.3999996185302734375</ele>
        <time>2026-08-12T14:00:49.000Z</time>
        <extensions>
          <ns3:TrackPointExtension>
            <ns3:hr>134</ns3:hr>
            <ns3:cad>87</ns3:cad>
          </ns3:TrackPointExtension>
        </extensions>
      </trkpt>
      <trkpt lat="24.50131081044673919677734375" lon="118.148023076355457305908203125">
        <ele>28.3999996185302734375</ele>
        <time>2026-08-12T14:00:50.000Z</time>
        <extensions>
          <ns3:TrackPointExtension>
            <ns3:hr>134</ns3:hr>
            <ns3:cad>88</ns3:cad>
          </ns3:TrackPointExtension>
        </extensions>
      </trkpt>
      <trkpt lat="24.50131357647478580474853515625" lon="118.14805291593074798583984375">
        <ele>28.3999996185302734375</ele>
        <time>2026-08-12T14:00:51.000Z</time>
        <extensions>
          <ns3:TrackPointExtension>
            <ns3:hr>134</ns3:hr>
            <ns3:cad>89</ns3:cad>
          </ns3:TrackPointExtension>
        </extensions>
      </trkpt>
      <trkpt lat="24.501319192349910736083984375" lon="118.148078061640262603759765625">
        <ele>28.3999996185302734375</ele>
        <time>2026-08-12T14:00:52.000Z</time>
        <extensions>
          <ns3:TrackPointExtension>
            <ns3:hr>133</ns3:hr>
            <ns3:cad>89</ns3:cad>
          </ns3:TrackPointExtension>
        </extensions>
      </trkpt>
      <trkpt lat="24.501319862902164459228515625" lon="118.14811167307198047637939453125">
        <ele>28.3999996185302734375</ele>
        <time>2026-08-12T14:00:53.000Z</time>
        <extensions>
          <ns3:TrackPointExtension>
            <ns3:hr>133</ns3:hr>
            <ns3:cad>89</ns3:cad>
          </ns3:TrackPointExtension>
        </extensions>
      </trkpt>
      <trkpt lat="24.50132581405341625213623046875" lon="118.148138411343097686767578125">
        <ele>28.200000762939453125</ele>
        <time>2026-08-12T14:00:54.000Z</time>
        <extensions>
          <ns3:TrackPointExtension>
            <ns3:hr>134</ns3:hr>
            <ns3:cad>89</ns3:cad>
          </ns3:TrackPointExtension>
        </extensions>
      </trkpt>
      <trkpt lat="24.5013243891298770904541015625" lon="118.148169927299022674560546875">
        <ele>28.200000762939453125</ele>
        <time>2026-08-12T14:00:55.000Z</time>
        <extensions>
          <ns3:TrackPointExtension>
            <ns3:hr>134</ns3:hr>
            <ns3:cad>88</ns3:cad>
          </ns3:TrackPointExtension>
        </extensions>
      </trkpt>
      <trkpt lat="24.50132916681468486785888671875" lon="118.14819482155144214630126953125">
        <ele>28.200000762939453125</ele>
        <time>2026-08-12T14:00:56.000Z</time>
        <extensions>
          <ns3:TrackPointExtension>
            <ns3:hr>134</ns3:hr>
            <ns3:cad>88</ns3:cad>
          </ns3:TrackPointExtension>
        </extensions>
      </trkpt>
      <trkpt lat="24.50133268721401691436767578125" lon="118.14823103137314319610595703125">
        <ele>28.200000762939453125</ele>
        <time>2026-08-12T14:00:57.000Z</time>
        <extensions>
          <ns3:TrackPointExtension>
            <ns3:hr>134</ns3:hr>
            <ns3:cad>88</ns3:cad>
          </ns3:TrackPointExtension>
        </extensions>
      </trkpt>
      <trkpt lat="24.50133587233722209930419921875" lon="118.14825600944459438323974609375">
        <ele>28.200000762939453125</ele>
        <time>2026-08-12T14:00:58.000Z</time>
        <extensions>
          <ns3:TrackPointExtension>
            <ns3:hr>134</ns3:hr>
            <ns3:cad>89</ns3:cad>
          </ns3:TrackPointExtension>
        </extensions>
      </trkpt>
      <trkpt lat="24.50133897364139556884765625" lon="118.1482901237905025482177734375">
        <ele>28.3999996185302734375</ele>
        <time>2026-08-12T14:00:59.000Z</time>
        <extensions>
          <ns3:TrackPointExtension>
            <ns3:hr>134</ns3:hr>
            <ns3:cad>89</ns3:cad>
          </ns3:TrackPointExtension>
        </extensions>
      </trkpt>
      <trkpt lat="24.5013450086116790771484375" lon="118.14831417985260486602783203125">
        <ele>28.200000762939453125</ele>
        <time>2026-08-12T14:01:00.000Z</time>
        <extensions>
          <ns3:TrackPointExtension>
            <ns3:hr>133</ns3:hr>
            <ns3:cad>89</ns3:cad>
          </ns3:TrackPointExtension>
        </extensions>
      </trkpt>
      <trkpt lat="24.501343332231044769287109375" lon="118.1483477912843227386474609375">
        <ele>28.200000762939453125</ele>
        <time>2026-08-12T14:01:01.000Z</time>
        <extensions>
          <ns3:TrackPointExtension>
            <ns3:hr>133</ns3:hr>
            <ns3:cad>89</ns3:cad>
          </ns3:TrackPointExtension>
        </extensions>
      </trkpt>
      <trkpt lat="24.501341991126537322998046875" lon="118.148368410766124725341796875">
        <ele>28.200000762939453125</ele>
        <time>2026-08-12T14:01:02.000Z</time>
        <extensions>
          <ns3:TrackPointExtension>
            <ns3:hr>131</ns3:hr>
            <ns3:cad>89</ns3:cad>
          </ns3:TrackPointExtension>
        </extensions>
      </trkpt>
      <trkpt lat="24.50134157203137874603271484375" lon="118.14839699305593967437744140625">
        <ele>28.200000762939453125</ele>
        <time>2026-08-12T14:01:03.000Z</time>
        <extensions>
          <ns3:TrackPointExtension>
            <ns3:hr>130</ns3:hr>
            <ns3:cad>88</ns3:cad>
          </ns3:TrackPointExtension>
        </extensions>
      </trkpt>
      <trkpt lat="24.50134073384106159210205078125" lon="118.14841878600418567657470703125">
        <ele>28.3999996185302734375</ele>
        <time>2026-08-12T14:01:04.000Z</time>
        <extensions>
          <ns3:TrackPointExtension>
            <ns3:hr>129</ns3:hr>
            <ns3:cad>87</ns3:cad>
          </ns3:TrackPointExtension>
        </extensions>
      </trkpt>
      <trkpt lat="24.501344002783298492431640625" lon="118.14844946376979351043701171875">
        <ele>28.3999996185302734375</ele>
        <time>2026-08-12T14:01:05.000Z</time>
        <extensions>
          <ns3:TrackPointExtension>
            <ns3:hr>129</ns3:hr>
            <ns3:cad>87</ns3:cad>
          </ns3:TrackPointExtension>
        </extensions>
      </trkpt>
      <trkpt lat="24.5013445056974887847900390625" lon="118.1484782136976718902587890625">
        <ele>28.3999996185302734375</ele>
        <time>2026-08-12T14:01:06.000Z</time>
        <extensions>
          <ns3:TrackPointExtension>
            <ns3:hr>129</ns3:hr>
            <ns3:cad>88</ns3:cad>
          </ns3:TrackPointExtension>
        </extensions>
      </trkpt>
      <trkpt lat="24.50134676881134510040283203125" lon="118.14850444905459880828857421875">
        <ele>28.3999996185302734375</ele>
        <time>2026-08-12T14:01:07.000Z</time>
        <extensions>
          <ns3:TrackPointExtension>
            <ns3:hr>129</ns3:hr>
            <ns3:cad>88</ns3:cad>
          </ns3:TrackPointExtension>
        </extensions>
      </trkpt>
      <trkpt lat="24.501346014440059661865234375" lon="118.14853839576244354248046875">
        <ele>28.3999996185302734375</ele>
        <time>2026-08-12T14:01:08.000Z</time>
        <extensions>
          <ns3:TrackPointExtension>
            <ns3:hr>129</ns3:hr>
            <ns3:cad>89</ns3:cad>
          </ns3:TrackPointExtension>
        </extensions>
      </trkpt>
      <trkpt lat="24.50134743936359882354736328125" lon="118.14856915734708309173583984375">
        <ele>28.200000762939453125</ele>
        <time>2026-08-12T14:01:09.000Z</time>
        <extensions>
          <ns3:TrackPointExtension>
            <ns3:hr>130</ns3:hr>
            <ns3:cad>89</ns3:cad>
          </ns3:TrackPointExtension>
        </extensions>
      </trkpt>
      <trkpt lat="24.50134593062102794647216796875" lon="118.1486066244542598724365234375">
        <ele>28.200000762939453125</ele>
        <time>2026-08-12T14:01:10.000Z</time>
        <extensions>
          <ns3:TrackPointExtension>
            <ns3:hr>130</ns3:hr>
            <ns3:cad>89</ns3:cad>
          </ns3:TrackPointExtension>
        </extensions>
      </trkpt>
      <trkpt lat="24.50134693644940853118896484375" lon="118.14863269217312335968017578125">
        <ele>28.200000762939453125</ele>
        <time>2026-08-12T14:01:11.000Z</time>
        <extensions>
          <ns3:TrackPointExtension>
            <ns3:hr>131</ns3:hr>
            <ns3:cad>88</ns3:cad>
          </ns3:TrackPointExtension>
        </extensions>
      </trkpt>
      <trkpt lat="24.50134425424039363861083984375" lon="118.14867175184190273284912109375">
        <ele>28.200000762939453125</ele>
        <time>2026-08-12T14:01:12.000Z</time>
        <extensions>
          <ns3:TrackPointExtension>
            <ns3:hr>132</ns3:hr>
            <ns3:cad>87</ns3:cad>
          </ns3:TrackPointExtension>
        </extensions>
      </trkpt>
      <trkpt lat="24.5013471879065036773681640625" lon="118.1486981548368930816650390625">
        <ele>28</ele>
        <time>2026-08-12T14:01:13.000Z</time>
        <extensions>
          <ns3:TrackPointExtension>
            <ns3:hr>133</ns3:hr>
            <ns3:cad>88</ns3:cad>
          </ns3:TrackPointExtension>
        </extensions>
      </trkpt>
      <trkpt lat="24.50134559534490108489990234375" lon="118.14873553812503814697265625">
        <ele>28</ele>
        <time>2026-08-12T14:01:14.000Z</time>
        <extensions>
          <ns3:TrackPointExtension>
            <ns3:hr>133</ns3:hr>
            <ns3:cad>89</ns3:cad>
          </ns3:TrackPointExtension>
        </extensions>
      </trkpt>
      <trkpt lat="24.50135012157261371612548828125" lon="118.14875825308263301849365234375">
        <ele>28</ele>
        <time>2026-08-12T14:01:15.000Z</time>
        <extensions>
          <ns3:TrackPointExtension>
            <ns3:hr>133</ns3:hr>
            <ns3:cad>89</ns3:cad>
          </ns3:TrackPointExtension>
        </extensions>
      </trkpt>
      <trkpt lat="24.50135146267712116241455078125" lon="118.14879312179982662200927734375">
        <ele>28</ele>
        <time>2026-08-12T14:01:16.000Z</time>
        <extensions>
          <ns3:TrackPointExtension>
            <ns3:hr>133</ns3:hr>
            <ns3:cad>89</ns3:cad>
          </ns3:TrackPointExtension>
        </extensions>
      </trkpt>
      <trkpt lat="24.50135313905775547027587890625" lon="118.14881659112870693206787109375">
        <ele>28</ele>
        <time>2026-08-12T14:01:17.000Z</time>
        <extensions>
          <ns3:TrackPointExtension>
            <ns3:hr>133</ns3:hr>
            <ns3:cad>88</ns3:cad>
          </ns3:TrackPointExtension>
        </extensions>
      </trkpt>
      <trkpt lat="24.50135749764740467071533203125" lon="118.14884944818913936614990234375">
        <ele>28</ele>
        <time>2026-08-12T14:01:18.000Z</time>
        <extensions>
          <ns3:TrackPointExtension>
            <ns3:hr>133</ns3:hr>
            <ns3:cad>88</ns3:cad>
          </ns3:TrackPointExtension>
        </extensions>
      </trkpt>
      <trkpt lat="24.50136135332286357879638671875" lon="118.14887392334640026092529296875">
        <ele>28</ele>
        <time>2026-08-12T14:01:19.000Z</time>
        <extensions>
          <ns3:TrackPointExtension>
            <ns3:hr>133</ns3:hr>
            <ns3:cad>87</ns3:cad>
          </ns3:TrackPointExtension>
        </extensions>
      </trkpt>
      <trkpt lat="24.50136135332286357879638671875" lon="118.14891130663454532623291015625">
        <ele>28</ele>
        <time>2026-08-12T14:01:20.000Z</time>
        <extensions>
          <ns3:TrackPointExtension>
            <ns3:hr>134</ns3:hr>
            <ns3:cad>87</ns3:cad>
          </ns3:TrackPointExtension>
        </extensions>
      </trkpt>
      <trkpt lat="24.501365460455417633056640625" lon="118.14893729053437709808349609375">
        <ele>28</ele>
        <time>2026-08-12T14:01:21.000Z</time>
        <extensions>
          <ns3:TrackPointExtension>
            <ns3:hr>134</ns3:hr>
            <ns3:cad>88</ns3:cad>
          </ns3:TrackPointExtension>
        </extensions>
      </trkpt>
      <trkpt lat="24.50137384235858917236328125" lon="118.14896889030933380126953125">
        <ele>28</ele>
        <time>2026-08-12T14:01:22.000Z</time>
        <extensions>
          <ns3:TrackPointExtension>
            <ns3:hr>135</ns3:hr>
            <ns3:cad>89</ns3:cad>
          </ns3:TrackPointExtension>
        </extensions>
      </trkpt>
      <trkpt lat="24.5013797096908092498779296875" lon="118.14899747259914875030517578125">
        <ele>28</ele>
        <time>2026-08-12T14:01:23.000Z</time>
        <extensions>
          <ns3:TrackPointExtension>
            <ns3:hr>135</ns3:hr>
            <ns3:cad>89</ns3:cad>
          </ns3:TrackPointExtension>
        </extensions>
      </trkpt>
      <trkpt lat="24.50138901360332965850830078125" lon="118.149026893079280853271484375">
        <ele>28</ele>
        <time>2026-08-12T14:01:24.000Z</time>
        <extensions>
          <ns3:TrackPointExtension>
            <ns3:hr>136</ns3:hr>
            <ns3:cad>89</ns3:cad>
          </ns3:TrackPointExtension>
        </extensions>
      </trkpt>
      <trkpt lat="24.50139605440199375152587890625" lon="118.149056732654571533203125">
        <ele>28</ele>
        <time>2026-08-12T14:01:25.000Z</time>
        <extensions>
          <ns3:TrackPointExtension>
            <ns3:hr>135</ns3:hr>
            <ns3:cad>89</ns3:cad>
          </ns3:TrackPointExtension>
        </extensions>
      </trkpt>
      <trkpt lat="24.50140259228646755218505859375" lon="118.1490870751440525054931640625">
        <ele>28</ele>
        <time>2026-08-12T14:01:26.000Z</time>
        <extensions>
          <ns3:TrackPointExtension>
            <ns3:hr>136</ns3:hr>
            <ns3:cad>88</ns3:cad>
          </ns3:TrackPointExtension>
        </extensions>
      </trkpt>
      <trkpt lat="24.50140812434256076812744140625" lon="118.14911750145256519317626953125">
        <ele>28</ele>
        <time>2026-08-12T14:01:27.000Z</time>
        <extensions>
          <ns3:TrackPointExtension>
            <ns3:hr>136</ns3:hr>
            <ns3:cad>88</ns3:cad>
          </ns3:TrackPointExtension>
        </extensions>
      </trkpt>
      <trkpt lat="24.5014216192066669464111328125" lon="118.149142563343048095703125">
        <ele>28</ele>
        <time>2026-08-12T14:01:28.000Z</time>
        <extensions>
          <ns3:TrackPointExtension>
            <ns3:hr>137</ns3:hr>
            <ns3:cad>88</ns3:cad>
          </ns3:TrackPointExtension>
        </extensions>
      </trkpt>
      <trkpt lat="24.50143092311918735504150390625" lon="118.14916796050965785980224609375">
        <ele>28</ele>
        <time>2026-08-12T14:01:29.000Z</time>
        <extensions>
          <ns3:TrackPointExtension>
            <ns3:hr>137</ns3:hr>
            <ns3:cad>89</ns3:cad>
          </ns3:TrackPointExtension>
        </extensions>
      </trkpt>
      <trkpt lat="24.50144148431718349456787109375" lon="118.14918807707726955413818359375">
        <ele>28</ele>
        <time>2026-08-12T14:01:30.000Z</time>
        <extensions>
          <ns3:TrackPointExtension>
            <ns3:hr>138</ns3:hr>
            <ns3:cad>89</ns3:cad>
          </ns3:TrackPointExtension>
        </extensions>
      </trkpt>
      <trkpt lat="24.5014450885355472564697265625" lon="118.14921523444354534149169921875">
        <ele>28</ele>
        <time>2026-08-12T14:01:31.000Z</time>
        <extensions>
          <ns3:TrackPointExtension>
            <ns3:hr>138</ns3:hr>
            <ns3:cad>89</ns3:cad>
          </ns3:TrackPointExtension>
        </extensions>
      </trkpt>
      <trkpt lat="24.50144953094422817230224609375" lon="118.1492396257817745208740234375">
        <ele>28</ele>
        <time>2026-08-12T14:01:32.000Z</time>
        <extensions>
          <ns3:TrackPointExtension>
            <ns3:hr>139</ns3:hr>
            <ns3:cad>89</ns3:cad>
          </ns3:TrackPointExtension>
        </extensions>
      </trkpt>
      <trkpt lat="24.50144886039197444915771484375" lon="118.1492699682712554931640625">
        <ele>28</ele>
        <time>2026-08-12T14:01:33.000Z</time>
        <extensions>
          <ns3:TrackPointExtension>
            <ns3:hr>139</ns3:hr>
            <ns3:cad>89</ns3:cad>
          </ns3:TrackPointExtension>
        </extensions>
      </trkpt>
      <trkpt lat="24.5014497824013233184814453125" lon="118.14929268322885036468505859375">
        <ele>28</ele>
        <time>2026-08-12T14:01:34.000Z</time>
        <extensions>
          <ns3:TrackPointExtension>
            <ns3:hr>139</ns3:hr>
            <ns3:cad>88</ns3:cad>
          </ns3:TrackPointExtension>
        </extensions>
      </trkpt>
      <trkpt lat="24.50144332833588123321533203125" lon="118.14932235516607761383056640625">
        <ele>28</ele>
        <time>2026-08-12T14:01:35.000Z</time>
        <extensions>
          <ns3:TrackPointExtension>
            <ns3:hr>140</ns3:hr>
            <ns3:cad>88</ns3:cad>
          </ns3:TrackPointExtension>
        </extensions>
      </trkpt>
      <trkpt lat="24.5014390535652637481689453125" lon="118.14934582449495792388916015625">
        <ele>28</ele>
        <time>2026-08-12T14:01:36.000Z</time>
        <extensions>
          <ns3:TrackPointExtension>
            <ns3:hr>140</ns3:hr>
            <ns3:cad>88</ns3:cad>
          </ns3:TrackPointExtension>
        </extensions>
      </trkpt>
      <trkpt lat="24.50143226422369480133056640625" lon="118.14937918446958065032958984375">
        <ele>28</ele>
        <time>2026-08-12T14:01:37.000Z</time>
        <extensions>
          <ns3:TrackPointExtension>
            <ns3:hr>140</ns3:hr>
            <ns3:cad>88</ns3:cad>
          </ns3:TrackPointExtension>
        </extensions>
      </trkpt>
      <trkpt lat="24.50142874382436275482177734375" lon="118.1494022347033023834228515625">
        <ele>27.799999237060546875</ele>
        <time>2026-08-12T14:01:38.000Z</time>
        <extensions>
          <ns3:TrackPointExtension>
            <ns3:hr>140</ns3:hr>
            <ns3:cad>89</ns3:cad>
          </ns3:TrackPointExtension>
        </extensions>
      </trkpt>
      <trkpt lat="24.5014269836246967315673828125" lon="118.14943249337375164031982421875">
        <ele>28</ele>
        <time>2026-08-12T14:01:39.000Z</time>
        <extensions>
          <ns3:TrackPointExtension>
            <ns3:hr>139</ns3:hr>
            <ns3:cad>89</ns3:cad>
          </ns3:TrackPointExtension>
        </extensions>
      </trkpt>
      <trkpt lat="24.5014266483485698699951171875" lon="118.149452693760395050048828125">
        <ele>28</ele>
        <time>2026-08-12T14:01:40.000Z</time>
        <extensions>
          <ns3:TrackPointExtension>
            <ns3:hr>140</ns3:hr>
            <ns3:cad>88</ns3:cad>
          </ns3:TrackPointExtension>
        </extensions>
      </trkpt>
      <trkpt lat="24.50143553316593170166015625" lon="118.149488903582096099853515625">
        <ele>28</ele>
        <time>2026-08-12T14:01:41.000Z</time>
        <extensions>
          <ns3:TrackPointExtension>
            <ns3:hr>140</ns3:hr>
            <ns3:cad>88</ns3:cad>
          </ns3:TrackPointExtension>
        </extensions>
      </trkpt>
      <trkpt lat="24.50143494643270969390869140625" lon="118.14951413311064243316650390625">
        <ele>27.799999237060546875</ele>
        <time>2026-08-12T14:01:42.000Z</time>
        <extensions>
          <ns3:TrackPointExtension>
            <ns3:hr>139</ns3:hr>
            <ns3:cad>88</ns3:cad>
          </ns3:TrackPointExtension>
        </extensions>
      </trkpt>
      <trkpt lat="24.50143285095691680908203125" lon="118.1495490856468677520751953125">
        <ele>27.799999237060546875</ele>
        <time>2026-08-12T14:01:43.000Z</time>
        <extensions>
          <ns3:TrackPointExtension>
            <ns3:hr>140</ns3:hr>
            <ns3:cad>89</ns3:cad>
          </ns3:TrackPointExtension>
        </extensions>
      </trkpt>
      <trkpt lat="24.501429833471775054931640625" lon="118.149573393166065216064453125">
        <ele>27.799999237060546875</ele>
        <time>2026-08-12T14:01:44.000Z</time>
        <extensions>
          <ns3:TrackPointExtension>
            <ns3:hr>140</ns3:hr>
            <ns3:cad>89</ns3:cad>
          </ns3:TrackPointExtension>
        </extensions>
      </trkpt>
      <trkpt lat="24.5014296658337116241455078125" lon="118.149606920778751373291015625">
        <ele>27.6000003814697265625</ele>
        <time>2026-08-12T14:01:45.000Z</time>
        <extensions>
          <ns3:TrackPointExtension>
            <ns3:hr>139</ns3:hr>
            <ns3:cad>89</ns3:cad>
          </ns3:TrackPointExtension>
        </extensions>
      </trkpt>
      <trkpt lat="24.5014333538711071014404296875" lon="118.14962862990796566009521484375">
        <ele>27.799999237060546875</ele>
        <time>2026-08-12T14:01:46.000Z</time>
        <extensions>
          <ns3:TrackPointExtension>
            <ns3:hr>140</ns3:hr>
            <ns3:cad>89</ns3:cad>
          </ns3:TrackPointExtension>
        </extensions>
      </trkpt>
      <trkpt lat="24.50143712572753429412841796875" lon="118.1496603973209857940673828125">
        <ele>27.799999237060546875</ele>
        <time>2026-08-12T14:01:47.000Z</time>
        <extensions>
          <ns3:TrackPointExtension>
            <ns3:hr>140</ns3:hr>
            <ns3:cad>89</ns3:cad>
          </ns3:TrackPointExtension>
        </extensions>
      </trkpt>
      <trkpt lat="24.50143796391785144805908203125" lon="118.1496872194111347198486328125">
        <ele>27.799999237060546875</ele>
        <time>2026-08-12T14:01:48.000Z</time>
        <extensions>
          <ns3:TrackPointExtension>
            <ns3:hr>139</ns3:hr>
            <ns3:cad>89</ns3:cad>
          </ns3:TrackPointExtension>
        </extensions>
      </trkpt>
      <trkpt lat="24.5014454238116741180419921875" lon="118.14971613697707653045654296875">
        <ele>27.799999237060546875</ele>
        <time>2026-08-12T14:01:49.000Z</time>
        <extensions>
          <ns3:TrackPointExtension>
            <ns3:hr>139</ns3:hr>
            <ns3:cad>89</ns3:cad>
          </ns3:TrackPointExtension>
        </extensions>
      </trkpt>
      <trkpt lat="24.5014501176774501800537109375" lon="118.14974497072398662567138671875">
        <ele>27.799999237060546875</ele>
        <time>2026-08-12T14:01:50.000Z</time>
        <extensions>
          <ns3:TrackPointExtension>
            <ns3:hr>139</ns3:hr>
            <ns3:cad>88</ns3:cad>
          </ns3:TrackPointExtension>
        </extensions>
      </trkpt>
      <trkpt lat="24.50145791284739971160888671875" lon="118.14976508729159832000732421875">
        <ele>27.799999237060546875</ele>
        <time>2026-08-12T14:01:51.000Z</time>
        <extensions>
          <ns3:TrackPointExtension>
            <ns3:hr>139</ns3:hr>
            <ns3:cad>88</ns3:cad>
          </ns3:TrackPointExtension>
        </extensions>
      </trkpt>
      <trkpt lat="24.50146914459764957427978515625" lon="118.14979501068592071533203125">
        <ele>27.799999237060546875</ele>
        <time>2026-08-12T14:01:52.000Z</time>
        <extensions>
          <ns3:TrackPointExtension>
            <ns3:hr>140</ns3:hr>
            <ns3:cad>88</ns3:cad>
          </ns3:TrackPointExtension>
        </extensions>
      </trkpt>
      <trkpt lat="24.501478783786296844482421875" lon="118.149816133081912994384765625">
        <ele>27.799999237060546875</ele>
        <time>2026-08-12T14:01:53.000Z</time>
        <extensions>
          <ns3:TrackPointExtension>
            <ns3:hr>139</ns3:hr>
            <ns3:cad>88</ns3:cad>
          </ns3:TrackPointExtension>
        </extensions>
      </trkpt>
      <trkpt lat="24.5014916919171810150146484375" lon="118.14984370954334735870361328125">
        <ele>28</ele>
        <time>2026-08-12T14:01:54.000Z</time>
        <extensions>
          <ns3:TrackPointExtension>
            <ns3:hr>139</ns3:hr>
            <ns3:cad>88</ns3:cad>
          </ns3:TrackPointExtension>
        </extensions>
      </trkpt>
      <trkpt lat="24.501501582562923431396484375" lon="118.149861730635166168212890625">
        <ele>28</ele>
        <time>2026-08-12T14:01:55.000Z</time>
        <extensions>
          <ns3:TrackPointExtension>
            <ns3:hr>139</ns3:hr>
            <ns3:cad>88</ns3:cad>
          </ns3:TrackPointExtension>
        </extensions>
      </trkpt>
      <trkpt lat="24.50151088647544384002685546875" lon="118.14988888800144195556640625">
        <ele>28</ele>
        <time>2026-08-12T14:01:56.000Z</time>
        <extensions>
          <ns3:TrackPointExtension>
            <ns3:hr>139</ns3:hr>
            <ns3:cad>88</ns3:cad>
          </ns3:TrackPointExtension>
        </extensions>
      </trkpt>
      <trkpt lat="24.50152002274990081787109375" lon="118.14991026185452938079833984375">
        <ele>28.200000762939453125</ele>
        <time>2026-08-12T14:01:57.000Z</time>
        <extensions>
          <ns3:TrackPointExtension>
            <ns3:hr>140</ns3:hr>
            <ns3:cad>88</ns3:cad>
          </ns3:TrackPointExtension>
        </extensions>
      </trkpt>
      <trkpt lat="24.50152681209146976470947265625" lon="118.1499440409243106842041015625">
        <ele>28.200000762939453125</ele>
        <time>2026-08-12T14:01:58.000Z</time>
        <extensions>
          <ns3:TrackPointExtension>
            <ns3:hr>139</ns3:hr>
            <ns3:cad>87</ns3:cad>
          </ns3:TrackPointExtension>
        </extensions>
      </trkpt>
      <trkpt lat="24.501533098518848419189453125" lon="118.1499698571860790252685546875">
        <ele>28.200000762939453125</ele>
        <time>2026-08-12T14:01:59.000Z</time>
        <extensions>
          <ns3:TrackPointExtension>
            <ns3:hr>139</ns3:hr>
            <ns3:cad>87</ns3:cad>
          </ns3:TrackPointExtension>
        </extensions>
      </trkpt>
      <trkpt lat="24.50153703801333904266357421875" lon="118.15000330097973346710205078125">
        <ele>28.200000762939453125</ele>
        <time>2026-08-12T14:02:00.000Z</time>
        <extensions>
          <ns3:TrackPointExtension>
            <ns3:hr>139</ns3:hr>
            <ns3:cad>87</ns3:cad>
          </ns3:TrackPointExtension>
        </extensions>
      </trkpt>
      <trkpt lat="24.5015396364033222198486328125" lon="118.15003112889826297760009765625">
        <ele>28.200000762939453125</ele>
        <time>2026-08-12T14:02:01.000Z</time>
        <extensions>
          <ns3:TrackPointExtension>
            <ns3:hr>139</ns3:hr>
            <ns3:cad>88</ns3:cad>
          </ns3:TrackPointExtension>
        </extensions>
      </trkpt>
      <trkpt lat="24.50154039077460765838623046875" lon="118.150061555206775665283203125">
        <ele>28.200000762939453125</ele>
        <time>2026-08-12T14:02:02.000Z</time>
        <extensions>
          <ns3:TrackPointExtension>
            <ns3:hr>138</ns3:hr>
            <ns3:cad>88</ns3:cad>
          </ns3:TrackPointExtension>
        </extensions>
      </trkpt>
      <trkpt lat="24.501541815698146820068359375" lon="118.15009013749659061431884765625">
        <ele>28</ele>
        <time>2026-08-12T14:02:03.000Z</time>
        <extensions>
          <ns3:TrackPointExtension>
            <ns3:hr>139</ns3:hr>
            <ns3:cad>88</ns3:cad>
          </ns3:TrackPointExtension>
        </extensions>
      </trkpt>
      <trkpt lat="24.50154290534555912017822265625" lon="118.15011578612029552459716796875">
        <ele>28</ele>
        <time>2026-08-12T14:02:04.000Z</time>
        <extensions>
          <ns3:TrackPointExtension>
            <ns3:hr>138</ns3:hr>
            <ns3:cad>88</ns3:cad>
          </ns3:TrackPointExtension>
        </extensions>
      </trkpt>
      <trkpt lat="24.5015403069555759429931640625" lon="118.15014461986720561981201171875">
        <ele>28</ele>
        <time>2026-08-12T14:02:05.000Z</time>
        <extensions>
          <ns3:TrackPointExtension>
            <ns3:hr>138</ns3:hr>
            <ns3:cad>88</ns3:cad>
          </ns3:TrackPointExtension>
        </extensions>
      </trkpt>
      <trkpt lat="24.50154273770749568939208984375" lon="118.1501693464815616607666015625">
        <ele>28</ele>
        <time>2026-08-12T14:02:06.000Z</time>
        <extensions>
          <ns3:TrackPointExtension>
            <ns3:hr>138</ns3:hr>
            <ns3:cad>87</ns3:cad>
          </ns3:TrackPointExtension>
        </extensions>
      </trkpt>
      <trkpt lat="24.501542150974273681640625" lon="118.1502048857510089874267578125">
        <ele>28</ele>
        <time>2026-08-12T14:02:07.000Z</time>
        <extensions>
          <ns3:TrackPointExtension>
            <ns3:hr>138</ns3:hr>
            <ns3:cad>87</ns3:cad>
          </ns3:TrackPointExtension>
        </extensions>
      </trkpt>
      <trkpt lat="24.50154424645006656646728515625" lon="118.15022760070860385894775390625">
        <ele>28</ele>
        <time>2026-08-12T14:02:08.000Z</time>
        <extensions>
          <ns3:TrackPointExtension>
            <ns3:hr>138</ns3:hr>
            <ns3:cad>87</ns3:cad>
          </ns3:TrackPointExtension>
        </extensions>
      </trkpt>
      <trkpt lat="24.5015403069555759429931640625" lon="118.15026062540709972381591796875">
        <ele>28</ele>
        <time>2026-08-12T14:02:09.000Z</time>
        <extensions>
          <ns3:TrackPointExtension>
            <ns3:hr>138</ns3:hr>
            <ns3:cad>88</ns3:cad>
          </ns3:TrackPointExtension>
        </extensions>
      </trkpt>
      <trkpt lat="24.50154550373554229736328125" lon="118.1502830050885677337646484375">
        <ele>28</ele>
        <time>2026-08-12T14:02:10.000Z</time>
        <extensions>
          <ns3:TrackPointExtension>
            <ns3:hr>138</ns3:hr>
            <ns3:cad>88</ns3:cad>
          </ns3:TrackPointExtension>
        </extensions>
      </trkpt>
      <trkpt lat="24.5015434920787811279296875" lon="118.15031535923480987548828125">
        <ele>28</ele>
        <time>2026-08-12T14:02:11.000Z</time>
        <extensions>
          <ns3:TrackPointExtension>
            <ns3:hr>138</ns3:hr>
            <ns3:cad>88</ns3:cad>
          </ns3:TrackPointExtension>
        </extensions>
      </trkpt>
      <trkpt lat="24.5015476830303668975830078125" lon="118.15033656544983386993408203125">
        <ele>28</ele>
        <time>2026-08-12T14:02:12.000Z</time>
        <extensions>
          <ns3:TrackPointExtension>
            <ns3:hr>138</ns3:hr>
            <ns3:cad>88</ns3:cad>
          </ns3:TrackPointExtension>
        </extensions>
      </trkpt>
      <trkpt lat="24.50154659338295459747314453125" lon="118.15037176944315433502197265625">
        <ele>28</ele>
        <time>2026-08-12T14:02:13.000Z</time>
        <extensions>
          <ns3:TrackPointExtension>
            <ns3:hr>138</ns3:hr>
            <ns3:cad>88</ns3:cad>
          </ns3:TrackPointExtension>
        </extensions>
      </trkpt>
      <trkpt lat="24.501546509563922882080078125" lon="118.15039238892495632171630859375">
        <ele>28</ele>
        <time>2026-08-12T14:02:14.000Z</time>
        <extensions>
          <ns3:TrackPointExtension>
            <ns3:hr>137</ns3:hr>
            <ns3:cad>88</ns3:cad>
          </ns3:TrackPointExtension>
        </extensions>
      </trkpt>
      <trkpt lat="24.501543156802654266357421875" lon="118.150422982871532440185546875">
        <ele>28</ele>
        <time>2026-08-12T14:02:15.000Z</time>
        <extensions>
          <ns3:TrackPointExtension>
            <ns3:hr>137</ns3:hr>
            <ns3:cad>88</ns3:cad>
          </ns3:TrackPointExtension>
        </extensions>
      </trkpt>
      <trkpt lat="24.5015433244407176971435546875" lon="118.15044821240007877349853515625">
        <ele>28</ele>
        <time>2026-08-12T14:02:16.000Z</time>
        <extensions>
          <ns3:TrackPointExtension>
            <ns3:hr>137</ns3:hr>
            <ns3:cad>88</ns3:cad>
          </ns3:TrackPointExtension>
        </extensions>
      </trkpt>
      <trkpt lat="24.5015436597168445587158203125" lon="118.150485344231128692626953125">
        <ele>28</ele>
        <time>2026-08-12T14:02:17.000Z</time>
        <extensions>
          <ns3:TrackPointExtension>
            <ns3:hr>137</ns3:hr>
            <ns3:cad>89</ns3:cad>
          </ns3:TrackPointExtension>
        </extensions>
      </trkpt>
      <trkpt lat="24.501540474593639373779296875" lon="118.15051375888288021087646484375">
        <ele>28</ele>
        <time>2026-08-12T14:02:18.000Z</time>
        <extensions>
          <ns3:TrackPointExtension>
            <ns3:hr>137</ns3:hr>
            <ns3:cad>89</ns3:cad>
          </ns3:TrackPointExtension>
        </extensions>
      </trkpt>
      <trkpt lat="24.50154541991651058197021484375" lon="118.15054762177169322967529296875">
        <ele>27.799999237060546875</ele>
        <time>2026-08-12T14:02:19.000Z</time>
        <extensions>
          <ns3:TrackPointExtension>
            <ns3:hr>137</ns3:hr>
            <ns3:cad>88</ns3:cad>
          </ns3:TrackPointExtension>
        </extensions>
      </trkpt>
      <trkpt lat="24.5015480183064937591552734375" lon="118.150575868785381317138671875">
        <ele>27.799999237060546875</ele>
        <time>2026-08-12T14:02:20.000Z</time>
        <extensions>
          <ns3:TrackPointExtension>
            <ns3:hr>136</ns3:hr>
            <ns3:cad>88</ns3:cad>
          </ns3:TrackPointExtension>
        </extensions>
      </trkpt>
      <trkpt lat="24.5015503652393817901611328125" lon="118.1506057083606719970703125">
        <ele>27.799999237060546875</ele>
        <time>2026-08-12T14:02:21.000Z</time>
        <extensions>
          <ns3:TrackPointExtension>
            <ns3:hr>137</ns3:hr>
            <ns3:cad>88</ns3:cad>
          </ns3:TrackPointExtension>
        </extensions>
      </trkpt>
      <trkpt lat="24.50154793448746204376220703125" lon="118.150638230144977569580078125">
        <ele>27.799999237060546875</ele>
        <time>2026-08-12T14:02:22.000Z</time>
        <extensions>
          <ns3:TrackPointExtension>
            <ns3:hr>137</ns3:hr>
            <ns3:cad>87</ns3:cad>
          </ns3:TrackPointExtension>
        </extensions>
      </trkpt>
      <trkpt lat="24.50155011378228664398193359375" lon="118.1506632082164287567138671875">
        <ele>27.799999237060546875</ele>
        <time>2026-08-12T14:02:23.000Z</time>
        <extensions>
          <ns3:TrackPointExtension>
            <ns3:hr>136</ns3:hr>
            <ns3:cad>88</ns3:cad>
          </ns3:TrackPointExtension>
        </extensions>
      </trkpt>
      <trkpt lat="24.50154642574489116668701171875" lon="118.1506990827620029449462890625">
        <ele>27.799999237060546875</ele>
        <time>2026-08-12T14:02:24.000Z</time>
        <extensions>
          <ns3:TrackPointExtension>
            <ns3:hr>136</ns3:hr>
            <ns3:cad>88</ns3:cad>
          </ns3:TrackPointExtension>
        </extensions>
      </trkpt>
      <trkpt lat="24.50155011378228664398193359375" lon="118.15072171390056610107421875">
        <ele>27.6000003814697265625</ele>
        <time>2026-08-12T14:02:25.000Z</time>
        <extensions>
          <ns3:TrackPointExtension>
            <ns3:hr>136</ns3:hr>
            <ns3:cad>89</ns3:cad>
          </ns3:TrackPointExtension>
        </extensions>
      </trkpt>
      <trkpt lat="24.5015483535826206207275390625" lon="118.150759600102901458740234375">
        <ele>27.6000003814697265625</ele>
        <time>2026-08-12T14:02:26.000Z</time>
        <extensions>
          <ns3:TrackPointExtension>
            <ns3:hr>137</ns3:hr>
            <ns3:cad>89</ns3:cad>
          </ns3:TrackPointExtension>
        </extensions>
      </trkpt>
      <trkpt lat="24.50155396945774555206298828125" lon="118.150782398879528045654296875">
        <ele>27.6000003814697265625</ele>
        <time>2026-08-12T14:02:27.000Z</time>
        <extensions>
          <ns3:TrackPointExtension>
            <ns3:hr>137</ns3:hr>
            <ns3:cad>89</ns3:cad>
          </ns3:TrackPointExtension>
        </extensions>
      </trkpt>
      <trkpt lat="24.501553885638713836669921875" lon="118.150816597044467926025390625">
        <ele>27.6000003814697265625</ele>
        <time>2026-08-12T14:02:28.000Z</time>
        <extensions>
          <ns3:TrackPointExtension>
            <ns3:hr>137</ns3:hr>
            <ns3:cad>88</ns3:cad>
          </ns3:TrackPointExtension>
        </extensions>
      </trkpt>
      <trkpt lat="24.501551873981952667236328125" lon="118.15083813853561878204345703125">
        <ele>27.6000003814697265625</ele>
        <time>2026-08-12T14:02:29.000Z</time>
        <extensions>
          <ns3:TrackPointExtension>
            <ns3:hr>137</ns3:hr>
            <ns3:cad>87</ns3:cad>
          </ns3:TrackPointExtension>
        </extensions>
      </trkpt>
      <trkpt lat="24.5015517063438892364501953125" lon="118.15086923539638519287109375">
        <ele>27.6000003814697265625</ele>
        <time>2026-08-12T14:02:30.000Z</time>
        <extensions>
          <ns3:TrackPointExtension>
            <ns3:hr>138</ns3:hr>
            <ns3:cad>87</ns3:cad>
          </ns3:TrackPointExtension>
        </extensions>
      </trkpt>
      <trkpt lat="24.501551203429698944091796875" lon="118.15089446492493152618408203125">
        <ele>27.6000003814697265625</ele>
        <time>2026-08-12T14:02:31.000Z</time>
        <extensions>
          <ns3:TrackPointExtension>
            <ns3:hr>138</ns3:hr>
            <ns3:cad>87</ns3:cad>
          </ns3:TrackPointExtension>
        </extensions>
      </trkpt>
      <trkpt lat="24.50155497528612613677978515625" lon="118.15092623233795166015625">
        <ele>27.6000003814697265625</ele>
        <time>2026-08-12T14:02:32.000Z</time>
        <extensions>
          <ns3:TrackPointExtension>
            <ns3:hr>138</ns3:hr>
            <ns3:cad>88</ns3:cad>
          </ns3:TrackPointExtension>
        </extensions>
      </trkpt>
      <trkpt lat="24.50155447237193584442138671875" lon="118.15095179714262485504150390625">
        <ele>27.3999996185302734375</ele>
        <time>2026-08-12T14:02:33.000Z</time>
        <extensions>
          <ns3:TrackPointExtension>
            <ns3:hr>138</ns3:hr>
            <ns3:cad>88</ns3:cad>
          </ns3:TrackPointExtension>
        </extensions>
      </trkpt>
      <trkpt lat="24.50155665166676044464111328125" lon="118.150982894003391265869140625">
        <ele>27.3999996185302734375</ele>
        <time>2026-08-12T14:02:34.000Z</time>
        <extensions>
          <ns3:TrackPointExtension>
            <ns3:hr>138</ns3:hr>
            <ns3:cad>88</ns3:cad>
          </ns3:TrackPointExtension>
        </extensions>
      </trkpt>
      <trkpt lat="24.5015547238290309906005859375" lon="118.1510105542838573455810546875">
        <ele>27.3999996185302734375</ele>
        <time>2026-08-12T14:02:35.000Z</time>
        <extensions>
          <ns3:TrackPointExtension>
            <ns3:hr>138</ns3:hr>
            <ns3:cad>88</ns3:cad>
          </ns3:TrackPointExtension>
        </extensions>
      </trkpt>
      <trkpt lat="24.5015569031238555908203125" lon="118.15104014240205287933349609375">
        <ele>27.3999996185302734375</ele>
        <time>2026-08-12T14:02:36.000Z</time>
        <extensions>
          <ns3:TrackPointExtension>
            <ns3:hr>139</ns3:hr>
            <ns3:cad>88</ns3:cad>
          </ns3:TrackPointExtension>
        </extensions>
      </trkpt>
      <trkpt lat="24.50155581347644329071044921875" lon="118.1510709039866924285888671875">
        <ele>27.3999996185302734375</ele>
        <time>2026-08-12T14:02:37.000Z</time>
        <extensions>
          <ns3:TrackPointExtension>
            <ns3:hr>139</ns3:hr>
            <ns3:cad>87</ns3:cad>
          </ns3:TrackPointExtension>
        </extensions>
      </trkpt>
      <trkpt lat="24.50155966915190219879150390625" lon="118.1510916911065578460693359375">
        <ele>27.3999996185302734375</ele>
        <time>2026-08-12T14:02:38.000Z</time>
        <extensions>
          <ns3:TrackPointExtension>
            <ns3:hr>138</ns3:hr>
            <ns3:cad>87</ns3:cad>
          </ns3:TrackPointExtension>
        </extensions>
      </trkpt>
      <trkpt lat="24.50155396945774555206298828125" lon="118.15112748183310031890869140625">
        <ele>27.3999996185302734375</ele>
        <time>2026-08-12T14:02:39.000Z</time>
        <extensions>
          <ns3:TrackPointExtension>
            <ns3:hr>138</ns3:hr>
            <ns3:cad>87</ns3:cad>
          </ns3:TrackPointExtension>
        </extensions>
      </trkpt>
      <trkpt lat="24.5015595853328704833984375" lon="118.15114826895296573638916015625">
        <ele>27.3999996185302734375</ele>
        <time>2026-08-12T14:02:40.000Z</time>
        <extensions>
          <ns3:TrackPointExtension>
            <ns3:hr>138</ns3:hr>
            <ns3:cad>88</ns3:cad>
          </ns3:TrackPointExtension>
        </extensions>
      </trkpt>
      <trkpt lat="24.501555897295475006103515625" lon="118.1511815451085567474365234375">
        <ele>27.3999996185302734375</ele>
        <time>2026-08-12T14:02:41.000Z</time>
        <extensions>
          <ns3:TrackPointExtension>
            <ns3:hr>138</ns3:hr>
            <ns3:cad>88</ns3:cad>
          </ns3:TrackPointExtension>
        </extensions>
      </trkpt>
      <trkpt lat="24.50156017206609249114990234375" lon="118.151200152933597564697265625">
        <ele>27.3999996185302734375</ele>
        <time>2026-08-12T14:02:42.000Z</time>
        <extensions>
          <ns3:TrackPointExtension>
            <ns3:hr>138</ns3:hr>
            <ns3:cad>88</ns3:cad>
          </ns3:TrackPointExtension>
        </extensions>
      </trkpt>
      <trkpt lat="24.50155891478061676025390625" lon="118.151236362755298614501953125">
        <ele>27.3999996185302734375</ele>
        <time>2026-08-12T14:02:43.000Z</time>
        <extensions>
          <ns3:TrackPointExtension>
            <ns3:hr>138</ns3:hr>
            <ns3:cad>88</ns3:cad>
          </ns3:TrackPointExtension>
        </extensions>
      </trkpt>
      <trkpt lat="24.50156268663704395294189453125" lon="118.151258490979671478271484375">
        <ele>27.3999996185302734375</ele>
        <time>2026-08-12T14:02:44.000Z</time>
        <extensions>
          <ns3:TrackPointExtension>
            <ns3:hr>138</ns3:hr>
            <ns3:cad>87</ns3:cad>
          </ns3:TrackPointExtension>
        </extensions>
      </trkpt>
      <trkpt lat="24.50156251899898052215576171875" lon="118.151296041905879974365234375">
        <ele>27.3999996185302734375</ele>
        <time>2026-08-12T14:02:45.000Z</time>
        <extensions>
          <ns3:TrackPointExtension>
            <ns3:hr>137</ns3:hr>
            <ns3:cad>87</ns3:cad>
          </ns3:TrackPointExtension>
        </extensions>
      </trkpt>
      <trkpt lat="24.501563608646392822265625" lon="118.15132009796798229217529296875">
        <ele>27.200000762939453125</ele>
        <time>2026-08-12T14:02:46.000Z</time>
        <extensions>
          <ns3:TrackPointExtension>
            <ns3:hr>137</ns3:hr>
            <ns3:cad>87</ns3:cad>
          </ns3:TrackPointExtension>
        </extensions>
      </trkpt>
      <trkpt lat="24.50156520120799541473388671875" lon="118.15135538578033447265625">
        <ele>27.200000762939453125</ele>
        <time>2026-08-12T14:02:47.000Z</time>
        <extensions>
          <ns3:TrackPointExtension>
            <ns3:hr>137</ns3:hr>
            <ns3:cad>88</ns3:cad>
          </ns3:TrackPointExtension>
        </extensions>
      </trkpt>
      <trkpt lat="24.50156469829380512237548828125" lon="118.151379860937595367431640625">
        <ele>27.200000762939453125</ele>
        <time>2026-08-12T14:02:48.000Z</time>
        <extensions>
          <ns3:TrackPointExtension>
            <ns3:hr>137</ns3:hr>
            <ns3:cad>89</ns3:cad>
          </ns3:TrackPointExtension>
        </extensions>
      </trkpt>
      <trkpt lat="24.50156637467443943023681640625" lon="118.15140961669385433197021484375">
        <ele>27</ele>
        <time>2026-08-12T14:02:49.000Z</time>
        <extensions>
          <ns3:TrackPointExtension>
            <ns3:hr>138</ns3:hr>
            <ns3:cad>89</ns3:cad>
          </ns3:TrackPointExtension>
        </extensions>
      </trkpt>
      <trkpt lat="24.5015649497509002685546875" lon="118.15143744461238384246826171875">
        <ele>27</ele>
        <time>2026-08-12T14:02:50.000Z</time>
        <extensions>
          <ns3:TrackPointExtension>
            <ns3:hr>138</ns3:hr>
            <ns3:cad>89</ns3:cad>
          </ns3:TrackPointExtension>
        </extensions>
      </trkpt>
      <trkpt lat="24.50156670995056629180908203125" lon="118.1514665298163890838623046875">
        <ele>27</ele>
        <time>2026-08-12T14:02:51.000Z</time>
        <extensions>
          <ns3:TrackPointExtension>
            <ns3:hr>138</ns3:hr>
            <ns3:cad>89</ns3:cad>
          </ns3:TrackPointExtension>
        </extensions>
      </trkpt>
      <trkpt lat="24.5015622675418853759765625" lon="118.15149628557264804840087890625">
        <ele>27.200000762939453125</ele>
        <time>2026-08-12T14:02:52.000Z</time>
        <extensions>
          <ns3:TrackPointExtension>
            <ns3:hr>138</ns3:hr>
            <ns3:cad>88</ns3:cad>
          </ns3:TrackPointExtension>
        </extensions>
      </trkpt>
      <trkpt lat="24.50156436301767826080322265625" lon="118.15152235329151153564453125">
        <ele>27.200000762939453125</ele>
        <time>2026-08-12T14:02:53.000Z</time>
        <extensions>
          <ns3:TrackPointExtension>
            <ns3:hr>137</ns3:hr>
            <ns3:cad>87</ns3:cad>
          </ns3:TrackPointExtension>
        </extensions>
      </trkpt>
      <trkpt lat="24.501557238399982452392578125" lon="118.15155512653291225433349609375">
        <ele>27.200000762939453125</ele>
        <time>2026-08-12T14:02:54.000Z</time>
        <extensions>
          <ns3:TrackPointExtension>
            <ns3:hr>136</ns3:hr>
            <ns3:cad>87</ns3:cad>
          </ns3:TrackPointExtension>
        </extensions>
      </trkpt>
      <trkpt lat="24.50155950151383876800537109375" lon="118.1515775062143802642822265625">
        <ele>27.200000762939453125</ele>
        <time>2026-08-12T14:02:55.000Z</time>
        <extensions>
          <ns3:TrackPointExtension>
            <ns3:hr>135</ns3:hr>
            <ns3:cad>88</ns3:cad>
          </ns3:TrackPointExtension>
        </extensions>
      </trkpt>
      <trkpt lat="24.50155447237193584442138671875" lon="118.15161086618900299072265625">
        <ele>27.200000762939453125</ele>
        <time>2026-08-12T14:02:56.000Z</time>
        <extensions>
          <ns3:TrackPointExtension>
            <ns3:hr>134</ns3:hr>
            <ns3:cad>89</ns3:cad>
          </ns3:TrackPointExtension>
        </extensions>
      </trkpt>
      <trkpt lat="24.5015560649335384368896484375" lon="118.15163232386112213134765625">
        <ele>27.200000762939453125</ele>
        <time>2026-08-12T14:02:57.000Z</time>
        <extensions>
          <ns3:TrackPointExtension>
            <ns3:hr>134</ns3:hr>
            <ns3:cad>89</ns3:cad>
          </ns3:TrackPointExtension>
        </extensions>
      </trkpt>
      <trkpt lat="24.501555897295475006103515625" lon="118.1516660191118717193603515625">
        <ele>27.200000762939453125</ele>
        <time>2026-08-12T14:02:58.000Z</time>
        <extensions>
          <ns3:TrackPointExtension>
            <ns3:hr>135</ns3:hr>
            <ns3:cad>88</ns3:cad>
          </ns3:TrackPointExtension>
        </extensions>
      </trkpt>
      <trkpt lat="24.50155765749514102935791015625" lon="118.1516868062317371368408203125">
        <ele>27.200000762939453125</ele>
        <time>2026-08-12T14:02:59.000Z</time>
        <extensions>
          <ns3:TrackPointExtension>
            <ns3:hr>135</ns3:hr>
            <ns3:cad>88</ns3:cad>
          </ns3:TrackPointExtension>
        </extensions>
      </trkpt>
      <trkpt lat="24.50156033970415592193603515625" lon="118.15172444097697734832763671875">
        <ele>27.200000762939453125</ele>
        <time>2026-08-12T14:03:00.000Z</time>
        <extensions>
          <ns3:TrackPointExtension>
            <ns3:hr>136</ns3:hr>
            <ns3:cad>88</ns3:cad>
          </ns3:TrackPointExtension>
        </extensions>
      </trkpt>
      <trkpt lat="24.50156251899898052215576171875" lon="118.15175126306712627410888671875">
        <ele>27.200000762939453125</ele>
        <time>2026-08-12T14:03:01.000Z</time>
        <extensions>
          <ns3:TrackPointExtension>
            <ns3:hr>136</ns3:hr>
            <ns3:cad>87</ns3:cad>
          </ns3:TrackPointExtension>
        </extensions>
      </trkpt>
      <trkpt lat="24.50156536884605884552001953125" lon="118.1517858803272247314453125">
        <ele>27.200000762939453125</ele>
        <time>2026-08-12T14:03:02.000Z</time>
        <extensions>
          <ns3:TrackPointExtension>
            <ns3:hr>137</ns3:hr>
            <ns3:cad>87</ns3:cad>
          </ns3:TrackPointExtension>
        </extensions>
      </trkpt>
      <trkpt lat="24.50156654231250286102294921875" lon="118.151815049350261688232421875">
        <ele>27</ele>
        <time>2026-08-12T14:03:03.000Z</time>
        <extensions>
          <ns3:TrackPointExtension>
            <ns3:hr>137</ns3:hr>
            <ns3:cad>87</ns3:cad>
          </ns3:TrackPointExtension>
        </extensions>
      </trkpt>
      <trkpt lat="24.501568973064422607421875" lon="118.15184379927814006805419921875">
        <ele>27</ele>
        <time>2026-08-12T14:03:04.000Z</time>
        <extensions>
          <ns3:TrackPointExtension>
            <ns3:hr>137</ns3:hr>
            <ns3:cad>87</ns3:cad>
          </ns3:TrackPointExtension>
        </extensions>
      </trkpt>
      <trkpt lat="24.5015657879412174224853515625" lon="118.15187028609216213226318359375">
        <ele>27</ele>
        <time>2026-08-12T14:03:05.000Z</time>
        <extensions>
          <ns3:TrackPointExtension>
            <ns3:hr>137</ns3:hr>
            <ns3:cad>88</ns3:cad>
          </ns3:TrackPointExtension>
        </extensions>
      </trkpt>
      <trkpt lat="24.501565955579280853271484375" lon="118.1518983654677867889404296875">
        <ele>27</ele>
        <time>2026-08-12T14:03:06.000Z</time>
        <extensions>
          <ns3:TrackPointExtension>
            <ns3:hr>137</ns3:hr>
            <ns3:cad>88</ns3:cad>
          </ns3:TrackPointExtension>
        </extensions>
      </trkpt>
      <trkpt lat="24.5015570707619190216064453125" lon="118.15192728303372859954833984375">
        <ele>27</ele>
        <time>2026-08-12T14:03:07.000Z</time>
        <extensions>
          <ns3:TrackPointExtension>
            <ns3:hr>138</ns3:hr>
            <ns3:cad>88</ns3:cad>
          </ns3:TrackPointExtension>
        </extensions>
      </trkpt>
      <trkpt lat="24.5015540532767772674560546875" lon="118.1519543565809726715087890625">
        <ele>27</ele>
        <time>2026-08-12T14:03:08.000Z</time>
        <extensions>
          <ns3:TrackPointExtension>
            <ns3:hr>137</ns3:hr>
            <ns3:cad>88</ns3:cad>
          </ns3:TrackPointExtension>
        </extensions>
      </trkpt>
      <trkpt lat="24.50154474936425685882568359375" lon="118.15198411233723163604736328125">
        <ele>27</ele>
        <time>2026-08-12T14:03:09.000Z</time>
        <extensions>
          <ns3:TrackPointExtension>
            <ns3:hr>137</ns3:hr>
            <ns3:cad>87</ns3:cad>
          </ns3:TrackPointExtension>
        </extensions>
      </trkpt>
      <trkpt lat="24.50154474936425685882568359375" lon="118.15200909040868282318115234375">
        <ele>27</ele>
        <time>2026-08-12T14:03:10.000Z</time>
        <extensions>
          <ns3:TrackPointExtension>
            <ns3:hr>138</ns3:hr>
            <ns3:cad>88</ns3:cad>
          </ns3:TrackPointExtension>
        </extensions>
      </trkpt>
      <trkpt lat="24.5015426538884639739990234375" lon="118.15204094164073467254638671875">
        <ele>27</ele>
        <time>2026-08-12T14:03:11.000Z</time>
        <extensions>
          <ns3:TrackPointExtension>
            <ns3:hr>138</ns3:hr>
            <ns3:cad>88</ns3:cad>
          </ns3:TrackPointExtension>
        </extensions>
      </trkpt>
      <trkpt lat="24.50154810212552547454833984375" lon="118.1520646624267101287841796875">
        <ele>26.799999237060546875</ele>
        <time>2026-08-12T14:03:12.000Z</time>
        <extensions>
          <ns3:TrackPointExtension>
            <ns3:hr>138</ns3:hr>
            <ns3:cad>89</ns3:cad>
          </ns3:TrackPointExtension>
        </extensions>
      </trkpt>
      <trkpt lat="24.5015488564968109130859375" lon="118.15209726803004741668701171875">
        <ele>26.799999237060546875</ele>
        <time>2026-08-12T14:03:13.000Z</time>
        <extensions>
          <ns3:TrackPointExtension>
            <ns3:hr>138</ns3:hr>
            <ns3:cad>89</ns3:cad>
          </ns3:TrackPointExtension>
        </extensions>
      </trkpt>
      <trkpt lat="24.5015503652393817901611328125" lon="118.15212241373956203460693359375">
        <ele>26.799999237060546875</ele>
        <time>2026-08-12T14:03:14.000Z</time>
        <extensions>
          <ns3:TrackPointExtension>
            <ns3:hr>137</ns3:hr>
            <ns3:cad>89</ns3:cad>
          </ns3:TrackPointExtension>
        </extensions>
      </trkpt>
      <trkpt lat="24.501549862325191497802734375" lon="118.15215543843805789947509765625">
        <ele>26.799999237060546875</ele>
        <time>2026-08-12T14:03:15.000Z</time>
        <extensions>
          <ns3:TrackPointExtension>
            <ns3:hr>138</ns3:hr>
            <ns3:cad>88</ns3:cad>
          </ns3:TrackPointExtension>
        </extensions>
      </trkpt>
      <trkpt lat="24.50155296362936496734619140625" lon="118.1521766446530818939208984375">
        <ele>26.799999237060546875</ele>
        <time>2026-08-12T14:03:16.000Z</time>
        <extensions>
          <ns3:TrackPointExtension>
            <ns3:hr>138</ns3:hr>
            <ns3:cad>88</ns3:cad>
          </ns3:TrackPointExtension>
        </extensions>
      </trkpt>
      <trkpt lat="24.50154944323003292083740234375" lon="118.15220925025641918182373046875">
        <ele>26.799999237060546875</ele>
        <time>2026-08-12T14:03:17.000Z</time>
        <extensions>
          <ns3:TrackPointExtension>
            <ns3:hr>137</ns3:hr>
            <ns3:cad>88</ns3:cad>
          </ns3:TrackPointExtension>
        </extensions>
      </trkpt>
      <trkpt lat="24.5015488564968109130859375" lon="118.1522336415946483612060546875">
        <ele>27</ele>
        <time>2026-08-12T14:03:18.000Z</time>
        <extensions>
          <ns3:TrackPointExtension>
            <ns3:hr>137</ns3:hr>
            <ns3:cad>88</ns3:cad>
          </ns3:TrackPointExtension>
        </extensions>
      </trkpt>
      <trkpt lat="24.5015480183064937591552734375" lon="118.15226641483604907989501953125">
        <ele>27</ele>
        <time>2026-08-12T14:03:19.000Z</time>
        <extensions>
          <ns3:TrackPointExtension>
            <ns3:hr>137</ns3:hr>
            <ns3:cad>89</ns3:cad>
          </ns3:TrackPointExtension>
        </extensions>
      </trkpt>
      <trkpt lat="24.5015466772019863128662109375" lon="118.152293153107166290283203125">
        <ele>27</ele>
        <time>2026-08-12T14:03:20.000Z</time>
        <extensions>
          <ns3:TrackPointExtension>
            <ns3:hr>137</ns3:hr>
            <ns3:cad>89</ns3:cad>
          </ns3:TrackPointExtension>
        </extensions>
      </trkpt>
      <trkpt lat="24.5015476830303668975830078125" lon="118.15232274122536182403564453125">
        <ele>27</ele>
        <time>2026-08-12T14:03:21.000Z</time>
        <extensions>
          <ns3:TrackPointExtension>
            <ns3:hr>137</ns3:hr>
            <ns3:cad>88</ns3:cad>
          </ns3:TrackPointExtension>
        </extensions>
      </trkpt>
      <trkpt lat="24.50155061669647693634033203125" lon="118.1523513235151767730712890625">
        <ele>27</ele>
        <time>2026-08-12T14:03:22.000Z</time>
        <extensions>
          <ns3:TrackPointExtension>
            <ns3:hr>136</ns3:hr>
            <ns3:cad>88</ns3:cad>
          </ns3:TrackPointExtension>
        </extensions>
      </trkpt>
      <trkpt lat="24.50155346654355525970458984375" lon="118.15237931907176971435546875">
        <ele>26.799999237060546875</ele>
        <time>2026-08-12T14:03:23.000Z</time>
        <extensions>
          <ns3:TrackPointExtension>
            <ns3:hr>136</ns3:hr>
            <ns3:cad>87</ns3:cad>
          </ns3:TrackPointExtension>
        </extensions>
      </trkpt>
      <trkpt lat="24.50155355036258697509765625" lon="118.15240873955190181732177734375">
        <ele>26.799999237060546875</ele>
        <time>2026-08-12T14:03:24.000Z</time>
        <extensions>
          <ns3:TrackPointExtension>
            <ns3:hr>136</ns3:hr>
            <ns3:cad>87</ns3:cad>
          </ns3:TrackPointExtension>
        </extensions>
      </trkpt>
      <trkpt lat="24.50155715458095073699951171875" lon="118.15243623219430446624755859375">
        <ele>26.799999237060546875</ele>
        <time>2026-08-12T14:03:25.000Z</time>
        <extensions>
          <ns3:TrackPointExtension>
            <ns3:hr>136</ns3:hr>
            <ns3:cad>88</ns3:cad>
          </ns3:TrackPointExtension>
        </extensions>
      </trkpt>
      <trkpt lat="24.50155011378228664398193359375" lon="118.152468167245388031005859375">
        <ele>26.799999237060546875</ele>
        <time>2026-08-12T14:03:26.000Z</time>
        <extensions>
          <ns3:TrackPointExtension>
            <ns3:hr>136</ns3:hr>
            <ns3:cad>88</ns3:cad>
          </ns3:TrackPointExtension>
        </extensions>
      </trkpt>
      <trkpt lat="24.5015510357916355133056640625" lon="118.15249155275523662567138671875">
        <ele>26.799999237060546875</ele>
        <time>2026-08-12T14:03:27.000Z</time>
        <extensions>
          <ns3:TrackPointExtension>
            <ns3:hr>136</ns3:hr>
            <ns3:cad>89</ns3:cad>
          </ns3:TrackPointExtension>
        </extensions>
      </trkpt>
      <trkpt lat="24.50154860503971576690673828125" lon="118.15252424217760562896728515625">
        <ele>26.799999237060546875</ele>
        <time>2026-08-12T14:03:28.000Z</time>
        <extensions>
          <ns3:TrackPointExtension>
            <ns3:hr>135</ns3:hr>
            <ns3:cad>89</ns3:cad>
          </ns3:TrackPointExtension>
        </extensions>
      </trkpt>
      <trkpt lat="24.5015517063438892364501953125" lon="118.1525491364300251007080078125">
        <ele>27</ele>
        <time>2026-08-12T14:03:29.000Z</time>
        <extensions>
          <ns3:TrackPointExtension>
            <ns3:hr>135</ns3:hr>
            <ns3:cad>88</ns3:cad>
          </ns3:TrackPointExtension>
        </extensions>
      </trkpt>
      <trkpt lat="24.5015488564968109130859375" lon="118.1525813229382038116455078125">
        <ele>27</ele>
        <time>2026-08-12T14:03:30.000Z</time>
        <extensions>
          <ns3:TrackPointExtension>
            <ns3:hr>135</ns3:hr>
            <ns3:cad>88</ns3:cad>
          </ns3:TrackPointExtension>
        </extensions>
      </trkpt>
      <trkpt lat="24.501551203429698944091796875" lon="118.15260202623903751373291015625">
        <ele>27</ele>
        <time>2026-08-12T14:03:31.000Z</time>
        <extensions>
          <ns3:TrackPointExtension>
            <ns3:hr>135</ns3:hr>
            <ns3:cad>87</ns3:cad>
          </ns3:TrackPointExtension>
        </extensions>
      </trkpt>
      <trkpt lat="24.50154927559196949005126953125" lon="118.15263991244137287139892578125">
        <ele>27</ele>
        <time>2026-08-12T14:03:32.000Z</time>
        <extensions>
          <ns3:TrackPointExtension>
            <ns3:hr>135</ns3:hr>
            <ns3:cad>87</ns3:cad>
          </ns3:TrackPointExtension>
        </extensions>
      </trkpt>
      <trkpt lat="24.50155011378228664398193359375" lon="118.1526648066937923431396484375">
        <ele>27</ele>
        <time>2026-08-12T14:03:33.000Z</time>
        <extensions>
          <ns3:TrackPointExtension>
            <ns3:hr>135</ns3:hr>
            <ns3:cad>87</ns3:cad>
          </ns3:TrackPointExtension>
        </extensions>
      </trkpt>
      <trkpt lat="24.5015517063438892364501953125" lon="118.15270059742033481597900390625">
        <ele>26.799999237060546875</ele>
        <time>2026-08-12T14:03:34.000Z</time>
        <extensions>
          <ns3:TrackPointExtension>
            <ns3:hr>135</ns3:hr>
            <ns3:cad>88</ns3:cad>
          </ns3:TrackPointExtension>
        </extensions>
      </trkpt>
      <trkpt lat="24.50155413709580898284912109375" lon="118.1527264975011348724365234375">
        <ele>26.799999237060546875</ele>
        <time>2026-08-12T14:03:35.000Z</time>
        <extensions>
          <ns3:TrackPointExtension>
            <ns3:hr>135</ns3:hr>
            <ns3:cad>88</ns3:cad>
          </ns3:TrackPointExtension>
        </extensions>
      </trkpt>
      <trkpt lat="24.5015542209148406982421875" lon="118.15276312641799449920654296875">
        <ele>26.6000003814697265625</ele>
        <time>2026-08-12T14:03:36.000Z</time>
        <extensions>
          <ns3:TrackPointExtension>
            <ns3:hr>135</ns3:hr>
            <ns3:cad>89</ns3:cad>
          </ns3:TrackPointExtension>
        </extensions>
      </trkpt>
      <trkpt lat="24.5015503652393817901611328125" lon="118.152788020670413970947265625">
        <ele>26.6000003814697265625</ele>
        <time>2026-08-12T14:03:37.000Z</time>
        <extensions>
          <ns3:TrackPointExtension>
            <ns3:hr>135</ns3:hr>
            <ns3:cad>89</ns3:cad>
          </ns3:TrackPointExtension>
        </extensions>
      </trkpt>
      <trkpt lat="24.501550197601318359375" lon="118.1528217159211635589599609375">
        <ele>26.3999996185302734375</ele>
        <time>2026-08-12T14:03:38.000Z</time>
        <extensions>
          <ns3:TrackPointExtension>
            <ns3:hr>136</ns3:hr>
            <ns3:cad>89</ns3:cad>
          </ns3:TrackPointExtension>
        </extensions>
      </trkpt>
      <trkpt lat="24.5015483535826206207275390625" lon="118.15284644253551959991455078125">
        <ele>26.200000762939453125</ele>
        <time>2026-08-12T14:03:39.000Z</time>
        <extensions>
          <ns3:TrackPointExtension>
            <ns3:hr>136</ns3:hr>
            <ns3:cad>88</ns3:cad>
          </ns3:TrackPointExtension>
        </extensions>
      </trkpt>
      <trkpt lat="24.5015476830303668975830078125" lon="118.15287963487207889556884765625">
        <ele>26.200000762939453125</ele>
        <time>2026-08-12T14:03:40.000Z</time>
        <extensions>
          <ns3:TrackPointExtension>
            <ns3:hr>136</ns3:hr>
            <ns3:cad>87</ns3:cad>
          </ns3:TrackPointExtension>
        </extensions>
      </trkpt>
      <trkpt lat="24.50154692865908145904541015625" lon="118.15290637314319610595703125">
        <ele>26.200000762939453125</ele>
        <time>2026-08-12T14:03:41.000Z</time>
        <extensions>
          <ns3:TrackPointExtension>
            <ns3:hr>137</ns3:hr>
            <ns3:cad>89</ns3:cad>
          </ns3:TrackPointExtension>
        </extensions>
      </trkpt>
      <trkpt lat="24.50155095197260379791259765625" lon="118.15293411724269390106201171875">
        <ele>26.200000762939453125</ele>
        <time>2026-08-12T14:03:42.000Z</time>
        <extensions>
          <ns3:TrackPointExtension>
            <ns3:hr>137</ns3:hr>
            <ns3:cad>90</ns3:cad>
          </ns3:TrackPointExtension>
        </extensions>
      </trkpt>
      <trkpt lat="24.5015486888587474822998046875" lon="118.1529648788273334503173828125">
        <ele>26.3999996185302734375</ele>
        <time>2026-08-12T14:03:43.000Z</time>
        <extensions>
          <ns3:TrackPointExtension>
            <ns3:hr>137</ns3:hr>
            <ns3:cad>90</ns3:cad>
          </ns3:TrackPointExtension>
        </extensions>
      </trkpt>
      <trkpt lat="24.501547180116176605224609375" lon="118.15299195237457752227783203125">
        <ele>26.3999996185302734375</ele>
        <time>2026-08-12T14:03:44.000Z</time>
        <extensions>
          <ns3:TrackPointExtension>
            <ns3:hr>138</ns3:hr>
            <ns3:cad>89</ns3:cad>
          </ns3:TrackPointExtension>
        </extensions>
      </trkpt>
      <trkpt lat="24.50154282152652740478515625" lon="118.1530232168734073638916015625">
        <ele>26.6000003814697265625</ele>
        <time>2026-08-12T14:03:45.000Z</time>
        <extensions>
          <ns3:TrackPointExtension>
            <ns3:hr>138</ns3:hr>
            <ns3:cad>89</ns3:cad>
          </ns3:TrackPointExtension>
        </extensions>
      </trkpt>
      <trkpt lat="24.50154257006943225860595703125" lon="118.15304710529744625091552734375">
        <ele>26.799999237060546875</ele>
        <time>2026-08-12T14:03:46.000Z</time>
        <extensions>
          <ns3:TrackPointExtension>
            <ns3:hr>139</ns3:hr>
            <ns3:cad>88</ns3:cad>
          </ns3:TrackPointExtension>
        </extensions>
      </trkpt>
      <trkpt lat="24.50153745710849761962890625" lon="118.153079710900783538818359375">
        <ele>27</ele>
        <time>2026-08-12T14:03:47.000Z</time>
        <extensions>
          <ns3:TrackPointExtension>
            <ns3:hr>139</ns3:hr>
            <ns3:cad>87</ns3:cad>
          </ns3:TrackPointExtension>
        </extensions>
      </trkpt>
      <trkpt lat="24.50153821147978305816650390625" lon="118.15310125239193439483642578125">
        <ele>27</ele>
        <time>2026-08-12T14:03:48.000Z</time>
        <extensions>
          <ns3:TrackPointExtension>
            <ns3:hr>139</ns3:hr>
            <ns3:cad>88</ns3:cad>
          </ns3:TrackPointExtension>
        </extensions>
      </trkpt>
      <trkpt lat="24.5015329308807849884033203125" lon="118.1531318463385105133056640625">
        <ele>27.200000762939453125</ele>
        <time>2026-08-12T14:03:49.000Z</time>
        <extensions>
          <ns3:TrackPointExtension>
            <ns3:hr>139</ns3:hr>
            <ns3:cad>88</ns3:cad>
          </ns3:TrackPointExtension>
        </extensions>
      </trkpt>
      <trkpt lat="24.50153385289013385772705078125" lon="118.15315573476254940032958984375">
        <ele>27.200000762939453125</ele>
        <time>2026-08-12T14:03:50.000Z</time>
        <extensions>
          <ns3:TrackPointExtension>
            <ns3:hr>139</ns3:hr>
            <ns3:cad>89</ns3:cad>
          </ns3:TrackPointExtension>
        </extensions>
      </trkpt>
      <trkpt lat="24.50153619982302188873291015625" lon="118.15319278277456760406494140625">
        <ele>27.200000762939453125</ele>
        <time>2026-08-12T14:03:51.000Z</time>
        <extensions>
          <ns3:TrackPointExtension>
            <ns3:hr>140</ns3:hr>
            <ns3:cad>89</ns3:cad>
          </ns3:TrackPointExtension>
        </extensions>
      </trkpt>
      <trkpt lat="24.50154106132686138153076171875" lon="118.1532116420567035675048828125">
        <ele>27.200000762939453125</ele>
        <time>2026-08-12T14:03:52.000Z</time>
        <extensions>
          <ns3:TrackPointExtension>
            <ns3:hr>140</ns3:hr>
            <ns3:cad>88</ns3:cad>
          </ns3:TrackPointExtension>
        </extensions>
      </trkpt>
      <trkpt lat="24.50154022313654422760009765625" lon="118.15324676223099231719970703125">
        <ele>27.200000762939453125</ele>
        <time>2026-08-12T14:03:53.000Z</time>
        <extensions>
          <ns3:TrackPointExtension>
            <ns3:hr>140</ns3:hr>
            <ns3:cad>88</ns3:cad>
          </ns3:TrackPointExtension>
        </extensions>
      </trkpt>
      <trkpt lat="24.50153854675590991973876953125" lon="118.1532716564834117889404296875">
        <ele>27.200000762939453125</ele>
        <time>2026-08-12T14:03:54.000Z</time>
        <extensions>
          <ns3:TrackPointExtension>
            <ns3:hr>140</ns3:hr>
            <ns3:cad>88</ns3:cad>
          </ns3:TrackPointExtension>
        </extensions>
      </trkpt>
      <trkpt lat="24.50152806937694549560546875" lon="118.15330359153449535369873046875">
        <ele>27.200000762939453125</ele>
        <time>2026-08-12T14:03:55.000Z</time>
        <extensions>
          <ns3:TrackPointExtension>
            <ns3:hr>141</ns3:hr>
            <ns3:cad>88</ns3:cad>
          </ns3:TrackPointExtension>
        </extensions>
      </trkpt>
      <trkpt lat="24.50152270495891571044921875" lon="118.153326809406280517578125">
        <ele>27.200000762939453125</ele>
        <time>2026-08-12T14:03:56.000Z</time>
        <extensions>
          <ns3:TrackPointExtension>
            <ns3:hr>141</ns3:hr>
            <ns3:cad>89</ns3:cad>
          </ns3:TrackPointExtension>
        </extensions>
      </trkpt>
      <trkpt lat="24.50152262113988399505615234375" lon="118.153355978429317474365234375">
        <ele>27.200000762939453125</ele>
        <time>2026-08-12T14:03:57.000Z</time>
        <extensions>
          <ns3:TrackPointExtension>
            <ns3:hr>141</ns3:hr>
            <ns3:cad>89</ns3:cad>
          </ns3:TrackPointExtension>
        </extensions>
      </trkpt>
      <trkpt lat="24.50152027420699596405029296875" lon="118.1533859856426715850830078125">
        <ele>27.200000762939453125</ele>
        <time>2026-08-12T14:03:58.000Z</time>
        <extensions>
          <ns3:TrackPointExtension>
            <ns3:hr>142</ns3:hr>
            <ns3:cad>89</ns3:cad>
          </ns3:TrackPointExtension>
        </extensions>
      </trkpt>
      <trkpt lat="24.501522369682788848876953125" lon="118.15341674722731113433837890625">
        <ele>27.200000762939453125</ele>
        <time>2026-08-12T14:03:59.000Z</time>
        <extensions>
          <ns3:TrackPointExtension>
            <ns3:hr>142</ns3:hr>
            <ns3:cad>88</ns3:cad>
          </ns3:TrackPointExtension>
        </extensions>
      </trkpt>
      <trkpt lat="24.501521699130535125732421875" lon="118.15344474278390407562255859375">
        <ele>27.200000762939453125</ele>
        <time>2026-08-12T14:04:00.000Z</time>
        <extensions>
          <ns3:TrackPointExtension>
            <ns3:hr>143</ns3:hr>
            <ns3:cad>88</ns3:cad>
          </ns3:TrackPointExtension>
        </extensions>
      </trkpt>
      <trkpt lat="24.501525722444057464599609375" lon="118.153470642864704132080078125">
        <ele>27.200000762939453125</ele>
        <time>2026-08-12T14:04:01.000Z</time>
        <extensions>
          <ns3:TrackPointExtension>
            <ns3:hr>143</ns3:hr>
            <ns3:cad>87</ns3:cad>
          </ns3:TrackPointExtension>
        </extensions>
      </trkpt>
      <trkpt lat="24.501520693302154541015625" lon="118.15350559540092945098876953125">
        <ele>27.200000762939453125</ele>
        <time>2026-08-12T14:04:02.000Z</time>
        <extensions>
          <ns3:TrackPointExtension>
            <ns3:hr>143</ns3:hr>
            <ns3:cad>87</ns3:cad>
          </ns3:TrackPointExtension>
        </extensions>
      </trkpt>
      <trkpt lat="24.50152128003537654876708984375" lon="118.15353157930076122283935546875">
        <ele>27.200000762939453125</ele>
        <time>2026-08-12T14:04:03.000Z</time>
        <extensions>
          <ns3:TrackPointExtension>
            <ns3:hr>143</ns3:hr>
            <ns3:cad>87</ns3:cad>
          </ns3:TrackPointExtension>
        </extensions>
      </trkpt>
      <trkpt lat="24.5015166699886322021484375" lon="118.1535643525421619415283203125">
        <ele>27.3999996185302734375</ele>
        <time>2026-08-12T14:04:04.000Z</time>
        <extensions>
          <ns3:TrackPointExtension>
            <ns3:hr>143</ns3:hr>
            <ns3:cad>88</ns3:cad>
          </ns3:TrackPointExtension>
        </extensions>
      </trkpt>
      <trkpt lat="24.5015124790370464324951171875" lon="118.15358924679458141326904296875">
        <ele>27.3999996185302734375</ele>
        <time>2026-08-12T14:04:05.000Z</time>
        <extensions>
          <ns3:TrackPointExtension>
            <ns3:hr>143</ns3:hr>
            <ns3:cad>89</ns3:cad>
          </ns3:TrackPointExtension>
        </extensions>
      </trkpt>
      <trkpt lat="24.50150124728679656982421875" lon="118.15361757762730121612548828125">
        <ele>27.3999996185302734375</ele>
        <time>2026-08-12T14:04:06.000Z</time>
        <extensions>
          <ns3:TrackPointExtension>
            <ns3:hr>143</ns3:hr>
            <ns3:cad>89</ns3:cad>
          </ns3:TrackPointExtension>
        </extensions>
      </trkpt>
      <trkpt lat="24.50149294920265674591064453125" lon="118.1536367721855640411376953125">
        <ele>27.3999996185302734375</ele>
        <time>2026-08-12T14:04:07.000Z</time>
        <extensions>
          <ns3:TrackPointExtension>
            <ns3:hr>144</ns3:hr>
            <ns3:cad>88</ns3:cad>
          </ns3:TrackPointExtension>
        </extensions>
      </trkpt>
      <trkpt lat="24.5014764368534088134765625" lon="118.15365982241928577423095703125">
        <ele>27.3999996185302734375</ele>
        <time>2026-08-12T14:04:08.000Z</time>
        <extensions>
          <ns3:TrackPointExtension>
            <ns3:hr>144</ns3:hr>
            <ns3:cad>88</ns3:cad>
          </ns3:TrackPointExtension>
        </extensions>
      </trkpt>
      <trkpt lat="24.50146797113120555877685546875" lon="118.15367692150175571441650390625">
        <ele>27.3999996185302734375</ele>
        <time>2026-08-12T14:04:09.000Z</time>
        <extensions>
          <ns3:TrackPointExtension>
            <ns3:hr>144</ns3:hr>
            <ns3:cad>88</ns3:cad>
          </ns3:TrackPointExtension>
        </extensions>
      </trkpt>
      <trkpt lat="24.5014605112373828887939453125" lon="118.15370298922061920166015625">
        <ele>27.6000003814697265625</ele>
        <time>2026-08-12T14:04:10.000Z</time>
        <extensions>
          <ns3:TrackPointExtension>
            <ns3:hr>144</ns3:hr>
            <ns3:cad>87</ns3:cad>
          </ns3:TrackPointExtension>
        </extensions>
      </trkpt>
      <trkpt lat="24.5014538057148456573486328125" lon="118.1537224352359771728515625">
        <ele>27.6000003814697265625</ele>
        <time>2026-08-12T14:04:11.000Z</time>
        <extensions>
          <ns3:TrackPointExtension>
            <ns3:hr>144</ns3:hr>
            <ns3:cad>88</ns3:cad>
          </ns3:TrackPointExtension>
        </extensions>
      </trkpt>
      <trkpt lat="24.50145053677260875701904296875" lon="118.15375671721994876861572265625">
        <ele>27.3999996185302734375</ele>
        <time>2026-08-12T14:04:12.000Z</time>
        <extensions>
          <ns3:TrackPointExtension>
            <ns3:hr>144</ns3:hr>
            <ns3:cad>89</ns3:cad>
          </ns3:TrackPointExtension>
        </extensions>
      </trkpt>
      <trkpt lat="24.50145070441067218780517578125" lon="118.15378035418689250946044921875">
        <ele>27.3999996185302734375</ele>
        <time>2026-08-12T14:04:13.000Z</time>
        <extensions>
          <ns3:TrackPointExtension>
            <ns3:hr>144</ns3:hr>
            <ns3:cad>89</ns3:cad>
          </ns3:TrackPointExtension>
        </extensions>
      </trkpt>
      <trkpt lat="24.5014517940580844879150390625" lon="118.15381589345633983612060546875">
        <ele>27.200000762939453125</ele>
        <time>2026-08-12T14:04:14.000Z</time>
        <extensions>
          <ns3:TrackPointExtension>
            <ns3:hr>144</ns3:hr>
            <ns3:cad>89</ns3:cad>
          </ns3:TrackPointExtension>
        </extensions>
      </trkpt>
      <trkpt lat="24.50145439244806766510009765625" lon="118.15383936278522014617919921875">
        <ele>27.200000762939453125</ele>
        <time>2026-08-12T14:04:15.000Z</time>
        <extensions>
          <ns3:TrackPointExtension>
            <ns3:hr>143</ns3:hr>
            <ns3:cad>89</ns3:cad>
          </ns3:TrackPointExtension>
        </extensions>
      </trkpt>
      <trkpt lat="24.5014541409909725189208984375" lon="118.1538731418550014495849609375">
        <ele>27.200000762939453125</ele>
        <time>2026-08-12T14:04:16.000Z</time>
        <extensions>
          <ns3:TrackPointExtension>
            <ns3:hr>143</ns3:hr>
            <ns3:cad>89</ns3:cad>
          </ns3:TrackPointExtension>
        </extensions>
      </trkpt>
      <trkpt lat="24.50145355425775051116943359375" lon="118.15389770083129405975341796875">
        <ele>27.200000762939453125</ele>
        <time>2026-08-12T14:04:17.000Z</time>
        <extensions>
          <ns3:TrackPointExtension>
            <ns3:hr>143</ns3:hr>
            <ns3:cad>87</ns3:cad>
          </ns3:TrackPointExtension>
        </extensions>
      </trkpt>
      <trkpt lat="24.50145506300032138824462890625" lon="118.15393441356718540191650390625">
        <ele>27.200000762939453125</ele>
        <time>2026-08-12T14:04:18.000Z</time>
        <extensions>
          <ns3:TrackPointExtension>
            <ns3:hr>142</ns3:hr>
            <ns3:cad>87</ns3:cad>
          </ns3:TrackPointExtension>
        </extensions>
      </trkpt>
      <trkpt lat="24.5014544762670993804931640625" lon="118.1539638340473175048828125">
        <ele>27.200000762939453125</ele>
        <time>2026-08-12T14:04:19.000Z</time>
        <extensions>
          <ns3:TrackPointExtension>
            <ns3:hr>141</ns3:hr>
            <ns3:cad>88</ns3:cad>
          </ns3:TrackPointExtension>
        </extensions>
      </trkpt>
      <trkpt lat="24.50145238079130649566650390625" lon="118.15399375744163990020751953125">
        <ele>27.3999996185302734375</ele>
        <time>2026-08-12T14:04:20.000Z</time>
        <extensions>
          <ns3:TrackPointExtension>
            <ns3:hr>141</ns3:hr>
            <ns3:cad>90</ns3:cad>
          </ns3:TrackPointExtension>
        </extensions>
      </trkpt>
      <trkpt lat="24.50144827365875244140625" lon="118.15402141772210597991943359375">
        <ele>27.3999996185302734375</ele>
        <time>2026-08-12T14:04:21.000Z</time>
        <extensions>
          <ns3:TrackPointExtension>
            <ns3:hr>141</ns3:hr>
            <ns3:cad>90</ns3:cad>
          </ns3:TrackPointExtension>
        </extensions>
      </trkpt>
      <trkpt lat="24.50144500471651554107666015625" lon="118.15405159257352352142333984375">
        <ele>27.3999996185302734375</ele>
        <time>2026-08-12T14:04:22.000Z</time>
        <extensions>
          <ns3:TrackPointExtension>
            <ns3:hr>141</ns3:hr>
            <ns3:cad>89</ns3:cad>
          </ns3:TrackPointExtension>
        </extensions>
      </trkpt>
      <trkpt lat="24.5014420710504055023193359375" lon="118.15407791174948215484619140625">
        <ele>27.3999996185302734375</ele>
        <time>2026-08-12T14:04:23.000Z</time>
        <extensions>
          <ns3:TrackPointExtension>
            <ns3:hr>140</ns3:hr>
            <ns3:cad>89</ns3:cad>
          </ns3:TrackPointExtension>
        </extensions>
      </trkpt>
      <trkpt lat="24.50144232250750064849853515625" lon="118.1541073322296142578125">
        <ele>27.3999996185302734375</ele>
        <time>2026-08-12T14:04:24.000Z</time>
        <extensions>
          <ns3:TrackPointExtension>
            <ns3:hr>141</ns3:hr>
            <ns3:cad>88</ns3:cad>
          </ns3:TrackPointExtension>
        </extensions>
      </trkpt>
      <trkpt lat="24.5014388859272003173828125" lon="118.154134489595890045166015625">
        <ele>27.3999996185302734375</ele>
        <time>2026-08-12T14:04:25.000Z</time>
        <extensions>
          <ns3:TrackPointExtension>
            <ns3:hr>141</ns3:hr>
            <ns3:cad>88</ns3:cad>
          </ns3:TrackPointExtension>
        </extensions>
      </trkpt>
      <trkpt lat="24.501438550651073455810546875" lon="118.15416139550507068634033203125">
        <ele>27.6000003814697265625</ele>
        <time>2026-08-12T14:04:26.000Z</time>
        <extensions>
          <ns3:TrackPointExtension>
            <ns3:hr>142</ns3:hr>
            <ns3:cad>89</ns3:cad>
          </ns3:TrackPointExtension>
        </extensions>
      </trkpt>
      <trkpt lat="24.5014323480427265167236328125" lon="118.15419291146099567413330078125">
        <ele>27.6000003814697265625</ele>
        <time>2026-08-12T14:04:27.000Z</time>
        <extensions>
          <ns3:TrackPointExtension>
            <ns3:hr>142</ns3:hr>
            <ns3:cad>89</ns3:cad>
          </ns3:TrackPointExtension>
        </extensions>
      </trkpt>
      <trkpt lat="24.5014321804046630859375" lon="118.1542171351611614227294921875">
        <ele>27.6000003814697265625</ele>
        <time>2026-08-12T14:04:28.000Z</time>
        <extensions>
          <ns3:TrackPointExtension>
            <ns3:hr>142</ns3:hr>
            <ns3:cad>89</ns3:cad>
          </ns3:TrackPointExtension>
        </extensions>
      </trkpt>
      <trkpt lat="24.50142404995858669281005859375" lon="118.15424881875514984130859375">
        <ele>27.6000003814697265625</ele>
        <time>2026-08-12T14:04:29.000Z</time>
        <extensions>
          <ns3:TrackPointExtension>
            <ns3:hr>142</ns3:hr>
            <ns3:cad>89</ns3:cad>
          </ns3:TrackPointExtension>
        </extensions>
      </trkpt>
      <trkpt lat="24.50142220593988895416259765625" lon="118.15427019260823726654052734375">
        <ele>27.6000003814697265625</ele>
        <time>2026-08-12T14:04:30.000Z</time>
        <extensions>
          <ns3:TrackPointExtension>
            <ns3:hr>142</ns3:hr>
            <ns3:cad>89</ns3:cad>
          </ns3:TrackPointExtension>
        </extensions>
      </trkpt>
      <trkpt lat="24.50141566805541515350341796875" lon="118.15430522896349430084228515625">
        <ele>27.6000003814697265625</ele>
        <time>2026-08-12T14:04:31.000Z</time>
        <extensions>
          <ns3:TrackPointExtension>
            <ns3:hr>142</ns3:hr>
            <ns3:cad>89</ns3:cad>
          </ns3:TrackPointExtension>
        </extensions>
      </trkpt>
      <trkpt lat="24.501422457396984100341796875" lon="118.1543277762830257415771484375">
        <ele>27.3999996185302734375</ele>
        <time>2026-08-12T14:04:32.000Z</time>
        <extensions>
          <ns3:TrackPointExtension>
            <ns3:hr>143</ns3:hr>
            <ns3:cad>88</ns3:cad>
          </ns3:TrackPointExtension>
        </extensions>
      </trkpt>
      <trkpt lat="24.50141868554055690765380859375" lon="118.1543636508285999298095703125">
        <ele>27.3999996185302734375</ele>
        <time>2026-08-12T14:04:33.000Z</time>
        <extensions>
          <ns3:TrackPointExtension>
            <ns3:hr>142</ns3:hr>
            <ns3:cad>87</ns3:cad>
          </ns3:TrackPointExtension>
        </extensions>
      </trkpt>
      <trkpt lat="24.50142212212085723876953125" lon="118.15438292920589447021484375">
        <ele>27.3999996185302734375</ele>
        <time>2026-08-12T14:04:34.000Z</time>
        <extensions>
          <ns3:TrackPointExtension>
            <ns3:hr>142</ns3:hr>
            <ns3:cad>88</ns3:cad>
          </ns3:TrackPointExtension>
        </extensions>
      </trkpt>
      <trkpt lat="24.5014212839305400848388671875" lon="118.1544179655611515045166015625">
        <ele>27.3999996185302734375</ele>
        <time>2026-08-12T14:04:35.000Z</time>
        <extensions>
          <ns3:TrackPointExtension>
            <ns3:hr>143</ns3:hr>
            <ns3:cad>89</ns3:cad>
          </ns3:TrackPointExtension>
        </extensions>
      </trkpt>
      <trkpt lat="24.5014236308634281158447265625" lon="118.154441602528095245361328125">
        <ele>27.3999996185302734375</ele>
        <time>2026-08-12T14:04:36.000Z</time>
        <extensions>
          <ns3:TrackPointExtension>
            <ns3:hr>142</ns3:hr>
            <ns3:cad>90</ns3:cad>
          </ns3:TrackPointExtension>
        </extensions>
      </trkpt>
      <trkpt lat="24.5014227926731109619140625" lon="118.154476471245288848876953125">
        <ele>27.3999996185302734375</ele>
        <time>2026-08-12T14:04:37.000Z</time>
        <extensions>
          <ns3:TrackPointExtension>
            <ns3:hr>142</ns3:hr>
            <ns3:cad>90</ns3:cad>
          </ns3:TrackPointExtension>
        </extensions>
      </trkpt>
      <trkpt lat="24.50142924673855304718017578125" lon="118.1545048020780086517333984375">
        <ele>27.3999996185302734375</ele>
        <time>2026-08-12T14:04:38.000Z</time>
        <extensions>
          <ns3:TrackPointExtension>
            <ns3:hr>143</ns3:hr>
            <ns3:cad>88</ns3:cad>
          </ns3:TrackPointExtension>
        </extensions>
      </trkpt>
      <trkpt lat="24.50143461115658283233642578125" lon="118.15453304909169673919677734375">
        <ele>27.3999996185302734375</ele>
        <time>2026-08-12T14:04:39.000Z</time>
        <extensions>
          <ns3:TrackPointExtension>
            <ns3:hr>142</ns3:hr>
            <ns3:cad>88</ns3:cad>
          </ns3:TrackPointExtension>
        </extensions>
      </trkpt>
      <trkpt lat="24.50144064612686634063720703125" lon="118.15455995500087738037109375">
        <ele>27.3999996185302734375</ele>
        <time>2026-08-12T14:04:40.000Z</time>
        <extensions>
          <ns3:TrackPointExtension>
            <ns3:hr>143</ns3:hr>
            <ns3:cad>88</ns3:cad>
          </ns3:TrackPointExtension>
        </extensions>
      </trkpt>
      <trkpt lat="24.50144869275391101837158203125" lon="118.1545861065387725830078125">
        <ele>27.6000003814697265625</ele>
        <time>2026-08-12T14:04:41.000Z</time>
        <extensions>
          <ns3:TrackPointExtension>
            <ns3:hr>143</ns3:hr>
            <ns3:cad>87</ns3:cad>
          </ns3:TrackPointExtension>
        </extensions>
      </trkpt>
      <trkpt lat="24.5014507882297039031982421875" lon="118.1546127609908580780029296875">
        <ele>27.6000003814697265625</ele>
        <time>2026-08-12T14:04:42.000Z</time>
        <extensions>
          <ns3:TrackPointExtension>
            <ns3:hr>142</ns3:hr>
            <ns3:cad>88</ns3:cad>
          </ns3:TrackPointExtension>
        </extensions>
      </trkpt>
      <trkpt lat="24.501456655561923980712890625" lon="118.15463715232908725738525390625">
        <ele>27.799999237060546875</ele>
        <time>2026-08-12T14:04:43.000Z</time>
        <extensions>
          <ns3:TrackPointExtension>
            <ns3:hr>142</ns3:hr>
            <ns3:cad>89</ns3:cad>
          </ns3:TrackPointExtension>
        </extensions>
      </trkpt>
      <trkpt lat="24.50145724229514598846435546875" lon="118.15465760417282581329345703125">
        <ele>27.799999237060546875</ele>
        <time>2026-08-12T14:04:44.000Z</time>
        <extensions>
          <ns3:TrackPointExtension>
            <ns3:hr>143</ns3:hr>
            <ns3:cad>89</ns3:cad>
          </ns3:TrackPointExtension>
        </extensions>
      </trkpt>
      <trkpt lat="24.50146243907511234283447265625" lon="118.15467772074043750762939453125">
        <ele>28</ele>
        <time>2026-08-12T14:04:45.000Z</time>
        <extensions>
          <ns3:TrackPointExtension>
            <ns3:hr>143</ns3:hr>
            <ns3:cad>89</ns3:cad>
          </ns3:TrackPointExtension>
        </extensions>
      </trkpt>
      <trkpt lat="24.5014682225883007049560546875" lon="118.1546995975077152252197265625">
        <ele>28</ele>
        <time>2026-08-12T14:04:46.000Z</time>
        <extensions>
          <ns3:TrackPointExtension>
            <ns3:hr>143</ns3:hr>
            <ns3:cad>89</ns3:cad>
          </ns3:TrackPointExtension>
        </extensions>
      </trkpt>
      <trkpt lat="24.5014843158423900604248046875" lon="118.15470789559185504913330078125">
        <ele>28</ele>
        <time>2026-08-12T14:04:47.000Z</time>
        <extensions>
          <ns3:TrackPointExtension>
            <ns3:hr>142</ns3:hr>
            <ns3:cad>88</ns3:cad>
          </ns3:TrackPointExtension>
        </extensions>
      </trkpt>
      <trkpt lat="24.5015007443726062774658203125" lon="118.15472784452140331268310546875">
        <ele>28</ele>
        <time>2026-08-12T14:04:48.000Z</time>
        <extensions>
          <ns3:TrackPointExtension>
            <ns3:hr>143</ns3:hr>
            <ns3:cad>88</ns3:cad>
          </ns3:TrackPointExtension>
        </extensions>
      </trkpt>
      <trkpt lat="24.5015086233615875244140625" lon="118.15474024973809719085693359375">
        <ele>28</ele>
        <time>2026-08-12T14:04:49.000Z</time>
        <extensions>
          <ns3:TrackPointExtension>
            <ns3:hr>143</ns3:hr>
            <ns3:cad>88</ns3:cad>
          </ns3:TrackPointExtension>
        </extensions>
      </trkpt>
      <trkpt lat="24.50152027420699596405029296875" lon="118.1547653116285800933837890625">
        <ele>28</ele>
        <time>2026-08-12T14:04:50.000Z</time>
        <extensions>
          <ns3:TrackPointExtension>
            <ns3:hr>142</ns3:hr>
            <ns3:cad>88</ns3:cad>
          </ns3:TrackPointExtension>
        </extensions>
      </trkpt>
      <trkpt lat="24.5015300810337066650390625" lon="118.1547837518155574798583984375">
        <ele>27.799999237060546875</ele>
        <time>2026-08-12T14:04:51.000Z</time>
        <extensions>
          <ns3:TrackPointExtension>
            <ns3:hr>143</ns3:hr>
            <ns3:cad>88</ns3:cad>
          </ns3:TrackPointExtension>
        </extensions>
      </trkpt>
      <trkpt lat="24.5015381276607513427734375" lon="118.154815100133419036865234375">
        <ele>27.799999237060546875</ele>
        <time>2026-08-12T14:04:52.000Z</time>
        <extensions>
          <ns3:TrackPointExtension>
            <ns3:hr>143</ns3:hr>
            <ns3:cad>89</ns3:cad>
          </ns3:TrackPointExtension>
        </extensions>
      </trkpt>
      <trkpt lat="24.50154156424105167388916015625" lon="118.15483680926263332366943359375">
        <ele>27.799999237060546875</ele>
        <time>2026-08-12T14:04:53.000Z</time>
        <extensions>
          <ns3:TrackPointExtension>
            <ns3:hr>143</ns3:hr>
            <ns3:cad>89</ns3:cad>
          </ns3:TrackPointExtension>
        </extensions>
      </trkpt>
      <trkpt lat="24.50154759921133518218994140625" lon="118.154864050447940826416015625">
        <ele>27.799999237060546875</ele>
        <time>2026-08-12T14:04:54.000Z</time>
        <extensions>
          <ns3:TrackPointExtension>
            <ns3:hr>142</ns3:hr>
            <ns3:cad>89</ns3:cad>
          </ns3:TrackPointExtension>
        </extensions>
      </trkpt>
      <trkpt lat="24.50155195780098438262939453125" lon="118.154884837567806243896484375">
        <ele>27.799999237060546875</ele>
        <time>2026-08-12T14:04:55.000Z</time>
        <extensions>
          <ns3:TrackPointExtension>
            <ns3:hr>143</ns3:hr>
            <ns3:cad>88</ns3:cad>
          </ns3:TrackPointExtension>
        </extensions>
      </trkpt>
      <trkpt lat="24.50155765749514102935791015625" lon="118.15492247231304645538330078125">
        <ele>27.799999237060546875</ele>
        <time>2026-08-12T14:04:56.000Z</time>
        <extensions>
          <ns3:TrackPointExtension>
            <ns3:hr>143</ns3:hr>
            <ns3:cad>88</ns3:cad>
          </ns3:TrackPointExtension>
        </extensions>
      </trkpt>
      <trkpt lat="24.5015547238290309906005859375" lon="118.15495180897414684295654296875">
        <ele>27.799999237060546875</ele>
        <time>2026-08-12T14:04:57.000Z</time>
        <extensions>
          <ns3:TrackPointExtension>
            <ns3:hr>142</ns3:hr>
            <ns3:cad>88</ns3:cad>
          </ns3:TrackPointExtension>
        </extensions>
      </trkpt>
      <trkpt lat="24.50156134553253650665283203125" lon="118.154984749853610992431640625">
        <ele>27.799999237060546875</ele>
        <time>2026-08-12T14:04:58.000Z</time>
        <extensions>
          <ns3:TrackPointExtension>
            <ns3:hr>142</ns3:hr>
            <ns3:cad>88</ns3:cad>
          </ns3:TrackPointExtension>
        </extensions>
      </trkpt>
      <trkpt lat="24.5015664584934711456298828125" lon="118.1550150923430919647216796875">
        <ele>27.799999237060546875</ele>
        <time>2026-08-12T14:04:59.000Z</time>
        <extensions>
          <ns3:TrackPointExtension>
            <ns3:hr>142</ns3:hr>
            <ns3:cad>89</ns3:cad>
          </ns3:TrackPointExtension>
        </extensions>
      </trkpt>
      <trkpt lat="24.5015708170831203460693359375" lon="118.15504719503223896026611328125">
        <ele>27.799999237060546875</ele>
        <time>2026-08-12T14:05:00.000Z</time>
        <extensions>
          <ns3:TrackPointExtension>
            <ns3:hr>143</ns3:hr>
            <ns3:cad>89</ns3:cad>
          </ns3:TrackPointExtension>
        </extensions>
      </trkpt>
      <trkpt lat="24.50157090090215206146240234375" lon="118.1550754420459270477294921875">
        <ele>27.799999237060546875</ele>
        <time>2026-08-12T14:05:01.000Z</time>
        <extensions>
          <ns3:TrackPointExtension>
            <ns3:hr>143</ns3:hr>
            <ns3:cad>89</ns3:cad>
          </ns3:TrackPointExtension>
        </extensions>
      </trkpt>
      <trkpt lat="24.50157232582569122314453125" lon="118.155107460916042327880859375">
        <ele>27.6000003814697265625</ele>
        <time>2026-08-12T14:05:02.000Z</time>
        <extensions>
          <ns3:TrackPointExtension>
            <ns3:hr>143</ns3:hr>
            <ns3:cad>89</ns3:cad>
          </ns3:TrackPointExtension>
        </extensions>
      </trkpt>
      <trkpt lat="24.501574002206325531005859375" lon="118.15513839013874530792236328125">
        <ele>27.6000003814697265625</ele>
        <time>2026-08-12T14:05:03.000Z</time>
        <extensions>
          <ns3:TrackPointExtension>
            <ns3:hr>143</ns3:hr>
            <ns3:cad>88</ns3:cad>
          </ns3:TrackPointExtension>
        </extensions>
      </trkpt>
      <trkpt lat="24.50157903134822845458984375" lon="118.1551646254956722259521484375">
        <ele>27.6000003814697265625</ele>
        <time>2026-08-12T14:05:04.000Z</time>
        <extensions>
          <ns3:TrackPointExtension>
            <ns3:hr>142</ns3:hr>
            <ns3:cad>87</ns3:cad>
          </ns3:TrackPointExtension>
        </extensions>
      </trkpt>
      <trkpt lat="24.5015869103372097015380859375" lon="118.155191950500011444091796875">
        <ele>27.6000003814697265625</ele>
        <time>2026-08-12T14:05:05.000Z</time>
        <extensions>
          <ns3:TrackPointExtension>
            <ns3:hr>143</ns3:hr>
            <ns3:cad>88</ns3:cad>
          </ns3:TrackPointExtension>
        </extensions>
      </trkpt>
      <trkpt lat="24.501585066318511962890625" lon="118.15521483309566974639892578125">
        <ele>27.6000003814697265625</ele>
        <time>2026-08-12T14:05:06.000Z</time>
        <extensions>
          <ns3:TrackPointExtension>
            <ns3:hr>143</ns3:hr>
            <ns3:cad>89</ns3:cad>
          </ns3:TrackPointExtension>
        </extensions>
      </trkpt>
      <trkpt lat="24.50159118510782718658447265625" lon="118.15523779951035976409912109375">
        <ele>27.6000003814697265625</ele>
        <time>2026-08-12T14:05:07.000Z</time>
        <extensions>
          <ns3:TrackPointExtension>
            <ns3:hr>143</ns3:hr>
            <ns3:cad>89</ns3:cad>
          </ns3:TrackPointExtension>
        </extensions>
      </trkpt>
      <trkpt lat="24.50159353204071521759033203125" lon="118.15525791607797145843505859375">
        <ele>27.799999237060546875</ele>
        <time>2026-08-12T14:05:08.000Z</time>
        <extensions>
          <ns3:TrackPointExtension>
            <ns3:hr>143</ns3:hr>
            <ns3:cad>89</ns3:cad>
          </ns3:TrackPointExtension>
        </extensions>
      </trkpt>
      <trkpt lat="24.5015936158597469329833984375" lon="118.15528389997780323028564453125">
        <ele>27.799999237060546875</ele>
        <time>2026-08-12T14:05:09.000Z</time>
        <extensions>
          <ns3:TrackPointExtension>
            <ns3:hr>142</ns3:hr>
            <ns3:cad>89</ns3:cad>
          </ns3:TrackPointExtension>
        </extensions>
      </trkpt>
      <trkpt lat="24.5015966333448886871337890625" lon="118.155309297144412994384765625">
        <ele>27.799999237060546875</ele>
        <time>2026-08-12T14:05:10.000Z</time>
        <extensions>
          <ns3:TrackPointExtension>
            <ns3:hr>143</ns3:hr>
            <ns3:cad>88</ns3:cad>
          </ns3:TrackPointExtension>
        </extensions>
      </trkpt>
      <trkpt lat="24.50159839354455471038818359375" lon="118.1553379632532596588134765625">
        <ele>27.799999237060546875</ele>
        <time>2026-08-12T14:05:11.000Z</time>
        <extensions>
          <ns3:TrackPointExtension>
            <ns3:hr>142</ns3:hr>
            <ns3:cad>88</ns3:cad>
          </ns3:TrackPointExtension>
        </extensions>
      </trkpt>
      <trkpt lat="24.5016080327332019805908203125" lon="118.15536486916244029998779296875">
        <ele>27.6000003814697265625</ele>
        <time>2026-08-12T14:05:12.000Z</time>
        <extensions>
          <ns3:TrackPointExtension>
            <ns3:hr>142</ns3:hr>
            <ns3:cad>90</ns3:cad>
          </ns3:TrackPointExtension>
        </extensions>
      </trkpt>
      <trkpt lat="24.50161599554121494293212890625" lon="118.15539948642253875732421875">
        <ele>27.6000003814697265625</ele>
        <time>2026-08-12T14:05:13.000Z</time>
        <extensions>
          <ns3:TrackPointExtension>
            <ns3:hr>142</ns3:hr>
            <ns3:cad>91</ns3:cad>
          </ns3:TrackPointExtension>
        </extensions>
      </trkpt>
      <trkpt lat="24.5016211085021495819091796875" lon="118.15542790107429027557373046875">
        <ele>27.6000003814697265625</ele>
        <time>2026-08-12T14:05:14.000Z</time>
        <extensions>
          <ns3:TrackPointExtension>
            <ns3:hr>142</ns3:hr>
            <ns3:cad>91</ns3:cad>
          </ns3:TrackPointExtension>
        </extensions>
      </trkpt>
      <trkpt lat="24.50162286870181560516357421875" lon="118.15546377561986446380615234375">
        <ele>27.6000003814697265625</ele>
        <time>2026-08-12T14:05:15.000Z</time>
        <extensions>
          <ns3:TrackPointExtension>
            <ns3:hr>139</ns3:hr>
            <ns3:cad>89</ns3:cad>
          </ns3:TrackPointExtension>
        </extensions>
      </trkpt>
      <trkpt lat="24.50163024477660655975341796875" lon="118.15548623912036418914794921875">
        <ele>27.6000003814697265625</ele>
        <time>2026-08-12T14:05:16.000Z</time>
        <extensions>
          <ns3:TrackPointExtension>
            <ns3:hr>138</ns3:hr>
            <ns3:cad>89</ns3:cad>
          </ns3:TrackPointExtension>
        </extensions>
      </trkpt>
      <trkpt lat="24.5016335137188434600830078125" lon="118.1555247120559215545654296875">
        <ele>27.6000003814697265625</ele>
        <time>2026-08-12T14:05:17.000Z</time>
        <extensions>
          <ns3:TrackPointExtension>
            <ns3:hr>137</ns3:hr>
            <ns3:cad>89</ns3:cad>
          </ns3:TrackPointExtension>
        </extensions>
      </trkpt>
      <trkpt lat="24.50163778848946094512939453125" lon="118.155543990433216094970703125">
        <ele>27.6000003814697265625</ele>
        <time>2026-08-12T14:05:18.000Z</time>
        <extensions>
          <ns3:TrackPointExtension>
            <ns3:hr>136</ns3:hr>
            <ns3:cad>88</ns3:cad>
          </ns3:TrackPointExtension>
        </extensions>
      </trkpt>
      <trkpt lat="24.50163980014622211456298828125" lon="118.1555807031691074371337890625">
        <ele>27.6000003814697265625</ele>
        <time>2026-08-12T14:05:19.000Z</time>
        <extensions>
          <ns3:TrackPointExtension>
            <ns3:hr>135</ns3:hr>
            <ns3:cad>87</ns3:cad>
          </ns3:TrackPointExtension>
        </extensions>
      </trkpt>
      <trkpt lat="24.50164851732552051544189453125" lon="118.1556014902889728546142578125">
        <ele>27.6000003814697265625</ele>
        <time>2026-08-12T14:05:20.000Z</time>
        <extensions>
          <ns3:TrackPointExtension>
            <ns3:hr>135</ns3:hr>
            <ns3:cad>89</ns3:cad>
          </ns3:TrackPointExtension>
        </extensions>
      </trkpt>
      <trkpt lat="24.50165547430515289306640625" lon="118.1556400470435619354248046875">
        <ele>27.6000003814697265625</ele>
        <time>2026-08-12T14:05:21.000Z</time>
        <extensions>
          <ns3:TrackPointExtension>
            <ns3:hr>135</ns3:hr>
            <ns3:cad>89</ns3:cad>
          </ns3:TrackPointExtension>
        </extensions>
      </trkpt>
      <trkpt lat="24.50166109018027782440185546875" lon="118.15566309727728366851806640625">
        <ele>27.6000003814697265625</ele>
        <time>2026-08-12T14:05:22.000Z</time>
        <extensions>
          <ns3:TrackPointExtension>
            <ns3:hr>136</ns3:hr>
            <ns3:cad>89</ns3:cad>
          </ns3:TrackPointExtension>
        </extensions>
      </trkpt>
      <trkpt lat="24.501666538417339324951171875" lon="118.155698217451572418212890625">
        <ele>27.6000003814697265625</ele>
        <time>2026-08-12T14:05:23.000Z</time>
        <extensions>
          <ns3:TrackPointExtension>
            <ns3:hr>136</ns3:hr>
            <ns3:cad>89</ns3:cad>
          </ns3:TrackPointExtension>
        </extensions>
      </trkpt>
      <trkpt lat="24.50167131610214710235595703125" lon="118.15572135150432586669921875">
        <ele>27.6000003814697265625</ele>
        <time>2026-08-12T14:05:24.000Z</time>
        <extensions>
          <ns3:TrackPointExtension>
            <ns3:hr>136</ns3:hr>
            <ns3:cad>89</ns3:cad>
          </ns3:TrackPointExtension>
        </extensions>
      </trkpt>
      <trkpt lat="24.50168137438595294952392578125" lon="118.155751861631870269775390625">
        <ele>27.6000003814697265625</ele>
        <time>2026-08-12T14:05:25.000Z</time>
        <extensions>
          <ns3:TrackPointExtension>
            <ns3:hr>136</ns3:hr>
            <ns3:cad>88</ns3:cad>
          </ns3:TrackPointExtension>
        </extensions>
      </trkpt>
      <trkpt lat="24.501683972775936126708984375" lon="118.15577273257076740264892578125">
        <ele>27.799999237060546875</ele>
        <time>2026-08-12T14:05:26.000Z</time>
        <extensions>
          <ns3:TrackPointExtension>
            <ns3:hr>136</ns3:hr>
            <ns3:cad>88</ns3:cad>
          </ns3:TrackPointExtension>
        </extensions>
      </trkpt>
      <trkpt lat="24.50168858282268047332763671875" lon="118.15580374561250209808349609375">
        <ele>27.799999237060546875</ele>
        <time>2026-08-12T14:05:27.000Z</time>
        <extensions>
          <ns3:TrackPointExtension>
            <ns3:hr>137</ns3:hr>
            <ns3:cad>87</ns3:cad>
          </ns3:TrackPointExtension>
        </extensions>
      </trkpt>
      <trkpt lat="24.5016928575932979583740234375" lon="118.1558314897119998931884765625">
        <ele>27.799999237060546875</ele>
        <time>2026-08-12T14:05:28.000Z</time>
        <extensions>
          <ns3:TrackPointExtension>
            <ns3:hr>137</ns3:hr>
            <ns3:cad>87</ns3:cad>
          </ns3:TrackPointExtension>
        </extensions>
      </trkpt>
      <trkpt lat="24.50169947929680347442626953125" lon="118.15585755743086338043212890625">
        <ele>27.799999237060546875</ele>
        <time>2026-08-12T14:05:29.000Z</time>
        <extensions>
          <ns3:TrackPointExtension>
            <ns3:hr>137</ns3:hr>
            <ns3:cad>89</ns3:cad>
          </ns3:TrackPointExtension>
        </extensions>
      </trkpt>
      <trkpt lat="24.5017032511532306671142578125" lon="118.155885972082614898681640625">
        <ele>27.799999237060546875</ele>
        <time>2026-08-12T14:05:30.000Z</time>
        <extensions>
          <ns3:TrackPointExtension>
            <ns3:hr>137</ns3:hr>
            <ns3:cad>89</ns3:cad>
          </ns3:TrackPointExtension>
        </extensions>
      </trkpt>
      <trkpt lat="24.5017059333622455596923828125" lon="118.1559082679450511932373046875">
        <ele>27.799999237060546875</ele>
        <time>2026-08-12T14:05:31.000Z</time>
        <extensions>
          <ns3:TrackPointExtension>
            <ns3:hr>137</ns3:hr>
            <ns3:cad>89</ns3:cad>
          </ns3:TrackPointExtension>
        </extensions>
      </trkpt>
      <trkpt lat="24.5017069391906261444091796875" lon="118.155939616262912750244140625">
        <ele>27.799999237060546875</ele>
        <time>2026-08-12T14:05:32.000Z</time>
        <extensions>
          <ns3:TrackPointExtension>
            <ns3:hr>138</ns3:hr>
            <ns3:cad>89</ns3:cad>
          </ns3:TrackPointExtension>
        </extensions>
      </trkpt>
      <trkpt lat="24.50171221978962421417236328125" lon="118.1559639237821102142333984375">
        <ele>27.6000003814697265625</ele>
        <time>2026-08-12T14:05:33.000Z</time>
        <extensions>
          <ns3:TrackPointExtension>
            <ns3:hr>139</ns3:hr>
            <ns3:cad>88</ns3:cad>
          </ns3:TrackPointExtension>
        </extensions>
      </trkpt>
      <trkpt lat="24.5017200149595737457275390625" lon="118.15599359571933746337890625">
        <ele>27.6000003814697265625</ele>
        <time>2026-08-12T14:05:34.000Z</time>
        <extensions>
          <ns3:TrackPointExtension>
            <ns3:hr>140</ns3:hr>
            <ns3:cad>87</ns3:cad>
          </ns3:TrackPointExtension>
        </extensions>
      </trkpt>
      <trkpt lat="24.50172630138695240020751953125" lon="118.15601413138210773468017578125">
        <ele>27.6000003814697265625</ele>
        <time>2026-08-12T14:05:35.000Z</time>
        <extensions>
          <ns3:TrackPointExtension>
            <ns3:hr>141</ns3:hr>
            <ns3:cad>87</ns3:cad>
          </ns3:TrackPointExtension>
        </extensions>
      </trkpt>
      <trkpt lat="24.50174205936491489410400390625" lon="118.15604145638644695281982421875">
        <ele>27.6000003814697265625</ele>
        <time>2026-08-12T14:05:36.000Z</time>
        <extensions>
          <ns3:TrackPointExtension>
            <ns3:hr>141</ns3:hr>
            <ns3:cad>88</ns3:cad>
          </ns3:TrackPointExtension>
        </extensions>
      </trkpt>
      <trkpt lat="24.50174591504037380218505859375" lon="118.15606090240180492401123046875">
        <ele>27.6000003814697265625</ele>
        <time>2026-08-12T14:05:37.000Z</time>
        <extensions>
          <ns3:TrackPointExtension>
            <ns3:hr>142</ns3:hr>
            <ns3:cad>88</ns3:cad>
          </ns3:TrackPointExtension>
        </extensions>
      </trkpt>
      <trkpt lat="24.50175295583903789520263671875" lon="118.15609417855739593505859375">
        <ele>27.6000003814697265625</ele>
        <time>2026-08-12T14:05:38.000Z</time>
        <extensions>
          <ns3:TrackPointExtension>
            <ns3:hr>142</ns3:hr>
            <ns3:cad>88</ns3:cad>
          </ns3:TrackPointExtension>
        </extensions>
      </trkpt>
      <trkpt lat="24.50175882317125797271728515625" lon="118.15611924044787883758544921875">
        <ele>27.6000003814697265625</ele>
        <time>2026-08-12T14:05:39.000Z</time>
        <extensions>
          <ns3:TrackPointExtension>
            <ns3:hr>142</ns3:hr>
            <ns3:cad>88</ns3:cad>
          </ns3:TrackPointExtension>
        </extensions>
      </trkpt>
      <trkpt lat="24.50176653452217578887939453125" lon="118.15614891238510608673095703125">
        <ele>27.799999237060546875</ele>
        <time>2026-08-12T14:05:40.000Z</time>
        <extensions>
          <ns3:TrackPointExtension>
            <ns3:hr>143</ns3:hr>
            <ns3:cad>88</ns3:cad>
          </ns3:TrackPointExtension>
        </extensions>
      </trkpt>
      <trkpt lat="24.50177391059696674346923828125" lon="118.15617590211331844329833984375">
        <ele>27.799999237060546875</ele>
        <time>2026-08-12T14:05:41.000Z</time>
        <extensions>
          <ns3:TrackPointExtension>
            <ns3:hr>143</ns3:hr>
            <ns3:cad>88</ns3:cad>
          </ns3:TrackPointExtension>
        </extensions>
      </trkpt>
      <trkpt lat="24.501784555613994598388671875" lon="118.15620037727057933807373046875">
        <ele>27.6000003814697265625</ele>
        <time>2026-08-12T14:05:42.000Z</time>
        <extensions>
          <ns3:TrackPointExtension>
            <ns3:hr>143</ns3:hr>
            <ns3:cad>87</ns3:cad>
          </ns3:TrackPointExtension>
        </extensions>
      </trkpt>
      <trkpt lat="24.50178866274654865264892578125" lon="118.15623055212199687957763671875">
        <ele>27.6000003814697265625</ele>
        <time>2026-08-12T14:05:43.000Z</time>
        <extensions>
          <ns3:TrackPointExtension>
            <ns3:hr>143</ns3:hr>
            <ns3:cad>87</ns3:cad>
          </ns3:TrackPointExtension>
        </extensions>
      </trkpt>
      <trkpt lat="24.5017964579164981842041015625" lon="118.15625502727925777435302734375">
        <ele>27.6000003814697265625</ele>
        <time>2026-08-12T14:05:44.000Z</time>
        <extensions>
          <ns3:TrackPointExtension>
            <ns3:hr>144</ns3:hr>
            <ns3:cad>87</ns3:cad>
          </ns3:TrackPointExtension>
        </extensions>
      </trkpt>
      <trkpt lat="24.50180173851549625396728515625" lon="118.15628838725388050079345703125">
        <ele>27.6000003814697265625</ele>
        <time>2026-08-12T14:05:45.000Z</time>
        <extensions>
          <ns3:TrackPointExtension>
            <ns3:hr>144</ns3:hr>
            <ns3:cad>88</ns3:cad>
          </ns3:TrackPointExtension>
        </extensions>
      </trkpt>
      <trkpt lat="24.5018112100660800933837890625" lon="118.156313113868236541748046875">
        <ele>27.6000003814697265625</ele>
        <time>2026-08-12T14:05:46.000Z</time>
        <extensions>
          <ns3:TrackPointExtension>
            <ns3:hr>144</ns3:hr>
            <ns3:cad>88</ns3:cad>
          </ns3:TrackPointExtension>
        </extensions>
      </trkpt>
      <trkpt lat="24.50181716121733188629150390625" lon="118.156347312033176422119140625">
        <ele>27.799999237060546875</ele>
        <time>2026-08-12T14:05:47.000Z</time>
        <extensions>
          <ns3:TrackPointExtension>
            <ns3:hr>144</ns3:hr>
            <ns3:cad>88</ns3:cad>
          </ns3:TrackPointExtension>
        </extensions>
      </trkpt>
      <trkpt lat="24.50182017870247364044189453125" lon="118.15636734478175640106201171875">
        <ele>27.799999237060546875</ele>
        <time>2026-08-12T14:05:48.000Z</time>
        <extensions>
          <ns3:TrackPointExtension>
            <ns3:hr>144</ns3:hr>
            <ns3:cad>88</ns3:cad>
          </ns3:TrackPointExtension>
        </extensions>
      </trkpt>
      <trkpt lat="24.501828141510486602783203125" lon="118.15640271641314029693603515625">
        <ele>27.799999237060546875</ele>
        <time>2026-08-12T14:05:49.000Z</time>
        <extensions>
          <ns3:TrackPointExtension>
            <ns3:hr>144</ns3:hr>
            <ns3:cad>88</ns3:cad>
          </ns3:TrackPointExtension>
        </extensions>
      </trkpt>
      <trkpt lat="24.50183426029980182647705078125" lon="118.15642853267490863800048828125">
        <ele>27.799999237060546875</ele>
        <time>2026-08-12T14:05:50.000Z</time>
        <extensions>
          <ns3:TrackPointExtension>
            <ns3:hr>144</ns3:hr>
            <ns3:cad>87</ns3:cad>
          </ns3:TrackPointExtension>
        </extensions>
      </trkpt>
      <trkpt lat="24.5018370263278484344482421875" lon="118.15646340139210224151611328125">
        <ele>27.799999237060546875</ele>
        <time>2026-08-12T14:05:51.000Z</time>
        <extensions>
          <ns3:TrackPointExtension>
            <ns3:hr>143</ns3:hr>
            <ns3:cad>88</ns3:cad>
          </ns3:TrackPointExtension>
        </extensions>
      </trkpt>
      <trkpt lat="24.50183677487075328826904296875" lon="118.15649257041513919830322265625">
        <ele>27.799999237060546875</ele>
        <time>2026-08-12T14:05:52.000Z</time>
        <extensions>
          <ns3:TrackPointExtension>
            <ns3:hr>144</ns3:hr>
            <ns3:cad>88</ns3:cad>
          </ns3:TrackPointExtension>
        </extensions>
      </trkpt>
      <trkpt lat="24.50184633024036884307861328125" lon="118.15652274526655673980712890625">
        <ele>27.799999237060546875</ele>
        <time>2026-08-12T14:05:53.000Z</time>
        <extensions>
          <ns3:TrackPointExtension>
            <ns3:hr>144</ns3:hr>
            <ns3:cad>88</ns3:cad>
          </ns3:TrackPointExtension>
        </extensions>
      </trkpt>
      <trkpt lat="24.5018494315445423126220703125" lon="118.15655149519443511962890625">
        <ele>27.799999237060546875</ele>
        <time>2026-08-12T14:05:54.000Z</time>
        <extensions>
          <ns3:TrackPointExtension>
            <ns3:hr>144</ns3:hr>
            <ns3:cad>88</ns3:cad>
          </ns3:TrackPointExtension>
        </extensions>
      </trkpt>
      <trkpt lat="24.50185663998126983642578125" lon="118.15657571889460086822509765625">
        <ele>27.799999237060546875</ele>
        <time>2026-08-12T14:05:55.000Z</time>
        <extensions>
          <ns3:TrackPointExtension>
            <ns3:hr>144</ns3:hr>
            <ns3:cad>88</ns3:cad>
          </ns3:TrackPointExtension>
        </extensions>
      </trkpt>
      <trkpt lat="24.50185772962868213653564453125" lon="118.156602792441844940185546875">
        <ele>27.799999237060546875</ele>
        <time>2026-08-12T14:05:56.000Z</time>
        <extensions>
          <ns3:TrackPointExtension>
            <ns3:hr>144</ns3:hr>
            <ns3:cad>88</ns3:cad>
          </ns3:TrackPointExtension>
        </extensions>
      </trkpt>
      <trkpt lat="24.50186460278928279876708984375" lon="118.15662533976137638092041015625">
        <ele>27.799999237060546875</ele>
        <time>2026-08-12T14:05:57.000Z</time>
        <extensions>
          <ns3:TrackPointExtension>
            <ns3:hr>143</ns3:hr>
            <ns3:cad>87</ns3:cad>
          </ns3:TrackPointExtension>
        </extensions>
      </trkpt>
      <trkpt lat="24.50187030248343944549560546875" lon="118.15665484406054019927978515625">
        <ele>27.799999237060546875</ele>
        <time>2026-08-12T14:05:58.000Z</time>
        <extensions>
          <ns3:TrackPointExtension>
            <ns3:hr>143</ns3:hr>
            <ns3:cad>87</ns3:cad>
          </ns3:TrackPointExtension>
        </extensions>
      </trkpt>
      <trkpt lat="24.5018755830824375152587890625" lon="118.15667596645653247833251953125">
        <ele>27.799999237060546875</ele>
        <time>2026-08-12T14:05:59.000Z</time>
        <extensions>
          <ns3:TrackPointExtension>
            <ns3:hr>143</ns3:hr>
            <ns3:cad>87</ns3:cad>
          </ns3:TrackPointExtension>
        </extensions>
      </trkpt>
      <trkpt lat="24.50187767855823040008544921875" lon="118.15670882351696491241455078125">
        <ele>27.799999237060546875</ele>
        <time>2026-08-12T14:06:00.000Z</time>
        <extensions>
          <ns3:TrackPointExtension>
            <ns3:hr>143</ns3:hr>
            <ns3:cad>88</ns3:cad>
          </ns3:TrackPointExtension>
        </extensions>
      </trkpt>
      <trkpt lat="24.50187918730080127716064453125" lon="118.15673128701746463775634765625">
        <ele>27.799999237060546875</ele>
        <time>2026-08-12T14:06:01.000Z</time>
        <extensions>
          <ns3:TrackPointExtension>
            <ns3:hr>143</ns3:hr>
            <ns3:cad>88</ns3:cad>
          </ns3:TrackPointExtension>
        </extensions>
      </trkpt>
      <trkpt lat="24.5018822886049747467041015625" lon="118.1567625515162944793701171875">
        <ele>27.799999237060546875</ele>
        <time>2026-08-12T14:06:02.000Z</time>
        <extensions>
          <ns3:TrackPointExtension>
            <ns3:hr>143</ns3:hr>
            <ns3:cad>88</ns3:cad>
          </ns3:TrackPointExtension>
        </extensions>
      </trkpt>
      <trkpt lat="24.50188203714787960052490234375" lon="118.1567866913974285125732421875">
        <ele>27.799999237060546875</ele>
        <time>2026-08-12T14:06:03.000Z</time>
        <extensions>
          <ns3:TrackPointExtension>
            <ns3:hr>143</ns3:hr>
            <ns3:cad>88</ns3:cad>
          </ns3:TrackPointExtension>
        </extensions>
      </trkpt>
      <trkpt lat="24.50188748538494110107421875" lon="118.1568145193159580230712890625">
        <ele>27.799999237060546875</ele>
        <time>2026-08-12T14:06:04.000Z</time>
        <extensions>
          <ns3:TrackPointExtension>
            <ns3:hr>143</ns3:hr>
            <ns3:cad>88</ns3:cad>
          </ns3:TrackPointExtension>
        </extensions>
      </trkpt>
      <trkpt lat="24.5018948614597320556640625" lon="118.1568413414061069488525390625">
        <ele>27.799999237060546875</ele>
        <time>2026-08-12T14:06:05.000Z</time>
        <extensions>
          <ns3:TrackPointExtension>
            <ns3:hr>143</ns3:hr>
            <ns3:cad>87</ns3:cad>
          </ns3:TrackPointExtension>
        </extensions>
      </trkpt>
      <trkpt lat="24.501906596124172210693359375" lon="118.15686841495335102081298828125">
        <ele>27.799999237060546875</ele>
        <time>2026-08-12T14:06:06.000Z</time>
        <extensions>
          <ns3:TrackPointExtension>
            <ns3:hr>143</ns3:hr>
            <ns3:cad>87</ns3:cad>
          </ns3:TrackPointExtension>
        </extensions>
      </trkpt>
      <trkpt lat="24.50191271491348743438720703125" lon="118.1568980030715465545654296875">
        <ele>27.799999237060546875</ele>
        <time>2026-08-12T14:06:07.000Z</time>
        <extensions>
          <ns3:TrackPointExtension>
            <ns3:hr>143</ns3:hr>
            <ns3:cad>87</ns3:cad>
          </ns3:TrackPointExtension>
        </extensions>
      </trkpt>
      <trkpt lat="24.501923359930515289306640625" lon="118.15692390315234661102294921875">
        <ele>28</ele>
        <time>2026-08-12T14:06:08.000Z</time>
        <extensions>
          <ns3:TrackPointExtension>
            <ns3:hr>142</ns3:hr>
            <ns3:cad>88</ns3:cad>
          </ns3:TrackPointExtension>
        </extensions>
      </trkpt>
      <trkpt lat="24.501930736005306243896484375" lon="118.15695541910827159881591796875">
        <ele>28</ele>
        <time>2026-08-12T14:06:09.000Z</time>
        <extensions>
          <ns3:TrackPointExtension>
            <ns3:hr>143</ns3:hr>
            <ns3:cad>88</ns3:cad>
          </ns3:TrackPointExtension>
        </extensions>
      </trkpt>
      <trkpt lat="24.50193752534687519073486328125" lon="118.15698190592229366302490234375">
        <ele>28</ele>
        <time>2026-08-12T14:06:10.000Z</time>
        <extensions>
          <ns3:TrackPointExtension>
            <ns3:hr>143</ns3:hr>
            <ns3:cad>88</ns3:cad>
          </ns3:TrackPointExtension>
        </extensions>
      </trkpt>
      <trkpt lat="24.50194247066974639892578125" lon="118.15701375715434551239013671875">
        <ele>28</ele>
        <time>2026-08-12T14:06:11.000Z</time>
        <extensions>
          <ns3:TrackPointExtension>
            <ns3:hr>143</ns3:hr>
            <ns3:cad>88</ns3:cad>
          </ns3:TrackPointExtension>
        </extensions>
      </trkpt>
      <trkpt lat="24.50195110403001308441162109375" lon="118.15703571774065494537353515625">
        <ele>28</ele>
        <time>2026-08-12T14:06:12.000Z</time>
        <extensions>
          <ns3:TrackPointExtension>
            <ns3:hr>143</ns3:hr>
            <ns3:cad>87</ns3:cad>
          </ns3:TrackPointExtension>
        </extensions>
      </trkpt>
      <trkpt lat="24.501961581408977508544921875" lon="118.1570689938962459564208984375">
        <ele>28</ele>
        <time>2026-08-12T14:06:13.000Z</time>
        <extensions>
          <ns3:TrackPointExtension>
            <ns3:hr>144</ns3:hr>
            <ns3:cad>87</ns3:cad>
          </ns3:TrackPointExtension>
        </extensions>
      </trkpt>
      <trkpt lat="24.5019711367785930633544921875" lon="118.1570874340832233428955078125">
        <ele>28</ele>
        <time>2026-08-12T14:06:14.000Z</time>
        <extensions>
          <ns3:TrackPointExtension>
            <ns3:hr>143</ns3:hr>
            <ns3:cad>87</ns3:cad>
          </ns3:TrackPointExtension>
        </extensions>
      </trkpt>
      <trkpt lat="24.5019835419952869415283203125" lon="118.15712339244782924652099609375">
        <ele>28</ele>
        <time>2026-08-12T14:06:15.000Z</time>
        <extensions>
          <ns3:TrackPointExtension>
            <ns3:hr>143</ns3:hr>
            <ns3:cad>87</ns3:cad>
          </ns3:TrackPointExtension>
        </extensions>
      </trkpt>
      <trkpt lat="24.50199083425104618072509765625" lon="118.15714694559574127197265625">
        <ele>28</ele>
        <time>2026-08-12T14:06:16.000Z</time>
        <extensions>
          <ns3:TrackPointExtension>
            <ns3:hr>143</ns3:hr>
            <ns3:cad>88</ns3:cad>
          </ns3:TrackPointExtension>
        </extensions>
      </trkpt>
      <trkpt lat="24.50199879705905914306640625" lon="118.157177455723285675048828125">
        <ele>28</ele>
        <time>2026-08-12T14:06:17.000Z</time>
        <extensions>
          <ns3:TrackPointExtension>
            <ns3:hr>144</ns3:hr>
            <ns3:cad>88</ns3:cad>
          </ns3:TrackPointExtension>
        </extensions>
      </trkpt>
      <trkpt lat="24.50200541876256465911865234375" lon="118.1572031043469905853271484375">
        <ele>28</ele>
        <time>2026-08-12T14:06:18.000Z</time>
        <extensions>
          <ns3:TrackPointExtension>
            <ns3:hr>143</ns3:hr>
            <ns3:cad>88</ns3:cad>
          </ns3:TrackPointExtension>
        </extensions>
      </trkpt>
      <trkpt lat="24.50201815925538539886474609375" lon="118.15723805688321590423583984375">
        <ele>27.799999237060546875</ele>
        <time>2026-08-12T14:06:19.000Z</time>
        <extensions>
          <ns3:TrackPointExtension>
            <ns3:hr>143</ns3:hr>
            <ns3:cad>88</ns3:cad>
          </ns3:TrackPointExtension>
        </extensions>
      </trkpt>
      <trkpt lat="24.5020241104066371917724609375" lon="118.15726370550692081451416015625">
        <ele>27.799999237060546875</ele>
        <time>2026-08-12T14:06:20.000Z</time>
        <extensions>
          <ns3:TrackPointExtension>
            <ns3:hr>143</ns3:hr>
            <ns3:cad>87</ns3:cad>
          </ns3:TrackPointExtension>
        </extensions>
      </trkpt>
      <trkpt lat="24.50203425250947475433349609375" lon="118.1572978198528289794921875">
        <ele>27.6000003814697265625</ele>
        <time>2026-08-12T14:06:21.000Z</time>
        <extensions>
          <ns3:TrackPointExtension>
            <ns3:hr>143</ns3:hr>
            <ns3:cad>87</ns3:cad>
          </ns3:TrackPointExtension>
        </extensions>
      </trkpt>
      <trkpt lat="24.5020408742129802703857421875" lon="118.1573278270661830902099609375">
        <ele>27.6000003814697265625</ele>
        <time>2026-08-12T14:06:22.000Z</time>
        <extensions>
          <ns3:TrackPointExtension>
            <ns3:hr>143</ns3:hr>
            <ns3:cad>88</ns3:cad>
          </ns3:TrackPointExtension>
        </extensions>
      </trkpt>
      <trkpt lat="24.50205110013484954833984375" lon="118.157359845936298370361328125">
        <ele>27.6000003814697265625</ele>
        <time>2026-08-12T14:06:23.000Z</time>
        <extensions>
          <ns3:TrackPointExtension>
            <ns3:hr>144</ns3:hr>
            <ns3:cad>89</ns3:cad>
          </ns3:TrackPointExtension>
        </extensions>
      </trkpt>
      <trkpt lat="24.502059482038021087646484375" lon="118.15738608129322528839111328125">
        <ele>27.3999996185302734375</ele>
        <time>2026-08-12T14:06:24.000Z</time>
        <extensions>
          <ns3:TrackPointExtension>
            <ns3:hr>143</ns3:hr>
            <ns3:cad>91</ns3:cad>
          </ns3:TrackPointExtension>
        </extensions>
      </trkpt>
      <trkpt lat="24.50206677429378032684326171875" lon="118.1574106402695178985595703125">
        <ele>27.6000003814697265625</ele>
        <time>2026-08-12T14:06:25.000Z</time>
        <extensions>
          <ns3:TrackPointExtension>
            <ns3:hr>143</ns3:hr>
            <ns3:cad>91</ns3:cad>
          </ns3:TrackPointExtension>
        </extensions>
      </trkpt>
      <trkpt lat="24.50207331217825412750244140625" lon="118.157433606684207916259765625">
        <ele>27.799999237060546875</ele>
        <time>2026-08-12T14:06:26.000Z</time>
        <extensions>
          <ns3:TrackPointExtension>
            <ns3:hr>143</ns3:hr>
            <ns3:cad>89</ns3:cad>
          </ns3:TrackPointExtension>
        </extensions>
      </trkpt>
      <trkpt lat="24.5020814426243305206298828125" lon="118.1574616022408008575439453125">
        <ele>28</ele>
        <time>2026-08-12T14:06:27.000Z</time>
        <extensions>
          <ns3:TrackPointExtension>
            <ns3:hr>143</ns3:hr>
            <ns3:cad>89</ns3:cad>
          </ns3:TrackPointExtension>
        </extensions>
      </trkpt>
      <trkpt lat="24.502087645232677459716796875" lon="118.1574904359877109527587890625">
        <ele>28</ele>
        <time>2026-08-12T14:06:28.000Z</time>
        <extensions>
          <ns3:TrackPointExtension>
            <ns3:hr>142</ns3:hr>
            <ns3:cad>88</ns3:cad>
          </ns3:TrackPointExtension>
        </extensions>
      </trkpt>
      <trkpt lat="24.5020982064306735992431640625" lon="118.157512061297893524169921875">
        <ele>28.200000762939453125</ele>
        <time>2026-08-12T14:06:29.000Z</time>
        <extensions>
          <ns3:TrackPointExtension>
            <ns3:hr>142</ns3:hr>
            <ns3:cad>87</ns3:cad>
          </ns3:TrackPointExtension>
        </extensions>
      </trkpt>
      <trkpt lat="24.502107091248035430908203125" lon="118.1575420685112476348876953125">
        <ele>28.200000762939453125</ele>
        <time>2026-08-12T14:06:30.000Z</time>
        <extensions>
          <ns3:TrackPointExtension>
            <ns3:hr>142</ns3:hr>
            <ns3:cad>87</ns3:cad>
          </ns3:TrackPointExtension>
        </extensions>
      </trkpt>
      <trkpt lat="24.50211605988442897796630859375" lon="118.1575635261833667755126953125">
        <ele>28.200000762939453125</ele>
        <time>2026-08-12T14:06:31.000Z</time>
        <extensions>
          <ns3:TrackPointExtension>
            <ns3:hr>142</ns3:hr>
            <ns3:cad>87</ns3:cad>
          </ns3:TrackPointExtension>
        </extensions>
      </trkpt>
      <trkpt lat="24.50212293304502964019775390625" lon="118.1575937010347843170166015625">
        <ele>28.200000762939453125</ele>
        <time>2026-08-12T14:06:32.000Z</time>
        <extensions>
          <ns3:TrackPointExtension>
            <ns3:hr>143</ns3:hr>
            <ns3:cad>89</ns3:cad>
          </ns3:TrackPointExtension>
        </extensions>
      </trkpt>
      <trkpt lat="24.50213433243334293365478515625" lon="118.1576134823262691497802734375">
        <ele>28.200000762939453125</ele>
        <time>2026-08-12T14:06:33.000Z</time>
        <extensions>
          <ns3:TrackPointExtension>
            <ns3:hr>142</ns3:hr>
            <ns3:cad>89</ns3:cad>
          </ns3:TrackPointExtension>
        </extensions>
      </trkpt>
      <trkpt lat="24.5021451450884342193603515625" lon="118.15764793194830417633056640625">
        <ele>28.3999996185302734375</ele>
        <time>2026-08-12T14:06:34.000Z</time>
        <extensions>
          <ns3:TrackPointExtension>
            <ns3:hr>142</ns3:hr>
            <ns3:cad>89</ns3:cad>
          </ns3:TrackPointExtension>
        </extensions>
      </trkpt>
      <trkpt lat="24.50215444900095462799072265625" lon="118.15766905434429645538330078125">
        <ele>28.3999996185302734375</ele>
        <time>2026-08-12T14:06:35.000Z</time>
        <extensions>
          <ns3:TrackPointExtension>
            <ns3:hr>142</ns3:hr>
            <ns3:cad>88</ns3:cad>
          </ns3:TrackPointExtension>
        </extensions>
      </trkpt>
      <trkpt lat="24.5021632499992847442626953125" lon="118.1577003188431262969970703125">
        <ele>28.3999996185302734375</ele>
        <time>2026-08-12T14:06:36.000Z</time>
        <extensions>
          <ns3:TrackPointExtension>
            <ns3:hr>143</ns3:hr>
            <ns3:cad>88</ns3:cad>
          </ns3:TrackPointExtension>
        </extensions>
      </trkpt>
      <trkpt lat="24.50217070989310741424560546875" lon="118.15771817229688167572021484375">
        <ele>28.3999996185302734375</ele>
        <time>2026-08-12T14:06:37.000Z</time>
        <extensions>
          <ns3:TrackPointExtension>
            <ns3:hr>143</ns3:hr>
            <ns3:cad>87</ns3:cad>
          </ns3:TrackPointExtension>
        </extensions>
      </trkpt>
      <trkpt lat="24.502177499234676361083984375" lon="118.15774683840572834014892578125">
        <ele>28.3999996185302734375</ele>
        <time>2026-08-12T14:06:38.000Z</time>
        <extensions>
          <ns3:TrackPointExtension>
            <ns3:hr>143</ns3:hr>
            <ns3:cad>88</ns3:cad>
          </ns3:TrackPointExtension>
        </extensions>
      </trkpt>
      <trkpt lat="24.50217825360596179962158203125" lon="118.1577707268297672271728515625">
        <ele>28.3999996185302734375</ele>
        <time>2026-08-12T14:06:39.000Z</time>
        <extensions>
          <ns3:TrackPointExtension>
            <ns3:hr>143</ns3:hr>
            <ns3:cad>88</ns3:cad>
          </ns3:TrackPointExtension>
        </extensions>
      </trkpt>
      <trkpt lat="24.50218194164335727691650390625" lon="118.157801739871501922607421875">
        <ele>28.3999996185302734375</ele>
        <time>2026-08-12T14:06:40.000Z</time>
        <extensions>
          <ns3:TrackPointExtension>
            <ns3:hr>142</ns3:hr>
            <ns3:cad>89</ns3:cad>
          </ns3:TrackPointExtension>
        </extensions>
      </trkpt>
      <trkpt lat="24.50218479149043560028076171875" lon="118.15782822668552398681640625">
        <ele>28.3999996185302734375</ele>
        <time>2026-08-12T14:06:41.000Z</time>
        <extensions>
          <ns3:TrackPointExtension>
            <ns3:hr>143</ns3:hr>
            <ns3:cad>89</ns3:cad>
          </ns3:TrackPointExtension>
        </extensions>
      </trkpt>
      <trkpt lat="24.50218294747173786163330078125" lon="118.15786099992692470550537109375">
        <ele>28.3999996185302734375</ele>
        <time>2026-08-12T14:06:42.000Z</time>
        <extensions>
          <ns3:TrackPointExtension>
            <ns3:hr>143</ns3:hr>
            <ns3:cad>89</ns3:cad>
          </ns3:TrackPointExtension>
        </extensions>
      </trkpt>
      <trkpt lat="24.50218521058559417724609375" lon="118.15788765437901020050048828125">
        <ele>28.3999996185302734375</ele>
        <time>2026-08-12T14:06:43.000Z</time>
        <extensions>
          <ns3:TrackPointExtension>
            <ns3:hr>143</ns3:hr>
            <ns3:cad>89</ns3:cad>
          </ns3:TrackPointExtension>
        </extensions>
      </trkpt>
      <trkpt lat="24.50218680314719676971435546875" lon="118.1579200923442840576171875">
        <ele>28.3999996185302734375</ele>
        <time>2026-08-12T14:06:44.000Z</time>
        <extensions>
          <ns3:TrackPointExtension>
            <ns3:hr>143</ns3:hr>
            <ns3:cad>88</ns3:cad>
          </ns3:TrackPointExtension>
        </extensions>
      </trkpt>
      <trkpt lat="24.5021870546042919158935546875" lon="118.157945573329925537109375">
        <ele>28.3999996185302734375</ele>
        <time>2026-08-12T14:06:45.000Z</time>
        <extensions>
          <ns3:TrackPointExtension>
            <ns3:hr>143</ns3:hr>
            <ns3:cad>88</ns3:cad>
          </ns3:TrackPointExtension>
        </extensions>
      </trkpt>
      <trkpt lat="24.50219015590846538543701171875" lon="118.15798002295196056365966796875">
        <ele>28.3999996185302734375</ele>
        <time>2026-08-12T14:06:46.000Z</time>
        <extensions>
          <ns3:TrackPointExtension>
            <ns3:hr>143</ns3:hr>
            <ns3:cad>88</ns3:cad>
          </ns3:TrackPointExtension>
        </extensions>
      </trkpt>
      <trkpt lat="24.502188898622989654541015625" lon="118.1580059230327606201171875">
        <ele>28.3999996185302734375</ele>
        <time>2026-08-12T14:06:47.000Z</time>
        <extensions>
          <ns3:TrackPointExtension>
            <ns3:hr>143</ns3:hr>
            <ns3:cad>90</ns3:cad>
          </ns3:TrackPointExtension>
        </extensions>
      </trkpt>
      <trkpt lat="24.50218847952783107757568359375" lon="118.15804146230220794677734375">
        <ele>28.3999996185302734375</ele>
        <time>2026-08-12T14:06:48.000Z</time>
        <extensions>
          <ns3:TrackPointExtension>
            <ns3:hr>144</ns3:hr>
            <ns3:cad>90</ns3:cad>
          </ns3:TrackPointExtension>
        </extensions>
      </trkpt>
      <trkpt lat="24.502188228070735931396484375" lon="118.1580714695155620574951171875">
        <ele>28.3999996185302734375</ele>
        <time>2026-08-12T14:06:49.000Z</time>
        <extensions>
          <ns3:TrackPointExtension>
            <ns3:hr>143</ns3:hr>
            <ns3:cad>90</ns3:cad>
          </ns3:TrackPointExtension>
        </extensions>
      </trkpt>
      <trkpt lat="24.502180851995944976806640625" lon="118.1581003032624721527099609375">
        <ele>28.3999996185302734375</ele>
        <time>2026-08-12T14:06:50.000Z</time>
        <extensions>
          <ns3:TrackPointExtension>
            <ns3:hr>143</ns3:hr>
            <ns3:cad>90</ns3:cad>
          </ns3:TrackPointExtension>
        </extensions>
      </trkpt>
      <trkpt lat="24.5021711289882659912109375" lon="118.15812603570520877838134765625">
        <ele>28.200000762939453125</ele>
        <time>2026-08-12T14:06:51.000Z</time>
        <extensions>
          <ns3:TrackPointExtension>
            <ns3:hr>143</ns3:hr>
            <ns3:cad>90</ns3:cad>
          </ns3:TrackPointExtension>
        </extensions>
      </trkpt>
      <trkpt lat="24.50216333381831645965576171875" lon="118.15815989859402179718017578125">
        <ele>28.200000762939453125</ele>
        <time>2026-08-12T14:06:52.000Z</time>
        <extensions>
          <ns3:TrackPointExtension>
            <ns3:hr>143</ns3:hr>
            <ns3:cad>90</ns3:cad>
          </ns3:TrackPointExtension>
        </extensions>
      </trkpt>
      <trkpt lat="24.50215302407741546630859375" lon="118.1581871397793292999267578125">
        <ele>28</ele>
        <time>2026-08-12T14:06:53.000Z</time>
        <extensions>
          <ns3:TrackPointExtension>
            <ns3:hr>143</ns3:hr>
            <ns3:cad>89</ns3:cad>
          </ns3:TrackPointExtension>
        </extensions>
      </trkpt>
      <trkpt lat="24.50214807875454425811767578125" lon="118.1582153029739856719970703125">
        <ele>28</ele>
        <time>2026-08-12T14:06:54.000Z</time>
        <extensions>
          <ns3:TrackPointExtension>
            <ns3:hr>143</ns3:hr>
            <ns3:cad>89</ns3:cad>
          </ns3:TrackPointExtension>
        </extensions>
      </trkpt>
      <trkpt lat="24.5021334104239940643310546875" lon="118.15824086777865886688232421875">
        <ele>28</ele>
        <time>2026-08-12T14:06:55.000Z</time>
        <extensions>
          <ns3:TrackPointExtension>
            <ns3:hr>143</ns3:hr>
            <ns3:cad>90</ns3:cad>
          </ns3:TrackPointExtension>
        </extensions>
      </trkpt>
      <trkpt lat="24.50211622752249240875244140625" lon="118.15826668404042720794677734375">
        <ele>27.799999237060546875</ele>
        <time>2026-08-12T14:06:56.000Z</time>
        <extensions>
          <ns3:TrackPointExtension>
            <ns3:hr>143</ns3:hr>
            <ns3:cad>90</ns3:cad>
          </ns3:TrackPointExtension>
        </extensions>
      </trkpt>
      <trkpt lat="24.50209560804069042205810546875" lon="118.158285878598690032958984375">
        <ele>27.799999237060546875</ele>
        <time>2026-08-12T14:06:57.000Z</time>
        <extensions>
          <ns3:TrackPointExtension>
            <ns3:hr>143</ns3:hr>
            <ns3:cad>89</ns3:cad>
          </ns3:TrackPointExtension>
        </extensions>
      </trkpt>
      <trkpt lat="24.50207599438726902008056640625" lon="118.1582981161773204803466796875">
        <ele>27.799999237060546875</ele>
        <time>2026-08-12T14:06:58.000Z</time>
        <extensions>
          <ns3:TrackPointExtension>
            <ns3:hr>143</ns3:hr>
            <ns3:cad>89</ns3:cad>
          </ns3:TrackPointExtension>
        </extensions>
      </trkpt>
      <trkpt lat="24.50205101631581783294677734375" lon="118.1582914106547832489013671875">
        <ele>27.799999237060546875</ele>
        <time>2026-08-12T14:06:59.000Z</time>
        <extensions>
          <ns3:TrackPointExtension>
            <ns3:hr>144</ns3:hr>
            <ns3:cad>88</ns3:cad>
          </ns3:TrackPointExtension>
        </extensions>
      </trkpt>
      <trkpt lat="24.5020301453769207000732421875" lon="118.1582890637218952178955078125">
        <ele>27.6000003814697265625</ele>
        <time>2026-08-12T14:07:00.000Z</time>
        <extensions>
          <ns3:TrackPointExtension>
            <ns3:hr>144</ns3:hr>
            <ns3:cad>88</ns3:cad>
          </ns3:TrackPointExtension>
        </extensions>
      </trkpt>
      <trkpt lat="24.5019986294209957122802734375" lon="118.15828110091388225555419921875">
        <ele>27.3999996185302734375</ele>
        <time>2026-08-12T14:07:01.000Z</time>
        <extensions>
          <ns3:TrackPointExtension>
            <ns3:hr>144</ns3:hr>
            <ns3:cad>88</ns3:cad>
          </ns3:TrackPointExtension>
        </extensions>
      </trkpt>
      <trkpt lat="24.5019758306443691253662109375" lon="118.15827607177197933197021484375">
        <ele>27.200000762939453125</ele>
        <time>2026-08-12T14:07:02.000Z</time>
        <extensions>
          <ns3:TrackPointExtension>
            <ns3:hr>143</ns3:hr>
            <ns3:cad>89</ns3:cad>
          </ns3:TrackPointExtension>
        </extensions>
      </trkpt>
      <trkpt lat="24.50194926001131534576416015625" lon="118.15826383419334888458251953125">
        <ele>26.799999237060546875</ele>
        <time>2026-08-12T14:07:03.000Z</time>
        <extensions>
          <ns3:TrackPointExtension>
            <ns3:hr>143</ns3:hr>
            <ns3:cad>89</ns3:cad>
          </ns3:TrackPointExtension>
        </extensions>
      </trkpt>
      <trkpt lat="24.50193232856690883636474609375" lon="118.1582575477659702301025390625">
        <ele>26.3999996185302734375</ele>
        <time>2026-08-12T14:07:04.000Z</time>
        <extensions>
          <ns3:TrackPointExtension>
            <ns3:hr>143</ns3:hr>
            <ns3:cad>89</ns3:cad>
          </ns3:TrackPointExtension>
        </extensions>
      </trkpt>
      <trkpt lat="24.50191288255155086517333984375" lon="118.15824690274894237518310546875">
        <ele>26.200000762939453125</ele>
        <time>2026-08-12T14:07:05.000Z</time>
        <extensions>
          <ns3:TrackPointExtension>
            <ns3:hr>143</ns3:hr>
            <ns3:cad>89</ns3:cad>
          </ns3:TrackPointExtension>
        </extensions>
      </trkpt>
      <trkpt lat="24.5018893294036388397216796875" lon="118.1582384370267391204833984375">
        <ele>26</ele>
        <time>2026-08-12T14:07:06.000Z</time>
        <extensions>
          <ns3:TrackPointExtension>
            <ns3:hr>143</ns3:hr>
            <ns3:cad>89</ns3:cad>
          </ns3:TrackPointExtension>
        </extensions>
      </trkpt>
      <trkpt lat="24.50186175294220447540283203125" lon="118.15823701210319995880126953125">
        <ele>26</ele>
        <time>2026-08-12T14:07:07.000Z</time>
        <extensions>
          <ns3:TrackPointExtension>
            <ns3:hr>143</ns3:hr>
            <ns3:cad>89</ns3:cad>
          </ns3:TrackPointExtension>
        </extensions>
      </trkpt>
      <trkpt lat="24.501834176480770111083984375" lon="118.15823097713291645050048828125">
        <ele>25.799999237060546875</ele>
        <time>2026-08-12T14:07:08.000Z</time>
        <extensions>
          <ns3:TrackPointExtension>
            <ns3:hr>142</ns3:hr>
            <ns3:cad>90</ns3:cad>
          </ns3:TrackPointExtension>
        </extensions>
      </trkpt>
      <trkpt lat="24.50180844403803348541259765625" lon="118.158230222761631011962890625">
        <ele>25.799999237060546875</ele>
        <time>2026-08-12T14:07:09.000Z</time>
        <extensions>
          <ns3:TrackPointExtension>
            <ns3:hr>142</ns3:hr>
            <ns3:cad>89</ns3:cad>
          </ns3:TrackPointExtension>
        </extensions>
      </trkpt>
      <trkpt lat="24.5017800293862819671630859375" lon="118.1582258641719818115234375">
        <ele>25.6000003814697265625</ele>
        <time>2026-08-12T14:07:10.000Z</time>
        <extensions>
          <ns3:TrackPointExtension>
            <ns3:hr>142</ns3:hr>
            <ns3:cad>89</ns3:cad>
          </ns3:TrackPointExtension>
        </extensions>
      </trkpt>
      <trkpt lat="24.5017579011619091033935546875" lon="118.15822795964777469635009765625">
        <ele>25.6000003814697265625</ele>
        <time>2026-08-12T14:07:11.000Z</time>
        <extensions>
          <ns3:TrackPointExtension>
            <ns3:hr>142</ns3:hr>
            <ns3:cad>89</ns3:cad>
          </ns3:TrackPointExtension>
        </extensions>
      </trkpt>
      <trkpt lat="24.50172982178628444671630859375" lon="118.158225528895854949951171875">
        <ele>25.6000003814697265625</ele>
        <time>2026-08-12T14:07:12.000Z</time>
        <extensions>
          <ns3:TrackPointExtension>
            <ns3:hr>141</ns3:hr>
            <ns3:cad>89</ns3:cad>
          </ns3:TrackPointExtension>
        </extensions>
      </trkpt>
      <trkpt lat="24.5017079450190067291259765625" lon="118.15823349170386791229248046875">
        <ele>25.6000003814697265625</ele>
        <time>2026-08-12T14:07:13.000Z</time>
        <extensions>
          <ns3:TrackPointExtension>
            <ns3:hr>141</ns3:hr>
            <ns3:cad>89</ns3:cad>
          </ns3:TrackPointExtension>
        </extensions>
      </trkpt>
      <trkpt lat="24.5016757585108280181884765625" lon="118.15823500044643878936767578125">
        <ele>25.6000003814697265625</ele>
        <time>2026-08-12T14:07:14.000Z</time>
        <extensions>
          <ns3:TrackPointExtension>
            <ns3:hr>141</ns3:hr>
            <ns3:cad>89</ns3:cad>
          </ns3:TrackPointExtension>
        </extensions>
      </trkpt>
      <trkpt lat="24.50165337882936000823974609375" lon="118.158239610493183135986328125">
        <ele>25.6000003814697265625</ele>
        <time>2026-08-12T14:07:15.000Z</time>
        <extensions>
          <ns3:TrackPointExtension>
            <ns3:hr>141</ns3:hr>
            <ns3:cad>88</ns3:cad>
          </ns3:TrackPointExtension>
        </extensions>
      </trkpt>
      <trkpt lat="24.5016190968453884124755859375" lon="118.15824103541672229766845703125">
        <ele>25.6000003814697265625</ele>
        <time>2026-08-12T14:07:16.000Z</time>
        <extensions>
          <ns3:TrackPointExtension>
            <ns3:hr>141</ns3:hr>
            <ns3:cad>87</ns3:cad>
          </ns3:TrackPointExtension>
        </extensions>
      </trkpt>
      <trkpt lat="24.5016006566584110260009765625" lon="118.1582454778254032135009765625">
        <ele>25.6000003814697265625</ele>
        <time>2026-08-12T14:07:17.000Z</time>
        <extensions>
          <ns3:TrackPointExtension>
            <ns3:hr>141</ns3:hr>
            <ns3:cad>87</ns3:cad>
          </ns3:TrackPointExtension>
        </extensions>
      </trkpt>
      <trkpt lat="24.50156570412218570709228515625" lon="118.1582500040531158447265625">
        <ele>25.6000003814697265625</ele>
        <time>2026-08-12T14:07:18.000Z</time>
        <extensions>
          <ns3:TrackPointExtension>
            <ns3:hr>141</ns3:hr>
            <ns3:cad>88</ns3:cad>
          </ns3:TrackPointExtension>
        </extensions>
      </trkpt>
      <trkpt lat="24.50154441408812999725341796875" lon="118.15825578756630420684814453125">
        <ele>25.6000003814697265625</ele>
        <time>2026-08-12T14:07:19.000Z</time>
        <extensions>
          <ns3:TrackPointExtension>
            <ns3:hr>141</ns3:hr>
            <ns3:cad>89</ns3:cad>
          </ns3:TrackPointExtension>
        </extensions>
      </trkpt>
      <trkpt lat="24.50151876546442508697509765625" lon="118.158258385956287384033203125">
        <ele>25.799999237060546875</ele>
        <time>2026-08-12T14:07:20.000Z</time>
        <extensions>
          <ns3:TrackPointExtension>
            <ns3:hr>141</ns3:hr>
            <ns3:cad>89</ns3:cad>
          </ns3:TrackPointExtension>
        </extensions>
      </trkpt>
      <trkpt lat="24.50149613432586193084716796875" lon="118.15826450474560260772705078125">
        <ele>25.799999237060546875</ele>
        <time>2026-08-12T14:07:21.000Z</time>
        <extensions>
          <ns3:TrackPointExtension>
            <ns3:hr>141</ns3:hr>
            <ns3:cad>89</ns3:cad>
          </ns3:TrackPointExtension>
        </extensions>
      </trkpt>
      <trkpt lat="24.50146746821701526641845703125" lon="118.15827975980937480926513671875">
        <ele>25.799999237060546875</ele>
        <time>2026-08-12T14:07:22.000Z</time>
        <extensions>
          <ns3:TrackPointExtension>
            <ns3:hr>141</ns3:hr>
            <ns3:cad>88</ns3:cad>
          </ns3:TrackPointExtension>
        </extensions>
      </trkpt>
      <trkpt lat="24.50144349597394466400146484375" lon="118.15829115919768810272216796875">
        <ele>25.799999237060546875</ele>
        <time>2026-08-12T14:07:23.000Z</time>
        <extensions>
          <ns3:TrackPointExtension>
            <ns3:hr>140</ns3:hr>
            <ns3:cad>87</ns3:cad>
          </ns3:TrackPointExtension>
        </extensions>
      </trkpt>
      <trkpt lat="24.5014149136841297149658203125" lon="118.1583007983863353729248046875">
        <ele>25.6000003814697265625</ele>
        <time>2026-08-12T14:07:24.000Z</time>
        <extensions>
          <ns3:TrackPointExtension>
            <ns3:hr>140</ns3:hr>
            <ns3:cad>88</ns3:cad>
          </ns3:TrackPointExtension>
        </extensions>
      </trkpt>
      <trkpt lat="24.50138733722269535064697265625" lon="118.15829887054860591888427734375">
        <ele>25.6000003814697265625</ele>
        <time>2026-08-12T14:07:25.000Z</time>
        <extensions>
          <ns3:TrackPointExtension>
            <ns3:hr>140</ns3:hr>
            <ns3:cad>89</ns3:cad>
          </ns3:TrackPointExtension>
        </extensions>
      </trkpt>
      <trkpt lat="24.501358754932880401611328125" lon="118.1583018042147159576416015625">
        <ele>25.6000003814697265625</ele>
        <time>2026-08-12T14:07:26.000Z</time>
        <extensions>
          <ns3:TrackPointExtension>
            <ns3:hr>139</ns3:hr>
            <ns3:cad>89</ns3:cad>
          </ns3:TrackPointExtension>
        </extensions>
      </trkpt>
      <trkpt lat="24.50132782571017742156982421875" lon="118.15829769708216190338134765625">
        <ele>25.6000003814697265625</ele>
        <time>2026-08-12T14:07:27.000Z</time>
        <extensions>
          <ns3:TrackPointExtension>
            <ns3:hr>139</ns3:hr>
            <ns3:cad>89</ns3:cad>
          </ns3:TrackPointExtension>
        </extensions>
      </trkpt>
      <trkpt lat="24.5013042725622653961181640625" lon="118.15828428603708744049072265625">
        <ele>25.6000003814697265625</ele>
        <time>2026-08-12T14:07:28.000Z</time>
        <extensions>
          <ns3:TrackPointExtension>
            <ns3:hr>139</ns3:hr>
            <ns3:cad>88</ns3:cad>
          </ns3:TrackPointExtension>
        </extensions>
      </trkpt>
      <trkpt lat="24.50128289870917797088623046875" lon="118.1582609005272388458251953125">
        <ele>25.6000003814697265625</ele>
        <time>2026-08-12T14:07:29.000Z</time>
        <extensions>
          <ns3:TrackPointExtension>
            <ns3:hr>138</ns3:hr>
            <ns3:cad>88</ns3:cad>
          </ns3:TrackPointExtension>
        </extensions>
      </trkpt>
      <trkpt lat="24.5012630335986614227294921875" lon="118.15824128687381744384765625">
        <ele>25.6000003814697265625</ele>
        <time>2026-08-12T14:07:30.000Z</time>
        <extensions>
          <ns3:TrackPointExtension>
            <ns3:hr>138</ns3:hr>
            <ns3:cad>88</ns3:cad>
          </ns3:TrackPointExtension>
        </extensions>
      </trkpt>
      <trkpt lat="24.50124911963939666748046875" lon="118.158212117850780487060546875">
        <ele>25.3999996185302734375</ele>
        <time>2026-08-12T14:07:31.000Z</time>
        <extensions>
          <ns3:TrackPointExtension>
            <ns3:hr>138</ns3:hr>
            <ns3:cad>87</ns3:cad>
          </ns3:TrackPointExtension>
        </extensions>
      </trkpt>
      <trkpt lat="24.50123629532754421234130859375" lon="118.15819074399769306182861328125">
        <ele>25.3999996185302734375</ele>
        <time>2026-08-12T14:07:32.000Z</time>
        <extensions>
          <ns3:TrackPointExtension>
            <ns3:hr>138</ns3:hr>
            <ns3:cad>88</ns3:cad>
          </ns3:TrackPointExtension>
        </extensions>
      </trkpt>
      <trkpt lat="24.50122707523405551910400390625" lon="118.15816258080303668975830078125">
        <ele>25.3999996185302734375</ele>
        <time>2026-08-12T14:07:33.000Z</time>
        <extensions>
          <ns3:TrackPointExtension>
            <ns3:hr>138</ns3:hr>
            <ns3:cad>89</ns3:cad>
          </ns3:TrackPointExtension>
        </extensions>
      </trkpt>
      <trkpt lat="24.50121768750250339508056640625" lon="118.15814204514026641845703125">
        <ele>25.3999996185302734375</ele>
        <time>2026-08-12T14:07:34.000Z</time>
        <extensions>
          <ns3:TrackPointExtension>
            <ns3:hr>138</ns3:hr>
            <ns3:cad>90</ns3:cad>
          </ns3:TrackPointExtension>
        </extensions>
      </trkpt>
      <trkpt lat="24.501209221780300140380859375" lon="118.15811463631689548492431640625">
        <ele>25.3999996185302734375</ele>
        <time>2026-08-12T14:07:35.000Z</time>
        <extensions>
          <ns3:TrackPointExtension>
            <ns3:hr>138</ns3:hr>
            <ns3:cad>90</ns3:cad>
          </ns3:TrackPointExtension>
        </extensions>
      </trkpt>
      <trkpt lat="24.50120192952454090118408203125" lon="118.158092759549617767333984375">
        <ele>25.3999996185302734375</ele>
        <time>2026-08-12T14:07:36.000Z</time>
        <extensions>
          <ns3:TrackPointExtension>
            <ns3:hr>138</ns3:hr>
            <ns3:cad>88</ns3:cad>
          </ns3:TrackPointExtension>
        </extensions>
      </trkpt>
      <trkpt lat="24.501198828220367431640625" lon="118.15806384198367595672607421875">
        <ele>25.3999996185302734375</ele>
        <time>2026-08-12T14:07:37.000Z</time>
        <extensions>
          <ns3:TrackPointExtension>
            <ns3:hr>138</ns3:hr>
            <ns3:cad>88</ns3:cad>
          </ns3:TrackPointExtension>
        </extensions>
      </trkpt>
      <trkpt lat="24.50119279325008392333984375" lon="118.15804188139736652374267578125">
        <ele>25.3999996185302734375</ele>
        <time>2026-08-12T14:07:38.000Z</time>
        <extensions>
          <ns3:TrackPointExtension>
            <ns3:hr>138</ns3:hr>
            <ns3:cad>88</ns3:cad>
          </ns3:TrackPointExtension>
        </extensions>
      </trkpt>
      <trkpt lat="24.50118231587111949920654296875" lon="118.1580171547830104827880859375">
        <ele>25.3999996185302734375</ele>
        <time>2026-08-12T14:07:39.000Z</time>
        <extensions>
          <ns3:TrackPointExtension>
            <ns3:hr>138</ns3:hr>
            <ns3:cad>87</ns3:cad>
          </ns3:TrackPointExtension>
        </extensions>
      </trkpt>
      <trkpt lat="24.5011745207011699676513671875" lon="118.15799209289252758026123046875">
        <ele>25.3999996185302734375</ele>
        <time>2026-08-12T14:07:40.000Z</time>
        <extensions>
          <ns3:TrackPointExtension>
            <ns3:hr>138</ns3:hr>
            <ns3:cad>88</ns3:cad>
          </ns3:TrackPointExtension>
        </extensions>
      </trkpt>
      <trkpt lat="24.50116672553122043609619140625" lon="118.15796845592558383941650390625">
        <ele>25.3999996185302734375</ele>
        <time>2026-08-12T14:07:41.000Z</time>
        <extensions>
          <ns3:TrackPointExtension>
            <ns3:hr>138</ns3:hr>
            <ns3:cad>89</ns3:cad>
          </ns3:TrackPointExtension>
        </extensions>
      </trkpt>
      <trkpt lat="24.5011597685515880584716796875" lon="118.15794230438768863677978515625">
        <ele>25.3999996185302734375</ele>
        <time>2026-08-12T14:07:42.000Z</time>
        <extensions>
          <ns3:TrackPointExtension>
            <ns3:hr>138</ns3:hr>
            <ns3:cad>89</ns3:cad>
          </ns3:TrackPointExtension>
        </extensions>
      </trkpt>
      <trkpt lat="24.50115524232387542724609375" lon="118.1579205952584743499755859375">
        <ele>25.3999996185302734375</ele>
        <time>2026-08-12T14:07:43.000Z</time>
        <extensions>
          <ns3:TrackPointExtension>
            <ns3:hr>138</ns3:hr>
            <ns3:cad>89</ns3:cad>
          </ns3:TrackPointExtension>
        </extensions>
      </trkpt>
      <trkpt lat="24.50115029700100421905517578125" lon="118.15789620392024517059326171875">
        <ele>25.6000003814697265625</ele>
        <time>2026-08-12T14:07:44.000Z</time>
        <extensions>
          <ns3:TrackPointExtension>
            <ns3:hr>138</ns3:hr>
            <ns3:cad>89</ns3:cad>
          </ns3:TrackPointExtension>
        </extensions>
      </trkpt>
      <trkpt lat="24.50114057399332523345947265625" lon="118.15786820836365222930908203125">
        <ele>25.6000003814697265625</ele>
        <time>2026-08-12T14:07:45.000Z</time>
        <extensions>
          <ns3:TrackPointExtension>
            <ns3:hr>138</ns3:hr>
            <ns3:cad>88</ns3:cad>
          </ns3:TrackPointExtension>
        </extensions>
      </trkpt>
      <trkpt lat="24.5011349581182003021240234375" lon="118.15784633159637451171875">
        <ele>25.6000003814697265625</ele>
        <time>2026-08-12T14:07:46.000Z</time>
        <extensions>
          <ns3:TrackPointExtension>
            <ns3:hr>138</ns3:hr>
            <ns3:cad>87</ns3:cad>
          </ns3:TrackPointExtension>
        </extensions>
      </trkpt>
      <trkpt lat="24.501128084957599639892578125" lon="118.1578196771442890167236328125">
        <ele>25.6000003814697265625</ele>
        <time>2026-08-12T14:07:47.000Z</time>
        <extensions>
          <ns3:TrackPointExtension>
            <ns3:hr>138</ns3:hr>
            <ns3:cad>87</ns3:cad>
          </ns3:TrackPointExtension>
        </extensions>
      </trkpt>
      <trkpt lat="24.5011222176253795623779296875" lon="118.15778288058936595916748046875">
        <ele>25.6000003814697265625</ele>
        <time>2026-08-12T14:07:48.000Z</time>
        <extensions>
          <ns3:TrackPointExtension>
            <ns3:hr>138</ns3:hr>
            <ns3:cad>89</ns3:cad>
          </ns3:TrackPointExtension>
        </extensions>
      </trkpt>
      <trkpt lat="24.5011103153228759765625" lon="118.157756142318248748779296875">
        <ele>25.3999996185302734375</ele>
        <time>2026-08-12T14:07:49.000Z</time>
        <extensions>
          <ns3:TrackPointExtension>
            <ns3:hr>138</ns3:hr>
            <ns3:cad>90</ns3:cad>
          </ns3:TrackPointExtension>
        </extensions>
      </trkpt>
      <trkpt lat="24.50110402889549732208251953125" lon="118.1577227823436260223388671875">
        <ele>25.3999996185302734375</ele>
        <time>2026-08-12T14:07:50.000Z</time>
        <extensions>
          <ns3:TrackPointExtension>
            <ns3:hr>138</ns3:hr>
            <ns3:cad>90</ns3:cad>
          </ns3:TrackPointExtension>
        </extensions>
      </trkpt>
      <trkpt lat="24.5010984130203723907470703125" lon="118.15769973210990428924560546875">
        <ele>25.200000762939453125</ele>
        <time>2026-08-12T14:07:51.000Z</time>
        <extensions>
          <ns3:TrackPointExtension>
            <ns3:hr>139</ns3:hr>
            <ns3:cad>89</ns3:cad>
          </ns3:TrackPointExtension>
        </extensions>
      </trkpt>
      <trkpt lat="24.50109112076461315155029296875" lon="118.1576706469058990478515625">
        <ele>25.200000762939453125</ele>
        <time>2026-08-12T14:07:52.000Z</time>
        <extensions>
          <ns3:TrackPointExtension>
            <ns3:hr>139</ns3:hr>
            <ns3:cad>89</ns3:cad>
          </ns3:TrackPointExtension>
        </extensions>
      </trkpt>
      <trkpt lat="24.50108659453690052032470703125" lon="118.157652877271175384521484375">
        <ele>25.200000762939453125</ele>
        <time>2026-08-12T14:07:53.000Z</time>
        <extensions>
          <ns3:TrackPointExtension>
            <ns3:hr>139</ns3:hr>
            <ns3:cad>89</ns3:cad>
          </ns3:TrackPointExtension>
        </extensions>
      </trkpt>
      <trkpt lat="24.5010806433856487274169921875" lon="118.1576232053339481353759765625">
        <ele>25.200000762939453125</ele>
        <time>2026-08-12T14:07:54.000Z</time>
        <extensions>
          <ns3:TrackPointExtension>
            <ns3:hr>139</ns3:hr>
            <ns3:cad>88</ns3:cad>
          </ns3:TrackPointExtension>
        </extensions>
      </trkpt>
      <trkpt lat="24.50107276439666748046875" lon="118.1575994007289409637451171875">
        <ele>25.200000762939453125</ele>
        <time>2026-08-12T14:07:55.000Z</time>
        <extensions>
          <ns3:TrackPointExtension>
            <ns3:hr>140</ns3:hr>
            <ns3:cad>88</ns3:cad>
          </ns3:TrackPointExtension>
        </extensions>
      </trkpt>
      <trkpt lat="24.50106278993189334869384765625" lon="118.15756428055465221405029296875">
        <ele>25.200000762939453125</ele>
        <time>2026-08-12T14:07:56.000Z</time>
        <extensions>
          <ns3:TrackPointExtension>
            <ns3:hr>140</ns3:hr>
            <ns3:cad>88</ns3:cad>
          </ns3:TrackPointExtension>
        </extensions>
      </trkpt>
      <trkpt lat="24.50105306692421436309814453125" lon="118.15753997303545475006103515625">
        <ele>25.200000762939453125</ele>
        <time>2026-08-12T14:07:57.000Z</time>
        <extensions>
          <ns3:TrackPointExtension>
            <ns3:hr>140</ns3:hr>
            <ns3:cad>89</ns3:cad>
          </ns3:TrackPointExtension>
        </extensions>
      </trkpt>
      <trkpt lat="24.50104116462171077728271484375" lon="118.1575078703463077545166015625">
        <ele>25</ele>
        <time>2026-08-12T14:07:58.000Z</time>
        <extensions>
          <ns3:TrackPointExtension>
            <ns3:hr>140</ns3:hr>
            <ns3:cad>89</ns3:cad>
          </ns3:TrackPointExtension>
        </extensions>
      </trkpt>
      <trkpt lat="24.5010338723659515380859375" lon="118.15748356282711029052734375">
        <ele>25</ele>
        <time>2026-08-12T14:07:59.000Z</time>
        <extensions>
          <ns3:TrackPointExtension>
            <ns3:hr>140</ns3:hr>
            <ns3:cad>88</ns3:cad>
          </ns3:TrackPointExtension>
        </extensions>
      </trkpt>
      <trkpt lat="24.50102339498698711395263671875" lon="118.1574532203376293182373046875">
        <ele>25</ele>
        <time>2026-08-12T14:08:00.000Z</time>
        <extensions>
          <ns3:TrackPointExtension>
            <ns3:hr>140</ns3:hr>
            <ns3:cad>88</ns3:cad>
          </ns3:TrackPointExtension>
        </extensions>
      </trkpt>
      <trkpt lat="24.50101534835994243621826171875" lon="118.1574233807623386383056640625">
        <ele>25</ele>
        <time>2026-08-12T14:08:01.000Z</time>
        <extensions>
          <ns3:TrackPointExtension>
            <ns3:hr>140</ns3:hr>
            <ns3:cad>88</ns3:cad>
          </ns3:TrackPointExtension>
        </extensions>
      </trkpt>
      <trkpt lat="24.5010075531899929046630859375" lon="118.1573945470154285430908203125">
        <ele>25</ele>
        <time>2026-08-12T14:08:02.000Z</time>
        <extensions>
          <ns3:TrackPointExtension>
            <ns3:hr>140</ns3:hr>
            <ns3:cad>87</ns3:cad>
          </ns3:TrackPointExtension>
        </extensions>
      </trkpt>
      <trkpt lat="24.50100746937096118927001953125" lon="118.1573581695556640625">
        <ele>25</ele>
        <time>2026-08-12T14:08:03.000Z</time>
        <extensions>
          <ns3:TrackPointExtension>
            <ns3:hr>140</ns3:hr>
            <ns3:cad>88</ns3:cad>
          </ns3:TrackPointExtension>
        </extensions>
      </trkpt>
      <trkpt lat="24.50100093148648738861083984375" lon="118.15732858143746852874755859375">
        <ele>25</ele>
        <time>2026-08-12T14:08:04.000Z</time>
        <extensions>
          <ns3:TrackPointExtension>
            <ns3:hr>141</ns3:hr>
            <ns3:cad>89</ns3:cad>
          </ns3:TrackPointExtension>
        </extensions>
      </trkpt>
      <trkpt lat="24.5009998418390750885009765625" lon="118.15729103051126003265380859375">
        <ele>25</ele>
        <time>2026-08-12T14:08:05.000Z</time>
        <extensions>
          <ns3:TrackPointExtension>
            <ns3:hr>141</ns3:hr>
            <ns3:cad>89</ns3:cad>
          </ns3:TrackPointExtension>
        </extensions>
      </trkpt>
      <trkpt lat="24.5009934715926647186279296875" lon="118.15726655535399913787841796875">
        <ele>25</ele>
        <time>2026-08-12T14:08:06.000Z</time>
        <extensions>
          <ns3:TrackPointExtension>
            <ns3:hr>141</ns3:hr>
            <ns3:cad>89</ns3:cad>
          </ns3:TrackPointExtension>
        </extensions>
      </trkpt>
      <trkpt lat="24.50099221430718898773193359375" lon="118.15723545849323272705078125">
        <ele>25</ele>
        <time>2026-08-12T14:08:07.000Z</time>
        <extensions>
          <ns3:TrackPointExtension>
            <ns3:hr>140</ns3:hr>
            <ns3:cad>89</ns3:cad>
          </ns3:TrackPointExtension>
        </extensions>
      </trkpt>
      <trkpt lat="24.500982575118541717529296875" lon="118.15721676684916019439697265625">
        <ele>25</ele>
        <time>2026-08-12T14:08:08.000Z</time>
        <extensions>
          <ns3:TrackPointExtension>
            <ns3:hr>140</ns3:hr>
            <ns3:cad>88</ns3:cad>
          </ns3:TrackPointExtension>
        </extensions>
      </trkpt>
      <trkpt lat="24.500976540148258209228515625" lon="118.157184831798076629638671875">
        <ele>25</ele>
        <time>2026-08-12T14:08:09.000Z</time>
        <extensions>
          <ns3:TrackPointExtension>
            <ns3:hr>140</ns3:hr>
            <ns3:cad>87</ns3:cad>
          </ns3:TrackPointExtension>
        </extensions>
      </trkpt>
      <trkpt lat="24.50097343884408473968505859375" lon="118.15716228447854518890380859375">
        <ele>25</ele>
        <time>2026-08-12T14:08:10.000Z</time>
        <extensions>
          <ns3:TrackPointExtension>
            <ns3:hr>141</ns3:hr>
            <ns3:cad>88</ns3:cad>
          </ns3:TrackPointExtension>
        </extensions>
      </trkpt>
      <trkpt lat="24.50096807442605495452880859375" lon="118.15713110379874706268310546875">
        <ele>25</ele>
        <time>2026-08-12T14:08:11.000Z</time>
        <extensions>
          <ns3:TrackPointExtension>
            <ns3:hr>140</ns3:hr>
            <ns3:cad>88</ns3:cad>
          </ns3:TrackPointExtension>
        </extensions>
      </trkpt>
      <trkpt lat="24.50096287764608860015869140625" lon="118.15710495226085186004638671875">
        <ele>25</ele>
        <time>2026-08-12T14:08:12.000Z</time>
        <extensions>
          <ns3:TrackPointExtension>
            <ns3:hr>140</ns3:hr>
            <ns3:cad>88</ns3:cad>
          </ns3:TrackPointExtension>
        </extensions>
      </trkpt>
      <trkpt lat="24.5009559206664562225341796875" lon="118.15707595087587833404541015625">
        <ele>25</ele>
        <time>2026-08-12T14:08:13.000Z</time>
        <extensions>
          <ns3:TrackPointExtension>
            <ns3:hr>140</ns3:hr>
            <ns3:cad>88</ns3:cad>
          </ns3:TrackPointExtension>
        </extensions>
      </trkpt>
      <trkpt lat="24.50094963423907756805419921875" lon="118.15705248154699802398681640625">
        <ele>25</ele>
        <time>2026-08-12T14:08:14.000Z</time>
        <extensions>
          <ns3:TrackPointExtension>
            <ns3:hr>140</ns3:hr>
            <ns3:cad>88</ns3:cad>
          </ns3:TrackPointExtension>
        </extensions>
      </trkpt>
      <trkpt lat="24.50094410218298435211181640625" lon="118.15702498890459537506103515625">
        <ele>25</ele>
        <time>2026-08-12T14:08:15.000Z</time>
        <extensions>
          <ns3:TrackPointExtension>
            <ns3:hr>140</ns3:hr>
            <ns3:cad>88</ns3:cad>
          </ns3:TrackPointExtension>
        </extensions>
      </trkpt>
      <trkpt lat="24.50094276107847690582275390625" lon="118.156995065510272979736328125">
        <ele>25</ele>
        <time>2026-08-12T14:08:16.000Z</time>
        <extensions>
          <ns3:TrackPointExtension>
            <ns3:hr>140</ns3:hr>
            <ns3:cad>87</ns3:cad>
          </ns3:TrackPointExtension>
        </extensions>
      </trkpt>
      <trkpt lat="24.50093655847012996673583984375" lon="118.1569677405059337615966796875">
        <ele>25</ele>
        <time>2026-08-12T14:08:17.000Z</time>
        <extensions>
          <ns3:TrackPointExtension>
            <ns3:hr>140</ns3:hr>
            <ns3:cad>87</ns3:cad>
          </ns3:TrackPointExtension>
        </extensions>
      </trkpt>
      <trkpt lat="24.5009364746510982513427734375" lon="118.15693144686520099639892578125">
        <ele>25</ele>
        <time>2026-08-12T14:08:18.000Z</time>
        <extensions>
          <ns3:TrackPointExtension>
            <ns3:hr>140</ns3:hr>
            <ns3:cad>87</ns3:cad>
          </ns3:TrackPointExtension>
        </extensions>
      </trkpt>
      <trkpt lat="24.50092792510986328125" lon="118.15690428949892520904541015625">
        <ele>25</ele>
        <time>2026-08-12T14:08:19.000Z</time>
        <extensions>
          <ns3:TrackPointExtension>
            <ns3:hr>140</ns3:hr>
            <ns3:cad>87</ns3:cad>
          </ns3:TrackPointExtension>
        </extensions>
      </trkpt>
      <trkpt lat="24.50092515908181667327880859375" lon="118.15687009133398532867431640625">
        <ele>25</ele>
        <time>2026-08-12T14:08:20.000Z</time>
        <extensions>
          <ns3:TrackPointExtension>
            <ns3:hr>140</ns3:hr>
            <ns3:cad>88</ns3:cad>
          </ns3:TrackPointExtension>
        </extensions>
      </trkpt>
      <trkpt lat="24.50092247687280178070068359375" lon="118.15684075467288494110107421875">
        <ele>24.799999237060546875</ele>
        <time>2026-08-12T14:08:21.000Z</time>
        <extensions>
          <ns3:TrackPointExtension>
            <ns3:hr>140</ns3:hr>
            <ns3:cad>88</ns3:cad>
          </ns3:TrackPointExtension>
        </extensions>
      </trkpt>
      <trkpt lat="24.50091342441737651824951171875" lon="118.156803287565708160400390625">
        <ele>24.799999237060546875</ele>
        <time>2026-08-12T14:08:22.000Z</time>
        <extensions>
          <ns3:TrackPointExtension>
            <ns3:hr>140</ns3:hr>
            <ns3:cad>88</ns3:cad>
          </ns3:TrackPointExtension>
        </extensions>
      </trkpt>
      <trkpt lat="24.5009079761803150177001953125" lon="118.15677420236170291900634765625">
        <ele>24.799999237060546875</ele>
        <time>2026-08-12T14:08:23.000Z</time>
        <extensions>
          <ns3:TrackPointExtension>
            <ns3:hr>140</ns3:hr>
            <ns3:cad>88</ns3:cad>
          </ns3:TrackPointExtension>
        </extensions>
      </trkpt>
      <trkpt lat="24.50090319849550724029541015625" lon="118.1567410938441753387451171875">
        <ele>24.799999237060546875</ele>
        <time>2026-08-12T14:08:24.000Z</time>
        <extensions>
          <ns3:TrackPointExtension>
            <ns3:hr>140</ns3:hr>
            <ns3:cad>88</ns3:cad>
          </ns3:TrackPointExtension>
        </extensions>
      </trkpt>
      <trkpt lat="24.50089984573423862457275390625" lon="118.156712763011455535888671875">
        <ele>24.799999237060546875</ele>
        <time>2026-08-12T14:08:25.000Z</time>
        <extensions>
          <ns3:TrackPointExtension>
            <ns3:hr>140</ns3:hr>
            <ns3:cad>87</ns3:cad>
          </ns3:TrackPointExtension>
        </extensions>
      </trkpt>
      <trkpt lat="24.50089414604008197784423828125" lon="118.15667781047523021697998046875">
        <ele>25</ele>
        <time>2026-08-12T14:08:26.000Z</time>
        <extensions>
          <ns3:TrackPointExtension>
            <ns3:hr>140</ns3:hr>
            <ns3:cad>87</ns3:cad>
          </ns3:TrackPointExtension>
        </extensions>
      </trkpt>
      <trkpt lat="24.50089062564074993133544921875" lon="118.15665207803249359130859375">
        <ele>25</ele>
        <time>2026-08-12T14:08:27.000Z</time>
        <extensions>
          <ns3:TrackPointExtension>
            <ns3:hr>140</ns3:hr>
            <ns3:cad>89</ns3:cad>
          </ns3:TrackPointExtension>
        </extensions>
      </trkpt>
      <trkpt lat="24.50088827870786190032958984375" lon="118.15662114880979061126708984375">
        <ele>25</ele>
        <time>2026-08-12T14:08:28.000Z</time>
        <extensions>
          <ns3:TrackPointExtension>
            <ns3:hr>140</ns3:hr>
            <ns3:cad>89</ns3:cad>
          </ns3:TrackPointExtension>
        </extensions>
      </trkpt>
      <trkpt lat="24.50088459067046642303466796875" lon="118.15659306943416595458984375">
        <ele>25</ele>
        <time>2026-08-12T14:08:29.000Z</time>
        <extensions>
          <ns3:TrackPointExtension>
            <ns3:hr>140</ns3:hr>
            <ns3:cad>89</ns3:cad>
          </ns3:TrackPointExtension>
        </extensions>
      </trkpt>
      <trkpt lat="24.5008818246424198150634765625" lon="118.156563229858875274658203125">
        <ele>25</ele>
        <time>2026-08-12T14:08:30.000Z</time>
        <extensions>
          <ns3:TrackPointExtension>
            <ns3:hr>140</ns3:hr>
            <ns3:cad>89</ns3:cad>
          </ns3:TrackPointExtension>
        </extensions>
      </trkpt>
      <trkpt lat="24.500878639519214630126953125" lon="118.15653380937874317169189453125">
        <ele>25</ele>
        <time>2026-08-12T14:08:31.000Z</time>
        <extensions>
          <ns3:TrackPointExtension>
            <ns3:hr>140</ns3:hr>
            <ns3:cad>88</ns3:cad>
          </ns3:TrackPointExtension>
        </extensions>
      </trkpt>
      <trkpt lat="24.5008744485676288604736328125" lon="118.15650723874568939208984375">
        <ele>25</ele>
        <time>2026-08-12T14:08:32.000Z</time>
        <extensions>
          <ns3:TrackPointExtension>
            <ns3:hr>139</ns3:hr>
            <ns3:cad>87</ns3:cad>
          </ns3:TrackPointExtension>
        </extensions>
      </trkpt>
      <trkpt lat="24.50087302364408969879150390625" lon="118.156474046409130096435546875">
        <ele>25</ele>
        <time>2026-08-12T14:08:33.000Z</time>
        <extensions>
          <ns3:TrackPointExtension>
            <ns3:hr>140</ns3:hr>
            <ns3:cad>87</ns3:cad>
          </ns3:TrackPointExtension>
        </extensions>
      </trkpt>
      <trkpt lat="24.5008648931980133056640625" lon="118.15645133145153522491455078125">
        <ele>25</ele>
        <time>2026-08-12T14:08:34.000Z</time>
        <extensions>
          <ns3:TrackPointExtension>
            <ns3:hr>140</ns3:hr>
            <ns3:cad>87</ns3:cad>
          </ns3:TrackPointExtension>
        </extensions>
      </trkpt>
      <trkpt lat="24.50085592456161975860595703125" lon="118.1564178876578807830810546875">
        <ele>25</ele>
        <time>2026-08-12T14:08:35.000Z</time>
        <extensions>
          <ns3:TrackPointExtension>
            <ns3:hr>140</ns3:hr>
            <ns3:cad>88</ns3:cad>
          </ns3:TrackPointExtension>
        </extensions>
      </trkpt>
      <trkpt lat="24.500845111906528472900390625" lon="118.15639634616672992706298828125">
        <ele>25</ele>
        <time>2026-08-12T14:08:36.000Z</time>
        <extensions>
          <ns3:TrackPointExtension>
            <ns3:hr>140</ns3:hr>
            <ns3:cad>88</ns3:cad>
          </ns3:TrackPointExtension>
        </extensions>
      </trkpt>
      <trkpt lat="24.500837065279483795166015625" lon="118.1563615612685680389404296875">
        <ele>25</ele>
        <time>2026-08-12T14:08:37.000Z</time>
        <extensions>
          <ns3:TrackPointExtension>
            <ns3:hr>140</ns3:hr>
            <ns3:cad>88</ns3:cad>
          </ns3:TrackPointExtension>
        </extensions>
      </trkpt>
      <trkpt lat="24.5008328743278980255126953125" lon="118.15633633174002170562744140625">
        <ele>25</ele>
        <time>2026-08-12T14:08:38.000Z</time>
        <extensions>
          <ns3:TrackPointExtension>
            <ns3:hr>140</ns3:hr>
            <ns3:cad>88</ns3:cad>
          </ns3:TrackPointExtension>
        </extensions>
      </trkpt>
      <trkpt lat="24.50082667171955108642578125" lon="118.15630632452666759490966796875">
        <ele>25</ele>
        <time>2026-08-12T14:08:39.000Z</time>
        <extensions>
          <ns3:TrackPointExtension>
            <ns3:hr>141</ns3:hr>
            <ns3:cad>88</ns3:cad>
          </ns3:TrackPointExtension>
        </extensions>
      </trkpt>
      <trkpt lat="24.50082172639667987823486328125" lon="118.156282939016819000244140625">
        <ele>25</ele>
        <time>2026-08-12T14:08:40.000Z</time>
        <extensions>
          <ns3:TrackPointExtension>
            <ns3:hr>141</ns3:hr>
            <ns3:cad>87</ns3:cad>
          </ns3:TrackPointExtension>
        </extensions>
      </trkpt>
      <trkpt lat="24.50081166811287403106689453125" lon="118.15625435672700405120849609375">
        <ele>25</ele>
        <time>2026-08-12T14:08:41.000Z</time>
        <extensions>
          <ns3:TrackPointExtension>
            <ns3:hr>141</ns3:hr>
            <ns3:cad>87</ns3:cad>
          </ns3:TrackPointExtension>
        </extensions>
      </trkpt>
      <trkpt lat="24.50080462731420993804931640625" lon="118.156227283179759979248046875">
        <ele>25</ele>
        <time>2026-08-12T14:08:42.000Z</time>
        <extensions>
          <ns3:TrackPointExtension>
            <ns3:hr>141</ns3:hr>
            <ns3:cad>89</ns3:cad>
          </ns3:TrackPointExtension>
        </extensions>
      </trkpt>
      <trkpt lat="24.50079322792589664459228515625" lon="118.1562029756605625152587890625">
        <ele>25</ele>
        <time>2026-08-12T14:08:43.000Z</time>
        <extensions>
          <ns3:TrackPointExtension>
            <ns3:hr>141</ns3:hr>
            <ns3:cad>89</ns3:cad>
          </ns3:TrackPointExtension>
        </extensions>
      </trkpt>
      <trkpt lat="24.500780738890171051025390625" lon="118.15617975778877735137939453125">
        <ele>25</ele>
        <time>2026-08-12T14:08:44.000Z</time>
        <extensions>
          <ns3:TrackPointExtension>
            <ns3:hr>141</ns3:hr>
            <ns3:cad>88</ns3:cad>
          </ns3:TrackPointExtension>
        </extensions>
      </trkpt>
      <trkpt lat="24.5007681660354137420654296875" lon="118.1561533547937870025634765625">
        <ele>25</ele>
        <time>2026-08-12T14:08:45.000Z</time>
        <extensions>
          <ns3:TrackPointExtension>
            <ns3:hr>141</ns3:hr>
            <ns3:cad>88</ns3:cad>
          </ns3:TrackPointExtension>
        </extensions>
      </trkpt>
      <trkpt lat="24.50075785629451274871826171875" lon="118.15611521713435649871826171875">
        <ele>25</ele>
        <time>2026-08-12T14:08:46.000Z</time>
        <extensions>
          <ns3:TrackPointExtension>
            <ns3:hr>141</ns3:hr>
            <ns3:cad>88</ns3:cad>
          </ns3:TrackPointExtension>
        </extensions>
      </trkpt>
      <trkpt lat="24.50074913911521434783935546875" lon="118.15609761513769626617431640625">
        <ele>25</ele>
        <time>2026-08-12T14:08:47.000Z</time>
        <extensions>
          <ns3:TrackPointExtension>
            <ns3:hr>141</ns3:hr>
            <ns3:cad>88</ns3:cad>
          </ns3:TrackPointExtension>
        </extensions>
      </trkpt>
      <trkpt lat="24.5007396675646305084228515625" lon="118.15606509335339069366455078125">
        <ele>25</ele>
        <time>2026-08-12T14:08:48.000Z</time>
        <extensions>
          <ns3:TrackPointExtension>
            <ns3:hr>141</ns3:hr>
            <ns3:cad>87</ns3:cad>
          </ns3:TrackPointExtension>
        </extensions>
      </trkpt>
      <trkpt lat="24.50073002837598323822021484375" lon="118.15604665316641330718994140625">
        <ele>25</ele>
        <time>2026-08-12T14:08:49.000Z</time>
        <extensions>
          <ns3:TrackPointExtension>
            <ns3:hr>141</ns3:hr>
            <ns3:cad>87</ns3:cad>
          </ns3:TrackPointExtension>
        </extensions>
      </trkpt>
      <trkpt lat="24.500721395015716552734375" lon="118.15601681359112262725830078125">
        <ele>24.799999237060546875</ele>
        <time>2026-08-12T14:08:50.000Z</time>
        <extensions>
          <ns3:TrackPointExtension>
            <ns3:hr>140</ns3:hr>
            <ns3:cad>87</ns3:cad>
          </ns3:TrackPointExtension>
        </extensions>
      </trkpt>
      <trkpt lat="24.50071292929351329803466796875" lon="118.1559951044619083404541015625">
        <ele>24.799999237060546875</ele>
        <time>2026-08-12T14:08:51.000Z</time>
        <extensions>
          <ns3:TrackPointExtension>
            <ns3:hr>139</ns3:hr>
            <ns3:cad>88</ns3:cad>
          </ns3:TrackPointExtension>
        </extensions>
      </trkpt>
      <trkpt lat="24.5006994344294071197509765625" lon="118.1559669412672519683837890625">
        <ele>24.799999237060546875</ele>
        <time>2026-08-12T14:08:52.000Z</time>
        <extensions>
          <ns3:TrackPointExtension>
            <ns3:hr>139</ns3:hr>
            <ns3:cad>87</ns3:cad>
          </ns3:TrackPointExtension>
        </extensions>
      </trkpt>
      <trkpt lat="24.50068979524075984954833984375" lon="118.1559404544532299041748046875">
        <ele>24.799999237060546875</ele>
        <time>2026-08-12T14:08:53.000Z</time>
        <extensions>
          <ns3:TrackPointExtension>
            <ns3:hr>139</ns3:hr>
            <ns3:cad>87</ns3:cad>
          </ns3:TrackPointExtension>
        </extensions>
      </trkpt>
      <trkpt lat="24.50067705474793910980224609375" lon="118.15591673366725444793701171875">
        <ele>25</ele>
        <time>2026-08-12T14:08:54.000Z</time>
        <extensions>
          <ns3:TrackPointExtension>
            <ns3:hr>139</ns3:hr>
            <ns3:cad>87</ns3:cad>
          </ns3:TrackPointExtension>
        </extensions>
      </trkpt>
      <trkpt lat="24.500670097768306732177734375" lon="118.15588421188294887542724609375">
        <ele>25</ele>
        <time>2026-08-12T14:08:55.000Z</time>
        <extensions>
          <ns3:TrackPointExtension>
            <ns3:hr>139</ns3:hr>
            <ns3:cad>87</ns3:cad>
          </ns3:TrackPointExtension>
        </extensions>
      </trkpt>
      <trkpt lat="24.50065962038934230804443359375" lon="118.1558573059737682342529296875">
        <ele>25</ele>
        <time>2026-08-12T14:08:56.000Z</time>
        <extensions>
          <ns3:TrackPointExtension>
            <ns3:hr>138</ns3:hr>
            <ns3:cad>87</ns3:cad>
          </ns3:TrackPointExtension>
        </extensions>
      </trkpt>
      <trkpt lat="24.50065392069518566131591796875" lon="118.1558274663984775543212890625">
        <ele>25</ele>
        <time>2026-08-12T14:08:57.000Z</time>
        <extensions>
          <ns3:TrackPointExtension>
            <ns3:hr>137</ns3:hr>
            <ns3:cad>89</ns3:cad>
          </ns3:TrackPointExtension>
        </extensions>
      </trkpt>
      <trkpt lat="24.50064620934426784515380859375" lon="118.15579888410866260528564453125">
        <ele>24.799999237060546875</ele>
        <time>2026-08-12T14:08:58.000Z</time>
        <extensions>
          <ns3:TrackPointExtension>
            <ns3:hr>137</ns3:hr>
            <ns3:cad>89</ns3:cad>
          </ns3:TrackPointExtension>
        </extensions>
      </trkpt>
      <trkpt lat="24.500639922916889190673828125" lon="118.15576686523854732513427734375">
        <ele>24.799999237060546875</ele>
        <time>2026-08-12T14:08:59.000Z</time>
        <extensions>
          <ns3:TrackPointExtension>
            <ns3:hr>136</ns3:hr>
            <ns3:cad>88</ns3:cad>
          </ns3:TrackPointExtension>
        </extensions>
      </trkpt>
      <trkpt lat="24.5006293617188930511474609375" lon="118.1557426415383815765380859375">
        <ele>24.799999237060546875</ele>
        <time>2026-08-12T14:09:00.000Z</time>
        <extensions>
          <ns3:TrackPointExtension>
            <ns3:hr>135</ns3:hr>
            <ns3:cad>88</ns3:cad>
          </ns3:TrackPointExtension>
        </extensions>
      </trkpt>
      <trkpt lat="24.50062525458633899688720703125" lon="118.155704922974109649658203125">
        <ele>24.799999237060546875</ele>
        <time>2026-08-12T14:09:01.000Z</time>
        <extensions>
          <ns3:TrackPointExtension>
            <ns3:hr>135</ns3:hr>
            <ns3:cad>88</ns3:cad>
          </ns3:TrackPointExtension>
        </extensions>
      </trkpt>
      <trkpt lat="24.50061771087348461151123046875" lon="118.15567969344556331634521484375">
        <ele>24.799999237060546875</ele>
        <time>2026-08-12T14:09:02.000Z</time>
        <extensions>
          <ns3:TrackPointExtension>
            <ns3:hr>136</ns3:hr>
            <ns3:cad>87</ns3:cad>
          </ns3:TrackPointExtension>
        </extensions>
      </trkpt>
      <trkpt lat="24.50060631148517131805419921875" lon="118.155647255480289459228515625">
        <ele>24.799999237060546875</ele>
        <time>2026-08-12T14:09:03.000Z</time>
        <extensions>
          <ns3:TrackPointExtension>
            <ns3:hr>137</ns3:hr>
            <ns3:cad>87</ns3:cad>
          </ns3:TrackPointExtension>
        </extensions>
      </trkpt>
      <trkpt lat="24.5005981810390949249267578125" lon="118.155625797808170318603515625">
        <ele>24.799999237060546875</ele>
        <time>2026-08-12T14:09:04.000Z</time>
        <extensions>
          <ns3:TrackPointExtension>
            <ns3:hr>137</ns3:hr>
            <ns3:cad>88</ns3:cad>
          </ns3:TrackPointExtension>
        </extensions>
      </trkpt>
      <trkpt lat="24.50058703310787677764892578125" lon="118.155593611299991607666015625">
        <ele>24.799999237060546875</ele>
        <time>2026-08-12T14:09:05.000Z</time>
        <extensions>
          <ns3:TrackPointExtension>
            <ns3:hr>138</ns3:hr>
            <ns3:cad>89</ns3:cad>
          </ns3:TrackPointExtension>
        </extensions>
      </trkpt>
      <trkpt lat="24.5005805790424346923828125" lon="118.155567459762096405029296875">
        <ele>24.799999237060546875</ele>
        <time>2026-08-12T14:09:06.000Z</time>
        <extensions>
          <ns3:TrackPointExtension>
            <ns3:hr>139</ns3:hr>
            <ns3:cad>89</ns3:cad>
          </ns3:TrackPointExtension>
        </extensions>
      </trkpt>
      <trkpt lat="24.50056741945445537567138671875" lon="118.15554172731935977935791015625">
        <ele>25</ele>
        <time>2026-08-12T14:09:07.000Z</time>
        <extensions>
          <ns3:TrackPointExtension>
            <ns3:hr>141</ns3:hr>
            <ns3:cad>89</ns3:cad>
          </ns3:TrackPointExtension>
        </extensions>
      </trkpt>
      <trkpt lat="24.5005589537322521209716796875" lon="118.155515827238559722900390625">
        <ele>25</ele>
        <time>2026-08-12T14:09:08.000Z</time>
        <extensions>
          <ns3:TrackPointExtension>
            <ns3:hr>142</ns3:hr>
            <ns3:cad>89</ns3:cad>
          </ns3:TrackPointExtension>
        </extensions>
      </trkpt>
      <trkpt lat="24.5005425252020359039306640625" lon="118.15548875369131565093994140625">
        <ele>25</ele>
        <time>2026-08-12T14:09:09.000Z</time>
        <extensions>
          <ns3:TrackPointExtension>
            <ns3:hr>143</ns3:hr>
            <ns3:cad>88</ns3:cad>
          </ns3:TrackPointExtension>
        </extensions>
      </trkpt>
      <trkpt lat="24.50053154490888118743896484375" lon="118.1554630212485790252685546875">
        <ele>24.799999237060546875</ele>
        <time>2026-08-12T14:09:10.000Z</time>
        <extensions>
          <ns3:TrackPointExtension>
            <ns3:hr>144</ns3:hr>
            <ns3:cad>88</ns3:cad>
          </ns3:TrackPointExtension>
        </extensions>
      </trkpt>
      <trkpt lat="24.50051964260637760162353515625" lon="118.1554328463971614837646484375">
        <ele>24.799999237060546875</ele>
        <time>2026-08-12T14:09:11.000Z</time>
        <extensions>
          <ns3:TrackPointExtension>
            <ns3:hr>144</ns3:hr>
            <ns3:cad>88</ns3:cad>
          </ns3:TrackPointExtension>
        </extensions>
      </trkpt>
      <trkpt lat="24.500506818294525146484375" lon="118.15540493465960025787353515625">
        <ele>24.6000003814697265625</ele>
        <time>2026-08-12T14:09:12.000Z</time>
        <extensions>
          <ns3:TrackPointExtension>
            <ns3:hr>144</ns3:hr>
            <ns3:cad>88</ns3:cad>
          </ns3:TrackPointExtension>
        </extensions>
      </trkpt>
      <trkpt lat="24.50048712082207202911376953125" lon="118.15538247115910053253173828125">
        <ele>24.6000003814697265625</ele>
        <time>2026-08-12T14:09:13.000Z</time>
        <extensions>
          <ns3:TrackPointExtension>
            <ns3:hr>145</ns3:hr>
            <ns3:cad>88</ns3:cad>
          </ns3:TrackPointExtension>
        </extensions>
      </trkpt>
      <trkpt lat="24.500471614301204681396484375" lon="118.15535564906895160675048828125">
        <ele>24.6000003814697265625</ele>
        <time>2026-08-12T14:09:14.000Z</time>
        <extensions>
          <ns3:TrackPointExtension>
            <ns3:hr>145</ns3:hr>
            <ns3:cad>88</ns3:cad>
          </ns3:TrackPointExtension>
        </extensions>
      </trkpt>
      <trkpt lat="24.5004540123045444488525390625" lon="118.15533737652003765106201171875">
        <ele>24.6000003814697265625</ele>
        <time>2026-08-12T14:09:15.000Z</time>
        <extensions>
          <ns3:TrackPointExtension>
            <ns3:hr>145</ns3:hr>
            <ns3:cad>88</ns3:cad>
          </ns3:TrackPointExtension>
        </extensions>
      </trkpt>
      <trkpt lat="24.50043817050755023956298828125" lon="118.15531206317245960235595703125">
        <ele>24.6000003814697265625</ele>
        <time>2026-08-12T14:09:16.000Z</time>
        <extensions>
          <ns3:TrackPointExtension>
            <ns3:hr>145</ns3:hr>
            <ns3:cad>88</ns3:cad>
          </ns3:TrackPointExtension>
        </extensions>
      </trkpt>
      <trkpt lat="24.50042023323476314544677734375" lon="118.15529353916645050048828125">
        <ele>24.6000003814697265625</ele>
        <time>2026-08-12T14:09:17.000Z</time>
        <extensions>
          <ns3:TrackPointExtension>
            <ns3:hr>146</ns3:hr>
            <ns3:cad>87</ns3:cad>
          </ns3:TrackPointExtension>
        </extensions>
      </trkpt>
      <trkpt lat="24.5004010386765003204345703125" lon="118.15526512451469898223876953125">
        <ele>24.6000003814697265625</ele>
        <time>2026-08-12T14:09:18.000Z</time>
        <extensions>
          <ns3:TrackPointExtension>
            <ns3:hr>145</ns3:hr>
            <ns3:cad>87</ns3:cad>
          </ns3:TrackPointExtension>
        </extensions>
      </trkpt>
      <trkpt lat="24.50038410723209381103515625" lon="118.15525054000318050384521484375">
        <ele>24.6000003814697265625</ele>
        <time>2026-08-12T14:09:19.000Z</time>
        <extensions>
          <ns3:TrackPointExtension>
            <ns3:hr>145</ns3:hr>
            <ns3:cad>87</ns3:cad>
          </ns3:TrackPointExtension>
        </extensions>
      </trkpt>
      <trkpt lat="24.5003624819219112396240234375" lon="118.15522287972271442413330078125">
        <ele>24.6000003814697265625</ele>
        <time>2026-08-12T14:09:20.000Z</time>
        <extensions>
          <ns3:TrackPointExtension>
            <ns3:hr>146</ns3:hr>
            <ns3:cad>88</ns3:cad>
          </ns3:TrackPointExtension>
        </extensions>
      </trkpt>
      <trkpt lat="24.50034831650555133819580078125" lon="118.1552038528025150299072265625">
        <ele>24.6000003814697265625</ele>
        <time>2026-08-12T14:09:21.000Z</time>
        <extensions>
          <ns3:TrackPointExtension>
            <ns3:hr>145</ns3:hr>
            <ns3:cad>89</ns3:cad>
          </ns3:TrackPointExtension>
        </extensions>
      </trkpt>
      <trkpt lat="24.50032643973827362060546875" lon="118.1551802158355712890625">
        <ele>24.3999996185302734375</ele>
        <time>2026-08-12T14:09:22.000Z</time>
        <extensions>
          <ns3:TrackPointExtension>
            <ns3:hr>145</ns3:hr>
            <ns3:cad>89</ns3:cad>
          </ns3:TrackPointExtension>
        </extensions>
      </trkpt>
      <trkpt lat="24.50031009502708911895751953125" lon="118.1551612727344036102294921875">
        <ele>24.3999996185302734375</ele>
        <time>2026-08-12T14:09:23.000Z</time>
        <extensions>
          <ns3:TrackPointExtension>
            <ns3:hr>145</ns3:hr>
            <ns3:cad>88</ns3:cad>
          </ns3:TrackPointExtension>
        </extensions>
      </trkpt>
      <trkpt lat="24.5002897270023822784423828125" lon="118.1551359593868255615234375">
        <ele>24.3999996185302734375</ele>
        <time>2026-08-12T14:09:24.000Z</time>
        <extensions>
          <ns3:TrackPointExtension>
            <ns3:hr>144</ns3:hr>
            <ns3:cad>88</ns3:cad>
          </ns3:TrackPointExtension>
        </extensions>
      </trkpt>
      <trkpt lat="24.50027338229119777679443359375" lon="118.15511785447597503662109375">
        <ele>24.3999996185302734375</ele>
        <time>2026-08-12T14:09:25.000Z</time>
        <extensions>
          <ns3:TrackPointExtension>
            <ns3:hr>144</ns3:hr>
            <ns3:cad>88</ns3:cad>
          </ns3:TrackPointExtension>
        </extensions>
      </trkpt>
      <trkpt lat="24.50025175698101520538330078125" lon="118.15509974956512451171875">
        <ele>24.3999996185302734375</ele>
        <time>2026-08-12T14:09:26.000Z</time>
        <extensions>
          <ns3:TrackPointExtension>
            <ns3:hr>144</ns3:hr>
            <ns3:cad>88</ns3:cad>
          </ns3:TrackPointExtension>
        </extensions>
      </trkpt>
      <trkpt lat="24.50023214332759380340576171875" lon="118.15507854335010051727294921875">
        <ele>24.200000762939453125</ele>
        <time>2026-08-12T14:09:27.000Z</time>
        <extensions>
          <ns3:TrackPointExtension>
            <ns3:hr>144</ns3:hr>
            <ns3:cad>88</ns3:cad>
          </ns3:TrackPointExtension>
        </extensions>
      </trkpt>
      <trkpt lat="24.50021219439804553985595703125" lon="118.15506245009601116180419921875">
        <ele>24.200000762939453125</ele>
        <time>2026-08-12T14:09:28.000Z</time>
        <extensions>
          <ns3:TrackPointExtension>
            <ns3:hr>143</ns3:hr>
            <ns3:cad>88</ns3:cad>
          </ns3:TrackPointExtension>
        </extensions>
      </trkpt>
      <trkpt lat="24.50019274838268756866455078125" lon="118.15503914840519428253173828125">
        <ele>24.200000762939453125</ele>
        <time>2026-08-12T14:09:29.000Z</time>
        <extensions>
          <ns3:TrackPointExtension>
            <ns3:hr>143</ns3:hr>
            <ns3:cad>88</ns3:cad>
          </ns3:TrackPointExtension>
        </extensions>
      </trkpt>
      <trkpt lat="24.5001760683953762054443359375" lon="118.1550221331417560577392578125">
        <ele>24.200000762939453125</ele>
        <time>2026-08-12T14:09:30.000Z</time>
        <extensions>
          <ns3:TrackPointExtension>
            <ns3:hr>143</ns3:hr>
            <ns3:cad>88</ns3:cad>
          </ns3:TrackPointExtension>
        </extensions>
      </trkpt>
      <trkpt lat="24.5001576282083988189697265625" lon="118.15499790944159030914306640625">
        <ele>24.200000762939453125</ele>
        <time>2026-08-12T14:09:31.000Z</time>
        <extensions>
          <ns3:TrackPointExtension>
            <ns3:hr>143</ns3:hr>
            <ns3:cad>88</ns3:cad>
          </ns3:TrackPointExtension>
        </extensions>
      </trkpt>
      <trkpt lat="24.500143043696880340576171875" lon="118.1549839116632938385009765625">
        <ele>24.200000762939453125</ele>
        <time>2026-08-12T14:09:32.000Z</time>
        <extensions>
          <ns3:TrackPointExtension>
            <ns3:hr>144</ns3:hr>
            <ns3:cad>87</ns3:cad>
          </ns3:TrackPointExtension>
        </extensions>
      </trkpt>
      <trkpt lat="24.50012217275798320770263671875" lon="118.15495935268700122833251953125">
        <ele>24.200000762939453125</ele>
        <time>2026-08-12T14:09:33.000Z</time>
        <extensions>
          <ns3:TrackPointExtension>
            <ns3:hr>144</ns3:hr>
            <ns3:cad>87</ns3:cad>
          </ns3:TrackPointExtension>
        </extensions>
      </trkpt>
      <trkpt lat="24.5001031458377838134765625" lon="118.154944516718387603759765625">
        <ele>24.3999996185302734375</ele>
        <time>2026-08-12T14:09:34.000Z</time>
        <extensions>
          <ns3:TrackPointExtension>
            <ns3:hr>144</ns3:hr>
            <ns3:cad>87</ns3:cad>
          </ns3:TrackPointExtension>
        </extensions>
      </trkpt>
      <trkpt lat="24.50008093379437923431396484375" lon="118.154919706284999847412109375">
        <ele>24.3999996185302734375</ele>
        <time>2026-08-12T14:09:35.000Z</time>
        <extensions>
          <ns3:TrackPointExtension>
            <ns3:hr>144</ns3:hr>
            <ns3:cad>87</ns3:cad>
          </ns3:TrackPointExtension>
        </extensions>
      </trkpt>
      <trkpt lat="24.50006450526416301727294921875" lon="118.154908306896686553955078125">
        <ele>24.6000003814697265625</ele>
        <time>2026-08-12T14:09:36.000Z</time>
        <extensions>
          <ns3:TrackPointExtension>
            <ns3:hr>144</ns3:hr>
            <ns3:cad>89</ns3:cad>
          </ns3:TrackPointExtension>
        </extensions>
      </trkpt>
      <trkpt lat="24.50004287995398044586181640625" lon="118.15488257445394992828369140625">
        <ele>24.6000003814697265625</ele>
        <time>2026-08-12T14:09:37.000Z</time>
        <extensions>
          <ns3:TrackPointExtension>
            <ns3:hr>144</ns3:hr>
            <ns3:cad>89</ns3:cad>
          </ns3:TrackPointExtension>
        </extensions>
      </trkpt>
      <trkpt lat="24.50002661906182765960693359375" lon="118.1548648886382579803466796875">
        <ele>24.6000003814697265625</ele>
        <time>2026-08-12T14:09:38.000Z</time>
        <extensions>
          <ns3:TrackPointExtension>
            <ns3:hr>144</ns3:hr>
            <ns3:cad>89</ns3:cad>
          </ns3:TrackPointExtension>
        </extensions>
      </trkpt>
      <trkpt lat="24.500002898275852203369140625" lon="118.1548435986042022705078125">
        <ele>24.3999996185302734375</ele>
        <time>2026-08-12T14:09:39.000Z</time>
        <extensions>
          <ns3:TrackPointExtension>
            <ns3:hr>144</ns3:hr>
            <ns3:cad>89</ns3:cad>
          </ns3:TrackPointExtension>
        </extensions>
      </trkpt>
      <trkpt lat="24.4999826140701770782470703125" lon="118.15482591278851032257080078125">
        <ele>24.200000762939453125</ele>
        <time>2026-08-12T14:09:40.000Z</time>
        <extensions>
          <ns3:TrackPointExtension>
            <ns3:hr>144</ns3:hr>
            <ns3:cad>88</ns3:cad>
          </ns3:TrackPointExtension>
        </extensions>
      </trkpt>
      <trkpt lat="24.4999574683606624603271484375" lon="118.15480646677315235137939453125">
        <ele>24.200000762939453125</ele>
        <time>2026-08-12T14:09:41.000Z</time>
        <extensions>
          <ns3:TrackPointExtension>
            <ns3:hr>144</ns3:hr>
            <ns3:cad>88</ns3:cad>
          </ns3:TrackPointExtension>
        </extensions>
      </trkpt>
      <trkpt lat="24.49993575923144817352294921875" lon="118.15478718839585781097412109375">
        <ele>24.200000762939453125</ele>
        <time>2026-08-12T14:09:42.000Z</time>
        <extensions>
          <ns3:TrackPointExtension>
            <ns3:hr>144</ns3:hr>
            <ns3:cad>88</ns3:cad>
          </ns3:TrackPointExtension>
        </extensions>
      </trkpt>
      <trkpt lat="24.49991262517869472503662109375" lon="118.15476606599986553192138671875">
        <ele>24</ele>
        <time>2026-08-12T14:09:43.000Z</time>
        <extensions>
          <ns3:TrackPointExtension>
            <ns3:hr>145</ns3:hr>
            <ns3:cad>89</ns3:cad>
          </ns3:TrackPointExtension>
        </extensions>
      </trkpt>
      <trkpt lat="24.49989485554397106170654296875" lon="118.15474477596580982208251953125">
        <ele>24.200000762939453125</ele>
        <time>2026-08-12T14:09:44.000Z</time>
        <extensions>
          <ns3:TrackPointExtension>
            <ns3:hr>145</ns3:hr>
            <ns3:cad>89</ns3:cad>
          </ns3:TrackPointExtension>
        </extensions>
      </trkpt>
      <trkpt lat="24.4998726435005664825439453125" lon="118.15472549758851528167724609375">
        <ele>24</ele>
        <time>2026-08-12T14:09:45.000Z</time>
        <extensions>
          <ns3:TrackPointExtension>
            <ns3:hr>145</ns3:hr>
            <ns3:cad>89</ns3:cad>
          </ns3:TrackPointExtension>
        </extensions>
      </trkpt>
      <trkpt lat="24.49985361658036708831787109375" lon="118.1546987593173980712890625">
        <ele>24</ele>
        <time>2026-08-12T14:09:46.000Z</time>
        <extensions>
          <ns3:TrackPointExtension>
            <ns3:hr>145</ns3:hr>
            <ns3:cad>89</ns3:cad>
          </ns3:TrackPointExtension>
        </extensions>
      </trkpt>
      <trkpt lat="24.4998330809175968170166015625" lon="118.1546798162162303924560546875">
        <ele>24</ele>
        <time>2026-08-12T14:09:47.000Z</time>
        <extensions>
          <ns3:TrackPointExtension>
            <ns3:hr>146</ns3:hr>
            <ns3:cad>88</ns3:cad>
          </ns3:TrackPointExtension>
        </extensions>
      </trkpt>
      <trkpt lat="24.49981137178838253021240234375" lon="118.15465291030704975128173828125">
        <ele>24</ele>
        <time>2026-08-12T14:09:48.000Z</time>
        <extensions>
          <ns3:TrackPointExtension>
            <ns3:hr>145</ns3:hr>
            <ns3:cad>88</ns3:cad>
          </ns3:TrackPointExtension>
        </extensions>
      </trkpt>
      <trkpt lat="24.49979058466851711273193359375" lon="118.1546345539391040802001953125">
        <ele>24</ele>
        <time>2026-08-12T14:09:49.000Z</time>
        <extensions>
          <ns3:TrackPointExtension>
            <ns3:hr>145</ns3:hr>
            <ns3:cad>87</ns3:cad>
          </ns3:TrackPointExtension>
        </extensions>
      </trkpt>
      <trkpt lat="24.49977231211960315704345703125" lon="118.15461116842925548553466796875">
        <ele>24</ele>
        <time>2026-08-12T14:09:50.000Z</time>
        <extensions>
          <ns3:TrackPointExtension>
            <ns3:hr>146</ns3:hr>
            <ns3:cad>88</ns3:cad>
          </ns3:TrackPointExtension>
        </extensions>
      </trkpt>
      <trkpt lat="24.49975781142711639404296875" lon="118.1545953266322612762451171875">
        <ele>24.200000762939453125</ele>
        <time>2026-08-12T14:09:51.000Z</time>
        <extensions>
          <ns3:TrackPointExtension>
            <ns3:hr>146</ns3:hr>
            <ns3:cad>89</ns3:cad>
          </ns3:TrackPointExtension>
        </extensions>
      </trkpt>
      <trkpt lat="24.4997418858110904693603515625" lon="118.154575042426586151123046875">
        <ele>24.200000762939453125</ele>
        <time>2026-08-12T14:09:52.000Z</time>
        <extensions>
          <ns3:TrackPointExtension>
            <ns3:hr>146</ns3:hr>
            <ns3:cad>89</ns3:cad>
          </ns3:TrackPointExtension>
        </extensions>
      </trkpt>
      <trkpt lat="24.49972637929022312164306640625" lon="118.15455903299152851104736328125">
        <ele>24.3999996185302734375</ele>
        <time>2026-08-12T14:09:53.000Z</time>
        <extensions>
          <ns3:TrackPointExtension>
            <ns3:hr>146</ns3:hr>
            <ns3:cad>88</ns3:cad>
          </ns3:TrackPointExtension>
        </extensions>
      </trkpt>
      <trkpt lat="24.4997063465416431427001953125" lon="118.15453740768134593963623046875">
        <ele>24.3999996185302734375</ele>
        <time>2026-08-12T14:09:54.000Z</time>
        <extensions>
          <ns3:TrackPointExtension>
            <ns3:hr>146</ns3:hr>
            <ns3:cad>88</ns3:cad>
          </ns3:TrackPointExtension>
        </extensions>
      </trkpt>
      <trkpt lat="24.4996862299740314483642578125" lon="118.15452366136014461517333984375">
        <ele>24.3999996185302734375</ele>
        <time>2026-08-12T14:09:55.000Z</time>
        <extensions>
          <ns3:TrackPointExtension>
            <ns3:hr>146</ns3:hr>
            <ns3:cad>87</ns3:cad>
          </ns3:TrackPointExtension>
        </extensions>
      </trkpt>
      <trkpt lat="24.499661922454833984375" lon="118.15450639463961124420166015625">
        <ele>24.3999996185302734375</ele>
        <time>2026-08-12T14:09:56.000Z</time>
        <extensions>
          <ns3:TrackPointExtension>
            <ns3:hr>147</ns3:hr>
            <ns3:cad>87</ns3:cad>
          </ns3:TrackPointExtension>
        </extensions>
      </trkpt>
      <trkpt lat="24.49963987804949283599853515625" lon="118.15449952147901058197021484375">
        <ele>24.200000762939453125</ele>
        <time>2026-08-12T14:09:57.000Z</time>
        <extensions>
          <ns3:TrackPointExtension>
            <ns3:hr>147</ns3:hr>
            <ns3:cad>88</ns3:cad>
          </ns3:TrackPointExtension>
        </extensions>
      </trkpt>
      <trkpt lat="24.49961255304515361785888671875" lon="118.15448887646198272705078125">
        <ele>24.200000762939453125</ele>
        <time>2026-08-12T14:09:58.000Z</time>
        <extensions>
          <ns3:TrackPointExtension>
            <ns3:hr>147</ns3:hr>
            <ns3:cad>90</ns3:cad>
          </ns3:TrackPointExtension>
        </extensions>
      </trkpt>
      <trkpt lat="24.49958774261176586151123046875" lon="118.15448284149169921875">
        <ele>24.200000762939453125</ele>
        <time>2026-08-12T14:09:59.000Z</time>
        <extensions>
          <ns3:TrackPointExtension>
            <ns3:hr>147</ns3:hr>
            <ns3:cad>90</ns3:cad>
          </ns3:TrackPointExtension>
        </extensions>
      </trkpt>
      <trkpt lat="24.4995568133890628814697265625" lon="118.1544826738536357879638671875">
        <ele>24.200000762939453125</ele>
        <time>2026-08-12T14:10:00.000Z</time>
        <extensions>
          <ns3:TrackPointExtension>
            <ns3:hr>147</ns3:hr>
            <ns3:cad>89</ns3:cad>
          </ns3:TrackPointExtension>
        </extensions>
      </trkpt>
      <trkpt lat="24.49953309260308742523193359375" lon="118.15448124893009662628173828125">
        <ele>24.200000762939453125</ele>
        <time>2026-08-12T14:10:01.000Z</time>
        <extensions>
          <ns3:TrackPointExtension>
            <ns3:hr>147</ns3:hr>
            <ns3:cad>89</ns3:cad>
          </ns3:TrackPointExtension>
        </extensions>
      </trkpt>
      <trkpt lat="24.49950677342712879180908203125" lon="118.1544841825962066650390625">
        <ele>24.200000762939453125</ele>
        <time>2026-08-12T14:10:02.000Z</time>
        <extensions>
          <ns3:TrackPointExtension>
            <ns3:hr>146</ns3:hr>
            <ns3:cad>89</ns3:cad>
          </ns3:TrackPointExtension>
        </extensions>
      </trkpt>
      <trkpt lat="24.49948028661310672760009765625" lon="118.15448594279587268829345703125">
        <ele>24.3999996185302734375</ele>
        <time>2026-08-12T14:10:03.000Z</time>
        <extensions>
          <ns3:TrackPointExtension>
            <ns3:hr>146</ns3:hr>
            <ns3:cad>88</ns3:cad>
          </ns3:TrackPointExtension>
        </extensions>
      </trkpt>
      <trkpt lat="24.49945698492228984832763671875" lon="118.154491223394870758056640625">
        <ele>24.3999996185302734375</ele>
        <time>2026-08-12T14:10:04.000Z</time>
        <extensions>
          <ns3:TrackPointExtension>
            <ns3:hr>145</ns3:hr>
            <ns3:cad>88</ns3:cad>
          </ns3:TrackPointExtension>
        </extensions>
      </trkpt>
      <trkpt lat="24.49943150393664836883544921875" lon="118.154497258365154266357421875">
        <ele>24.3999996185302734375</ele>
        <time>2026-08-12T14:10:05.000Z</time>
        <extensions>
          <ns3:TrackPointExtension>
            <ns3:hr>145</ns3:hr>
            <ns3:cad>88</ns3:cad>
          </ns3:TrackPointExtension>
        </extensions>
      </trkpt>
      <trkpt lat="24.49940954335033893585205078125" lon="118.15450672991573810577392578125">
        <ele>24.6000003814697265625</ele>
        <time>2026-08-12T14:10:06.000Z</time>
        <extensions>
          <ns3:TrackPointExtension>
            <ns3:hr>145</ns3:hr>
            <ns3:cad>89</ns3:cad>
          </ns3:TrackPointExtension>
        </extensions>
      </trkpt>
      <trkpt lat="24.49938691221177577972412109375" lon="118.15451377071440219879150390625">
        <ele>24.6000003814697265625</ele>
        <time>2026-08-12T14:10:07.000Z</time>
        <extensions>
          <ns3:TrackPointExtension>
            <ns3:hr>145</ns3:hr>
            <ns3:cad>89</ns3:cad>
          </ns3:TrackPointExtension>
        </extensions>
      </trkpt>
      <trkpt lat="24.4993610121309757232666015625" lon="118.154528439044952392578125">
        <ele>24.6000003814697265625</ele>
        <time>2026-08-12T14:10:08.000Z</time>
        <extensions>
          <ns3:TrackPointExtension>
            <ns3:hr>145</ns3:hr>
            <ns3:cad>89</ns3:cad>
          </ns3:TrackPointExtension>
        </extensions>
      </trkpt>
      <trkpt lat="24.499334357678890228271484375" lon="118.15453673712909221649169921875">
        <ele>24.3999996185302734375</ele>
        <time>2026-08-12T14:10:09.000Z</time>
        <extensions>
          <ns3:TrackPointExtension>
            <ns3:hr>145</ns3:hr>
            <ns3:cad>89</ns3:cad>
          </ns3:TrackPointExtension>
        </extensions>
      </trkpt>
      <trkpt lat="24.4993110559880733489990234375" lon="118.15454428084194660186767578125">
        <ele>24.3999996185302734375</ele>
        <time>2026-08-12T14:10:10.000Z</time>
        <extensions>
          <ns3:TrackPointExtension>
            <ns3:hr>145</ns3:hr>
            <ns3:cad>89</ns3:cad>
          </ns3:TrackPointExtension>
        </extensions>
      </trkpt>
      <trkpt lat="24.49928381480276584625244140625" lon="118.1545607931911945343017578125">
        <ele>24.3999996185302734375</ele>
        <time>2026-08-12T14:10:11.000Z</time>
        <extensions>
          <ns3:TrackPointExtension>
            <ns3:hr>144</ns3:hr>
            <ns3:cad>88</ns3:cad>
          </ns3:TrackPointExtension>
        </extensions>
      </trkpt>
      <trkpt lat="24.49926101602613925933837890625" lon="118.15457730554044246673583984375">
        <ele>24.200000762939453125</ele>
        <time>2026-08-12T14:10:12.000Z</time>
        <extensions>
          <ns3:TrackPointExtension>
            <ns3:hr>144</ns3:hr>
            <ns3:cad>88</ns3:cad>
          </ns3:TrackPointExtension>
        </extensions>
      </trkpt>
      <trkpt lat="24.49923201464116573333740234375" lon="118.1545861065387725830078125">
        <ele>24.200000762939453125</ele>
        <time>2026-08-12T14:10:13.000Z</time>
        <extensions>
          <ns3:TrackPointExtension>
            <ns3:hr>144</ns3:hr>
            <ns3:cad>88</ns3:cad>
          </ns3:TrackPointExtension>
        </extensions>
      </trkpt>
      <trkpt lat="24.4992111437022686004638671875" lon="118.1545995175838470458984375">
        <ele>24.200000762939453125</ele>
        <time>2026-08-12T14:10:14.000Z</time>
        <extensions>
          <ns3:TrackPointExtension>
            <ns3:hr>144</ns3:hr>
            <ns3:cad>89</ns3:cad>
          </ns3:TrackPointExtension>
        </extensions>
      </trkpt>
      <trkpt lat="24.49918306432664394378662109375" lon="118.15461217425763607025146484375">
        <ele>24.200000762939453125</ele>
        <time>2026-08-12T14:10:15.000Z</time>
        <extensions>
          <ns3:TrackPointExtension>
            <ns3:hr>145</ns3:hr>
            <ns3:cad>89</ns3:cad>
          </ns3:TrackPointExtension>
        </extensions>
      </trkpt>
      <trkpt lat="24.49916244484484195709228515625" lon="118.15462525002658367156982421875">
        <ele>24.200000762939453125</ele>
        <time>2026-08-12T14:10:16.000Z</time>
        <extensions>
          <ns3:TrackPointExtension>
            <ns3:hr>144</ns3:hr>
            <ns3:cad>89</ns3:cad>
          </ns3:TrackPointExtension>
        </extensions>
      </trkpt>
      <trkpt lat="24.4991360418498516082763671875" lon="118.1546375714242458343505859375">
        <ele>24.200000762939453125</ele>
        <time>2026-08-12T14:10:17.000Z</time>
        <extensions>
          <ns3:TrackPointExtension>
            <ns3:hr>144</ns3:hr>
            <ns3:cad>89</ns3:cad>
          </ns3:TrackPointExtension>
        </extensions>
      </trkpt>
      <trkpt lat="24.49911466799676418304443359375" lon="118.154648132622241973876953125">
        <ele>24.200000762939453125</ele>
        <time>2026-08-12T14:10:18.000Z</time>
        <extensions>
          <ns3:TrackPointExtension>
            <ns3:hr>144</ns3:hr>
            <ns3:cad>88</ns3:cad>
          </ns3:TrackPointExtension>
        </extensions>
      </trkpt>
      <trkpt lat="24.499089606106281280517578125" lon="118.15466145984828472137451171875">
        <ele>24.200000762939453125</ele>
        <time>2026-08-12T14:10:19.000Z</time>
        <extensions>
          <ns3:TrackPointExtension>
            <ns3:hr>143</ns3:hr>
            <ns3:cad>87</ns3:cad>
          </ns3:TrackPointExtension>
        </extensions>
      </trkpt>
      <trkpt lat="24.49906722642481327056884765625" lon="118.154673613607883453369140625">
        <ele>24.200000762939453125</ele>
        <time>2026-08-12T14:10:20.000Z</time>
        <extensions>
          <ns3:TrackPointExtension>
            <ns3:hr>144</ns3:hr>
            <ns3:cad>88</ns3:cad>
          </ns3:TrackPointExtension>
        </extensions>
      </trkpt>
      <trkpt lat="24.4990448467433452606201171875" lon="118.15468710847198963165283203125">
        <ele>24.200000762939453125</ele>
        <time>2026-08-12T14:10:21.000Z</time>
        <extensions>
          <ns3:TrackPointExtension>
            <ns3:hr>143</ns3:hr>
            <ns3:cad>88</ns3:cad>
          </ns3:TrackPointExtension>
        </extensions>
      </trkpt>
      <trkpt lat="24.49901618063449859619140625" lon="118.15469347871840000152587890625">
        <ele>24.200000762939453125</ele>
        <time>2026-08-12T14:10:22.000Z</time>
        <extensions>
          <ns3:TrackPointExtension>
            <ns3:hr>143</ns3:hr>
            <ns3:cad>89</ns3:cad>
          </ns3:TrackPointExtension>
        </extensions>
      </trkpt>
      <trkpt lat="24.4989900290966033935546875" lon="118.15470370464026927947998046875">
        <ele>24.3999996185302734375</ele>
        <time>2026-08-12T14:10:23.000Z</time>
        <extensions>
          <ns3:TrackPointExtension>
            <ns3:hr>143</ns3:hr>
            <ns3:cad>88</ns3:cad>
          </ns3:TrackPointExtension>
        </extensions>
      </trkpt>
      <trkpt lat="24.49896262027323246002197265625" lon="118.15470253117382526397705078125">
        <ele>24.3999996185302734375</ele>
        <time>2026-08-12T14:10:24.000Z</time>
        <extensions>
          <ns3:TrackPointExtension>
            <ns3:hr>143</ns3:hr>
            <ns3:cad>88</ns3:cad>
          </ns3:TrackPointExtension>
        </extensions>
      </trkpt>
      <trkpt lat="24.49893730692565441131591796875" lon="118.15470085479319095611572265625">
        <ele>24.3999996185302734375</ele>
        <time>2026-08-12T14:10:25.000Z</time>
        <extensions>
          <ns3:TrackPointExtension>
            <ns3:hr>143</ns3:hr>
            <ns3:cad>88</ns3:cad>
          </ns3:TrackPointExtension>
        </extensions>
      </trkpt>
      <trkpt lat="24.49890880845487117767333984375" lon="118.15469515509903430938720703125">
        <ele>24.3999996185302734375</ele>
        <time>2026-08-12T14:10:26.000Z</time>
        <extensions>
          <ns3:TrackPointExtension>
            <ns3:hr>143</ns3:hr>
            <ns3:cad>87</ns3:cad>
          </ns3:TrackPointExtension>
        </extensions>
      </trkpt>
      <trkpt lat="24.4988892786204814910888671875" lon="118.15469674766063690185546875">
        <ele>24.3999996185302734375</ele>
        <time>2026-08-12T14:10:27.000Z</time>
        <extensions>
          <ns3:TrackPointExtension>
            <ns3:hr>143</ns3:hr>
            <ns3:cad>87</ns3:cad>
          </ns3:TrackPointExtension>
        </extensions>
      </trkpt>
      <trkpt lat="24.49885834939777851104736328125" lon="118.15469012595713138580322265625">
        <ele>24.3999996185302734375</ele>
        <time>2026-08-12T14:10:28.000Z</time>
        <extensions>
          <ns3:TrackPointExtension>
            <ns3:hr>143</ns3:hr>
            <ns3:cad>88</ns3:cad>
          </ns3:TrackPointExtension>
        </extensions>
      </trkpt>
      <trkpt lat="24.4988346286118030548095703125" lon="118.15469582565128803253173828125">
        <ele>24.3999996185302734375</ele>
        <time>2026-08-12T14:10:29.000Z</time>
        <extensions>
          <ns3:TrackPointExtension>
            <ns3:hr>142</ns3:hr>
            <ns3:cad>88</ns3:cad>
          </ns3:TrackPointExtension>
        </extensions>
      </trkpt>
      <trkpt lat="24.4988049566745758056640625" lon="118.1546881981194019317626953125">
        <ele>24.3999996185302734375</ele>
        <time>2026-08-12T14:10:30.000Z</time>
        <extensions>
          <ns3:TrackPointExtension>
            <ns3:hr>142</ns3:hr>
            <ns3:cad>88</ns3:cad>
          </ns3:TrackPointExtension>
        </extensions>
      </trkpt>
      <trkpt lat="24.49878475628793239593505859375" lon="118.15468492917716503143310546875">
        <ele>24.3999996185302734375</ele>
        <time>2026-08-12T14:10:31.000Z</time>
        <extensions>
          <ns3:TrackPointExtension>
            <ns3:hr>142</ns3:hr>
            <ns3:cad>88</ns3:cad>
          </ns3:TrackPointExtension>
        </extensions>
      </trkpt>
      <trkpt lat="24.4987538270652294158935546875" lon="118.1546764634549617767333984375">
        <ele>24.3999996185302734375</ele>
        <time>2026-08-12T14:10:32.000Z</time>
        <extensions>
          <ns3:TrackPointExtension>
            <ns3:hr>142</ns3:hr>
            <ns3:cad>88</ns3:cad>
          </ns3:TrackPointExtension>
        </extensions>
      </trkpt>
      <trkpt lat="24.498731531202793121337890625" lon="118.15467051230370998382568359375">
        <ele>24.3999996185302734375</ele>
        <time>2026-08-12T14:10:33.000Z</time>
        <extensions>
          <ns3:TrackPointExtension>
            <ns3:hr>142</ns3:hr>
            <ns3:cad>88</ns3:cad>
          </ns3:TrackPointExtension>
        </extensions>
      </trkpt>
      <trkpt lat="24.49869791977107524871826171875" lon="118.15466078929603099822998046875">
        <ele>24.3999996185302734375</ele>
        <time>2026-08-12T14:10:34.000Z</time>
        <extensions>
          <ns3:TrackPointExtension>
            <ns3:hr>143</ns3:hr>
            <ns3:cad>88</ns3:cad>
          </ns3:TrackPointExtension>
        </extensions>
      </trkpt>
      <trkpt lat="24.49867419898509979248046875" lon="118.15465006045997142791748046875">
        <ele>24.3999996185302734375</ele>
        <time>2026-08-12T14:10:35.000Z</time>
        <extensions>
          <ns3:TrackPointExtension>
            <ns3:hr>142</ns3:hr>
            <ns3:cad>87</ns3:cad>
          </ns3:TrackPointExtension>
        </extensions>
      </trkpt>
      <trkpt lat="24.4986462034285068511962890625" lon="118.15464050509035587310791015625">
        <ele>24.3999996185302734375</ele>
        <time>2026-08-12T14:10:36.000Z</time>
        <extensions>
          <ns3:TrackPointExtension>
            <ns3:hr>142</ns3:hr>
            <ns3:cad>87</ns3:cad>
          </ns3:TrackPointExtension>
        </extensions>
      </trkpt>
      <trkpt lat="24.4986213929951190948486328125" lon="118.1546263396739959716796875">
        <ele>24.3999996185302734375</ele>
        <time>2026-08-12T14:10:37.000Z</time>
        <extensions>
          <ns3:TrackPointExtension>
            <ns3:hr>142</ns3:hr>
            <ns3:cad>88</ns3:cad>
          </ns3:TrackPointExtension>
        </extensions>
      </trkpt>
      <trkpt lat="24.498598761856555938720703125" lon="118.15461695194244384765625">
        <ele>24.3999996185302734375</ele>
        <time>2026-08-12T14:10:38.000Z</time>
        <extensions>
          <ns3:TrackPointExtension>
            <ns3:hr>143</ns3:hr>
            <ns3:cad>88</ns3:cad>
          </ns3:TrackPointExtension>
        </extensions>
      </trkpt>
      <trkpt lat="24.49857386760413646697998046875" lon="118.15459725446999073028564453125">
        <ele>24.3999996185302734375</ele>
        <time>2026-08-12T14:10:39.000Z</time>
        <extensions>
          <ns3:TrackPointExtension>
            <ns3:hr>142</ns3:hr>
            <ns3:cad>88</ns3:cad>
          </ns3:TrackPointExtension>
        </extensions>
      </trkpt>
      <trkpt lat="24.49855341576039791107177734375" lon="118.1545832566916942596435546875">
        <ele>24.3999996185302734375</ele>
        <time>2026-08-12T14:10:40.000Z</time>
        <extensions>
          <ns3:TrackPointExtension>
            <ns3:hr>143</ns3:hr>
            <ns3:cad>88</ns3:cad>
          </ns3:TrackPointExtension>
        </extensions>
      </trkpt>
      <trkpt lat="24.49853179045021533966064453125" lon="118.15455685369670391082763671875">
        <ele>24.3999996185302734375</ele>
        <time>2026-08-12T14:10:41.000Z</time>
        <extensions>
          <ns3:TrackPointExtension>
            <ns3:hr>143</ns3:hr>
            <ns3:cad>88</ns3:cad>
          </ns3:TrackPointExtension>
        </extensions>
      </trkpt>
      <trkpt lat="24.49851460754871368408203125" lon="118.15454226918518543243408203125">
        <ele>24.3999996185302734375</ele>
        <time>2026-08-12T14:10:42.000Z</time>
        <extensions>
          <ns3:TrackPointExtension>
            <ns3:hr>143</ns3:hr>
            <ns3:cad>87</ns3:cad>
          </ns3:TrackPointExtension>
        </extensions>
      </trkpt>
      <trkpt lat="24.4984953291714191436767578125" lon="118.15451276488602161407470703125">
        <ele>24.3999996185302734375</ele>
        <time>2026-08-12T14:10:43.000Z</time>
        <extensions>
          <ns3:TrackPointExtension>
            <ns3:hr>143</ns3:hr>
            <ns3:cad>87</ns3:cad>
          </ns3:TrackPointExtension>
        </extensions>
      </trkpt>
      <trkpt lat="24.49847831390798091888427734375" lon="118.15449331887066364288330078125">
        <ele>24.3999996185302734375</ele>
        <time>2026-08-12T14:10:44.000Z</time>
        <extensions>
          <ns3:TrackPointExtension>
            <ns3:hr>143</ns3:hr>
            <ns3:cad>88</ns3:cad>
          </ns3:TrackPointExtension>
        </extensions>
      </trkpt>
      <trkpt lat="24.4984520785510540008544921875" lon="118.15447546541690826416015625">
        <ele>24.3999996185302734375</ele>
        <time>2026-08-12T14:10:45.000Z</time>
        <extensions>
          <ns3:TrackPointExtension>
            <ns3:hr>143</ns3:hr>
            <ns3:cad>88</ns3:cad>
          </ns3:TrackPointExtension>
        </extensions>
      </trkpt>
      <trkpt lat="24.49843187816441059112548828125" lon="118.15446414984762668609619140625">
        <ele>24.3999996185302734375</ele>
        <time>2026-08-12T14:10:46.000Z</time>
        <extensions>
          <ns3:TrackPointExtension>
            <ns3:hr>144</ns3:hr>
            <ns3:cad>88</ns3:cad>
          </ns3:TrackPointExtension>
        </extensions>
      </trkpt>
      <trkpt lat="24.498407654464244842529296875" lon="118.1544454582035541534423828125">
        <ele>24.3999996185302734375</ele>
        <time>2026-08-12T14:10:47.000Z</time>
        <extensions>
          <ns3:TrackPointExtension>
            <ns3:hr>143</ns3:hr>
            <ns3:cad>88</ns3:cad>
          </ns3:TrackPointExtension>
        </extensions>
      </trkpt>
      <trkpt lat="24.49838594533503055572509765625" lon="118.15443246625363826751708984375">
        <ele>24.3999996185302734375</ele>
        <time>2026-08-12T14:10:48.000Z</time>
        <extensions>
          <ns3:TrackPointExtension>
            <ns3:hr>144</ns3:hr>
            <ns3:cad>88</ns3:cad>
          </ns3:TrackPointExtension>
        </extensions>
      </trkpt>
      <trkpt lat="24.498360045254230499267578125" lon="118.154416792094707489013671875">
        <ele>24.3999996185302734375</ele>
        <time>2026-08-12T14:10:49.000Z</time>
        <extensions>
          <ns3:TrackPointExtension>
            <ns3:hr>144</ns3:hr>
            <ns3:cad>88</ns3:cad>
          </ns3:TrackPointExtension>
        </extensions>
      </trkpt>
      <trkpt lat="24.49833665974438190460205078125" lon="118.15440396778285503387451171875">
        <ele>24.3999996185302734375</ele>
        <time>2026-08-12T14:10:50.000Z</time>
        <extensions>
          <ns3:TrackPointExtension>
            <ns3:hr>144</ns3:hr>
            <ns3:cad>87</ns3:cad>
          </ns3:TrackPointExtension>
        </extensions>
      </trkpt>
      <trkpt lat="24.49830916710197925567626953125" lon="118.1543911434710025787353515625">
        <ele>24.3999996185302734375</ele>
        <time>2026-08-12T14:10:51.000Z</time>
        <extensions>
          <ns3:TrackPointExtension>
            <ns3:hr>144</ns3:hr>
            <ns3:cad>88</ns3:cad>
          </ns3:TrackPointExtension>
        </extensions>
      </trkpt>
      <trkpt lat="24.498286284506320953369140625" lon="118.15437362529337406158447265625">
        <ele>24.3999996185302734375</ele>
        <time>2026-08-12T14:10:52.000Z</time>
        <extensions>
          <ns3:TrackPointExtension>
            <ns3:hr>143</ns3:hr>
            <ns3:cad>88</ns3:cad>
          </ns3:TrackPointExtension>
        </extensions>
      </trkpt>
      <trkpt lat="24.49826206080615520477294921875" lon="118.15435585565865039825439453125">
        <ele>24.200000762939453125</ele>
        <time>2026-08-12T14:10:53.000Z</time>
        <extensions>
          <ns3:TrackPointExtension>
            <ns3:hr>144</ns3:hr>
            <ns3:cad>88</ns3:cad>
          </ns3:TrackPointExtension>
        </extensions>
      </trkpt>
      <trkpt lat="24.498234651982784271240234375" lon="118.1543341465294361114501953125">
        <ele>24.200000762939453125</ele>
        <time>2026-08-12T14:10:54.000Z</time>
        <extensions>
          <ns3:TrackPointExtension>
            <ns3:hr>144</ns3:hr>
            <ns3:cad>88</ns3:cad>
          </ns3:TrackPointExtension>
        </extensions>
      </trkpt>
      <trkpt lat="24.49821285903453826904296875" lon="118.1543163768947124481201171875">
        <ele>24.200000762939453125</ele>
        <time>2026-08-12T14:10:55.000Z</time>
        <extensions>
          <ns3:TrackPointExtension>
            <ns3:hr>144</ns3:hr>
            <ns3:cad>88</ns3:cad>
          </ns3:TrackPointExtension>
        </extensions>
      </trkpt>
      <trkpt lat="24.498194418847560882568359375" lon="118.1542959250509738922119140625">
        <ele>24.200000762939453125</ele>
        <time>2026-08-12T14:10:56.000Z</time>
        <extensions>
          <ns3:TrackPointExtension>
            <ns3:hr>144</ns3:hr>
            <ns3:cad>88</ns3:cad>
          </ns3:TrackPointExtension>
        </extensions>
      </trkpt>
      <trkpt lat="24.49816918931901454925537109375" lon="118.1542778201401233673095703125">
        <ele>24.3999996185302734375</ele>
        <time>2026-08-12T14:10:57.000Z</time>
        <extensions>
          <ns3:TrackPointExtension>
            <ns3:hr>144</ns3:hr>
            <ns3:cad>88</ns3:cad>
          </ns3:TrackPointExtension>
        </extensions>
      </trkpt>
      <trkpt lat="24.498152174055576324462890625" lon="118.154249824583530426025390625">
        <ele>24.200000762939453125</ele>
        <time>2026-08-12T14:10:58.000Z</time>
        <extensions>
          <ns3:TrackPointExtension>
            <ns3:hr>144</ns3:hr>
            <ns3:cad>88</ns3:cad>
          </ns3:TrackPointExtension>
        </extensions>
      </trkpt>
      <trkpt lat="24.49813717044889926910400390625" lon="118.15422727726399898529052734375">
        <ele>24.200000762939453125</ele>
        <time>2026-08-12T14:10:59.000Z</time>
        <extensions>
          <ns3:TrackPointExtension>
            <ns3:hr>144</ns3:hr>
            <ns3:cad>89</ns3:cad>
          </ns3:TrackPointExtension>
        </extensions>
      </trkpt>
      <trkpt lat="24.49812644161283969879150390625" lon="118.15419785678386688232421875">
        <ele>24.200000762939453125</ele>
        <time>2026-08-12T14:11:00.000Z</time>
        <extensions>
          <ns3:TrackPointExtension>
            <ns3:hr>143</ns3:hr>
            <ns3:cad>89</ns3:cad>
          </ns3:TrackPointExtension>
        </extensions>
      </trkpt>
      <trkpt lat="24.4981168024241924285888671875" lon="118.15417195670306682586669921875">
        <ele>24.200000762939453125</ele>
        <time>2026-08-12T14:11:01.000Z</time>
        <extensions>
          <ns3:TrackPointExtension>
            <ns3:hr>143</ns3:hr>
            <ns3:cad>89</ns3:cad>
          </ns3:TrackPointExtension>
        </extensions>
      </trkpt>
      <trkpt lat="24.49810867197811603546142578125" lon="118.15414153039455413818359375">
        <ele>24.200000762939453125</ele>
        <time>2026-08-12T14:11:02.000Z</time>
        <extensions>
          <ns3:TrackPointExtension>
            <ns3:hr>144</ns3:hr>
            <ns3:cad>89</ns3:cad>
          </ns3:TrackPointExtension>
        </extensions>
      </trkpt>
      <trkpt lat="24.49809760786592960357666015625" lon="118.1541167199611663818359375">
        <ele>24.200000762939453125</ele>
        <time>2026-08-12T14:11:03.000Z</time>
        <extensions>
          <ns3:TrackPointExtension>
            <ns3:hr>144</ns3:hr>
            <ns3:cad>89</ns3:cad>
          </ns3:TrackPointExtension>
        </extensions>
      </trkpt>
      <trkpt lat="24.49809090234339237213134765625" lon="118.1540823541581630706787109375">
        <ele>24.200000762939453125</ele>
        <time>2026-08-12T14:11:04.000Z</time>
        <extensions>
          <ns3:TrackPointExtension>
            <ns3:hr>144</ns3:hr>
            <ns3:cad>88</ns3:cad>
          </ns3:TrackPointExtension>
        </extensions>
      </trkpt>
      <trkpt lat="24.4980815984308719635009765625" lon="118.1540575437247753143310546875">
        <ele>24.200000762939453125</ele>
        <time>2026-08-12T14:11:05.000Z</time>
        <extensions>
          <ns3:TrackPointExtension>
            <ns3:hr>144</ns3:hr>
            <ns3:cad>88</ns3:cad>
          </ns3:TrackPointExtension>
        </extensions>
      </trkpt>
      <trkpt lat="24.49807204306125640869140625" lon="118.154025860130786895751953125">
        <ele>24.200000762939453125</ele>
        <time>2026-08-12T14:11:06.000Z</time>
        <extensions>
          <ns3:TrackPointExtension>
            <ns3:hr>145</ns3:hr>
            <ns3:cad>88</ns3:cad>
          </ns3:TrackPointExtension>
        </extensions>
      </trkpt>
      <trkpt lat="24.4980644993484020233154296875" lon="118.1539978645741939544677734375">
        <ele>24.200000762939453125</ele>
        <time>2026-08-12T14:11:07.000Z</time>
        <extensions>
          <ns3:TrackPointExtension>
            <ns3:hr>145</ns3:hr>
            <ns3:cad>88</ns3:cad>
          </ns3:TrackPointExtension>
        </extensions>
      </trkpt>
      <trkpt lat="24.498053602874279022216796875" lon="118.153967522084712982177734375">
        <ele>24.200000762939453125</ele>
        <time>2026-08-12T14:11:08.000Z</time>
        <extensions>
          <ns3:TrackPointExtension>
            <ns3:hr>145</ns3:hr>
            <ns3:cad>88</ns3:cad>
          </ns3:TrackPointExtension>
        </extensions>
      </trkpt>
      <trkpt lat="24.4980470649898052215576171875" lon="118.15394162200391292572021484375">
        <ele>24.200000762939453125</ele>
        <time>2026-08-12T14:11:09.000Z</time>
        <extensions>
          <ns3:TrackPointExtension>
            <ns3:hr>145</ns3:hr>
            <ns3:cad>88</ns3:cad>
          </ns3:TrackPointExtension>
        </extensions>
      </trkpt>
      <trkpt lat="24.4980351626873016357421875" lon="118.15391429699957370758056640625">
        <ele>24.200000762939453125</ele>
        <time>2026-08-12T14:11:10.000Z</time>
        <extensions>
          <ns3:TrackPointExtension>
            <ns3:hr>146</ns3:hr>
            <ns3:cad>88</ns3:cad>
          </ns3:TrackPointExtension>
        </extensions>
      </trkpt>
      <trkpt lat="24.4980299659073352813720703125" lon="118.15388781018555164337158203125">
        <ele>24.200000762939453125</ele>
        <time>2026-08-12T14:11:11.000Z</time>
        <extensions>
          <ns3:TrackPointExtension>
            <ns3:hr>146</ns3:hr>
            <ns3:cad>88</ns3:cad>
          </ns3:TrackPointExtension>
        </extensions>
      </trkpt>
      <trkpt lat="24.4980229251086711883544921875" lon="118.15386417321860790252685546875">
        <ele>24.200000762939453125</ele>
        <time>2026-08-12T14:11:12.000Z</time>
        <extensions>
          <ns3:TrackPointExtension>
            <ns3:hr>146</ns3:hr>
            <ns3:cad>87</ns3:cad>
          </ns3:TrackPointExtension>
        </extensions>
      </trkpt>
      <trkpt lat="24.498016722500324249267578125" lon="118.15383550710976123809814453125">
        <ele>24.200000762939453125</ele>
        <time>2026-08-12T14:11:13.000Z</time>
        <extensions>
          <ns3:TrackPointExtension>
            <ns3:hr>147</ns3:hr>
            <ns3:cad>87</ns3:cad>
          </ns3:TrackPointExtension>
        </extensions>
      </trkpt>
      <trkpt lat="24.49800708331167697906494140625" lon="118.15381287597119808197021484375">
        <ele>24.200000762939453125</ele>
        <time>2026-08-12T14:11:14.000Z</time>
        <extensions>
          <ns3:TrackPointExtension>
            <ns3:hr>147</ns3:hr>
            <ns3:cad>86</ns3:cad>
          </ns3:TrackPointExtension>
        </extensions>
      </trkpt>
      <trkpt lat="24.4980056583881378173828125" lon="118.1537839584052562713623046875">
        <ele>24.200000762939453125</ele>
        <time>2026-08-12T14:11:15.000Z</time>
        <extensions>
          <ns3:TrackPointExtension>
            <ns3:hr>147</ns3:hr>
            <ns3:cad>88</ns3:cad>
          </ns3:TrackPointExtension>
        </extensions>
      </trkpt>
      <trkpt lat="24.4980004616081714630126953125" lon="118.1537591479718685150146484375">
        <ele>24.200000762939453125</ele>
        <time>2026-08-12T14:11:16.000Z</time>
        <extensions>
          <ns3:TrackPointExtension>
            <ns3:hr>147</ns3:hr>
            <ns3:cad>88</ns3:cad>
          </ns3:TrackPointExtension>
        </extensions>
      </trkpt>
      <trkpt lat="24.49799417518079280853271484375" lon="118.15372318960726261138916015625">
        <ele>24.200000762939453125</ele>
        <time>2026-08-12T14:11:17.000Z</time>
        <extensions>
          <ns3:TrackPointExtension>
            <ns3:hr>147</ns3:hr>
            <ns3:cad>88</ns3:cad>
          </ns3:TrackPointExtension>
        </extensions>
      </trkpt>
      <trkpt lat="24.497987218201160430908203125" lon="118.153703995048999786376953125">
        <ele>24</ele>
        <time>2026-08-12T14:11:18.000Z</time>
        <extensions>
          <ns3:TrackPointExtension>
            <ns3:hr>147</ns3:hr>
            <ns3:cad>88</ns3:cad>
          </ns3:TrackPointExtension>
        </extensions>
      </trkpt>
      <trkpt lat="24.49797757901251316070556640625" lon="118.1536699645221233367919921875">
        <ele>24</ele>
        <time>2026-08-12T14:11:19.000Z</time>
        <extensions>
          <ns3:TrackPointExtension>
            <ns3:hr>148</ns3:hr>
            <ns3:cad>88</ns3:cad>
          </ns3:TrackPointExtension>
        </extensions>
      </trkpt>
      <trkpt lat="24.497971124947071075439453125" lon="118.15364322625100612640380859375">
        <ele>24.200000762939453125</ele>
        <time>2026-08-12T14:11:20.000Z</time>
        <extensions>
          <ns3:TrackPointExtension>
            <ns3:hr>148</ns3:hr>
            <ns3:cad>88</ns3:cad>
          </ns3:TrackPointExtension>
        </extensions>
      </trkpt>
      <trkpt lat="24.49796332977712154388427734375" lon="118.1536139734089374542236328125">
        <ele>24.200000762939453125</ele>
        <time>2026-08-12T14:11:21.000Z</time>
        <extensions>
          <ns3:TrackPointExtension>
            <ns3:hr>147</ns3:hr>
            <ns3:cad>88</ns3:cad>
          </ns3:TrackPointExtension>
        </extensions>
      </trkpt>
      <trkpt lat="24.49795612134039402008056640625" lon="118.1535915099084377288818359375">
        <ele>24.3999996185302734375</ele>
        <time>2026-08-12T14:11:22.000Z</time>
        <extensions>
          <ns3:TrackPointExtension>
            <ns3:hr>147</ns3:hr>
            <ns3:cad>88</ns3:cad>
          </ns3:TrackPointExtension>
        </extensions>
      </trkpt>
      <trkpt lat="24.497948326170444488525390625" lon="118.153562843799591064453125">
        <ele>24.3999996185302734375</ele>
        <time>2026-08-12T14:11:23.000Z</time>
        <extensions>
          <ns3:TrackPointExtension>
            <ns3:hr>147</ns3:hr>
            <ns3:cad>87</ns3:cad>
          </ns3:TrackPointExtension>
        </extensions>
      </trkpt>
      <trkpt lat="24.49793994426727294921875" lon="118.15353677608072757720947265625">
        <ele>24.3999996185302734375</ele>
        <time>2026-08-12T14:11:24.000Z</time>
        <extensions>
          <ns3:TrackPointExtension>
            <ns3:hr>147</ns3:hr>
            <ns3:cad>87</ns3:cad>
          </ns3:TrackPointExtension>
        </extensions>
      </trkpt>
      <trkpt lat="24.4979313947260379791259765625" lon="118.15350609831511974334716796875">
        <ele>24.3999996185302734375</ele>
        <time>2026-08-12T14:11:25.000Z</time>
        <extensions>
          <ns3:TrackPointExtension>
            <ns3:hr>146</ns3:hr>
            <ns3:cad>88</ns3:cad>
          </ns3:TrackPointExtension>
        </extensions>
      </trkpt>
      <trkpt lat="24.49792477302253246307373046875" lon="118.153477013111114501953125">
        <ele>24.200000762939453125</ele>
        <time>2026-08-12T14:11:26.000Z</time>
        <extensions>
          <ns3:TrackPointExtension>
            <ns3:hr>145</ns3:hr>
            <ns3:cad>88</ns3:cad>
          </ns3:TrackPointExtension>
        </extensions>
      </trkpt>
      <trkpt lat="24.497916810214519500732421875" lon="118.15344809554517269134521484375">
        <ele>24.200000762939453125</ele>
        <time>2026-08-12T14:11:27.000Z</time>
        <extensions>
          <ns3:TrackPointExtension>
            <ns3:hr>145</ns3:hr>
            <ns3:cad>88</ns3:cad>
          </ns3:TrackPointExtension>
        </extensions>
      </trkpt>
      <trkpt lat="24.4979109428822994232177734375" lon="118.15341490320861339569091796875">
        <ele>24.200000762939453125</ele>
        <time>2026-08-12T14:11:28.000Z</time>
        <extensions>
          <ns3:TrackPointExtension>
            <ns3:hr>145</ns3:hr>
            <ns3:cad>88</ns3:cad>
          </ns3:TrackPointExtension>
        </extensions>
      </trkpt>
      <trkpt lat="24.497899711132049560546875" lon="118.153387494385242462158203125">
        <ele>24.200000762939453125</ele>
        <time>2026-08-12T14:11:29.000Z</time>
        <extensions>
          <ns3:TrackPointExtension>
            <ns3:hr>145</ns3:hr>
            <ns3:cad>87</ns3:cad>
          </ns3:TrackPointExtension>
        </extensions>
      </trkpt>
      <trkpt lat="24.49788705445826053619384765625" lon="118.153355978429317474365234375">
        <ele>24.200000762939453125</ele>
        <time>2026-08-12T14:11:30.000Z</time>
        <extensions>
          <ns3:TrackPointExtension>
            <ns3:hr>145</ns3:hr>
            <ns3:cad>87</ns3:cad>
          </ns3:TrackPointExtension>
        </extensions>
      </trkpt>
      <trkpt lat="24.497878588736057281494140625" lon="118.15333108417689800262451171875">
        <ele>24.200000762939453125</ele>
        <time>2026-08-12T14:11:31.000Z</time>
        <extensions>
          <ns3:TrackPointExtension>
            <ns3:hr>145</ns3:hr>
            <ns3:cad>88</ns3:cad>
          </ns3:TrackPointExtension>
        </extensions>
      </trkpt>
      <trkpt lat="24.4978653453290462493896484375" lon="118.1533013284206390380859375">
        <ele>24.200000762939453125</ele>
        <time>2026-08-12T14:11:32.000Z</time>
        <extensions>
          <ns3:TrackPointExtension>
            <ns3:hr>144</ns3:hr>
            <ns3:cad>88</ns3:cad>
          </ns3:TrackPointExtension>
        </extensions>
      </trkpt>
      <trkpt lat="24.49785369448363780975341796875" lon="118.153278194367885589599609375">
        <ele>24.200000762939453125</ele>
        <time>2026-08-12T14:11:33.000Z</time>
        <extensions>
          <ns3:TrackPointExtension>
            <ns3:hr>144</ns3:hr>
            <ns3:cad>88</ns3:cad>
          </ns3:TrackPointExtension>
        </extensions>
      </trkpt>
      <trkpt lat="24.49783802032470703125" lon="118.153253383934497833251953125">
        <ele>24.200000762939453125</ele>
        <time>2026-08-12T14:11:34.000Z</time>
        <extensions>
          <ns3:TrackPointExtension>
            <ns3:hr>144</ns3:hr>
            <ns3:cad>88</ns3:cad>
          </ns3:TrackPointExtension>
        </extensions>
      </trkpt>
      <trkpt lat="24.497826956212520599365234375" lon="118.1532334350049495697021484375">
        <ele>24.200000762939453125</ele>
        <time>2026-08-12T14:11:35.000Z</time>
        <extensions>
          <ns3:TrackPointExtension>
            <ns3:hr>145</ns3:hr>
            <ns3:cad>87</ns3:cad>
          </ns3:TrackPointExtension>
        </extensions>
      </trkpt>
      <trkpt lat="24.49781186878681182861328125" lon="118.15320678055286407470703125">
        <ele>24.200000762939453125</ele>
        <time>2026-08-12T14:11:36.000Z</time>
        <extensions>
          <ns3:TrackPointExtension>
            <ns3:hr>144</ns3:hr>
            <ns3:cad>86</ns3:cad>
          </ns3:TrackPointExtension>
        </extensions>
      </trkpt>
      <trkpt lat="24.49779619462788105010986328125" lon="118.1531828083097934722900390625">
        <ele>24.200000762939453125</ele>
        <time>2026-08-12T14:11:37.000Z</time>
        <extensions>
          <ns3:TrackPointExtension>
            <ns3:hr>144</ns3:hr>
            <ns3:cad>86</ns3:cad>
          </ns3:TrackPointExtension>
        </extensions>
      </trkpt>
      <trkpt lat="24.4977761618793010711669921875" lon="118.15315925516188144683837890625">
        <ele>24.200000762939453125</ele>
        <time>2026-08-12T14:11:38.000Z</time>
        <extensions>
          <ns3:TrackPointExtension>
            <ns3:hr>144</ns3:hr>
            <ns3:cad>88</ns3:cad>
          </ns3:TrackPointExtension>
        </extensions>
      </trkpt>
      <trkpt lat="24.49776099063456058502197265625" lon="118.15313410945236682891845703125">
        <ele>24.200000762939453125</ele>
        <time>2026-08-12T14:11:39.000Z</time>
        <extensions>
          <ns3:TrackPointExtension>
            <ns3:hr>144</ns3:hr>
            <ns3:cad>88</ns3:cad>
          </ns3:TrackPointExtension>
        </extensions>
      </trkpt>
      <trkpt lat="24.4977503456175327301025390625" lon="118.15311566926538944244384765625">
        <ele>24.200000762939453125</ele>
        <time>2026-08-12T14:11:40.000Z</time>
        <extensions>
          <ns3:TrackPointExtension>
            <ns3:hr>144</ns3:hr>
            <ns3:cad>88</ns3:cad>
          </ns3:TrackPointExtension>
        </extensions>
      </trkpt>
      <trkpt lat="24.49773534201085567474365234375" lon="118.15309203229844570159912109375">
        <ele>24.200000762939453125</ele>
        <time>2026-08-12T14:11:41.000Z</time>
        <extensions>
          <ns3:TrackPointExtension>
            <ns3:hr>144</ns3:hr>
            <ns3:cad>88</ns3:cad>
          </ns3:TrackPointExtension>
        </extensions>
      </trkpt>
      <trkpt lat="24.497719667851924896240234375" lon="118.1530735082924365997314453125">
        <ele>24.200000762939453125</ele>
        <time>2026-08-12T14:11:42.000Z</time>
        <extensions>
          <ns3:TrackPointExtension>
            <ns3:hr>144</ns3:hr>
            <ns3:cad>88</ns3:cad>
          </ns3:TrackPointExtension>
        </extensions>
      </trkpt>
      <trkpt lat="24.49770416133105754852294921875" lon="118.15305699594318866729736328125">
        <ele>24.3999996185302734375</ele>
        <time>2026-08-12T14:11:43.000Z</time>
        <extensions>
          <ns3:TrackPointExtension>
            <ns3:hr>144</ns3:hr>
            <ns3:cad>87</ns3:cad>
          </ns3:TrackPointExtension>
        </extensions>
      </trkpt>
      <trkpt lat="24.4976863078773021697998046875" lon="118.153038807213306427001953125">
        <ele>24.3999996185302734375</ele>
        <time>2026-08-12T14:11:44.000Z</time>
        <extensions>
          <ns3:TrackPointExtension>
            <ns3:hr>144</ns3:hr>
            <ns3:cad>87</ns3:cad>
          </ns3:TrackPointExtension>
        </extensions>
      </trkpt>
      <trkpt lat="24.4976623356342315673828125" lon="118.15302179194986820220947265625">
        <ele>24.3999996185302734375</ele>
        <time>2026-08-12T14:11:45.000Z</time>
        <extensions>
          <ns3:TrackPointExtension>
            <ns3:hr>143</ns3:hr>
            <ns3:cad>87</ns3:cad>
          </ns3:TrackPointExtension>
        </extensions>
      </trkpt>
      <trkpt lat="24.4976457394659519195556640625" lon="118.1530081294476985931396484375">
        <ele>24.3999996185302734375</ele>
        <time>2026-08-12T14:11:46.000Z</time>
        <extensions>
          <ns3:TrackPointExtension>
            <ns3:hr>143</ns3:hr>
            <ns3:cad>87</ns3:cad>
          </ns3:TrackPointExtension>
        </extensions>
      </trkpt>
      <trkpt lat="24.497620426118373870849609375" lon="118.15298683941364288330078125">
        <ele>24.3999996185302734375</ele>
        <time>2026-08-12T14:11:47.000Z</time>
        <extensions>
          <ns3:TrackPointExtension>
            <ns3:hr>143</ns3:hr>
            <ns3:cad>88</ns3:cad>
          </ns3:TrackPointExtension>
        </extensions>
      </trkpt>
      <trkpt lat="24.49760324321687221527099609375" lon="118.15296848304569721221923828125">
        <ele>24.3999996185302734375</ele>
        <time>2026-08-12T14:11:48.000Z</time>
        <extensions>
          <ns3:TrackPointExtension>
            <ns3:hr>143</ns3:hr>
            <ns3:cad>88</ns3:cad>
          </ns3:TrackPointExtension>
        </extensions>
      </trkpt>
      <trkpt lat="24.4975877366960048675537109375" lon="118.15295138396322727203369140625">
        <ele>24.3999996185302734375</ele>
        <time>2026-08-12T14:11:49.000Z</time>
        <extensions>
          <ns3:TrackPointExtension>
            <ns3:hr>142</ns3:hr>
            <ns3:cad>88</ns3:cad>
          </ns3:TrackPointExtension>
        </extensions>
      </trkpt>
      <trkpt lat="24.4975729845464229583740234375" lon="118.152926824986934661865234375">
        <ele>24.3999996185302734375</ele>
        <time>2026-08-12T14:11:50.000Z</time>
        <extensions>
          <ns3:TrackPointExtension>
            <ns3:hr>142</ns3:hr>
            <ns3:cad>87</ns3:cad>
          </ns3:TrackPointExtension>
        </extensions>
      </trkpt>
      <trkpt lat="24.49756518937647342681884765625" lon="118.1529035232961177825927734375">
        <ele>24.3999996185302734375</ele>
        <time>2026-08-12T14:11:51.000Z</time>
        <extensions>
          <ns3:TrackPointExtension>
            <ns3:hr>142</ns3:hr>
            <ns3:cad>87</ns3:cad>
          </ns3:TrackPointExtension>
        </extensions>
      </trkpt>
      <trkpt lat="24.497556723654270172119140625" lon="118.15287410281598567962646484375">
        <ele>24.3999996185302734375</ele>
        <time>2026-08-12T14:11:52.000Z</time>
        <extensions>
          <ns3:TrackPointExtension>
            <ns3:hr>142</ns3:hr>
            <ns3:cad>87</ns3:cad>
          </ns3:TrackPointExtension>
        </extensions>
      </trkpt>
      <trkpt lat="24.49754959903657436370849609375" lon="118.1528507173061370849609375">
        <ele>24.3999996185302734375</ele>
        <time>2026-08-12T14:11:53.000Z</time>
        <extensions>
          <ns3:TrackPointExtension>
            <ns3:hr>142</ns3:hr>
            <ns3:cad>86</ns3:cad>
          </ns3:TrackPointExtension>
        </extensions>
      </trkpt>
      <trkpt lat="24.4975418038666248321533203125" lon="118.15282029099762439727783203125">
        <ele>24.3999996185302734375</ele>
        <time>2026-08-12T14:11:54.000Z</time>
        <extensions>
          <ns3:TrackPointExtension>
            <ns3:hr>142</ns3:hr>
            <ns3:cad>88</ns3:cad>
          </ns3:TrackPointExtension>
        </extensions>
      </trkpt>
      <trkpt lat="24.49753585271537303924560546875" lon="118.1527928821742534637451171875">
        <ele>24.3999996185302734375</ele>
        <time>2026-08-12T14:11:55.000Z</time>
        <extensions>
          <ns3:TrackPointExtension>
            <ns3:hr>142</ns3:hr>
            <ns3:cad>88</ns3:cad>
          </ns3:TrackPointExtension>
        </extensions>
      </trkpt>
      <trkpt lat="24.4975240342319011688232421875" lon="118.15276396460831165313720703125">
        <ele>24.3999996185302734375</ele>
        <time>2026-08-12T14:11:56.000Z</time>
        <extensions>
          <ns3:TrackPointExtension>
            <ns3:hr>142</ns3:hr>
            <ns3:cad>88</ns3:cad>
          </ns3:TrackPointExtension>
        </extensions>
      </trkpt>
      <trkpt lat="24.497516490519046783447265625" lon="118.1527355499565601348876953125">
        <ele>24.200000762939453125</ele>
        <time>2026-08-12T14:11:57.000Z</time>
        <extensions>
          <ns3:TrackPointExtension>
            <ns3:hr>141</ns3:hr>
            <ns3:cad>88</ns3:cad>
          </ns3:TrackPointExtension>
        </extensions>
      </trkpt>
      <trkpt lat="24.49750752188265323638916015625" lon="118.1527093984186649322509765625">
        <ele>24.200000762939453125</ele>
        <time>2026-08-12T14:11:58.000Z</time>
        <extensions>
          <ns3:TrackPointExtension>
            <ns3:hr>141</ns3:hr>
            <ns3:cad>87</ns3:cad>
          </ns3:TrackPointExtension>
        </extensions>
      </trkpt>
      <trkpt lat="24.4975012354552745819091796875" lon="118.15268366597592830657958984375">
        <ele>24.200000762939453125</ele>
        <time>2026-08-12T14:11:59.000Z</time>
        <extensions>
          <ns3:TrackPointExtension>
            <ns3:hr>141</ns3:hr>
            <ns3:cad>87</ns3:cad>
          </ns3:TrackPointExtension>
        </extensions>
      </trkpt>
      <trkpt lat="24.49748891405761241912841796875" lon="118.15265852026641368865966796875">
        <ele>24.200000762939453125</ele>
        <time>2026-08-12T14:12:00.000Z</time>
        <extensions>
          <ns3:TrackPointExtension>
            <ns3:hr>141</ns3:hr>
            <ns3:cad>87</ns3:cad>
          </ns3:TrackPointExtension>
        </extensions>
      </trkpt>
      <trkpt lat="24.49747432954609394073486328125" lon="118.15262767486274242401123046875">
        <ele>24.200000762939453125</ele>
        <time>2026-08-12T14:12:01.000Z</time>
        <extensions>
          <ns3:TrackPointExtension>
            <ns3:hr>141</ns3:hr>
            <ns3:cad>87</ns3:cad>
          </ns3:TrackPointExtension>
        </extensions>
      </trkpt>
      <trkpt lat="24.49746184051036834716796875" lon="118.15260454080998897552490234375">
        <ele>24.200000762939453125</ele>
        <time>2026-08-12T14:12:02.000Z</time>
        <extensions>
          <ns3:TrackPointExtension>
            <ns3:hr>141</ns3:hr>
            <ns3:cad>89</ns3:cad>
          </ns3:TrackPointExtension>
        </extensions>
      </trkpt>
      <trkpt lat="24.49744683690369129180908203125" lon="118.1525759585201740264892578125">
        <ele>24.200000762939453125</ele>
        <time>2026-08-12T14:12:03.000Z</time>
        <extensions>
          <ns3:TrackPointExtension>
            <ns3:hr>142</ns3:hr>
            <ns3:cad>89</ns3:cad>
          </ns3:TrackPointExtension>
        </extensions>
      </trkpt>
      <trkpt lat="24.49742537923157215118408203125" lon="118.1525578536093235015869140625">
        <ele>24.200000762939453125</ele>
        <time>2026-08-12T14:12:04.000Z</time>
        <extensions>
          <ns3:TrackPointExtension>
            <ns3:hr>141</ns3:hr>
            <ns3:cad>88</ns3:cad>
          </ns3:TrackPointExtension>
        </extensions>
      </trkpt>
      <trkpt lat="24.49740744195878505706787109375" lon="118.15252457745373249053955078125">
        <ele>24.200000762939453125</ele>
        <time>2026-08-12T14:12:05.000Z</time>
        <extensions>
          <ns3:TrackPointExtension>
            <ns3:hr>141</ns3:hr>
            <ns3:cad>88</ns3:cad>
          </ns3:TrackPointExtension>
        </extensions>
      </trkpt>
      <trkpt lat="24.49738967232406139373779296875" lon="118.1525008566677570343017578125">
        <ele>24.200000762939453125</ele>
        <time>2026-08-12T14:12:06.000Z</time>
        <extensions>
          <ns3:TrackPointExtension>
            <ns3:hr>141</ns3:hr>
            <ns3:cad>88</ns3:cad>
          </ns3:TrackPointExtension>
        </extensions>
      </trkpt>
      <trkpt lat="24.497368633747100830078125" lon="118.1524663232266902923583984375">
        <ele>24.200000762939453125</ele>
        <time>2026-08-12T14:12:07.000Z</time>
        <extensions>
          <ns3:TrackPointExtension>
            <ns3:hr>141</ns3:hr>
            <ns3:cad>87</ns3:cad>
          </ns3:TrackPointExtension>
        </extensions>
      </trkpt>
      <trkpt lat="24.4973523728549480438232421875" lon="118.15244930796325206756591796875">
        <ele>24.200000762939453125</ele>
        <time>2026-08-12T14:12:08.000Z</time>
        <extensions>
          <ns3:TrackPointExtension>
            <ns3:hr>141</ns3:hr>
            <ns3:cad>87</ns3:cad>
          </ns3:TrackPointExtension>
        </extensions>
      </trkpt>
      <trkpt lat="24.49732261709868907928466796875" lon="118.15242516808211803436279296875">
        <ele>24.200000762939453125</ele>
        <time>2026-08-12T14:12:09.000Z</time>
        <extensions>
          <ns3:TrackPointExtension>
            <ns3:hr>141</ns3:hr>
            <ns3:cad>89</ns3:cad>
          </ns3:TrackPointExtension>
        </extensions>
      </trkpt>
      <trkpt lat="24.49730317108333110809326171875" lon="118.1524113379418849945068359375">
        <ele>24</ele>
        <time>2026-08-12T14:12:10.000Z</time>
        <extensions>
          <ns3:TrackPointExtension>
            <ns3:hr>141</ns3:hr>
            <ns3:cad>89</ns3:cad>
          </ns3:TrackPointExtension>
        </extensions>
      </trkpt>
      <trkpt lat="24.497281126677989959716796875" lon="118.1523851864039897918701171875">
        <ele>24</ele>
        <time>2026-08-12T14:12:11.000Z</time>
        <extensions>
          <ns3:TrackPointExtension>
            <ns3:hr>141</ns3:hr>
            <ns3:cad>89</ns3:cad>
          </ns3:TrackPointExtension>
        </extensions>
      </trkpt>
      <trkpt lat="24.49726813472807407379150390625" lon="118.15236750058829784393310546875">
        <ele>24</ele>
        <time>2026-08-12T14:12:12.000Z</time>
        <extensions>
          <ns3:TrackPointExtension>
            <ns3:hr>141</ns3:hr>
            <ns3:cad>89</ns3:cad>
          </ns3:TrackPointExtension>
        </extensions>
      </trkpt>
      <trkpt lat="24.49725321494042873382568359375" lon="118.15234034322202205657958984375">
        <ele>24</ele>
        <time>2026-08-12T14:12:13.000Z</time>
        <extensions>
          <ns3:TrackPointExtension>
            <ns3:hr>141</ns3:hr>
            <ns3:cad>89</ns3:cad>
          </ns3:TrackPointExtension>
        </extensions>
      </trkpt>
      <trkpt lat="24.49724734760820865631103515625" lon="118.15231762826442718505859375">
        <ele>24</ele>
        <time>2026-08-12T14:12:14.000Z</time>
        <extensions>
          <ns3:TrackPointExtension>
            <ns3:hr>142</ns3:hr>
            <ns3:cad>88</ns3:cad>
          </ns3:TrackPointExtension>
        </extensions>
      </trkpt>
      <trkpt lat="24.4972444139420986175537109375" lon="118.152285777032375335693359375">
        <ele>24</ele>
        <time>2026-08-12T14:12:15.000Z</time>
        <extensions>
          <ns3:TrackPointExtension>
            <ns3:hr>141</ns3:hr>
            <ns3:cad>87</ns3:cad>
          </ns3:TrackPointExtension>
        </extensions>
      </trkpt>
      <trkpt lat="24.497249610722064971923828125" lon="118.1522564403712749481201171875">
        <ele>24.200000762939453125</ele>
        <time>2026-08-12T14:12:16.000Z</time>
        <extensions>
          <ns3:TrackPointExtension>
            <ns3:hr>141</ns3:hr>
            <ns3:cad>88</ns3:cad>
          </ns3:TrackPointExtension>
        </extensions>
      </trkpt>
      <trkpt lat="24.49725128710269927978515625" lon="118.15222467295825481414794921875">
        <ele>24.200000762939453125</ele>
        <time>2026-08-12T14:12:17.000Z</time>
        <extensions>
          <ns3:TrackPointExtension>
            <ns3:hr>142</ns3:hr>
            <ns3:cad>88</ns3:cad>
          </ns3:TrackPointExtension>
        </extensions>
      </trkpt>
      <trkpt lat="24.49725505895912647247314453125" lon="118.1521890498697757720947265625">
        <ele>24.200000762939453125</ele>
        <time>2026-08-12T14:12:18.000Z</time>
        <extensions>
          <ns3:TrackPointExtension>
            <ns3:hr>142</ns3:hr>
            <ns3:cad>88</ns3:cad>
          </ns3:TrackPointExtension>
        </extensions>
      </trkpt>
      <trkpt lat="24.49725338257849216461181640625" lon="118.152162730693817138671875">
        <ele>24.200000762939453125</ele>
        <time>2026-08-12T14:12:19.000Z</time>
        <extensions>
          <ns3:TrackPointExtension>
            <ns3:hr>142</ns3:hr>
            <ns3:cad>88</ns3:cad>
          </ns3:TrackPointExtension>
        </extensions>
      </trkpt>
      <trkpt lat="24.49725505895912647247314453125" lon="118.15213247202336788177490234375">
        <ele>24.200000762939453125</ele>
        <time>2026-08-12T14:12:20.000Z</time>
        <extensions>
          <ns3:TrackPointExtension>
            <ns3:hr>142</ns3:hr>
            <ns3:cad>88</ns3:cad>
          </ns3:TrackPointExtension>
        </extensions>
      </trkpt>
      <trkpt lat="24.49725539423525333404541015625" lon="118.152111433446407318115234375">
        <ele>24.200000762939453125</ele>
        <time>2026-08-12T14:12:21.000Z</time>
        <extensions>
          <ns3:TrackPointExtension>
            <ns3:hr>143</ns3:hr>
            <ns3:cad>87</ns3:cad>
          </ns3:TrackPointExtension>
        </extensions>
      </trkpt>
      <trkpt lat="24.4972573220729827880859375" lon="118.15207765437662601470947265625">
        <ele>24.200000762939453125</ele>
        <time>2026-08-12T14:12:22.000Z</time>
        <extensions>
          <ns3:TrackPointExtension>
            <ns3:hr>142</ns3:hr>
            <ns3:cad>87</ns3:cad>
          </ns3:TrackPointExtension>
        </extensions>
      </trkpt>
      <trkpt lat="24.4972554780542850494384765625" lon="118.15205636434257030487060546875">
        <ele>24.200000762939453125</ele>
        <time>2026-08-12T14:12:23.000Z</time>
        <extensions>
          <ns3:TrackPointExtension>
            <ns3:hr>142</ns3:hr>
            <ns3:cad>87</ns3:cad>
          </ns3:TrackPointExtension>
        </extensions>
      </trkpt>
      <trkpt lat="24.49725254438817501068115234375" lon="118.1520240940153598785400390625">
        <ele>24.200000762939453125</ele>
        <time>2026-08-12T14:12:24.000Z</time>
        <extensions>
          <ns3:TrackPointExtension>
            <ns3:hr>143</ns3:hr>
            <ns3:cad>88</ns3:cad>
          </ns3:TrackPointExtension>
        </extensions>
      </trkpt>
      <trkpt lat="24.49725388549268245697021484375" lon="118.15199584700167179107666015625">
        <ele>24.200000762939453125</ele>
        <time>2026-08-12T14:12:25.000Z</time>
        <extensions>
          <ns3:TrackPointExtension>
            <ns3:hr>142</ns3:hr>
            <ns3:cad>89</ns3:cad>
          </ns3:TrackPointExtension>
        </extensions>
      </trkpt>
      <trkpt lat="24.49724592268466949462890625" lon="118.15196894109249114990234375">
        <ele>24.200000762939453125</ele>
        <time>2026-08-12T14:12:26.000Z</time>
        <extensions>
          <ns3:TrackPointExtension>
            <ns3:hr>142</ns3:hr>
            <ns3:cad>89</ns3:cad>
          </ns3:TrackPointExtension>
        </extensions>
      </trkpt>
      <trkpt lat="24.497238211333751678466796875" lon="118.1519385986030101776123046875">
        <ele>24.200000762939453125</ele>
        <time>2026-08-12T14:12:27.000Z</time>
        <extensions>
          <ns3:TrackPointExtension>
            <ns3:hr>143</ns3:hr>
            <ns3:cad>88</ns3:cad>
          </ns3:TrackPointExtension>
        </extensions>
      </trkpt>
      <trkpt lat="24.4972264766693115234375" lon="118.15190867520868778228759765625">
        <ele>24.200000762939453125</ele>
        <time>2026-08-12T14:12:28.000Z</time>
        <extensions>
          <ns3:TrackPointExtension>
            <ns3:hr>142</ns3:hr>
            <ns3:cad>88</ns3:cad>
          </ns3:TrackPointExtension>
        </extensions>
      </trkpt>
      <trkpt lat="24.4972155801951885223388671875" lon="118.151880092918872833251953125">
        <ele>24.3999996185302734375</ele>
        <time>2026-08-12T14:12:29.000Z</time>
        <extensions>
          <ns3:TrackPointExtension>
            <ns3:hr>142</ns3:hr>
            <ns3:cad>87</ns3:cad>
          </ns3:TrackPointExtension>
        </extensions>
      </trkpt>
      <trkpt lat="24.497206024825572967529296875" lon="118.1518581323325634002685546875">
        <ele>24.3999996185302734375</ele>
        <time>2026-08-12T14:12:30.000Z</time>
        <extensions>
          <ns3:TrackPointExtension>
            <ns3:hr>143</ns3:hr>
            <ns3:cad>86</ns3:cad>
          </ns3:TrackPointExtension>
        </extensions>
      </trkpt>
      <trkpt lat="24.49719169177114963531494140625" lon="118.1518246047198772430419921875">
        <ele>24.3999996185302734375</ele>
        <time>2026-08-12T14:12:31.000Z</time>
        <extensions>
          <ns3:TrackPointExtension>
            <ns3:hr>143</ns3:hr>
            <ns3:cad>86</ns3:cad>
          </ns3:TrackPointExtension>
        </extensions>
      </trkpt>
      <trkpt lat="24.49717995710670948028564453125" lon="118.15179727971553802490234375">
        <ele>24.3999996185302734375</ele>
        <time>2026-08-12T14:12:32.000Z</time>
        <extensions>
          <ns3:TrackPointExtension>
            <ns3:hr>144</ns3:hr>
            <ns3:cad>88</ns3:cad>
          </ns3:TrackPointExtension>
        </extensions>
      </trkpt>
      <trkpt lat="24.49716973118484020233154296875" lon="118.151765763759613037109375">
        <ele>24.3999996185302734375</ele>
        <time>2026-08-12T14:12:33.000Z</time>
        <extensions>
          <ns3:TrackPointExtension>
            <ns3:hr>144</ns3:hr>
            <ns3:cad>88</ns3:cad>
          </ns3:TrackPointExtension>
        </extensions>
      </trkpt>
      <trkpt lat="24.49715682305395603179931640625" lon="118.15173936076462268829345703125">
        <ele>24.3999996185302734375</ele>
        <time>2026-08-12T14:12:34.000Z</time>
        <extensions>
          <ns3:TrackPointExtension>
            <ns3:hr>144</ns3:hr>
            <ns3:cad>87</ns3:cad>
          </ns3:TrackPointExtension>
        </extensions>
      </trkpt>
      <trkpt lat="24.49713586829602718353271484375" lon="118.15170935355126857757568359375">
        <ele>24.200000762939453125</ele>
        <time>2026-08-12T14:12:35.000Z</time>
        <extensions>
          <ns3:TrackPointExtension>
            <ns3:hr>144</ns3:hr>
            <ns3:cad>87</ns3:cad>
          </ns3:TrackPointExtension>
        </extensions>
      </trkpt>
      <trkpt lat="24.49712011031806468963623046875" lon="118.15168638713657855987548828125">
        <ele>24.200000762939453125</ele>
        <time>2026-08-12T14:12:36.000Z</time>
        <extensions>
          <ns3:TrackPointExtension>
            <ns3:hr>144</ns3:hr>
            <ns3:cad>87</ns3:cad>
          </ns3:TrackPointExtension>
        </extensions>
      </trkpt>
      <trkpt lat="24.4971025921404361724853515625" lon="118.151656128466129302978515625">
        <ele>24</ele>
        <time>2026-08-12T14:12:37.000Z</time>
        <extensions>
          <ns3:TrackPointExtension>
            <ns3:hr>145</ns3:hr>
            <ns3:cad>87</ns3:cad>
          </ns3:TrackPointExtension>
        </extensions>
      </trkpt>
      <trkpt lat="24.49708641506731510162353515625" lon="118.1516338326036930084228515625">
        <ele>24</ele>
        <time>2026-08-12T14:12:38.000Z</time>
        <extensions>
          <ns3:TrackPointExtension>
            <ns3:hr>145</ns3:hr>
            <ns3:cad>87</ns3:cad>
          </ns3:TrackPointExtension>
        </extensions>
      </trkpt>
      <trkpt lat="24.4970637001097202301025390625" lon="118.15161287784576416015625">
        <ele>24</ele>
        <time>2026-08-12T14:12:39.000Z</time>
        <extensions>
          <ns3:TrackPointExtension>
            <ns3:hr>145</ns3:hr>
            <ns3:cad>89</ns3:cad>
          </ns3:TrackPointExtension>
        </extensions>
      </trkpt>
      <trkpt lat="24.497044086456298828125" lon="118.15158965997397899627685546875">
        <ele>24</ele>
        <time>2026-08-12T14:12:40.000Z</time>
        <extensions>
          <ns3:TrackPointExtension>
            <ns3:hr>145</ns3:hr>
            <ns3:cad>89</ns3:cad>
          </ns3:TrackPointExtension>
        </extensions>
      </trkpt>
      <trkpt lat="24.49702288024127483367919921875" lon="118.1515694595873355865478515625">
        <ele>24</ele>
        <time>2026-08-12T14:12:41.000Z</time>
        <extensions>
          <ns3:TrackPointExtension>
            <ns3:hr>145</ns3:hr>
            <ns3:cad>89</ns3:cad>
          </ns3:TrackPointExtension>
        </extensions>
      </trkpt>
      <trkpt lat="24.49700762517750263214111328125" lon="118.15154154784977436065673828125">
        <ele>24</ele>
        <time>2026-08-12T14:12:42.000Z</time>
        <extensions>
          <ns3:TrackPointExtension>
            <ns3:hr>145</ns3:hr>
            <ns3:cad>89</ns3:cad>
          </ns3:TrackPointExtension>
        </extensions>
      </trkpt>
      <trkpt lat="24.4969919510185718536376953125" lon="118.15151740796864032745361328125">
        <ele>24</ele>
        <time>2026-08-12T14:12:43.000Z</time>
        <extensions>
          <ns3:TrackPointExtension>
            <ns3:hr>146</ns3:hr>
            <ns3:cad>89</ns3:cad>
          </ns3:TrackPointExtension>
        </extensions>
      </trkpt>
      <trkpt lat="24.49698180891573429107666015625" lon="118.15149008296430110931396484375">
        <ele>24</ele>
        <time>2026-08-12T14:12:44.000Z</time>
        <extensions>
          <ns3:TrackPointExtension>
            <ns3:hr>146</ns3:hr>
            <ns3:cad>88</ns3:cad>
          </ns3:TrackPointExtension>
        </extensions>
      </trkpt>
      <trkpt lat="24.49697409756481647491455078125" lon="118.15146627835929393768310546875">
        <ele>24</ele>
        <time>2026-08-12T14:12:45.000Z</time>
        <extensions>
          <ns3:TrackPointExtension>
            <ns3:hr>146</ns3:hr>
            <ns3:cad>87</ns3:cad>
          </ns3:TrackPointExtension>
        </extensions>
      </trkpt>
      <trkpt lat="24.496971666812896728515625" lon="118.1514346785843372344970703125">
        <ele>24</ele>
        <time>2026-08-12T14:12:46.000Z</time>
        <extensions>
          <ns3:TrackPointExtension>
            <ns3:hr>145</ns3:hr>
            <ns3:cad>87</ns3:cad>
          </ns3:TrackPointExtension>
        </extensions>
      </trkpt>
      <trkpt lat="24.49696269817650318145751953125" lon="118.15141347236931324005126953125">
        <ele>24</ele>
        <time>2026-08-12T14:12:47.000Z</time>
        <extensions>
          <ns3:TrackPointExtension>
            <ns3:hr>145</ns3:hr>
            <ns3:cad>87</ns3:cad>
          </ns3:TrackPointExtension>
        </extensions>
      </trkpt>
      <trkpt lat="24.496956579387187957763671875" lon="118.15138262696564197540283203125">
        <ele>24</ele>
        <time>2026-08-12T14:12:48.000Z</time>
        <extensions>
          <ns3:TrackPointExtension>
            <ns3:hr>145</ns3:hr>
            <ns3:cad>88</ns3:cad>
          </ns3:TrackPointExtension>
        </extensions>
      </trkpt>
      <trkpt lat="24.49694819748401641845703125" lon="118.1513615883886814117431640625">
        <ele>24</ele>
        <time>2026-08-12T14:12:49.000Z</time>
        <extensions>
          <ns3:TrackPointExtension>
            <ns3:hr>144</ns3:hr>
            <ns3:cad>89</ns3:cad>
          </ns3:TrackPointExtension>
        </extensions>
      </trkpt>
      <trkpt lat="24.49693880975246429443359375" lon="118.15133049152791500091552734375">
        <ele>23.799999237060546875</ele>
        <time>2026-08-12T14:12:50.000Z</time>
        <extensions>
          <ns3:TrackPointExtension>
            <ns3:hr>143</ns3:hr>
            <ns3:cad>89</ns3:cad>
          </ns3:TrackPointExtension>
        </extensions>
      </trkpt>
      <trkpt lat="24.49693067930638790130615234375" lon="118.15130467526614665985107421875">
        <ele>23.799999237060546875</ele>
        <time>2026-08-12T14:12:51.000Z</time>
        <extensions>
          <ns3:TrackPointExtension>
            <ns3:hr>140</ns3:hr>
            <ns3:cad>89</ns3:cad>
          </ns3:TrackPointExtension>
        </extensions>
      </trkpt>
      <trkpt lat="24.49691944755613803863525390625" lon="118.15127265639603137969970703125">
        <ele>23.799999237060546875</ele>
        <time>2026-08-12T14:12:52.000Z</time>
        <extensions>
          <ns3:TrackPointExtension>
            <ns3:hr>138</ns3:hr>
            <ns3:cad>88</ns3:cad>
          </ns3:TrackPointExtension>
        </extensions>
      </trkpt>
      <trkpt lat="24.4969086349010467529296875" lon="118.1512472592294216156005859375">
        <ele>23.799999237060546875</ele>
        <time>2026-08-12T14:12:53.000Z</time>
        <extensions>
          <ns3:TrackPointExtension>
            <ns3:hr>136</ns3:hr>
            <ns3:cad>87</ns3:cad>
          </ns3:TrackPointExtension>
        </extensions>
      </trkpt>
      <trkpt lat="24.49689446948468685150146484375" lon="118.15121591091156005859375">
        <ele>23.799999237060546875</ele>
        <time>2026-08-12T14:12:54.000Z</time>
        <extensions>
          <ns3:TrackPointExtension>
            <ns3:hr>135</ns3:hr>
            <ns3:cad>87</ns3:cad>
          </ns3:TrackPointExtension>
        </extensions>
      </trkpt>
      <trkpt lat="24.49688273482024669647216796875" lon="118.151187412440776824951171875">
        <ele>23.799999237060546875</ele>
        <time>2026-08-12T14:12:55.000Z</time>
        <extensions>
          <ns3:TrackPointExtension>
            <ns3:hr>133</ns3:hr>
            <ns3:cad>88</ns3:cad>
          </ns3:TrackPointExtension>
        </extensions>
      </trkpt>
      <trkpt lat="24.4968675635755062103271484375" lon="118.15115799196064472198486328125">
        <ele>23.799999237060546875</ele>
        <time>2026-08-12T14:12:56.000Z</time>
        <extensions>
          <ns3:TrackPointExtension>
            <ns3:hr>133</ns3:hr>
            <ns3:cad>88</ns3:cad>
          </ns3:TrackPointExtension>
        </extensions>
      </trkpt>
      <trkpt lat="24.4968507997691631317138671875" lon="118.15112731419503688812255859375">
        <ele>23.799999237060546875</ele>
        <time>2026-08-12T14:12:57.000Z</time>
        <extensions>
          <ns3:TrackPointExtension>
            <ns3:hr>133</ns3:hr>
            <ns3:cad>88</ns3:cad>
          </ns3:TrackPointExtension>
        </extensions>
      </trkpt>
      <trkpt lat="24.49683395214378833770751953125" lon="118.15110065974295139312744140625">
        <ele>23.799999237060546875</ele>
        <time>2026-08-12T14:12:58.000Z</time>
        <extensions>
          <ns3:TrackPointExtension>
            <ns3:hr>134</ns3:hr>
            <ns3:cad>88</ns3:cad>
          </ns3:TrackPointExtension>
        </extensions>
      </trkpt>
      <trkpt lat="24.49681769125163555145263671875" lon="118.15107576549053192138671875">
        <ele>23.799999237060546875</ele>
        <time>2026-08-12T14:12:59.000Z</time>
        <extensions>
          <ns3:TrackPointExtension>
            <ns3:hr>135</ns3:hr>
            <ns3:cad>87</ns3:cad>
          </ns3:TrackPointExtension>
        </extensions>
      </trkpt>
      <trkpt lat="24.4968011789023876190185546875" lon="118.1510517932474613189697265625">
        <ele>23.799999237060546875</ele>
        <time>2026-08-12T14:13:00.000Z</time>
        <extensions>
          <ns3:TrackPointExtension>
            <ns3:hr>136</ns3:hr>
            <ns3:cad>87</ns3:cad>
          </ns3:TrackPointExtension>
        </extensions>
      </trkpt>
      <trkpt lat="24.49678416363894939422607421875" lon="118.1510303355753421783447265625">
        <ele>23.799999237060546875</ele>
        <time>2026-08-12T14:13:01.000Z</time>
        <extensions>
          <ns3:TrackPointExtension>
            <ns3:hr>138</ns3:hr>
            <ns3:cad>87</ns3:cad>
          </ns3:TrackPointExtension>
        </extensions>
      </trkpt>
      <trkpt lat="24.496769495308399200439453125" lon="118.1510078720748424530029296875">
        <ele>23.6000003814697265625</ele>
        <time>2026-08-12T14:13:02.000Z</time>
        <extensions>
          <ns3:TrackPointExtension>
            <ns3:hr>140</ns3:hr>
            <ns3:cad>88</ns3:cad>
          </ns3:TrackPointExtension>
        </extensions>
      </trkpt>
      <trkpt lat="24.49674527160823345184326171875" lon="118.15098859369754791259765625">
        <ele>23.6000003814697265625</ele>
        <time>2026-08-12T14:13:03.000Z</time>
        <extensions>
          <ns3:TrackPointExtension>
            <ns3:hr>141</ns3:hr>
            <ns3:cad>88</ns3:cad>
          </ns3:TrackPointExtension>
        </extensions>
      </trkpt>
      <trkpt lat="24.4967294298112392425537109375" lon="118.15097224898636341094970703125">
        <ele>23.6000003814697265625</ele>
        <time>2026-08-12T14:13:04.000Z</time>
        <extensions>
          <ns3:TrackPointExtension>
            <ns3:hr>142</ns3:hr>
            <ns3:cad>89</ns3:cad>
          </ns3:TrackPointExtension>
        </extensions>
      </trkpt>
      <trkpt lat="24.496708475053310394287109375" lon="118.1509528867900371551513671875">
        <ele>23.6000003814697265625</ele>
        <time>2026-08-12T14:13:05.000Z</time>
        <extensions>
          <ns3:TrackPointExtension>
            <ns3:hr>142</ns3:hr>
            <ns3:cad>89</ns3:cad>
          </ns3:TrackPointExtension>
        </extensions>
      </trkpt>
      <trkpt lat="24.496691040694713592529296875" lon="118.15093972720205783843994140625">
        <ele>23.6000003814697265625</ele>
        <time>2026-08-12T14:13:06.000Z</time>
        <extensions>
          <ns3:TrackPointExtension>
            <ns3:hr>143</ns3:hr>
            <ns3:cad>89</ns3:cad>
          </ns3:TrackPointExtension>
        </extensions>
      </trkpt>
      <trkpt lat="24.496666230261325836181640625" lon="118.1509213708341121673583984375">
        <ele>23.3999996185302734375</ele>
        <time>2026-08-12T14:13:07.000Z</time>
        <extensions>
          <ns3:TrackPointExtension>
            <ns3:hr>144</ns3:hr>
            <ns3:cad>88</ns3:cad>
          </ns3:TrackPointExtension>
        </extensions>
      </trkpt>
      <trkpt lat="24.49664686806499958038330078125" lon="118.1509056128561496734619140625">
        <ele>23.3999996185302734375</ele>
        <time>2026-08-12T14:13:08.000Z</time>
        <extensions>
          <ns3:TrackPointExtension>
            <ns3:hr>144</ns3:hr>
            <ns3:cad>88</ns3:cad>
          </ns3:TrackPointExtension>
        </extensions>
      </trkpt>
      <trkpt lat="24.496623985469341278076171875" lon="118.15088189207017421722412109375">
        <ele>23.3999996185302734375</ele>
        <time>2026-08-12T14:13:09.000Z</time>
        <extensions>
          <ns3:TrackPointExtension>
            <ns3:hr>145</ns3:hr>
            <ns3:cad>87</ns3:cad>
          </ns3:TrackPointExtension>
        </extensions>
      </trkpt>
      <trkpt lat="24.49660445563495159149169921875" lon="118.15085850656032562255859375">
        <ele>23.3999996185302734375</ele>
        <time>2026-08-12T14:13:10.000Z</time>
        <extensions>
          <ns3:TrackPointExtension>
            <ns3:hr>145</ns3:hr>
            <ns3:cad>88</ns3:cad>
          </ns3:TrackPointExtension>
        </extensions>
      </trkpt>
      <trkpt lat="24.4965835846960544586181640625" lon="118.1508382223546504974365234375">
        <ele>23.6000003814697265625</ele>
        <time>2026-08-12T14:13:11.000Z</time>
        <extensions>
          <ns3:TrackPointExtension>
            <ns3:hr>147</ns3:hr>
            <ns3:cad>89</ns3:cad>
          </ns3:TrackPointExtension>
        </extensions>
      </trkpt>
      <trkpt lat="24.49656271375715732574462890625" lon="118.1508177705109119415283203125">
        <ele>23.6000003814697265625</ele>
        <time>2026-08-12T14:13:12.000Z</time>
        <extensions>
          <ns3:TrackPointExtension>
            <ns3:hr>147</ns3:hr>
            <ns3:cad>89</ns3:cad>
          </ns3:TrackPointExtension>
        </extensions>
      </trkpt>
      <trkpt lat="24.49654184281826019287109375" lon="118.150799833238124847412109375">
        <ele>23.6000003814697265625</ele>
        <time>2026-08-12T14:13:13.000Z</time>
        <extensions>
          <ns3:TrackPointExtension>
            <ns3:hr>147</ns3:hr>
            <ns3:cad>88</ns3:cad>
          </ns3:TrackPointExtension>
        </extensions>
      </trkpt>
      <trkpt lat="24.496521055698394775390625" lon="118.15077460370957851409912109375">
        <ele>23.3999996185302734375</ele>
        <time>2026-08-12T14:13:14.000Z</time>
        <extensions>
          <ns3:TrackPointExtension>
            <ns3:hr>147</ns3:hr>
            <ns3:cad>88</ns3:cad>
          </ns3:TrackPointExtension>
        </extensions>
      </trkpt>
      <trkpt lat="24.49650697410106658935546875" lon="118.15075549297034740447998046875">
        <ele>23.3999996185302734375</ele>
        <time>2026-08-12T14:13:15.000Z</time>
        <extensions>
          <ns3:TrackPointExtension>
            <ns3:hr>147</ns3:hr>
            <ns3:cad>88</ns3:cad>
          </ns3:TrackPointExtension>
        </extensions>
      </trkpt>
      <trkpt lat="24.49648928828537464141845703125" lon="118.150725401937961578369140625">
        <ele>23.200000762939453125</ele>
        <time>2026-08-12T14:13:16.000Z</time>
        <extensions>
          <ns3:TrackPointExtension>
            <ns3:hr>147</ns3:hr>
            <ns3:cad>87</ns3:cad>
          </ns3:TrackPointExtension>
        </extensions>
      </trkpt>
      <trkpt lat="24.49647168628871440887451171875" lon="118.15070402808487415313720703125">
        <ele>23.200000762939453125</ele>
        <time>2026-08-12T14:13:17.000Z</time>
        <extensions>
          <ns3:TrackPointExtension>
            <ns3:hr>148</ns3:hr>
            <ns3:cad>87</ns3:cad>
          </ns3:TrackPointExtension>
        </extensions>
      </trkpt>
      <trkpt lat="24.49645458720624446868896484375" lon="118.15067519433796405792236328125">
        <ele>23.200000762939453125</ele>
        <time>2026-08-12T14:13:18.000Z</time>
        <extensions>
          <ns3:TrackPointExtension>
            <ns3:hr>148</ns3:hr>
            <ns3:cad>87</ns3:cad>
          </ns3:TrackPointExtension>
        </extensions>
      </trkpt>
      <trkpt lat="24.49644000269472599029541015625" lon="118.1506541557610034942626953125">
        <ele>23.3999996185302734375</ele>
        <time>2026-08-12T14:13:19.000Z</time>
        <extensions>
          <ns3:TrackPointExtension>
            <ns3:hr>148</ns3:hr>
            <ns3:cad>89</ns3:cad>
          </ns3:TrackPointExtension>
        </extensions>
      </trkpt>
      <trkpt lat="24.49641577899456024169921875" lon="118.15062808804214000701904296875">
        <ele>23.3999996185302734375</ele>
        <time>2026-08-12T14:13:20.000Z</time>
        <extensions>
          <ns3:TrackPointExtension>
            <ns3:hr>148</ns3:hr>
            <ns3:cad>89</ns3:cad>
          </ns3:TrackPointExtension>
        </extensions>
      </trkpt>
      <trkpt lat="24.4963995181024074554443359375" lon="118.15061300061643123626708984375">
        <ele>23.6000003814697265625</ele>
        <time>2026-08-12T14:13:21.000Z</time>
        <extensions>
          <ns3:TrackPointExtension>
            <ns3:hr>148</ns3:hr>
            <ns3:cad>88</ns3:cad>
          </ns3:TrackPointExtension>
        </extensions>
      </trkpt>
      <trkpt lat="24.4963740371167659759521484375" lon="118.150591962039470672607421875">
        <ele>23.6000003814697265625</ele>
        <time>2026-08-12T14:13:22.000Z</time>
        <extensions>
          <ns3:TrackPointExtension>
            <ns3:hr>148</ns3:hr>
            <ns3:cad>88</ns3:cad>
          </ns3:TrackPointExtension>
        </extensions>
      </trkpt>
      <trkpt lat="24.49635568074882030487060546875" lon="118.150574527680873870849609375">
        <ele>23.6000003814697265625</ele>
        <time>2026-08-12T14:13:23.000Z</time>
        <extensions>
          <ns3:TrackPointExtension>
            <ns3:hr>148</ns3:hr>
            <ns3:cad>87</ns3:cad>
          </ns3:TrackPointExtension>
        </extensions>
      </trkpt>
      <trkpt lat="24.496332295238971710205078125" lon="118.1505582667887210845947265625">
        <ele>23.799999237060546875</ele>
        <time>2026-08-12T14:13:24.000Z</time>
        <extensions>
          <ns3:TrackPointExtension>
            <ns3:hr>148</ns3:hr>
            <ns3:cad>87</ns3:cad>
          </ns3:TrackPointExtension>
        </extensions>
      </trkpt>
      <trkpt lat="24.4963123463094234466552734375" lon="118.15054493956267833709716796875">
        <ele>23.799999237060546875</ele>
        <time>2026-08-12T14:13:25.000Z</time>
        <extensions>
          <ns3:TrackPointExtension>
            <ns3:hr>147</ns3:hr>
            <ns3:cad>87</ns3:cad>
          </ns3:TrackPointExtension>
        </extensions>
      </trkpt>
      <trkpt lat="24.4962898828089237213134765625" lon="118.1505324505269527435302734375">
        <ele>23.799999237060546875</ele>
        <time>2026-08-12T14:13:26.000Z</time>
        <extensions>
          <ns3:TrackPointExtension>
            <ns3:hr>147</ns3:hr>
            <ns3:cad>88</ns3:cad>
          </ns3:TrackPointExtension>
        </extensions>
      </trkpt>
      <trkpt lat="24.496263228356838226318359375" lon="118.1505213864147663116455078125">
        <ele>23.799999237060546875</ele>
        <time>2026-08-12T14:13:27.000Z</time>
        <extensions>
          <ns3:TrackPointExtension>
            <ns3:hr>147</ns3:hr>
            <ns3:cad>89</ns3:cad>
          </ns3:TrackPointExtension>
        </extensions>
      </trkpt>
      <trkpt lat="24.4962409324944019317626953125" lon="118.15051325596868991851806640625">
        <ele>23.799999237060546875</ele>
        <time>2026-08-12T14:13:28.000Z</time>
        <extensions>
          <ns3:TrackPointExtension>
            <ns3:hr>147</ns3:hr>
            <ns3:cad>89</ns3:cad>
          </ns3:TrackPointExtension>
        </extensions>
      </trkpt>
      <trkpt lat="24.49621327221393585205078125" lon="118.15049917437136173248291015625">
        <ele>23.799999237060546875</ele>
        <time>2026-08-12T14:13:29.000Z</time>
        <extensions>
          <ns3:TrackPointExtension>
            <ns3:hr>147</ns3:hr>
            <ns3:cad>89</ns3:cad>
          </ns3:TrackPointExtension>
        </extensions>
      </trkpt>
      <trkpt lat="24.496192149817943572998046875" lon="118.1504945643246173858642578125">
        <ele>23.799999237060546875</ele>
        <time>2026-08-12T14:13:30.000Z</time>
        <extensions>
          <ns3:TrackPointExtension>
            <ns3:hr>147</ns3:hr>
            <ns3:cad>88</ns3:cad>
          </ns3:TrackPointExtension>
        </extensions>
      </trkpt>
      <trkpt lat="24.49616306461393833160400390625" lon="118.150486014783382415771484375">
        <ele>23.6000003814697265625</ele>
        <time>2026-08-12T14:13:31.000Z</time>
        <extensions>
          <ns3:TrackPointExtension>
            <ns3:hr>147</ns3:hr>
            <ns3:cad>88</ns3:cad>
          </ns3:TrackPointExtension>
        </extensions>
      </trkpt>
      <trkpt lat="24.4961413554847240447998046875" lon="118.1504835002124309539794921875">
        <ele>23.6000003814697265625</ele>
        <time>2026-08-12T14:13:32.000Z</time>
        <extensions>
          <ns3:TrackPointExtension>
            <ns3:hr>147</ns3:hr>
            <ns3:cad>87</ns3:cad>
          </ns3:TrackPointExtension>
        </extensions>
      </trkpt>
      <trkpt lat="24.4961120188236236572265625" lon="118.15047134645283222198486328125">
        <ele>23.6000003814697265625</ele>
        <time>2026-08-12T14:13:33.000Z</time>
        <extensions>
          <ns3:TrackPointExtension>
            <ns3:hr>146</ns3:hr>
            <ns3:cad>87</ns3:cad>
          </ns3:TrackPointExtension>
        </extensions>
      </trkpt>
      <trkpt lat="24.49608930386602878570556640625" lon="118.1504647247493267059326171875">
        <ele>23.6000003814697265625</ele>
        <time>2026-08-12T14:13:34.000Z</time>
        <extensions>
          <ns3:TrackPointExtension>
            <ns3:hr>147</ns3:hr>
            <ns3:cad>88</ns3:cad>
          </ns3:TrackPointExtension>
        </extensions>
      </trkpt>
      <trkpt lat="24.49606147594749927520751953125" lon="118.15044620074331760406494140625">
        <ele>23.799999237060546875</ele>
        <time>2026-08-12T14:13:35.000Z</time>
        <extensions>
          <ns3:TrackPointExtension>
            <ns3:hr>146</ns3:hr>
            <ns3:cad>88</ns3:cad>
          </ns3:TrackPointExtension>
        </extensions>
      </trkpt>
      <trkpt lat="24.496043622493743896484375" lon="118.1504342146217823028564453125">
        <ele>23.6000003814697265625</ele>
        <time>2026-08-12T14:13:36.000Z</time>
        <extensions>
          <ns3:TrackPointExtension>
            <ns3:hr>146</ns3:hr>
            <ns3:cad>88</ns3:cad>
          </ns3:TrackPointExtension>
        </extensions>
      </trkpt>
      <trkpt lat="24.49601478874683380126953125" lon="118.150423653423786163330078125">
        <ele>23.6000003814697265625</ele>
        <time>2026-08-12T14:13:37.000Z</time>
        <extensions>
          <ns3:TrackPointExtension>
            <ns3:hr>146</ns3:hr>
            <ns3:cad>88</ns3:cad>
          </ns3:TrackPointExtension>
        </extensions>
      </trkpt>
      <trkpt lat="24.4959931634366512298583984375" lon="118.15041552297770977020263671875">
        <ele>23.799999237060546875</ele>
        <time>2026-08-12T14:13:38.000Z</time>
        <extensions>
          <ns3:TrackPointExtension>
            <ns3:hr>146</ns3:hr>
            <ns3:cad>88</ns3:cad>
          </ns3:TrackPointExtension>
        </extensions>
      </trkpt>
      <trkpt lat="24.495967514812946319580078125" lon="118.150403201580047607421875">
        <ele>23.6000003814697265625</ele>
        <time>2026-08-12T14:13:39.000Z</time>
        <extensions>
          <ns3:TrackPointExtension>
            <ns3:hr>146</ns3:hr>
            <ns3:cad>87</ns3:cad>
          </ns3:TrackPointExtension>
        </extensions>
      </trkpt>
      <trkpt lat="24.495944045484066009521484375" lon="118.15039155073463916778564453125">
        <ele>23.6000003814697265625</ele>
        <time>2026-08-12T14:13:40.000Z</time>
        <extensions>
          <ns3:TrackPointExtension>
            <ns3:hr>145</ns3:hr>
            <ns3:cad>88</ns3:cad>
          </ns3:TrackPointExtension>
        </extensions>
      </trkpt>
      <trkpt lat="24.495920240879058837890625" lon="118.15038115717470645904541015625">
        <ele>23.6000003814697265625</ele>
        <time>2026-08-12T14:13:41.000Z</time>
        <extensions>
          <ns3:TrackPointExtension>
            <ns3:hr>146</ns3:hr>
            <ns3:cad>88</ns3:cad>
          </ns3:TrackPointExtension>
        </extensions>
      </trkpt>
      <trkpt lat="24.49589735828340053558349609375" lon="118.15036405809223651885986328125">
        <ele>23.6000003814697265625</ele>
        <time>2026-08-12T14:13:42.000Z</time>
        <extensions>
          <ns3:TrackPointExtension>
            <ns3:hr>145</ns3:hr>
            <ns3:cad>88</ns3:cad>
          </ns3:TrackPointExtension>
        </extensions>
      </trkpt>
      <trkpt lat="24.495874308049678802490234375" lon="118.1503534130752086639404296875">
        <ele>23.6000003814697265625</ele>
        <time>2026-08-12T14:13:43.000Z</time>
        <extensions>
          <ns3:TrackPointExtension>
            <ns3:hr>145</ns3:hr>
            <ns3:cad>88</ns3:cad>
          </ns3:TrackPointExtension>
        </extensions>
      </trkpt>
      <trkpt lat="24.4958486594259738922119140625" lon="118.150339163839817047119140625">
        <ele>23.6000003814697265625</ele>
        <time>2026-08-12T14:13:44.000Z</time>
        <extensions>
          <ns3:TrackPointExtension>
            <ns3:hr>145</ns3:hr>
            <ns3:cad>88</ns3:cad>
          </ns3:TrackPointExtension>
        </extensions>
      </trkpt>
      <trkpt lat="24.495826028287410736083984375" lon="118.150328099727630615234375">
        <ele>23.6000003814697265625</ele>
        <time>2026-08-12T14:13:45.000Z</time>
        <extensions>
          <ns3:TrackPointExtension>
            <ns3:hr>146</ns3:hr>
            <ns3:cad>88</ns3:cad>
          </ns3:TrackPointExtension>
        </extensions>
      </trkpt>
      <trkpt lat="24.49579996056854724884033203125" lon="118.1503118388354778289794921875">
        <ele>23.6000003814697265625</ele>
        <time>2026-08-12T14:13:46.000Z</time>
        <extensions>
          <ns3:TrackPointExtension>
            <ns3:hr>145</ns3:hr>
            <ns3:cad>88</ns3:cad>
          </ns3:TrackPointExtension>
        </extensions>
      </trkpt>
      <trkpt lat="24.4957782514393329620361328125" lon="118.1503034569323062896728515625">
        <ele>23.6000003814697265625</ele>
        <time>2026-08-12T14:13:47.000Z</time>
        <extensions>
          <ns3:TrackPointExtension>
            <ns3:hr>145</ns3:hr>
            <ns3:cad>87</ns3:cad>
          </ns3:TrackPointExtension>
        </extensions>
      </trkpt>
      <trkpt lat="24.49575151316821575164794921875" lon="118.15028375945985317230224609375">
        <ele>23.6000003814697265625</ele>
        <time>2026-08-12T14:13:48.000Z</time>
        <extensions>
          <ns3:TrackPointExtension>
            <ns3:hr>146</ns3:hr>
            <ns3:cad>89</ns3:cad>
          </ns3:TrackPointExtension>
        </extensions>
      </trkpt>
      <trkpt lat="24.49573039077222347259521484375" lon="118.15027856267988681793212890625">
        <ele>23.3999996185302734375</ele>
        <time>2026-08-12T14:13:49.000Z</time>
        <extensions>
          <ns3:TrackPointExtension>
            <ns3:hr>145</ns3:hr>
            <ns3:cad>89</ns3:cad>
          </ns3:TrackPointExtension>
        </extensions>
      </trkpt>
      <trkpt lat="24.49569904245436191558837890625" lon="118.1502672471106052398681640625">
        <ele>23.3999996185302734375</ele>
        <time>2026-08-12T14:13:50.000Z</time>
        <extensions>
          <ns3:TrackPointExtension>
            <ns3:hr>145</ns3:hr>
            <ns3:cad>89</ns3:cad>
          </ns3:TrackPointExtension>
        </extensions>
      </trkpt>
      <trkpt lat="24.4956800155341625213623046875" lon="118.15026045776903629302978515625">
        <ele>23.3999996185302734375</ele>
        <time>2026-08-12T14:13:51.000Z</time>
        <extensions>
          <ns3:TrackPointExtension>
            <ns3:hr>145</ns3:hr>
            <ns3:cad>88</ns3:cad>
          </ns3:TrackPointExtension>
        </extensions>
      </trkpt>
      <trkpt lat="24.49564690701663494110107421875" lon="118.1502558477222919464111328125">
        <ele>23.3999996185302734375</ele>
        <time>2026-08-12T14:13:52.000Z</time>
        <extensions>
          <ns3:TrackPointExtension>
            <ns3:hr>145</ns3:hr>
            <ns3:cad>88</ns3:cad>
          </ns3:TrackPointExtension>
        </extensions>
      </trkpt>
      <trkpt lat="24.49562679044902324676513671875" lon="118.15025459043681621551513671875">
        <ele>23.3999996185302734375</ele>
        <time>2026-08-12T14:13:53.000Z</time>
        <extensions>
          <ns3:TrackPointExtension>
            <ns3:hr>145</ns3:hr>
            <ns3:cad>88</ns3:cad>
          </ns3:TrackPointExtension>
        </extensions>
      </trkpt>
      <trkpt lat="24.4955982081592082977294921875" lon="118.15025006420910358428955078125">
        <ele>23.200000762939453125</ele>
        <time>2026-08-12T14:13:54.000Z</time>
        <extensions>
          <ns3:TrackPointExtension>
            <ns3:hr>145</ns3:hr>
            <ns3:cad>87</ns3:cad>
          </ns3:TrackPointExtension>
        </extensions>
      </trkpt>
      <trkpt lat="24.49557113461196422576904296875" lon="118.15024637617170810699462890625">
        <ele>23.200000762939453125</ele>
        <time>2026-08-12T14:13:55.000Z</time>
        <extensions>
          <ns3:TrackPointExtension>
            <ns3:hr>144</ns3:hr>
            <ns3:cad>87</ns3:cad>
          </ns3:TrackPointExtension>
        </extensions>
      </trkpt>
      <trkpt lat="24.4955465756356716156005859375" lon="118.15024293959140777587890625">
        <ele>23.3999996185302734375</ele>
        <time>2026-08-12T14:13:56.000Z</time>
        <extensions>
          <ns3:TrackPointExtension>
            <ns3:hr>144</ns3:hr>
            <ns3:cad>87</ns3:cad>
          </ns3:TrackPointExtension>
        </extensions>
      </trkpt>
      <trkpt lat="24.49551883153617382049560546875" lon="118.15023615024983882904052734375">
        <ele>23.3999996185302734375</ele>
        <time>2026-08-12T14:13:57.000Z</time>
        <extensions>
          <ns3:TrackPointExtension>
            <ns3:hr>144</ns3:hr>
            <ns3:cad>88</ns3:cad>
          </ns3:TrackPointExtension>
        </extensions>
      </trkpt>
      <trkpt lat="24.49549351818859577178955078125" lon="118.15023598261177539825439453125">
        <ele>23.3999996185302734375</ele>
        <time>2026-08-12T14:13:58.000Z</time>
        <extensions>
          <ns3:TrackPointExtension>
            <ns3:hr>144</ns3:hr>
            <ns3:cad>88</ns3:cad>
          </ns3:TrackPointExtension>
        </extensions>
      </trkpt>
      <trkpt lat="24.495466612279415130615234375" lon="118.15022726543247699737548828125">
        <ele>23.3999996185302734375</ele>
        <time>2026-08-12T14:13:59.000Z</time>
        <extensions>
          <ns3:TrackPointExtension>
            <ns3:hr>144</ns3:hr>
            <ns3:cad>88</ns3:cad>
          </ns3:TrackPointExtension>
        </extensions>
      </trkpt>
      <trkpt lat="24.4954441487789154052734375" lon="118.1502266786992549896240234375">
        <ele>23.3999996185302734375</ele>
        <time>2026-08-12T14:14:00.000Z</time>
        <extensions>
          <ns3:TrackPointExtension>
            <ns3:hr>144</ns3:hr>
            <ns3:cad>88</ns3:cad>
          </ns3:TrackPointExtension>
        </extensions>
      </trkpt>
      <trkpt lat="24.4954151473939418792724609375" lon="118.15021737478673458099365234375">
        <ele>23.3999996185302734375</ele>
        <time>2026-08-12T14:14:01.000Z</time>
        <extensions>
          <ns3:TrackPointExtension>
            <ns3:hr>144</ns3:hr>
            <ns3:cad>88</ns3:cad>
          </ns3:TrackPointExtension>
        </extensions>
      </trkpt>
      <trkpt lat="24.49539444409310817718505859375" lon="118.15021754242479801177978515625">
        <ele>23.6000003814697265625</ele>
        <time>2026-08-12T14:14:02.000Z</time>
        <extensions>
          <ns3:TrackPointExtension>
            <ns3:hr>144</ns3:hr>
            <ns3:cad>87</ns3:cad>
          </ns3:TrackPointExtension>
        </extensions>
      </trkpt>
      <trkpt lat="24.49536561034619808197021484375" lon="118.150209747254848480224609375">
        <ele>23.6000003814697265625</ele>
        <time>2026-08-12T14:14:03.000Z</time>
        <extensions>
          <ns3:TrackPointExtension>
            <ns3:hr>144</ns3:hr>
            <ns3:cad>87</ns3:cad>
          </ns3:TrackPointExtension>
        </extensions>
      </trkpt>
      <trkpt lat="24.495345912873744964599609375" lon="118.1502092443406581878662109375">
        <ele>23.6000003814697265625</ele>
        <time>2026-08-12T14:14:04.000Z</time>
        <extensions>
          <ns3:TrackPointExtension>
            <ns3:hr>144</ns3:hr>
            <ns3:cad>87</ns3:cad>
          </ns3:TrackPointExtension>
        </extensions>
      </trkpt>
      <trkpt lat="24.4953172467648983001708984375" lon="118.150203041732311248779296875">
        <ele>23.6000003814697265625</ele>
        <time>2026-08-12T14:14:05.000Z</time>
        <extensions>
          <ns3:TrackPointExtension>
            <ns3:hr>144</ns3:hr>
            <ns3:cad>88</ns3:cad>
          </ns3:TrackPointExtension>
        </extensions>
      </trkpt>
      <trkpt lat="24.49529419653117656707763671875" lon="118.15020111389458179473876953125">
        <ele>23.6000003814697265625</ele>
        <time>2026-08-12T14:14:06.000Z</time>
        <extensions>
          <ns3:TrackPointExtension>
            <ns3:hr>143</ns3:hr>
            <ns3:cad>88</ns3:cad>
          </ns3:TrackPointExtension>
        </extensions>
      </trkpt>
      <trkpt lat="24.49526519514620304107666015625" lon="118.1501931510865688323974609375">
        <ele>23.3999996185302734375</ele>
        <time>2026-08-12T14:14:07.000Z</time>
        <extensions>
          <ns3:TrackPointExtension>
            <ns3:hr>144</ns3:hr>
            <ns3:cad>88</ns3:cad>
          </ns3:TrackPointExtension>
        </extensions>
      </trkpt>
      <trkpt lat="24.4952404685318470001220703125" lon="118.15018099732697010040283203125">
        <ele>23.3999996185302734375</ele>
        <time>2026-08-12T14:14:08.000Z</time>
        <extensions>
          <ns3:TrackPointExtension>
            <ns3:hr>143</ns3:hr>
            <ns3:cad>88</ns3:cad>
          </ns3:TrackPointExtension>
        </extensions>
      </trkpt>
      <trkpt lat="24.495211802423000335693359375" lon="118.15017521381378173828125">
        <ele>23.3999996185302734375</ele>
        <time>2026-08-12T14:14:09.000Z</time>
        <extensions>
          <ns3:TrackPointExtension>
            <ns3:hr>143</ns3:hr>
            <ns3:cad>88</ns3:cad>
          </ns3:TrackPointExtension>
        </extensions>
      </trkpt>
      <trkpt lat="24.49518556706607341766357421875" lon="118.15016993321478366851806640625">
        <ele>23.6000003814697265625</ele>
        <time>2026-08-12T14:14:10.000Z</time>
        <extensions>
          <ns3:TrackPointExtension>
            <ns3:hr>143</ns3:hr>
            <ns3:cad>87</ns3:cad>
          </ns3:TrackPointExtension>
        </extensions>
      </trkpt>
      <trkpt lat="24.49516117572784423828125" lon="118.15016448497772216796875">
        <ele>23.6000003814697265625</ele>
        <time>2026-08-12T14:14:11.000Z</time>
        <extensions>
          <ns3:TrackPointExtension>
            <ns3:hr>144</ns3:hr>
            <ns3:cad>87</ns3:cad>
          </ns3:TrackPointExtension>
        </extensions>
      </trkpt>
      <trkpt lat="24.4951372034847736358642578125" lon="118.1501566059887409210205078125">
        <ele>23.6000003814697265625</ele>
        <time>2026-08-12T14:14:12.000Z</time>
        <extensions>
          <ns3:TrackPointExtension>
            <ns3:hr>143</ns3:hr>
            <ns3:cad>87</ns3:cad>
          </ns3:TrackPointExtension>
        </extensions>
      </trkpt>
      <trkpt lat="24.49510811828076839447021484375" lon="118.15015769563615322113037109375">
        <ele>23.6000003814697265625</ele>
        <time>2026-08-12T14:14:13.000Z</time>
        <extensions>
          <ns3:TrackPointExtension>
            <ns3:hr>143</ns3:hr>
            <ns3:cad>89</ns3:cad>
          </ns3:TrackPointExtension>
        </extensions>
      </trkpt>
      <trkpt lat="24.49507811106741428375244140625" lon="118.15015400759875774383544921875">
        <ele>23.6000003814697265625</ele>
        <time>2026-08-12T14:14:14.000Z</time>
        <extensions>
          <ns3:TrackPointExtension>
            <ns3:hr>143</ns3:hr>
            <ns3:cad>89</ns3:cad>
          </ns3:TrackPointExtension>
        </extensions>
      </trkpt>
      <trkpt lat="24.4950527139008045196533203125" lon="118.150150068104267120361328125">
        <ele>23.6000003814697265625</ele>
        <time>2026-08-12T14:14:15.000Z</time>
        <extensions>
          <ns3:TrackPointExtension>
            <ns3:hr>143</ns3:hr>
            <ns3:cad>89</ns3:cad>
          </ns3:TrackPointExtension>
        </extensions>
      </trkpt>
      <trkpt lat="24.49502111412584781646728515625" lon="118.150145374238491058349609375">
        <ele>23.799999237060546875</ele>
        <time>2026-08-12T14:14:16.000Z</time>
        <extensions>
          <ns3:TrackPointExtension>
            <ns3:hr>143</ns3:hr>
            <ns3:cad>89</ns3:cad>
          </ns3:TrackPointExtension>
        </extensions>
      </trkpt>
      <trkpt lat="24.49499529786407947540283203125" lon="118.1501445360481739044189453125">
        <ele>23.799999237060546875</ele>
        <time>2026-08-12T14:14:17.000Z</time>
        <extensions>
          <ns3:TrackPointExtension>
            <ns3:hr>143</ns3:hr>
            <ns3:cad>88</ns3:cad>
          </ns3:TrackPointExtension>
        </extensions>
      </trkpt>
      <trkpt lat="24.49496361427009105682373046875" lon="118.1501361541450023651123046875">
        <ele>23.799999237060546875</ele>
        <time>2026-08-12T14:14:18.000Z</time>
        <extensions>
          <ns3:TrackPointExtension>
            <ns3:hr>144</ns3:hr>
            <ns3:cad>88</ns3:cad>
          </ns3:TrackPointExtension>
        </extensions>
      </trkpt>
      <trkpt lat="24.49494064785540103912353515625" lon="118.1501368246972560882568359375">
        <ele>23.799999237060546875</ele>
        <time>2026-08-12T14:14:19.000Z</time>
        <extensions>
          <ns3:TrackPointExtension>
            <ns3:hr>144</ns3:hr>
            <ns3:cad>88</ns3:cad>
          </ns3:TrackPointExtension>
        </extensions>
      </trkpt>
      <trkpt lat="24.49490628205239772796630859375" lon="118.1501311250030994415283203125">
        <ele>23.799999237060546875</ele>
        <time>2026-08-12T14:14:20.000Z</time>
        <extensions>
          <ns3:TrackPointExtension>
            <ns3:hr>144</ns3:hr>
            <ns3:cad>88</ns3:cad>
          </ns3:TrackPointExtension>
        </extensions>
      </trkpt>
      <trkpt lat="24.4948807172477245330810546875" lon="118.15013322047889232635498046875">
        <ele>23.799999237060546875</ele>
        <time>2026-08-12T14:14:21.000Z</time>
        <extensions>
          <ns3:TrackPointExtension>
            <ns3:hr>144</ns3:hr>
            <ns3:cad>89</ns3:cad>
          </ns3:TrackPointExtension>
        </extensions>
      </trkpt>
      <trkpt lat="24.49485112912952899932861328125" lon="118.1501294486224651336669921875">
        <ele>23.799999237060546875</ele>
        <time>2026-08-12T14:14:22.000Z</time>
        <extensions>
          <ns3:TrackPointExtension>
            <ns3:hr>144</ns3:hr>
            <ns3:cad>89</ns3:cad>
          </ns3:TrackPointExtension>
        </extensions>
      </trkpt>
      <trkpt lat="24.49482464231550693511962890625" lon="118.15012718550860881805419921875">
        <ele>23.6000003814697265625</ele>
        <time>2026-08-12T14:14:23.000Z</time>
        <extensions>
          <ns3:TrackPointExtension>
            <ns3:hr>144</ns3:hr>
            <ns3:cad>88</ns3:cad>
          </ns3:TrackPointExtension>
        </extensions>
      </trkpt>
      <trkpt lat="24.4947992451488971710205078125" lon="118.1501247547566890716552734375">
        <ele>23.6000003814697265625</ele>
        <time>2026-08-12T14:14:24.000Z</time>
        <extensions>
          <ns3:TrackPointExtension>
            <ns3:hr>145</ns3:hr>
            <ns3:cad>88</ns3:cad>
          </ns3:TrackPointExtension>
        </extensions>
      </trkpt>
      <trkpt lat="24.494774602353572845458984375" lon="118.15011913888156414031982421875">
        <ele>23.6000003814697265625</ele>
        <time>2026-08-12T14:14:25.000Z</time>
        <extensions>
          <ns3:TrackPointExtension>
            <ns3:hr>145</ns3:hr>
            <ns3:cad>87</ns3:cad>
          </ns3:TrackPointExtension>
        </extensions>
      </trkpt>
      <trkpt lat="24.49474752880632877349853515625" lon="118.150120563805103302001953125">
        <ele>23.6000003814697265625</ele>
        <time>2026-08-12T14:14:26.000Z</time>
        <extensions>
          <ns3:TrackPointExtension>
            <ns3:hr>145</ns3:hr>
            <ns3:cad>87</ns3:cad>
          </ns3:TrackPointExtension>
        </extensions>
      </trkpt>
      <trkpt lat="24.49472238309681415557861328125" lon="118.1501123495399951934814453125">
        <ele>23.6000003814697265625</ele>
        <time>2026-08-12T14:14:27.000Z</time>
        <extensions>
          <ns3:TrackPointExtension>
            <ns3:hr>145</ns3:hr>
            <ns3:cad>87</ns3:cad>
          </ns3:TrackPointExtension>
        </extensions>
      </trkpt>
      <trkpt lat="24.49469874612987041473388671875" lon="118.15010405145585536956787109375">
        <ele>23.6000003814697265625</ele>
        <time>2026-08-12T14:14:28.000Z</time>
        <extensions>
          <ns3:TrackPointExtension>
            <ns3:hr>145</ns3:hr>
            <ns3:cad>88</ns3:cad>
          </ns3:TrackPointExtension>
        </extensions>
      </trkpt>
      <trkpt lat="24.4946678169071674346923828125" lon="118.1500922329723834991455078125">
        <ele>23.6000003814697265625</ele>
        <time>2026-08-12T14:14:29.000Z</time>
        <extensions>
          <ns3:TrackPointExtension>
            <ns3:hr>144</ns3:hr>
            <ns3:cad>88</ns3:cad>
          </ns3:TrackPointExtension>
        </extensions>
      </trkpt>
      <trkpt lat="24.49464426375925540924072265625" lon="118.15008603036403656005859375">
        <ele>23.6000003814697265625</ele>
        <time>2026-08-12T14:14:30.000Z</time>
        <extensions>
          <ns3:TrackPointExtension>
            <ns3:hr>144</ns3:hr>
            <ns3:cad>88</ns3:cad>
          </ns3:TrackPointExtension>
        </extensions>
      </trkpt>
      <trkpt lat="24.4946088083088397979736328125" lon="118.1500734575092792510986328125">
        <ele>23.6000003814697265625</ele>
        <time>2026-08-12T14:14:31.000Z</time>
        <extensions>
          <ns3:TrackPointExtension>
            <ns3:hr>144</ns3:hr>
            <ns3:cad>88</ns3:cad>
          </ns3:TrackPointExtension>
        </extensions>
      </trkpt>
      <trkpt lat="24.4945831596851348876953125" lon="118.150070272386074066162109375">
        <ele>23.6000003814697265625</ele>
        <time>2026-08-12T14:14:32.000Z</time>
        <extensions>
          <ns3:TrackPointExtension>
            <ns3:hr>145</ns3:hr>
            <ns3:cad>88</ns3:cad>
          </ns3:TrackPointExtension>
        </extensions>
      </trkpt>
      <trkpt lat="24.4945558346807956695556640625" lon="118.150065243244171142578125">
        <ele>23.6000003814697265625</ele>
        <time>2026-08-12T14:14:33.000Z</time>
        <extensions>
          <ns3:TrackPointExtension>
            <ns3:hr>145</ns3:hr>
            <ns3:cad>87</ns3:cad>
          </ns3:TrackPointExtension>
        </extensions>
      </trkpt>
      <trkpt lat="24.49453446082770824432373046875" lon="118.15006767399609088897705078125">
        <ele>23.799999237060546875</ele>
        <time>2026-08-12T14:14:34.000Z</time>
        <extensions>
          <ns3:TrackPointExtension>
            <ns3:hr>145</ns3:hr>
            <ns3:cad>87</ns3:cad>
          </ns3:TrackPointExtension>
        </extensions>
      </trkpt>
      <trkpt lat="24.4945025257766246795654296875" lon="118.150064907968044281005859375">
        <ele>23.799999237060546875</ele>
        <time>2026-08-12T14:14:35.000Z</time>
        <extensions>
          <ns3:TrackPointExtension>
            <ns3:hr>145</ns3:hr>
            <ns3:cad>88</ns3:cad>
          </ns3:TrackPointExtension>
        </extensions>
      </trkpt>
      <trkpt lat="24.494481571018695831298828125" lon="118.15007136203348636627197265625">
        <ele>23.6000003814697265625</ele>
        <time>2026-08-12T14:14:36.000Z</time>
        <extensions>
          <ns3:TrackPointExtension>
            <ns3:hr>146</ns3:hr>
            <ns3:cad>89</ns3:cad>
          </ns3:TrackPointExtension>
        </extensions>
      </trkpt>
      <trkpt lat="24.4944502227008342742919921875" lon="118.15007823519408702850341796875">
        <ele>23.6000003814697265625</ele>
        <time>2026-08-12T14:14:37.000Z</time>
        <extensions>
          <ns3:TrackPointExtension>
            <ns3:hr>146</ns3:hr>
            <ns3:cad>89</ns3:cad>
          </ns3:TrackPointExtension>
        </extensions>
      </trkpt>
      <trkpt lat="24.49442314915359020233154296875" lon="118.15007865428924560546875">
        <ele>23.6000003814697265625</ele>
        <time>2026-08-12T14:14:38.000Z</time>
        <extensions>
          <ns3:TrackPointExtension>
            <ns3:hr>146</ns3:hr>
            <ns3:cad>89</ns3:cad>
          </ns3:TrackPointExtension>
        </extensions>
      </trkpt>
      <trkpt lat="24.4943895377218723297119140625" lon="118.15007655881345272064208984375">
        <ele>23.3999996185302734375</ele>
        <time>2026-08-12T14:14:39.000Z</time>
        <extensions>
          <ns3:TrackPointExtension>
            <ns3:hr>146</ns3:hr>
            <ns3:cad>89</ns3:cad>
          </ns3:TrackPointExtension>
        </extensions>
      </trkpt>
      <trkpt lat="24.49436229653656482696533203125" lon="118.15007052384316921234130859375">
        <ele>23.6000003814697265625</ele>
        <time>2026-08-12T14:14:40.000Z</time>
        <extensions>
          <ns3:TrackPointExtension>
            <ns3:hr>145</ns3:hr>
            <ns3:cad>88</ns3:cad>
          </ns3:TrackPointExtension>
        </extensions>
      </trkpt>
      <trkpt lat="24.49433438479900360107421875" lon="118.15006784163415431976318359375">
        <ele>23.6000003814697265625</ele>
        <time>2026-08-12T14:14:41.000Z</time>
        <extensions>
          <ns3:TrackPointExtension>
            <ns3:hr>146</ns3:hr>
            <ns3:cad>87</ns3:cad>
          </ns3:TrackPointExtension>
        </extensions>
      </trkpt>
      <trkpt lat="24.49430488049983978271484375" lon="118.15006256103515625">
        <ele>23.6000003814697265625</ele>
        <time>2026-08-12T14:14:42.000Z</time>
        <extensions>
          <ns3:TrackPointExtension>
            <ns3:hr>145</ns3:hr>
            <ns3:cad>87</ns3:cad>
          </ns3:TrackPointExtension>
        </extensions>
      </trkpt>
      <trkpt lat="24.4942809082567691802978515625" lon="118.150062896311283111572265625">
        <ele>23.6000003814697265625</ele>
        <time>2026-08-12T14:14:43.000Z</time>
        <extensions>
          <ns3:TrackPointExtension>
            <ns3:hr>145</ns3:hr>
            <ns3:cad>88</ns3:cad>
          </ns3:TrackPointExtension>
        </extensions>
      </trkpt>
      <trkpt lat="24.49425249360501766204833984375" lon="118.15006063319742679595947265625">
        <ele>23.6000003814697265625</ele>
        <time>2026-08-12T14:14:44.000Z</time>
        <extensions>
          <ns3:TrackPointExtension>
            <ns3:hr>145</ns3:hr>
            <ns3:cad>89</ns3:cad>
          </ns3:TrackPointExtension>
        </extensions>
      </trkpt>
      <trkpt lat="24.4942312873899936676025390625" lon="118.15006013028323650360107421875">
        <ele>23.6000003814697265625</ele>
        <time>2026-08-12T14:14:45.000Z</time>
        <extensions>
          <ns3:TrackPointExtension>
            <ns3:hr>146</ns3:hr>
            <ns3:cad>89</ns3:cad>
          </ns3:TrackPointExtension>
        </extensions>
      </trkpt>
      <trkpt lat="24.49419884942471981048583984375" lon="118.15005660988390445709228515625">
        <ele>23.6000003814697265625</ele>
        <time>2026-08-12T14:14:46.000Z</time>
        <extensions>
          <ns3:TrackPointExtension>
            <ns3:hr>146</ns3:hr>
            <ns3:cad>88</ns3:cad>
          </ns3:TrackPointExtension>
        </extensions>
      </trkpt>
      <trkpt lat="24.4941781461238861083984375" lon="118.15005711279809474945068359375">
        <ele>23.6000003814697265625</ele>
        <time>2026-08-12T14:14:47.000Z</time>
        <extensions>
          <ns3:TrackPointExtension>
            <ns3:hr>146</ns3:hr>
            <ns3:cad>88</ns3:cad>
          </ns3:TrackPointExtension>
        </extensions>
      </trkpt>
      <trkpt lat="24.49414403177797794342041015625" lon="118.150051496922969818115234375">
        <ele>23.6000003814697265625</ele>
        <time>2026-08-12T14:14:48.000Z</time>
        <extensions>
          <ns3:TrackPointExtension>
            <ns3:hr>146</ns3:hr>
            <ns3:cad>88</ns3:cad>
          </ns3:TrackPointExtension>
        </extensions>
      </trkpt>
      <trkpt lat="24.4941223226487636566162109375" lon="118.15005308948457241058349609375">
        <ele>23.6000003814697265625</ele>
        <time>2026-08-12T14:14:49.000Z</time>
        <extensions>
          <ns3:TrackPointExtension>
            <ns3:hr>146</ns3:hr>
            <ns3:cad>87</ns3:cad>
          </ns3:TrackPointExtension>
        </extensions>
      </trkpt>
      <trkpt lat="24.494090639054775238037109375" lon="118.15005091018974781036376953125">
        <ele>23.6000003814697265625</ele>
        <time>2026-08-12T14:14:50.000Z</time>
        <extensions>
          <ns3:TrackPointExtension>
            <ns3:hr>145</ns3:hr>
            <ns3:cad>87</ns3:cad>
          </ns3:TrackPointExtension>
        </extensions>
      </trkpt>
      <trkpt lat="24.49406842701137065887451171875" lon="118.1500550173223018646240234375">
        <ele>23.6000003814697265625</ele>
        <time>2026-08-12T14:14:51.000Z</time>
        <extensions>
          <ns3:TrackPointExtension>
            <ns3:hr>146</ns3:hr>
            <ns3:cad>87</ns3:cad>
          </ns3:TrackPointExtension>
        </extensions>
      </trkpt>
      <trkpt lat="24.494037330150604248046875" lon="118.1500543467700481414794921875">
        <ele>23.6000003814697265625</ele>
        <time>2026-08-12T14:14:52.000Z</time>
        <extensions>
          <ns3:TrackPointExtension>
            <ns3:hr>146</ns3:hr>
            <ns3:cad>88</ns3:cad>
          </ns3:TrackPointExtension>
        </extensions>
      </trkpt>
      <trkpt lat="24.4940146990120410919189453125" lon="118.1500560231506824493408203125">
        <ele>23.6000003814697265625</ele>
        <time>2026-08-12T14:14:53.000Z</time>
        <extensions>
          <ns3:TrackPointExtension>
            <ns3:hr>145</ns3:hr>
            <ns3:cad>88</ns3:cad>
          </ns3:TrackPointExtension>
        </extensions>
      </trkpt>
      <trkpt lat="24.49398376978933811187744140625" lon="118.15005426295101642608642578125">
        <ele>23.6000003814697265625</ele>
        <time>2026-08-12T14:14:54.000Z</time>
        <extensions>
          <ns3:TrackPointExtension>
            <ns3:hr>146</ns3:hr>
            <ns3:cad>88</ns3:cad>
          </ns3:TrackPointExtension>
        </extensions>
      </trkpt>
      <trkpt lat="24.49395761825144290924072265625" lon="118.150050155818462371826171875">
        <ele>23.6000003814697265625</ele>
        <time>2026-08-12T14:14:55.000Z</time>
        <extensions>
          <ns3:TrackPointExtension>
            <ns3:hr>146</ns3:hr>
            <ns3:cad>88</ns3:cad>
          </ns3:TrackPointExtension>
        </extensions>
      </trkpt>
      <trkpt lat="24.49393247254192829132080078125" lon="118.15004856325685977935791015625">
        <ele>23.6000003814697265625</ele>
        <time>2026-08-12T14:14:56.000Z</time>
        <extensions>
          <ns3:TrackPointExtension>
            <ns3:hr>147</ns3:hr>
            <ns3:cad>88</ns3:cad>
          </ns3:TrackPointExtension>
        </extensions>
      </trkpt>
      <trkpt lat="24.49390816502273082733154296875" lon="118.15004286356270313262939453125">
        <ele>23.6000003814697265625</ele>
        <time>2026-08-12T14:14:57.000Z</time>
        <extensions>
          <ns3:TrackPointExtension>
            <ns3:hr>147</ns3:hr>
            <ns3:cad>87</ns3:cad>
          </ns3:TrackPointExtension>
        </extensions>
      </trkpt>
      <trkpt lat="24.493882097303867340087890625" lon="118.15004353411495685577392578125">
        <ele>23.6000003814697265625</ele>
        <time>2026-08-12T14:14:58.000Z</time>
        <extensions>
          <ns3:TrackPointExtension>
            <ns3:hr>147</ns3:hr>
            <ns3:cad>88</ns3:cad>
          </ns3:TrackPointExtension>
        </extensions>
      </trkpt>
      <trkpt lat="24.4938520900905132293701171875" lon="118.1500375829637050628662109375">
        <ele>23.6000003814697265625</ele>
        <time>2026-08-12T14:14:59.000Z</time>
        <extensions>
          <ns3:TrackPointExtension>
            <ns3:hr>147</ns3:hr>
            <ns3:cad>88</ns3:cad>
          </ns3:TrackPointExtension>
        </extensions>
      </trkpt>
      <trkpt lat="24.49382635764777660369873046875" lon="118.15003884024918079376220703125">
        <ele>23.6000003814697265625</ele>
        <time>2026-08-12T14:15:00.000Z</time>
        <extensions>
          <ns3:TrackPointExtension>
            <ns3:hr>146</ns3:hr>
            <ns3:cad>88</ns3:cad>
          </ns3:TrackPointExtension>
        </extensions>
      </trkpt>
      <trkpt lat="24.49379417113959789276123046875" lon="118.150032721459865570068359375">
        <ele>23.6000003814697265625</ele>
        <time>2026-08-12T14:15:01.000Z</time>
        <extensions>
          <ns3:TrackPointExtension>
            <ns3:hr>147</ns3:hr>
            <ns3:cad>88</ns3:cad>
          </ns3:TrackPointExtension>
        </extensions>
      </trkpt>
      <trkpt lat="24.49377154000103473663330078125" lon="118.1500355713069438934326171875">
        <ele>23.6000003814697265625</ele>
        <time>2026-08-12T14:15:02.000Z</time>
        <extensions>
          <ns3:TrackPointExtension>
            <ns3:hr>147</ns3:hr>
            <ns3:cad>88</ns3:cad>
          </ns3:TrackPointExtension>
        </extensions>
      </trkpt>
      <trkpt lat="24.493739269673824310302734375" lon="118.1500302068889141082763671875">
        <ele>23.6000003814697265625</ele>
        <time>2026-08-12T14:15:03.000Z</time>
        <extensions>
          <ns3:TrackPointExtension>
            <ns3:hr>147</ns3:hr>
            <ns3:cad>88</ns3:cad>
          </ns3:TrackPointExtension>
        </extensions>
      </trkpt>
      <trkpt lat="24.4937169738113880157470703125" lon="118.15003079362213611602783203125">
        <ele>23.6000003814697265625</ele>
        <time>2026-08-12T14:15:04.000Z</time>
        <extensions>
          <ns3:TrackPointExtension>
            <ns3:hr>146</ns3:hr>
            <ns3:cad>87</ns3:cad>
          </ns3:TrackPointExtension>
        </extensions>
      </trkpt>
      <trkpt lat="24.49368654750287532806396484375" lon="118.15002408809959888458251953125">
        <ele>23.6000003814697265625</ele>
        <time>2026-08-12T14:15:05.000Z</time>
        <extensions>
          <ns3:TrackPointExtension>
            <ns3:hr>147</ns3:hr>
            <ns3:cad>87</ns3:cad>
          </ns3:TrackPointExtension>
        </extensions>
      </trkpt>
      <trkpt lat="24.49366190470755100250244140625" lon="118.15002073533833026885986328125">
        <ele>23.799999237060546875</ele>
        <time>2026-08-12T14:15:06.000Z</time>
        <extensions>
          <ns3:TrackPointExtension>
            <ns3:hr>146</ns3:hr>
            <ns3:cad>87</ns3:cad>
          </ns3:TrackPointExtension>
        </extensions>
      </trkpt>
      <trkpt lat="24.493627957999706268310546875" lon="118.15001620911061763763427734375">
        <ele>24</ele>
        <time>2026-08-12T14:15:07.000Z</time>
        <extensions>
          <ns3:TrackPointExtension>
            <ns3:hr>146</ns3:hr>
            <ns3:cad>88</ns3:cad>
          </ns3:TrackPointExtension>
        </extensions>
      </trkpt>
      <trkpt lat="24.493602812290191650390625" lon="118.15001335926353931427001953125">
        <ele>24</ele>
        <time>2026-08-12T14:15:08.000Z</time>
        <extensions>
          <ns3:TrackPointExtension>
            <ns3:hr>145</ns3:hr>
            <ns3:cad>88</ns3:cad>
          </ns3:TrackPointExtension>
        </extensions>
      </trkpt>
      <trkpt lat="24.49357791803777217864990234375" lon="118.1500087492167949676513671875">
        <ele>24.200000762939453125</ele>
        <time>2026-08-12T14:15:09.000Z</time>
        <extensions>
          <ns3:TrackPointExtension>
            <ns3:hr>144</ns3:hr>
            <ns3:cad>88</ns3:cad>
          </ns3:TrackPointExtension>
        </extensions>
      </trkpt>
      <trkpt lat="24.4935563765466213226318359375" lon="118.15000556409358978271484375">
        <ele>24.200000762939453125</ele>
        <time>2026-08-12T14:15:10.000Z</time>
        <extensions>
          <ns3:TrackPointExtension>
            <ns3:hr>144</ns3:hr>
            <ns3:cad>88</ns3:cad>
          </ns3:TrackPointExtension>
        </extensions>
      </trkpt>
      <trkpt lat="24.49353232048451900482177734375" lon="118.15000514499843120574951171875">
        <ele>24</ele>
        <time>2026-08-12T14:15:11.000Z</time>
        <extensions>
          <ns3:TrackPointExtension>
            <ns3:hr>143</ns3:hr>
            <ns3:cad>87</ns3:cad>
          </ns3:TrackPointExtension>
        </extensions>
      </trkpt>
      <trkpt lat="24.493503570556640625" lon="118.1500057317316532135009765625">
        <ele>23.6000003814697265625</ele>
        <time>2026-08-12T14:15:12.000Z</time>
        <extensions>
          <ns3:TrackPointExtension>
            <ns3:hr>143</ns3:hr>
            <ns3:cad>87</ns3:cad>
          </ns3:TrackPointExtension>
        </extensions>
      </trkpt>
      <trkpt lat="24.49348018504679203033447265625" lon="118.150000534951686859130859375">
        <ele>23.3999996185302734375</ele>
        <time>2026-08-12T14:15:13.000Z</time>
        <extensions>
          <ns3:TrackPointExtension>
            <ns3:hr>143</ns3:hr>
            <ns3:cad>88</ns3:cad>
          </ns3:TrackPointExtension>
        </extensions>
      </trkpt>
      <trkpt lat="24.49345135129988193511962890625" lon="118.14999206922948360443115234375">
        <ele>23.200000762939453125</ele>
        <time>2026-08-12T14:15:14.000Z</time>
        <extensions>
          <ns3:TrackPointExtension>
            <ns3:hr>143</ns3:hr>
            <ns3:cad>89</ns3:cad>
          </ns3:TrackPointExtension>
        </extensions>
      </trkpt>
      <trkpt lat="24.4934286363422870635986328125" lon="118.14999525435268878936767578125">
        <ele>23.200000762939453125</ele>
        <time>2026-08-12T14:15:15.000Z</time>
        <extensions>
          <ns3:TrackPointExtension>
            <ns3:hr>143</ns3:hr>
            <ns3:cad>89</ns3:cad>
          </ns3:TrackPointExtension>
        </extensions>
      </trkpt>
      <trkpt lat="24.49339963495731353759765625" lon="118.14999273978173732757568359375">
        <ele>23.3999996185302734375</ele>
        <time>2026-08-12T14:15:16.000Z</time>
        <extensions>
          <ns3:TrackPointExtension>
            <ns3:hr>143</ns3:hr>
            <ns3:cad>89</ns3:cad>
          </ns3:TrackPointExtension>
        </extensions>
      </trkpt>
      <trkpt lat="24.49337893165647983551025390625" lon="118.149989806115627288818359375">
        <ele>23.6000003814697265625</ele>
        <time>2026-08-12T14:15:17.000Z</time>
        <extensions>
          <ns3:TrackPointExtension>
            <ns3:hr>142</ns3:hr>
            <ns3:cad>88</ns3:cad>
          </ns3:TrackPointExtension>
        </extensions>
      </trkpt>
      <trkpt lat="24.4933488406240940093994140625" lon="118.1499842740595340728759765625">
        <ele>23.6000003814697265625</ele>
        <time>2026-08-12T14:15:18.000Z</time>
        <extensions>
          <ns3:TrackPointExtension>
            <ns3:hr>142</ns3:hr>
            <ns3:cad>88</ns3:cad>
          </ns3:TrackPointExtension>
        </extensions>
      </trkpt>
      <trkpt lat="24.4933267123997211456298828125" lon="118.1499842740595340728759765625">
        <ele>23.799999237060546875</ele>
        <time>2026-08-12T14:15:19.000Z</time>
        <extensions>
          <ns3:TrackPointExtension>
            <ns3:hr>143</ns3:hr>
            <ns3:cad>87</ns3:cad>
          </ns3:TrackPointExtension>
        </extensions>
      </trkpt>
      <trkpt lat="24.4932938553392887115478515625" lon="118.14998134039342403411865234375">
        <ele>23.799999237060546875</ele>
        <time>2026-08-12T14:15:20.000Z</time>
        <extensions>
          <ns3:TrackPointExtension>
            <ns3:hr>143</ns3:hr>
            <ns3:cad>87</ns3:cad>
          </ns3:TrackPointExtension>
        </extensions>
      </trkpt>
      <trkpt lat="24.4932650215923786163330078125" lon="118.14997916109859943389892578125">
        <ele>23.799999237060546875</ele>
        <time>2026-08-12T14:15:21.000Z</time>
        <extensions>
          <ns3:TrackPointExtension>
            <ns3:hr>143</ns3:hr>
            <ns3:cad>87</ns3:cad>
          </ns3:TrackPointExtension>
        </extensions>
      </trkpt>
      <trkpt lat="24.4932328350841999053955078125" lon="118.1499768979847431182861328125">
        <ele>23.6000003814697265625</ele>
        <time>2026-08-12T14:15:22.000Z</time>
        <extensions>
          <ns3:TrackPointExtension>
            <ns3:hr>143</ns3:hr>
            <ns3:cad>87</ns3:cad>
          </ns3:TrackPointExtension>
        </extensions>
      </trkpt>
      <trkpt lat="24.49320442043244838714599609375" lon="118.14997740089893341064453125">
        <ele>23.6000003814697265625</ele>
        <time>2026-08-12T14:15:23.000Z</time>
        <extensions>
          <ns3:TrackPointExtension>
            <ns3:hr>143</ns3:hr>
            <ns3:cad>87</ns3:cad>
          </ns3:TrackPointExtension>
        </extensions>
      </trkpt>
      <trkpt lat="24.49317567050457000732421875" lon="118.14998486079275608062744140625">
        <ele>23.6000003814697265625</ele>
        <time>2026-08-12T14:15:24.000Z</time>
        <extensions>
          <ns3:TrackPointExtension>
            <ns3:hr>143</ns3:hr>
            <ns3:cad>87</ns3:cad>
          </ns3:TrackPointExtension>
        </extensions>
      </trkpt>
      <trkpt lat="24.493149854242801666259765625" lon="118.14999223686754703521728515625">
        <ele>23.6000003814697265625</ele>
        <time>2026-08-12T14:15:25.000Z</time>
        <extensions>
          <ns3:TrackPointExtension>
            <ns3:hr>144</ns3:hr>
            <ns3:cad>87</ns3:cad>
          </ns3:TrackPointExtension>
        </extensions>
      </trkpt>
      <trkpt lat="24.49312831275165081024169921875" lon="118.15000480972230434417724609375">
        <ele>23.6000003814697265625</ele>
        <time>2026-08-12T14:15:26.000Z</time>
        <extensions>
          <ns3:TrackPointExtension>
            <ns3:hr>143</ns3:hr>
            <ns3:cad>87</ns3:cad>
          </ns3:TrackPointExtension>
        </extensions>
      </trkpt>
      <trkpt lat="24.4931037537753582000732421875" lon="118.15001905895769596099853515625">
        <ele>23.6000003814697265625</ele>
        <time>2026-08-12T14:15:27.000Z</time>
        <extensions>
          <ns3:TrackPointExtension>
            <ns3:hr>143</ns3:hr>
            <ns3:cad>87</ns3:cad>
          </ns3:TrackPointExtension>
        </extensions>
      </trkpt>
      <trkpt lat="24.4930886663496494293212890625" lon="118.1500312127172946929931640625">
        <ele>23.799999237060546875</ele>
        <time>2026-08-12T14:15:28.000Z</time>
        <extensions>
          <ns3:TrackPointExtension>
            <ns3:hr>144</ns3:hr>
            <ns3:cad>87</ns3:cad>
          </ns3:TrackPointExtension>
        </extensions>
      </trkpt>
      <trkpt lat="24.4930598326027393341064453125" lon="118.15004303120076656341552734375">
        <ele>23.799999237060546875</ele>
        <time>2026-08-12T14:15:29.000Z</time>
        <extensions>
          <ns3:TrackPointExtension>
            <ns3:hr>144</ns3:hr>
            <ns3:cad>88</ns3:cad>
          </ns3:TrackPointExtension>
        </extensions>
      </trkpt>
      <trkpt lat="24.4930464215576648712158203125" lon="118.15005945973098278045654296875">
        <ele>23.799999237060546875</ele>
        <time>2026-08-12T14:15:30.000Z</time>
        <extensions>
          <ns3:TrackPointExtension>
            <ns3:hr>144</ns3:hr>
            <ns3:cad>89</ns3:cad>
          </ns3:TrackPointExtension>
        </extensions>
      </trkpt>
      <trkpt lat="24.493033178150653839111328125" lon="118.15008477307856082916259765625">
        <ele>24</ele>
        <time>2026-08-12T14:15:31.000Z</time>
        <extensions>
          <ns3:TrackPointExtension>
            <ns3:hr>144</ns3:hr>
            <ns3:cad>89</ns3:cad>
          </ns3:TrackPointExtension>
        </extensions>
      </trkpt>
      <trkpt lat="24.493028819561004638671875" lon="118.15010857768356800079345703125">
        <ele>24.200000762939453125</ele>
        <time>2026-08-12T14:15:32.000Z</time>
        <extensions>
          <ns3:TrackPointExtension>
            <ns3:hr>144</ns3:hr>
            <ns3:cad>89</ns3:cad>
          </ns3:TrackPointExtension>
        </extensions>
      </trkpt>
      <trkpt lat="24.4930167496204376220703125" lon="118.1501425243914127349853515625">
        <ele>24.200000762939453125</ele>
        <time>2026-08-12T14:15:33.000Z</time>
        <extensions>
          <ns3:TrackPointExtension>
            <ns3:hr>144</ns3:hr>
            <ns3:cad>89</ns3:cad>
          </ns3:TrackPointExtension>
        </extensions>
      </trkpt>
      <trkpt lat="24.493010044097900390625" lon="118.15016406588256359100341796875">
        <ele>24.3999996185302734375</ele>
        <time>2026-08-12T14:15:34.000Z</time>
        <extensions>
          <ns3:TrackPointExtension>
            <ns3:hr>144</ns3:hr>
            <ns3:cad>88</ns3:cad>
          </ns3:TrackPointExtension>
        </extensions>
      </trkpt>
      <trkpt lat="24.49298833496868610382080078125" lon="118.15019591711461544036865234375">
        <ele>24.3999996185302734375</ele>
        <time>2026-08-12T14:15:35.000Z</time>
        <extensions>
          <ns3:TrackPointExtension>
            <ns3:hr>144</ns3:hr>
            <ns3:cad>88</ns3:cad>
          </ns3:TrackPointExtension>
        </extensions>
      </trkpt>
      <trkpt lat="24.4929738342761993408203125" lon="118.15022014081478118896484375">
        <ele>24.3999996185302734375</ele>
        <time>2026-08-12T14:15:36.000Z</time>
        <extensions>
          <ns3:TrackPointExtension>
            <ns3:hr>143</ns3:hr>
            <ns3:cad>88</ns3:cad>
          </ns3:TrackPointExtension>
        </extensions>
      </trkpt>
      <trkpt lat="24.49293955229222774505615234375" lon="118.1502397544682025909423828125">
        <ele>24.3999996185302734375</ele>
        <time>2026-08-12T14:15:37.000Z</time>
        <extensions>
          <ns3:TrackPointExtension>
            <ns3:hr>143</ns3:hr>
            <ns3:cad>89</ns3:cad>
          </ns3:TrackPointExtension>
        </extensions>
      </trkpt>
      <trkpt lat="24.4929175078868865966796875" lon="118.15025425516068935394287109375">
        <ele>24.3999996185302734375</ele>
        <time>2026-08-12T14:15:38.000Z</time>
        <extensions>
          <ns3:TrackPointExtension>
            <ns3:hr>143</ns3:hr>
            <ns3:cad>89</ns3:cad>
          </ns3:TrackPointExtension>
        </extensions>
      </trkpt>
      <trkpt lat="24.49288205243647098541259765625" lon="118.15026632510125637054443359375">
        <ele>24.200000762939453125</ele>
        <time>2026-08-12T14:15:39.000Z</time>
        <extensions>
          <ns3:TrackPointExtension>
            <ns3:hr>143</ns3:hr>
            <ns3:cad>89</ns3:cad>
          </ns3:TrackPointExtension>
        </extensions>
      </trkpt>
      <trkpt lat="24.492850117385387420654296875" lon="118.1502664089202880859375">
        <ele>24.3999996185302734375</ele>
        <time>2026-08-12T14:15:40.000Z</time>
        <extensions>
          <ns3:TrackPointExtension>
            <ns3:hr>143</ns3:hr>
            <ns3:cad>88</ns3:cad>
          </ns3:TrackPointExtension>
        </extensions>
      </trkpt>
      <trkpt lat="24.49282153509557247161865234375" lon="118.15026347525417804718017578125">
        <ele>24.3999996185302734375</ele>
        <time>2026-08-12T14:15:41.000Z</time>
        <extensions>
          <ns3:TrackPointExtension>
            <ns3:hr>144</ns3:hr>
            <ns3:cad>88</ns3:cad>
          </ns3:TrackPointExtension>
        </extensions>
      </trkpt>
      <trkpt lat="24.49279940687119960784912109375" lon="118.1502491421997547149658203125">
        <ele>24.3999996185302734375</ele>
        <time>2026-08-12T14:15:42.000Z</time>
        <extensions>
          <ns3:TrackPointExtension>
            <ns3:hr>144</ns3:hr>
            <ns3:cad>88</ns3:cad>
          </ns3:TrackPointExtension>
        </extensions>
      </trkpt>
      <trkpt lat="24.49277694337069988250732421875" lon="118.15023799426853656768798828125">
        <ele>24.3999996185302734375</ele>
        <time>2026-08-12T14:15:43.000Z</time>
        <extensions>
          <ns3:TrackPointExtension>
            <ns3:hr>144</ns3:hr>
            <ns3:cad>87</ns3:cad>
          </ns3:TrackPointExtension>
        </extensions>
      </trkpt>
      <trkpt lat="24.49275582097470760345458984375" lon="118.15021871589124202728271484375">
        <ele>24.3999996185302734375</ele>
        <time>2026-08-12T14:15:44.000Z</time>
        <extensions>
          <ns3:TrackPointExtension>
            <ns3:hr>144</ns3:hr>
            <ns3:cad>87</ns3:cad>
          </ns3:TrackPointExtension>
        </extensions>
      </trkpt>
      <trkpt lat="24.49273419566452503204345703125" lon="118.15020128153264522552490234375">
        <ele>24.3999996185302734375</ele>
        <time>2026-08-12T14:15:45.000Z</time>
        <extensions>
          <ns3:TrackPointExtension>
            <ns3:hr>144</ns3:hr>
            <ns3:cad>88</ns3:cad>
          </ns3:TrackPointExtension>
        </extensions>
      </trkpt>
      <trkpt lat="24.49272111989557743072509765625" lon="118.15017328597605228424072265625">
        <ele>24.3999996185302734375</ele>
        <time>2026-08-12T14:15:46.000Z</time>
        <extensions>
          <ns3:TrackPointExtension>
            <ns3:hr>144</ns3:hr>
            <ns3:cad>88</ns3:cad>
          </ns3:TrackPointExtension>
        </extensions>
      </trkpt>
      <trkpt lat="24.49270770885050296783447265625" lon="118.15015149302780628204345703125">
        <ele>24.3999996185302734375</ele>
        <time>2026-08-12T14:15:47.000Z</time>
        <extensions>
          <ns3:TrackPointExtension>
            <ns3:hr>144</ns3:hr>
            <ns3:cad>89</ns3:cad>
          </ns3:TrackPointExtension>
        </extensions>
      </trkpt>
      <trkpt lat="24.4926950521767139434814453125" lon="118.150121234357357025146484375">
        <ele>24.6000003814697265625</ele>
        <time>2026-08-12T14:15:48.000Z</time>
        <extensions>
          <ns3:TrackPointExtension>
            <ns3:hr>143</ns3:hr>
            <ns3:cad>88</ns3:cad>
          </ns3:TrackPointExtension>
        </extensions>
      </trkpt>
      <trkpt lat="24.49267803691327571868896484375" lon="118.1501012854278087615966796875">
        <ele>24.6000003814697265625</ele>
        <time>2026-08-12T14:15:49.000Z</time>
        <extensions>
          <ns3:TrackPointExtension>
            <ns3:hr>144</ns3:hr>
            <ns3:cad>88</ns3:cad>
          </ns3:TrackPointExtension>
        </extensions>
      </trkpt>
      <trkpt lat="24.49265037663280963897705078125" lon="118.15007924102246761322021484375">
        <ele>24.6000003814697265625</ele>
        <time>2026-08-12T14:15:50.000Z</time>
        <extensions>
          <ns3:TrackPointExtension>
            <ns3:hr>144</ns3:hr>
            <ns3:cad>88</ns3:cad>
          </ns3:TrackPointExtension>
        </extensions>
      </trkpt>
      <trkpt lat="24.4926266558468341827392578125" lon="118.15006767399609088897705078125">
        <ele>24.6000003814697265625</ele>
        <time>2026-08-12T14:15:51.000Z</time>
        <extensions>
          <ns3:TrackPointExtension>
            <ns3:hr>144</ns3:hr>
            <ns3:cad>88</ns3:cad>
          </ns3:TrackPointExtension>
        </extensions>
      </trkpt>
      <trkpt lat="24.49259698390960693359375" lon="118.15005392767488956451416015625">
        <ele>24.6000003814697265625</ele>
        <time>2026-08-12T14:15:52.000Z</time>
        <extensions>
          <ns3:TrackPointExtension>
            <ns3:hr>144</ns3:hr>
            <ns3:cad>89</ns3:cad>
          </ns3:TrackPointExtension>
        </extensions>
      </trkpt>
      <trkpt lat="24.49257745407521724700927734375" lon="118.15004738979041576385498046875">
        <ele>24.6000003814697265625</ele>
        <time>2026-08-12T14:15:53.000Z</time>
        <extensions>
          <ns3:TrackPointExtension>
            <ns3:hr>144</ns3:hr>
            <ns3:cad>90</ns3:cad>
          </ns3:TrackPointExtension>
        </extensions>
      </trkpt>
      <trkpt lat="24.49255247600376605987548828125" lon="118.1500302068889141082763671875">
        <ele>24.799999237060546875</ele>
        <time>2026-08-12T14:15:54.000Z</time>
        <extensions>
          <ns3:TrackPointExtension>
            <ns3:hr>144</ns3:hr>
            <ns3:cad>90</ns3:cad>
          </ns3:TrackPointExtension>
        </extensions>
      </trkpt>
      <trkpt lat="24.492535628378391265869140625" lon="118.15002073533833026885986328125">
        <ele>24.799999237060546875</ele>
        <time>2026-08-12T14:15:55.000Z</time>
        <extensions>
          <ns3:TrackPointExtension>
            <ns3:hr>144</ns3:hr>
            <ns3:cad>90</ns3:cad>
          </ns3:TrackPointExtension>
        </extensions>
      </trkpt>
      <trkpt lat="24.49251391924917697906494140625" lon="118.14999927766621112823486328125">
        <ele>25</ele>
        <time>2026-08-12T14:15:56.000Z</time>
        <extensions>
          <ns3:TrackPointExtension>
            <ns3:hr>145</ns3:hr>
            <ns3:cad>89</ns3:cad>
          </ns3:TrackPointExtension>
        </extensions>
      </trkpt>
      <trkpt lat="24.49249682016670703887939453125" lon="118.1499909795820713043212890625">
        <ele>25.200000762939453125</ele>
        <time>2026-08-12T14:15:57.000Z</time>
        <extensions>
          <ns3:TrackPointExtension>
            <ns3:hr>145</ns3:hr>
            <ns3:cad>89</ns3:cad>
          </ns3:TrackPointExtension>
        </extensions>
      </trkpt>
      <trkpt lat="24.49247016571462154388427734375" lon="118.149969018995761871337890625">
        <ele>25.200000762939453125</ele>
        <time>2026-08-12T14:15:58.000Z</time>
        <extensions>
          <ns3:TrackPointExtension>
            <ns3:hr>146</ns3:hr>
            <ns3:cad>89</ns3:cad>
          </ns3:TrackPointExtension>
        </extensions>
      </trkpt>
      <trkpt lat="24.4924516417086124420166015625" lon="118.14995435066521167755126953125">
        <ele>25.200000762939453125</ele>
        <time>2026-08-12T14:15:59.000Z</time>
        <extensions>
          <ns3:TrackPointExtension>
            <ns3:hr>147</ns3:hr>
            <ns3:cad>88</ns3:cad>
          </ns3:TrackPointExtension>
        </extensions>
      </trkpt>
      <trkpt lat="24.49243127368390560150146484375" lon="118.14993490464985370635986328125">
        <ele>25.3999996185302734375</ele>
        <time>2026-08-12T14:16:00.000Z</time>
        <extensions>
          <ns3:TrackPointExtension>
            <ns3:hr>147</ns3:hr>
            <ns3:cad>88</ns3:cad>
          </ns3:TrackPointExtension>
        </extensions>
      </trkpt>
      <trkpt lat="24.49240998364984989166259765625" lon="118.149920068681240081787109375">
        <ele>25.3999996185302734375</ele>
        <time>2026-08-12T14:16:01.000Z</time>
        <extensions>
          <ns3:TrackPointExtension>
            <ns3:hr>147</ns3:hr>
            <ns3:cad>88</ns3:cad>
          </ns3:TrackPointExtension>
        </extensions>
      </trkpt>
      <trkpt lat="24.49238852597773075103759765625" lon="118.14990355633199214935302734375">
        <ele>25.3999996185302734375</ele>
        <time>2026-08-12T14:16:02.000Z</time>
        <extensions>
          <ns3:TrackPointExtension>
            <ns3:hr>147</ns3:hr>
            <ns3:cad>88</ns3:cad>
          </ns3:TrackPointExtension>
        </extensions>
      </trkpt>
      <trkpt lat="24.49237125925719738006591796875" lon="118.14988528378307819366455078125">
        <ele>25.200000762939453125</ele>
        <time>2026-08-12T14:16:03.000Z</time>
        <extensions>
          <ns3:TrackPointExtension>
            <ns3:hr>147</ns3:hr>
            <ns3:cad>88</ns3:cad>
          </ns3:TrackPointExtension>
        </extensions>
      </trkpt>
      <trkpt lat="24.49235399253666400909423828125" lon="118.14986466430127620697021484375">
        <ele>25</ele>
        <time>2026-08-12T14:16:04.000Z</time>
        <extensions>
          <ns3:TrackPointExtension>
            <ns3:hr>148</ns3:hr>
            <ns3:cad>88</ns3:cad>
          </ns3:TrackPointExtension>
        </extensions>
      </trkpt>
      <trkpt lat="24.49233856983482837677001953125" lon="118.14984052442014217376708984375">
        <ele>24.799999237060546875</ele>
        <time>2026-08-12T14:16:05.000Z</time>
        <extensions>
          <ns3:TrackPointExtension>
            <ns3:hr>148</ns3:hr>
            <ns3:cad>88</ns3:cad>
          </ns3:TrackPointExtension>
        </extensions>
      </trkpt>
      <trkpt lat="24.49231962673366069793701171875" lon="118.1498270295560359954833984375">
        <ele>24.799999237060546875</ele>
        <time>2026-08-12T14:16:06.000Z</time>
        <extensions>
          <ns3:TrackPointExtension>
            <ns3:hr>148</ns3:hr>
            <ns3:cad>88</ns3:cad>
          </ns3:TrackPointExtension>
        </extensions>
      </trkpt>
      <trkpt lat="24.492304958403110504150390625" lon="118.14981588162481784820556640625">
        <ele>24.6000003814697265625</ele>
        <time>2026-08-12T14:16:07.000Z</time>
        <extensions>
          <ns3:TrackPointExtension>
            <ns3:hr>148</ns3:hr>
            <ns3:cad>87</ns3:cad>
          </ns3:TrackPointExtension>
        </extensions>
      </trkpt>
      <trkpt lat="24.49227704666554927825927734375" lon="118.14981454052031040191650390625">
        <ele>24.799999237060546875</ele>
        <time>2026-08-12T14:16:08.000Z</time>
        <extensions>
          <ns3:TrackPointExtension>
            <ns3:hr>149</ns3:hr>
            <ns3:cad>87</ns3:cad>
          </ns3:TrackPointExtension>
        </extensions>
      </trkpt>
      <trkpt lat="24.49225156567990779876708984375" lon="118.14981303177773952484130859375">
        <ele>24.799999237060546875</ele>
        <time>2026-08-12T14:16:09.000Z</time>
        <extensions>
          <ns3:TrackPointExtension>
            <ns3:hr>149</ns3:hr>
            <ns3:cad>87</ns3:cad>
          </ns3:TrackPointExtension>
        </extensions>
      </trkpt>
      <trkpt lat="24.49223019182682037353515625" lon="118.1498015485703945159912109375">
        <ele>24.799999237060546875</ele>
        <time>2026-08-12T14:16:10.000Z</time>
        <extensions>
          <ns3:TrackPointExtension>
            <ns3:hr>149</ns3:hr>
            <ns3:cad>90</ns3:cad>
          </ns3:TrackPointExtension>
        </extensions>
      </trkpt>
      <trkpt lat="24.4922166131436824798583984375" lon="118.1497795879840850830078125">
        <ele>24.799999237060546875</ele>
        <time>2026-08-12T14:16:11.000Z</time>
        <extensions>
          <ns3:TrackPointExtension>
            <ns3:hr>149</ns3:hr>
            <ns3:cad>90</ns3:cad>
          </ns3:TrackPointExtension>
        </extensions>
      </trkpt>
      <trkpt lat="24.492214433848857879638671875" lon="118.14976014196872711181640625">
        <ele>24.6000003814697265625</ele>
        <time>2026-08-12T14:16:12.000Z</time>
        <extensions>
          <ns3:TrackPointExtension>
            <ns3:hr>148</ns3:hr>
            <ns3:cad>90</ns3:cad>
          </ns3:TrackPointExtension>
        </extensions>
      </trkpt>
      <trkpt lat="24.49220764450728893280029296875" lon="118.14973457716405391693115234375">
        <ele>24.3999996185302734375</ele>
        <time>2026-08-12T14:16:13.000Z</time>
        <extensions>
          <ns3:TrackPointExtension>
            <ns3:hr>148</ns3:hr>
            <ns3:cad>90</ns3:cad>
          </ns3:TrackPointExtension>
        </extensions>
      </trkpt>
      <trkpt lat="24.4921954907476902008056640625" lon="118.14972284249961376190185546875">
        <ele>24.200000762939453125</ele>
        <time>2026-08-12T14:16:14.000Z</time>
        <extensions>
          <ns3:TrackPointExtension>
            <ns3:hr>148</ns3:hr>
            <ns3:cad>90</ns3:cad>
          </ns3:TrackPointExtension>
        </extensions>
      </trkpt>
      <trkpt lat="24.49216690845787525177001953125" lon="118.14970591105520725250244140625">
        <ele>24</ele>
        <time>2026-08-12T14:16:15.000Z</time>
        <extensions>
          <ns3:TrackPointExtension>
            <ns3:hr>149</ns3:hr>
            <ns3:cad>90</ns3:cad>
          </ns3:TrackPointExtension>
        </extensions>
      </trkpt>
      <trkpt lat="24.49214729480445384979248046875" lon="118.149700127542018890380859375">
        <ele>24</ele>
        <time>2026-08-12T14:16:16.000Z</time>
        <extensions>
          <ns3:TrackPointExtension>
            <ns3:hr>149</ns3:hr>
            <ns3:cad>90</ns3:cad>
          </ns3:TrackPointExtension>
        </extensions>
      </trkpt>
      <trkpt lat="24.49211711995303630828857421875" lon="118.14968965016305446624755859375">
        <ele>23.799999237060546875</ele>
        <time>2026-08-12T14:16:17.000Z</time>
        <extensions>
          <ns3:TrackPointExtension>
            <ns3:hr>148</ns3:hr>
            <ns3:cad>90</ns3:cad>
          </ns3:TrackPointExtension>
        </extensions>
      </trkpt>
      <trkpt lat="24.49209683574736118316650390625" lon="118.1496835313737392425537109375">
        <ele>23.799999237060546875</ele>
        <time>2026-08-12T14:16:18.000Z</time>
        <extensions>
          <ns3:TrackPointExtension>
            <ns3:hr>148</ns3:hr>
            <ns3:cad>88</ns3:cad>
          </ns3:TrackPointExtension>
        </extensions>
      </trkpt>
      <trkpt lat="24.4920664094388484954833984375" lon="118.14967565238475799560546875">
        <ele>23.799999237060546875</ele>
        <time>2026-08-12T14:16:19.000Z</time>
        <extensions>
          <ns3:TrackPointExtension>
            <ns3:hr>148</ns3:hr>
            <ns3:cad>88</ns3:cad>
          </ns3:TrackPointExtension>
        </extensions>
      </trkpt>
      <trkpt lat="24.4920405931770801544189453125" lon="118.14967104233801364898681640625">
        <ele>23.799999237060546875</ele>
        <time>2026-08-12T14:16:20.000Z</time>
        <extensions>
          <ns3:TrackPointExtension>
            <ns3:hr>147</ns3:hr>
            <ns3:cad>88</ns3:cad>
          </ns3:TrackPointExtension>
        </extensions>
      </trkpt>
      <trkpt lat="24.492009915411472320556640625" lon="118.14966752193868160247802734375">
        <ele>24</ele>
        <time>2026-08-12T14:16:21.000Z</time>
        <extensions>
          <ns3:TrackPointExtension>
            <ns3:hr>147</ns3:hr>
            <ns3:cad>88</ns3:cad>
          </ns3:TrackPointExtension>
        </extensions>
      </trkpt>
      <trkpt lat="24.4919842667877674102783203125" lon="118.1496588885784149169921875">
        <ele>24</ele>
        <time>2026-08-12T14:16:22.000Z</time>
        <extensions>
          <ns3:TrackPointExtension>
            <ns3:hr>147</ns3:hr>
            <ns3:cad>88</ns3:cad>
          </ns3:TrackPointExtension>
        </extensions>
      </trkpt>
      <trkpt lat="24.49195669032633304595947265625" lon="118.1496454775333404541015625">
        <ele>24</ele>
        <time>2026-08-12T14:16:23.000Z</time>
        <extensions>
          <ns3:TrackPointExtension>
            <ns3:hr>147</ns3:hr>
            <ns3:cad>89</ns3:cad>
          </ns3:TrackPointExtension>
        </extensions>
      </trkpt>
      <trkpt lat="24.49193104170262813568115234375" lon="118.1496386043727397918701171875">
        <ele>24</ele>
        <time>2026-08-12T14:16:24.000Z</time>
        <extensions>
          <ns3:TrackPointExtension>
            <ns3:hr>146</ns3:hr>
            <ns3:cad>90</ns3:cad>
          </ns3:TrackPointExtension>
        </extensions>
      </trkpt>
      <trkpt lat="24.49190296232700347900390625" lon="118.14963064156472682952880859375">
        <ele>24</ele>
        <time>2026-08-12T14:16:25.000Z</time>
        <extensions>
          <ns3:TrackPointExtension>
            <ns3:hr>147</ns3:hr>
            <ns3:cad>90</ns3:cad>
          </ns3:TrackPointExtension>
        </extensions>
      </trkpt>
      <trkpt lat="24.49187815189361572265625" lon="118.14962578006088733673095703125">
        <ele>24</ele>
        <time>2026-08-12T14:16:26.000Z</time>
        <extensions>
          <ns3:TrackPointExtension>
            <ns3:hr>147</ns3:hr>
            <ns3:cad>89</ns3:cad>
          </ns3:TrackPointExtension>
        </extensions>
      </trkpt>
      <trkpt lat="24.49184889905154705047607421875" lon="118.149618990719318389892578125">
        <ele>24</ele>
        <time>2026-08-12T14:16:27.000Z</time>
        <extensions>
          <ns3:TrackPointExtension>
            <ns3:hr>147</ns3:hr>
            <ns3:cad>89</ns3:cad>
          </ns3:TrackPointExtension>
        </extensions>
      </trkpt>
      <trkpt lat="24.4918250106275081634521484375" lon="118.149612285196781158447265625">
        <ele>24</ele>
        <time>2026-08-12T14:16:28.000Z</time>
        <extensions>
          <ns3:TrackPointExtension>
            <ns3:hr>147</ns3:hr>
            <ns3:cad>89</ns3:cad>
          </ns3:TrackPointExtension>
        </extensions>
      </trkpt>
      <trkpt lat="24.4917990267276763916015625" lon="118.14960817806422710418701171875">
        <ele>24</ele>
        <time>2026-08-12T14:16:29.000Z</time>
        <extensions>
          <ns3:TrackPointExtension>
            <ns3:hr>147</ns3:hr>
            <ns3:cad>88</ns3:cad>
          </ns3:TrackPointExtension>
        </extensions>
      </trkpt>
      <trkpt lat="24.49177597649395465850830078125" lon="118.1495987065136432647705078125">
        <ele>24</ele>
        <time>2026-08-12T14:16:30.000Z</time>
        <extensions>
          <ns3:TrackPointExtension>
            <ns3:hr>147</ns3:hr>
            <ns3:cad>88</ns3:cad>
          </ns3:TrackPointExtension>
        </extensions>
      </trkpt>
      <trkpt lat="24.491749741137027740478515625" lon="118.149592168629169464111328125">
        <ele>24</ele>
        <time>2026-08-12T14:16:31.000Z</time>
        <extensions>
          <ns3:TrackPointExtension>
            <ns3:hr>147</ns3:hr>
            <ns3:cad>88</ns3:cad>
          </ns3:TrackPointExtension>
        </extensions>
      </trkpt>
      <trkpt lat="24.49172417633235454559326171875" lon="118.149583451449871063232421875">
        <ele>24</ele>
        <time>2026-08-12T14:16:32.000Z</time>
        <extensions>
          <ns3:TrackPointExtension>
            <ns3:hr>147</ns3:hr>
            <ns3:cad>89</ns3:cad>
          </ns3:TrackPointExtension>
        </extensions>
      </trkpt>
      <trkpt lat="24.49170313775539398193359375" lon="118.1495785899460315704345703125">
        <ele>24.200000762939453125</ele>
        <time>2026-08-12T14:16:33.000Z</time>
        <extensions>
          <ns3:TrackPointExtension>
            <ns3:hr>147</ns3:hr>
            <ns3:cad>90</ns3:cad>
          </ns3:TrackPointExtension>
        </extensions>
      </trkpt>
      <trkpt lat="24.49167321436107158660888671875" lon="118.14956995658576488494873046875">
        <ele>24.200000762939453125</ele>
        <time>2026-08-12T14:16:34.000Z</time>
        <extensions>
          <ns3:TrackPointExtension>
            <ns3:hr>147</ns3:hr>
            <ns3:cad>90</ns3:cad>
          </ns3:TrackPointExtension>
        </extensions>
      </trkpt>
      <trkpt lat="24.491647817194461822509765625" lon="118.14956777729094028472900390625">
        <ele>24.200000762939453125</ele>
        <time>2026-08-12T14:16:35.000Z</time>
        <extensions>
          <ns3:TrackPointExtension>
            <ns3:hr>147</ns3:hr>
            <ns3:cad>88</ns3:cad>
          </ns3:TrackPointExtension>
        </extensions>
      </trkpt>
      <trkpt lat="24.49161739088594913482666015625" lon="118.14955688081681728363037109375">
        <ele>24</ele>
        <time>2026-08-12T14:16:36.000Z</time>
        <extensions>
          <ns3:TrackPointExtension>
            <ns3:hr>146</ns3:hr>
            <ns3:cad>88</ns3:cad>
          </ns3:TrackPointExtension>
        </extensions>
      </trkpt>
      <trkpt lat="24.49159576557576656341552734375" lon="118.14955151639878749847412109375">
        <ele>24</ele>
        <time>2026-08-12T14:16:37.000Z</time>
        <extensions>
          <ns3:TrackPointExtension>
            <ns3:hr>146</ns3:hr>
            <ns3:cad>87</ns3:cad>
          </ns3:TrackPointExtension>
        </extensions>
      </trkpt>
      <trkpt lat="24.4915656745433807373046875" lon="118.14954665489494800567626953125">
        <ele>24</ele>
        <time>2026-08-12T14:16:38.000Z</time>
        <extensions>
          <ns3:TrackPointExtension>
            <ns3:hr>146</ns3:hr>
            <ns3:cad>87</ns3:cad>
          </ns3:TrackPointExtension>
        </extensions>
      </trkpt>
      <trkpt lat="24.49154195375740528106689453125" lon="118.14954380504786968231201171875">
        <ele>24</ele>
        <time>2026-08-12T14:16:39.000Z</time>
        <extensions>
          <ns3:TrackPointExtension>
            <ns3:hr>145</ns3:hr>
            <ns3:cad>88</ns3:cad>
          </ns3:TrackPointExtension>
        </extensions>
      </trkpt>
      <trkpt lat="24.4915115274488925933837890625" lon="118.14953885972499847412109375">
        <ele>24.200000762939453125</ele>
        <time>2026-08-12T14:16:40.000Z</time>
        <extensions>
          <ns3:TrackPointExtension>
            <ns3:hr>145</ns3:hr>
            <ns3:cad>88</ns3:cad>
          </ns3:TrackPointExtension>
        </extensions>
      </trkpt>
      <trkpt lat="24.4914843700826168060302734375" lon="118.1495356746017932891845703125">
        <ele>24.200000762939453125</ele>
        <time>2026-08-12T14:16:41.000Z</time>
        <extensions>
          <ns3:TrackPointExtension>
            <ns3:hr>145</ns3:hr>
            <ns3:cad>89</ns3:cad>
          </ns3:TrackPointExtension>
        </extensions>
      </trkpt>
      <trkpt lat="24.49145444668829441070556640625" lon="118.1495293043553829193115234375">
        <ele>24.200000762939453125</ele>
        <time>2026-08-12T14:16:42.000Z</time>
        <extensions>
          <ns3:TrackPointExtension>
            <ns3:hr>145</ns3:hr>
            <ns3:cad>89</ns3:cad>
          </ns3:TrackPointExtension>
        </extensions>
      </trkpt>
      <trkpt lat="24.49142846278846263885498046875" lon="118.149523101747035980224609375">
        <ele>24.200000762939453125</ele>
        <time>2026-08-12T14:16:43.000Z</time>
        <extensions>
          <ns3:TrackPointExtension>
            <ns3:hr>145</ns3:hr>
            <ns3:cad>89</ns3:cad>
          </ns3:TrackPointExtension>
        </extensions>
      </trkpt>
      <trkpt lat="24.49140029959380626678466796875" lon="118.1495162285864353179931640625">
        <ele>24.200000762939453125</ele>
        <time>2026-08-12T14:16:44.000Z</time>
        <extensions>
          <ns3:TrackPointExtension>
            <ns3:hr>145</ns3:hr>
            <ns3:cad>88</ns3:cad>
          </ns3:TrackPointExtension>
        </extensions>
      </trkpt>
      <trkpt lat="24.491373561322689056396484375" lon="118.14950524829328060150146484375">
        <ele>24</ele>
        <time>2026-08-12T14:16:45.000Z</time>
        <extensions>
          <ns3:TrackPointExtension>
            <ns3:hr>144</ns3:hr>
            <ns3:cad>88</ns3:cad>
          </ns3:TrackPointExtension>
        </extensions>
      </trkpt>
      <trkpt lat="24.49134481139481067657470703125" lon="118.14949904568493366241455078125">
        <ele>24</ele>
        <time>2026-08-12T14:16:46.000Z</time>
        <extensions>
          <ns3:TrackPointExtension>
            <ns3:hr>144</ns3:hr>
            <ns3:cad>87</ns3:cad>
          </ns3:TrackPointExtension>
        </extensions>
      </trkpt>
      <trkpt lat="24.4913180731236934661865234375" lon="118.14948865212500095367431640625">
        <ele>24</ele>
        <time>2026-08-12T14:16:47.000Z</time>
        <extensions>
          <ns3:TrackPointExtension>
            <ns3:hr>144</ns3:hr>
            <ns3:cad>87</ns3:cad>
          </ns3:TrackPointExtension>
        </extensions>
      </trkpt>
      <trkpt lat="24.49128982611000537872314453125" lon="118.149483539164066314697265625">
        <ele>24</ele>
        <time>2026-08-12T14:16:48.000Z</time>
        <extensions>
          <ns3:TrackPointExtension>
            <ns3:hr>144</ns3:hr>
            <ns3:cad>88</ns3:cad>
          </ns3:TrackPointExtension>
        </extensions>
      </trkpt>
      <trkpt lat="24.4912607409060001373291015625" lon="118.14947180449962615966796875">
        <ele>24</ele>
        <time>2026-08-12T14:16:49.000Z</time>
        <extensions>
          <ns3:TrackPointExtension>
            <ns3:hr>144</ns3:hr>
            <ns3:cad>88</ns3:cad>
          </ns3:TrackPointExtension>
        </extensions>
      </trkpt>
      <trkpt lat="24.49123919941484928131103515625" lon="118.149467445909976959228515625">
        <ele>24</ele>
        <time>2026-08-12T14:16:50.000Z</time>
        <extensions>
          <ns3:TrackPointExtension>
            <ns3:hr>143</ns3:hr>
            <ns3:cad>88</ns3:cad>
          </ns3:TrackPointExtension>
        </extensions>
      </trkpt>
      <trkpt lat="24.4912087731063365936279296875" lon="118.1494552083313465118408203125">
        <ele>24.200000762939453125</ele>
        <time>2026-08-12T14:16:51.000Z</time>
        <extensions>
          <ns3:TrackPointExtension>
            <ns3:hr>143</ns3:hr>
            <ns3:cad>88</ns3:cad>
          </ns3:TrackPointExtension>
        </extensions>
      </trkpt>
      <trkpt lat="24.491185806691646575927734375" lon="118.14945227466523647308349609375">
        <ele>24.200000762939453125</ele>
        <time>2026-08-12T14:16:52.000Z</time>
        <extensions>
          <ns3:TrackPointExtension>
            <ns3:hr>143</ns3:hr>
            <ns3:cad>88</ns3:cad>
          </ns3:TrackPointExtension>
        </extensions>
      </trkpt>
      <trkpt lat="24.49115923605859279632568359375" lon="118.149439282715320587158203125">
        <ele>24.200000762939453125</ele>
        <time>2026-08-12T14:16:53.000Z</time>
        <extensions>
          <ns3:TrackPointExtension>
            <ns3:hr>143</ns3:hr>
            <ns3:cad>87</ns3:cad>
          </ns3:TrackPointExtension>
        </extensions>
      </trkpt>
      <trkpt lat="24.4911383651196956634521484375" lon="118.14943551085889339447021484375">
        <ele>24.200000762939453125</ele>
        <time>2026-08-12T14:16:54.000Z</time>
        <extensions>
          <ns3:TrackPointExtension>
            <ns3:hr>143</ns3:hr>
            <ns3:cad>87</ns3:cad>
          </ns3:TrackPointExtension>
        </extensions>
      </trkpt>
      <trkpt lat="24.49111414141952991485595703125" lon="118.14942327328026294708251953125">
        <ele>24.200000762939453125</ele>
        <time>2026-08-12T14:16:55.000Z</time>
        <extensions>
          <ns3:TrackPointExtension>
            <ns3:hr>142</ns3:hr>
            <ns3:cad>87</ns3:cad>
          </ns3:TrackPointExtension>
        </extensions>
      </trkpt>
      <trkpt lat="24.49109268374741077423095703125" lon="118.14941774122416973114013671875">
        <ele>24.200000762939453125</ele>
        <time>2026-08-12T14:16:56.000Z</time>
        <extensions>
          <ns3:TrackPointExtension>
            <ns3:hr>143</ns3:hr>
            <ns3:cad>88</ns3:cad>
          </ns3:TrackPointExtension>
        </extensions>
      </trkpt>
      <trkpt lat="24.49106343090534210205078125" lon="118.1494035758078098297119140625">
        <ele>24.200000762939453125</ele>
        <time>2026-08-12T14:16:57.000Z</time>
        <extensions>
          <ns3:TrackPointExtension>
            <ns3:hr>143</ns3:hr>
            <ns3:cad>88</ns3:cad>
          </ns3:TrackPointExtension>
        </extensions>
      </trkpt>
      <trkpt lat="24.49104205705225467681884765625" lon="118.1493987143039703369140625">
        <ele>24.200000762939453125</ele>
        <time>2026-08-12T14:16:58.000Z</time>
        <extensions>
          <ns3:TrackPointExtension>
            <ns3:hr>143</ns3:hr>
            <ns3:cad>88</ns3:cad>
          </ns3:TrackPointExtension>
        </extensions>
      </trkpt>
      <trkpt lat="24.49100919999182224273681640625" lon="118.14938731491565704345703125">
        <ele>24.200000762939453125</ele>
        <time>2026-08-12T14:16:59.000Z</time>
        <extensions>
          <ns3:TrackPointExtension>
            <ns3:hr>142</ns3:hr>
            <ns3:cad>88</ns3:cad>
          </ns3:TrackPointExtension>
        </extensions>
      </trkpt>
      <trkpt lat="24.49098321609199047088623046875" lon="118.14938253723084926605224609375">
        <ele>24.200000762939453125</ele>
        <time>2026-08-12T14:17:00.000Z</time>
        <extensions>
          <ns3:TrackPointExtension>
            <ns3:hr>143</ns3:hr>
            <ns3:cad>88</ns3:cad>
          </ns3:TrackPointExtension>
        </extensions>
      </trkpt>
      <trkpt lat="24.490950442850589752197265625" lon="118.14937583170831203460693359375">
        <ele>24</ele>
        <time>2026-08-12T14:17:01.000Z</time>
        <extensions>
          <ns3:TrackPointExtension>
            <ns3:hr>143</ns3:hr>
            <ns3:cad>88</ns3:cad>
          </ns3:TrackPointExtension>
        </extensions>
      </trkpt>
      <trkpt lat="24.4909246265888214111328125" lon="118.14936719834804534912109375">
        <ele>24</ele>
        <time>2026-08-12T14:17:02.000Z</time>
        <extensions>
          <ns3:TrackPointExtension>
            <ns3:hr>144</ns3:hr>
            <ns3:cad>89</ns3:cad>
          </ns3:TrackPointExtension>
        </extensions>
      </trkpt>
      <trkpt lat="24.49089445173740386962890625" lon="118.14935588277876377105712890625">
        <ele>24</ele>
        <time>2026-08-12T14:17:03.000Z</time>
        <extensions>
          <ns3:TrackPointExtension>
            <ns3:hr>144</ns3:hr>
            <ns3:cad>89</ns3:cad>
          </ns3:TrackPointExtension>
        </extensions>
      </trkpt>
      <trkpt lat="24.49086922220885753631591796875" lon="118.14934716559946537017822265625">
        <ele>24</ele>
        <time>2026-08-12T14:17:04.000Z</time>
        <extensions>
          <ns3:TrackPointExtension>
            <ns3:hr>144</ns3:hr>
            <ns3:cad>89</ns3:cad>
          </ns3:TrackPointExtension>
        </extensions>
      </trkpt>
      <trkpt lat="24.490843154489994049072265625" lon="118.14933911897242069244384765625">
        <ele>24</ele>
        <time>2026-08-12T14:17:05.000Z</time>
        <extensions>
          <ns3:TrackPointExtension>
            <ns3:hr>144</ns3:hr>
            <ns3:cad>89</ns3:cad>
          </ns3:TrackPointExtension>
        </extensions>
      </trkpt>
      <trkpt lat="24.49081993661820888519287109375" lon="118.14932621084153652191162109375">
        <ele>24</ele>
        <time>2026-08-12T14:17:06.000Z</time>
        <extensions>
          <ns3:TrackPointExtension>
            <ns3:hr>144</ns3:hr>
            <ns3:cad>88</ns3:cad>
          </ns3:TrackPointExtension>
        </extensions>
      </trkpt>
      <trkpt lat="24.49079386889934539794921875" lon="118.149315230548381805419921875">
        <ele>24</ele>
        <time>2026-08-12T14:17:07.000Z</time>
        <extensions>
          <ns3:TrackPointExtension>
            <ns3:hr>144</ns3:hr>
            <ns3:cad>88</ns3:cad>
          </ns3:TrackPointExtension>
        </extensions>
      </trkpt>
      <trkpt lat="24.49076897464692592620849609375" lon="118.1492966227233409881591796875">
        <ele>24</ele>
        <time>2026-08-12T14:17:08.000Z</time>
        <extensions>
          <ns3:TrackPointExtension>
            <ns3:hr>144</ns3:hr>
            <ns3:cad>88</ns3:cad>
          </ns3:TrackPointExtension>
        </extensions>
      </trkpt>
      <trkpt lat="24.49074198491871356964111328125" lon="118.1492882408201694488525390625">
        <ele>24</ele>
        <time>2026-08-12T14:17:09.000Z</time>
        <extensions>
          <ns3:TrackPointExtension>
            <ns3:hr>144</ns3:hr>
            <ns3:cad>87</ns3:cad>
          </ns3:TrackPointExtension>
        </extensions>
      </trkpt>
      <trkpt lat="24.4907127320766448974609375" lon="118.14927332103252410888671875">
        <ele>24</ele>
        <time>2026-08-12T14:17:10.000Z</time>
        <extensions>
          <ns3:TrackPointExtension>
            <ns3:hr>144</ns3:hr>
            <ns3:cad>87</ns3:cad>
          </ns3:TrackPointExtension>
        </extensions>
      </trkpt>
      <trkpt lat="24.4906947948038578033447265625" lon="118.14926602877676486968994140625">
        <ele>24.200000762939453125</ele>
        <time>2026-08-12T14:17:11.000Z</time>
        <extensions>
          <ns3:TrackPointExtension>
            <ns3:hr>144</ns3:hr>
            <ns3:cad>89</ns3:cad>
          </ns3:TrackPointExtension>
        </extensions>
      </trkpt>
      <trkpt lat="24.49066638015210628509521484375" lon="118.1492483429610729217529296875">
        <ele>24.200000762939453125</ele>
        <time>2026-08-12T14:17:12.000Z</time>
        <extensions>
          <ns3:TrackPointExtension>
            <ns3:hr>145</ns3:hr>
            <ns3:cad>89</ns3:cad>
          </ns3:TrackPointExtension>
        </extensions>
      </trkpt>
      <trkpt lat="24.4906471855938434600830078125" lon="118.149243481457233428955078125">
        <ele>24.200000762939453125</ele>
        <time>2026-08-12T14:17:13.000Z</time>
        <extensions>
          <ns3:TrackPointExtension>
            <ns3:hr>145</ns3:hr>
            <ns3:cad>88</ns3:cad>
          </ns3:TrackPointExtension>
        </extensions>
      </trkpt>
      <trkpt lat="24.49061818420886993408203125" lon="118.1492288969457149505615234375">
        <ele>24.200000762939453125</ele>
        <time>2026-08-12T14:17:14.000Z</time>
        <extensions>
          <ns3:TrackPointExtension>
            <ns3:hr>144</ns3:hr>
            <ns3:cad>87</ns3:cad>
          </ns3:TrackPointExtension>
        </extensions>
      </trkpt>
      <trkpt lat="24.49060016311705112457275390625" lon="118.1492255441844463348388671875">
        <ele>24.200000762939453125</ele>
        <time>2026-08-12T14:17:15.000Z</time>
        <extensions>
          <ns3:TrackPointExtension>
            <ns3:hr>144</ns3:hr>
            <ns3:cad>87</ns3:cad>
          </ns3:TrackPointExtension>
        </extensions>
      </trkpt>
      <trkpt lat="24.49057099409401416778564453125" lon="118.14921439625322818756103515625">
        <ele>24.200000762939453125</ele>
        <time>2026-08-12T14:17:16.000Z</time>
        <extensions>
          <ns3:TrackPointExtension>
            <ns3:hr>144</ns3:hr>
            <ns3:cad>87</ns3:cad>
          </ns3:TrackPointExtension>
        </extensions>
      </trkpt>
      <trkpt lat="24.490550458431243896484375" lon="118.14920735545456409454345703125">
        <ele>24.200000762939453125</ele>
        <time>2026-08-12T14:17:17.000Z</time>
        <extensions>
          <ns3:TrackPointExtension>
            <ns3:hr>145</ns3:hr>
            <ns3:cad>87</ns3:cad>
          </ns3:TrackPointExtension>
        </extensions>
      </trkpt>
      <trkpt lat="24.49052288196980953216552734375" lon="118.14919830299913883209228515625">
        <ele>24.200000762939453125</ele>
        <time>2026-08-12T14:17:18.000Z</time>
        <extensions>
          <ns3:TrackPointExtension>
            <ns3:hr>144</ns3:hr>
            <ns3:cad>88</ns3:cad>
          </ns3:TrackPointExtension>
        </extensions>
      </trkpt>
      <trkpt lat="24.49050276540219783782958984375" lon="118.1491879932582378387451171875">
        <ele>24.200000762939453125</ele>
        <time>2026-08-12T14:17:19.000Z</time>
        <extensions>
          <ns3:TrackPointExtension>
            <ns3:hr>144</ns3:hr>
            <ns3:cad>88</ns3:cad>
          </ns3:TrackPointExtension>
        </extensions>
      </trkpt>
      <trkpt lat="24.49047996662557125091552734375" lon="118.1491775996983051300048828125">
        <ele>24.200000762939453125</ele>
        <time>2026-08-12T14:17:20.000Z</time>
        <extensions>
          <ns3:TrackPointExtension>
            <ns3:hr>144</ns3:hr>
            <ns3:cad>89</ns3:cad>
          </ns3:TrackPointExtension>
        </extensions>
      </trkpt>
      <trkpt lat="24.490460269153118133544921875" lon="118.14916695468127727508544921875">
        <ele>24.200000762939453125</ele>
        <time>2026-08-12T14:17:21.000Z</time>
        <extensions>
          <ns3:TrackPointExtension>
            <ns3:hr>145</ns3:hr>
            <ns3:cad>89</ns3:cad>
          </ns3:TrackPointExtension>
        </extensions>
      </trkpt>
      <trkpt lat="24.49043906293809413909912109375" lon="118.14915806986391544342041015625">
        <ele>24.200000762939453125</ele>
        <time>2026-08-12T14:17:22.000Z</time>
        <extensions>
          <ns3:TrackPointExtension>
            <ns3:hr>145</ns3:hr>
            <ns3:cad>88</ns3:cad>
          </ns3:TrackPointExtension>
        </extensions>
      </trkpt>
      <trkpt lat="24.4904155097901821136474609375" lon="118.14914599992334842681884765625">
        <ele>24.200000762939453125</ele>
        <time>2026-08-12T14:17:23.000Z</time>
        <extensions>
          <ns3:TrackPointExtension>
            <ns3:hr>145</ns3:hr>
            <ns3:cad>88</ns3:cad>
          </ns3:TrackPointExtension>
        </extensions>
      </trkpt>
      <trkpt lat="24.490397907793521881103515625" lon="118.14914264716207981109619140625">
        <ele>24.200000762939453125</ele>
        <time>2026-08-12T14:17:24.000Z</time>
        <extensions>
          <ns3:TrackPointExtension>
            <ns3:hr>145</ns3:hr>
            <ns3:cad>88</ns3:cad>
          </ns3:TrackPointExtension>
        </extensions>
      </trkpt>
      <trkpt lat="24.4903685711324214935302734375" lon="118.14913124777376651763916015625">
        <ele>24.200000762939453125</ele>
        <time>2026-08-12T14:17:25.000Z</time>
        <extensions>
          <ns3:TrackPointExtension>
            <ns3:hr>146</ns3:hr>
            <ns3:cad>87</ns3:cad>
          </ns3:TrackPointExtension>
        </extensions>
      </trkpt>
      <trkpt lat="24.49034669436514377593994140625" lon="118.14912839792668819427490234375">
        <ele>24.200000762939453125</ele>
        <time>2026-08-12T14:17:26.000Z</time>
        <extensions>
          <ns3:TrackPointExtension>
            <ns3:hr>146</ns3:hr>
            <ns3:cad>88</ns3:cad>
          </ns3:TrackPointExtension>
        </extensions>
      </trkpt>
      <trkpt lat="24.49031165800988674163818359375" lon="118.14911238849163055419921875">
        <ele>24.3999996185302734375</ele>
        <time>2026-08-12T14:17:27.000Z</time>
        <extensions>
          <ns3:TrackPointExtension>
            <ns3:hr>146</ns3:hr>
            <ns3:cad>88</ns3:cad>
          </ns3:TrackPointExtension>
        </extensions>
      </trkpt>
      <trkpt lat="24.490291960537433624267578125" lon="118.14910291694104671478271484375">
        <ele>24.3999996185302734375</ele>
        <time>2026-08-12T14:17:28.000Z</time>
        <extensions>
          <ns3:TrackPointExtension>
            <ns3:hr>147</ns3:hr>
            <ns3:cad>89</ns3:cad>
          </ns3:TrackPointExtension>
        </extensions>
      </trkpt>
      <trkpt lat="24.49026321060955524444580078125" lon="118.14908514730632305145263671875">
        <ele>24.3999996185302734375</ele>
        <time>2026-08-12T14:17:29.000Z</time>
        <extensions>
          <ns3:TrackPointExtension>
            <ns3:hr>147</ns3:hr>
            <ns3:cad>89</ns3:cad>
          </ns3:TrackPointExtension>
        </extensions>
      </trkpt>
      <trkpt lat="24.490243010222911834716796875" lon="118.14907575957477092742919921875">
        <ele>24.3999996185302734375</ele>
        <time>2026-08-12T14:17:30.000Z</time>
        <extensions>
          <ns3:TrackPointExtension>
            <ns3:hr>147</ns3:hr>
            <ns3:cad>89</ns3:cad>
          </ns3:TrackPointExtension>
        </extensions>
      </trkpt>
      <trkpt lat="24.49021308682858943939208984375" lon="118.1490532122552394866943359375">
        <ele>24.3999996185302734375</ele>
        <time>2026-08-12T14:17:31.000Z</time>
        <extensions>
          <ns3:TrackPointExtension>
            <ns3:hr>147</ns3:hr>
            <ns3:cad>88</ns3:cad>
          </ns3:TrackPointExtension>
        </extensions>
      </trkpt>
      <trkpt lat="24.49019364081323146820068359375" lon="118.14904533326625823974609375">
        <ele>24.3999996185302734375</ele>
        <time>2026-08-12T14:17:32.000Z</time>
        <extensions>
          <ns3:TrackPointExtension>
            <ns3:hr>148</ns3:hr>
            <ns3:cad>88</ns3:cad>
          </ns3:TrackPointExtension>
        </extensions>
      </trkpt>
      <trkpt lat="24.4901647232472896575927734375" lon="118.1490310840308666229248046875">
        <ele>24.3999996185302734375</ele>
        <time>2026-08-12T14:17:33.000Z</time>
        <extensions>
          <ns3:TrackPointExtension>
            <ns3:hr>148</ns3:hr>
            <ns3:cad>87</ns3:cad>
          </ns3:TrackPointExtension>
        </extensions>
      </trkpt>
      <trkpt lat="24.490146450698375701904296875" lon="118.14902295358479022979736328125">
        <ele>24.3999996185302734375</ele>
        <time>2026-08-12T14:17:34.000Z</time>
        <extensions>
          <ns3:TrackPointExtension>
            <ns3:hr>148</ns3:hr>
            <ns3:cad>88</ns3:cad>
          </ns3:TrackPointExtension>
        </extensions>
      </trkpt>
      <trkpt lat="24.4901201315224170684814453125" lon="118.149014823138713836669921875">
        <ele>24.3999996185302734375</ele>
        <time>2026-08-12T14:17:35.000Z</time>
        <extensions>
          <ns3:TrackPointExtension>
            <ns3:hr>147</ns3:hr>
            <ns3:cad>88</ns3:cad>
          </ns3:TrackPointExtension>
        </extensions>
      </trkpt>
      <trkpt lat="24.49009657837450504302978515625" lon="118.14900401048362255096435546875">
        <ele>24.3999996185302734375</ele>
        <time>2026-08-12T14:17:36.000Z</time>
        <extensions>
          <ns3:TrackPointExtension>
            <ns3:hr>147</ns3:hr>
            <ns3:cad>89</ns3:cad>
          </ns3:TrackPointExtension>
        </extensions>
      </trkpt>
      <trkpt lat="24.49007277376949787139892578125" lon="118.148996718227863311767578125">
        <ele>24.3999996185302734375</ele>
        <time>2026-08-12T14:17:37.000Z</time>
        <extensions>
          <ns3:TrackPointExtension>
            <ns3:hr>147</ns3:hr>
            <ns3:cad>88</ns3:cad>
          </ns3:TrackPointExtension>
        </extensions>
      </trkpt>
      <trkpt lat="24.49004360474646091461181640625" lon="118.14898104406893253326416015625">
        <ele>24.3999996185302734375</ele>
        <time>2026-08-12T14:17:38.000Z</time>
        <extensions>
          <ns3:TrackPointExtension>
            <ns3:hr>146</ns3:hr>
            <ns3:cad>88</ns3:cad>
          </ns3:TrackPointExtension>
        </extensions>
      </trkpt>
      <trkpt lat="24.49002164416015148162841796875" lon="118.14897559583187103271484375">
        <ele>24.3999996185302734375</ele>
        <time>2026-08-12T14:17:39.000Z</time>
        <extensions>
          <ns3:TrackPointExtension>
            <ns3:hr>144</ns3:hr>
            <ns3:cad>88</ns3:cad>
          </ns3:TrackPointExtension>
        </extensions>
      </trkpt>
      <trkpt lat="24.49000169523060321807861328125" lon="118.14894877374172210693359375">
        <ele>24.3999996185302734375</ele>
        <time>2026-08-12T14:17:40.000Z</time>
        <extensions>
          <ns3:TrackPointExtension>
            <ns3:hr>143</ns3:hr>
            <ns3:cad>87</ns3:cad>
          </ns3:TrackPointExtension>
        </extensions>
      </trkpt>
      <trkpt lat="24.489996246993541717529296875" lon="118.14893377013504505157470703125">
        <ele>24.3999996185302734375</ele>
        <time>2026-08-12T14:17:41.000Z</time>
        <extensions>
          <ns3:TrackPointExtension>
            <ns3:hr>142</ns3:hr>
            <ns3:cad>87</ns3:cad>
          </ns3:TrackPointExtension>
        </extensions>
      </trkpt>
      <trkpt lat="24.48999130167067050933837890625" lon="118.14892119728028774261474609375">
        <ele>24.6000003814697265625</ele>
        <time>2026-08-12T14:17:42.000Z</time>
        <extensions>
          <ns3:TrackPointExtension>
            <ns3:hr>142</ns3:hr>
            <ns3:cad>87</ns3:cad>
          </ns3:TrackPointExtension>
        </extensions>
      </trkpt>
      <trkpt lat="24.489997588098049163818359375" lon="118.14889915287494659423828125">
        <ele>24</ele>
        <time>2026-08-12T14:18:08.000Z</time>
        <extensions>
          <ns3:TrackPointExtension>
            <ns3:hr>138</ns3:hr>
            <ns3:cad>0</ns3:cad>
          </ns3:TrackPointExtension>
        </extensions>
      </trkpt>
      <trkpt lat="24.49000823311507701873779296875" lon="118.14887325279414653778076171875">
        <ele>23.799999237060546875</ele>
        <time>2026-08-12T14:18:09.000Z</time>
        <extensions>
          <ns3:TrackPointExtension>
            <ns3:hr>136</ns3:hr>
            <ns3:cad>0</ns3:cad>
          </ns3:TrackPointExtension>
        </extensions>
      </trkpt>
      <trkpt lat="24.490025080740451812744140625" lon="118.148858584463596343994140625">
        <ele>23.799999237060546875</ele>
        <time>2026-08-12T14:18:10.000Z</time>
        <extensions>
          <ns3:TrackPointExtension>
            <ns3:hr>135</ns3:hr>
            <ns3:cad>0</ns3:cad>
          </ns3:TrackPointExtension>
        </extensions>
      </trkpt>
      <trkpt lat="24.4900406710803508758544921875" lon="118.14883536659181118011474609375">
        <ele>23.6000003814697265625</ele>
        <time>2026-08-12T14:18:11.000Z</time>
        <extensions>
          <ns3:TrackPointExtension>
            <ns3:hr>134</ns3:hr>
            <ns3:cad>0</ns3:cad>
          </ns3:TrackPointExtension>
        </extensions>
      </trkpt>
      <trkpt lat="24.49005852453410625457763671875" lon="118.148814998567104339599609375">
        <ele>23.6000003814697265625</ele>
        <time>2026-08-12T14:18:12.000Z</time>
        <extensions>
          <ns3:TrackPointExtension>
            <ns3:hr>134</ns3:hr>
            <ns3:cad>0</ns3:cad>
          </ns3:TrackPointExtension>
        </extensions>
      </trkpt>
      <trkpt lat="24.4900698401033878326416015625" lon="118.14879245124757289886474609375">
        <ele>23.3999996185302734375</ele>
        <time>2026-08-12T14:18:13.000Z</time>
        <extensions>
          <ns3:TrackPointExtension>
            <ns3:hr>134</ns3:hr>
            <ns3:cad>88</ns3:cad>
          </ns3:TrackPointExtension>
        </extensions>
      </trkpt>
      <trkpt lat="24.4900829158723354339599609375" lon="118.148766048252582550048828125">
        <ele>23.6000003814697265625</ele>
        <time>2026-08-12T14:18:14.000Z</time>
        <extensions>
          <ns3:TrackPointExtension>
            <ns3:hr>134</ns3:hr>
            <ns3:cad>89</ns3:cad>
          </ns3:TrackPointExtension>
        </extensions>
      </trkpt>
      <trkpt lat="24.4900943152606487274169921875" lon="118.1487417407333850860595703125">
        <ele>23.6000003814697265625</ele>
        <time>2026-08-12T14:18:15.000Z</time>
        <extensions>
          <ns3:TrackPointExtension>
            <ns3:hr>135</ns3:hr>
            <ns3:cad>89</ns3:cad>
          </ns3:TrackPointExtension>
        </extensions>
      </trkpt>
      <trkpt lat="24.49011032469570636749267578125" lon="118.1487222947180271148681640625">
        <ele>23.6000003814697265625</ele>
        <time>2026-08-12T14:18:16.000Z</time>
        <extensions>
          <ns3:TrackPointExtension>
            <ns3:hr>134</ns3:hr>
            <ns3:cad>89</ns3:cad>
          </ns3:TrackPointExtension>
        </extensions>
      </trkpt>
      <trkpt lat="24.4901127554476261138916015625" lon="118.1487162597477436065673828125">
        <ele>23.799999237060546875</ele>
        <time>2026-08-12T14:18:17.000Z</time>
        <extensions>
          <ns3:TrackPointExtension>
            <ns3:hr>134</ns3:hr>
            <ns3:cad>89</ns3:cad>
          </ns3:TrackPointExtension>
        </extensions>
      </trkpt>
      <trkpt lat="24.49011200107634067535400390625" lon="118.14870963804423809051513671875">
        <ele>22.799999237060546875</ele>
        <time>2026-08-12T14:18:41.000Z</time>
        <extensions>
          <ns3:TrackPointExtension>
            <ns3:hr>126</ns3:hr>
            <ns3:cad>0</ns3:cad>
          </ns3:TrackPointExtension>
        </extensions>
      </trkpt>
      <trkpt lat="24.4901124201714992523193359375" lon="118.14869723282754421234130859375">
        <ele>22.799999237060546875</ele>
        <time>2026-08-12T14:18:42.000Z</time>
        <extensions>
          <ns3:TrackPointExtension>
            <ns3:hr>127</ns3:hr>
            <ns3:cad>0</ns3:cad>
          </ns3:TrackPointExtension>
        </extensions>
      </trkpt>
      <trkpt lat="24.49012239463627338409423828125" lon="118.1486773677170276641845703125">
        <ele>22.799999237060546875</ele>
        <time>2026-08-12T14:18:43.000Z</time>
        <extensions>
          <ns3:TrackPointExtension>
            <ns3:hr>127</ns3:hr>
            <ns3:cad>0</ns3:cad>
          </ns3:TrackPointExtension>
        </extensions>
      </trkpt>
      <trkpt lat="24.490145109593868255615234375" lon="118.1486525572836399078369140625">
        <ele>22.799999237060546875</ele>
        <time>2026-08-12T14:18:44.000Z</time>
        <extensions>
          <ns3:TrackPointExtension>
            <ns3:hr>126</ns3:hr>
            <ns3:cad>0</ns3:cad>
          </ns3:TrackPointExtension>
        </extensions>
      </trkpt>
      <trkpt lat="24.49016153812408447265625" lon="118.14863151870667934417724609375">
        <ele>22.799999237060546875</ele>
        <time>2026-08-12T14:18:45.000Z</time>
        <extensions>
          <ns3:TrackPointExtension>
            <ns3:hr>125</ns3:hr>
            <ns3:cad>0</ns3:cad>
          </ns3:TrackPointExtension>
        </extensions>
      </trkpt>
      <trkpt lat="24.49018475599586963653564453125" lon="118.1486099772155284881591796875">
        <ele>22.799999237060546875</ele>
        <time>2026-08-12T14:18:46.000Z</time>
        <extensions>
          <ns3:TrackPointExtension>
            <ns3:hr>125</ns3:hr>
            <ns3:cad>91</ns3:cad>
          </ns3:TrackPointExtension>
        </extensions>
      </trkpt>
      <trkpt lat="24.49019481427967548370361328125" lon="118.14859145320951938629150390625">
        <ele>22.6000003814697265625</ele>
        <time>2026-08-12T14:18:47.000Z</time>
        <extensions>
          <ns3:TrackPointExtension>
            <ns3:hr>126</ns3:hr>
            <ns3:cad>91</ns3:cad>
          </ns3:TrackPointExtension>
        </extensions>
      </trkpt>
      <trkpt lat="24.4902083091437816619873046875" lon="118.148565553128719329833984375">
        <ele>22.6000003814697265625</ele>
        <time>2026-08-12T14:18:48.000Z</time>
        <extensions>
          <ns3:TrackPointExtension>
            <ns3:hr>126</ns3:hr>
            <ns3:cad>91</ns3:cad>
          </ns3:TrackPointExtension>
        </extensions>
      </trkpt>
      <trkpt lat="24.49022079817950725555419921875" lon="118.1485378928482532501220703125">
        <ele>22.6000003814697265625</ele>
        <time>2026-08-12T14:18:49.000Z</time>
        <extensions>
          <ns3:TrackPointExtension>
            <ns3:hr>126</ns3:hr>
            <ns3:cad>91</ns3:cad>
          </ns3:TrackPointExtension>
        </extensions>
      </trkpt>
      <trkpt lat="24.49023102410137653350830078125" lon="118.14850612543523311614990234375">
        <ele>22.799999237060546875</ele>
        <time>2026-08-12T14:18:50.000Z</time>
        <extensions>
          <ns3:TrackPointExtension>
            <ns3:hr>125</ns3:hr>
            <ns3:cad>91</ns3:cad>
          </ns3:TrackPointExtension>
        </extensions>
      </trkpt>
      <trkpt lat="24.4902378134429454803466796875" lon="118.1484765373170375823974609375">
        <ele>22.799999237060546875</ele>
        <time>2026-08-12T14:18:51.000Z</time>
        <extensions>
          <ns3:TrackPointExtension>
            <ns3:hr>125</ns3:hr>
            <ns3:cad>90</ns3:cad>
          </ns3:TrackPointExtension>
        </extensions>
      </trkpt>
      <trkpt lat="24.4902378134429454803466796875" lon="118.14844845794141292572021484375">
        <ele>22.799999237060546875</ele>
        <time>2026-08-12T14:18:52.000Z</time>
        <extensions>
          <ns3:TrackPointExtension>
            <ns3:hr>124</ns3:hr>
            <ns3:cad>92</ns3:cad>
          </ns3:TrackPointExtension>
        </extensions>
      </trkpt>
      <trkpt lat="24.49024292640388011932373046875" lon="118.14841476269066333770751953125">
        <ele>23</ele>
        <time>2026-08-12T14:18:53.000Z</time>
        <extensions>
          <ns3:TrackPointExtension>
            <ns3:hr>124</ns3:hr>
            <ns3:cad>93</ns3:cad>
          </ns3:TrackPointExtension>
        </extensions>
      </trkpt>
      <trkpt lat="24.4902522303164005279541015625" lon="118.14839028753340244293212890625">
        <ele>23</ele>
        <time>2026-08-12T14:18:54.000Z</time>
        <extensions>
          <ns3:TrackPointExtension>
            <ns3:hr>123</ns3:hr>
            <ns3:cad>93</ns3:cad>
          </ns3:TrackPointExtension>
        </extensions>
      </trkpt>
      <trkpt lat="24.49026689864695072174072265625" lon="118.14835743047297000885009765625">
        <ele>23</ele>
        <time>2026-08-12T14:18:55.000Z</time>
        <extensions>
          <ns3:TrackPointExtension>
            <ns3:hr>121</ns3:hr>
            <ns3:cad>93</ns3:cad>
          </ns3:TrackPointExtension>
        </extensions>
      </trkpt>
      <trkpt lat="24.4902808964252471923828125" lon="118.1483313627541065216064453125">
        <ele>23.200000762939453125</ele>
        <time>2026-08-12T14:18:56.000Z</time>
        <extensions>
          <ns3:TrackPointExtension>
            <ns3:hr>120</ns3:hr>
            <ns3:cad>93</ns3:cad>
          </ns3:TrackPointExtension>
        </extensions>
      </trkpt>
      <trkpt lat="24.49029891751706600189208984375" lon="118.1483038701117038726806640625">
        <ele>23.200000762939453125</ele>
        <time>2026-08-12T14:18:57.000Z</time>
        <extensions>
          <ns3:TrackPointExtension>
            <ns3:hr>118</ns3:hr>
            <ns3:cad>92</ns3:cad>
          </ns3:TrackPointExtension>
        </extensions>
      </trkpt>
      <trkpt lat="24.4903092272579669952392578125" lon="118.148283921182155609130859375">
        <ele>23.200000762939453125</ele>
        <time>2026-08-12T14:18:58.000Z</time>
        <extensions>
          <ns3:TrackPointExtension>
            <ns3:hr>117</ns3:hr>
            <ns3:cad>92</ns3:cad>
          </ns3:TrackPointExtension>
        </extensions>
      </trkpt>
      <trkpt lat="24.49033227749168872833251953125" lon="118.1482609547674655914306640625">
        <ele>23.200000762939453125</ele>
        <time>2026-08-12T14:18:59.000Z</time>
        <extensions>
          <ns3:TrackPointExtension>
            <ns3:hr>116</ns3:hr>
            <ns3:cad>92</ns3:cad>
          </ns3:TrackPointExtension>
        </extensions>
      </trkpt>
      <trkpt lat="24.4903457723557949066162109375" lon="118.14824108965694904327392578125">
        <ele>23.3999996185302734375</ele>
        <time>2026-08-12T14:19:00.000Z</time>
        <extensions>
          <ns3:TrackPointExtension>
            <ns3:hr>115</ns3:hr>
            <ns3:cad>93</ns3:cad>
          </ns3:TrackPointExtension>
        </extensions>
      </trkpt>
      <trkpt lat="24.49036882258951663970947265625" lon="118.1482203863561153411865234375">
        <ele>23.3999996185302734375</ele>
        <time>2026-08-12T14:19:01.000Z</time>
        <extensions>
          <ns3:TrackPointExtension>
            <ns3:hr>114</ns3:hr>
            <ns3:cad>93</ns3:cad>
          </ns3:TrackPointExtension>
        </extensions>
      </trkpt>
      <trkpt lat="24.49038055725395679473876953125" lon="118.14820018596947193145751953125">
        <ele>23.6000003814697265625</ele>
        <time>2026-08-12T14:19:02.000Z</time>
        <extensions>
          <ns3:TrackPointExtension>
            <ns3:hr>114</ns3:hr>
            <ns3:cad>92</ns3:cad>
          </ns3:TrackPointExtension>
        </extensions>
      </trkpt>
      <trkpt lat="24.49039757251739501953125" lon="118.1481711007654666900634765625">
        <ele>23.6000003814697265625</ele>
        <time>2026-08-12T14:19:03.000Z</time>
        <extensions>
          <ns3:TrackPointExtension>
            <ns3:hr>115</ns3:hr>
            <ns3:cad>92</ns3:cad>
          </ns3:TrackPointExtension>
        </extensions>
      </trkpt>
      <trkpt lat="24.490402601659297943115234375" lon="118.1481449492275714874267578125">
        <ele>23.6000003814697265625</ele>
        <time>2026-08-12T14:19:04.000Z</time>
        <extensions>
          <ns3:TrackPointExtension>
            <ns3:hr>116</ns3:hr>
            <ns3:cad>92</ns3:cad>
          </ns3:TrackPointExtension>
        </extensions>
      </trkpt>
      <trkpt lat="24.49041576124727725982666015625" lon="118.1481164507567882537841796875">
        <ele>23.6000003814697265625</ele>
        <time>2026-08-12T14:19:05.000Z</time>
        <extensions>
          <ns3:TrackPointExtension>
            <ns3:hr>116</ns3:hr>
            <ns3:cad>91</ns3:cad>
          </ns3:TrackPointExtension>
        </extensions>
      </trkpt>
      <trkpt lat="24.4904230535030364990234375" lon="118.14808954484760761260986328125">
        <ele>23.6000003814697265625</ele>
        <time>2026-08-12T14:19:06.000Z</time>
        <extensions>
          <ns3:TrackPointExtension>
            <ns3:hr>117</ns3:hr>
            <ns3:cad>91</ns3:cad>
          </ns3:TrackPointExtension>
        </extensions>
      </trkpt>
      <trkpt lat="24.49043856002390384674072265625" lon="118.1480651535093784332275390625">
        <ele>23.6000003814697265625</ele>
        <time>2026-08-12T14:19:07.000Z</time>
        <extensions>
          <ns3:TrackPointExtension>
            <ns3:hr>117</ns3:hr>
            <ns3:cad>92</ns3:cad>
          </ns3:TrackPointExtension>
        </extensions>
      </trkpt>
      <trkpt lat="24.490450210869312286376953125" lon="118.14803816378116607666015625">
        <ele>23.6000003814697265625</ele>
        <time>2026-08-12T14:19:08.000Z</time>
        <extensions>
          <ns3:TrackPointExtension>
            <ns3:hr>118</ns3:hr>
            <ns3:cad>92</ns3:cad>
          </ns3:TrackPointExtension>
        </extensions>
      </trkpt>
      <trkpt lat="24.4904624484479427337646484375" lon="118.1480101682245731353759765625">
        <ele>23.6000003814697265625</ele>
        <time>2026-08-12T14:19:09.000Z</time>
        <extensions>
          <ns3:TrackPointExtension>
            <ns3:hr>119</ns3:hr>
            <ns3:cad>92</ns3:cad>
          </ns3:TrackPointExtension>
        </extensions>
      </trkpt>
      <trkpt lat="24.49047359637916088104248046875" lon="118.14798292703926563262939453125">
        <ele>23.6000003814697265625</ele>
        <time>2026-08-12T14:19:10.000Z</time>
        <extensions>
          <ns3:TrackPointExtension>
            <ns3:hr>121</ns3:hr>
            <ns3:cad>91</ns3:cad>
          </ns3:TrackPointExtension>
        </extensions>
      </trkpt>
      <trkpt lat="24.4904912821948528289794921875" lon="118.14795509912073612213134765625">
        <ele>23.6000003814697265625</ele>
        <time>2026-08-12T14:19:11.000Z</time>
        <extensions>
          <ns3:TrackPointExtension>
            <ns3:hr>123</ns3:hr>
            <ns3:cad>90</ns3:cad>
          </ns3:TrackPointExtension>
        </extensions>
      </trkpt>
      <trkpt lat="24.49050150811672210693359375" lon="118.14793288707733154296875">
        <ele>23.6000003814697265625</ele>
        <time>2026-08-12T14:19:12.000Z</time>
        <extensions>
          <ns3:TrackPointExtension>
            <ns3:hr>126</ns3:hr>
            <ns3:cad>90</ns3:cad>
          </ns3:TrackPointExtension>
        </extensions>
      </trkpt>
      <trkpt lat="24.4905154220759868621826171875" lon="118.1479069031774997711181640625">
        <ele>23.6000003814697265625</ele>
        <time>2026-08-12T14:19:13.000Z</time>
        <extensions>
          <ns3:TrackPointExtension>
            <ns3:hr>127</ns3:hr>
            <ns3:cad>90</ns3:cad>
          </ns3:TrackPointExtension>
        </extensions>
      </trkpt>
      <trkpt lat="24.490530677139759063720703125" lon="118.14788502641022205352783203125">
        <ele>23.799999237060546875</ele>
        <time>2026-08-12T14:19:14.000Z</time>
        <extensions>
          <ns3:TrackPointExtension>
            <ns3:hr>128</ns3:hr>
            <ns3:cad>90</ns3:cad>
          </ns3:TrackPointExtension>
        </extensions>
      </trkpt>
      <trkpt lat="24.4905455969274044036865234375" lon="118.147861473262310028076171875">
        <ele>23.799999237060546875</ele>
        <time>2026-08-12T14:19:15.000Z</time>
        <extensions>
          <ns3:TrackPointExtension>
            <ns3:hr>129</ns3:hr>
            <ns3:cad>90</ns3:cad>
          </ns3:TrackPointExtension>
        </extensions>
      </trkpt>
      <trkpt lat="24.490558169782161712646484375" lon="118.147835992276668548583984375">
        <ele>23.799999237060546875</ele>
        <time>2026-08-12T14:19:16.000Z</time>
        <extensions>
          <ns3:TrackPointExtension>
            <ns3:hr>129</ns3:hr>
            <ns3:cad>90</ns3:cad>
          </ns3:TrackPointExtension>
        </extensions>
      </trkpt>
      <trkpt lat="24.49057769961655139923095703125" lon="118.14780724234879016876220703125">
        <ele>23.799999237060546875</ele>
        <time>2026-08-12T14:19:17.000Z</time>
        <extensions>
          <ns3:TrackPointExtension>
            <ns3:hr>130</ns3:hr>
            <ns3:cad>91</ns3:cad>
          </ns3:TrackPointExtension>
        </extensions>
      </trkpt>
      <trkpt lat="24.49058976955711841583251953125" lon="118.147778995335102081298828125">
        <ele>24</ele>
        <time>2026-08-12T14:19:18.000Z</time>
        <extensions>
          <ns3:TrackPointExtension>
            <ns3:hr>130</ns3:hr>
            <ns3:cad>91</ns3:cad>
          </ns3:TrackPointExtension>
        </extensions>
      </trkpt>
      <trkpt lat="24.49060569517314434051513671875" lon="118.14775410108268260955810546875">
        <ele>24</ele>
        <time>2026-08-12T14:19:19.000Z</time>
        <extensions>
          <ns3:TrackPointExtension>
            <ns3:hr>131</ns3:hr>
            <ns3:cad>89</ns3:cad>
          </ns3:TrackPointExtension>
        </extensions>
      </trkpt>
      <trkpt lat="24.49061952531337738037109375" lon="118.14772744663059711456298828125">
        <ele>23.799999237060546875</ele>
        <time>2026-08-12T14:19:20.000Z</time>
        <extensions>
          <ns3:TrackPointExtension>
            <ns3:hr>132</ns3:hr>
            <ns3:cad>89</ns3:cad>
          </ns3:TrackPointExtension>
        </extensions>
      </trkpt>
      <trkpt lat="24.49063964188098907470703125" lon="118.1477008759975433349609375">
        <ele>23.799999237060546875</ele>
        <time>2026-08-12T14:19:21.000Z</time>
        <extensions>
          <ns3:TrackPointExtension>
            <ns3:hr>133</ns3:hr>
            <ns3:cad>89</ns3:cad>
          </ns3:TrackPointExtension>
        </extensions>
      </trkpt>
      <trkpt lat="24.49064693413674831390380859375" lon="118.14767749048769474029541015625">
        <ele>23.799999237060546875</ele>
        <time>2026-08-12T14:19:22.000Z</time>
        <extensions>
          <ns3:TrackPointExtension>
            <ns3:hr>133</ns3:hr>
            <ns3:cad>89</ns3:cad>
          </ns3:TrackPointExtension>
        </extensions>
      </trkpt>
      <trkpt lat="24.4906612671911716461181640625" lon="118.1476517580449581146240234375">
        <ele>23.799999237060546875</ele>
        <time>2026-08-12T14:19:23.000Z</time>
        <extensions>
          <ns3:TrackPointExtension>
            <ns3:hr>133</ns3:hr>
            <ns3:cad>90</ns3:cad>
          </ns3:TrackPointExtension>
        </extensions>
      </trkpt>
      <trkpt lat="24.49067451059818267822265625" lon="118.14762644469738006591796875">
        <ele>23.799999237060546875</ele>
        <time>2026-08-12T14:19:24.000Z</time>
        <extensions>
          <ns3:TrackPointExtension>
            <ns3:hr>134</ns3:hr>
            <ns3:cad>91</ns3:cad>
          </ns3:TrackPointExtension>
        </extensions>
      </trkpt>
      <trkpt lat="24.4906917773187160491943359375" lon="118.147601969540119171142578125">
        <ele>24</ele>
        <time>2026-08-12T14:19:25.000Z</time>
        <extensions>
          <ns3:TrackPointExtension>
            <ns3:hr>134</ns3:hr>
            <ns3:cad>91</ns3:cad>
          </ns3:TrackPointExtension>
        </extensions>
      </trkpt>
      <trkpt lat="24.49070376344025135040283203125" lon="118.1475753150880336761474609375">
        <ele>24</ele>
        <time>2026-08-12T14:19:26.000Z</time>
        <extensions>
          <ns3:TrackPointExtension>
            <ns3:hr>134</ns3:hr>
            <ns3:cad>89</ns3:cad>
          </ns3:TrackPointExtension>
        </extensions>
      </trkpt>
      <trkpt lat="24.4907219521701335906982421875" lon="118.147551678121089935302734375">
        <ele>24</ele>
        <time>2026-08-12T14:19:27.000Z</time>
        <extensions>
          <ns3:TrackPointExtension>
            <ns3:hr>135</ns3:hr>
            <ns3:cad>88</ns3:cad>
          </ns3:TrackPointExtension>
        </extensions>
      </trkpt>
      <trkpt lat="24.49073427356779575347900390625" lon="118.14752410165965557098388671875">
        <ele>24</ele>
        <time>2026-08-12T14:19:28.000Z</time>
        <extensions>
          <ns3:TrackPointExtension>
            <ns3:hr>135</ns3:hr>
            <ns3:cad>88</ns3:cad>
          </ns3:TrackPointExtension>
        </extensions>
      </trkpt>
      <trkpt lat="24.49075137265026569366455078125" lon="118.14750079996883869171142578125">
        <ele>24.200000762939453125</ele>
        <time>2026-08-12T14:19:29.000Z</time>
        <extensions>
          <ns3:TrackPointExtension>
            <ns3:hr>135</ns3:hr>
            <ns3:cad>88</ns3:cad>
          </ns3:TrackPointExtension>
        </extensions>
      </trkpt>
      <trkpt lat="24.49076344259083271026611328125" lon="118.14747624099254608154296875">
        <ele>24.200000762939453125</ele>
        <time>2026-08-12T14:19:30.000Z</time>
        <extensions>
          <ns3:TrackPointExtension>
            <ns3:hr>136</ns3:hr>
            <ns3:cad>88</ns3:cad>
          </ns3:TrackPointExtension>
        </extensions>
      </trkpt>
      <trkpt lat="24.49078322388231754302978515625" lon="118.14745050854980945587158203125">
        <ele>24.200000762939453125</ele>
        <time>2026-08-12T14:19:31.000Z</time>
        <extensions>
          <ns3:TrackPointExtension>
            <ns3:hr>137</ns3:hr>
            <ns3:cad>89</ns3:cad>
          </ns3:TrackPointExtension>
        </extensions>
      </trkpt>
      <trkpt lat="24.490791521966457366943359375" lon="118.14742888323962688446044921875">
        <ele>24.200000762939453125</ele>
        <time>2026-08-12T14:19:32.000Z</time>
        <extensions>
          <ns3:TrackPointExtension>
            <ns3:hr>137</ns3:hr>
            <ns3:cad>89</ns3:cad>
          </ns3:TrackPointExtension>
        </extensions>
      </trkpt>
      <trkpt lat="24.49081038124859333038330078125" lon="118.14740172587335109710693359375">
        <ele>24.200000762939453125</ele>
        <time>2026-08-12T14:19:33.000Z</time>
        <extensions>
          <ns3:TrackPointExtension>
            <ns3:hr>138</ns3:hr>
            <ns3:cad>90</ns3:cad>
          </ns3:TrackPointExtension>
        </extensions>
      </trkpt>
      <trkpt lat="24.49082027189433574676513671875" lon="118.14738127402961254119873046875">
        <ele>24.200000762939453125</ele>
        <time>2026-08-12T14:19:34.000Z</time>
        <extensions>
          <ns3:TrackPointExtension>
            <ns3:hr>139</ns3:hr>
            <ns3:cad>90</ns3:cad>
          </ns3:TrackPointExtension>
        </extensions>
      </trkpt>
      <trkpt lat="24.4908369518816471099853515625" lon="118.1473557092249393463134765625">
        <ele>24.200000762939453125</ele>
        <time>2026-08-12T14:19:35.000Z</time>
        <extensions>
          <ns3:TrackPointExtension>
            <ns3:hr>140</ns3:hr>
            <ns3:cad>90</ns3:cad>
          </ns3:TrackPointExtension>
        </extensions>
      </trkpt>
      <trkpt lat="24.49084240011870861053466796875" lon="118.1473376043140888214111328125">
        <ele>24.200000762939453125</ele>
        <time>2026-08-12T14:19:36.000Z</time>
        <extensions>
          <ns3:TrackPointExtension>
            <ns3:hr>140</ns3:hr>
            <ns3:cad>89</ns3:cad>
          </ns3:TrackPointExtension>
        </extensions>
      </trkpt>
      <trkpt lat="24.4908600859344005584716796875" lon="118.14730902202427387237548828125">
        <ele>24.200000762939453125</ele>
        <time>2026-08-12T14:19:37.000Z</time>
        <extensions>
          <ns3:TrackPointExtension>
            <ns3:hr>141</ns3:hr>
            <ns3:cad>88</ns3:cad>
          </ns3:TrackPointExtension>
        </extensions>
      </trkpt>
      <trkpt lat="24.49086871929466724395751953125" lon="118.1472903303802013397216796875">
        <ele>24.200000762939453125</ele>
        <time>2026-08-12T14:19:38.000Z</time>
        <extensions>
          <ns3:TrackPointExtension>
            <ns3:hr>141</ns3:hr>
            <ns3:cad>89</ns3:cad>
          </ns3:TrackPointExtension>
        </extensions>
      </trkpt>
      <trkpt lat="24.490887410938739776611328125" lon="118.14726241864264011383056640625">
        <ele>24.200000762939453125</ele>
        <time>2026-08-12T14:19:39.000Z</time>
        <extensions>
          <ns3:TrackPointExtension>
            <ns3:hr>141</ns3:hr>
            <ns3:cad>89</ns3:cad>
          </ns3:TrackPointExtension>
        </extensions>
      </trkpt>
      <trkpt lat="24.49089855886995792388916015625" lon="118.14724314026534557342529296875">
        <ele>24.3999996185302734375</ele>
        <time>2026-08-12T14:19:40.000Z</time>
        <extensions>
          <ns3:TrackPointExtension>
            <ns3:hr>141</ns3:hr>
            <ns3:cad>90</ns3:cad>
          </ns3:TrackPointExtension>
        </extensions>
      </trkpt>
      <trkpt lat="24.4909160770475864410400390625" lon="118.1472148932516574859619140625">
        <ele>24.3999996185302734375</ele>
        <time>2026-08-12T14:19:41.000Z</time>
        <extensions>
          <ns3:TrackPointExtension>
            <ns3:hr>140</ns3:hr>
            <ns3:cad>90</ns3:cad>
          </ns3:TrackPointExtension>
        </extensions>
      </trkpt>
      <trkpt lat="24.49092621915042400360107421875" lon="118.1471954472362995147705078125">
        <ele>24.3999996185302734375</ele>
        <time>2026-08-12T14:19:42.000Z</time>
        <extensions>
          <ns3:TrackPointExtension>
            <ns3:hr>141</ns3:hr>
            <ns3:cad>89</ns3:cad>
          </ns3:TrackPointExtension>
        </extensions>
      </trkpt>
      <trkpt lat="24.4909445755183696746826171875" lon="118.147162757813930511474609375">
        <ele>24.3999996185302734375</ele>
        <time>2026-08-12T14:19:43.000Z</time>
        <extensions>
          <ns3:TrackPointExtension>
            <ns3:hr>140</ns3:hr>
            <ns3:cad>89</ns3:cad>
          </ns3:TrackPointExtension>
        </extensions>
      </trkpt>
      <trkpt lat="24.490952454507350921630859375" lon="118.147139288485050201416015625">
        <ele>24.3999996185302734375</ele>
        <time>2026-08-12T14:19:44.000Z</time>
        <extensions>
          <ns3:TrackPointExtension>
            <ns3:hr>141</ns3:hr>
            <ns3:cad>89</ns3:cad>
          </ns3:TrackPointExtension>
        </extensions>
      </trkpt>
      <trkpt lat="24.490970559418201446533203125" lon="118.147107772529125213623046875">
        <ele>24.3999996185302734375</ele>
        <time>2026-08-12T14:19:45.000Z</time>
        <extensions>
          <ns3:TrackPointExtension>
            <ns3:hr>141</ns3:hr>
            <ns3:cad>89</ns3:cad>
          </ns3:TrackPointExtension>
        </extensions>
      </trkpt>
      <trkpt lat="24.4909797795116901397705078125" lon="118.1470831297338008880615234375">
        <ele>24.3999996185302734375</ele>
        <time>2026-08-12T14:19:46.000Z</time>
        <extensions>
          <ns3:TrackPointExtension>
            <ns3:hr>141</ns3:hr>
            <ns3:cad>90</ns3:cad>
          </ns3:TrackPointExtension>
        </extensions>
      </trkpt>
      <trkpt lat="24.490999393165111541748046875" lon="118.1470522843301296234130859375">
        <ele>24.3999996185302734375</ele>
        <time>2026-08-12T14:19:47.000Z</time>
        <extensions>
          <ns3:TrackPointExtension>
            <ns3:hr>141</ns3:hr>
            <ns3:cad>91</ns3:cad>
          </ns3:TrackPointExtension>
        </extensions>
      </trkpt>
      <trkpt lat="24.4910089485347270965576171875" lon="118.14702789299190044403076171875">
        <ele>24.3999996185302734375</ele>
        <time>2026-08-12T14:19:48.000Z</time>
        <extensions>
          <ns3:TrackPointExtension>
            <ns3:hr>141</ns3:hr>
            <ns3:cad>91</ns3:cad>
          </ns3:TrackPointExtension>
        </extensions>
      </trkpt>
      <trkpt lat="24.49102629907429218292236328125" lon="118.14699520356953144073486328125">
        <ele>24.3999996185302734375</ele>
        <time>2026-08-12T14:19:49.000Z</time>
        <extensions>
          <ns3:TrackPointExtension>
            <ns3:hr>141</ns3:hr>
            <ns3:cad>90</ns3:cad>
          </ns3:TrackPointExtension>
        </extensions>
      </trkpt>
      <trkpt lat="24.49103501625359058380126953125" lon="118.146972320973873138427734375">
        <ele>24.3999996185302734375</ele>
        <time>2026-08-12T14:19:50.000Z</time>
        <extensions>
          <ns3:TrackPointExtension>
            <ns3:hr>141</ns3:hr>
            <ns3:cad>89</ns3:cad>
          </ns3:TrackPointExtension>
        </extensions>
      </trkpt>
      <trkpt lat="24.49105429463088512420654296875" lon="118.14694256521761417388916015625">
        <ele>24.3999996185302734375</ele>
        <time>2026-08-12T14:19:51.000Z</time>
        <extensions>
          <ns3:TrackPointExtension>
            <ns3:hr>141</ns3:hr>
            <ns3:cad>89</ns3:cad>
          </ns3:TrackPointExtension>
        </extensions>
      </trkpt>
      <trkpt lat="24.491062425076961517333984375" lon="118.14692060463130474090576171875">
        <ele>24.6000003814697265625</ele>
        <time>2026-08-12T14:19:52.000Z</time>
        <extensions>
          <ns3:TrackPointExtension>
            <ns3:hr>142</ns3:hr>
            <ns3:cad>89</ns3:cad>
          </ns3:TrackPointExtension>
        </extensions>
      </trkpt>
      <trkpt lat="24.4910773448646068572998046875" lon="118.14689017832279205322265625">
        <ele>24.6000003814697265625</ele>
        <time>2026-08-12T14:19:53.000Z</time>
        <extensions>
          <ns3:TrackPointExtension>
            <ns3:hr>141</ns3:hr>
            <ns3:cad>89</ns3:cad>
          </ns3:TrackPointExtension>
        </extensions>
      </trkpt>
      <trkpt lat="24.49108815751969814300537109375" lon="118.1468652002513408660888671875">
        <ele>24.6000003814697265625</ele>
        <time>2026-08-12T14:19:54.000Z</time>
        <extensions>
          <ns3:TrackPointExtension>
            <ns3:hr>141</ns3:hr>
            <ns3:cad>90</ns3:cad>
          </ns3:TrackPointExtension>
        </extensions>
      </trkpt>
      <trkpt lat="24.49110567569732666015625" lon="118.14683292992413043975830078125">
        <ele>24.6000003814697265625</ele>
        <time>2026-08-12T14:19:55.000Z</time>
        <extensions>
          <ns3:TrackPointExtension>
            <ns3:hr>142</ns3:hr>
            <ns3:cad>90</ns3:cad>
          </ns3:TrackPointExtension>
        </extensions>
      </trkpt>
      <trkpt lat="24.49111305177211761474609375" lon="118.14680811949074268341064453125">
        <ele>24.6000003814697265625</ele>
        <time>2026-08-12T14:19:56.000Z</time>
        <extensions>
          <ns3:TrackPointExtension>
            <ns3:hr>142</ns3:hr>
            <ns3:cad>91</ns3:cad>
          </ns3:TrackPointExtension>
        </extensions>
      </trkpt>
      <trkpt lat="24.49112403206527233123779296875" lon="118.146774508059024810791015625">
        <ele>24.6000003814697265625</ele>
        <time>2026-08-12T14:19:57.000Z</time>
        <extensions>
          <ns3:TrackPointExtension>
            <ns3:hr>142</ns3:hr>
            <ns3:cad>91</ns3:cad>
          </ns3:TrackPointExtension>
        </extensions>
      </trkpt>
      <trkpt lat="24.49113392271101474761962890625" lon="118.14674994908273220062255859375">
        <ele>24.799999237060546875</ele>
        <time>2026-08-12T14:19:58.000Z</time>
        <extensions>
          <ns3:TrackPointExtension>
            <ns3:hr>142</ns3:hr>
            <ns3:cad>91</ns3:cad>
          </ns3:TrackPointExtension>
        </extensions>
      </trkpt>
      <trkpt lat="24.49115068651735782623291015625" lon="118.146716170012950897216796875">
        <ele>24.799999237060546875</ele>
        <time>2026-08-12T14:19:59.000Z</time>
        <extensions>
          <ns3:TrackPointExtension>
            <ns3:hr>142</ns3:hr>
            <ns3:cad>88</ns3:cad>
          </ns3:TrackPointExtension>
        </extensions>
      </trkpt>
      <trkpt lat="24.49116409756243228912353515625" lon="118.14669211395084857940673828125">
        <ele>24.799999237060546875</ele>
        <time>2026-08-12T14:20:00.000Z</time>
        <extensions>
          <ns3:TrackPointExtension>
            <ns3:hr>143</ns3:hr>
            <ns3:cad>88</ns3:cad>
          </ns3:TrackPointExtension>
        </extensions>
      </trkpt>
      <trkpt lat="24.491177760064601898193359375" lon="118.14666210673749446868896484375">
        <ele>24.799999237060546875</ele>
        <time>2026-08-12T14:20:01.000Z</time>
        <extensions>
          <ns3:TrackPointExtension>
            <ns3:hr>144</ns3:hr>
            <ns3:cad>89</ns3:cad>
          </ns3:TrackPointExtension>
        </extensions>
      </trkpt>
      <trkpt lat="24.49118656106293201446533203125" lon="118.14664081670343875885009765625">
        <ele>25</ele>
        <time>2026-08-12T14:20:02.000Z</time>
        <extensions>
          <ns3:TrackPointExtension>
            <ns3:hr>144</ns3:hr>
            <ns3:cad>89</ns3:cad>
          </ns3:TrackPointExtension>
        </extensions>
      </trkpt>
      <trkpt lat="24.4912008941173553466796875" lon="118.14660980366170406341552734375">
        <ele>25</ele>
        <time>2026-08-12T14:20:03.000Z</time>
        <extensions>
          <ns3:TrackPointExtension>
            <ns3:hr>145</ns3:hr>
            <ns3:cad>90</ns3:cad>
          </ns3:TrackPointExtension>
        </extensions>
      </trkpt>
      <trkpt lat="24.4912127964198589324951171875" lon="118.1465889327228069305419921875">
        <ele>25</ele>
        <time>2026-08-12T14:20:04.000Z</time>
        <extensions>
          <ns3:TrackPointExtension>
            <ns3:hr>145</ns3:hr>
            <ns3:cad>90</ns3:cad>
          </ns3:TrackPointExtension>
        </extensions>
      </trkpt>
      <trkpt lat="24.49123433791100978851318359375" lon="118.1465634517371654510498046875">
        <ele>25</ele>
        <time>2026-08-12T14:20:05.000Z</time>
        <extensions>
          <ns3:TrackPointExtension>
            <ns3:hr>145</ns3:hr>
            <ns3:cad>90</ns3:cad>
          </ns3:TrackPointExtension>
        </extensions>
      </trkpt>
      <trkpt lat="24.49125009588897228240966796875" lon="118.1465453468263149261474609375">
        <ele>25</ele>
        <time>2026-08-12T14:20:06.000Z</time>
        <extensions>
          <ns3:TrackPointExtension>
            <ns3:hr>145</ns3:hr>
            <ns3:cad>89</ns3:cad>
          </ns3:TrackPointExtension>
        </extensions>
      </trkpt>
      <trkpt lat="24.49127138592302799224853515625" lon="118.14652003347873687744140625">
        <ele>25</ele>
        <time>2026-08-12T14:20:07.000Z</time>
        <extensions>
          <ns3:TrackPointExtension>
            <ns3:hr>145</ns3:hr>
            <ns3:cad>89</ns3:cad>
          </ns3:TrackPointExtension>
        </extensions>
      </trkpt>
      <trkpt lat="24.49128496460616588592529296875" lon="118.146503269672393798828125">
        <ele>25</ele>
        <time>2026-08-12T14:20:08.000Z</time>
        <extensions>
          <ns3:TrackPointExtension>
            <ns3:hr>146</ns3:hr>
            <ns3:cad>89</ns3:cad>
          </ns3:TrackPointExtension>
        </extensions>
      </trkpt>
      <trkpt lat="24.4913026504218578338623046875" lon="118.14647485502064228057861328125">
        <ele>25</ele>
        <time>2026-08-12T14:20:09.000Z</time>
        <extensions>
          <ns3:TrackPointExtension>
            <ns3:hr>146</ns3:hr>
            <ns3:cad>90</ns3:cad>
          </ns3:TrackPointExtension>
        </extensions>
      </trkpt>
      <trkpt lat="24.49131195433437824249267578125" lon="118.146455325186252593994140625">
        <ele>25</ele>
        <time>2026-08-12T14:20:10.000Z</time>
        <extensions>
          <ns3:TrackPointExtension>
            <ns3:hr>146</ns3:hr>
            <ns3:cad>91</ns3:cad>
          </ns3:TrackPointExtension>
        </extensions>
      </trkpt>
      <trkpt lat="24.49133089743554592132568359375" lon="118.1464259885251522064208984375">
        <ele>25</ele>
        <time>2026-08-12T14:20:11.000Z</time>
        <extensions>
          <ns3:TrackPointExtension>
            <ns3:hr>146</ns3:hr>
            <ns3:cad>91</ns3:cad>
          </ns3:TrackPointExtension>
        </extensions>
      </trkpt>
      <trkpt lat="24.4913445599377155303955078125" lon="118.1464078836143016815185546875">
        <ele>25</ele>
        <time>2026-08-12T14:20:12.000Z</time>
        <extensions>
          <ns3:TrackPointExtension>
            <ns3:hr>145</ns3:hr>
            <ns3:cad>89</ns3:cad>
          </ns3:TrackPointExtension>
        </extensions>
      </trkpt>
      <trkpt lat="24.4913673587143421173095703125" lon="118.146378211677074432373046875">
        <ele>25</ele>
        <time>2026-08-12T14:20:13.000Z</time>
        <extensions>
          <ns3:TrackPointExtension>
            <ns3:hr>146</ns3:hr>
            <ns3:cad>89</ns3:cad>
          </ns3:TrackPointExtension>
        </extensions>
      </trkpt>
      <trkpt lat="24.491384290158748626708984375" lon="118.1463596038520336151123046875">
        <ele>25</ele>
        <time>2026-08-12T14:20:14.000Z</time>
        <extensions>
          <ns3:TrackPointExtension>
            <ns3:hr>145</ns3:hr>
            <ns3:cad>89</ns3:cad>
          </ns3:TrackPointExtension>
        </extensions>
      </trkpt>
      <trkpt lat="24.4914156384766101837158203125" lon="118.14635398797690868377685546875">
        <ele>25</ele>
        <time>2026-08-12T14:20:15.000Z</time>
        <extensions>
          <ns3:TrackPointExtension>
            <ns3:hr>145</ns3:hr>
            <ns3:cad>89</ns3:cad>
          </ns3:TrackPointExtension>
        </extensions>
      </trkpt>
      <trkpt lat="24.49143759906291961669921875" lon="118.14635516144335269927978515625">
        <ele>25</ele>
        <time>2026-08-12T14:20:16.000Z</time>
        <extensions>
          <ns3:TrackPointExtension>
            <ns3:hr>145</ns3:hr>
            <ns3:cad>89</ns3:cad>
          </ns3:TrackPointExtension>
        </extensions>
      </trkpt>
      <trkpt lat="24.49147053994238376617431640625" lon="118.14636840485036373138427734375">
        <ele>25</ele>
        <time>2026-08-12T14:20:17.000Z</time>
        <extensions>
          <ns3:TrackPointExtension>
            <ns3:hr>144</ns3:hr>
            <ns3:cad>90</ns3:cad>
          </ns3:TrackPointExtension>
        </extensions>
      </trkpt>
      <trkpt lat="24.4914907403290271759033203125" lon="118.1463800556957721710205078125">
        <ele>24.799999237060546875</ele>
        <time>2026-08-12T14:20:18.000Z</time>
        <extensions>
          <ns3:TrackPointExtension>
            <ns3:hr>144</ns3:hr>
            <ns3:cad>91</ns3:cad>
          </ns3:TrackPointExtension>
        </extensions>
      </trkpt>
      <trkpt lat="24.49151949025690555572509765625" lon="118.14639799296855926513671875">
        <ele>24.799999237060546875</ele>
        <time>2026-08-12T14:20:19.000Z</time>
        <extensions>
          <ns3:TrackPointExtension>
            <ns3:hr>144</ns3:hr>
            <ns3:cad>91</ns3:cad>
          </ns3:TrackPointExtension>
        </extensions>
      </trkpt>
      <trkpt lat="24.4915410317480564117431640625" lon="118.146405704319477081298828125">
        <ele>24.799999237060546875</ele>
        <time>2026-08-12T14:20:20.000Z</time>
        <extensions>
          <ns3:TrackPointExtension>
            <ns3:hr>144</ns3:hr>
            <ns3:cad>90</ns3:cad>
          </ns3:TrackPointExtension>
        </extensions>
      </trkpt>
      <trkpt lat="24.491570033133029937744140625" lon="118.14641685225069522857666015625">
        <ele>24.799999237060546875</ele>
        <time>2026-08-12T14:20:21.000Z</time>
        <extensions>
          <ns3:TrackPointExtension>
            <ns3:hr>144</ns3:hr>
            <ns3:cad>90</ns3:cad>
          </ns3:TrackPointExtension>
        </extensions>
      </trkpt>
      <trkpt lat="24.4915893115103244781494140625" lon="118.146422803401947021484375">
        <ele>24.799999237060546875</ele>
        <time>2026-08-12T14:20:22.000Z</time>
        <extensions>
          <ns3:TrackPointExtension>
            <ns3:hr>144</ns3:hr>
            <ns3:cad>89</ns3:cad>
          </ns3:TrackPointExtension>
        </extensions>
      </trkpt>
      <trkpt lat="24.49161973781883716583251953125" lon="118.146432526409626007080078125">
        <ele>24.799999237060546875</ele>
        <time>2026-08-12T14:20:23.000Z</time>
        <extensions>
          <ns3:TrackPointExtension>
            <ns3:hr>143</ns3:hr>
            <ns3:cad>89</ns3:cad>
          </ns3:TrackPointExtension>
        </extensions>
      </trkpt>
      <trkpt lat="24.4916412793099880218505859375" lon="118.14643780700862407684326171875">
        <ele>24.799999237060546875</ele>
        <time>2026-08-12T14:20:24.000Z</time>
        <extensions>
          <ns3:TrackPointExtension>
            <ns3:hr>143</ns3:hr>
            <ns3:cad>89</ns3:cad>
          </ns3:TrackPointExtension>
        </extensions>
      </trkpt>
      <trkpt lat="24.49167287908494472503662109375" lon="118.1464456021785736083984375">
        <ele>24.799999237060546875</ele>
        <time>2026-08-12T14:20:25.000Z</time>
        <extensions>
          <ns3:TrackPointExtension>
            <ns3:hr>143</ns3:hr>
            <ns3:cad>89</ns3:cad>
          </ns3:TrackPointExtension>
        </extensions>
      </trkpt>
      <trkpt lat="24.49169777333736419677734375" lon="118.14645255915820598602294921875">
        <ele>25</ele>
        <time>2026-08-12T14:20:26.000Z</time>
        <extensions>
          <ns3:TrackPointExtension>
            <ns3:hr>143</ns3:hr>
            <ns3:cad>90</ns3:cad>
          </ns3:TrackPointExtension>
        </extensions>
      </trkpt>
      <trkpt lat="24.4917321391403675079345703125" lon="118.14645892940461635589599609375">
        <ele>25</ele>
        <time>2026-08-12T14:20:27.000Z</time>
        <extensions>
          <ns3:TrackPointExtension>
            <ns3:hr>143</ns3:hr>
            <ns3:cad>90</ns3:cad>
          </ns3:TrackPointExtension>
        </extensions>
      </trkpt>
      <trkpt lat="24.49175585992634296417236328125" lon="118.14646597020328044891357421875">
        <ele>25</ele>
        <time>2026-08-12T14:20:28.000Z</time>
        <extensions>
          <ns3:TrackPointExtension>
            <ns3:hr>143</ns3:hr>
            <ns3:cad>89</ns3:cad>
          </ns3:TrackPointExtension>
        </extensions>
      </trkpt>
      <trkpt lat="24.49178360402584075927734375" lon="118.1464742682874202728271484375">
        <ele>25</ele>
        <time>2026-08-12T14:20:29.000Z</time>
        <extensions>
          <ns3:TrackPointExtension>
            <ns3:hr>142</ns3:hr>
            <ns3:cad>89</ns3:cad>
          </ns3:TrackPointExtension>
        </extensions>
      </trkpt>
      <trkpt lat="24.4918075762689113616943359375" lon="118.14648449420928955078125">
        <ele>25</ele>
        <time>2026-08-12T14:20:30.000Z</time>
        <extensions>
          <ns3:TrackPointExtension>
            <ns3:hr>143</ns3:hr>
            <ns3:cad>88</ns3:cad>
          </ns3:TrackPointExtension>
        </extensions>
      </trkpt>
      <trkpt lat="24.49183414690196514129638671875" lon="118.1464930437505245208740234375">
        <ele>24.799999237060546875</ele>
        <time>2026-08-12T14:20:31.000Z</time>
        <extensions>
          <ns3:TrackPointExtension>
            <ns3:hr>143</ns3:hr>
            <ns3:cad>88</ns3:cad>
          </ns3:TrackPointExtension>
        </extensions>
      </trkpt>
      <trkpt lat="24.49185878969728946685791015625" lon="118.14650435931980609893798828125">
        <ele>24.799999237060546875</ele>
        <time>2026-08-12T14:20:32.000Z</time>
        <extensions>
          <ns3:TrackPointExtension>
            <ns3:hr>142</ns3:hr>
            <ns3:cad>89</ns3:cad>
          </ns3:TrackPointExtension>
        </extensions>
      </trkpt>
      <trkpt lat="24.49188628233969211578369140625" lon="118.14651072956621646881103515625">
        <ele>24.799999237060546875</ele>
        <time>2026-08-12T14:20:33.000Z</time>
        <extensions>
          <ns3:TrackPointExtension>
            <ns3:hr>143</ns3:hr>
            <ns3:cad>90</ns3:cad>
          </ns3:TrackPointExtension>
        </extensions>
      </trkpt>
      <trkpt lat="24.4919138588011264801025390625" lon="118.14651911146938800811767578125">
        <ele>24.799999237060546875</ele>
        <time>2026-08-12T14:20:34.000Z</time>
        <extensions>
          <ns3:TrackPointExtension>
            <ns3:hr>143</ns3:hr>
            <ns3:cad>90</ns3:cad>
          </ns3:TrackPointExtension>
        </extensions>
      </trkpt>
      <trkpt lat="24.4919426925480365753173828125" lon="118.1465259008109569549560546875">
        <ele>24.799999237060546875</ele>
        <time>2026-08-12T14:20:35.000Z</time>
        <extensions>
          <ns3:TrackPointExtension>
            <ns3:hr>144</ns3:hr>
            <ns3:cad>89</ns3:cad>
          </ns3:TrackPointExtension>
        </extensions>
      </trkpt>
      <trkpt lat="24.49197043664753437042236328125" lon="118.14653738401830196380615234375">
        <ele>24.799999237060546875</ele>
        <time>2026-08-12T14:20:36.000Z</time>
        <extensions>
          <ns3:TrackPointExtension>
            <ns3:hr>145</ns3:hr>
            <ns3:cad>89</ns3:cad>
          </ns3:TrackPointExtension>
        </extensions>
      </trkpt>
      <trkpt lat="24.4919956661760807037353515625" lon="118.1465433351695537567138671875">
        <ele>24.799999237060546875</ele>
        <time>2026-08-12T14:20:37.000Z</time>
        <extensions>
          <ns3:TrackPointExtension>
            <ns3:hr>145</ns3:hr>
            <ns3:cad>88</ns3:cad>
          </ns3:TrackPointExtension>
        </extensions>
      </trkpt>
      <trkpt lat="24.49202324263751506805419921875" lon="118.14655465073883533477783203125">
        <ele>24.799999237060546875</ele>
        <time>2026-08-12T14:20:38.000Z</time>
        <extensions>
          <ns3:TrackPointExtension>
            <ns3:hr>145</ns3:hr>
            <ns3:cad>88</ns3:cad>
          </ns3:TrackPointExtension>
        </extensions>
      </trkpt>
      <trkpt lat="24.492050148546695709228515625" lon="118.14656018279492855072021484375">
        <ele>24.799999237060546875</ele>
        <time>2026-08-12T14:20:39.000Z</time>
        <extensions>
          <ns3:TrackPointExtension>
            <ns3:hr>145</ns3:hr>
            <ns3:cad>88</ns3:cad>
          </ns3:TrackPointExtension>
        </extensions>
      </trkpt>
      <trkpt lat="24.49207772500813007354736328125" lon="118.14657367765903472900390625">
        <ele>24.799999237060546875</ele>
        <time>2026-08-12T14:20:40.000Z</time>
        <extensions>
          <ns3:TrackPointExtension>
            <ns3:hr>145</ns3:hr>
            <ns3:cad>89</ns3:cad>
          </ns3:TrackPointExtension>
        </extensions>
      </trkpt>
      <trkpt lat="24.4921002723276615142822265625" lon="118.14657862298190593719482421875">
        <ele>24.799999237060546875</ele>
        <time>2026-08-12T14:20:41.000Z</time>
        <extensions>
          <ns3:TrackPointExtension>
            <ns3:hr>146</ns3:hr>
            <ns3:cad>89</ns3:cad>
          </ns3:TrackPointExtension>
        </extensions>
      </trkpt>
      <trkpt lat="24.4921311177313327789306640625" lon="118.14659253694117069244384765625">
        <ele>24.799999237060546875</ele>
        <time>2026-08-12T14:20:42.000Z</time>
        <extensions>
          <ns3:TrackPointExtension>
            <ns3:hr>145</ns3:hr>
            <ns3:cad>89</ns3:cad>
          </ns3:TrackPointExtension>
        </extensions>
      </trkpt>
      <trkpt lat="24.49215366505086421966552734375" lon="118.14659706316888332366943359375">
        <ele>24.799999237060546875</ele>
        <time>2026-08-12T14:20:43.000Z</time>
        <extensions>
          <ns3:TrackPointExtension>
            <ns3:hr>145</ns3:hr>
            <ns3:cad>89</ns3:cad>
          </ns3:TrackPointExtension>
        </extensions>
      </trkpt>
      <trkpt lat="24.4921839237213134765625" lon="118.1466092169284820556640625">
        <ele>24.799999237060546875</ele>
        <time>2026-08-12T14:20:44.000Z</time>
        <extensions>
          <ns3:TrackPointExtension>
            <ns3:hr>145</ns3:hr>
            <ns3:cad>89</ns3:cad>
          </ns3:TrackPointExtension>
        </extensions>
      </trkpt>
      <trkpt lat="24.49220697395503520965576171875" lon="118.1466118991374969482421875">
        <ele>24.799999237060546875</ele>
        <time>2026-08-12T14:20:45.000Z</time>
        <extensions>
          <ns3:TrackPointExtension>
            <ns3:hr>145</ns3:hr>
            <ns3:cad>88</ns3:cad>
          </ns3:TrackPointExtension>
        </extensions>
      </trkpt>
      <trkpt lat="24.49223664589226245880126953125" lon="118.14662539400160312652587890625">
        <ele>24.6000003814697265625</ele>
        <time>2026-08-12T14:20:46.000Z</time>
        <extensions>
          <ns3:TrackPointExtension>
            <ns3:hr>146</ns3:hr>
            <ns3:cad>88</ns3:cad>
          </ns3:TrackPointExtension>
        </extensions>
      </trkpt>
      <trkpt lat="24.49226296506822109222412109375" lon="118.14663344062864780426025390625">
        <ele>24.6000003814697265625</ele>
        <time>2026-08-12T14:20:47.000Z</time>
        <extensions>
          <ns3:TrackPointExtension>
            <ns3:hr>145</ns3:hr>
            <ns3:cad>88</ns3:cad>
          </ns3:TrackPointExtension>
        </extensions>
      </trkpt>
      <trkpt lat="24.49229456484317779541015625" lon="118.1466445885598659515380859375">
        <ele>24.6000003814697265625</ele>
        <time>2026-08-12T14:20:48.000Z</time>
        <extensions>
          <ns3:TrackPointExtension>
            <ns3:hr>146</ns3:hr>
            <ns3:cad>89</ns3:cad>
          </ns3:TrackPointExtension>
        </extensions>
      </trkpt>
      <trkpt lat="24.49231426231563091278076171875" lon="118.146645091474056243896484375">
        <ele>24.6000003814697265625</ele>
        <time>2026-08-12T14:20:49.000Z</time>
        <extensions>
          <ns3:TrackPointExtension>
            <ns3:hr>146</ns3:hr>
            <ns3:cad>90</ns3:cad>
          </ns3:TrackPointExtension>
        </extensions>
      </trkpt>
      <trkpt lat="24.49234494008123874664306640625" lon="118.1466548144817352294921875">
        <ele>24.6000003814697265625</ele>
        <time>2026-08-12T14:20:50.000Z</time>
        <extensions>
          <ns3:TrackPointExtension>
            <ns3:hr>146</ns3:hr>
            <ns3:cad>90</ns3:cad>
          </ns3:TrackPointExtension>
        </extensions>
      </trkpt>
      <trkpt lat="24.49236706830561161041259765625" lon="118.146658837795257568359375">
        <ele>24.6000003814697265625</ele>
        <time>2026-08-12T14:20:51.000Z</time>
        <extensions>
          <ns3:TrackPointExtension>
            <ns3:hr>146</ns3:hr>
            <ns3:cad>89</ns3:cad>
          </ns3:TrackPointExtension>
        </extensions>
      </trkpt>
      <trkpt lat="24.4924003444612026214599609375" lon="118.14667400903999805450439453125">
        <ele>24.6000003814697265625</ele>
        <time>2026-08-12T14:20:52.000Z</time>
        <extensions>
          <ns3:TrackPointExtension>
            <ns3:hr>146</ns3:hr>
            <ns3:cad>89</ns3:cad>
          </ns3:TrackPointExtension>
        </extensions>
      </trkpt>
      <trkpt lat="24.492425657808780670166015625" lon="118.14667853526771068572998046875">
        <ele>24.6000003814697265625</ele>
        <time>2026-08-12T14:20:53.000Z</time>
        <extensions>
          <ns3:TrackPointExtension>
            <ns3:hr>145</ns3:hr>
            <ns3:cad>88</ns3:cad>
          </ns3:TrackPointExtension>
        </extensions>
      </trkpt>
      <trkpt lat="24.49246144853532314300537109375" lon="118.1466942094266414642333984375">
        <ele>24.6000003814697265625</ele>
        <time>2026-08-12T14:20:54.000Z</time>
        <extensions>
          <ns3:TrackPointExtension>
            <ns3:hr>146</ns3:hr>
            <ns3:cad>88</ns3:cad>
          </ns3:TrackPointExtension>
        </extensions>
      </trkpt>
      <trkpt lat="24.49248391203582286834716796875" lon="118.14670150168240070343017578125">
        <ele>24.6000003814697265625</ele>
        <time>2026-08-12T14:20:55.000Z</time>
        <extensions>
          <ns3:TrackPointExtension>
            <ns3:hr>146</ns3:hr>
            <ns3:cad>89</ns3:cad>
          </ns3:TrackPointExtension>
        </extensions>
      </trkpt>
      <trkpt lat="24.492520205676555633544921875" lon="118.14671449363231658935546875">
        <ele>24.6000003814697265625</ele>
        <time>2026-08-12T14:20:56.000Z</time>
        <extensions>
          <ns3:TrackPointExtension>
            <ns3:hr>147</ns3:hr>
            <ns3:cad>90</ns3:cad>
          </ns3:TrackPointExtension>
        </extensions>
      </trkpt>
      <trkpt lat="24.4925438426434993743896484375" lon="118.14671692438423633575439453125">
        <ele>24.6000003814697265625</ele>
        <time>2026-08-12T14:20:57.000Z</time>
        <extensions>
          <ns3:TrackPointExtension>
            <ns3:hr>147</ns3:hr>
            <ns3:cad>90</ns3:cad>
          </ns3:TrackPointExtension>
        </extensions>
      </trkpt>
      <trkpt lat="24.4925790466368198394775390625" lon="118.146724887192249298095703125">
        <ele>24.6000003814697265625</ele>
        <time>2026-08-12T14:20:58.000Z</time>
        <extensions>
          <ns3:TrackPointExtension>
            <ns3:hr>147</ns3:hr>
            <ns3:cad>89</ns3:cad>
          </ns3:TrackPointExtension>
        </extensions>
      </trkpt>
      <trkpt lat="24.49260109104216098785400390625" lon="118.14672698266804218292236328125">
        <ele>24.6000003814697265625</ele>
        <time>2026-08-12T14:20:59.000Z</time>
        <extensions>
          <ns3:TrackPointExtension>
            <ns3:hr>147</ns3:hr>
            <ns3:cad>89</ns3:cad>
          </ns3:TrackPointExtension>
        </extensions>
      </trkpt>
      <trkpt lat="24.492630846798419952392578125" lon="118.14673536457121372222900390625">
        <ele>24.6000003814697265625</ele>
        <time>2026-08-12T14:21:00.000Z</time>
        <extensions>
          <ns3:TrackPointExtension>
            <ns3:hr>147</ns3:hr>
            <ns3:cad>88</ns3:cad>
          </ns3:TrackPointExtension>
        </extensions>
      </trkpt>
      <trkpt lat="24.4926514662802219390869140625" lon="118.14674089662730693817138671875">
        <ele>24.6000003814697265625</ele>
        <time>2026-08-12T14:21:01.000Z</time>
        <extensions>
          <ns3:TrackPointExtension>
            <ns3:hr>147</ns3:hr>
            <ns3:cad>88</ns3:cad>
          </ns3:TrackPointExtension>
        </extensions>
      </trkpt>
      <trkpt lat="24.4926803000271320343017578125" lon="118.146749697625637054443359375">
        <ele>24.6000003814697265625</ele>
        <time>2026-08-12T14:21:02.000Z</time>
        <extensions>
          <ns3:TrackPointExtension>
            <ns3:hr>148</ns3:hr>
            <ns3:cad>89</ns3:cad>
          </ns3:TrackPointExtension>
        </extensions>
      </trkpt>
      <trkpt lat="24.49270083568990230560302734375" lon="118.14675430767238140106201171875">
        <ele>24.6000003814697265625</ele>
        <time>2026-08-12T14:21:03.000Z</time>
        <extensions>
          <ns3:TrackPointExtension>
            <ns3:hr>148</ns3:hr>
            <ns3:cad>89</ns3:cad>
          </ns3:TrackPointExtension>
        </extensions>
      </trkpt>
      <trkpt lat="24.492731429636478424072265625" lon="118.14676788635551929473876953125">
        <ele>24.6000003814697265625</ele>
        <time>2026-08-12T14:21:04.000Z</time>
        <extensions>
          <ns3:TrackPointExtension>
            <ns3:hr>148</ns3:hr>
            <ns3:cad>90</ns3:cad>
          </ns3:TrackPointExtension>
        </extensions>
      </trkpt>
      <trkpt lat="24.49275364167988300323486328125" lon="118.14677660353481769561767578125">
        <ele>24.6000003814697265625</ele>
        <time>2026-08-12T14:21:05.000Z</time>
        <extensions>
          <ns3:TrackPointExtension>
            <ns3:hr>148</ns3:hr>
            <ns3:cad>90</ns3:cad>
          </ns3:TrackPointExtension>
        </extensions>
      </trkpt>
      <trkpt lat="24.492785744369029998779296875" lon="118.14678414724767208099365234375">
        <ele>24.3999996185302734375</ele>
        <time>2026-08-12T14:21:06.000Z</time>
        <extensions>
          <ns3:TrackPointExtension>
            <ns3:hr>149</ns3:hr>
            <ns3:cad>89</ns3:cad>
          </ns3:TrackPointExtension>
        </extensions>
      </trkpt>
      <trkpt lat="24.49281089007854461669921875" lon="118.1467907689511775970458984375">
        <ele>24.3999996185302734375</ele>
        <time>2026-08-12T14:21:07.000Z</time>
        <extensions>
          <ns3:TrackPointExtension>
            <ns3:hr>149</ns3:hr>
            <ns3:cad>89</ns3:cad>
          </ns3:TrackPointExtension>
        </extensions>
      </trkpt>
      <trkpt lat="24.4928445853292942047119140625" lon="118.14678062684834003448486328125">
        <ele>24.3999996185302734375</ele>
        <time>2026-08-12T14:21:08.000Z</time>
        <extensions>
          <ns3:TrackPointExtension>
            <ns3:hr>149</ns3:hr>
            <ns3:cad>88</ns3:cad>
          </ns3:TrackPointExtension>
        </extensions>
      </trkpt>
      <trkpt lat="24.492868892848491668701171875" lon="118.14676872454583644866943359375">
        <ele>24.3999996185302734375</ele>
        <time>2026-08-12T14:21:09.000Z</time>
        <extensions>
          <ns3:TrackPointExtension>
            <ns3:hr>149</ns3:hr>
            <ns3:cad>88</ns3:cad>
          </ns3:TrackPointExtension>
        </extensions>
      </trkpt>
      <trkpt lat="24.49290418066084384918212890625" lon="118.1467535533010959625244140625">
        <ele>24.3999996185302734375</ele>
        <time>2026-08-12T14:21:10.000Z</time>
        <extensions>
          <ns3:TrackPointExtension>
            <ns3:hr>149</ns3:hr>
            <ns3:cad>90</ns3:cad>
          </ns3:TrackPointExtension>
        </extensions>
      </trkpt>
      <trkpt lat="24.49293133802711963653564453125" lon="118.1467461772263050079345703125">
        <ele>24.3999996185302734375</ele>
        <time>2026-08-12T14:21:11.000Z</time>
        <extensions>
          <ns3:TrackPointExtension>
            <ns3:hr>148</ns3:hr>
            <ns3:cad>91</ns3:cad>
          </ns3:TrackPointExtension>
        </extensions>
      </trkpt>
      <trkpt lat="24.49296469800174236297607421875" lon="118.1467431597411632537841796875">
        <ele>24.3999996185302734375</ele>
        <time>2026-08-12T14:21:12.000Z</time>
        <extensions>
          <ns3:TrackPointExtension>
            <ns3:hr>149</ns3:hr>
            <ns3:cad>91</ns3:cad>
          </ns3:TrackPointExtension>
        </extensions>
      </trkpt>
      <trkpt lat="24.49298934079706668853759765625" lon="118.1467513740062713623046875">
        <ele>24.3999996185302734375</ele>
        <time>2026-08-12T14:21:13.000Z</time>
        <extensions>
          <ns3:TrackPointExtension>
            <ns3:hr>149</ns3:hr>
            <ns3:cad>91</ns3:cad>
          </ns3:TrackPointExtension>
        </extensions>
      </trkpt>
      <trkpt lat="24.49301616288721561431884765625" lon="118.14676470123231410980224609375">
        <ele>24.3999996185302734375</ele>
        <time>2026-08-12T14:21:14.000Z</time>
        <extensions>
          <ns3:TrackPointExtension>
            <ns3:hr>149</ns3:hr>
            <ns3:cad>91</ns3:cad>
          </ns3:TrackPointExtension>
        </extensions>
      </trkpt>
      <trkpt lat="24.4930387102067470550537109375" lon="118.1467810459434986114501953125">
        <ele>24.6000003814697265625</ele>
        <time>2026-08-12T14:21:15.000Z</time>
        <extensions>
          <ns3:TrackPointExtension>
            <ns3:hr>149</ns3:hr>
            <ns3:cad>89</ns3:cad>
          </ns3:TrackPointExtension>
        </extensions>
      </trkpt>
      <trkpt lat="24.4930618442595005035400390625" lon="118.14679940231144428253173828125">
        <ele>24.6000003814697265625</ele>
        <time>2026-08-12T14:21:16.000Z</time>
        <extensions>
          <ns3:TrackPointExtension>
            <ns3:hr>149</ns3:hr>
            <ns3:cad>89</ns3:cad>
          </ns3:TrackPointExtension>
        </extensions>
      </trkpt>
      <trkpt lat="24.4930786080658435821533203125" lon="118.14681566320359706878662109375">
        <ele>24.3999996185302734375</ele>
        <time>2026-08-12T14:21:17.000Z</time>
        <extensions>
          <ns3:TrackPointExtension>
            <ns3:hr>148</ns3:hr>
            <ns3:cad>88</ns3:cad>
          </ns3:TrackPointExtension>
        </extensions>
      </trkpt>
      <trkpt lat="24.4931020773947238922119140625" lon="118.146834187209606170654296875">
        <ele>24.3999996185302734375</ele>
        <time>2026-08-12T14:21:18.000Z</time>
        <extensions>
          <ns3:TrackPointExtension>
            <ns3:hr>148</ns3:hr>
            <ns3:cad>88</ns3:cad>
          </ns3:TrackPointExtension>
        </extensions>
      </trkpt>
      <trkpt lat="24.4931185059249401092529296875" lon="118.1468507833778858184814453125">
        <ele>24.3999996185302734375</ele>
        <time>2026-08-12T14:21:19.000Z</time>
        <extensions>
          <ns3:TrackPointExtension>
            <ns3:hr>148</ns3:hr>
            <ns3:cad>89</ns3:cad>
          </ns3:TrackPointExtension>
        </extensions>
      </trkpt>
      <trkpt lat="24.49313870631158351898193359375" lon="118.14687081612646579742431640625">
        <ele>24.3999996185302734375</ele>
        <time>2026-08-12T14:21:20.000Z</time>
        <extensions>
          <ns3:TrackPointExtension>
            <ns3:hr>148</ns3:hr>
            <ns3:cad>89</ns3:cad>
          </ns3:TrackPointExtension>
        </extensions>
      </trkpt>
      <trkpt lat="24.49315555393695831298828125" lon="118.14689177088439464569091796875">
        <ele>24.3999996185302734375</ele>
        <time>2026-08-12T14:21:21.000Z</time>
        <extensions>
          <ns3:TrackPointExtension>
            <ns3:hr>148</ns3:hr>
            <ns3:cad>89</ns3:cad>
          </ns3:TrackPointExtension>
        </extensions>
      </trkpt>
      <trkpt lat="24.49317977763712406158447265625" lon="118.14690484665334224700927734375">
        <ele>24.3999996185302734375</ele>
        <time>2026-08-12T14:21:22.000Z</time>
        <extensions>
          <ns3:TrackPointExtension>
            <ns3:hr>147</ns3:hr>
            <ns3:cad>89</ns3:cad>
          </ns3:TrackPointExtension>
        </extensions>
      </trkpt>
      <trkpt lat="24.4932040013372898101806640625" lon="118.146919347345829010009765625">
        <ele>24.3999996185302734375</ele>
        <time>2026-08-12T14:21:23.000Z</time>
        <extensions>
          <ns3:TrackPointExtension>
            <ns3:hr>147</ns3:hr>
            <ns3:cad>88</ns3:cad>
          </ns3:TrackPointExtension>
        </extensions>
      </trkpt>
      <trkpt lat="24.4932308234274387359619140625" lon="118.146922700107097625732421875">
        <ele>24.200000762939453125</ele>
        <time>2026-08-12T14:21:24.000Z</time>
        <extensions>
          <ns3:TrackPointExtension>
            <ns3:hr>147</ns3:hr>
            <ns3:cad>88</ns3:cad>
          </ns3:TrackPointExtension>
        </extensions>
      </trkpt>
      <trkpt lat="24.4932559691369533538818359375" lon="118.1469285674393177032470703125">
        <ele>24.200000762939453125</ele>
        <time>2026-08-12T14:21:25.000Z</time>
        <extensions>
          <ns3:TrackPointExtension>
            <ns3:hr>147</ns3:hr>
            <ns3:cad>89</ns3:cad>
          </ns3:TrackPointExtension>
        </extensions>
      </trkpt>
      <trkpt lat="24.493282623589038848876953125" lon="118.146934770047664642333984375">
        <ele>24.200000762939453125</ele>
        <time>2026-08-12T14:21:26.000Z</time>
        <extensions>
          <ns3:TrackPointExtension>
            <ns3:hr>147</ns3:hr>
            <ns3:cad>90</ns3:cad>
          </ns3:TrackPointExtension>
        </extensions>
      </trkpt>
      <trkpt lat="24.49330567382276058197021484375" lon="118.14694809727370738983154296875">
        <ele>24.200000762939453125</ele>
        <time>2026-08-12T14:21:27.000Z</time>
        <extensions>
          <ns3:TrackPointExtension>
            <ns3:hr>147</ns3:hr>
            <ns3:cad>91</ns3:cad>
          </ns3:TrackPointExtension>
        </extensions>
      </trkpt>
      <trkpt lat="24.493328891694545745849609375" lon="118.14695597626268863677978515625">
        <ele>24.200000762939453125</ele>
        <time>2026-08-12T14:21:28.000Z</time>
        <extensions>
          <ns3:TrackPointExtension>
            <ns3:hr>147</ns3:hr>
            <ns3:cad>91</ns3:cad>
          </ns3:TrackPointExtension>
        </extensions>
      </trkpt>
      <trkpt lat="24.493353366851806640625" lon="118.14696888439357280731201171875">
        <ele>24.200000762939453125</ele>
        <time>2026-08-12T14:21:29.000Z</time>
        <extensions>
          <ns3:TrackPointExtension>
            <ns3:hr>147</ns3:hr>
            <ns3:cad>90</ns3:cad>
          </ns3:TrackPointExtension>
        </extensions>
      </trkpt>
      <trkpt lat="24.4933761656284332275390625" lon="118.146977014839649200439453125">
        <ele>24.200000762939453125</ele>
        <time>2026-08-12T14:21:30.000Z</time>
        <extensions>
          <ns3:TrackPointExtension>
            <ns3:hr>147</ns3:hr>
            <ns3:cad>90</ns3:cad>
          </ns3:TrackPointExtension>
        </extensions>
      </trkpt>
      <trkpt lat="24.49340759776532649993896484375" lon="118.146985732018947601318359375">
        <ele>24.200000762939453125</ele>
        <time>2026-08-12T14:21:31.000Z</time>
        <extensions>
          <ns3:TrackPointExtension>
            <ns3:hr>147</ns3:hr>
            <ns3:cad>89</ns3:cad>
          </ns3:TrackPointExtension>
        </extensions>
      </trkpt>
      <trkpt lat="24.4934293068945407867431640625" lon="118.14699268899857997894287109375">
        <ele>24.200000762939453125</ele>
        <time>2026-08-12T14:21:32.000Z</time>
        <extensions>
          <ns3:TrackPointExtension>
            <ns3:hr>146</ns3:hr>
            <ns3:cad>89</ns3:cad>
          </ns3:TrackPointExtension>
        </extensions>
      </trkpt>
      <trkpt lat="24.4934604875743389129638671875" lon="118.14699947834014892578125">
        <ele>24.200000762939453125</ele>
        <time>2026-08-12T14:21:33.000Z</time>
        <extensions>
          <ns3:TrackPointExtension>
            <ns3:hr>147</ns3:hr>
            <ns3:cad>89</ns3:cad>
          </ns3:TrackPointExtension>
        </extensions>
      </trkpt>
      <trkpt lat="24.4934861361980438232421875" lon="118.14700358547270298004150390625">
        <ele>24</ele>
        <time>2026-08-12T14:21:34.000Z</time>
        <extensions>
          <ns3:TrackPointExtension>
            <ns3:hr>147</ns3:hr>
            <ns3:cad>89</ns3:cad>
          </ns3:TrackPointExtension>
        </extensions>
      </trkpt>
      <trkpt lat="24.4935144670307636260986328125" lon="118.147013895213603973388671875">
        <ele>24</ele>
        <time>2026-08-12T14:21:35.000Z</time>
        <extensions>
          <ns3:TrackPointExtension>
            <ns3:hr>147</ns3:hr>
            <ns3:cad>89</ns3:cad>
          </ns3:TrackPointExtension>
        </extensions>
      </trkpt>
      <trkpt lat="24.49353818781673908233642578125" lon="118.147018253803253173828125">
        <ele>24.200000762939453125</ele>
        <time>2026-08-12T14:21:36.000Z</time>
        <extensions>
          <ns3:TrackPointExtension>
            <ns3:hr>146</ns3:hr>
            <ns3:cad>89</ns3:cad>
          </ns3:TrackPointExtension>
        </extensions>
      </trkpt>
      <trkpt lat="24.493568949401378631591796875" lon="118.1470254622399806976318359375">
        <ele>24.200000762939453125</ele>
        <time>2026-08-12T14:21:37.000Z</time>
        <extensions>
          <ns3:TrackPointExtension>
            <ns3:hr>147</ns3:hr>
            <ns3:cad>89</ns3:cad>
          </ns3:TrackPointExtension>
        </extensions>
      </trkpt>
      <trkpt lat="24.49359132908284664154052734375" lon="118.1470276415348052978515625">
        <ele>24.200000762939453125</ele>
        <time>2026-08-12T14:21:38.000Z</time>
        <extensions>
          <ns3:TrackPointExtension>
            <ns3:hr>146</ns3:hr>
            <ns3:cad>89</ns3:cad>
          </ns3:TrackPointExtension>
        </extensions>
      </trkpt>
      <trkpt lat="24.49362485669553279876708984375" lon="118.14703107811510562896728515625">
        <ele>24.200000762939453125</ele>
        <time>2026-08-12T14:21:39.000Z</time>
        <extensions>
          <ns3:TrackPointExtension>
            <ns3:hr>147</ns3:hr>
            <ns3:cad>88</ns3:cad>
          </ns3:TrackPointExtension>
        </extensions>
      </trkpt>
      <trkpt lat="24.49364681728184223175048828125" lon="118.1470392085611820220947265625">
        <ele>24.200000762939453125</ele>
        <time>2026-08-12T14:21:40.000Z</time>
        <extensions>
          <ns3:TrackPointExtension>
            <ns3:hr>147</ns3:hr>
            <ns3:cad>88</ns3:cad>
          </ns3:TrackPointExtension>
        </extensions>
      </trkpt>
      <trkpt lat="24.49367816559970378875732421875" lon="118.14705035649240016937255859375">
        <ele>24.200000762939453125</ele>
        <time>2026-08-12T14:21:41.000Z</time>
        <extensions>
          <ns3:TrackPointExtension>
            <ns3:hr>147</ns3:hr>
            <ns3:cad>89</ns3:cad>
          </ns3:TrackPointExtension>
        </extensions>
      </trkpt>
      <trkpt lat="24.49369794689118862152099609375" lon="118.14705639146268367767333984375">
        <ele>24.200000762939453125</ele>
        <time>2026-08-12T14:21:42.000Z</time>
        <extensions>
          <ns3:TrackPointExtension>
            <ns3:hr>146</ns3:hr>
            <ns3:cad>89</ns3:cad>
          </ns3:TrackPointExtension>
        </extensions>
      </trkpt>
      <trkpt lat="24.4937300495803356170654296875" lon="118.1470663659274578094482421875">
        <ele>24.200000762939453125</ele>
        <time>2026-08-12T14:21:43.000Z</time>
        <extensions>
          <ns3:TrackPointExtension>
            <ns3:hr>146</ns3:hr>
            <ns3:cad>90</ns3:cad>
          </ns3:TrackPointExtension>
        </extensions>
      </trkpt>
      <trkpt lat="24.49375125579535961151123046875" lon="118.147073574364185333251953125">
        <ele>24</ele>
        <time>2026-08-12T14:21:44.000Z</time>
        <extensions>
          <ns3:TrackPointExtension>
            <ns3:hr>146</ns3:hr>
            <ns3:cad>90</ns3:cad>
          </ns3:TrackPointExtension>
        </extensions>
      </trkpt>
      <trkpt lat="24.49377774260938167572021484375" lon="118.14709209837019443511962890625">
        <ele>24</ele>
        <time>2026-08-12T14:21:45.000Z</time>
        <extensions>
          <ns3:TrackPointExtension>
            <ns3:hr>146</ns3:hr>
            <ns3:cad>90</ns3:cad>
          </ns3:TrackPointExtension>
        </extensions>
      </trkpt>
      <trkpt lat="24.49379869736731052398681640625" lon="118.147101737558841705322265625">
        <ele>24.200000762939453125</ele>
        <time>2026-08-12T14:21:46.000Z</time>
        <extensions>
          <ns3:TrackPointExtension>
            <ns3:hr>146</ns3:hr>
            <ns3:cad>88</ns3:cad>
          </ns3:TrackPointExtension>
        </extensions>
      </trkpt>
      <trkpt lat="24.49383071623742580413818359375" lon="118.14712730236351490020751953125">
        <ele>24.200000762939453125</ele>
        <time>2026-08-12T14:21:47.000Z</time>
        <extensions>
          <ns3:TrackPointExtension>
            <ns3:hr>146</ns3:hr>
            <ns3:cad>88</ns3:cad>
          </ns3:TrackPointExtension>
        </extensions>
      </trkpt>
      <trkpt lat="24.49385267682373523712158203125" lon="118.1471364386379718780517578125">
        <ele>24.200000762939453125</ele>
        <time>2026-08-12T14:21:48.000Z</time>
        <extensions>
          <ns3:TrackPointExtension>
            <ns3:hr>145</ns3:hr>
            <ns3:cad>88</ns3:cad>
          </ns3:TrackPointExtension>
        </extensions>
      </trkpt>
      <trkpt lat="24.49388536624610424041748046875" lon="118.14715437591075897216796875">
        <ele>24.200000762939453125</ele>
        <time>2026-08-12T14:21:49.000Z</time>
        <extensions>
          <ns3:TrackPointExtension>
            <ns3:hr>146</ns3:hr>
            <ns3:cad>89</ns3:cad>
          </ns3:TrackPointExtension>
        </extensions>
      </trkpt>
      <trkpt lat="24.4939100928604602813720703125" lon="118.14716041088104248046875">
        <ele>24.200000762939453125</ele>
        <time>2026-08-12T14:21:50.000Z</time>
        <extensions>
          <ns3:TrackPointExtension>
            <ns3:hr>145</ns3:hr>
            <ns3:cad>90</ns3:cad>
          </ns3:TrackPointExtension>
        </extensions>
      </trkpt>
      <trkpt lat="24.49394219554960727691650390625" lon="118.14717122353613376617431640625">
        <ele>24.200000762939453125</ele>
        <time>2026-08-12T14:21:51.000Z</time>
        <extensions>
          <ns3:TrackPointExtension>
            <ns3:hr>145</ns3:hr>
            <ns3:cad>90</ns3:cad>
          </ns3:TrackPointExtension>
        </extensions>
      </trkpt>
      <trkpt lat="24.49396331794559955596923828125" lon="118.14717826433479785919189453125">
        <ele>24.200000762939453125</ele>
        <time>2026-08-12T14:21:52.000Z</time>
        <extensions>
          <ns3:TrackPointExtension>
            <ns3:hr>144</ns3:hr>
            <ns3:cad>89</ns3:cad>
          </ns3:TrackPointExtension>
        </extensions>
      </trkpt>
      <trkpt lat="24.49399231933057308197021484375" lon="118.14718916080892086029052734375">
        <ele>24.200000762939453125</ele>
        <time>2026-08-12T14:21:53.000Z</time>
        <extensions>
          <ns3:TrackPointExtension>
            <ns3:hr>142</ns3:hr>
            <ns3:cad>89</ns3:cad>
          </ns3:TrackPointExtension>
        </extensions>
      </trkpt>
      <trkpt lat="24.4940145313739776611328125" lon="118.14719871617853641510009765625">
        <ele>24.200000762939453125</ele>
        <time>2026-08-12T14:21:54.000Z</time>
        <extensions>
          <ns3:TrackPointExtension>
            <ns3:hr>142</ns3:hr>
            <ns3:cad>88</ns3:cad>
          </ns3:TrackPointExtension>
        </extensions>
      </trkpt>
      <trkpt lat="24.49404194019734859466552734375" lon="118.14720659516751766204833984375">
        <ele>24.200000762939453125</ele>
        <time>2026-08-12T14:21:55.000Z</time>
        <extensions>
          <ns3:TrackPointExtension>
            <ns3:hr>142</ns3:hr>
            <ns3:cad>88</ns3:cad>
          </ns3:TrackPointExtension>
        </extensions>
      </trkpt>
      <trkpt lat="24.49406943283975124359130859375" lon="118.14721346832811832427978515625">
        <ele>24.200000762939453125</ele>
        <time>2026-08-12T14:21:56.000Z</time>
        <extensions>
          <ns3:TrackPointExtension>
            <ns3:hr>143</ns3:hr>
            <ns3:cad>87</ns3:cad>
          </ns3:TrackPointExtension>
        </extensions>
      </trkpt>
      <trkpt lat="24.49409969151020050048828125" lon="118.14721983857452869415283203125">
        <ele>24.200000762939453125</ele>
        <time>2026-08-12T14:21:57.000Z</time>
        <extensions>
          <ns3:TrackPointExtension>
            <ns3:hr>143</ns3:hr>
            <ns3:cad>87</ns3:cad>
          </ns3:TrackPointExtension>
        </extensions>
      </trkpt>
      <trkpt lat="24.49412575922906398773193359375" lon="118.1472319923341274261474609375">
        <ele>24.200000762939453125</ele>
        <time>2026-08-12T14:21:58.000Z</time>
        <extensions>
          <ns3:TrackPointExtension>
            <ns3:hr>143</ns3:hr>
            <ns3:cad>89</ns3:cad>
          </ns3:TrackPointExtension>
        </extensions>
      </trkpt>
      <trkpt lat="24.49415333569049835205078125" lon="118.1472403742372989654541015625">
        <ele>24.3999996185302734375</ele>
        <time>2026-08-12T14:21:59.000Z</time>
        <extensions>
          <ns3:TrackPointExtension>
            <ns3:hr>143</ns3:hr>
            <ns3:cad>89</ns3:cad>
          </ns3:TrackPointExtension>
        </extensions>
      </trkpt>
      <trkpt lat="24.4941820017993450164794921875" lon="118.147251270711421966552734375">
        <ele>24.3999996185302734375</ele>
        <time>2026-08-12T14:22:00.000Z</time>
        <extensions>
          <ns3:TrackPointExtension>
            <ns3:hr>143</ns3:hr>
            <ns3:cad>88</ns3:cad>
          </ns3:TrackPointExtension>
        </extensions>
      </trkpt>
      <trkpt lat="24.49420756660401821136474609375" lon="118.1472601555287837982177734375">
        <ele>24.3999996185302734375</ele>
        <time>2026-08-12T14:22:01.000Z</time>
        <extensions>
          <ns3:TrackPointExtension>
            <ns3:hr>142</ns3:hr>
            <ns3:cad>88</ns3:cad>
          </ns3:TrackPointExtension>
        </extensions>
      </trkpt>
      <trkpt lat="24.4942379929125308990478515625" lon="118.14727080054581165313720703125">
        <ele>24.3999996185302734375</ele>
        <time>2026-08-12T14:22:02.000Z</time>
        <extensions>
          <ns3:TrackPointExtension>
            <ns3:hr>142</ns3:hr>
            <ns3:cad>88</ns3:cad>
          </ns3:TrackPointExtension>
        </extensions>
      </trkpt>
      <trkpt lat="24.4942678324878215789794921875" lon="118.147276081144809722900390625">
        <ele>24.3999996185302734375</ele>
        <time>2026-08-12T14:22:03.000Z</time>
        <extensions>
          <ns3:TrackPointExtension>
            <ns3:hr>142</ns3:hr>
            <ns3:cad>88</ns3:cad>
          </ns3:TrackPointExtension>
        </extensions>
      </trkpt>
      <trkpt lat="24.4942961633205413818359375" lon="118.1472863070666790008544921875">
        <ele>24.200000762939453125</ele>
        <time>2026-08-12T14:22:04.000Z</time>
        <extensions>
          <ns3:TrackPointExtension>
            <ns3:hr>142</ns3:hr>
            <ns3:cad>89</ns3:cad>
          </ns3:TrackPointExtension>
        </extensions>
      </trkpt>
      <trkpt lat="24.49432357214391231536865234375" lon="118.14728940837085247039794921875">
        <ele>24.200000762939453125</ele>
        <time>2026-08-12T14:22:05.000Z</time>
        <extensions>
          <ns3:TrackPointExtension>
            <ns3:hr>143</ns3:hr>
            <ns3:cad>90</ns3:cad>
          </ns3:TrackPointExtension>
        </extensions>
      </trkpt>
      <trkpt lat="24.49434804730117321014404296875" lon="118.14730080775916576385498046875">
        <ele>24.200000762939453125</ele>
        <time>2026-08-12T14:22:06.000Z</time>
        <extensions>
          <ns3:TrackPointExtension>
            <ns3:hr>144</ns3:hr>
            <ns3:cad>90</ns3:cad>
          </ns3:TrackPointExtension>
        </extensions>
      </trkpt>
      <trkpt lat="24.49437436647713184356689453125" lon="118.147308938205242156982421875">
        <ele>24.200000762939453125</ele>
        <time>2026-08-12T14:22:07.000Z</time>
        <extensions>
          <ns3:TrackPointExtension>
            <ns3:hr>144</ns3:hr>
            <ns3:cad>90</ns3:cad>
          </ns3:TrackPointExtension>
        </extensions>
      </trkpt>
      <trkpt lat="24.4943979196250438690185546875" lon="118.147313296794891357421875">
        <ele>24.200000762939453125</ele>
        <time>2026-08-12T14:22:08.000Z</time>
        <extensions>
          <ns3:TrackPointExtension>
            <ns3:hr>145</ns3:hr>
            <ns3:cad>89</ns3:cad>
          </ns3:TrackPointExtension>
        </extensions>
      </trkpt>
      <trkpt lat="24.4944223947823047637939453125" lon="118.14731933176517486572265625">
        <ele>24.200000762939453125</ele>
        <time>2026-08-12T14:22:09.000Z</time>
        <extensions>
          <ns3:TrackPointExtension>
            <ns3:hr>146</ns3:hr>
            <ns3:cad>89</ns3:cad>
          </ns3:TrackPointExtension>
        </extensions>
      </trkpt>
      <trkpt lat="24.4944525696337223052978515625" lon="118.1473308987915515899658203125">
        <ele>24.200000762939453125</ele>
        <time>2026-08-12T14:22:10.000Z</time>
        <extensions>
          <ns3:TrackPointExtension>
            <ns3:hr>147</ns3:hr>
            <ns3:cad>88</ns3:cad>
          </ns3:TrackPointExtension>
        </extensions>
      </trkpt>
      <trkpt lat="24.49447788298130035400390625" lon="118.14733634702861309051513671875">
        <ele>24.200000762939453125</ele>
        <time>2026-08-12T14:22:11.000Z</time>
        <extensions>
          <ns3:TrackPointExtension>
            <ns3:hr>147</ns3:hr>
            <ns3:cad>88</ns3:cad>
          </ns3:TrackPointExtension>
        </extensions>
      </trkpt>
      <trkpt lat="24.49450847692787647247314453125" lon="118.14735285937786102294921875">
        <ele>24.200000762939453125</ele>
        <time>2026-08-12T14:22:12.000Z</time>
        <extensions>
          <ns3:TrackPointExtension>
            <ns3:hr>148</ns3:hr>
            <ns3:cad>89</ns3:cad>
          </ns3:TrackPointExtension>
        </extensions>
      </trkpt>
      <trkpt lat="24.4945303536951541900634765625" lon="118.1473604030907154083251953125">
        <ele>24.200000762939453125</ele>
        <time>2026-08-12T14:22:13.000Z</time>
        <extensions>
          <ns3:TrackPointExtension>
            <ns3:hr>149</ns3:hr>
            <ns3:cad>90</ns3:cad>
          </ns3:TrackPointExtension>
        </extensions>
      </trkpt>
      <trkpt lat="24.494560025632381439208984375" lon="118.1473731435835361480712890625">
        <ele>24.200000762939453125</ele>
        <time>2026-08-12T14:22:14.000Z</time>
        <extensions>
          <ns3:TrackPointExtension>
            <ns3:hr>149</ns3:hr>
            <ns3:cad>90</ns3:cad>
          </ns3:TrackPointExtension>
        </extensions>
      </trkpt>
      <trkpt lat="24.4945870153605937957763671875" lon="118.14738102257251739501953125">
        <ele>24.200000762939453125</ele>
        <time>2026-08-12T14:22:15.000Z</time>
        <extensions>
          <ns3:TrackPointExtension>
            <ns3:hr>149</ns3:hr>
            <ns3:cad>89</ns3:cad>
          </ns3:TrackPointExtension>
        </extensions>
      </trkpt>
      <trkpt lat="24.49461442418396472930908203125" lon="118.1473962776362895965576171875">
        <ele>24.200000762939453125</ele>
        <time>2026-08-12T14:22:16.000Z</time>
        <extensions>
          <ns3:TrackPointExtension>
            <ns3:hr>149</ns3:hr>
            <ns3:cad>89</ns3:cad>
          </ns3:TrackPointExtension>
        </extensions>
      </trkpt>
      <trkpt lat="24.494632445275783538818359375" lon="118.1474004685878753662109375">
        <ele>24.200000762939453125</ele>
        <time>2026-08-12T14:22:17.000Z</time>
        <extensions>
          <ns3:TrackPointExtension>
            <ns3:hr>150</ns3:hr>
            <ns3:cad>88</ns3:cad>
          </ns3:TrackPointExtension>
        </extensions>
      </trkpt>
      <trkpt lat="24.49465985409915447235107421875" lon="118.14741077832877635955810546875">
        <ele>24.200000762939453125</ele>
        <time>2026-08-12T14:22:18.000Z</time>
        <extensions>
          <ns3:TrackPointExtension>
            <ns3:hr>150</ns3:hr>
            <ns3:cad>88</ns3:cad>
          </ns3:TrackPointExtension>
        </extensions>
      </trkpt>
      <trkpt lat="24.49468315578997135162353515625" lon="118.147418238222599029541015625">
        <ele>24.200000762939453125</ele>
        <time>2026-08-12T14:22:19.000Z</time>
        <extensions>
          <ns3:TrackPointExtension>
            <ns3:hr>150</ns3:hr>
            <ns3:cad>89</ns3:cad>
          </ns3:TrackPointExtension>
        </extensions>
      </trkpt>
      <trkpt lat="24.49471601285040378570556640625" lon="118.14743055962026119232177734375">
        <ele>24</ele>
        <time>2026-08-12T14:22:20.000Z</time>
        <extensions>
          <ns3:TrackPointExtension>
            <ns3:hr>150</ns3:hr>
            <ns3:cad>89</ns3:cad>
          </ns3:TrackPointExtension>
        </extensions>
      </trkpt>
      <trkpt lat="24.494737721979618072509765625" lon="118.14743466675281524658203125">
        <ele>24</ele>
        <time>2026-08-12T14:22:21.000Z</time>
        <extensions>
          <ns3:TrackPointExtension>
            <ns3:hr>150</ns3:hr>
            <ns3:cad>89</ns3:cad>
          </ns3:TrackPointExtension>
        </extensions>
      </trkpt>
      <trkpt lat="24.4947710819542407989501953125" lon="118.147446401417255401611328125">
        <ele>24</ele>
        <time>2026-08-12T14:22:22.000Z</time>
        <extensions>
          <ns3:TrackPointExtension>
            <ns3:hr>150</ns3:hr>
            <ns3:cad>89</ns3:cad>
          </ns3:TrackPointExtension>
        </extensions>
      </trkpt>
      <trkpt lat="24.49479212053120136260986328125" lon="118.14745855517685413360595703125">
        <ele>24</ele>
        <time>2026-08-12T14:22:23.000Z</time>
        <extensions>
          <ns3:TrackPointExtension>
            <ns3:hr>151</ns3:hr>
            <ns3:cad>89</ns3:cad>
          </ns3:TrackPointExtension>
        </extensions>
      </trkpt>
      <trkpt lat="24.49482196010649204254150390625" lon="118.1474757380783557891845703125">
        <ele>24</ele>
        <time>2026-08-12T14:22:24.000Z</time>
        <extensions>
          <ns3:TrackPointExtension>
            <ns3:hr>150</ns3:hr>
            <ns3:cad>88</ns3:cad>
          </ns3:TrackPointExtension>
        </extensions>
      </trkpt>
      <trkpt lat="24.494845010340213775634765625" lon="118.14748294651508331298828125">
        <ele>24</ele>
        <time>2026-08-12T14:22:25.000Z</time>
        <extensions>
          <ns3:TrackPointExtension>
            <ns3:hr>150</ns3:hr>
            <ns3:cad>88</ns3:cad>
          </ns3:TrackPointExtension>
        </extensions>
      </trkpt>
      <trkpt lat="24.494868814945220947265625" lon="118.147492669522762298583984375">
        <ele>24</ele>
        <time>2026-08-12T14:22:26.000Z</time>
        <extensions>
          <ns3:TrackPointExtension>
            <ns3:hr>150</ns3:hr>
            <ns3:cad>88</ns3:cad>
          </ns3:TrackPointExtension>
        </extensions>
      </trkpt>
      <trkpt lat="24.49489370919764041900634765625" lon="118.1475015543401241302490234375">
        <ele>24</ele>
        <time>2026-08-12T14:22:27.000Z</time>
        <extensions>
          <ns3:TrackPointExtension>
            <ns3:hr>150</ns3:hr>
            <ns3:cad>89</ns3:cad>
          </ns3:TrackPointExtension>
        </extensions>
      </trkpt>
      <trkpt lat="24.49492187239229679107666015625" lon="118.14751002006232738494873046875">
        <ele>24</ele>
        <time>2026-08-12T14:22:28.000Z</time>
        <extensions>
          <ns3:TrackPointExtension>
            <ns3:hr>149</ns3:hr>
            <ns3:cad>90</ns3:cad>
          </ns3:TrackPointExtension>
        </extensions>
      </trkpt>
      <trkpt lat="24.49494299478828907012939453125" lon="118.14750951714813709259033203125">
        <ele>24</ele>
        <time>2026-08-12T14:22:29.000Z</time>
        <extensions>
          <ns3:TrackPointExtension>
            <ns3:hr>149</ns3:hr>
            <ns3:cad>90</ns3:cad>
          </ns3:TrackPointExtension>
        </extensions>
      </trkpt>
      <trkpt lat="24.49496948160231113433837890625" lon="118.1475238502025604248046875">
        <ele>24</ele>
        <time>2026-08-12T14:22:30.000Z</time>
        <extensions>
          <ns3:TrackPointExtension>
            <ns3:hr>149</ns3:hr>
            <ns3:cad>89</ns3:cad>
          </ns3:TrackPointExtension>
        </extensions>
      </trkpt>
      <trkpt lat="24.49499697424471378326416015625" lon="118.1475347466766834259033203125">
        <ele>24</ele>
        <time>2026-08-12T14:22:31.000Z</time>
        <extensions>
          <ns3:TrackPointExtension>
            <ns3:hr>149</ns3:hr>
            <ns3:cad>89</ns3:cad>
          </ns3:TrackPointExtension>
        </extensions>
      </trkpt>
      <trkpt lat="24.49502714909613132476806640625" lon="118.1475481577217578887939453125">
        <ele>24</ele>
        <time>2026-08-12T14:22:32.000Z</time>
        <extensions>
          <ns3:TrackPointExtension>
            <ns3:hr>149</ns3:hr>
            <ns3:cad>89</ns3:cad>
          </ns3:TrackPointExtension>
        </extensions>
      </trkpt>
      <trkpt lat="24.4950530491769313812255859375" lon="118.1475565396249294281005859375">
        <ele>24</ele>
        <time>2026-08-12T14:22:33.000Z</time>
        <extensions>
          <ns3:TrackPointExtension>
            <ns3:hr>148</ns3:hr>
            <ns3:cad>88</ns3:cad>
          </ns3:TrackPointExtension>
        </extensions>
      </trkpt>
      <trkpt lat="24.495080374181270599365234375" lon="118.1475558690726757049560546875">
        <ele>23.799999237060546875</ele>
        <time>2026-08-12T14:22:34.000Z</time>
        <extensions>
          <ns3:TrackPointExtension>
            <ns3:hr>148</ns3:hr>
            <ns3:cad>88</ns3:cad>
          </ns3:TrackPointExtension>
        </extensions>
      </trkpt>
      <trkpt lat="24.49510476551949977874755859375" lon="118.1475639156997203826904296875">
        <ele>23.799999237060546875</ele>
        <time>2026-08-12T14:22:35.000Z</time>
        <extensions>
          <ns3:TrackPointExtension>
            <ns3:hr>147</ns3:hr>
            <ns3:cad>89</ns3:cad>
          </ns3:TrackPointExtension>
        </extensions>
      </trkpt>
      <trkpt lat="24.49512488208711147308349609375" lon="118.14756802283227443695068359375">
        <ele>23.799999237060546875</ele>
        <time>2026-08-12T14:22:36.000Z</time>
        <extensions>
          <ns3:TrackPointExtension>
            <ns3:hr>147</ns3:hr>
            <ns3:cad>89</ns3:cad>
          </ns3:TrackPointExtension>
        </extensions>
      </trkpt>
      <trkpt lat="24.49515036307275295257568359375" lon="118.1475793384015560150146484375">
        <ele>23.799999237060546875</ele>
        <time>2026-08-12T14:22:37.000Z</time>
        <extensions>
          <ns3:TrackPointExtension>
            <ns3:hr>147</ns3:hr>
            <ns3:cad>90</ns3:cad>
          </ns3:TrackPointExtension>
        </extensions>
      </trkpt>
      <trkpt lat="24.49517265893518924713134765625" lon="118.14758277498185634613037109375">
        <ele>23.799999237060546875</ele>
        <time>2026-08-12T14:22:38.000Z</time>
        <extensions>
          <ns3:TrackPointExtension>
            <ns3:hr>147</ns3:hr>
            <ns3:cad>90</ns3:cad>
          </ns3:TrackPointExtension>
        </extensions>
      </trkpt>
      <trkpt lat="24.4951999001204967498779296875" lon="118.1475930847227573394775390625">
        <ele>23.799999237060546875</ele>
        <time>2026-08-12T14:22:39.000Z</time>
        <extensions>
          <ns3:TrackPointExtension>
            <ns3:hr>147</ns3:hr>
            <ns3:cad>90</ns3:cad>
          </ns3:TrackPointExtension>
        </extensions>
      </trkpt>
      <trkpt lat="24.49522378854453563690185546875" lon="118.14759870059788227081298828125">
        <ele>23.799999237060546875</ele>
        <time>2026-08-12T14:22:40.000Z</time>
        <extensions>
          <ns3:TrackPointExtension>
            <ns3:hr>147</ns3:hr>
            <ns3:cad>89</ns3:cad>
          </ns3:TrackPointExtension>
        </extensions>
      </trkpt>
      <trkpt lat="24.4952548854053020477294921875" lon="118.1476138718426227569580078125">
        <ele>23.799999237060546875</ele>
        <time>2026-08-12T14:22:41.000Z</time>
        <extensions>
          <ns3:TrackPointExtension>
            <ns3:hr>147</ns3:hr>
            <ns3:cad>88</ns3:cad>
          </ns3:TrackPointExtension>
        </extensions>
      </trkpt>
      <trkpt lat="24.49527709744870662689208984375" lon="118.1476229242980480194091796875">
        <ele>23.799999237060546875</ele>
        <time>2026-08-12T14:22:42.000Z</time>
        <extensions>
          <ns3:TrackPointExtension>
            <ns3:hr>147</ns3:hr>
            <ns3:cad>88</ns3:cad>
          </ns3:TrackPointExtension>
        </extensions>
      </trkpt>
      <trkpt lat="24.4953112117946147918701171875" lon="118.1476386822760105133056640625">
        <ele>23.799999237060546875</ele>
        <time>2026-08-12T14:22:43.000Z</time>
        <extensions>
          <ns3:TrackPointExtension>
            <ns3:hr>147</ns3:hr>
            <ns3:cad>89</ns3:cad>
          </ns3:TrackPointExtension>
        </extensions>
      </trkpt>
      <trkpt lat="24.49533459730446338653564453125" lon="118.14764077775180339813232421875">
        <ele>23.799999237060546875</ele>
        <time>2026-08-12T14:22:44.000Z</time>
        <extensions>
          <ns3:TrackPointExtension>
            <ns3:hr>147</ns3:hr>
            <ns3:cad>89</ns3:cad>
          </ns3:TrackPointExtension>
        </extensions>
      </trkpt>
      <trkpt lat="24.49537181295454502105712890625" lon="118.14764966256916522979736328125">
        <ele>23.799999237060546875</ele>
        <time>2026-08-12T14:22:45.000Z</time>
        <extensions>
          <ns3:TrackPointExtension>
            <ns3:hr>147</ns3:hr>
            <ns3:cad>89</ns3:cad>
          </ns3:TrackPointExtension>
        </extensions>
      </trkpt>
      <trkpt lat="24.495393522083759307861328125" lon="118.14765234477818012237548828125">
        <ele>23.799999237060546875</ele>
        <time>2026-08-12T14:22:46.000Z</time>
        <extensions>
          <ns3:TrackPointExtension>
            <ns3:hr>147</ns3:hr>
            <ns3:cad>89</ns3:cad>
          </ns3:TrackPointExtension>
        </extensions>
      </trkpt>
      <trkpt lat="24.4954248704016208648681640625" lon="118.1476614810526371002197265625">
        <ele>23.799999237060546875</ele>
        <time>2026-08-12T14:22:47.000Z</time>
        <extensions>
          <ns3:TrackPointExtension>
            <ns3:hr>146</ns3:hr>
            <ns3:cad>89</ns3:cad>
          </ns3:TrackPointExtension>
        </extensions>
      </trkpt>
      <trkpt lat="24.49544406495988368988037109375" lon="118.147665672004222869873046875">
        <ele>23.799999237060546875</ele>
        <time>2026-08-12T14:22:48.000Z</time>
        <extensions>
          <ns3:TrackPointExtension>
            <ns3:hr>146</ns3:hr>
            <ns3:cad>88</ns3:cad>
          </ns3:TrackPointExtension>
        </extensions>
      </trkpt>
      <trkpt lat="24.49547172524034976959228515625" lon="118.14768000505864620208740234375">
        <ele>24</ele>
        <time>2026-08-12T14:22:49.000Z</time>
        <extensions>
          <ns3:TrackPointExtension>
            <ns3:hr>146</ns3:hr>
            <ns3:cad>88</ns3:cad>
          </ns3:TrackPointExtension>
        </extensions>
      </trkpt>
      <trkpt lat="24.49549309909343719482421875" lon="118.14769341610372066497802734375">
        <ele>23.799999237060546875</ele>
        <time>2026-08-12T14:22:50.000Z</time>
        <extensions>
          <ns3:TrackPointExtension>
            <ns3:hr>146</ns3:hr>
            <ns3:cad>88</ns3:cad>
          </ns3:TrackPointExtension>
        </extensions>
      </trkpt>
      <trkpt lat="24.49551665224134922027587890625" lon="118.14770422875881195068359375">
        <ele>23.799999237060546875</ele>
        <time>2026-08-12T14:22:51.000Z</time>
        <extensions>
          <ns3:TrackPointExtension>
            <ns3:hr>146</ns3:hr>
            <ns3:cad>89</ns3:cad>
          </ns3:TrackPointExtension>
        </extensions>
      </trkpt>
      <trkpt lat="24.495541043579578399658203125" lon="118.1477184779942035675048828125">
        <ele>23.799999237060546875</ele>
        <time>2026-08-12T14:22:52.000Z</time>
        <extensions>
          <ns3:TrackPointExtension>
            <ns3:hr>146</ns3:hr>
            <ns3:cad>89</ns3:cad>
          </ns3:TrackPointExtension>
        </extensions>
      </trkpt>
      <trkpt lat="24.4955697096884250640869140625" lon="118.1477261893451213836669921875">
        <ele>23.799999237060546875</ele>
        <time>2026-08-12T14:22:53.000Z</time>
        <extensions>
          <ns3:TrackPointExtension>
            <ns3:hr>146</ns3:hr>
            <ns3:cad>89</ns3:cad>
          </ns3:TrackPointExtension>
        </extensions>
      </trkpt>
      <trkpt lat="24.49559812434017658233642578125" lon="118.147732056677341461181640625">
        <ele>23.799999237060546875</ele>
        <time>2026-08-12T14:22:54.000Z</time>
        <extensions>
          <ns3:TrackPointExtension>
            <ns3:hr>146</ns3:hr>
            <ns3:cad>88</ns3:cad>
          </ns3:TrackPointExtension>
        </extensions>
      </trkpt>
      <trkpt lat="24.49561807326972484588623046875" lon="118.14773951657116413116455078125">
        <ele>23.799999237060546875</ele>
        <time>2026-08-12T14:22:55.000Z</time>
        <extensions>
          <ns3:TrackPointExtension>
            <ns3:hr>146</ns3:hr>
            <ns3:cad>88</ns3:cad>
          </ns3:TrackPointExtension>
        </extensions>
      </trkpt>
      <trkpt lat="24.4956479966640472412109375" lon="118.14775116741657257080078125">
        <ele>23.799999237060546875</ele>
        <time>2026-08-12T14:22:56.000Z</time>
        <extensions>
          <ns3:TrackPointExtension>
            <ns3:hr>145</ns3:hr>
            <ns3:cad>88</ns3:cad>
          </ns3:TrackPointExtension>
        </extensions>
      </trkpt>
      <trkpt lat="24.49567188508808612823486328125" lon="118.147758208215236663818359375">
        <ele>24</ele>
        <time>2026-08-12T14:22:57.000Z</time>
        <extensions>
          <ns3:TrackPointExtension>
            <ns3:hr>145</ns3:hr>
            <ns3:cad>88</ns3:cad>
          </ns3:TrackPointExtension>
        </extensions>
      </trkpt>
      <trkpt lat="24.495691247284412384033203125" lon="118.147768937051296234130859375">
        <ele>24</ele>
        <time>2026-08-12T14:22:58.000Z</time>
        <extensions>
          <ns3:TrackPointExtension>
            <ns3:hr>145</ns3:hr>
            <ns3:cad>88</ns3:cad>
          </ns3:TrackPointExtension>
        </extensions>
      </trkpt>
      <trkpt lat="24.49572108685970306396484375" lon="118.1477721221745014190673828125">
        <ele>24</ele>
        <time>2026-08-12T14:22:59.000Z</time>
        <extensions>
          <ns3:TrackPointExtension>
            <ns3:hr>146</ns3:hr>
            <ns3:cad>88</ns3:cad>
          </ns3:TrackPointExtension>
        </extensions>
      </trkpt>
      <trkpt lat="24.4957477413117885589599609375" lon="118.14778394065797328948974609375">
        <ele>24</ele>
        <time>2026-08-12T14:23:00.000Z</time>
        <extensions>
          <ns3:TrackPointExtension>
            <ns3:hr>145</ns3:hr>
            <ns3:cad>89</ns3:cad>
          </ns3:TrackPointExtension>
        </extensions>
      </trkpt>
      <trkpt lat="24.4957695342600345611572265625" lon="118.147785030305385589599609375">
        <ele>24</ele>
        <time>2026-08-12T14:23:01.000Z</time>
        <extensions>
          <ns3:TrackPointExtension>
            <ns3:hr>145</ns3:hr>
            <ns3:cad>89</ns3:cad>
          </ns3:TrackPointExtension>
        </extensions>
      </trkpt>
      <trkpt lat="24.495795853435993194580078125" lon="118.1477939151227474212646484375">
        <ele>24</ele>
        <time>2026-08-12T14:23:02.000Z</time>
        <extensions>
          <ns3:TrackPointExtension>
            <ns3:hr>145</ns3:hr>
            <ns3:cad>89</ns3:cad>
          </ns3:TrackPointExtension>
        </extensions>
      </trkpt>
      <trkpt lat="24.49581571854650974273681640625" lon="118.147798441350460052490234375">
        <ele>23.799999237060546875</ele>
        <time>2026-08-12T14:23:03.000Z</time>
        <extensions>
          <ns3:TrackPointExtension>
            <ns3:hr>145</ns3:hr>
            <ns3:cad>89</ns3:cad>
          </ns3:TrackPointExtension>
        </extensions>
      </trkpt>
      <trkpt lat="24.4958491623401641845703125" lon="118.14781076274812221527099609375">
        <ele>23.799999237060546875</ele>
        <time>2026-08-12T14:23:04.000Z</time>
        <extensions>
          <ns3:TrackPointExtension>
            <ns3:hr>145</ns3:hr>
            <ns3:cad>89</ns3:cad>
          </ns3:TrackPointExtension>
        </extensions>
      </trkpt>
      <trkpt lat="24.49587338604032993316650390625" lon="118.14781260676681995391845703125">
        <ele>23.799999237060546875</ele>
        <time>2026-08-12T14:23:05.000Z</time>
        <extensions>
          <ns3:TrackPointExtension>
            <ns3:hr>145</ns3:hr>
            <ns3:cad>88</ns3:cad>
          </ns3:TrackPointExtension>
        </extensions>
      </trkpt>
      <trkpt lat="24.4959029741585254669189453125" lon="118.14782585017383098602294921875">
        <ele>24</ele>
        <time>2026-08-12T14:23:06.000Z</time>
        <extensions>
          <ns3:TrackPointExtension>
            <ns3:hr>145</ns3:hr>
            <ns3:cad>88</ns3:cad>
          </ns3:TrackPointExtension>
        </extensions>
      </trkpt>
      <trkpt lat="24.4959240965545177459716796875" lon="118.14782635308802127838134765625">
        <ele>24</ele>
        <time>2026-08-12T14:23:07.000Z</time>
        <extensions>
          <ns3:TrackPointExtension>
            <ns3:hr>146</ns3:hr>
            <ns3:cad>89</ns3:cad>
          </ns3:TrackPointExtension>
        </extensions>
      </trkpt>
      <trkpt lat="24.49595351703464984893798828125" lon="118.14784026704728603363037109375">
        <ele>24</ele>
        <time>2026-08-12T14:23:08.000Z</time>
        <extensions>
          <ns3:TrackPointExtension>
            <ns3:hr>147</ns3:hr>
            <ns3:cad>90</ns3:cad>
          </ns3:TrackPointExtension>
        </extensions>
      </trkpt>
      <trkpt lat="24.4959767349064350128173828125" lon="118.1478435359895229339599609375">
        <ele>24</ele>
        <time>2026-08-12T14:23:09.000Z</time>
        <extensions>
          <ns3:TrackPointExtension>
            <ns3:hr>147</ns3:hr>
            <ns3:cad>90</ns3:cad>
          </ns3:TrackPointExtension>
        </extensions>
      </trkpt>
      <trkpt lat="24.49601269327104091644287109375" lon="118.14785686321556568145751953125">
        <ele>24</ele>
        <time>2026-08-12T14:23:10.000Z</time>
        <extensions>
          <ns3:TrackPointExtension>
            <ns3:hr>147</ns3:hr>
            <ns3:cad>89</ns3:cad>
          </ns3:TrackPointExtension>
        </extensions>
      </trkpt>
      <trkpt lat="24.49603490531444549560546875" lon="118.14786071889102458953857421875">
        <ele>24</ele>
        <time>2026-08-12T14:23:11.000Z</time>
        <extensions>
          <ns3:TrackPointExtension>
            <ns3:hr>148</ns3:hr>
            <ns3:cad>89</ns3:cad>
          </ns3:TrackPointExtension>
        </extensions>
      </trkpt>
      <trkpt lat="24.49606449343264102935791015625" lon="118.147871531546115875244140625">
        <ele>24</ele>
        <time>2026-08-12T14:23:12.000Z</time>
        <extensions>
          <ns3:TrackPointExtension>
            <ns3:hr>148</ns3:hr>
            <ns3:cad>88</ns3:cad>
          </ns3:TrackPointExtension>
        </extensions>
      </trkpt>
      <trkpt lat="24.4960853643715381622314453125" lon="118.14787798561155796051025390625">
        <ele>24</ele>
        <time>2026-08-12T14:23:13.000Z</time>
        <extensions>
          <ns3:TrackPointExtension>
            <ns3:hr>148</ns3:hr>
            <ns3:cad>88</ns3:cad>
          </ns3:TrackPointExtension>
        </extensions>
      </trkpt>
      <trkpt lat="24.4961088337004184722900390625" lon="118.14788452349603176116943359375">
        <ele>24</ele>
        <time>2026-08-12T14:23:14.000Z</time>
        <extensions>
          <ns3:TrackPointExtension>
            <ns3:hr>148</ns3:hr>
            <ns3:cad>88</ns3:cad>
          </ns3:TrackPointExtension>
        </extensions>
      </trkpt>
      <trkpt lat="24.4961329735815525054931640625" lon="118.14789273776113986968994140625">
        <ele>24</ele>
        <time>2026-08-12T14:23:15.000Z</time>
        <extensions>
          <ns3:TrackPointExtension>
            <ns3:hr>148</ns3:hr>
            <ns3:cad>89</ns3:cad>
          </ns3:TrackPointExtension>
        </extensions>
      </trkpt>
      <trkpt lat="24.496163316071033477783203125" lon="118.14790816046297550201416015625">
        <ele>24</ele>
        <time>2026-08-12T14:23:16.000Z</time>
        <extensions>
          <ns3:TrackPointExtension>
            <ns3:hr>148</ns3:hr>
            <ns3:cad>89</ns3:cad>
          </ns3:TrackPointExtension>
        </extensions>
      </trkpt>
      <trkpt lat="24.4961869530379772186279296875" lon="118.14791335724294185638427734375">
        <ele>24</ele>
        <time>2026-08-12T14:23:17.000Z</time>
        <extensions>
          <ns3:TrackPointExtension>
            <ns3:hr>148</ns3:hr>
            <ns3:cad>89</ns3:cad>
          </ns3:TrackPointExtension>
        </extensions>
      </trkpt>
      <trkpt lat="24.49621729552745819091796875" lon="118.14792676828801631927490234375">
        <ele>24</ele>
        <time>2026-08-12T14:23:18.000Z</time>
        <extensions>
          <ns3:TrackPointExtension>
            <ns3:hr>147</ns3:hr>
            <ns3:cad>89</ns3:cad>
          </ns3:TrackPointExtension>
        </extensions>
      </trkpt>
      <trkpt lat="24.49624353088438510894775390625" lon="118.1479367427527904510498046875">
        <ele>24</ele>
        <time>2026-08-12T14:23:19.000Z</time>
        <extensions>
          <ns3:TrackPointExtension>
            <ns3:hr>148</ns3:hr>
            <ns3:cad>89</ns3:cad>
          </ns3:TrackPointExtension>
        </extensions>
      </trkpt>
      <trkpt lat="24.49626951478421688079833984375" lon="118.1479444541037082672119140625">
        <ele>24</ele>
        <time>2026-08-12T14:23:20.000Z</time>
        <extensions>
          <ns3:TrackPointExtension>
            <ns3:hr>148</ns3:hr>
            <ns3:cad>88</ns3:cad>
          </ns3:TrackPointExtension>
        </extensions>
      </trkpt>
      <trkpt lat="24.49629466049373149871826171875" lon="118.1479501537978649139404296875">
        <ele>24</ele>
        <time>2026-08-12T14:23:21.000Z</time>
        <extensions>
          <ns3:TrackPointExtension>
            <ns3:hr>147</ns3:hr>
            <ns3:cad>88</ns3:cad>
          </ns3:TrackPointExtension>
        </extensions>
      </trkpt>
      <trkpt lat="24.49632517062127590179443359375" lon="118.14795593731105327606201171875">
        <ele>24.200000762939453125</ele>
        <time>2026-08-12T14:23:22.000Z</time>
        <extensions>
          <ns3:TrackPointExtension>
            <ns3:hr>147</ns3:hr>
            <ns3:cad>88</ns3:cad>
          </ns3:TrackPointExtension>
        </extensions>
      </trkpt>
      <trkpt lat="24.49635132215917110443115234375" lon="118.1479632295668125152587890625">
        <ele>24.200000762939453125</ele>
        <time>2026-08-12T14:23:23.000Z</time>
        <extensions>
          <ns3:TrackPointExtension>
            <ns3:hr>147</ns3:hr>
            <ns3:cad>88</ns3:cad>
          </ns3:TrackPointExtension>
        </extensions>
      </trkpt>
      <trkpt lat="24.49637814424932003021240234375" lon="118.14797420985996723175048828125">
        <ele>24.200000762939453125</ele>
        <time>2026-08-12T14:23:24.000Z</time>
        <extensions>
          <ns3:TrackPointExtension>
            <ns3:hr>147</ns3:hr>
            <ns3:cad>90</ns3:cad>
          </ns3:TrackPointExtension>
        </extensions>
      </trkpt>
      <trkpt lat="24.49639775790274143218994140625" lon="118.14798451960086822509765625">
        <ele>24.200000762939453125</ele>
        <time>2026-08-12T14:23:25.000Z</time>
        <extensions>
          <ns3:TrackPointExtension>
            <ns3:hr>147</ns3:hr>
            <ns3:cad>90</ns3:cad>
          </ns3:TrackPointExtension>
        </extensions>
      </trkpt>
      <trkpt lat="24.4964243285357952117919921875" lon="118.1479905545711517333984375">
        <ele>24.200000762939453125</ele>
        <time>2026-08-12T14:23:26.000Z</time>
        <extensions>
          <ns3:TrackPointExtension>
            <ns3:hr>147</ns3:hr>
            <ns3:cad>90</ns3:cad>
          </ns3:TrackPointExtension>
        </extensions>
      </trkpt>
      <trkpt lat="24.49645190499722957611083984375" lon="118.1479986011981964111328125">
        <ele>24.200000762939453125</ele>
        <time>2026-08-12T14:23:27.000Z</time>
        <extensions>
          <ns3:TrackPointExtension>
            <ns3:hr>146</ns3:hr>
            <ns3:cad>89</ns3:cad>
          </ns3:TrackPointExtension>
        </extensions>
      </trkpt>
      <trkpt lat="24.49647101573646068572998046875" lon="118.14800606109201908111572265625">
        <ele>24.200000762939453125</ele>
        <time>2026-08-12T14:23:28.000Z</time>
        <extensions>
          <ns3:TrackPointExtension>
            <ns3:hr>146</ns3:hr>
            <ns3:cad>89</ns3:cad>
          </ns3:TrackPointExtension>
        </extensions>
      </trkpt>
      <trkpt lat="24.4965009391307830810546875" lon="118.14801695756614208221435546875">
        <ele>24.200000762939453125</ele>
        <time>2026-08-12T14:23:29.000Z</time>
        <extensions>
          <ns3:TrackPointExtension>
            <ns3:hr>146</ns3:hr>
            <ns3:cad>88</ns3:cad>
          </ns3:TrackPointExtension>
        </extensions>
      </trkpt>
      <trkpt lat="24.49652046896517276763916015625" lon="118.1480168737471103668212890625">
        <ele>24.200000762939453125</ele>
        <time>2026-08-12T14:23:30.000Z</time>
        <extensions>
          <ns3:TrackPointExtension>
            <ns3:hr>147</ns3:hr>
            <ns3:cad>88</ns3:cad>
          </ns3:TrackPointExtension>
        </extensions>
      </trkpt>
      <trkpt lat="24.4965540803968906402587890625" lon="118.14802466891705989837646484375">
        <ele>24.200000762939453125</ele>
        <time>2026-08-12T14:23:31.000Z</time>
        <extensions>
          <ns3:TrackPointExtension>
            <ns3:hr>147</ns3:hr>
            <ns3:cad>88</ns3:cad>
          </ns3:TrackPointExtension>
        </extensions>
      </trkpt>
      <trkpt lat="24.4965745322406291961669921875" lon="118.1480316258966922760009765625">
        <ele>24.200000762939453125</ele>
        <time>2026-08-12T14:23:32.000Z</time>
        <extensions>
          <ns3:TrackPointExtension>
            <ns3:hr>146</ns3:hr>
            <ns3:cad>88</ns3:cad>
          </ns3:TrackPointExtension>
        </extensions>
      </trkpt>
      <trkpt lat="24.49659959413111209869384765625" lon="118.14804914407432079315185546875">
        <ele>24.3999996185302734375</ele>
        <time>2026-08-12T14:23:33.000Z</time>
        <extensions>
          <ns3:TrackPointExtension>
            <ns3:hr>146</ns3:hr>
            <ns3:cad>88</ns3:cad>
          </ns3:TrackPointExtension>
        </extensions>
      </trkpt>
      <trkpt lat="24.49662029743194580078125" lon="118.1480562686920166015625">
        <ele>24.3999996185302734375</ele>
        <time>2026-08-12T14:23:34.000Z</time>
        <extensions>
          <ns3:TrackPointExtension>
            <ns3:hr>146</ns3:hr>
            <ns3:cad>88</ns3:cad>
          </ns3:TrackPointExtension>
        </extensions>
      </trkpt>
      <trkpt lat="24.496648795902729034423828125" lon="118.14807076938450336456298828125">
        <ele>24.3999996185302734375</ele>
        <time>2026-08-12T14:23:35.000Z</time>
        <extensions>
          <ns3:TrackPointExtension>
            <ns3:hr>146</ns3:hr>
            <ns3:cad>88</ns3:cad>
          </ns3:TrackPointExtension>
        </extensions>
      </trkpt>
      <trkpt lat="24.49666430242359638214111328125" lon="118.14807697199285030364990234375">
        <ele>24.3999996185302734375</ele>
        <time>2026-08-12T14:23:36.000Z</time>
        <extensions>
          <ns3:TrackPointExtension>
            <ns3:hr>147</ns3:hr>
            <ns3:cad>88</ns3:cad>
          </ns3:TrackPointExtension>
        </extensions>
      </trkpt>
      <trkpt lat="24.49669741094112396240234375" lon="118.14808669500052928924560546875">
        <ele>24.3999996185302734375</ele>
        <time>2026-08-12T14:23:37.000Z</time>
        <extensions>
          <ns3:TrackPointExtension>
            <ns3:hr>147</ns3:hr>
            <ns3:cad>88</ns3:cad>
          </ns3:TrackPointExtension>
        </extensions>
      </trkpt>
      <trkpt lat="24.49672180227935314178466796875" lon="118.14809314906597137451171875">
        <ele>24.200000762939453125</ele>
        <time>2026-08-12T14:23:38.000Z</time>
        <extensions>
          <ns3:TrackPointExtension>
            <ns3:hr>147</ns3:hr>
            <ns3:cad>88</ns3:cad>
          </ns3:TrackPointExtension>
        </extensions>
      </trkpt>
      <trkpt lat="24.496754743158817291259765625" lon="118.14810211770236492156982421875">
        <ele>24.200000762939453125</ele>
        <time>2026-08-12T14:23:39.000Z</time>
        <extensions>
          <ns3:TrackPointExtension>
            <ns3:hr>147</ns3:hr>
            <ns3:cad>89</ns3:cad>
          </ns3:TrackPointExtension>
        </extensions>
      </trkpt>
      <trkpt lat="24.4967772066593170166015625" lon="118.1481063924729824066162109375">
        <ele>24.200000762939453125</ele>
        <time>2026-08-12T14:23:40.000Z</time>
        <extensions>
          <ns3:TrackPointExtension>
            <ns3:hr>146</ns3:hr>
            <ns3:cad>89</ns3:cad>
          </ns3:TrackPointExtension>
        </extensions>
      </trkpt>
      <trkpt lat="24.49680729769170284271240234375" lon="118.14811334945261478424072265625">
        <ele>24.200000762939453125</ele>
        <time>2026-08-12T14:23:41.000Z</time>
        <extensions>
          <ns3:TrackPointExtension>
            <ns3:hr>146</ns3:hr>
            <ns3:cad>89</ns3:cad>
          </ns3:TrackPointExtension>
        </extensions>
      </trkpt>
      <trkpt lat="24.49683152139186859130859375" lon="118.14811863005161285400390625">
        <ele>24.200000762939453125</ele>
        <time>2026-08-12T14:23:42.000Z</time>
        <extensions>
          <ns3:TrackPointExtension>
            <ns3:hr>146</ns3:hr>
            <ns3:cad>89</ns3:cad>
          </ns3:TrackPointExtension>
        </extensions>
      </trkpt>
      <trkpt lat="24.49685834348201751708984375" lon="118.14812709577381610870361328125">
        <ele>24.200000762939453125</ele>
        <time>2026-08-12T14:23:43.000Z</time>
        <extensions>
          <ns3:TrackPointExtension>
            <ns3:hr>145</ns3:hr>
            <ns3:cad>88</ns3:cad>
          </ns3:TrackPointExtension>
        </extensions>
      </trkpt>
      <trkpt lat="24.4968829862773418426513671875" lon="118.1481399200856685638427734375">
        <ele>24.200000762939453125</ele>
        <time>2026-08-12T14:23:44.000Z</time>
        <extensions>
          <ns3:TrackPointExtension>
            <ns3:hr>146</ns3:hr>
            <ns3:cad>87</ns3:cad>
          </ns3:TrackPointExtension>
        </extensions>
      </trkpt>
      <trkpt lat="24.4969091378152370452880859375" lon="118.14814545214176177978515625">
        <ele>24.200000762939453125</ele>
        <time>2026-08-12T14:23:45.000Z</time>
        <extensions>
          <ns3:TrackPointExtension>
            <ns3:hr>147</ns3:hr>
            <ns3:cad>89</ns3:cad>
          </ns3:TrackPointExtension>
        </extensions>
      </trkpt>
      <trkpt lat="24.4969403184950351715087890625" lon="118.148157857358455657958984375">
        <ele>24.200000762939453125</ele>
        <time>2026-08-12T14:23:46.000Z</time>
        <extensions>
          <ns3:TrackPointExtension>
            <ns3:hr>147</ns3:hr>
            <ns3:cad>89</ns3:cad>
          </ns3:TrackPointExtension>
        </extensions>
      </trkpt>
      <trkpt lat="24.496966302394866943359375" lon="118.1481647305190563201904296875">
        <ele>24.200000762939453125</ele>
        <time>2026-08-12T14:23:47.000Z</time>
        <extensions>
          <ns3:TrackPointExtension>
            <ns3:hr>147</ns3:hr>
            <ns3:cad>89</ns3:cad>
          </ns3:TrackPointExtension>
        </extensions>
      </trkpt>
      <trkpt lat="24.49699723161756992340087890625" lon="118.14817688427865505218505859375">
        <ele>24.200000762939453125</ele>
        <time>2026-08-12T14:23:48.000Z</time>
        <extensions>
          <ns3:TrackPointExtension>
            <ns3:hr>147</ns3:hr>
            <ns3:cad>89</ns3:cad>
          </ns3:TrackPointExtension>
        </extensions>
      </trkpt>
      <trkpt lat="24.497021622955799102783203125" lon="118.14818224869668483734130859375">
        <ele>24.200000762939453125</ele>
        <time>2026-08-12T14:23:49.000Z</time>
        <extensions>
          <ns3:TrackPointExtension>
            <ns3:hr>147</ns3:hr>
            <ns3:cad>88</ns3:cad>
          </ns3:TrackPointExtension>
        </extensions>
      </trkpt>
      <trkpt lat="24.497053809463977813720703125" lon="118.14819649793207645416259765625">
        <ele>24.200000762939453125</ele>
        <time>2026-08-12T14:23:50.000Z</time>
        <extensions>
          <ns3:TrackPointExtension>
            <ns3:hr>147</ns3:hr>
            <ns3:cad>88</ns3:cad>
          </ns3:TrackPointExtension>
        </extensions>
      </trkpt>
      <trkpt lat="24.49707694351673126220703125" lon="118.14820219762623310089111328125">
        <ele>24.200000762939453125</ele>
        <time>2026-08-12T14:23:51.000Z</time>
        <extensions>
          <ns3:TrackPointExtension>
            <ns3:hr>147</ns3:hr>
            <ns3:cad>88</ns3:cad>
          </ns3:TrackPointExtension>
        </extensions>
      </trkpt>
      <trkpt lat="24.49710250832140445709228515625" lon="118.1482183746993541717529296875">
        <ele>24.200000762939453125</ele>
        <time>2026-08-12T14:23:52.000Z</time>
        <extensions>
          <ns3:TrackPointExtension>
            <ns3:hr>148</ns3:hr>
            <ns3:cad>88</ns3:cad>
          </ns3:TrackPointExtension>
        </extensions>
      </trkpt>
      <trkpt lat="24.49712296016514301300048828125" lon="118.14822801388800144195556640625">
        <ele>24.200000762939453125</ele>
        <time>2026-08-12T14:23:53.000Z</time>
        <extensions>
          <ns3:TrackPointExtension>
            <ns3:hr>148</ns3:hr>
            <ns3:cad>88</ns3:cad>
          </ns3:TrackPointExtension>
        </extensions>
      </trkpt>
      <trkpt lat="24.49715380556881427764892578125" lon="118.14824511297047138214111328125">
        <ele>24.200000762939453125</ele>
        <time>2026-08-12T14:23:54.000Z</time>
        <extensions>
          <ns3:TrackPointExtension>
            <ns3:hr>148</ns3:hr>
            <ns3:cad>88</ns3:cad>
          </ns3:TrackPointExtension>
        </extensions>
      </trkpt>
      <trkpt lat="24.49717761017382144927978515625" lon="118.1482508964836597442626953125">
        <ele>24.200000762939453125</ele>
        <time>2026-08-12T14:23:55.000Z</time>
        <extensions>
          <ns3:TrackPointExtension>
            <ns3:hr>148</ns3:hr>
            <ns3:cad>89</ns3:cad>
          </ns3:TrackPointExtension>
        </extensions>
      </trkpt>
      <trkpt lat="24.49720962904393672943115234375" lon="118.1482609547674655914306640625">
        <ele>24.200000762939453125</ele>
        <time>2026-08-12T14:23:56.000Z</time>
        <extensions>
          <ns3:TrackPointExtension>
            <ns3:hr>148</ns3:hr>
            <ns3:cad>89</ns3:cad>
          </ns3:TrackPointExtension>
        </extensions>
      </trkpt>
      <trkpt lat="24.4972279854118824005126953125" lon="118.1482616253197193145751953125">
        <ele>24.200000762939453125</ele>
        <time>2026-08-12T14:23:57.000Z</time>
        <extensions>
          <ns3:TrackPointExtension>
            <ns3:hr>148</ns3:hr>
            <ns3:cad>89</ns3:cad>
          </ns3:TrackPointExtension>
        </extensions>
      </trkpt>
      <trkpt lat="24.497260339558124542236328125" lon="118.1482726894319057464599609375">
        <ele>24.200000762939453125</ele>
        <time>2026-08-12T14:23:58.000Z</time>
        <extensions>
          <ns3:TrackPointExtension>
            <ns3:hr>148</ns3:hr>
            <ns3:cad>89</ns3:cad>
          </ns3:TrackPointExtension>
        </extensions>
      </trkpt>
      <trkpt lat="24.49728372506797313690185546875" lon="118.1482740305364131927490234375">
        <ele>24.200000762939453125</ele>
        <time>2026-08-12T14:23:59.000Z</time>
        <extensions>
          <ns3:TrackPointExtension>
            <ns3:hr>147</ns3:hr>
            <ns3:cad>88</ns3:cad>
          </ns3:TrackPointExtension>
        </extensions>
      </trkpt>
      <trkpt lat="24.49731825850903987884521484375" lon="118.14827964641153812408447265625">
        <ele>24.200000762939453125</ele>
        <time>2026-08-12T14:24:00.000Z</time>
        <extensions>
          <ns3:TrackPointExtension>
            <ns3:hr>148</ns3:hr>
            <ns3:cad>87</ns3:cad>
          </ns3:TrackPointExtension>
        </extensions>
      </trkpt>
      <trkpt lat="24.49734256602823734283447265625" lon="118.14827688038349151611328125">
        <ele>24.200000762939453125</ele>
        <time>2026-08-12T14:24:01.000Z</time>
        <extensions>
          <ns3:TrackPointExtension>
            <ns3:hr>148</ns3:hr>
            <ns3:cad>88</ns3:cad>
          </ns3:TrackPointExtension>
        </extensions>
      </trkpt>
      <trkpt lat="24.49737324379384517669677734375" lon="118.14827210269868373870849609375">
        <ele>24.200000762939453125</ele>
        <time>2026-08-12T14:24:02.000Z</time>
        <extensions>
          <ns3:TrackPointExtension>
            <ns3:hr>148</ns3:hr>
            <ns3:cad>89</ns3:cad>
          </ns3:TrackPointExtension>
        </extensions>
      </trkpt>
      <trkpt lat="24.497401155531406402587890625" lon="118.148265145719051361083984375">
        <ele>24</ele>
        <time>2026-08-12T14:24:03.000Z</time>
        <extensions>
          <ns3:TrackPointExtension>
            <ns3:hr>148</ns3:hr>
            <ns3:cad>89</ns3:cad>
          </ns3:TrackPointExtension>
        </extensions>
      </trkpt>
      <trkpt lat="24.49743359349668025970458984375" lon="118.14825315959751605987548828125">
        <ele>24</ele>
        <time>2026-08-12T14:24:04.000Z</time>
        <extensions>
          <ns3:TrackPointExtension>
            <ns3:hr>148</ns3:hr>
            <ns3:cad>89</ns3:cad>
          </ns3:TrackPointExtension>
        </extensions>
      </trkpt>
      <trkpt lat="24.4974569790065288543701171875" lon="118.14823958091437816619873046875">
        <ele>24</ele>
        <time>2026-08-12T14:24:05.000Z</time>
        <extensions>
          <ns3:TrackPointExtension>
            <ns3:hr>148</ns3:hr>
            <ns3:cad>89</ns3:cad>
          </ns3:TrackPointExtension>
        </extensions>
      </trkpt>
      <trkpt lat="24.4974824599921703338623046875" lon="118.1482180394232273101806640625">
        <ele>23.799999237060546875</ele>
        <time>2026-08-12T14:24:06.000Z</time>
        <extensions>
          <ns3:TrackPointExtension>
            <ns3:hr>148</ns3:hr>
            <ns3:cad>89</ns3:cad>
          </ns3:TrackPointExtension>
        </extensions>
      </trkpt>
      <trkpt lat="24.497497715055942535400390625" lon="118.14820152707397937774658203125">
        <ele>24</ele>
        <time>2026-08-12T14:24:07.000Z</time>
        <extensions>
          <ns3:TrackPointExtension>
            <ns3:hr>149</ns3:hr>
            <ns3:cad>89</ns3:cad>
          </ns3:TrackPointExtension>
        </extensions>
      </trkpt>
      <trkpt lat="24.49752143584191799163818359375" lon="118.1481702625751495361328125">
        <ele>24</ele>
        <time>2026-08-12T14:24:08.000Z</time>
        <extensions>
          <ns3:TrackPointExtension>
            <ns3:hr>149</ns3:hr>
            <ns3:cad>89</ns3:cad>
          </ns3:TrackPointExtension>
        </extensions>
      </trkpt>
      <trkpt lat="24.49753467924892902374267578125" lon="118.14814276993274688720703125">
        <ele>24</ele>
        <time>2026-08-12T14:24:09.000Z</time>
        <extensions>
          <ns3:TrackPointExtension>
            <ns3:hr>148</ns3:hr>
            <ns3:cad>90</ns3:cad>
          </ns3:TrackPointExtension>
        </extensions>
      </trkpt>
      <trkpt lat="24.497543983161449432373046875" lon="118.14810396172106266021728515625">
        <ele>24.200000762939453125</ele>
        <time>2026-08-12T14:24:10.000Z</time>
        <extensions>
          <ns3:TrackPointExtension>
            <ns3:hr>148</ns3:hr>
            <ns3:cad>90</ns3:cad>
          </ns3:TrackPointExtension>
        </extensions>
      </trkpt>
      <trkpt lat="24.49755177833139896392822265625" lon="118.148076720535755157470703125">
        <ele>24.200000762939453125</ele>
        <time>2026-08-12T14:24:11.000Z</time>
        <extensions>
          <ns3:TrackPointExtension>
            <ns3:hr>147</ns3:hr>
            <ns3:cad>90</ns3:cad>
          </ns3:TrackPointExtension>
        </extensions>
      </trkpt>
      <trkpt lat="24.49756368063390254974365234375" lon="118.1480426900088787078857421875">
        <ele>24.200000762939453125</ele>
        <time>2026-08-12T14:24:12.000Z</time>
        <extensions>
          <ns3:TrackPointExtension>
            <ns3:hr>147</ns3:hr>
            <ns3:cad>89</ns3:cad>
          </ns3:TrackPointExtension>
        </extensions>
      </trkpt>
      <trkpt lat="24.49757323600351810455322265625" lon="118.14801461063325405120849609375">
        <ele>24.200000762939453125</ele>
        <time>2026-08-12T14:24:13.000Z</time>
        <extensions>
          <ns3:TrackPointExtension>
            <ns3:hr>147</ns3:hr>
            <ns3:cad>89</ns3:cad>
          </ns3:TrackPointExtension>
        </extensions>
      </trkpt>
      <trkpt lat="24.4975843839347362518310546875" lon="118.14797915518283843994140625">
        <ele>24.200000762939453125</ele>
        <time>2026-08-12T14:24:14.000Z</time>
        <extensions>
          <ns3:TrackPointExtension>
            <ns3:hr>147</ns3:hr>
            <ns3:cad>88</ns3:cad>
          </ns3:TrackPointExtension>
        </extensions>
      </trkpt>
      <trkpt lat="24.4975931011140346527099609375" lon="118.1479504890739917755126953125">
        <ele>24.200000762939453125</ele>
        <time>2026-08-12T14:24:15.000Z</time>
        <extensions>
          <ns3:TrackPointExtension>
            <ns3:hr>147</ns3:hr>
            <ns3:cad>88</ns3:cad>
          </ns3:TrackPointExtension>
        </extensions>
      </trkpt>
      <trkpt lat="24.49759997427463531494140625" lon="118.1479169614613056182861328125">
        <ele>24.200000762939453125</ele>
        <time>2026-08-12T14:24:16.000Z</time>
        <extensions>
          <ns3:TrackPointExtension>
            <ns3:hr>147</ns3:hr>
            <ns3:cad>88</ns3:cad>
          </ns3:TrackPointExtension>
        </extensions>
      </trkpt>
      <trkpt lat="24.4976091943681240081787109375" lon="118.14788921736180782318115234375">
        <ele>24.200000762939453125</ele>
        <time>2026-08-12T14:24:17.000Z</time>
        <extensions>
          <ns3:TrackPointExtension>
            <ns3:hr>147</ns3:hr>
            <ns3:cad>88</ns3:cad>
          </ns3:TrackPointExtension>
        </extensions>
      </trkpt>
      <trkpt lat="24.49761464260518550872802734375" lon="118.14785786904394626617431640625">
        <ele>24.200000762939453125</ele>
        <time>2026-08-12T14:24:18.000Z</time>
        <extensions>
          <ns3:TrackPointExtension>
            <ns3:hr>147</ns3:hr>
            <ns3:cad>89</ns3:cad>
          </ns3:TrackPointExtension>
        </extensions>
      </trkpt>
      <trkpt lat="24.49762235395610332489013671875" lon="118.14782668836414813995361328125">
        <ele>24.200000762939453125</ele>
        <time>2026-08-12T14:24:19.000Z</time>
        <extensions>
          <ns3:TrackPointExtension>
            <ns3:hr>147</ns3:hr>
            <ns3:cad>89</ns3:cad>
          </ns3:TrackPointExtension>
        </extensions>
      </trkpt>
      <trkpt lat="24.497630484402179718017578125" lon="118.1477969326078891754150390625">
        <ele>24.200000762939453125</ele>
        <time>2026-08-12T14:24:20.000Z</time>
        <extensions>
          <ns3:TrackPointExtension>
            <ns3:hr>147</ns3:hr>
            <ns3:cad>89</ns3:cad>
          </ns3:TrackPointExtension>
        </extensions>
      </trkpt>
      <trkpt lat="24.4976380281150341033935546875" lon="118.14776365645229816436767578125">
        <ele>24.200000762939453125</ele>
        <time>2026-08-12T14:24:21.000Z</time>
        <extensions>
          <ns3:TrackPointExtension>
            <ns3:hr>147</ns3:hr>
            <ns3:cad>89</ns3:cad>
          </ns3:TrackPointExtension>
        </extensions>
      </trkpt>
      <trkpt lat="24.49763878248631954193115234375" lon="118.14773507416248321533203125">
        <ele>24.3999996185302734375</ele>
        <time>2026-08-12T14:24:22.000Z</time>
        <extensions>
          <ns3:TrackPointExtension>
            <ns3:hr>147</ns3:hr>
            <ns3:cad>88</ns3:cad>
          </ns3:TrackPointExtension>
        </extensions>
      </trkpt>
      <trkpt lat="24.497644565999507904052734375" lon="118.1477010436356067657470703125">
        <ele>24.3999996185302734375</ele>
        <time>2026-08-12T14:24:23.000Z</time>
        <extensions>
          <ns3:TrackPointExtension>
            <ns3:hr>147</ns3:hr>
            <ns3:cad>88</ns3:cad>
          </ns3:TrackPointExtension>
        </extensions>
      </trkpt>
      <trkpt lat="24.49764959514141082763671875" lon="118.147670365869998931884765625">
        <ele>24.3999996185302734375</ele>
        <time>2026-08-12T14:24:24.000Z</time>
        <extensions>
          <ns3:TrackPointExtension>
            <ns3:hr>147</ns3:hr>
            <ns3:cad>89</ns3:cad>
          </ns3:TrackPointExtension>
        </extensions>
      </trkpt>
      <trkpt lat="24.49765873141586780548095703125" lon="118.1476380117237567901611328125">
        <ele>24.3999996185302734375</ele>
        <time>2026-08-12T14:24:25.000Z</time>
        <extensions>
          <ns3:TrackPointExtension>
            <ns3:hr>148</ns3:hr>
            <ns3:cad>89</ns3:cad>
          </ns3:TrackPointExtension>
        </extensions>
      </trkpt>
      <trkpt lat="24.497664012014865875244140625" lon="118.1476125307381153106689453125">
        <ele>24.3999996185302734375</ele>
        <time>2026-08-12T14:24:26.000Z</time>
        <extensions>
          <ns3:TrackPointExtension>
            <ns3:hr>148</ns3:hr>
            <ns3:cad>89</ns3:cad>
          </ns3:TrackPointExtension>
        </extensions>
      </trkpt>
      <trkpt lat="24.49767231009900569915771484375" lon="118.147581517696380615234375">
        <ele>24.3999996185302734375</ele>
        <time>2026-08-12T14:24:27.000Z</time>
        <extensions>
          <ns3:TrackPointExtension>
            <ns3:hr>147</ns3:hr>
            <ns3:cad>89</ns3:cad>
          </ns3:TrackPointExtension>
        </extensions>
      </trkpt>
      <trkpt lat="24.49767264537513256072998046875" lon="118.1475575454533100128173828125">
        <ele>24.3999996185302734375</ele>
        <time>2026-08-12T14:24:28.000Z</time>
        <extensions>
          <ns3:TrackPointExtension>
            <ns3:hr>148</ns3:hr>
            <ns3:cad>88</ns3:cad>
          </ns3:TrackPointExtension>
        </extensions>
      </trkpt>
      <trkpt lat="24.49768354184925556182861328125" lon="118.14752452075481414794921875">
        <ele>24.3999996185302734375</ele>
        <time>2026-08-12T14:24:29.000Z</time>
        <extensions>
          <ns3:TrackPointExtension>
            <ns3:hr>148</ns3:hr>
            <ns3:cad>88</ns3:cad>
          </ns3:TrackPointExtension>
        </extensions>
      </trkpt>
      <trkpt lat="24.49768873862922191619873046875" lon="118.14750147052109241485595703125">
        <ele>24.3999996185302734375</ele>
        <time>2026-08-12T14:24:30.000Z</time>
        <extensions>
          <ns3:TrackPointExtension>
            <ns3:hr>148</ns3:hr>
            <ns3:cad>88</ns3:cad>
          </ns3:TrackPointExtension>
        </extensions>
      </trkpt>
      <trkpt lat="24.4976998865604400634765625" lon="118.14746626652777194976806640625">
        <ele>24.3999996185302734375</ele>
        <time>2026-08-12T14:24:31.000Z</time>
        <extensions>
          <ns3:TrackPointExtension>
            <ns3:hr>149</ns3:hr>
            <ns3:cad>88</ns3:cad>
          </ns3:TrackPointExtension>
        </extensions>
      </trkpt>
      <trkpt lat="24.49770801700651645660400390625" lon="118.14744195900857448577880859375">
        <ele>24.3999996185302734375</ele>
        <time>2026-08-12T14:24:32.000Z</time>
        <extensions>
          <ns3:TrackPointExtension>
            <ns3:hr>149</ns3:hr>
            <ns3:cad>88</ns3:cad>
          </ns3:TrackPointExtension>
        </extensions>
      </trkpt>
      <trkpt lat="24.4977188296616077423095703125" lon="118.14740658737719058990478515625">
        <ele>24.3999996185302734375</ele>
        <time>2026-08-12T14:24:33.000Z</time>
        <extensions>
          <ns3:TrackPointExtension>
            <ns3:hr>149</ns3:hr>
            <ns3:cad>90</ns3:cad>
          </ns3:TrackPointExtension>
        </extensions>
      </trkpt>
      <trkpt lat="24.4977240264415740966796875" lon="118.1473788432776927947998046875">
        <ele>24.3999996185302734375</ele>
        <time>2026-08-12T14:24:34.000Z</time>
        <extensions>
          <ns3:TrackPointExtension>
            <ns3:hr>149</ns3:hr>
            <ns3:cad>90</ns3:cad>
          </ns3:TrackPointExtension>
        </extensions>
      </trkpt>
      <trkpt lat="24.49773383326828479766845703125" lon="118.1473469920456409454345703125">
        <ele>24.3999996185302734375</ele>
        <time>2026-08-12T14:24:35.000Z</time>
        <extensions>
          <ns3:TrackPointExtension>
            <ns3:hr>149</ns3:hr>
            <ns3:cad>89</ns3:cad>
          </ns3:TrackPointExtension>
        </extensions>
      </trkpt>
      <trkpt lat="24.49773852713406085968017578125" lon="118.14732159487903118133544921875">
        <ele>24.3999996185302734375</ele>
        <time>2026-08-12T14:24:36.000Z</time>
        <extensions>
          <ns3:TrackPointExtension>
            <ns3:hr>149</ns3:hr>
            <ns3:cad>88</ns3:cad>
          </ns3:TrackPointExtension>
        </extensions>
      </trkpt>
      <trkpt lat="24.4977479986846446990966796875" lon="118.1472910009324550628662109375">
        <ele>24.200000762939453125</ele>
        <time>2026-08-12T14:24:37.000Z</time>
        <extensions>
          <ns3:TrackPointExtension>
            <ns3:hr>149</ns3:hr>
            <ns3:cad>88</ns3:cad>
          </ns3:TrackPointExtension>
        </extensions>
      </trkpt>
      <trkpt lat="24.49775596149265766143798828125" lon="118.1472663581371307373046875">
        <ele>24.200000762939453125</ele>
        <time>2026-08-12T14:24:38.000Z</time>
        <extensions>
          <ns3:TrackPointExtension>
            <ns3:hr>149</ns3:hr>
            <ns3:cad>88</ns3:cad>
          </ns3:TrackPointExtension>
        </extensions>
      </trkpt>
      <trkpt lat="24.4977669417858123779296875" lon="118.14723425544798374176025390625">
        <ele>24.200000762939453125</ele>
        <time>2026-08-12T14:24:39.000Z</time>
        <extensions>
          <ns3:TrackPointExtension>
            <ns3:hr>149</ns3:hr>
            <ns3:cad>88</ns3:cad>
          </ns3:TrackPointExtension>
        </extensions>
      </trkpt>
      <trkpt lat="24.497775323688983917236328125" lon="118.14720910973846912384033203125">
        <ele>24.3999996185302734375</ele>
        <time>2026-08-12T14:24:40.000Z</time>
        <extensions>
          <ns3:TrackPointExtension>
            <ns3:hr>148</ns3:hr>
            <ns3:cad>88</ns3:cad>
          </ns3:TrackPointExtension>
        </extensions>
      </trkpt>
      <trkpt lat="24.4977815262973308563232421875" lon="118.14717859961092472076416015625">
        <ele>24.3999996185302734375</ele>
        <time>2026-08-12T14:24:41.000Z</time>
        <extensions>
          <ns3:TrackPointExtension>
            <ns3:hr>149</ns3:hr>
            <ns3:cad>88</ns3:cad>
          </ns3:TrackPointExtension>
        </extensions>
      </trkpt>
      <trkpt lat="24.49778948910534381866455078125" lon="118.147152364253997802734375">
        <ele>24.3999996185302734375</ele>
        <time>2026-08-12T14:24:42.000Z</time>
        <extensions>
          <ns3:TrackPointExtension>
            <ns3:hr>148</ns3:hr>
            <ns3:cad>90</ns3:cad>
          </ns3:TrackPointExtension>
        </extensions>
      </trkpt>
      <trkpt lat="24.49780055321753025054931640625" lon="118.14712026156485080718994140625">
        <ele>24.3999996185302734375</ele>
        <time>2026-08-12T14:24:43.000Z</time>
        <extensions>
          <ns3:TrackPointExtension>
            <ns3:hr>148</ns3:hr>
            <ns3:cad>90</ns3:cad>
          </ns3:TrackPointExtension>
        </extensions>
      </trkpt>
      <trkpt lat="24.49781119823455810546875" lon="118.14709746278822422027587890625">
        <ele>24.3999996185302734375</ele>
        <time>2026-08-12T14:24:44.000Z</time>
        <extensions>
          <ns3:TrackPointExtension>
            <ns3:hr>149</ns3:hr>
            <ns3:cad>90</ns3:cad>
          </ns3:TrackPointExtension>
        </extensions>
      </trkpt>
      <trkpt lat="24.49782469309866428375244140625" lon="118.14706661738455295562744140625">
        <ele>24.3999996185302734375</ele>
        <time>2026-08-12T14:24:45.000Z</time>
        <extensions>
          <ns3:TrackPointExtension>
            <ns3:hr>149</ns3:hr>
            <ns3:cad>89</ns3:cad>
          </ns3:TrackPointExtension>
        </extensions>
      </trkpt>
      <trkpt lat="24.49782972224056720733642578125" lon="118.1470402143895626068115234375">
        <ele>24.3999996185302734375</ele>
        <time>2026-08-12T14:24:46.000Z</time>
        <extensions>
          <ns3:TrackPointExtension>
            <ns3:hr>149</ns3:hr>
            <ns3:cad>89</ns3:cad>
          </ns3:TrackPointExtension>
        </extensions>
      </trkpt>
      <trkpt lat="24.497841037809848785400390625" lon="118.14701247029006481170654296875">
        <ele>24.200000762939453125</ele>
        <time>2026-08-12T14:24:47.000Z</time>
        <extensions>
          <ns3:TrackPointExtension>
            <ns3:hr>149</ns3:hr>
            <ns3:cad>89</ns3:cad>
          </ns3:TrackPointExtension>
        </extensions>
      </trkpt>
      <trkpt lat="24.49785134755074977874755859375" lon="118.146987073123455047607421875">
        <ele>24.200000762939453125</ele>
        <time>2026-08-12T14:24:48.000Z</time>
        <extensions>
          <ns3:TrackPointExtension>
            <ns3:hr>149</ns3:hr>
            <ns3:cad>89</ns3:cad>
          </ns3:TrackPointExtension>
        </extensions>
      </trkpt>
      <trkpt lat="24.497859142720699310302734375" lon="118.14696150831878185272216796875">
        <ele>24.200000762939453125</ele>
        <time>2026-08-12T14:24:49.000Z</time>
        <extensions>
          <ns3:TrackPointExtension>
            <ns3:hr>149</ns3:hr>
            <ns3:cad>90</ns3:cad>
          </ns3:TrackPointExtension>
        </extensions>
      </trkpt>
      <trkpt lat="24.4978646747767925262451171875" lon="118.1469335965812206268310546875">
        <ele>24.200000762939453125</ele>
        <time>2026-08-12T14:24:50.000Z</time>
        <extensions>
          <ns3:TrackPointExtension>
            <ns3:hr>149</ns3:hr>
            <ns3:cad>90</ns3:cad>
          </ns3:TrackPointExtension>
        </extensions>
      </trkpt>
      <trkpt lat="24.4978686980903148651123046875" lon="118.14690568484365940093994140625">
        <ele>24.200000762939453125</ele>
        <time>2026-08-12T14:24:51.000Z</time>
        <extensions>
          <ns3:TrackPointExtension>
            <ns3:hr>148</ns3:hr>
            <ns3:cad>89</ns3:cad>
          </ns3:TrackPointExtension>
        </extensions>
      </trkpt>
      <trkpt lat="24.49787490069866180419921875" lon="118.146876432001590728759765625">
        <ele>24.200000762939453125</ele>
        <time>2026-08-12T14:24:52.000Z</time>
        <extensions>
          <ns3:TrackPointExtension>
            <ns3:hr>149</ns3:hr>
            <ns3:cad>89</ns3:cad>
          </ns3:TrackPointExtension>
        </extensions>
      </trkpt>
      <trkpt lat="24.49787766672670841217041015625" lon="118.14684902317821979522705078125">
        <ele>24.200000762939453125</ele>
        <time>2026-08-12T14:24:53.000Z</time>
        <extensions>
          <ns3:TrackPointExtension>
            <ns3:hr>148</ns3:hr>
            <ns3:cad>88</ns3:cad>
          </ns3:TrackPointExtension>
        </extensions>
      </trkpt>
      <trkpt lat="24.49788688682019710540771484375" lon="118.14682052470743656158447265625">
        <ele>24.200000762939453125</ele>
        <time>2026-08-12T14:24:54.000Z</time>
        <extensions>
          <ns3:TrackPointExtension>
            <ns3:hr>148</ns3:hr>
            <ns3:cad>88</ns3:cad>
          </ns3:TrackPointExtension>
        </extensions>
      </trkpt>
      <trkpt lat="24.49789233505725860595703125" lon="118.14679722301661968231201171875">
        <ele>24.200000762939453125</ele>
        <time>2026-08-12T14:24:55.000Z</time>
        <extensions>
          <ns3:TrackPointExtension>
            <ns3:hr>148</ns3:hr>
            <ns3:cad>88</ns3:cad>
          </ns3:TrackPointExtension>
        </extensions>
      </trkpt>
      <trkpt lat="24.49790306389331817626953125" lon="118.14676671288907527923583984375">
        <ele>24.200000762939453125</ele>
        <time>2026-08-12T14:24:56.000Z</time>
        <extensions>
          <ns3:TrackPointExtension>
            <ns3:hr>149</ns3:hr>
            <ns3:cad>88</ns3:cad>
          </ns3:TrackPointExtension>
        </extensions>
      </trkpt>
      <trkpt lat="24.49790482409298419952392578125" lon="118.146741650998592376708984375">
        <ele>24.200000762939453125</ele>
        <time>2026-08-12T14:24:57.000Z</time>
        <extensions>
          <ns3:TrackPointExtension>
            <ns3:hr>148</ns3:hr>
            <ns3:cad>89</ns3:cad>
          </ns3:TrackPointExtension>
        </extensions>
      </trkpt>
      <trkpt lat="24.49791337363421916961669921875" lon="118.146707452833652496337890625">
        <ele>24.200000762939453125</ele>
        <time>2026-08-12T14:24:58.000Z</time>
        <extensions>
          <ns3:TrackPointExtension>
            <ns3:hr>148</ns3:hr>
            <ns3:cad>89</ns3:cad>
          </ns3:TrackPointExtension>
        </extensions>
      </trkpt>
      <trkpt lat="24.4979109428822994232177734375" lon="118.146681301295757293701171875">
        <ele>24.200000762939453125</ele>
        <time>2026-08-12T14:24:59.000Z</time>
        <extensions>
          <ns3:TrackPointExtension>
            <ns3:hr>149</ns3:hr>
            <ns3:cad>89</ns3:cad>
          </ns3:TrackPointExtension>
        </extensions>
      </trkpt>
      <trkpt lat="24.49792158789932727813720703125" lon="118.14664752222597599029541015625">
        <ele>24.200000762939453125</ele>
        <time>2026-08-12T14:25:00.000Z</time>
        <extensions>
          <ns3:TrackPointExtension>
            <ns3:hr>148</ns3:hr>
            <ns3:cad>88</ns3:cad>
          </ns3:TrackPointExtension>
        </extensions>
      </trkpt>
      <trkpt lat="24.4979253597557544708251953125" lon="118.14662371762096881866455078125">
        <ele>24.200000762939453125</ele>
        <time>2026-08-12T14:25:01.000Z</time>
        <extensions>
          <ns3:TrackPointExtension>
            <ns3:hr>148</ns3:hr>
            <ns3:cad>88</ns3:cad>
          </ns3:TrackPointExtension>
        </extensions>
      </trkpt>
      <trkpt lat="24.4979357533156871795654296875" lon="118.1465862505137920379638671875">
        <ele>24.3999996185302734375</ele>
        <time>2026-08-12T14:25:02.000Z</time>
        <extensions>
          <ns3:TrackPointExtension>
            <ns3:hr>148</ns3:hr>
            <ns3:cad>88</ns3:cad>
          </ns3:TrackPointExtension>
        </extensions>
      </trkpt>
      <trkpt lat="24.49793935753405094146728515625" lon="118.1465621106326580047607421875">
        <ele>24.3999996185302734375</ele>
        <time>2026-08-12T14:25:03.000Z</time>
        <extensions>
          <ns3:TrackPointExtension>
            <ns3:hr>149</ns3:hr>
            <ns3:cad>88</ns3:cad>
          </ns3:TrackPointExtension>
        </extensions>
      </trkpt>
      <trkpt lat="24.49795268476009368896484375" lon="118.14652916975319385528564453125">
        <ele>24.3999996185302734375</ele>
        <time>2026-08-12T14:25:04.000Z</time>
        <extensions>
          <ns3:TrackPointExtension>
            <ns3:hr>148</ns3:hr>
            <ns3:cad>90</ns3:cad>
          </ns3:TrackPointExtension>
        </extensions>
      </trkpt>
      <trkpt lat="24.4979558698832988739013671875" lon="118.14650855027139186859130859375">
        <ele>24.200000762939453125</ele>
        <time>2026-08-12T14:25:05.000Z</time>
        <extensions>
          <ns3:TrackPointExtension>
            <ns3:hr>148</ns3:hr>
            <ns3:cad>90</ns3:cad>
          </ns3:TrackPointExtension>
        </extensions>
      </trkpt>
      <trkpt lat="24.49797137640416622161865234375" lon="118.1464759446680545806884765625">
        <ele>24.200000762939453125</ele>
        <time>2026-08-12T14:25:06.000Z</time>
        <extensions>
          <ns3:TrackPointExtension>
            <ns3:hr>148</ns3:hr>
            <ns3:cad>90</ns3:cad>
          </ns3:TrackPointExtension>
        </extensions>
      </trkpt>
      <trkpt lat="24.49797414243221282958984375" lon="118.146455325186252593994140625">
        <ele>24.200000762939453125</ele>
        <time>2026-08-12T14:25:07.000Z</time>
        <extensions>
          <ns3:TrackPointExtension>
            <ns3:hr>148</ns3:hr>
            <ns3:cad>89</ns3:cad>
          </ns3:TrackPointExtension>
        </extensions>
      </trkpt>
      <trkpt lat="24.497985877096652984619140625" lon="118.14642523415386676788330078125">
        <ele>24.200000762939453125</ele>
        <time>2026-08-12T14:25:08.000Z</time>
        <extensions>
          <ns3:TrackPointExtension>
            <ns3:hr>147</ns3:hr>
            <ns3:cad>89</ns3:cad>
          </ns3:TrackPointExtension>
        </extensions>
      </trkpt>
      <trkpt lat="24.4979950971901416778564453125" lon="118.14640176482498645782470703125">
        <ele>24.200000762939453125</ele>
        <time>2026-08-12T14:25:09.000Z</time>
        <extensions>
          <ns3:TrackPointExtension>
            <ns3:hr>147</ns3:hr>
            <ns3:cad>88</ns3:cad>
          </ns3:TrackPointExtension>
        </extensions>
      </trkpt>
      <trkpt lat="24.4980083405971527099609375" lon="118.14637158997356891632080078125">
        <ele>24.200000762939453125</ele>
        <time>2026-08-12T14:25:10.000Z</time>
        <extensions>
          <ns3:TrackPointExtension>
            <ns3:hr>147</ns3:hr>
            <ns3:cad>88</ns3:cad>
          </ns3:TrackPointExtension>
        </extensions>
      </trkpt>
      <trkpt lat="24.4980175606906414031982421875" lon="118.14634560607373714447021484375">
        <ele>24.3999996185302734375</ele>
        <time>2026-08-12T14:25:11.000Z</time>
        <extensions>
          <ns3:TrackPointExtension>
            <ns3:hr>147</ns3:hr>
            <ns3:cad>88</ns3:cad>
          </ns3:TrackPointExtension>
        </extensions>
      </trkpt>
      <trkpt lat="24.49802787043154239654541015625" lon="118.14631484448909759521484375">
        <ele>24.3999996185302734375</ele>
        <time>2026-08-12T14:25:12.000Z</time>
        <extensions>
          <ns3:TrackPointExtension>
            <ns3:hr>147</ns3:hr>
            <ns3:cad>89</ns3:cad>
          </ns3:TrackPointExtension>
        </extensions>
      </trkpt>
      <trkpt lat="24.4980346597731113433837890625" lon="118.14628743566572666168212890625">
        <ele>24.3999996185302734375</ele>
        <time>2026-08-12T14:25:13.000Z</time>
        <extensions>
          <ns3:TrackPointExtension>
            <ns3:hr>147</ns3:hr>
            <ns3:cad>89</ns3:cad>
          </ns3:TrackPointExtension>
        </extensions>
      </trkpt>
      <trkpt lat="24.4980440475046634674072265625" lon="118.14625675790011882781982421875">
        <ele>24.3999996185302734375</ele>
        <time>2026-08-12T14:25:14.000Z</time>
        <extensions>
          <ns3:TrackPointExtension>
            <ns3:hr>148</ns3:hr>
            <ns3:cad>89</ns3:cad>
          </ns3:TrackPointExtension>
        </extensions>
      </trkpt>
      <trkpt lat="24.49804765172302722930908203125" lon="118.14623110927641391754150390625">
        <ele>24.3999996185302734375</ele>
        <time>2026-08-12T14:25:15.000Z</time>
        <extensions>
          <ns3:TrackPointExtension>
            <ns3:hr>148</ns3:hr>
            <ns3:cad>89</ns3:cad>
          </ns3:TrackPointExtension>
        </extensions>
      </trkpt>
      <trkpt lat="24.49805636890232563018798828125" lon="118.14620328135788440704345703125">
        <ele>24.3999996185302734375</ele>
        <time>2026-08-12T14:25:16.000Z</time>
        <extensions>
          <ns3:TrackPointExtension>
            <ns3:hr>148</ns3:hr>
            <ns3:cad>88</ns3:cad>
          </ns3:TrackPointExtension>
        </extensions>
      </trkpt>
      <trkpt lat="24.498060978949069976806640625" lon="118.14617293886840343475341796875">
        <ele>24.3999996185302734375</ele>
        <time>2026-08-12T14:25:17.000Z</time>
        <extensions>
          <ns3:TrackPointExtension>
            <ns3:hr>147</ns3:hr>
            <ns3:cad>88</ns3:cad>
          </ns3:TrackPointExtension>
        </extensions>
      </trkpt>
      <trkpt lat="24.49806307442486286163330078125" lon="118.14614276401698589324951171875">
        <ele>24.3999996185302734375</ele>
        <time>2026-08-12T14:25:18.000Z</time>
        <extensions>
          <ns3:TrackPointExtension>
            <ns3:hr>147</ns3:hr>
            <ns3:cad>88</ns3:cad>
          </ns3:TrackPointExtension>
        </extensions>
      </trkpt>
      <trkpt lat="24.49807070195674896240234375" lon="118.146114684641361236572265625">
        <ele>24.3999996185302734375</ele>
        <time>2026-08-12T14:25:19.000Z</time>
        <extensions>
          <ns3:TrackPointExtension>
            <ns3:hr>147</ns3:hr>
            <ns3:cad>89</ns3:cad>
          </ns3:TrackPointExtension>
        </extensions>
      </trkpt>
      <trkpt lat="24.49807615019381046295166015625" lon="118.1460853479802608489990234375">
        <ele>24.3999996185302734375</ele>
        <time>2026-08-12T14:25:20.000Z</time>
        <extensions>
          <ns3:TrackPointExtension>
            <ns3:hr>147</ns3:hr>
            <ns3:cad>89</ns3:cad>
          </ns3:TrackPointExtension>
        </extensions>
      </trkpt>
      <trkpt lat="24.4980859570205211639404296875" lon="118.1460555084049701690673828125">
        <ele>24.3999996185302734375</ele>
        <time>2026-08-12T14:25:21.000Z</time>
        <extensions>
          <ns3:TrackPointExtension>
            <ns3:hr>147</ns3:hr>
            <ns3:cad>90</ns3:cad>
          </ns3:TrackPointExtension>
        </extensions>
      </trkpt>
      <trkpt lat="24.49809274636209011077880859375" lon="118.14602575264871120452880859375">
        <ele>24.200000762939453125</ele>
        <time>2026-08-12T14:25:22.000Z</time>
        <extensions>
          <ns3:TrackPointExtension>
            <ns3:hr>147</ns3:hr>
            <ns3:cad>90</ns3:cad>
          </ns3:TrackPointExtension>
        </extensions>
      </trkpt>
      <trkpt lat="24.49810179881751537322998046875" lon="118.14599406905472278594970703125">
        <ele>24.200000762939453125</ele>
        <time>2026-08-12T14:25:23.000Z</time>
        <extensions>
          <ns3:TrackPointExtension>
            <ns3:hr>147</ns3:hr>
            <ns3:cad>90</ns3:cad>
          </ns3:TrackPointExtension>
        </extensions>
      </trkpt>
      <trkpt lat="24.49810414575040340423583984375" lon="118.145964145660400390625">
        <ele>24.200000762939453125</ele>
        <time>2026-08-12T14:25:24.000Z</time>
        <extensions>
          <ns3:TrackPointExtension>
            <ns3:hr>147</ns3:hr>
            <ns3:cad>88</ns3:cad>
          </ns3:TrackPointExtension>
        </extensions>
      </trkpt>
      <trkpt lat="24.49811437167227268218994140625" lon="118.14593237824738025665283203125">
        <ele>24.200000762939453125</ele>
        <time>2026-08-12T14:25:25.000Z</time>
        <extensions>
          <ns3:TrackPointExtension>
            <ns3:hr>147</ns3:hr>
            <ns3:cad>88</ns3:cad>
          </ns3:TrackPointExtension>
        </extensions>
      </trkpt>
      <trkpt lat="24.498116970062255859375" lon="118.1459032930433750152587890625">
        <ele>24.200000762939453125</ele>
        <time>2026-08-12T14:25:26.000Z</time>
        <extensions>
          <ns3:TrackPointExtension>
            <ns3:hr>147</ns3:hr>
            <ns3:cad>89</ns3:cad>
          </ns3:TrackPointExtension>
        </extensions>
      </trkpt>
      <trkpt lat="24.4981288723647594451904296875" lon="118.1458697654306888580322265625">
        <ele>24.200000762939453125</ele>
        <time>2026-08-12T14:25:27.000Z</time>
        <extensions>
          <ns3:TrackPointExtension>
            <ns3:hr>147</ns3:hr>
            <ns3:cad>89</ns3:cad>
          </ns3:TrackPointExtension>
        </extensions>
      </trkpt>
      <trkpt lat="24.49813180603086948394775390625" lon="118.1458419375121593475341796875">
        <ele>24.200000762939453125</ele>
        <time>2026-08-12T14:25:28.000Z</time>
        <extensions>
          <ns3:TrackPointExtension>
            <ns3:hr>147</ns3:hr>
            <ns3:cad>89</ns3:cad>
          </ns3:TrackPointExtension>
        </extensions>
      </trkpt>
      <trkpt lat="24.49814379215240478515625" lon="118.1458077393472194671630859375">
        <ele>24.3999996185302734375</ele>
        <time>2026-08-12T14:25:29.000Z</time>
        <extensions>
          <ns3:TrackPointExtension>
            <ns3:hr>147</ns3:hr>
            <ns3:cad>89</ns3:cad>
          </ns3:TrackPointExtension>
        </extensions>
      </trkpt>
      <trkpt lat="24.49815141968429088592529296875" lon="118.14578318037092685699462890625">
        <ele>24.3999996185302734375</ele>
        <time>2026-08-12T14:25:30.000Z</time>
        <extensions>
          <ns3:TrackPointExtension>
            <ns3:hr>147</ns3:hr>
            <ns3:cad>89</ns3:cad>
          </ns3:TrackPointExtension>
        </extensions>
      </trkpt>
      <trkpt lat="24.49817254208028316497802734375" lon="118.14576096832752227783203125">
        <ele>24.3999996185302734375</ele>
        <time>2026-08-12T14:25:31.000Z</time>
        <extensions>
          <ns3:TrackPointExtension>
            <ns3:hr>147</ns3:hr>
            <ns3:cad>89</ns3:cad>
          </ns3:TrackPointExtension>
        </extensions>
      </trkpt>
      <trkpt lat="24.49818863533437252044677734375" lon="118.14575099386274814605712890625">
        <ele>24.3999996185302734375</ele>
        <time>2026-08-12T14:25:32.000Z</time>
        <extensions>
          <ns3:TrackPointExtension>
            <ns3:hr>147</ns3:hr>
            <ns3:cad>89</ns3:cad>
          </ns3:TrackPointExtension>
        </extensions>
      </trkpt>
      <trkpt lat="24.49821394868195056915283203125" lon="118.145741522312164306640625">
        <ele>24.3999996185302734375</ele>
        <time>2026-08-12T14:25:33.000Z</time>
        <extensions>
          <ns3:TrackPointExtension>
            <ns3:hr>147</ns3:hr>
            <ns3:cad>89</ns3:cad>
          </ns3:TrackPointExtension>
        </extensions>
      </trkpt>
      <trkpt lat="24.498231299221515655517578125" lon="118.14573154784739017486572265625">
        <ele>24.3999996185302734375</ele>
        <time>2026-08-12T14:25:34.000Z</time>
        <extensions>
          <ns3:TrackPointExtension>
            <ns3:hr>147</ns3:hr>
            <ns3:cad>89</ns3:cad>
          </ns3:TrackPointExtension>
        </extensions>
      </trkpt>
      <trkpt lat="24.49826113879680633544921875" lon="118.1457239203155040740966796875">
        <ele>24.3999996185302734375</ele>
        <time>2026-08-12T14:25:35.000Z</time>
        <extensions>
          <ns3:TrackPointExtension>
            <ns3:hr>148</ns3:hr>
            <ns3:cad>89</ns3:cad>
          </ns3:TrackPointExtension>
        </extensions>
      </trkpt>
      <trkpt lat="24.49828385375440120697021484375" lon="118.1457182206213474273681640625">
        <ele>24.3999996185302734375</ele>
        <time>2026-08-12T14:25:36.000Z</time>
        <extensions>
          <ns3:TrackPointExtension>
            <ns3:hr>148</ns3:hr>
            <ns3:cad>91</ns3:cad>
          </ns3:TrackPointExtension>
        </extensions>
      </trkpt>
      <trkpt lat="24.49831754900515079498291015625" lon="118.14572735689580440521240234375">
        <ele>24.3999996185302734375</ele>
        <time>2026-08-12T14:25:37.000Z</time>
        <extensions>
          <ns3:TrackPointExtension>
            <ns3:hr>148</ns3:hr>
            <ns3:cad>91</ns3:cad>
          </ns3:TrackPointExtension>
        </extensions>
      </trkpt>
      <trkpt lat="24.4983427785336971282958984375" lon="118.1457299552857875823974609375">
        <ele>24.3999996185302734375</ele>
        <time>2026-08-12T14:25:38.000Z</time>
        <extensions>
          <ns3:TrackPointExtension>
            <ns3:hr>148</ns3:hr>
            <ns3:cad>91</ns3:cad>
          </ns3:TrackPointExtension>
        </extensions>
      </trkpt>
      <trkpt lat="24.49837890453636646270751953125" lon="118.14574177376925945281982421875">
        <ele>24.3999996185302734375</ele>
        <time>2026-08-12T14:25:39.000Z</time>
        <extensions>
          <ns3:TrackPointExtension>
            <ns3:hr>148</ns3:hr>
            <ns3:cad>89</ns3:cad>
          </ns3:TrackPointExtension>
        </extensions>
      </trkpt>
      <trkpt lat="24.498409666121006011962890625" lon="118.14573942683637142181396484375">
        <ele>24.200000762939453125</ele>
        <time>2026-08-12T14:25:40.000Z</time>
        <extensions>
          <ns3:TrackPointExtension>
            <ns3:hr>148</ns3:hr>
            <ns3:cad>89</ns3:cad>
          </ns3:TrackPointExtension>
        </extensions>
      </trkpt>
      <trkpt lat="24.49844763614237308502197265625" lon="118.14574487507343292236328125">
        <ele>24.200000762939453125</ele>
        <time>2026-08-12T14:25:41.000Z</time>
        <extensions>
          <ns3:TrackPointExtension>
            <ns3:hr>147</ns3:hr>
            <ns3:cad>89</ns3:cad>
          </ns3:TrackPointExtension>
        </extensions>
      </trkpt>
      <trkpt lat="24.49846892617642879486083984375" lon="118.14574060030281543731689453125">
        <ele>24.200000762939453125</ele>
        <time>2026-08-12T14:25:42.000Z</time>
        <extensions>
          <ns3:TrackPointExtension>
            <ns3:hr>147</ns3:hr>
            <ns3:cad>89</ns3:cad>
          </ns3:TrackPointExtension>
        </extensions>
      </trkpt>
      <trkpt lat="24.49850010685622692108154296875" lon="118.14573037438094615936279296875">
        <ele>24.200000762939453125</ele>
        <time>2026-08-12T14:25:43.000Z</time>
        <extensions>
          <ns3:TrackPointExtension>
            <ns3:hr>147</ns3:hr>
            <ns3:cad>89</ns3:cad>
          </ns3:TrackPointExtension>
        </extensions>
      </trkpt>
      <trkpt lat="24.49851519428193569183349609375" lon="118.14571914263069629669189453125">
        <ele>24.200000762939453125</ele>
        <time>2026-08-12T14:25:44.000Z</time>
        <extensions>
          <ns3:TrackPointExtension>
            <ns3:hr>147</ns3:hr>
            <ns3:cad>90</ns3:cad>
          </ns3:TrackPointExtension>
        </extensions>
      </trkpt>
      <trkpt lat="24.49854603968560695648193359375" lon="118.145704977214336395263671875">
        <ele>24.200000762939453125</ele>
        <time>2026-08-12T14:25:45.000Z</time>
        <extensions>
          <ns3:TrackPointExtension>
            <ns3:hr>146</ns3:hr>
            <ns3:cad>90</ns3:cad>
          </ns3:TrackPointExtension>
        </extensions>
      </trkpt>
      <trkpt lat="24.49856515042483806610107421875" lon="118.14569533802568912506103515625">
        <ele>24.200000762939453125</ele>
        <time>2026-08-12T14:25:46.000Z</time>
        <extensions>
          <ns3:TrackPointExtension>
            <ns3:hr>146</ns3:hr>
            <ns3:cad>89</ns3:cad>
          </ns3:TrackPointExtension>
        </extensions>
      </trkpt>
      <trkpt lat="24.49859532527625560760498046875" lon="118.14568678848445415496826171875">
        <ele>24</ele>
        <time>2026-08-12T14:25:47.000Z</time>
        <extensions>
          <ns3:TrackPointExtension>
            <ns3:hr>147</ns3:hr>
            <ns3:cad>89</ns3:cad>
          </ns3:TrackPointExtension>
        </extensions>
      </trkpt>
      <trkpt lat="24.49861896224319934844970703125" lon="118.1456833519041538238525390625">
        <ele>24</ele>
        <time>2026-08-12T14:25:48.000Z</time>
        <extensions>
          <ns3:TrackPointExtension>
            <ns3:hr>146</ns3:hr>
            <ns3:cad>88</ns3:cad>
          </ns3:TrackPointExtension>
        </extensions>
      </trkpt>
      <trkpt lat="24.49864326976239681243896484375" lon="118.1456838548183441162109375">
        <ele>24</ele>
        <time>2026-08-12T14:25:49.000Z</time>
        <extensions>
          <ns3:TrackPointExtension>
            <ns3:hr>146</ns3:hr>
            <ns3:cad>88</ns3:cad>
          </ns3:TrackPointExtension>
        </extensions>
      </trkpt>
      <trkpt lat="24.49866757728159427642822265625" lon="118.1456892192363739013671875">
        <ele>24.200000762939453125</ele>
        <time>2026-08-12T14:25:50.000Z</time>
        <extensions>
          <ns3:TrackPointExtension>
            <ns3:hr>146</ns3:hr>
            <ns3:cad>89</ns3:cad>
          </ns3:TrackPointExtension>
        </extensions>
      </trkpt>
      <trkpt lat="24.49869138188660144805908203125" lon="118.14570019952952861785888671875">
        <ele>24.200000762939453125</ele>
        <time>2026-08-12T14:25:51.000Z</time>
        <extensions>
          <ns3:TrackPointExtension>
            <ns3:hr>145</ns3:hr>
            <ns3:cad>90</ns3:cad>
          </ns3:TrackPointExtension>
        </extensions>
      </trkpt>
      <trkpt lat="24.4987139292061328887939453125" lon="118.14570439048111438751220703125">
        <ele>24.3999996185302734375</ele>
        <time>2026-08-12T14:25:52.000Z</time>
        <extensions>
          <ns3:TrackPointExtension>
            <ns3:hr>145</ns3:hr>
            <ns3:cad>90</ns3:cad>
          </ns3:TrackPointExtension>
        </extensions>
      </trkpt>
      <trkpt lat="24.49874217621982097625732421875" lon="118.14571277238428592681884765625">
        <ele>24.3999996185302734375</ele>
        <time>2026-08-12T14:25:53.000Z</time>
        <extensions>
          <ns3:TrackPointExtension>
            <ns3:hr>145</ns3:hr>
            <ns3:cad>89</ns3:cad>
          </ns3:TrackPointExtension>
        </extensions>
      </trkpt>
      <trkpt lat="24.49877151288092136383056640625" lon="118.1457215733826160430908203125">
        <ele>24.3999996185302734375</ele>
        <time>2026-08-12T14:25:54.000Z</time>
        <extensions>
          <ns3:TrackPointExtension>
            <ns3:hr>145</ns3:hr>
            <ns3:cad>89</ns3:cad>
          </ns3:TrackPointExtension>
        </extensions>
      </trkpt>
      <trkpt lat="24.49880026280879974365234375" lon="118.14572987146675586700439453125">
        <ele>24.3999996185302734375</ele>
        <time>2026-08-12T14:25:55.000Z</time>
        <extensions>
          <ns3:TrackPointExtension>
            <ns3:hr>145</ns3:hr>
            <ns3:cad>88</ns3:cad>
          </ns3:TrackPointExtension>
        </extensions>
      </trkpt>
      <trkpt lat="24.49882582761347293853759765625" lon="118.14574755728244781494140625">
        <ele>24.3999996185302734375</ele>
        <time>2026-08-12T14:25:56.000Z</time>
        <extensions>
          <ns3:TrackPointExtension>
            <ns3:hr>145</ns3:hr>
            <ns3:cad>88</ns3:cad>
          </ns3:TrackPointExtension>
        </extensions>
      </trkpt>
      <trkpt lat="24.49885097332298755645751953125" lon="118.1457567773759365081787109375">
        <ele>24.3999996185302734375</ele>
        <time>2026-08-12T14:25:57.000Z</time>
        <extensions>
          <ns3:TrackPointExtension>
            <ns3:hr>145</ns3:hr>
            <ns3:cad>88</ns3:cad>
          </ns3:TrackPointExtension>
        </extensions>
      </trkpt>
      <trkpt lat="24.49887746013700962066650390625" lon="118.14576993696391582489013671875">
        <ele>24.3999996185302734375</ele>
        <time>2026-08-12T14:25:58.000Z</time>
        <extensions>
          <ns3:TrackPointExtension>
            <ns3:hr>145</ns3:hr>
            <ns3:cad>89</ns3:cad>
          </ns3:TrackPointExtension>
        </extensions>
      </trkpt>
      <trkpt lat="24.49890553951263427734375" lon="118.145780079066753387451171875">
        <ele>24.3999996185302734375</ele>
        <time>2026-08-12T14:25:59.000Z</time>
        <extensions>
          <ns3:TrackPointExtension>
            <ns3:hr>145</ns3:hr>
            <ns3:cad>89</ns3:cad>
          </ns3:TrackPointExtension>
        </extensions>
      </trkpt>
      <trkpt lat="24.49893479235470294952392578125" lon="118.14579592086374759674072265625">
        <ele>24.6000003814697265625</ele>
        <time>2026-08-12T14:26:00.000Z</time>
        <extensions>
          <ns3:TrackPointExtension>
            <ns3:hr>145</ns3:hr>
            <ns3:cad>89</ns3:cad>
          </ns3:TrackPointExtension>
        </extensions>
      </trkpt>
      <trkpt lat="24.49895859695971012115478515625" lon="118.14580312930047512054443359375">
        <ele>24.799999237060546875</ele>
        <time>2026-08-12T14:26:01.000Z</time>
        <extensions>
          <ns3:TrackPointExtension>
            <ns3:hr>145</ns3:hr>
            <ns3:cad>89</ns3:cad>
          </ns3:TrackPointExtension>
        </extensions>
      </trkpt>
      <trkpt lat="24.498987682163715362548828125" lon="118.14581997692584991455078125">
        <ele>24.799999237060546875</ele>
        <time>2026-08-12T14:26:02.000Z</time>
        <extensions>
          <ns3:TrackPointExtension>
            <ns3:hr>145</ns3:hr>
            <ns3:cad>89</ns3:cad>
          </ns3:TrackPointExtension>
        </extensions>
      </trkpt>
      <trkpt lat="24.49901090003550052642822265625" lon="118.14582106657326221466064453125">
        <ele>24.799999237060546875</ele>
        <time>2026-08-12T14:26:03.000Z</time>
        <extensions>
          <ns3:TrackPointExtension>
            <ns3:hr>145</ns3:hr>
            <ns3:cad>88</ns3:cad>
          </ns3:TrackPointExtension>
        </extensions>
      </trkpt>
      <trkpt lat="24.49904358945786952972412109375" lon="118.1458305381238460540771484375">
        <ele>24.799999237060546875</ele>
        <time>2026-08-12T14:26:04.000Z</time>
        <extensions>
          <ns3:TrackPointExtension>
            <ns3:hr>145</ns3:hr>
            <ns3:cad>88</ns3:cad>
          </ns3:TrackPointExtension>
        </extensions>
      </trkpt>
      <trkpt lat="24.49906714260578155517578125" lon="118.145836405456066131591796875">
        <ele>24.6000003814697265625</ele>
        <time>2026-08-12T14:26:05.000Z</time>
        <extensions>
          <ns3:TrackPointExtension>
            <ns3:hr>145</ns3:hr>
            <ns3:cad>89</ns3:cad>
          </ns3:TrackPointExtension>
        </extensions>
      </trkpt>
      <trkpt lat="24.4991015084087848663330078125" lon="118.14584872685372829437255859375">
        <ele>24.6000003814697265625</ele>
        <time>2026-08-12T14:26:06.000Z</time>
        <extensions>
          <ns3:TrackPointExtension>
            <ns3:hr>146</ns3:hr>
            <ns3:cad>89</ns3:cad>
          </ns3:TrackPointExtension>
        </extensions>
      </trkpt>
      <trkpt lat="24.4991239719092845916748046875" lon="118.14585107378661632537841796875">
        <ele>24.799999237060546875</ele>
        <time>2026-08-12T14:26:07.000Z</time>
        <extensions>
          <ns3:TrackPointExtension>
            <ns3:hr>146</ns3:hr>
            <ns3:cad>89</ns3:cad>
          </ns3:TrackPointExtension>
        </extensions>
      </trkpt>
      <trkpt lat="24.499158002436161041259765625" lon="118.14586264081299304962158203125">
        <ele>24.799999237060546875</ele>
        <time>2026-08-12T14:26:08.000Z</time>
        <extensions>
          <ns3:TrackPointExtension>
            <ns3:hr>146</ns3:hr>
            <ns3:cad>89</ns3:cad>
          </ns3:TrackPointExtension>
        </extensions>
      </trkpt>
      <trkpt lat="24.4991779513657093048095703125" lon="118.14587169326841831207275390625">
        <ele>24.799999237060546875</ele>
        <time>2026-08-12T14:26:09.000Z</time>
        <extensions>
          <ns3:TrackPointExtension>
            <ns3:hr>146</ns3:hr>
            <ns3:cad>89</ns3:cad>
          </ns3:TrackPointExtension>
        </extensions>
      </trkpt>
      <trkpt lat="24.49920485727488994598388671875" lon="118.14589063636958599090576171875">
        <ele>24.799999237060546875</ele>
        <time>2026-08-12T14:26:10.000Z</time>
        <extensions>
          <ns3:TrackPointExtension>
            <ns3:hr>146</ns3:hr>
            <ns3:cad>89</ns3:cad>
          </ns3:TrackPointExtension>
        </extensions>
      </trkpt>
      <trkpt lat="24.4992285780608654022216796875" lon="118.145902119576930999755859375">
        <ele>24.799999237060546875</ele>
        <time>2026-08-12T14:26:11.000Z</time>
        <extensions>
          <ns3:TrackPointExtension>
            <ns3:hr>147</ns3:hr>
            <ns3:cad>88</ns3:cad>
          </ns3:TrackPointExtension>
        </extensions>
      </trkpt>
      <trkpt lat="24.49925355613231658935546875" lon="118.14591251313686370849609375">
        <ele>24.799999237060546875</ele>
        <time>2026-08-12T14:26:12.000Z</time>
        <extensions>
          <ns3:TrackPointExtension>
            <ns3:hr>147</ns3:hr>
            <ns3:cad>88</ns3:cad>
          </ns3:TrackPointExtension>
        </extensions>
      </trkpt>
      <trkpt lat="24.49927090667188167572021484375" lon="118.1459237448871135711669921875">
        <ele>24.799999237060546875</ele>
        <time>2026-08-12T14:26:13.000Z</time>
        <extensions>
          <ns3:TrackPointExtension>
            <ns3:hr>147</ns3:hr>
            <ns3:cad>89</ns3:cad>
          </ns3:TrackPointExtension>
        </extensions>
      </trkpt>
      <trkpt lat="24.49929638765752315521240234375" lon="118.14593472518026828765869140625">
        <ele>24.799999237060546875</ele>
        <time>2026-08-12T14:26:14.000Z</time>
        <extensions>
          <ns3:TrackPointExtension>
            <ns3:hr>147</ns3:hr>
            <ns3:cad>90</ns3:cad>
          </ns3:TrackPointExtension>
        </extensions>
      </trkpt>
      <trkpt lat="24.49931516312062740325927734375" lon="118.145941011607646942138671875">
        <ele>24.799999237060546875</ele>
        <time>2026-08-12T14:26:15.000Z</time>
        <extensions>
          <ns3:TrackPointExtension>
            <ns3:hr>146</ns3:hr>
            <ns3:cad>90</ns3:cad>
          </ns3:TrackPointExtension>
        </extensions>
      </trkpt>
      <trkpt lat="24.49934014119207859039306640625" lon="118.1459576077759265899658203125">
        <ele>25</ele>
        <time>2026-08-12T14:26:16.000Z</time>
        <extensions>
          <ns3:TrackPointExtension>
            <ns3:hr>147</ns3:hr>
            <ns3:cad>89</ns3:cad>
          </ns3:TrackPointExtension>
        </extensions>
      </trkpt>
      <trkpt lat="24.4993603415787220001220703125" lon="118.14596842043101787567138671875">
        <ele>25</ele>
        <time>2026-08-12T14:26:17.000Z</time>
        <extensions>
          <ns3:TrackPointExtension>
            <ns3:hr>147</ns3:hr>
            <ns3:cad>88</ns3:cad>
          </ns3:TrackPointExtension>
        </extensions>
      </trkpt>
      <trkpt lat="24.49938288889825344085693359375" lon="118.145987279713153839111328125">
        <ele>25.200000762939453125</ele>
        <time>2026-08-12T14:26:18.000Z</time>
        <extensions>
          <ns3:TrackPointExtension>
            <ns3:hr>147</ns3:hr>
            <ns3:cad>88</ns3:cad>
          </ns3:TrackPointExtension>
        </extensions>
      </trkpt>
      <trkpt lat="24.4994002394378185272216796875" lon="118.1460038758814334869384765625">
        <ele>25.200000762939453125</ele>
        <time>2026-08-12T14:26:19.000Z</time>
        <extensions>
          <ns3:TrackPointExtension>
            <ns3:hr>147</ns3:hr>
            <ns3:cad>87</ns3:cad>
          </ns3:TrackPointExtension>
        </extensions>
      </trkpt>
      <trkpt lat="24.49942144565284252166748046875" lon="118.1460306979715824127197265625">
        <ele>25.3999996185302734375</ele>
        <time>2026-08-12T14:26:20.000Z</time>
        <extensions>
          <ns3:TrackPointExtension>
            <ns3:hr>147</ns3:hr>
            <ns3:cad>87</ns3:cad>
          </ns3:TrackPointExtension>
        </extensions>
      </trkpt>
      <trkpt lat="24.49944038875401020050048828125" lon="118.146049641072750091552734375">
        <ele>25.3999996185302734375</ele>
        <time>2026-08-12T14:26:21.000Z</time>
        <extensions>
          <ns3:TrackPointExtension>
            <ns3:hr>147</ns3:hr>
            <ns3:cad>89</ns3:cad>
          </ns3:TrackPointExtension>
        </extensions>
      </trkpt>
      <trkpt lat="24.49946654029190540313720703125" lon="118.14606950618326663970947265625">
        <ele>25.3999996185302734375</ele>
        <time>2026-08-12T14:26:22.000Z</time>
        <extensions>
          <ns3:TrackPointExtension>
            <ns3:hr>147</ns3:hr>
            <ns3:cad>90</ns3:cad>
          </ns3:TrackPointExtension>
        </extensions>
      </trkpt>
      <trkpt lat="24.49948447756469249725341796875" lon="118.14608325250446796417236328125">
        <ele>25.3999996185302734375</ele>
        <time>2026-08-12T14:26:23.000Z</time>
        <extensions>
          <ns3:TrackPointExtension>
            <ns3:hr>147</ns3:hr>
            <ns3:cad>90</ns3:cad>
          </ns3:TrackPointExtension>
        </extensions>
      </trkpt>
      <trkpt lat="24.4995058514177799224853515625" lon="118.14610102213919162750244140625">
        <ele>25.3999996185302734375</ele>
        <time>2026-08-12T14:26:24.000Z</time>
        <extensions>
          <ns3:TrackPointExtension>
            <ns3:hr>148</ns3:hr>
            <ns3:cad>90</ns3:cad>
          </ns3:TrackPointExtension>
        </extensions>
      </trkpt>
      <trkpt lat="24.49952806346118450164794921875" lon="118.14611795358359813690185546875">
        <ele>25.6000003814697265625</ele>
        <time>2026-08-12T14:26:25.000Z</time>
        <extensions>
          <ns3:TrackPointExtension>
            <ns3:hr>148</ns3:hr>
            <ns3:cad>90</ns3:cad>
          </ns3:TrackPointExtension>
        </extensions>
      </trkpt>
      <trkpt lat="24.49954901821911334991455078125" lon="118.146127425134181976318359375">
        <ele>25.6000003814697265625</ele>
        <time>2026-08-12T14:26:26.000Z</time>
        <extensions>
          <ns3:TrackPointExtension>
            <ns3:hr>148</ns3:hr>
            <ns3:cad>89</ns3:cad>
          </ns3:TrackPointExtension>
        </extensions>
      </trkpt>
      <trkpt lat="24.49957139790058135986328125" lon="118.14614075236022472381591796875">
        <ele>25.6000003814697265625</ele>
        <time>2026-08-12T14:26:27.000Z</time>
        <extensions>
          <ns3:TrackPointExtension>
            <ns3:hr>148</ns3:hr>
            <ns3:cad>89</ns3:cad>
          </ns3:TrackPointExtension>
        </extensions>
      </trkpt>
      <trkpt lat="24.49959729798138141632080078125" lon="118.1461443565785884857177734375">
        <ele>25.799999237060546875</ele>
        <time>2026-08-12T14:26:28.000Z</time>
        <extensions>
          <ns3:TrackPointExtension>
            <ns3:hr>148</ns3:hr>
            <ns3:cad>88</ns3:cad>
          </ns3:TrackPointExtension>
        </extensions>
      </trkpt>
      <trkpt lat="24.499623365700244903564453125" lon="118.14615718089044094085693359375">
        <ele>26</ele>
        <time>2026-08-12T14:26:29.000Z</time>
        <extensions>
          <ns3:TrackPointExtension>
            <ns3:hr>149</ns3:hr>
            <ns3:cad>89</ns3:cad>
          </ns3:TrackPointExtension>
        </extensions>
      </trkpt>
      <trkpt lat="24.499643146991729736328125" lon="118.146160282194614410400390625">
        <ele>26</ele>
        <time>2026-08-12T14:26:30.000Z</time>
        <extensions>
          <ns3:TrackPointExtension>
            <ns3:hr>148</ns3:hr>
            <ns3:cad>89</ns3:cad>
          </ns3:TrackPointExtension>
        </extensions>
      </trkpt>
      <trkpt lat="24.4996686279773712158203125" lon="118.14617335796356201171875">
        <ele>26</ele>
        <time>2026-08-12T14:26:31.000Z</time>
        <extensions>
          <ns3:TrackPointExtension>
            <ns3:hr>148</ns3:hr>
            <ns3:cad>89</ns3:cad>
          </ns3:TrackPointExtension>
        </extensions>
      </trkpt>
      <trkpt lat="24.499692432582378387451171875" lon="118.1461827456951141357421875">
        <ele>26</ele>
        <time>2026-08-12T14:26:32.000Z</time>
        <extensions>
          <ns3:TrackPointExtension>
            <ns3:hr>148</ns3:hr>
            <ns3:cad>88</ns3:cad>
          </ns3:TrackPointExtension>
        </extensions>
      </trkpt>
      <trkpt lat="24.4997100345790386199951171875" lon="118.1462107412517070770263671875">
        <ele>26</ele>
        <time>2026-08-12T14:26:33.000Z</time>
        <extensions>
          <ns3:TrackPointExtension>
            <ns3:hr>149</ns3:hr>
            <ns3:cad>88</ns3:cad>
          </ns3:TrackPointExtension>
        </extensions>
      </trkpt>
      <trkpt lat="24.49972570873796939849853515625" lon="118.1462332047522068023681640625">
        <ele>25.799999237060546875</ele>
        <time>2026-08-12T14:26:34.000Z</time>
        <extensions>
          <ns3:TrackPointExtension>
            <ns3:hr>149</ns3:hr>
            <ns3:cad>88</ns3:cad>
          </ns3:TrackPointExtension>
        </extensions>
      </trkpt>
      <trkpt lat="24.49974264018237590789794921875" lon="118.14626212231814861297607421875">
        <ele>25.799999237060546875</ele>
        <time>2026-08-12T14:26:35.000Z</time>
        <extensions>
          <ns3:TrackPointExtension>
            <ns3:hr>149</ns3:hr>
            <ns3:cad>88</ns3:cad>
          </ns3:TrackPointExtension>
        </extensions>
      </trkpt>
      <trkpt lat="24.4997573085129261016845703125" lon="118.1462804786860942840576171875">
        <ele>25.6000003814697265625</ele>
        <time>2026-08-12T14:26:36.000Z</time>
        <extensions>
          <ns3:TrackPointExtension>
            <ns3:hr>148</ns3:hr>
            <ns3:cad>89</ns3:cad>
          </ns3:TrackPointExtension>
        </extensions>
      </trkpt>
      <trkpt lat="24.49977918528020381927490234375" lon="118.14630235545337200164794921875">
        <ele>25.6000003814697265625</ele>
        <time>2026-08-12T14:26:37.000Z</time>
        <extensions>
          <ns3:TrackPointExtension>
            <ns3:hr>149</ns3:hr>
            <ns3:cad>90</ns3:cad>
          </ns3:TrackPointExtension>
        </extensions>
      </trkpt>
      <trkpt lat="24.4998039118945598602294921875" lon="118.146309815347194671630859375">
        <ele>25.6000003814697265625</ele>
        <time>2026-08-12T14:26:38.000Z</time>
        <extensions>
          <ns3:TrackPointExtension>
            <ns3:hr>148</ns3:hr>
            <ns3:cad>91</ns3:cad>
          </ns3:TrackPointExtension>
        </extensions>
      </trkpt>
      <trkpt lat="24.49983299709856510162353515625" lon="118.1463116593658924102783203125">
        <ele>25.6000003814697265625</ele>
        <time>2026-08-12T14:26:39.000Z</time>
        <extensions>
          <ns3:TrackPointExtension>
            <ns3:hr>148</ns3:hr>
            <ns3:cad>91</ns3:cad>
          </ns3:TrackPointExtension>
        </extensions>
      </trkpt>
      <trkpt lat="24.4998552091419696807861328125" lon="118.14630956389009952545166015625">
        <ele>25.6000003814697265625</ele>
        <time>2026-08-12T14:26:40.000Z</time>
        <extensions>
          <ns3:TrackPointExtension>
            <ns3:hr>148</ns3:hr>
            <ns3:cad>89</ns3:cad>
          </ns3:TrackPointExtension>
        </extensions>
      </trkpt>
      <trkpt lat="24.4998816959559917449951171875" lon="118.1463141739368438720703125">
        <ele>25.799999237060546875</ele>
        <time>2026-08-12T14:26:41.000Z</time>
        <extensions>
          <ns3:TrackPointExtension>
            <ns3:hr>148</ns3:hr>
            <ns3:cad>89</ns3:cad>
          </ns3:TrackPointExtension>
        </extensions>
      </trkpt>
      <trkpt lat="24.499909020960330963134765625" lon="118.14630788750946521759033203125">
        <ele>26</ele>
        <time>2026-08-12T14:26:42.000Z</time>
        <extensions>
          <ns3:TrackPointExtension>
            <ns3:hr>148</ns3:hr>
            <ns3:cad>89</ns3:cad>
          </ns3:TrackPointExtension>
        </extensions>
      </trkpt>
      <trkpt lat="24.499940536916255950927734375" lon="118.146307468414306640625">
        <ele>26</ele>
        <time>2026-08-12T14:26:43.000Z</time>
        <extensions>
          <ns3:TrackPointExtension>
            <ns3:hr>147</ns3:hr>
            <ns3:cad>89</ns3:cad>
          </ns3:TrackPointExtension>
        </extensions>
      </trkpt>
      <trkpt lat="24.49996434152126312255859375" lon="118.14629833213984966278076171875">
        <ele>26.200000762939453125</ele>
        <time>2026-08-12T14:26:44.000Z</time>
        <extensions>
          <ns3:TrackPointExtension>
            <ns3:hr>147</ns3:hr>
            <ns3:cad>89</ns3:cad>
          </ns3:TrackPointExtension>
        </extensions>
      </trkpt>
      <trkpt lat="24.49999786913394927978515625" lon="118.146289028227329254150390625">
        <ele>26.3999996185302734375</ele>
        <time>2026-08-12T14:26:45.000Z</time>
        <extensions>
          <ns3:TrackPointExtension>
            <ns3:hr>147</ns3:hr>
            <ns3:cad>89</ns3:cad>
          </ns3:TrackPointExtension>
        </extensions>
      </trkpt>
      <trkpt lat="24.5000533573329448699951171875" lon="118.146276287734508514404296875">
        <ele>26.3999996185302734375</ele>
        <time>2026-08-12T14:26:46.000Z</time>
        <extensions>
          <ns3:TrackPointExtension>
            <ns3:hr>147</ns3:hr>
            <ns3:cad>89</ns3:cad>
          </ns3:TrackPointExtension>
        </extensions>
      </trkpt>
      <trkpt lat="24.5000736415386199951171875" lon="118.1462744437158107757568359375">
        <ele>26.3999996185302734375</ele>
        <time>2026-08-12T14:26:47.000Z</time>
        <extensions>
          <ns3:TrackPointExtension>
            <ns3:hr>147</ns3:hr>
            <ns3:cad>89</ns3:cad>
          </ns3:TrackPointExtension>
        </extensions>
      </trkpt>
      <trkpt lat="24.50009845197200775146484375" lon="118.14627117477357387542724609375">
        <ele>26.3999996185302734375</ele>
        <time>2026-08-12T14:26:48.000Z</time>
        <extensions>
          <ns3:TrackPointExtension>
            <ns3:hr>147</ns3:hr>
            <ns3:cad>89</ns3:cad>
          </ns3:TrackPointExtension>
        </extensions>
      </trkpt>
      <trkpt lat="24.500120915472507476806640625" lon="118.14626664854586124420166015625">
        <ele>26.3999996185302734375</ele>
        <time>2026-08-12T14:26:49.000Z</time>
        <extensions>
          <ns3:TrackPointExtension>
            <ns3:hr>147</ns3:hr>
            <ns3:cad>88</ns3:cad>
          </ns3:TrackPointExtension>
        </extensions>
      </trkpt>
      <trkpt lat="24.50015008449554443359375" lon="118.1462603621184825897216796875">
        <ele>26.3999996185302734375</ele>
        <time>2026-08-12T14:26:50.000Z</time>
        <extensions>
          <ns3:TrackPointExtension>
            <ns3:hr>147</ns3:hr>
            <ns3:cad>88</ns3:cad>
          </ns3:TrackPointExtension>
        </extensions>
      </trkpt>
      <trkpt lat="24.5001663453876972198486328125" lon="118.14624778926372528076171875">
        <ele>26.3999996185302734375</ele>
        <time>2026-08-12T14:26:51.000Z</time>
        <extensions>
          <ns3:TrackPointExtension>
            <ns3:hr>147</ns3:hr>
            <ns3:cad>88</ns3:cad>
          </ns3:TrackPointExtension>
        </extensions>
      </trkpt>
      <trkpt lat="24.50018964707851409912109375" lon="118.146238066256046295166015625">
        <ele>26.3999996185302734375</ele>
        <time>2026-08-12T14:26:52.000Z</time>
        <extensions>
          <ns3:TrackPointExtension>
            <ns3:hr>147</ns3:hr>
            <ns3:cad>88</ns3:cad>
          </ns3:TrackPointExtension>
        </extensions>
      </trkpt>
      <trkpt lat="24.50021688826382160186767578125" lon="118.14623865298926830291748046875">
        <ele>26.3999996185302734375</ele>
        <time>2026-08-12T14:26:53.000Z</time>
        <extensions>
          <ns3:TrackPointExtension>
            <ns3:hr>148</ns3:hr>
            <ns3:cad>88</ns3:cad>
          </ns3:TrackPointExtension>
        </extensions>
      </trkpt>
      <trkpt lat="24.5002451352775096893310546875" lon="118.14623714424669742584228515625">
        <ele>26.3999996185302734375</ele>
        <time>2026-08-12T14:26:54.000Z</time>
        <extensions>
          <ns3:TrackPointExtension>
            <ns3:hr>148</ns3:hr>
            <ns3:cad>88</ns3:cad>
          </ns3:TrackPointExtension>
        </extensions>
      </trkpt>
      <trkpt lat="24.50027145445346832275390625" lon="118.14622540958225727081298828125">
        <ele>26.3999996185302734375</ele>
        <time>2026-08-12T14:26:55.000Z</time>
        <extensions>
          <ns3:TrackPointExtension>
            <ns3:hr>148</ns3:hr>
            <ns3:cad>88</ns3:cad>
          </ns3:TrackPointExtension>
        </extensions>
      </trkpt>
    </trkseg>
  </trk>
</gpx>
