<?xml version="1.0" encoding="UTF-8"?>
<gpx creator="Garmin Connect" version="1.1"
  xsi:schemaLocation="http://www.topografix.com/GPX/1/1 http://www.topografix.com/GPX/11.xsd"
  xmlns:ns3="http://www.garmin.com/xmlschemas/TrackPointExtension/v1"
  xmlns="http://www.topografix.com/GPX/1/1"
  xmlns:xsi="http://www.w3.org/2001/XMLSchema-instance" xmlns:ns2="http://www.garmin.com/xmlschemas/GpxExtensions/v3">
  <metadata>
    <link href="connect.garmin.com">
      <text>Garmin Connect</text>
    </link>
    <time>2026-09-09T13:04:28.000Z</time>
  </metadata>
  <trk>
    <name>厦门市 跑步</name>
    <type>running</type>
    <trkseg>
      <trkpt lat="24.5345096848905086517333984375" lon="118.15376979298889636993408203125">
        <ele>7.400000095367431640625</ele>
        <time>2026-09-09T13:04:28.000Z</time>
        <extensions>
          <ns3:TrackPointExtension>
            <ns3:hr>66</ns3:hr>
            <ns3:cad>0</ns3:cad>
          </ns3:TrackPointExtension>
        </extensions>
      </trkpt>
      <trkpt lat="24.534625522792339324951171875" lon="118.1535921804606914520263671875">
        <ele>7.19999980926513671875</ele>
        <time>2026-09-09T13:04:29.000Z</time>
        <extensions>
          <ns3:TrackPointExtension>
            <ns3:hr>65</ns3:hr>
            <ns3:cad>0</ns3:cad>
          </ns3:TrackPointExtension>
        </extensions>
      </trkpt>
      <trkpt lat="24.53464672900736331939697265625" lon="118.15359301865100860595703125">
        <ele>7.19999980926513671875</ele>
        <time>2026-09-09T13:04:30.000Z</time>
        <extensions>
          <ns3:TrackPointExtension>
            <ns3:hr>65</ns3:hr>
            <ns3:cad>0</ns3:cad>
          </ns3:TrackPointExtension>
        </extensions>
      </trkpt>
      <trkpt lat="24.53468528576195240020751953125" lon="118.15359947271645069122314453125">
        <ele>7.19999980926513671875</ele>
        <time>2026-09-09T13:04:31.000Z</time>
        <extensions>
          <ns3:TrackPointExtension>
            <ns3:hr>65</ns3:hr>
            <ns3:cad>0</ns3:cad>
          </ns3:TrackPointExtension>
        </extensions>
      </trkpt>
      <trkpt lat="24.53471110202372074127197265625" lon="118.15360517241060733795166015625">
        <ele>7.19999980926513671875</ele>
        <time>2026-09-09T13:04:32.000Z</time>
        <extensions>
          <ns3:TrackPointExtension>
            <ns3:hr>65</ns3:hr>
            <ns3:cad>0</ns3:cad>
          </ns3:TrackPointExtension>
        </extensions>
      </trkpt>
      <trkpt lat="24.534749574959278106689453125" lon="118.1536122970283031463623046875">
        <ele>7.19999980926513671875</ele>
        <time>2026-09-09T13:04:33.000Z</time>
        <extensions>
          <ns3:TrackPointExtension>
            <ns3:hr>65</ns3:hr>
            <ns3:cad>90</ns3:cad>
          </ns3:TrackPointExtension>
        </extensions>
      </trkpt>
      <trkpt lat="24.534781090915203094482421875" lon="118.15360567532479763031005859375">
        <ele>7.19999980926513671875</ele>
        <time>2026-09-09T13:04:34.000Z</time>
        <extensions>
          <ns3:TrackPointExtension>
            <ns3:hr>65</ns3:hr>
            <ns3:cad>90</ns3:cad>
          </ns3:TrackPointExtension>
        </extensions>
      </trkpt>
      <trkpt lat="24.5348136126995086669921875" lon="118.153610788285732269287109375">
        <ele>7.19999980926513671875</ele>
        <time>2026-09-09T13:04:35.000Z</time>
        <extensions>
          <ns3:TrackPointExtension>
            <ns3:hr>65</ns3:hr>
            <ns3:cad>90</ns3:cad>
          </ns3:TrackPointExtension>
        </extensions>
      </trkpt>
      <trkpt lat="24.53484169207513332366943359375" lon="118.15360768698155879974365234375">
        <ele>7.19999980926513671875</ele>
        <time>2026-09-09T13:04:36.000Z</time>
        <extensions>
          <ns3:TrackPointExtension>
            <ns3:hr>67</ns3:hr>
            <ns3:cad>91</ns3:cad>
          </ns3:TrackPointExtension>
        </extensions>
      </trkpt>
      <trkpt lat="24.53487463295459747314453125" lon="118.15360701642930507659912109375">
        <ele>7.400000095367431640625</ele>
        <time>2026-09-09T13:04:37.000Z</time>
        <extensions>
          <ns3:TrackPointExtension>
            <ns3:hr>68</ns3:hr>
            <ns3:cad>91</ns3:cad>
          </ns3:TrackPointExtension>
        </extensions>
      </trkpt>
      <trkpt lat="24.53490103594958782196044921875" lon="118.15360919572412967681884765625">
        <ele>7.19999980926513671875</ele>
        <time>2026-09-09T13:04:38.000Z</time>
        <extensions>
          <ns3:TrackPointExtension>
            <ns3:hr>68</ns3:hr>
            <ns3:cad>91</ns3:cad>
          </ns3:TrackPointExtension>
        </extensions>
      </trkpt>
      <trkpt lat="24.534931965172290802001953125" lon="118.15360651351511478424072265625">
        <ele>7.19999980926513671875</ele>
        <time>2026-09-09T13:04:39.000Z</time>
        <extensions>
          <ns3:TrackPointExtension>
            <ns3:hr>69</ns3:hr>
            <ns3:cad>90</ns3:cad>
          </ns3:TrackPointExtension>
        </extensions>
      </trkpt>
      <trkpt lat="24.53496222384274005889892578125" lon="118.15360165201127529144287109375">
        <ele>7.19999980926513671875</ele>
        <time>2026-09-09T13:04:40.000Z</time>
        <extensions>
          <ns3:TrackPointExtension>
            <ns3:hr>71</ns3:hr>
            <ns3:cad>90</ns3:cad>
          </ns3:TrackPointExtension>
        </extensions>
      </trkpt>
      <trkpt lat="24.53499474562704563140869140625" lon="118.15359712578356266021728515625">
        <ele>7.19999980926513671875</ele>
        <time>2026-09-09T13:04:41.000Z</time>
        <extensions>
          <ns3:TrackPointExtension>
            <ns3:hr>73</ns3:hr>
            <ns3:cad>90</ns3:cad>
          </ns3:TrackPointExtension>
        </extensions>
      </trkpt>
      <trkpt lat="24.53501720912754535675048828125" lon="118.15358840860426425933837890625">
        <ele>7.19999980926513671875</ele>
        <time>2026-09-09T13:04:42.000Z</time>
        <extensions>
          <ns3:TrackPointExtension>
            <ns3:hr>75</ns3:hr>
            <ns3:cad>89</ns3:cad>
          </ns3:TrackPointExtension>
        </extensions>
      </trkpt>
      <trkpt lat="24.5350508205592632293701171875" lon="118.153584636747837066650390625">
        <ele>7.400000095367431640625</ele>
        <time>2026-09-09T13:04:43.000Z</time>
        <extensions>
          <ns3:TrackPointExtension>
            <ns3:hr>76</ns3:hr>
            <ns3:cad>89</ns3:cad>
          </ns3:TrackPointExtension>
        </extensions>
      </trkpt>
      <trkpt lat="24.5350759662687778472900390625" lon="118.1535717286169528961181640625">
        <ele>7.400000095367431640625</ele>
        <time>2026-09-09T13:04:44.000Z</time>
        <extensions>
          <ns3:TrackPointExtension>
            <ns3:hr>78</ns3:hr>
            <ns3:cad>89</ns3:cad>
          </ns3:TrackPointExtension>
        </extensions>
      </trkpt>
      <trkpt lat="24.5351086556911468505859375" lon="118.15357558429241180419921875">
        <ele>7.400000095367431640625</ele>
        <time>2026-09-09T13:04:45.000Z</time>
        <extensions>
          <ns3:TrackPointExtension>
            <ns3:hr>79</ns3:hr>
            <ns3:cad>90</ns3:cad>
          </ns3:TrackPointExtension>
        </extensions>
      </trkpt>
      <trkpt lat="24.5351316221058368682861328125" lon="118.15356913022696971893310546875">
        <ele>7.400000095367431640625</ele>
        <time>2026-09-09T13:04:46.000Z</time>
        <extensions>
          <ns3:TrackPointExtension>
            <ns3:hr>81</ns3:hr>
            <ns3:cad>90</ns3:cad>
          </ns3:TrackPointExtension>
        </extensions>
      </trkpt>
      <trkpt lat="24.5351695083081722259521484375" lon="118.1535603292286396026611328125">
        <ele>7.400000095367431640625</ele>
        <time>2026-09-09T13:04:47.000Z</time>
        <extensions>
          <ns3:TrackPointExtension>
            <ns3:hr>83</ns3:hr>
            <ns3:cad>90</ns3:cad>
          </ns3:TrackPointExtension>
        </extensions>
      </trkpt>
      <trkpt lat="24.53518836759030818939208984375" lon="118.153557479381561279296875">
        <ele>7.400000095367431640625</ele>
        <time>2026-09-09T13:04:48.000Z</time>
        <extensions>
          <ns3:TrackPointExtension>
            <ns3:hr>84</ns3:hr>
            <ns3:cad>89</ns3:cad>
          </ns3:TrackPointExtension>
        </extensions>
      </trkpt>
      <trkpt lat="24.5352291874587535858154296875" lon="118.1535529531538486480712890625">
        <ele>7.400000095367431640625</ele>
        <time>2026-09-09T13:04:49.000Z</time>
        <extensions>
          <ns3:TrackPointExtension>
            <ns3:hr>86</ns3:hr>
            <ns3:cad>88</ns3:cad>
          </ns3:TrackPointExtension>
        </extensions>
      </trkpt>
      <trkpt lat="24.535250477492809295654296875" lon="118.1535432301461696624755859375">
        <ele>7.19999980926513671875</ele>
        <time>2026-09-09T13:04:50.000Z</time>
        <extensions>
          <ns3:TrackPointExtension>
            <ns3:hr>88</ns3:hr>
            <ns3:cad>88</ns3:cad>
          </ns3:TrackPointExtension>
        </extensions>
      </trkpt>
      <trkpt lat="24.53528777696192264556884765625" lon="118.15352956764400005340576171875">
        <ele>7.19999980926513671875</ele>
        <time>2026-09-09T13:04:51.000Z</time>
        <extensions>
          <ns3:TrackPointExtension>
            <ns3:hr>90</ns3:hr>
            <ns3:cad>89</ns3:cad>
          </ns3:TrackPointExtension>
        </extensions>
      </trkpt>
      <trkpt lat="24.53530554659664630889892578125" lon="118.15351833589375019073486328125">
        <ele>7.19999980926513671875</ele>
        <time>2026-09-09T13:04:52.000Z</time>
        <extensions>
          <ns3:TrackPointExtension>
            <ns3:hr>92</ns3:hr>
            <ns3:cad>90</ns3:cad>
          </ns3:TrackPointExtension>
        </extensions>
      </trkpt>
      <trkpt lat="24.5353431813418865203857421875" lon="118.15351079218089580535888671875">
        <ele>7.400000095367431640625</ele>
        <time>2026-09-09T13:04:53.000Z</time>
        <extensions>
          <ns3:TrackPointExtension>
            <ns3:hr>93</ns3:hr>
            <ns3:cad>90</ns3:cad>
          </ns3:TrackPointExtension>
        </extensions>
      </trkpt>
      <trkpt lat="24.53536371700465679168701171875" lon="118.15350056625902652740478515625">
        <ele>7.400000095367431640625</ele>
        <time>2026-09-09T13:04:54.000Z</time>
        <extensions>
          <ns3:TrackPointExtension>
            <ns3:hr>95</ns3:hr>
            <ns3:cad>90</ns3:cad>
          </ns3:TrackPointExtension>
        </extensions>
      </trkpt>
      <trkpt lat="24.5354010164737701416015625" lon="118.1534855626523494720458984375">
        <ele>7.400000095367431640625</ele>
        <time>2026-09-09T13:04:55.000Z</time>
        <extensions>
          <ns3:TrackPointExtension>
            <ns3:hr>96</ns3:hr>
            <ns3:cad>89</ns3:cad>
          </ns3:TrackPointExtension>
        </extensions>
      </trkpt>
      <trkpt lat="24.53541484661400318145751953125" lon="118.15347575582563877105712890625">
        <ele>7.599999904632568359375</ele>
        <time>2026-09-09T13:04:56.000Z</time>
        <extensions>
          <ns3:TrackPointExtension>
            <ns3:hr>97</ns3:hr>
            <ns3:cad>89</ns3:cad>
          </ns3:TrackPointExtension>
        </extensions>
      </trkpt>
      <trkpt lat="24.53544594347476959228515625" lon="118.153454549610614776611328125">
        <ele>7.599999904632568359375</ele>
        <time>2026-09-09T13:04:57.000Z</time>
        <extensions>
          <ns3:TrackPointExtension>
            <ns3:hr>99</ns3:hr>
            <ns3:cad>89</ns3:cad>
          </ns3:TrackPointExtension>
        </extensions>
      </trkpt>
      <trkpt lat="24.5354601927101612091064453125" lon="118.15344415605068206787109375">
        <ele>7.599999904632568359375</ele>
        <time>2026-09-09T13:04:58.000Z</time>
        <extensions>
          <ns3:TrackPointExtension>
            <ns3:hr>100</ns3:hr>
            <ns3:cad>89</ns3:cad>
          </ns3:TrackPointExtension>
        </extensions>
      </trkpt>
      <trkpt lat="24.53548944555222988128662109375" lon="118.1534175015985965728759765625">
        <ele>7.599999904632568359375</ele>
        <time>2026-09-09T13:04:59.000Z</time>
        <extensions>
          <ns3:TrackPointExtension>
            <ns3:hr>102</ns3:hr>
            <ns3:cad>90</ns3:cad>
          </ns3:TrackPointExtension>
        </extensions>
      </trkpt>
      <trkpt lat="24.5354930497705936431884765625" lon="118.1533940322697162628173828125">
        <ele>7.80000019073486328125</ele>
        <time>2026-09-09T13:05:00.000Z</time>
        <extensions>
          <ns3:TrackPointExtension>
            <ns3:hr>103</ns3:hr>
            <ns3:cad>90</ns3:cad>
          </ns3:TrackPointExtension>
        </extensions>
      </trkpt>
      <trkpt lat="24.53551894985139369964599609375" lon="118.15336461178958415985107421875">
        <ele>7.80000019073486328125</ele>
        <time>2026-09-09T13:05:01.000Z</time>
        <extensions>
          <ns3:TrackPointExtension>
            <ns3:hr>104</ns3:hr>
            <ns3:cad>90</ns3:cad>
          </ns3:TrackPointExtension>
        </extensions>
      </trkpt>
      <trkpt lat="24.53552515245974063873291015625" lon="118.15334348939359188079833984375">
        <ele>7.80000019073486328125</ele>
        <time>2026-09-09T13:05:02.000Z</time>
        <extensions>
          <ns3:TrackPointExtension>
            <ns3:hr>106</ns3:hr>
            <ns3:cad>89</ns3:cad>
          </ns3:TrackPointExtension>
        </extensions>
      </trkpt>
      <trkpt lat="24.5355483703315258026123046875" lon="118.153316080570220947265625">
        <ele>7.80000019073486328125</ele>
        <time>2026-09-09T13:05:03.000Z</time>
        <extensions>
          <ns3:TrackPointExtension>
            <ns3:hr>106</ns3:hr>
            <ns3:cad>88</ns3:cad>
          </ns3:TrackPointExtension>
        </extensions>
      </trkpt>
      <trkpt lat="24.5355619490146636962890625" lon="118.1533001549541950225830078125">
        <ele>7.80000019073486328125</ele>
        <time>2026-09-09T13:05:04.000Z</time>
        <extensions>
          <ns3:TrackPointExtension>
            <ns3:hr>108</ns3:hr>
            <ns3:cad>87</ns3:cad>
          </ns3:TrackPointExtension>
        </extensions>
      </trkpt>
      <trkpt lat="24.5355721749365329742431640625" lon="118.1532823853194713592529296875">
        <ele>7.80000019073486328125</ele>
        <time>2026-09-09T13:05:05.000Z</time>
        <extensions>
          <ns3:TrackPointExtension>
            <ns3:hr>109</ns3:hr>
            <ns3:cad>88</ns3:cad>
          </ns3:TrackPointExtension>
        </extensions>
      </trkpt>
      <trkpt lat="24.5355834066867828369140625" lon="118.15325832925736904144287109375">
        <ele>7.80000019073486328125</ele>
        <time>2026-09-09T13:05:06.000Z</time>
        <extensions>
          <ns3:TrackPointExtension>
            <ns3:hr>111</ns3:hr>
            <ns3:cad>89</ns3:cad>
          </ns3:TrackPointExtension>
        </extensions>
      </trkpt>
      <trkpt lat="24.53559346497058868408203125" lon="118.153235949575901031494140625">
        <ele>7.599999904632568359375</ele>
        <time>2026-09-09T13:05:07.000Z</time>
        <extensions>
          <ns3:TrackPointExtension>
            <ns3:hr>112</ns3:hr>
            <ns3:cad>89</ns3:cad>
          </ns3:TrackPointExtension>
        </extensions>
      </trkpt>
      <trkpt lat="24.53560645692050457000732421875" lon="118.1532061100006103515625">
        <ele>7.80000019073486328125</ele>
        <time>2026-09-09T13:05:08.000Z</time>
        <extensions>
          <ns3:TrackPointExtension>
            <ns3:hr>113</ns3:hr>
            <ns3:cad>89</ns3:cad>
          </ns3:TrackPointExtension>
        </extensions>
      </trkpt>
      <trkpt lat="24.53561752103269100189208984375" lon="118.1531838141381740570068359375">
        <ele>7.80000019073486328125</ele>
        <time>2026-09-09T13:05:09.000Z</time>
        <extensions>
          <ns3:TrackPointExtension>
            <ns3:hr>114</ns3:hr>
            <ns3:cad>89</ns3:cad>
          </ns3:TrackPointExtension>
        </extensions>
      </trkpt>
      <trkpt lat="24.53563361428678035736083984375" lon="118.15315690822899341583251953125">
        <ele>7.599999904632568359375</ele>
        <time>2026-09-09T13:05:10.000Z</time>
        <extensions>
          <ns3:TrackPointExtension>
            <ns3:hr>115</ns3:hr>
            <ns3:cad>88</ns3:cad>
          </ns3:TrackPointExtension>
        </extensions>
      </trkpt>
      <trkpt lat="24.53564585186541080474853515625" lon="118.153135366737842559814453125">
        <ele>7.599999904632568359375</ele>
        <time>2026-09-09T13:05:11.000Z</time>
        <extensions>
          <ns3:TrackPointExtension>
            <ns3:hr>116</ns3:hr>
            <ns3:cad>88</ns3:cad>
          </ns3:TrackPointExtension>
        </extensions>
      </trkpt>
      <trkpt lat="24.53566680662333965301513671875" lon="118.15310879610478878021240234375">
        <ele>7.599999904632568359375</ele>
        <time>2026-09-09T13:05:12.000Z</time>
        <extensions>
          <ns3:TrackPointExtension>
            <ns3:hr>117</ns3:hr>
            <ns3:cad>88</ns3:cad>
          </ns3:TrackPointExtension>
        </extensions>
      </trkpt>
      <trkpt lat="24.535672925412654876708984375" lon="118.15309085883200168609619140625">
        <ele>7.599999904632568359375</ele>
        <time>2026-09-09T13:05:13.000Z</time>
        <extensions>
          <ns3:TrackPointExtension>
            <ns3:hr>118</ns3:hr>
            <ns3:cad>89</ns3:cad>
          </ns3:TrackPointExtension>
        </extensions>
      </trkpt>
      <trkpt lat="24.53569941222667694091796875" lon="118.1530694849789142608642578125">
        <ele>7.599999904632568359375</ele>
        <time>2026-09-09T13:05:14.000Z</time>
        <extensions>
          <ns3:TrackPointExtension>
            <ns3:hr>119</ns3:hr>
            <ns3:cad>89</ns3:cad>
          </ns3:TrackPointExtension>
        </extensions>
      </trkpt>
      <trkpt lat="24.535714499652385711669921875" lon="118.15305531956255435943603515625">
        <ele>7.400000095367431640625</ele>
        <time>2026-09-09T13:05:15.000Z</time>
        <extensions>
          <ns3:TrackPointExtension>
            <ns3:hr>120</ns3:hr>
            <ns3:cad>88</ns3:cad>
          </ns3:TrackPointExtension>
        </extensions>
      </trkpt>
      <trkpt lat="24.53573805280029773712158203125" lon="118.153036795556545257568359375">
        <ele>7.400000095367431640625</ele>
        <time>2026-09-09T13:05:16.000Z</time>
        <extensions>
          <ns3:TrackPointExtension>
            <ns3:hr>121</ns3:hr>
            <ns3:cad>88</ns3:cad>
          </ns3:TrackPointExtension>
        </extensions>
      </trkpt>
      <trkpt lat="24.5357508771121501922607421875" lon="118.15301978029310703277587890625">
        <ele>7.400000095367431640625</ele>
        <time>2026-09-09T13:05:17.000Z</time>
        <extensions>
          <ns3:TrackPointExtension>
            <ns3:hr>121</ns3:hr>
            <ns3:cad>88</ns3:cad>
          </ns3:TrackPointExtension>
        </extensions>
      </trkpt>
      <trkpt lat="24.53577962704002857208251953125" lon="118.15299983136355876922607421875">
        <ele>7.19999980926513671875</ele>
        <time>2026-09-09T13:05:18.000Z</time>
        <extensions>
          <ns3:TrackPointExtension>
            <ns3:hr>122</ns3:hr>
            <ns3:cad>87</ns3:cad>
          </ns3:TrackPointExtension>
        </extensions>
      </trkpt>
      <trkpt lat="24.5357639528810977935791015625" lon="118.15301500260829925537109375">
        <ele>7.19999980926513671875</ele>
        <time>2026-09-09T13:05:19.000Z</time>
        <extensions>
          <ns3:TrackPointExtension>
            <ns3:hr>123</ns3:hr>
            <ns3:cad>88</ns3:cad>
          </ns3:TrackPointExtension>
        </extensions>
      </trkpt>
      <trkpt lat="24.5357763580977916717529296875" lon="118.15301206894218921661376953125">
        <ele>7.19999980926513671875</ele>
        <time>2026-09-09T13:05:20.000Z</time>
        <extensions>
          <ns3:TrackPointExtension>
            <ns3:hr>123</ns3:hr>
            <ns3:cad>90</ns3:cad>
          </ns3:TrackPointExtension>
        </extensions>
      </trkpt>
      <trkpt lat="24.5358011685311794281005859375" lon="118.15301609225571155548095703125">
        <ele>7.19999980926513671875</ele>
        <time>2026-09-09T13:05:21.000Z</time>
        <extensions>
          <ns3:TrackPointExtension>
            <ns3:hr>124</ns3:hr>
            <ns3:cad>90</ns3:cad>
          </ns3:TrackPointExtension>
        </extensions>
      </trkpt>
      <trkpt lat="24.53583964146673679351806640625" lon="118.1530275754630565643310546875">
        <ele>7.19999980926513671875</ele>
        <time>2026-09-09T13:05:22.000Z</time>
        <extensions>
          <ns3:TrackPointExtension>
            <ns3:hr>124</ns3:hr>
            <ns3:cad>89</ns3:cad>
          </ns3:TrackPointExtension>
        </extensions>
      </trkpt>
      <trkpt lat="24.53585338778793811798095703125" lon="118.15304526127874851226806640625">
        <ele>7.19999980926513671875</ele>
        <time>2026-09-09T13:05:23.000Z</time>
        <extensions>
          <ns3:TrackPointExtension>
            <ns3:hr>125</ns3:hr>
            <ns3:cad>89</ns3:cad>
          </ns3:TrackPointExtension>
        </extensions>
      </trkpt>
      <trkpt lat="24.53587987460196018218994140625" lon="118.1530688144266605377197265625">
        <ele>7.19999980926513671875</ele>
        <time>2026-09-09T13:05:24.000Z</time>
        <extensions>
          <ns3:TrackPointExtension>
            <ns3:hr>126</ns3:hr>
            <ns3:cad>88</ns3:cad>
          </ns3:TrackPointExtension>
        </extensions>
      </trkpt>
      <trkpt lat="24.5358742587268352508544921875" lon="118.15310477279126644134521484375">
        <ele>7.400000095367431640625</ele>
        <time>2026-09-09T13:05:25.000Z</time>
        <extensions>
          <ns3:TrackPointExtension>
            <ns3:hr>126</ns3:hr>
            <ns3:cad>87</ns3:cad>
          </ns3:TrackPointExtension>
        </extensions>
      </trkpt>
      <trkpt lat="24.53589119017124176025390625" lon="118.15312874503433704376220703125">
        <ele>7.400000095367431640625</ele>
        <time>2026-09-09T13:05:26.000Z</time>
        <extensions>
          <ns3:TrackPointExtension>
            <ns3:hr>127</ns3:hr>
            <ns3:cad>87</ns3:cad>
          </ns3:TrackPointExtension>
        </extensions>
      </trkpt>
      <trkpt lat="24.5358932018280029296875" lon="118.15316361375153064727783203125">
        <ele>7.400000095367431640625</ele>
        <time>2026-09-09T13:05:27.000Z</time>
        <extensions>
          <ns3:TrackPointExtension>
            <ns3:hr>127</ns3:hr>
            <ns3:cad>88</ns3:cad>
          </ns3:TrackPointExtension>
        </extensions>
      </trkpt>
      <trkpt lat="24.535910971462726593017578125" lon="118.1531858257949352264404296875">
        <ele>7.400000095367431640625</ele>
        <time>2026-09-09T13:05:28.000Z</time>
        <extensions>
          <ns3:TrackPointExtension>
            <ns3:hr>127</ns3:hr>
            <ns3:cad>88</ns3:cad>
          </ns3:TrackPointExtension>
        </extensions>
      </trkpt>
      <trkpt lat="24.535929746925830841064453125" lon="118.15321524627506732940673828125">
        <ele>7.400000095367431640625</ele>
        <time>2026-09-09T13:05:29.000Z</time>
        <extensions>
          <ns3:TrackPointExtension>
            <ns3:hr>128</ns3:hr>
            <ns3:cad>89</ns3:cad>
          </ns3:TrackPointExtension>
        </extensions>
      </trkpt>
      <trkpt lat="24.53595045022666454315185546875" lon="118.153229244053363800048828125">
        <ele>7.599999904632568359375</ele>
        <time>2026-09-09T13:05:30.000Z</time>
        <extensions>
          <ns3:TrackPointExtension>
            <ns3:hr>128</ns3:hr>
            <ns3:cad>89</ns3:cad>
          </ns3:TrackPointExtension>
        </extensions>
      </trkpt>
      <trkpt lat="24.53598196618258953094482421875" lon="118.15325967036187648773193359375">
        <ele>7.599999904632568359375</ele>
        <time>2026-09-09T13:05:31.000Z</time>
        <extensions>
          <ns3:TrackPointExtension>
            <ns3:hr>129</ns3:hr>
            <ns3:cad>89</ns3:cad>
          </ns3:TrackPointExtension>
        </extensions>
      </trkpt>
      <trkpt lat="24.53600241802632808685302734375" lon="118.1532704830169677734375">
        <ele>7.80000019073486328125</ele>
        <time>2026-09-09T13:05:32.000Z</time>
        <extensions>
          <ns3:TrackPointExtension>
            <ns3:hr>129</ns3:hr>
            <ns3:cad>88</ns3:cad>
          </ns3:TrackPointExtension>
        </extensions>
      </trkpt>
      <trkpt lat="24.53603711910545825958251953125" lon="118.15329940058290958404541015625">
        <ele>7.80000019073486328125</ele>
        <time>2026-09-09T13:05:33.000Z</time>
        <extensions>
          <ns3:TrackPointExtension>
            <ns3:hr>130</ns3:hr>
            <ns3:cad>87</ns3:cad>
          </ns3:TrackPointExtension>
        </extensions>
      </trkpt>
      <trkpt lat="24.53605656512081623077392578125" lon="118.15331197343766689300537109375">
        <ele>7.80000019073486328125</ele>
        <time>2026-09-09T13:05:34.000Z</time>
        <extensions>
          <ns3:TrackPointExtension>
            <ns3:hr>130</ns3:hr>
            <ns3:cad>87</ns3:cad>
          </ns3:TrackPointExtension>
        </extensions>
      </trkpt>
      <trkpt lat="24.5360881648957729339599609375" lon="118.1533400528132915496826171875">
        <ele>7.80000019073486328125</ele>
        <time>2026-09-09T13:05:35.000Z</time>
        <extensions>
          <ns3:TrackPointExtension>
            <ns3:hr>130</ns3:hr>
            <ns3:cad>87</ns3:cad>
          </ns3:TrackPointExtension>
        </extensions>
      </trkpt>
      <trkpt lat="24.53610953874886035919189453125" lon="118.15336192958056926727294921875">
        <ele>7.599999904632568359375</ele>
        <time>2026-09-09T13:05:36.000Z</time>
        <extensions>
          <ns3:TrackPointExtension>
            <ns3:hr>131</ns3:hr>
            <ns3:cad>88</ns3:cad>
          </ns3:TrackPointExtension>
        </extensions>
      </trkpt>
      <trkpt lat="24.53614038415253162384033203125" lon="118.1533866561949253082275390625">
        <ele>7.599999904632568359375</ele>
        <time>2026-09-09T13:05:37.000Z</time>
        <extensions>
          <ns3:TrackPointExtension>
            <ns3:hr>132</ns3:hr>
            <ns3:cad>88</ns3:cad>
          </ns3:TrackPointExtension>
        </extensions>
      </trkpt>
      <trkpt lat="24.53616469167172908782958984375" lon="118.15340719185769557952880859375">
        <ele>7.599999904632568359375</ele>
        <time>2026-09-09T13:05:38.000Z</time>
        <extensions>
          <ns3:TrackPointExtension>
            <ns3:hr>132</ns3:hr>
            <ns3:cad>88</ns3:cad>
          </ns3:TrackPointExtension>
        </extensions>
      </trkpt>
      <trkpt lat="24.53619117848575115203857421875" lon="118.15342496149241924285888671875">
        <ele>7.599999904632568359375</ele>
        <time>2026-09-09T13:05:39.000Z</time>
        <extensions>
          <ns3:TrackPointExtension>
            <ns3:hr>133</ns3:hr>
            <ns3:cad>87</ns3:cad>
          </ns3:TrackPointExtension>
        </extensions>
      </trkpt>
      <trkpt lat="24.5362185873091220855712890625" lon="118.15344910137355327606201171875">
        <ele>7.599999904632568359375</ele>
        <time>2026-09-09T13:05:40.000Z</time>
        <extensions>
          <ns3:TrackPointExtension>
            <ns3:hr>133</ns3:hr>
            <ns3:cad>87</ns3:cad>
          </ns3:TrackPointExtension>
        </extensions>
      </trkpt>
      <trkpt lat="24.5362283103168010711669921875" lon="118.15345890820026397705078125">
        <ele>7.80000019073486328125</ele>
        <time>2026-09-09T13:05:41.000Z</time>
        <extensions>
          <ns3:TrackPointExtension>
            <ns3:hr>133</ns3:hr>
            <ns3:cad>87</ns3:cad>
          </ns3:TrackPointExtension>
        </extensions>
      </trkpt>
      <trkpt lat="24.53625722788274288177490234375" lon="118.15348631702363491058349609375">
        <ele>7.80000019073486328125</ele>
        <time>2026-09-09T13:05:42.000Z</time>
        <extensions>
          <ns3:TrackPointExtension>
            <ns3:hr>133</ns3:hr>
            <ns3:cad>86</ns3:cad>
          </ns3:TrackPointExtension>
        </extensions>
      </trkpt>
      <trkpt lat="24.53627415932714939117431640625" lon="118.15349402837455272674560546875">
        <ele>7.80000019073486328125</ele>
        <time>2026-09-09T13:05:43.000Z</time>
        <extensions>
          <ns3:TrackPointExtension>
            <ns3:hr>133</ns3:hr>
            <ns3:cad>87</ns3:cad>
          </ns3:TrackPointExtension>
        </extensions>
      </trkpt>
      <trkpt lat="24.536303579807281494140625" lon="118.153516240417957305908203125">
        <ele>7.80000019073486328125</ele>
        <time>2026-09-09T13:05:44.000Z</time>
        <extensions>
          <ns3:TrackPointExtension>
            <ns3:hr>133</ns3:hr>
            <ns3:cad>87</ns3:cad>
          </ns3:TrackPointExtension>
        </extensions>
      </trkpt>
      <trkpt lat="24.53631632030010223388671875" lon="118.1535284779965877532958984375">
        <ele>7.80000019073486328125</ele>
        <time>2026-09-09T13:05:45.000Z</time>
        <extensions>
          <ns3:TrackPointExtension>
            <ns3:hr>133</ns3:hr>
            <ns3:cad>87</ns3:cad>
          </ns3:TrackPointExtension>
        </extensions>
      </trkpt>
      <trkpt lat="24.53634473495185375213623046875" lon="118.153554461896419525146484375">
        <ele>7.80000019073486328125</ele>
        <time>2026-09-09T13:05:46.000Z</time>
        <extensions>
          <ns3:TrackPointExtension>
            <ns3:hr>133</ns3:hr>
            <ns3:cad>87</ns3:cad>
          </ns3:TrackPointExtension>
        </extensions>
      </trkpt>
      <trkpt lat="24.536363594233989715576171875" lon="118.153568543493747711181640625">
        <ele>7.80000019073486328125</ele>
        <time>2026-09-09T13:05:47.000Z</time>
        <extensions>
          <ns3:TrackPointExtension>
            <ns3:hr>134</ns3:hr>
            <ns3:cad>87</ns3:cad>
          </ns3:TrackPointExtension>
        </extensions>
      </trkpt>
      <trkpt lat="24.53639318235218524932861328125" lon="118.15359293483197689056396484375">
        <ele>8</ele>
        <time>2026-09-09T13:05:48.000Z</time>
        <extensions>
          <ns3:TrackPointExtension>
            <ns3:hr>134</ns3:hr>
            <ns3:cad>87</ns3:cad>
          </ns3:TrackPointExtension>
        </extensions>
      </trkpt>
      <trkpt lat="24.53641665168106555938720703125" lon="118.15361506305634975433349609375">
        <ele>8.19999980926513671875</ele>
        <time>2026-09-09T13:05:49.000Z</time>
        <extensions>
          <ns3:TrackPointExtension>
            <ns3:hr>134</ns3:hr>
            <ns3:cad>88</ns3:cad>
          </ns3:TrackPointExtension>
        </extensions>
      </trkpt>
      <trkpt lat="24.5364438928663730621337890625" lon="118.15363300032913684844970703125">
        <ele>8.19999980926513671875</ele>
        <time>2026-09-09T13:05:50.000Z</time>
        <extensions>
          <ns3:TrackPointExtension>
            <ns3:hr>134</ns3:hr>
            <ns3:cad>88</ns3:cad>
          </ns3:TrackPointExtension>
        </extensions>
      </trkpt>
      <trkpt lat="24.53646694310009479522705078125" lon="118.15365202724933624267578125">
        <ele>8.3999996185302734375</ele>
        <time>2026-09-09T13:05:51.000Z</time>
        <extensions>
          <ns3:TrackPointExtension>
            <ns3:hr>134</ns3:hr>
            <ns3:cad>88</ns3:cad>
          </ns3:TrackPointExtension>
        </extensions>
      </trkpt>
      <trkpt lat="24.5364861376583576202392578125" lon="118.15366485156118869781494140625">
        <ele>8.3999996185302734375</ele>
        <time>2026-09-09T13:05:52.000Z</time>
        <extensions>
          <ns3:TrackPointExtension>
            <ns3:hr>135</ns3:hr>
            <ns3:cad>89</ns3:cad>
          </ns3:TrackPointExtension>
        </extensions>
      </trkpt>
      <trkpt lat="24.53651212155818939208984375" lon="118.15368689596652984619140625">
        <ele>8.3999996185302734375</ele>
        <time>2026-09-09T13:05:53.000Z</time>
        <extensions>
          <ns3:TrackPointExtension>
            <ns3:hr>135</ns3:hr>
            <ns3:cad>89</ns3:cad>
          </ns3:TrackPointExtension>
        </extensions>
      </trkpt>
      <trkpt lat="24.536531902849674224853515625" lon="118.153698630630970001220703125">
        <ele>8.19999980926513671875</ele>
        <time>2026-09-09T13:05:54.000Z</time>
        <extensions>
          <ns3:TrackPointExtension>
            <ns3:hr>136</ns3:hr>
            <ns3:cad>89</ns3:cad>
          </ns3:TrackPointExtension>
        </extensions>
      </trkpt>
      <trkpt lat="24.53656182624399662017822265625" lon="118.153718411922454833984375">
        <ele>8</ele>
        <time>2026-09-09T13:05:55.000Z</time>
        <extensions>
          <ns3:TrackPointExtension>
            <ns3:hr>136</ns3:hr>
            <ns3:cad>88</ns3:cad>
          </ns3:TrackPointExtension>
        </extensions>
      </trkpt>
      <trkpt lat="24.5365749858319759368896484375" lon="118.1537128798663616180419921875">
        <ele>8</ele>
        <time>2026-09-09T13:05:56.000Z</time>
        <extensions>
          <ns3:TrackPointExtension>
            <ns3:hr>136</ns3:hr>
            <ns3:cad>86</ns3:cad>
          </ns3:TrackPointExtension>
        </extensions>
      </trkpt>
      <trkpt lat="24.53660842962563037872314453125" lon="118.1537272967398166656494140625">
        <ele>7.80000019073486328125</ele>
        <time>2026-09-09T13:05:57.000Z</time>
        <extensions>
          <ns3:TrackPointExtension>
            <ns3:hr>136</ns3:hr>
            <ns3:cad>86</ns3:cad>
          </ns3:TrackPointExtension>
        </extensions>
      </trkpt>
      <trkpt lat="24.53663541935384273529052734375" lon="118.15374054014682769775390625">
        <ele>7.80000019073486328125</ele>
        <time>2026-09-09T13:05:58.000Z</time>
        <extensions>
          <ns3:TrackPointExtension>
            <ns3:hr>136</ns3:hr>
            <ns3:cad>87</ns3:cad>
          </ns3:TrackPointExtension>
        </extensions>
      </trkpt>
      <trkpt lat="24.53666475601494312286376953125" lon="118.153753615915775299072265625">
        <ele>7.80000019073486328125</ele>
        <time>2026-09-09T13:05:59.000Z</time>
        <extensions>
          <ns3:TrackPointExtension>
            <ns3:hr>136</ns3:hr>
            <ns3:cad>87</ns3:cad>
          </ns3:TrackPointExtension>
        </extensions>
      </trkpt>
      <trkpt lat="24.5366883091628551483154296875" lon="118.15376468002796173095703125">
        <ele>7.80000019073486328125</ele>
        <time>2026-09-09T13:06:00.000Z</time>
        <extensions>
          <ns3:TrackPointExtension>
            <ns3:hr>135</ns3:hr>
            <ns3:cad>87</ns3:cad>
          </ns3:TrackPointExtension>
        </extensions>
      </trkpt>
      <trkpt lat="24.53671772964298725128173828125" lon="118.1537856347858905792236328125">
        <ele>7.80000019073486328125</ele>
        <time>2026-09-09T13:06:01.000Z</time>
        <extensions>
          <ns3:TrackPointExtension>
            <ns3:hr>133</ns3:hr>
            <ns3:cad>87</ns3:cad>
          </ns3:TrackPointExtension>
        </extensions>
      </trkpt>
      <trkpt lat="24.5367419533431529998779296875" lon="118.15380491316318511962890625">
        <ele>7.80000019073486328125</ele>
        <time>2026-09-09T13:06:02.000Z</time>
        <extensions>
          <ns3:TrackPointExtension>
            <ns3:hr>133</ns3:hr>
            <ns3:cad>87</ns3:cad>
          </ns3:TrackPointExtension>
        </extensions>
      </trkpt>
      <trkpt lat="24.5367701165378093719482421875" lon="118.15381254069507122039794921875">
        <ele>7.80000019073486328125</ele>
        <time>2026-09-09T13:06:03.000Z</time>
        <extensions>
          <ns3:TrackPointExtension>
            <ns3:hr>133</ns3:hr>
            <ns3:cad>87</ns3:cad>
          </ns3:TrackPointExtension>
        </extensions>
      </trkpt>
      <trkpt lat="24.53679911792278289794921875" lon="118.1538312323391437530517578125">
        <ele>7.599999904632568359375</ele>
        <time>2026-09-09T13:06:04.000Z</time>
        <extensions>
          <ns3:TrackPointExtension>
            <ns3:hr>132</ns3:hr>
            <ns3:cad>88</ns3:cad>
          </ns3:TrackPointExtension>
        </extensions>
      </trkpt>
      <trkpt lat="24.53682124614715576171875" lon="118.1538369320333003997802734375">
        <ele>7.400000095367431640625</ele>
        <time>2026-09-09T13:06:05.000Z</time>
        <extensions>
          <ns3:TrackPointExtension>
            <ns3:hr>132</ns3:hr>
            <ns3:cad>89</ns3:cad>
          </ns3:TrackPointExtension>
        </extensions>
      </trkpt>
      <trkpt lat="24.5368489064276218414306640625" lon="118.15385989844799041748046875">
        <ele>7.400000095367431640625</ele>
        <time>2026-09-09T13:06:06.000Z</time>
        <extensions>
          <ns3:TrackPointExtension>
            <ns3:hr>132</ns3:hr>
            <ns3:cad>89</ns3:cad>
          </ns3:TrackPointExtension>
        </extensions>
      </trkpt>
      <trkpt lat="24.536876566708087921142578125" lon="118.15387372858822345733642578125">
        <ele>7.400000095367431640625</ele>
        <time>2026-09-09T13:06:07.000Z</time>
        <extensions>
          <ns3:TrackPointExtension>
            <ns3:hr>133</ns3:hr>
            <ns3:cad>88</ns3:cad>
          </ns3:TrackPointExtension>
        </extensions>
      </trkpt>
      <trkpt lat="24.53690783120691776275634765625" lon="118.1538885645568370819091796875">
        <ele>7.400000095367431640625</ele>
        <time>2026-09-09T13:06:08.000Z</time>
        <extensions>
          <ns3:TrackPointExtension>
            <ns3:hr>133</ns3:hr>
            <ns3:cad>88</ns3:cad>
          </ns3:TrackPointExtension>
        </extensions>
      </trkpt>
      <trkpt lat="24.53692593611776828765869140625" lon="118.15390415489673614501953125">
        <ele>7.400000095367431640625</ele>
        <time>2026-09-09T13:06:09.000Z</time>
        <extensions>
          <ns3:TrackPointExtension>
            <ns3:hr>133</ns3:hr>
            <ns3:cad>87</ns3:cad>
          </ns3:TrackPointExtension>
        </extensions>
      </trkpt>
      <trkpt lat="24.53695460222661495208740234375" lon="118.153927624225616455078125">
        <ele>7.599999904632568359375</ele>
        <time>2026-09-09T13:06:10.000Z</time>
        <extensions>
          <ns3:TrackPointExtension>
            <ns3:hr>133</ns3:hr>
            <ns3:cad>87</ns3:cad>
          </ns3:TrackPointExtension>
        </extensions>
      </trkpt>
      <trkpt lat="24.53697421588003635406494140625" lon="118.15394463948905467987060546875">
        <ele>7.599999904632568359375</ele>
        <time>2026-09-09T13:06:11.000Z</time>
        <extensions>
          <ns3:TrackPointExtension>
            <ns3:hr>133</ns3:hr>
            <ns3:cad>87</ns3:cad>
          </ns3:TrackPointExtension>
        </extensions>
      </trkpt>
      <trkpt lat="24.53699852339923381805419921875" lon="118.15396442078053951263427734375">
        <ele>7.400000095367431640625</ele>
        <time>2026-09-09T13:06:12.000Z</time>
        <extensions>
          <ns3:TrackPointExtension>
            <ns3:hr>133</ns3:hr>
            <ns3:cad>87</ns3:cad>
          </ns3:TrackPointExtension>
        </extensions>
      </trkpt>
      <trkpt lat="24.53702400438487529754638671875" lon="118.1539914943277835845947265625">
        <ele>7.400000095367431640625</ele>
        <time>2026-09-09T13:06:13.000Z</time>
        <extensions>
          <ns3:TrackPointExtension>
            <ns3:hr>133</ns3:hr>
            <ns3:cad>87</ns3:cad>
          </ns3:TrackPointExtension>
        </extensions>
      </trkpt>
      <trkpt lat="24.5370440371334552764892578125" lon="118.15400683321058750152587890625">
        <ele>7.400000095367431640625</ele>
        <time>2026-09-09T13:06:14.000Z</time>
        <extensions>
          <ns3:TrackPointExtension>
            <ns3:hr>133</ns3:hr>
            <ns3:cad>87</ns3:cad>
          </ns3:TrackPointExtension>
        </extensions>
      </trkpt>
      <trkpt lat="24.53707270324230194091796875" lon="118.1540340743958950042724609375">
        <ele>7.400000095367431640625</ele>
        <time>2026-09-09T13:06:15.000Z</time>
        <extensions>
          <ns3:TrackPointExtension>
            <ns3:hr>133</ns3:hr>
            <ns3:cad>87</ns3:cad>
          </ns3:TrackPointExtension>
        </extensions>
      </trkpt>
      <trkpt lat="24.53709139488637447357177734375" lon="118.1540427915751934051513671875">
        <ele>7.400000095367431640625</ele>
        <time>2026-09-09T13:06:16.000Z</time>
        <extensions>
          <ns3:TrackPointExtension>
            <ns3:hr>133</ns3:hr>
            <ns3:cad>87</ns3:cad>
          </ns3:TrackPointExtension>
        </extensions>
      </trkpt>
      <trkpt lat="24.537119306623935699462890625" lon="118.15407137386500835418701171875">
        <ele>7.400000095367431640625</ele>
        <time>2026-09-09T13:06:17.000Z</time>
        <extensions>
          <ns3:TrackPointExtension>
            <ns3:hr>134</ns3:hr>
            <ns3:cad>87</ns3:cad>
          </ns3:TrackPointExtension>
        </extensions>
      </trkpt>
      <trkpt lat="24.53713933937251567840576171875" lon="118.1540872156620025634765625">
        <ele>7.400000095367431640625</ele>
        <time>2026-09-09T13:06:18.000Z</time>
        <extensions>
          <ns3:TrackPointExtension>
            <ns3:hr>134</ns3:hr>
            <ns3:cad>87</ns3:cad>
          </ns3:TrackPointExtension>
        </extensions>
      </trkpt>
      <trkpt lat="24.53716180287301540374755859375" lon="118.15411361865699291229248046875">
        <ele>7.19999980926513671875</ele>
        <time>2026-09-09T13:06:19.000Z</time>
        <extensions>
          <ns3:TrackPointExtension>
            <ns3:hr>134</ns3:hr>
            <ns3:cad>87</ns3:cad>
          </ns3:TrackPointExtension>
        </extensions>
      </trkpt>
      <trkpt lat="24.5371868647634983062744140625" lon="118.1541272811591625213623046875">
        <ele>7.19999980926513671875</ele>
        <time>2026-09-09T13:06:20.000Z</time>
        <extensions>
          <ns3:TrackPointExtension>
            <ns3:hr>134</ns3:hr>
            <ns3:cad>87</ns3:cad>
          </ns3:TrackPointExtension>
        </extensions>
      </trkpt>
      <trkpt lat="24.5372103340923786163330078125" lon="118.1541433744132518768310546875">
        <ele>7.19999980926513671875</ele>
        <time>2026-09-09T13:06:21.000Z</time>
        <extensions>
          <ns3:TrackPointExtension>
            <ns3:hr>134</ns3:hr>
            <ns3:cad>87</ns3:cad>
          </ns3:TrackPointExtension>
        </extensions>
      </trkpt>
      <trkpt lat="24.5372334681451320648193359375" lon="118.1541638262569904327392578125">
        <ele>7.19999980926513671875</ele>
        <time>2026-09-09T13:06:22.000Z</time>
        <extensions>
          <ns3:TrackPointExtension>
            <ns3:hr>134</ns3:hr>
            <ns3:cad>87</ns3:cad>
          </ns3:TrackPointExtension>
        </extensions>
      </trkpt>
      <trkpt lat="24.53725568018853664398193359375" lon="118.15417212434113025665283203125">
        <ele>7</ele>
        <time>2026-09-09T13:06:23.000Z</time>
        <extensions>
          <ns3:TrackPointExtension>
            <ns3:hr>134</ns3:hr>
            <ns3:cad>87</ns3:cad>
          </ns3:TrackPointExtension>
        </extensions>
      </trkpt>
      <trkpt lat="24.5372812449932098388671875" lon="118.1541889719665050506591796875">
        <ele>7</ele>
        <time>2026-09-09T13:06:24.000Z</time>
        <extensions>
          <ns3:TrackPointExtension>
            <ns3:hr>134</ns3:hr>
            <ns3:cad>87</ns3:cad>
          </ns3:TrackPointExtension>
        </extensions>
      </trkpt>
      <trkpt lat="24.5373018644750118255615234375" lon="118.15419810824096202850341796875">
        <ele>7</ele>
        <time>2026-09-09T13:06:25.000Z</time>
        <extensions>
          <ns3:TrackPointExtension>
            <ns3:hr>134</ns3:hr>
            <ns3:cad>87</ns3:cad>
          </ns3:TrackPointExtension>
        </extensions>
      </trkpt>
      <trkpt lat="24.53733094967901706695556640625" lon="118.15421571023762226104736328125">
        <ele>7</ele>
        <time>2026-09-09T13:06:26.000Z</time>
        <extensions>
          <ns3:TrackPointExtension>
            <ns3:hr>134</ns3:hr>
            <ns3:cad>87</ns3:cad>
          </ns3:TrackPointExtension>
        </extensions>
      </trkpt>
      <trkpt lat="24.5373509824275970458984375" lon="118.15421663224697113037109375">
        <ele>7</ele>
        <time>2026-09-09T13:06:27.000Z</time>
        <extensions>
          <ns3:TrackPointExtension>
            <ns3:hr>135</ns3:hr>
            <ns3:cad>87</ns3:cad>
          </ns3:TrackPointExtension>
        </extensions>
      </trkpt>
      <trkpt lat="24.53738308511674404144287109375" lon="118.1542322225868701934814453125">
        <ele>7</ele>
        <time>2026-09-09T13:06:28.000Z</time>
        <extensions>
          <ns3:TrackPointExtension>
            <ns3:hr>136</ns3:hr>
            <ns3:cad>87</ns3:cad>
          </ns3:TrackPointExtension>
        </extensions>
      </trkpt>
      <trkpt lat="24.5374044589698314666748046875" lon="118.15424068830907344818115234375">
        <ele>7</ele>
        <time>2026-09-09T13:06:29.000Z</time>
        <extensions>
          <ns3:TrackPointExtension>
            <ns3:hr>136</ns3:hr>
            <ns3:cad>87</ns3:cad>
          </ns3:TrackPointExtension>
        </extensions>
      </trkpt>
      <trkpt lat="24.53743706457316875457763671875" lon="118.15425946377217769622802734375">
        <ele>7</ele>
        <time>2026-09-09T13:06:30.000Z</time>
        <extensions>
          <ns3:TrackPointExtension>
            <ns3:hr>137</ns3:hr>
            <ns3:cad>87</ns3:cad>
          </ns3:TrackPointExtension>
        </extensions>
      </trkpt>
      <trkpt lat="24.5374582707881927490234375" lon="118.15427429974079132080078125">
        <ele>7</ele>
        <time>2026-09-09T13:06:31.000Z</time>
        <extensions>
          <ns3:TrackPointExtension>
            <ns3:hr>137</ns3:hr>
            <ns3:cad>87</ns3:cad>
          </ns3:TrackPointExtension>
        </extensions>
      </trkpt>
      <trkpt lat="24.537484087049961090087890625" lon="118.1542919017374515533447265625">
        <ele>7</ele>
        <time>2026-09-09T13:06:32.000Z</time>
        <extensions>
          <ns3:TrackPointExtension>
            <ns3:hr>138</ns3:hr>
            <ns3:cad>87</ns3:cad>
          </ns3:TrackPointExtension>
        </extensions>
      </trkpt>
      <trkpt lat="24.5375092327594757080078125" lon="118.1543136946856975555419921875">
        <ele>7</ele>
        <time>2026-09-09T13:06:33.000Z</time>
        <extensions>
          <ns3:TrackPointExtension>
            <ns3:hr>138</ns3:hr>
            <ns3:cad>87</ns3:cad>
          </ns3:TrackPointExtension>
        </extensions>
      </trkpt>
      <trkpt lat="24.537532031536102294921875" lon="118.15433540381491184234619140625">
        <ele>7</ele>
        <time>2026-09-09T13:06:34.000Z</time>
        <extensions>
          <ns3:TrackPointExtension>
            <ns3:hr>139</ns3:hr>
            <ns3:cad>87</ns3:cad>
          </ns3:TrackPointExtension>
        </extensions>
      </trkpt>
      <trkpt lat="24.5375506393611431121826171875" lon="118.15436423756182193756103515625">
        <ele>7</ele>
        <time>2026-09-09T13:06:35.000Z</time>
        <extensions>
          <ns3:TrackPointExtension>
            <ns3:hr>139</ns3:hr>
            <ns3:cad>88</ns3:cad>
          </ns3:TrackPointExtension>
        </extensions>
      </trkpt>
      <trkpt lat="24.537570588290691375732421875" lon="118.15439097583293914794921875">
        <ele>6.80000019073486328125</ele>
        <time>2026-09-09T13:06:36.000Z</time>
        <extensions>
          <ns3:TrackPointExtension>
            <ns3:hr>139</ns3:hr>
            <ns3:cad>88</ns3:cad>
          </ns3:TrackPointExtension>
        </extensions>
      </trkpt>
      <trkpt lat="24.53757695853710174560546875" lon="118.15442182123661041259765625">
        <ele>6.80000019073486328125</ele>
        <time>2026-09-09T13:06:37.000Z</time>
        <extensions>
          <ns3:TrackPointExtension>
            <ns3:hr>139</ns3:hr>
            <ns3:cad>88</ns3:cad>
          </ns3:TrackPointExtension>
        </extensions>
      </trkpt>
      <trkpt lat="24.5375824905931949615478515625" lon="118.1544504873454570770263671875">
        <ele>6.80000019073486328125</ele>
        <time>2026-09-09T13:06:38.000Z</time>
        <extensions>
          <ns3:TrackPointExtension>
            <ns3:hr>138</ns3:hr>
            <ns3:cad>88</ns3:cad>
          </ns3:TrackPointExtension>
        </extensions>
      </trkpt>
      <trkpt lat="24.53757829964160919189453125" lon="118.15447856672108173370361328125">
        <ele>6.80000019073486328125</ele>
        <time>2026-09-09T13:06:39.000Z</time>
        <extensions>
          <ns3:TrackPointExtension>
            <ns3:hr>138</ns3:hr>
            <ns3:cad>88</ns3:cad>
          </ns3:TrackPointExtension>
        </extensions>
      </trkpt>
      <trkpt lat="24.5375771261751651763916015625" lon="118.15450228750705718994140625">
        <ele>6.599999904632568359375</ele>
        <time>2026-09-09T13:06:40.000Z</time>
        <extensions>
          <ns3:TrackPointExtension>
            <ns3:hr>138</ns3:hr>
            <ns3:cad>87</ns3:cad>
          </ns3:TrackPointExtension>
        </extensions>
      </trkpt>
      <trkpt lat="24.53756622970104217529296875" lon="118.15453589893877506256103515625">
        <ele>6.599999904632568359375</ele>
        <time>2026-09-09T13:06:41.000Z</time>
        <extensions>
          <ns3:TrackPointExtension>
            <ns3:hr>138</ns3:hr>
            <ns3:cad>87</ns3:cad>
          </ns3:TrackPointExtension>
        </extensions>
      </trkpt>
      <trkpt lat="24.53755340538918972015380859375" lon="118.15455031581223011016845703125">
        <ele>6.80000019073486328125</ele>
        <time>2026-09-09T13:06:42.000Z</time>
        <extensions>
          <ns3:TrackPointExtension>
            <ns3:hr>137</ns3:hr>
            <ns3:cad>88</ns3:cad>
          </ns3:TrackPointExtension>
        </extensions>
      </trkpt>
      <trkpt lat="24.53753395937383174896240234375" lon="118.1545768864452838897705078125">
        <ele>6.80000019073486328125</ele>
        <time>2026-09-09T13:06:43.000Z</time>
        <extensions>
          <ns3:TrackPointExtension>
            <ns3:hr>138</ns3:hr>
            <ns3:cad>89</ns3:cad>
          </ns3:TrackPointExtension>
        </extensions>
      </trkpt>
      <trkpt lat="24.53751870431005954742431640625" lon="118.15459549427032470703125">
        <ele>6.80000019073486328125</ele>
        <time>2026-09-09T13:06:44.000Z</time>
        <extensions>
          <ns3:TrackPointExtension>
            <ns3:hr>138</ns3:hr>
            <ns3:cad>89</ns3:cad>
          </ns3:TrackPointExtension>
        </extensions>
      </trkpt>
      <trkpt lat="24.53750965185463428497314453125" lon="118.15462122671306133270263671875">
        <ele>6.80000019073486328125</ele>
        <time>2026-09-09T13:06:45.000Z</time>
        <extensions>
          <ns3:TrackPointExtension>
            <ns3:hr>137</ns3:hr>
            <ns3:cad>89</ns3:cad>
          </ns3:TrackPointExtension>
        </extensions>
      </trkpt>
      <trkpt lat="24.53749322332441806793212890625" lon="118.15465307794511318206787109375">
        <ele>6.80000019073486328125</ele>
        <time>2026-09-09T13:06:46.000Z</time>
        <extensions>
          <ns3:TrackPointExtension>
            <ns3:hr>138</ns3:hr>
            <ns3:cad>88</ns3:cad>
          </ns3:TrackPointExtension>
        </extensions>
      </trkpt>
      <trkpt lat="24.5374832488596439361572265625" lon="118.15467587672173976898193359375">
        <ele>6.80000019073486328125</ele>
        <time>2026-09-09T13:06:47.000Z</time>
        <extensions>
          <ns3:TrackPointExtension>
            <ns3:hr>137</ns3:hr>
            <ns3:cad>87</ns3:cad>
          </ns3:TrackPointExtension>
        </extensions>
      </trkpt>
      <trkpt lat="24.5374644733965396881103515625" lon="118.154709823429584503173828125">
        <ele>6.80000019073486328125</ele>
        <time>2026-09-09T13:06:48.000Z</time>
        <extensions>
          <ns3:TrackPointExtension>
            <ns3:hr>137</ns3:hr>
            <ns3:cad>86</ns3:cad>
          </ns3:TrackPointExtension>
        </extensions>
      </trkpt>
      <trkpt lat="24.5374527387320995330810546875" lon="118.15473471768200397491455078125">
        <ele>7</ele>
        <time>2026-09-09T13:06:49.000Z</time>
        <extensions>
          <ns3:TrackPointExtension>
            <ns3:hr>137</ns3:hr>
            <ns3:cad>86</ns3:cad>
          </ns3:TrackPointExtension>
        </extensions>
      </trkpt>
      <trkpt lat="24.537432454526424407958984375" lon="118.1547619588673114776611328125">
        <ele>7</ele>
        <time>2026-09-09T13:06:50.000Z</time>
        <extensions>
          <ns3:TrackPointExtension>
            <ns3:hr>137</ns3:hr>
            <ns3:cad>86</ns3:cad>
          </ns3:TrackPointExtension>
        </extensions>
      </trkpt>
      <trkpt lat="24.53742147423326969146728515625" lon="118.154782243072986602783203125">
        <ele>7</ele>
        <time>2026-09-09T13:06:51.000Z</time>
        <extensions>
          <ns3:TrackPointExtension>
            <ns3:hr>137</ns3:hr>
            <ns3:cad>87</ns3:cad>
          </ns3:TrackPointExtension>
        </extensions>
      </trkpt>
      <trkpt lat="24.53740856610238552093505859375" lon="118.154811747372150421142578125">
        <ele>7</ele>
        <time>2026-09-09T13:06:52.000Z</time>
        <extensions>
          <ns3:TrackPointExtension>
            <ns3:hr>137</ns3:hr>
            <ns3:cad>87</ns3:cad>
          </ns3:TrackPointExtension>
        </extensions>
      </trkpt>
      <trkpt lat="24.53738895244896411895751953125" lon="118.154832534492015838623046875">
        <ele>7</ele>
        <time>2026-09-09T13:06:53.000Z</time>
        <extensions>
          <ns3:TrackPointExtension>
            <ns3:hr>137</ns3:hr>
            <ns3:cad>87</ns3:cad>
          </ns3:TrackPointExtension>
        </extensions>
      </trkpt>
      <trkpt lat="24.53737721778452396392822265625" lon="118.154859356582164764404296875">
        <ele>7</ele>
        <time>2026-09-09T13:06:54.000Z</time>
        <extensions>
          <ns3:TrackPointExtension>
            <ns3:hr>137</ns3:hr>
            <ns3:cad>87</ns3:cad>
          </ns3:TrackPointExtension>
        </extensions>
      </trkpt>
      <trkpt lat="24.53735743649303913116455078125" lon="118.15488852560520172119140625">
        <ele>7</ele>
        <time>2026-09-09T13:06:55.000Z</time>
        <extensions>
          <ns3:TrackPointExtension>
            <ns3:hr>137</ns3:hr>
            <ns3:cad>87</ns3:cad>
          </ns3:TrackPointExtension>
        </extensions>
      </trkpt>
      <trkpt lat="24.537350647151470184326171875" lon="118.15491274930536746978759765625">
        <ele>7</ele>
        <time>2026-09-09T13:06:56.000Z</time>
        <extensions>
          <ns3:TrackPointExtension>
            <ns3:hr>136</ns3:hr>
            <ns3:cad>86</ns3:cad>
          </ns3:TrackPointExtension>
        </extensions>
      </trkpt>
      <trkpt lat="24.53732826747000217437744140625" lon="118.15494476817548274993896484375">
        <ele>7</ele>
        <time>2026-09-09T13:06:57.000Z</time>
        <extensions>
          <ns3:TrackPointExtension>
            <ns3:hr>136</ns3:hr>
            <ns3:cad>86</ns3:cad>
          </ns3:TrackPointExtension>
        </extensions>
      </trkpt>
      <trkpt lat="24.53732139430940151214599609375" lon="118.1549661420285701751708984375">
        <ele>7.19999980926513671875</ele>
        <time>2026-09-09T13:06:58.000Z</time>
        <extensions>
          <ns3:TrackPointExtension>
            <ns3:hr>136</ns3:hr>
            <ns3:cad>87</ns3:cad>
          </ns3:TrackPointExtension>
        </extensions>
      </trkpt>
      <trkpt lat="24.53730161301791667938232421875" lon="118.15499807707965373992919921875">
        <ele>7.19999980926513671875</ele>
        <time>2026-09-09T13:06:59.000Z</time>
        <extensions>
          <ns3:TrackPointExtension>
            <ns3:hr>136</ns3:hr>
            <ns3:cad>87</ns3:cad>
          </ns3:TrackPointExtension>
        </extensions>
      </trkpt>
      <trkpt lat="24.53729473985731601715087890625" lon="118.1550207920372486114501953125">
        <ele>7.19999980926513671875</ele>
        <time>2026-09-09T13:07:00.000Z</time>
        <extensions>
          <ns3:TrackPointExtension>
            <ns3:hr>136</ns3:hr>
            <ns3:cad>87</ns3:cad>
          </ns3:TrackPointExtension>
        </extensions>
      </trkpt>
      <trkpt lat="24.53728266991674900054931640625" lon="118.1550514698028564453125">
        <ele>7.19999980926513671875</ele>
        <time>2026-09-09T13:07:01.000Z</time>
        <extensions>
          <ns3:TrackPointExtension>
            <ns3:hr>136</ns3:hr>
            <ns3:cad>87</ns3:cad>
          </ns3:TrackPointExtension>
        </extensions>
      </trkpt>
      <trkpt lat="24.53726674430072307586669921875" lon="118.1550784595310688018798828125">
        <ele>7.19999980926513671875</ele>
        <time>2026-09-09T13:07:02.000Z</time>
        <extensions>
          <ns3:TrackPointExtension>
            <ns3:hr>136</ns3:hr>
            <ns3:cad>87</ns3:cad>
          </ns3:TrackPointExtension>
        </extensions>
      </trkpt>
      <trkpt lat="24.537257440388202667236328125" lon="118.155108802020549774169921875">
        <ele>7.19999980926513671875</ele>
        <time>2026-09-09T13:07:03.000Z</time>
        <extensions>
          <ns3:TrackPointExtension>
            <ns3:hr>136</ns3:hr>
            <ns3:cad>87</ns3:cad>
          </ns3:TrackPointExtension>
        </extensions>
      </trkpt>
      <trkpt lat="24.537243358790874481201171875" lon="118.15513939596712589263916015625">
        <ele>7.400000095367431640625</ele>
        <time>2026-09-09T13:07:04.000Z</time>
        <extensions>
          <ns3:TrackPointExtension>
            <ns3:hr>136</ns3:hr>
            <ns3:cad>86</ns3:cad>
          </ns3:TrackPointExtension>
        </extensions>
      </trkpt>
      <trkpt lat="24.5372383296489715576171875" lon="118.15516605041921138763427734375">
        <ele>7.400000095367431640625</ele>
        <time>2026-09-09T13:07:05.000Z</time>
        <extensions>
          <ns3:TrackPointExtension>
            <ns3:hr>136</ns3:hr>
            <ns3:cad>87</ns3:cad>
          </ns3:TrackPointExtension>
        </extensions>
      </trkpt>
      <trkpt lat="24.5372224040329456329345703125" lon="118.15520024858415126800537109375">
        <ele>7.400000095367431640625</ele>
        <time>2026-09-09T13:07:06.000Z</time>
        <extensions>
          <ns3:TrackPointExtension>
            <ns3:hr>136</ns3:hr>
            <ns3:cad>87</ns3:cad>
          </ns3:TrackPointExtension>
        </extensions>
      </trkpt>
      <trkpt lat="24.5372146926820278167724609375" lon="118.155227489769458770751953125">
        <ele>7.400000095367431640625</ele>
        <time>2026-09-09T13:07:07.000Z</time>
        <extensions>
          <ns3:TrackPointExtension>
            <ns3:hr>137</ns3:hr>
            <ns3:cad>87</ns3:cad>
          </ns3:TrackPointExtension>
        </extensions>
      </trkpt>
      <trkpt lat="24.53720119781792163848876953125" lon="118.1552564911544322967529296875">
        <ele>7.400000095367431640625</ele>
        <time>2026-09-09T13:07:08.000Z</time>
        <extensions>
          <ns3:TrackPointExtension>
            <ns3:hr>136</ns3:hr>
            <ns3:cad>87</ns3:cad>
          </ns3:TrackPointExtension>
        </extensions>
      </trkpt>
      <trkpt lat="24.53718745149672031402587890625" lon="118.15528457053005695343017578125">
        <ele>7.400000095367431640625</ele>
        <time>2026-09-09T13:07:09.000Z</time>
        <extensions>
          <ns3:TrackPointExtension>
            <ns3:hr>136</ns3:hr>
            <ns3:cad>86</ns3:cad>
          </ns3:TrackPointExtension>
        </extensions>
      </trkpt>
      <trkpt lat="24.5371704362332820892333984375" lon="118.1553108058869838714599609375">
        <ele>7.599999904632568359375</ele>
        <time>2026-09-09T13:07:10.000Z</time>
        <extensions>
          <ns3:TrackPointExtension>
            <ns3:hr>137</ns3:hr>
            <ns3:cad>86</ns3:cad>
          </ns3:TrackPointExtension>
        </extensions>
      </trkpt>
      <trkpt lat="24.537151157855987548828125" lon="118.15533385612070560455322265625">
        <ele>7.599999904632568359375</ele>
        <time>2026-09-09T13:07:11.000Z</time>
        <extensions>
          <ns3:TrackPointExtension>
            <ns3:hr>137</ns3:hr>
            <ns3:cad>86</ns3:cad>
          </ns3:TrackPointExtension>
        </extensions>
      </trkpt>
      <trkpt lat="24.5371416024863719940185546875" lon="118.15535900183022022247314453125">
        <ele>7.599999904632568359375</ele>
        <time>2026-09-09T13:07:12.000Z</time>
        <extensions>
          <ns3:TrackPointExtension>
            <ns3:hr>137</ns3:hr>
            <ns3:cad>86</ns3:cad>
          </ns3:TrackPointExtension>
        </extensions>
      </trkpt>
      <trkpt lat="24.5371203124523162841796875" lon="118.15538615919649600982666015625">
        <ele>7.80000019073486328125</ele>
        <time>2026-09-09T13:07:13.000Z</time>
        <extensions>
          <ns3:TrackPointExtension>
            <ns3:hr>137</ns3:hr>
            <ns3:cad>86</ns3:cad>
          </ns3:TrackPointExtension>
        </extensions>
      </trkpt>
      <trkpt lat="24.53710849396884441375732421875" lon="118.15540208481252193450927734375">
        <ele>7.599999904632568359375</ele>
        <time>2026-09-09T13:07:14.000Z</time>
        <extensions>
          <ns3:TrackPointExtension>
            <ns3:hr>137</ns3:hr>
            <ns3:cad>87</ns3:cad>
          </ns3:TrackPointExtension>
        </extensions>
      </trkpt>
      <trkpt lat="24.5370827615261077880859375" lon="118.15543393604457378387451171875">
        <ele>7.599999904632568359375</ele>
        <time>2026-09-09T13:07:15.000Z</time>
        <extensions>
          <ns3:TrackPointExtension>
            <ns3:hr>138</ns3:hr>
            <ns3:cad>87</ns3:cad>
          </ns3:TrackPointExtension>
        </extensions>
      </trkpt>
      <trkpt lat="24.53706909902393817901611328125" lon="118.15545623190701007843017578125">
        <ele>7.599999904632568359375</ele>
        <time>2026-09-09T13:07:16.000Z</time>
        <extensions>
          <ns3:TrackPointExtension>
            <ns3:hr>138</ns3:hr>
            <ns3:cad>87</ns3:cad>
          </ns3:TrackPointExtension>
        </extensions>
      </trkpt>
      <trkpt lat="24.53704898245632648468017578125" lon="118.15548934042453765869140625">
        <ele>7.599999904632568359375</ele>
        <time>2026-09-09T13:07:17.000Z</time>
        <extensions>
          <ns3:TrackPointExtension>
            <ns3:hr>138</ns3:hr>
            <ns3:cad>87</ns3:cad>
          </ns3:TrackPointExtension>
        </extensions>
      </trkpt>
      <trkpt lat="24.5370359905064105987548828125" lon="118.15551239065825939178466796875">
        <ele>7.599999904632568359375</ele>
        <time>2026-09-09T13:07:18.000Z</time>
        <extensions>
          <ns3:TrackPointExtension>
            <ns3:hr>138</ns3:hr>
            <ns3:cad>87</ns3:cad>
          </ns3:TrackPointExtension>
        </extensions>
      </trkpt>
      <trkpt lat="24.53702048398554325103759765625" lon="118.1555404700338840484619140625">
        <ele>7.80000019073486328125</ele>
        <time>2026-09-09T13:07:19.000Z</time>
        <extensions>
          <ns3:TrackPointExtension>
            <ns3:hr>138</ns3:hr>
            <ns3:cad>86</ns3:cad>
          </ns3:TrackPointExtension>
        </extensions>
      </trkpt>
      <trkpt lat="24.53700556419789791107177734375" lon="118.15556687302887439727783203125">
        <ele>7.80000019073486328125</ele>
        <time>2026-09-09T13:07:20.000Z</time>
        <extensions>
          <ns3:TrackPointExtension>
            <ns3:hr>138</ns3:hr>
            <ns3:cad>87</ns3:cad>
          </ns3:TrackPointExtension>
        </extensions>
      </trkpt>
      <trkpt lat="24.53699667938053607940673828125" lon="118.15559000708162784576416015625">
        <ele>7.80000019073486328125</ele>
        <time>2026-09-09T13:07:21.000Z</time>
        <extensions>
          <ns3:TrackPointExtension>
            <ns3:hr>138</ns3:hr>
            <ns3:cad>87</ns3:cad>
          </ns3:TrackPointExtension>
        </extensions>
      </trkpt>
      <trkpt lat="24.5369759760797023773193359375" lon="118.155625127255916595458984375">
        <ele>8</ele>
        <time>2026-09-09T13:07:22.000Z</time>
        <extensions>
          <ns3:TrackPointExtension>
            <ns3:hr>138</ns3:hr>
            <ns3:cad>86</ns3:cad>
          </ns3:TrackPointExtension>
        </extensions>
      </trkpt>
      <trkpt lat="24.53696801327168941497802734375" lon="118.15564692020416259765625">
        <ele>8</ele>
        <time>2026-09-09T13:07:23.000Z</time>
        <extensions>
          <ns3:TrackPointExtension>
            <ns3:hr>138</ns3:hr>
            <ns3:cad>86</ns3:cad>
          </ns3:TrackPointExtension>
        </extensions>
      </trkpt>
      <trkpt lat="24.5369525067508220672607421875" lon="118.15568069927394390106201171875">
        <ele>8</ele>
        <time>2026-09-09T13:07:24.000Z</time>
        <extensions>
          <ns3:TrackPointExtension>
            <ns3:hr>130</ns3:hr>
            <ns3:cad>86</ns3:cad>
          </ns3:TrackPointExtension>
        </extensions>
      </trkpt>
      <trkpt lat="24.53694052062928676605224609375" lon="118.15570659935474395751953125">
        <ele>8</ele>
        <time>2026-09-09T13:07:25.000Z</time>
        <extensions>
          <ns3:TrackPointExtension>
            <ns3:hr>128</ns3:hr>
            <ns3:cad>86</ns3:cad>
          </ns3:TrackPointExtension>
        </extensions>
      </trkpt>
      <trkpt lat="24.53692325390875339508056640625" lon="118.1557342596352100372314453125">
        <ele>8.19999980926513671875</ele>
        <time>2026-09-09T13:07:26.000Z</time>
        <extensions>
          <ns3:TrackPointExtension>
            <ns3:hr>129</ns3:hr>
            <ns3:cad>86</ns3:cad>
          </ns3:TrackPointExtension>
        </extensions>
      </trkpt>
      <trkpt lat="24.53690716065466403961181640625" lon="118.15575697459280490875244140625">
        <ele>8.19999980926513671875</ele>
        <time>2026-09-09T13:07:27.000Z</time>
        <extensions>
          <ns3:TrackPointExtension>
            <ns3:hr>131</ns3:hr>
            <ns3:cad>87</ns3:cad>
          </ns3:TrackPointExtension>
        </extensions>
      </trkpt>
      <trkpt lat="24.536893665790557861328125" lon="118.15578413195908069610595703125">
        <ele>8.19999980926513671875</ele>
        <time>2026-09-09T13:07:28.000Z</time>
        <extensions>
          <ns3:TrackPointExtension>
            <ns3:hr>132</ns3:hr>
            <ns3:cad>87</ns3:cad>
          </ns3:TrackPointExtension>
        </extensions>
      </trkpt>
      <trkpt lat="24.536882601678371429443359375" lon="118.15580877475440502166748046875">
        <ele>8.19999980926513671875</ele>
        <time>2026-09-09T13:07:29.000Z</time>
        <extensions>
          <ns3:TrackPointExtension>
            <ns3:hr>134</ns3:hr>
            <ns3:cad>88</ns3:cad>
          </ns3:TrackPointExtension>
        </extensions>
      </trkpt>
      <trkpt lat="24.53687279485166072845458984375" lon="118.15583542920649051666259765625">
        <ele>8.19999980926513671875</ele>
        <time>2026-09-09T13:07:30.000Z</time>
        <extensions>
          <ns3:TrackPointExtension>
            <ns3:hr>135</ns3:hr>
            <ns3:cad>88</ns3:cad>
          </ns3:TrackPointExtension>
        </extensions>
      </trkpt>
      <trkpt lat="24.536857791244983673095703125" lon="118.155861161649227142333984375">
        <ele>8</ele>
        <time>2026-09-09T13:07:31.000Z</time>
        <extensions>
          <ns3:TrackPointExtension>
            <ns3:hr>136</ns3:hr>
            <ns3:cad>88</ns3:cad>
          </ns3:TrackPointExtension>
        </extensions>
      </trkpt>
      <trkpt lat="24.53685184009373188018798828125" lon="118.15588521771132946014404296875">
        <ele>8.19999980926513671875</ele>
        <time>2026-09-09T13:07:32.000Z</time>
        <extensions>
          <ns3:TrackPointExtension>
            <ns3:hr>136</ns3:hr>
            <ns3:cad>87</ns3:cad>
          </ns3:TrackPointExtension>
        </extensions>
      </trkpt>
      <trkpt lat="24.536837004125118255615234375" lon="118.155918158590793609619140625">
        <ele>8.19999980926513671875</ele>
        <time>2026-09-09T13:07:33.000Z</time>
        <extensions>
          <ns3:TrackPointExtension>
            <ns3:hr>137</ns3:hr>
            <ns3:cad>87</ns3:cad>
          </ns3:TrackPointExtension>
        </extensions>
      </trkpt>
      <trkpt lat="24.5368297956883907318115234375" lon="118.15594573505222797393798828125">
        <ele>8.3999996185302734375</ele>
        <time>2026-09-09T13:07:34.000Z</time>
        <extensions>
          <ns3:TrackPointExtension>
            <ns3:hr>138</ns3:hr>
            <ns3:cad>86</ns3:cad>
          </ns3:TrackPointExtension>
        </extensions>
      </trkpt>
      <trkpt lat="24.53680691309273242950439453125" lon="118.15597356297075748443603515625">
        <ele>8.3999996185302734375</ele>
        <time>2026-09-09T13:07:35.000Z</time>
        <extensions>
          <ns3:TrackPointExtension>
            <ns3:hr>138</ns3:hr>
            <ns3:cad>87</ns3:cad>
          </ns3:TrackPointExtension>
        </extensions>
      </trkpt>
      <trkpt lat="24.53679216094315052032470703125" lon="118.1559954397380352020263671875">
        <ele>8.3999996185302734375</ele>
        <time>2026-09-09T13:07:36.000Z</time>
        <extensions>
          <ns3:TrackPointExtension>
            <ns3:hr>139</ns3:hr>
            <ns3:cad>87</ns3:cad>
          </ns3:TrackPointExtension>
        </extensions>
      </trkpt>
      <trkpt lat="24.53676818870007991790771484375" lon="118.1560279615223407745361328125">
        <ele>8.3999996185302734375</ele>
        <time>2026-09-09T13:07:37.000Z</time>
        <extensions>
          <ns3:TrackPointExtension>
            <ns3:hr>139</ns3:hr>
            <ns3:cad>87</ns3:cad>
          </ns3:TrackPointExtension>
        </extensions>
      </trkpt>
      <trkpt lat="24.5367479883134365081787109375" lon="118.1560474075376987457275390625">
        <ele>8.3999996185302734375</ele>
        <time>2026-09-09T13:07:38.000Z</time>
        <extensions>
          <ns3:TrackPointExtension>
            <ns3:hr>139</ns3:hr>
            <ns3:cad>87</ns3:cad>
          </ns3:TrackPointExtension>
        </extensions>
      </trkpt>
      <trkpt lat="24.536722339689731597900390625" lon="118.156076408922672271728515625">
        <ele>8.6000003814697265625</ele>
        <time>2026-09-09T13:07:39.000Z</time>
        <extensions>
          <ns3:TrackPointExtension>
            <ns3:hr>139</ns3:hr>
            <ns3:cad>87</ns3:cad>
          </ns3:TrackPointExtension>
        </extensions>
      </trkpt>
      <trkpt lat="24.5366960205137729644775390625" lon="118.156094513833522796630859375">
        <ele>8.6000003814697265625</ele>
        <time>2026-09-09T13:07:40.000Z</time>
        <extensions>
          <ns3:TrackPointExtension>
            <ns3:hr>139</ns3:hr>
            <ns3:cad>87</ns3:cad>
          </ns3:TrackPointExtension>
        </extensions>
      </trkpt>
      <trkpt lat="24.53666693530976772308349609375" lon="118.15611437894403934478759765625">
        <ele>8.6000003814697265625</ele>
        <time>2026-09-09T13:07:41.000Z</time>
        <extensions>
          <ns3:TrackPointExtension>
            <ns3:hr>140</ns3:hr>
            <ns3:cad>87</ns3:cad>
          </ns3:TrackPointExtension>
        </extensions>
      </trkpt>
      <trkpt lat="24.536633156239986419677734375" lon="118.1561255268752574920654296875">
        <ele>8.6000003814697265625</ele>
        <time>2026-09-09T13:07:42.000Z</time>
        <extensions>
          <ns3:TrackPointExtension>
            <ns3:hr>140</ns3:hr>
            <ns3:cad>87</ns3:cad>
          </ns3:TrackPointExtension>
        </extensions>
      </trkpt>
      <trkpt lat="24.53661278821527957916259765625" lon="118.15613441169261932373046875">
        <ele>8.80000019073486328125</ele>
        <time>2026-09-09T13:07:43.000Z</time>
        <extensions>
          <ns3:TrackPointExtension>
            <ns3:hr>140</ns3:hr>
            <ns3:cad>87</ns3:cad>
          </ns3:TrackPointExtension>
        </extensions>
      </trkpt>
      <trkpt lat="24.53657255508005619049072265625" lon="118.1561436317861080169677734375">
        <ele>8.80000019073486328125</ele>
        <time>2026-09-09T13:07:44.000Z</time>
        <extensions>
          <ns3:TrackPointExtension>
            <ns3:hr>139</ns3:hr>
            <ns3:cad>87</ns3:cad>
          </ns3:TrackPointExtension>
        </extensions>
      </trkpt>
      <trkpt lat="24.5365474931895732879638671875" lon="118.15614606253802776336669921875">
        <ele>8.80000019073486328125</ele>
        <time>2026-09-09T13:07:45.000Z</time>
        <extensions>
          <ns3:TrackPointExtension>
            <ns3:hr>140</ns3:hr>
            <ns3:cad>87</ns3:cad>
          </ns3:TrackPointExtension>
        </extensions>
      </trkpt>
      <trkpt lat="24.53650834970176219940185546875" lon="118.15614807419478893280029296875">
        <ele>8.80000019073486328125</ele>
        <time>2026-09-09T13:07:46.000Z</time>
        <extensions>
          <ns3:TrackPointExtension>
            <ns3:hr>140</ns3:hr>
            <ns3:cad>87</ns3:cad>
          </ns3:TrackPointExtension>
        </extensions>
      </trkpt>
      <trkpt lat="24.53647934831678867340087890625" lon="118.15615008585155010223388671875">
        <ele>8.80000019073486328125</ele>
        <time>2026-09-09T13:07:47.000Z</time>
        <extensions>
          <ns3:TrackPointExtension>
            <ns3:hr>140</ns3:hr>
            <ns3:cad>86</ns3:cad>
          </ns3:TrackPointExtension>
        </extensions>
      </trkpt>
      <trkpt lat="24.53644732944667339324951171875" lon="118.1561473198235034942626953125">
        <ele>9</ele>
        <time>2026-09-09T13:07:48.000Z</time>
        <extensions>
          <ns3:TrackPointExtension>
            <ns3:hr>139</ns3:hr>
            <ns3:cad>86</ns3:cad>
          </ns3:TrackPointExtension>
        </extensions>
      </trkpt>
      <trkpt lat="24.53641464002430438995361328125" lon="118.156138099730014801025390625">
        <ele>9</ele>
        <time>2026-09-09T13:07:49.000Z</time>
        <extensions>
          <ns3:TrackPointExtension>
            <ns3:hr>139</ns3:hr>
            <ns3:cad>86</ns3:cad>
          </ns3:TrackPointExtension>
        </extensions>
      </trkpt>
      <trkpt lat="24.53639678657054901123046875" lon="118.156130053102970123291015625">
        <ele>9</ele>
        <time>2026-09-09T13:07:50.000Z</time>
        <extensions>
          <ns3:TrackPointExtension>
            <ns3:hr>139</ns3:hr>
            <ns3:cad>87</ns3:cad>
          </ns3:TrackPointExtension>
        </extensions>
      </trkpt>
      <trkpt lat="24.536358229815959930419921875" lon="118.1561087630689144134521484375">
        <ele>8.80000019073486328125</ele>
        <time>2026-09-09T13:07:51.000Z</time>
        <extensions>
          <ns3:TrackPointExtension>
            <ns3:hr>139</ns3:hr>
            <ns3:cad>87</ns3:cad>
          </ns3:TrackPointExtension>
        </extensions>
      </trkpt>
      <trkpt lat="24.53634339384734630584716796875" lon="118.15609560348093509674072265625">
        <ele>9</ele>
        <time>2026-09-09T13:07:52.000Z</time>
        <extensions>
          <ns3:TrackPointExtension>
            <ns3:hr>139</ns3:hr>
            <ns3:cad>86</ns3:cad>
          </ns3:TrackPointExtension>
        </extensions>
      </trkpt>
      <trkpt lat="24.536311961710453033447265625" lon="118.1560762412846088409423828125">
        <ele>9</ele>
        <time>2026-09-09T13:07:53.000Z</time>
        <extensions>
          <ns3:TrackPointExtension>
            <ns3:hr>139</ns3:hr>
            <ns3:cad>86</ns3:cad>
          </ns3:TrackPointExtension>
        </extensions>
      </trkpt>
      <trkpt lat="24.53628857620060443878173828125" lon="118.1560598127543926239013671875">
        <ele>9</ele>
        <time>2026-09-09T13:07:54.000Z</time>
        <extensions>
          <ns3:TrackPointExtension>
            <ns3:hr>139</ns3:hr>
            <ns3:cad>86</ns3:cad>
          </ns3:TrackPointExtension>
        </extensions>
      </trkpt>
      <trkpt lat="24.53626493923366069793701171875" lon="118.1560453958809375762939453125">
        <ele>9</ele>
        <time>2026-09-09T13:07:55.000Z</time>
        <extensions>
          <ns3:TrackPointExtension>
            <ns3:hr>139</ns3:hr>
            <ns3:cad>85</ns3:cad>
          </ns3:TrackPointExtension>
        </extensions>
      </trkpt>
      <trkpt lat="24.53623744659125804901123046875" lon="118.1560199148952960968017578125">
        <ele>9</ele>
        <time>2026-09-09T13:07:56.000Z</time>
        <extensions>
          <ns3:TrackPointExtension>
            <ns3:hr>138</ns3:hr>
            <ns3:cad>85</ns3:cad>
          </ns3:TrackPointExtension>
        </extensions>
      </trkpt>
      <trkpt lat="24.536218754947185516357421875" lon="118.1560065038502216339111328125">
        <ele>9</ele>
        <time>2026-09-09T13:07:57.000Z</time>
        <extensions>
          <ns3:TrackPointExtension>
            <ns3:hr>138</ns3:hr>
            <ns3:cad>86</ns3:cad>
          </ns3:TrackPointExtension>
        </extensions>
      </trkpt>
      <trkpt lat="24.53618246130645275115966796875" lon="118.15598429180681705474853515625">
        <ele>8.80000019073486328125</ele>
        <time>2026-09-09T13:07:58.000Z</time>
        <extensions>
          <ns3:TrackPointExtension>
            <ns3:hr>138</ns3:hr>
            <ns3:cad>86</ns3:cad>
          </ns3:TrackPointExtension>
        </extensions>
      </trkpt>
      <trkpt lat="24.53616318292915821075439453125" lon="118.15597272478044033050537109375">
        <ele>9</ele>
        <time>2026-09-09T13:07:59.000Z</time>
        <extensions>
          <ns3:TrackPointExtension>
            <ns3:hr>138</ns3:hr>
            <ns3:cad>86</ns3:cad>
          </ns3:TrackPointExtension>
        </extensions>
      </trkpt>
      <trkpt lat="24.53613284043967723846435546875" lon="118.15595277585089206695556640625">
        <ele>9</ele>
        <time>2026-09-09T13:08:00.000Z</time>
        <extensions>
          <ns3:TrackPointExtension>
            <ns3:hr>139</ns3:hr>
            <ns3:cad>85</ns3:cad>
          </ns3:TrackPointExtension>
        </extensions>
      </trkpt>
      <trkpt lat="24.53611222095787525177001953125" lon="118.1559325754642486572265625">
        <ele>9</ele>
        <time>2026-09-09T13:08:01.000Z</time>
        <extensions>
          <ns3:TrackPointExtension>
            <ns3:hr>138</ns3:hr>
            <ns3:cad>85</ns3:cad>
          </ns3:TrackPointExtension>
        </extensions>
      </trkpt>
      <trkpt lat="24.53608699142932891845703125" lon="118.155916146934032440185546875">
        <ele>9</ele>
        <time>2026-09-09T13:08:02.000Z</time>
        <extensions>
          <ns3:TrackPointExtension>
            <ns3:hr>139</ns3:hr>
            <ns3:cad>85</ns3:cad>
          </ns3:TrackPointExtension>
        </extensions>
      </trkpt>
      <trkpt lat="24.5360667072236537933349609375" lon="118.15589091740548610687255859375">
        <ele>9</ele>
        <time>2026-09-09T13:08:03.000Z</time>
        <extensions>
          <ns3:TrackPointExtension>
            <ns3:hr>139</ns3:hr>
            <ns3:cad>85</ns3:cad>
          </ns3:TrackPointExtension>
        </extensions>
      </trkpt>
      <trkpt lat="24.53604885376989841461181640625" lon="118.1558754108846187591552734375">
        <ele>9</ele>
        <time>2026-09-09T13:08:04.000Z</time>
        <extensions>
          <ns3:TrackPointExtension>
            <ns3:hr>139</ns3:hr>
            <ns3:cad>86</ns3:cad>
          </ns3:TrackPointExtension>
        </extensions>
      </trkpt>
      <trkpt lat="24.53601934947073459625244140625" lon="118.15585453994572162628173828125">
        <ele>9</ele>
        <time>2026-09-09T13:08:05.000Z</time>
        <extensions>
          <ns3:TrackPointExtension>
            <ns3:hr>139</ns3:hr>
            <ns3:cad>86</ns3:cad>
          </ns3:TrackPointExtension>
        </extensions>
      </trkpt>
      <trkpt lat="24.53600090928375720977783203125" lon="118.15584263764321804046630859375">
        <ele>9</ele>
        <time>2026-09-09T13:08:06.000Z</time>
        <extensions>
          <ns3:TrackPointExtension>
            <ns3:hr>139</ns3:hr>
            <ns3:cad>87</ns3:cad>
          </ns3:TrackPointExtension>
        </extensions>
      </trkpt>
      <trkpt lat="24.53596889041364192962646484375" lon="118.1558231078088283538818359375">
        <ele>9</ele>
        <time>2026-09-09T13:08:07.000Z</time>
        <extensions>
          <ns3:TrackPointExtension>
            <ns3:hr>139</ns3:hr>
            <ns3:cad>87</ns3:cad>
          </ns3:TrackPointExtension>
        </extensions>
      </trkpt>
      <trkpt lat="24.53595011495053768157958984375" lon="118.1558086909353733062744140625">
        <ele>9</ele>
        <time>2026-09-09T13:08:08.000Z</time>
        <extensions>
          <ns3:TrackPointExtension>
            <ns3:hr>140</ns3:hr>
            <ns3:cad>87</ns3:cad>
          </ns3:TrackPointExtension>
        </extensions>
      </trkpt>
      <trkpt lat="24.53592413105070590972900390625" lon="118.155786730349063873291015625">
        <ele>9</ele>
        <time>2026-09-09T13:08:09.000Z</time>
        <extensions>
          <ns3:TrackPointExtension>
            <ns3:hr>139</ns3:hr>
            <ns3:cad>87</ns3:cad>
          </ns3:TrackPointExtension>
        </extensions>
      </trkpt>
      <trkpt lat="24.5359024219214916229248046875" lon="118.15576686523854732513427734375">
        <ele>9.19999980926513671875</ele>
        <time>2026-09-09T13:08:10.000Z</time>
        <extensions>
          <ns3:TrackPointExtension>
            <ns3:hr>139</ns3:hr>
            <ns3:cad>86</ns3:cad>
          </ns3:TrackPointExtension>
        </extensions>
      </trkpt>
      <trkpt lat="24.53587853349745273590087890625" lon="118.15575613640248775482177734375">
        <ele>9.19999980926513671875</ele>
        <time>2026-09-09T13:08:11.000Z</time>
        <extensions>
          <ns3:TrackPointExtension>
            <ns3:hr>140</ns3:hr>
            <ns3:cad>86</ns3:cad>
          </ns3:TrackPointExtension>
        </extensions>
      </trkpt>
      <trkpt lat="24.53585070557892322540283203125" lon="118.155735768377780914306640625">
        <ele>9.19999980926513671875</ele>
        <time>2026-09-09T13:08:12.000Z</time>
        <extensions>
          <ns3:TrackPointExtension>
            <ns3:hr>139</ns3:hr>
            <ns3:cad>86</ns3:cad>
          </ns3:TrackPointExtension>
        </extensions>
      </trkpt>
      <trkpt lat="24.535832516849040985107421875" lon="118.1557275541126728057861328125">
        <ele>9.19999980926513671875</ele>
        <time>2026-09-09T13:08:13.000Z</time>
        <extensions>
          <ns3:TrackPointExtension>
            <ns3:hr>139</ns3:hr>
            <ns3:cad>87</ns3:cad>
          </ns3:TrackPointExtension>
        </extensions>
      </trkpt>
      <trkpt lat="24.53580209054052829742431640625" lon="118.15570919774472713470458984375">
        <ele>9.19999980926513671875</ele>
        <time>2026-09-09T13:08:14.000Z</time>
        <extensions>
          <ns3:TrackPointExtension>
            <ns3:hr>140</ns3:hr>
            <ns3:cad>87</ns3:cad>
          </ns3:TrackPointExtension>
        </extensions>
      </trkpt>
      <trkpt lat="24.535782225430011749267578125" lon="118.1556977145373821258544921875">
        <ele>9.3999996185302734375</ele>
        <time>2026-09-09T13:08:15.000Z</time>
        <extensions>
          <ns3:TrackPointExtension>
            <ns3:hr>139</ns3:hr>
            <ns3:cad>87</ns3:cad>
          </ns3:TrackPointExtension>
        </extensions>
      </trkpt>
      <trkpt lat="24.53574995510280132293701171875" lon="118.1556725688278675079345703125">
        <ele>9.3999996185302734375</ele>
        <time>2026-09-09T13:08:16.000Z</time>
        <extensions>
          <ns3:TrackPointExtension>
            <ns3:hr>139</ns3:hr>
            <ns3:cad>87</ns3:cad>
          </ns3:TrackPointExtension>
        </extensions>
      </trkpt>
      <trkpt lat="24.5357277430593967437744140625" lon="118.15565404482185840606689453125">
        <ele>9.3999996185302734375</ele>
        <time>2026-09-09T13:08:17.000Z</time>
        <extensions>
          <ns3:TrackPointExtension>
            <ns3:hr>140</ns3:hr>
            <ns3:cad>87</ns3:cad>
          </ns3:TrackPointExtension>
        </extensions>
      </trkpt>
      <trkpt lat="24.53569999895989894866943359375" lon="118.1556350179016590118408203125">
        <ele>9.3999996185302734375</ele>
        <time>2026-09-09T13:08:18.000Z</time>
        <extensions>
          <ns3:TrackPointExtension>
            <ns3:hr>139</ns3:hr>
            <ns3:cad>85</ns3:cad>
          </ns3:TrackPointExtension>
        </extensions>
      </trkpt>
      <trkpt lat="24.53568038530647754669189453125" lon="118.155613727867603302001953125">
        <ele>9.3999996185302734375</ele>
        <time>2026-09-09T13:08:19.000Z</time>
        <extensions>
          <ns3:TrackPointExtension>
            <ns3:hr>139</ns3:hr>
            <ns3:cad>85</ns3:cad>
          </ns3:TrackPointExtension>
        </extensions>
      </trkpt>
      <trkpt lat="24.535659514367580413818359375" lon="118.15560459159314632415771484375">
        <ele>9.3999996185302734375</ele>
        <time>2026-09-09T13:08:20.000Z</time>
        <extensions>
          <ns3:TrackPointExtension>
            <ns3:hr>139</ns3:hr>
            <ns3:cad>86</ns3:cad>
          </ns3:TrackPointExtension>
        </extensions>
      </trkpt>
      <trkpt lat="24.53562833368778228759765625" lon="118.15558196045458316802978515625">
        <ele>9.3999996185302734375</ele>
        <time>2026-09-09T13:08:21.000Z</time>
        <extensions>
          <ns3:TrackPointExtension>
            <ns3:hr>139</ns3:hr>
            <ns3:cad>86</ns3:cad>
          </ns3:TrackPointExtension>
        </extensions>
      </trkpt>
      <trkpt lat="24.5356075465679168701171875" lon="118.155574835836887359619140625">
        <ele>9.3999996185302734375</ele>
        <time>2026-09-09T13:08:22.000Z</time>
        <extensions>
          <ns3:TrackPointExtension>
            <ns3:hr>139</ns3:hr>
            <ns3:cad>87</ns3:cad>
          </ns3:TrackPointExtension>
        </extensions>
      </trkpt>
      <trkpt lat="24.5355738513171672821044921875" lon="118.155555389821529388427734375">
        <ele>9.3999996185302734375</ele>
        <time>2026-09-09T13:08:23.000Z</time>
        <extensions>
          <ns3:TrackPointExtension>
            <ns3:hr>138</ns3:hr>
            <ns3:cad>87</ns3:cad>
          </ns3:TrackPointExtension>
        </extensions>
      </trkpt>
      <trkpt lat="24.5355554111301898956298828125" lon="118.15554860047996044158935546875">
        <ele>9.3999996185302734375</ele>
        <time>2026-09-09T13:08:24.000Z</time>
        <extensions>
          <ns3:TrackPointExtension>
            <ns3:hr>138</ns3:hr>
            <ns3:cad>87</ns3:cad>
          </ns3:TrackPointExtension>
        </extensions>
      </trkpt>
      <trkpt lat="24.5355245657265186309814453125" lon="118.155531249940395355224609375">
        <ele>9.3999996185302734375</ele>
        <time>2026-09-09T13:08:25.000Z</time>
        <extensions>
          <ns3:TrackPointExtension>
            <ns3:hr>138</ns3:hr>
            <ns3:cad>86</ns3:cad>
          </ns3:TrackPointExtension>
        </extensions>
      </trkpt>
      <trkpt lat="24.53550185076892375946044921875" lon="118.15550836734473705291748046875">
        <ele>9.3999996185302734375</ele>
        <time>2026-09-09T13:08:26.000Z</time>
        <extensions>
          <ns3:TrackPointExtension>
            <ns3:hr>138</ns3:hr>
            <ns3:cad>86</ns3:cad>
          </ns3:TrackPointExtension>
        </extensions>
      </trkpt>
      <trkpt lat="24.53547100536525249481201171875" lon="118.15548741258680820465087890625">
        <ele>9.3999996185302734375</ele>
        <time>2026-09-09T13:08:27.000Z</time>
        <extensions>
          <ns3:TrackPointExtension>
            <ns3:hr>138</ns3:hr>
            <ns3:cad>86</ns3:cad>
          </ns3:TrackPointExtension>
        </extensions>
      </trkpt>
      <trkpt lat="24.53544703312218189239501953125" lon="118.15546209923923015594482421875">
        <ele>9.3999996185302734375</ele>
        <time>2026-09-09T13:08:28.000Z</time>
        <extensions>
          <ns3:TrackPointExtension>
            <ns3:hr>138</ns3:hr>
            <ns3:cad>86</ns3:cad>
          </ns3:TrackPointExtension>
        </extensions>
      </trkpt>
      <trkpt lat="24.535418450832366943359375" lon="118.155441395938396453857421875">
        <ele>9.3999996185302734375</ele>
        <time>2026-09-09T13:08:29.000Z</time>
        <extensions>
          <ns3:TrackPointExtension>
            <ns3:hr>138</ns3:hr>
            <ns3:cad>87</ns3:cad>
          </ns3:TrackPointExtension>
        </extensions>
      </trkpt>
      <trkpt lat="24.5353810675442218780517578125" lon="118.15540912561118602752685546875">
        <ele>9.3999996185302734375</ele>
        <time>2026-09-09T13:08:30.000Z</time>
        <extensions>
          <ns3:TrackPointExtension>
            <ns3:hr>138</ns3:hr>
            <ns3:cad>87</ns3:cad>
          </ns3:TrackPointExtension>
        </extensions>
      </trkpt>
      <trkpt lat="24.53536220826208591461181640625" lon="118.1553942896425724029541015625">
        <ele>9.3999996185302734375</ele>
        <time>2026-09-09T13:08:31.000Z</time>
        <extensions>
          <ns3:TrackPointExtension>
            <ns3:hr>138</ns3:hr>
            <ns3:cad>87</ns3:cad>
          </ns3:TrackPointExtension>
        </extensions>
      </trkpt>
      <trkpt lat="24.53532448969781398773193359375" lon="118.1553661264479160308837890625">
        <ele>9.6000003814697265625</ele>
        <time>2026-09-09T13:08:32.000Z</time>
        <extensions>
          <ns3:TrackPointExtension>
            <ns3:hr>138</ns3:hr>
            <ns3:cad>86</ns3:cad>
          </ns3:TrackPointExtension>
        </extensions>
      </trkpt>
      <trkpt lat="24.53530236147344112396240234375" lon="118.155349195003509521484375">
        <ele>9.6000003814697265625</ele>
        <time>2026-09-09T13:08:33.000Z</time>
        <extensions>
          <ns3:TrackPointExtension>
            <ns3:hr>138</ns3:hr>
            <ns3:cad>86</ns3:cad>
          </ns3:TrackPointExtension>
        </extensions>
      </trkpt>
      <trkpt lat="24.53527419827878475189208984375" lon="118.15532832406461238861083984375">
        <ele>9.6000003814697265625</ele>
        <time>2026-09-09T13:08:34.000Z</time>
        <extensions>
          <ns3:TrackPointExtension>
            <ns3:hr>138</ns3:hr>
            <ns3:cad>86</ns3:cad>
          </ns3:TrackPointExtension>
        </extensions>
      </trkpt>
      <trkpt lat="24.53524888493120670318603515625" lon="118.15530359745025634765625">
        <ele>9.80000019073486328125</ele>
        <time>2026-09-09T13:08:35.000Z</time>
        <extensions>
          <ns3:TrackPointExtension>
            <ns3:hr>138</ns3:hr>
            <ns3:cad>86</ns3:cad>
          </ns3:TrackPointExtension>
        </extensions>
      </trkpt>
      <trkpt lat="24.53521988354623317718505859375" lon="118.15529085695743560791015625">
        <ele>9.6000003814697265625</ele>
        <time>2026-09-09T13:08:36.000Z</time>
        <extensions>
          <ns3:TrackPointExtension>
            <ns3:hr>138</ns3:hr>
            <ns3:cad>86</ns3:cad>
          </ns3:TrackPointExtension>
        </extensions>
      </trkpt>
      <trkpt lat="24.5351923070847988128662109375" lon="118.15526780672371387481689453125">
        <ele>9.80000019073486328125</ele>
        <time>2026-09-09T13:08:37.000Z</time>
        <extensions>
          <ns3:TrackPointExtension>
            <ns3:hr>138</ns3:hr>
            <ns3:cad>86</ns3:cad>
          </ns3:TrackPointExtension>
        </extensions>
      </trkpt>
      <trkpt lat="24.53517244197428226470947265625" lon="118.1552605144679546356201171875">
        <ele>9.80000019073486328125</ele>
        <time>2026-09-09T13:08:38.000Z</time>
        <extensions>
          <ns3:TrackPointExtension>
            <ns3:hr>139</ns3:hr>
            <ns3:cad>86</ns3:cad>
          </ns3:TrackPointExtension>
        </extensions>
      </trkpt>
      <trkpt lat="24.53514243476092815399169921875" lon="118.1552400626242160797119140625">
        <ele>9.6000003814697265625</ele>
        <time>2026-09-09T13:08:39.000Z</time>
        <extensions>
          <ns3:TrackPointExtension>
            <ns3:hr>139</ns3:hr>
            <ns3:cad>86</ns3:cad>
          </ns3:TrackPointExtension>
        </extensions>
      </trkpt>
      <trkpt lat="24.5351235754787921905517578125" lon="118.1552316807210445404052734375">
        <ele>9.80000019073486328125</ele>
        <time>2026-09-09T13:08:40.000Z</time>
        <extensions>
          <ns3:TrackPointExtension>
            <ns3:hr>140</ns3:hr>
            <ns3:cad>86</ns3:cad>
          </ns3:TrackPointExtension>
        </extensions>
      </trkpt>
      <trkpt lat="24.53509013168513774871826171875" lon="118.15521567128598690032958984375">
        <ele>9.80000019073486328125</ele>
        <time>2026-09-09T13:08:41.000Z</time>
        <extensions>
          <ns3:TrackPointExtension>
            <ns3:hr>140</ns3:hr>
            <ns3:cad>86</ns3:cad>
          </ns3:TrackPointExtension>
        </extensions>
      </trkpt>
      <trkpt lat="24.5350675843656063079833984375" lon="118.15520628355443477630615234375">
        <ele>9.80000019073486328125</ele>
        <time>2026-09-09T13:08:42.000Z</time>
        <extensions>
          <ns3:TrackPointExtension>
            <ns3:hr>140</ns3:hr>
            <ns3:cad>86</ns3:cad>
          </ns3:TrackPointExtension>
        </extensions>
      </trkpt>
      <trkpt lat="24.535039924085140228271484375" lon="118.15519832074642181396484375">
        <ele>9.80000019073486328125</ele>
        <time>2026-09-09T13:08:43.000Z</time>
        <extensions>
          <ns3:TrackPointExtension>
            <ns3:hr>140</ns3:hr>
            <ns3:cad>87</ns3:cad>
          </ns3:TrackPointExtension>
        </extensions>
      </trkpt>
      <trkpt lat="24.5350149460136890411376953125" lon="118.15518893301486968994140625">
        <ele>10</ele>
        <time>2026-09-09T13:08:44.000Z</time>
        <extensions>
          <ns3:TrackPointExtension>
            <ns3:hr>141</ns3:hr>
            <ns3:cad>87</ns3:cad>
          </ns3:TrackPointExtension>
        </extensions>
      </trkpt>
      <trkpt lat="24.53499491326510906219482421875" lon="118.15519035793840885162353515625">
        <ele>10</ele>
        <time>2026-09-09T13:08:45.000Z</time>
        <extensions>
          <ns3:TrackPointExtension>
            <ns3:hr>141</ns3:hr>
            <ns3:cad>87</ns3:cad>
          </ns3:TrackPointExtension>
        </extensions>
      </trkpt>
      <trkpt lat="24.534964151680469512939453125" lon="118.155184574425220489501953125">
        <ele>10</ele>
        <time>2026-09-09T13:08:46.000Z</time>
        <extensions>
          <ns3:TrackPointExtension>
            <ns3:hr>141</ns3:hr>
            <ns3:cad>87</ns3:cad>
          </ns3:TrackPointExtension>
        </extensions>
      </trkpt>
      <trkpt lat="24.5349452085793018341064453125" lon="118.1551904417574405670166015625">
        <ele>10</ele>
        <time>2026-09-09T13:08:47.000Z</time>
        <extensions>
          <ns3:TrackPointExtension>
            <ns3:hr>141</ns3:hr>
            <ns3:cad>87</ns3:cad>
          </ns3:TrackPointExtension>
        </extensions>
      </trkpt>
      <trkpt lat="24.53490137122571468353271484375" lon="118.15519957803189754486083984375">
        <ele>10</ele>
        <time>2026-09-09T13:08:48.000Z</time>
        <extensions>
          <ns3:TrackPointExtension>
            <ns3:hr>141</ns3:hr>
            <ns3:cad>86</ns3:cad>
          </ns3:TrackPointExtension>
        </extensions>
      </trkpt>
      <trkpt lat="24.53487991355359554290771484375" lon="118.15521039068698883056640625">
        <ele>10</ele>
        <time>2026-09-09T13:08:49.000Z</time>
        <extensions>
          <ns3:TrackPointExtension>
            <ns3:hr>141</ns3:hr>
            <ns3:cad>86</ns3:cad>
          </ns3:TrackPointExtension>
        </extensions>
      </trkpt>
      <trkpt lat="24.53484102152287960052490234375" lon="118.15521776676177978515625">
        <ele>10</ele>
        <time>2026-09-09T13:08:50.000Z</time>
        <extensions>
          <ns3:TrackPointExtension>
            <ns3:hr>141</ns3:hr>
            <ns3:cad>86</ns3:cad>
          </ns3:TrackPointExtension>
        </extensions>
      </trkpt>
      <trkpt lat="24.53482124023139476776123046875" lon="118.1552222929894924163818359375">
        <ele>10</ele>
        <time>2026-09-09T13:08:51.000Z</time>
        <extensions>
          <ns3:TrackPointExtension>
            <ns3:hr>141</ns3:hr>
            <ns3:cad>87</ns3:cad>
          </ns3:TrackPointExtension>
        </extensions>
      </trkpt>
      <trkpt lat="24.53478938899934291839599609375" lon="118.155233860015869140625">
        <ele>10</ele>
        <time>2026-09-09T13:08:52.000Z</time>
        <extensions>
          <ns3:TrackPointExtension>
            <ns3:hr>141</ns3:hr>
            <ns3:cad>87</ns3:cad>
          </ns3:TrackPointExtension>
        </extensions>
      </trkpt>
      <trkpt lat="24.53476474620401859283447265625" lon="118.1552407331764698028564453125">
        <ele>10</ele>
        <time>2026-09-09T13:08:53.000Z</time>
        <extensions>
          <ns3:TrackPointExtension>
            <ns3:hr>141</ns3:hr>
            <ns3:cad>87</ns3:cad>
          </ns3:TrackPointExtension>
        </extensions>
      </trkpt>
      <trkpt lat="24.534734152257442474365234375" lon="118.15525825135409832000732421875">
        <ele>10</ele>
        <time>2026-09-09T13:08:54.000Z</time>
        <extensions>
          <ns3:TrackPointExtension>
            <ns3:hr>141</ns3:hr>
            <ns3:cad>87</ns3:cad>
          </ns3:TrackPointExtension>
        </extensions>
      </trkpt>
      <trkpt lat="24.53470255248248577117919921875" lon="118.1552705727517604827880859375">
        <ele>10.19999980926513671875</ele>
        <time>2026-09-09T13:08:55.000Z</time>
        <extensions>
          <ns3:TrackPointExtension>
            <ns3:hr>141</ns3:hr>
            <ns3:cad>87</ns3:cad>
          </ns3:TrackPointExtension>
        </extensions>
      </trkpt>
      <trkpt lat="24.53468444757163524627685546875" lon="118.15528574399650096893310546875">
        <ele>10.19999980926513671875</ele>
        <time>2026-09-09T13:08:56.000Z</time>
        <extensions>
          <ns3:TrackPointExtension>
            <ns3:hr>141</ns3:hr>
            <ns3:cad>87</ns3:cad>
          </ns3:TrackPointExtension>
        </extensions>
      </trkpt>
      <trkpt lat="24.53464924357831478118896484375" lon="118.15530368126928806304931640625">
        <ele>10.19999980926513671875</ele>
        <time>2026-09-09T13:08:57.000Z</time>
        <extensions>
          <ns3:TrackPointExtension>
            <ns3:hr>142</ns3:hr>
            <ns3:cad>87</ns3:cad>
          </ns3:TrackPointExtension>
        </extensions>
      </trkpt>
      <trkpt lat="24.53463382087647914886474609375" lon="118.15531742759048938751220703125">
        <ele>10.19999980926513671875</ele>
        <time>2026-09-09T13:08:58.000Z</time>
        <extensions>
          <ns3:TrackPointExtension>
            <ns3:hr>142</ns3:hr>
            <ns3:cad>87</ns3:cad>
          </ns3:TrackPointExtension>
        </extensions>
      </trkpt>
      <trkpt lat="24.53460062853991985321044921875" lon="118.15533268265426158905029296875">
        <ele>10.19999980926513671875</ele>
        <time>2026-09-09T13:08:59.000Z</time>
        <extensions>
          <ns3:TrackPointExtension>
            <ns3:hr>142</ns3:hr>
            <ns3:cad>87</ns3:cad>
          </ns3:TrackPointExtension>
        </extensions>
      </trkpt>
      <trkpt lat="24.53458503820002079010009765625" lon="118.15533972345292568206787109375">
        <ele>10.19999980926513671875</ele>
        <time>2026-09-09T13:09:00.000Z</time>
        <extensions>
          <ns3:TrackPointExtension>
            <ns3:hr>142</ns3:hr>
            <ns3:cad>87</ns3:cad>
          </ns3:TrackPointExtension>
        </extensions>
      </trkpt>
      <trkpt lat="24.53455545008182525634765625" lon="118.1553527154028415679931640625">
        <ele>10.19999980926513671875</ele>
        <time>2026-09-09T13:09:01.000Z</time>
        <extensions>
          <ns3:TrackPointExtension>
            <ns3:hr>142</ns3:hr>
            <ns3:cad>87</ns3:cad>
          </ns3:TrackPointExtension>
        </extensions>
      </trkpt>
      <trkpt lat="24.534532986581325531005859375" lon="118.15536118112504482269287109375">
        <ele>10.3999996185302734375</ele>
        <time>2026-09-09T13:09:02.000Z</time>
        <extensions>
          <ns3:TrackPointExtension>
            <ns3:hr>143</ns3:hr>
            <ns3:cad>87</ns3:cad>
          </ns3:TrackPointExtension>
        </extensions>
      </trkpt>
      <trkpt lat="24.53450323082506656646728515625" lon="118.1553741730749607086181640625">
        <ele>10.3999996185302734375</ele>
        <time>2026-09-09T13:09:03.000Z</time>
        <extensions>
          <ns3:TrackPointExtension>
            <ns3:hr>142</ns3:hr>
            <ns3:cad>87</ns3:cad>
          </ns3:TrackPointExtension>
        </extensions>
      </trkpt>
      <trkpt lat="24.5344744808971881866455078125" lon="118.15537559799849987030029296875">
        <ele>10.3999996185302734375</ele>
        <time>2026-09-09T13:09:04.000Z</time>
        <extensions>
          <ns3:TrackPointExtension>
            <ns3:hr>142</ns3:hr>
            <ns3:cad>87</ns3:cad>
          </ns3:TrackPointExtension>
        </extensions>
      </trkpt>
      <trkpt lat="24.53445528633892536163330078125" lon="118.1553852371871471405029296875">
        <ele>10.3999996185302734375</ele>
        <time>2026-09-09T13:09:05.000Z</time>
        <extensions>
          <ns3:TrackPointExtension>
            <ns3:hr>142</ns3:hr>
            <ns3:cad>87</ns3:cad>
          </ns3:TrackPointExtension>
        </extensions>
      </trkpt>
      <trkpt lat="24.53441890887916088104248046875" lon="118.15538163296878337860107421875">
        <ele>10.3999996185302734375</ele>
        <time>2026-09-09T13:09:06.000Z</time>
        <extensions>
          <ns3:TrackPointExtension>
            <ns3:hr>143</ns3:hr>
            <ns3:cad>86</ns3:cad>
          </ns3:TrackPointExtension>
        </extensions>
      </trkpt>
      <trkpt lat="24.53439644537866115570068359375" lon="118.15538699738681316375732421875">
        <ele>10.3999996185302734375</ele>
        <time>2026-09-09T13:09:07.000Z</time>
        <extensions>
          <ns3:TrackPointExtension>
            <ns3:hr>143</ns3:hr>
            <ns3:cad>87</ns3:cad>
          </ns3:TrackPointExtension>
        </extensions>
      </trkpt>
      <trkpt lat="24.5343571342527866363525390625" lon="118.15538196824491024017333984375">
        <ele>10.3999996185302734375</ele>
        <time>2026-09-09T13:09:08.000Z</time>
        <extensions>
          <ns3:TrackPointExtension>
            <ns3:hr>143</ns3:hr>
            <ns3:cad>87</ns3:cad>
          </ns3:TrackPointExtension>
        </extensions>
      </trkpt>
      <trkpt lat="24.53432880342006683349609375" lon="118.15537811256945133209228515625">
        <ele>10.3999996185302734375</ele>
        <time>2026-09-09T13:09:09.000Z</time>
        <extensions>
          <ns3:TrackPointExtension>
            <ns3:hr>143</ns3:hr>
            <ns3:cad>87</ns3:cad>
          </ns3:TrackPointExtension>
        </extensions>
      </trkpt>
      <trkpt lat="24.53429217450320720672607421875" lon="118.1553748436272144317626953125">
        <ele>10.3999996185302734375</ele>
        <time>2026-09-09T13:09:10.000Z</time>
        <extensions>
          <ns3:TrackPointExtension>
            <ns3:hr>142</ns3:hr>
            <ns3:cad>87</ns3:cad>
          </ns3:TrackPointExtension>
        </extensions>
      </trkpt>
      <trkpt lat="24.534266777336597442626953125" lon="118.15536503680050373077392578125">
        <ele>10.3999996185302734375</ele>
        <time>2026-09-09T13:09:11.000Z</time>
        <extensions>
          <ns3:TrackPointExtension>
            <ns3:hr>142</ns3:hr>
            <ns3:cad>86</ns3:cad>
          </ns3:TrackPointExtension>
        </extensions>
      </trkpt>
      <trkpt lat="24.53423760831356048583984375" lon="118.155366294085979461669921875">
        <ele>10.3999996185302734375</ele>
        <time>2026-09-09T13:09:12.000Z</time>
        <extensions>
          <ns3:TrackPointExtension>
            <ns3:hr>142</ns3:hr>
            <ns3:cad>86</ns3:cad>
          </ns3:TrackPointExtension>
        </extensions>
      </trkpt>
      <trkpt lat="24.53419846482574939727783203125" lon="118.155354894697666168212890625">
        <ele>10.3999996185302734375</ele>
        <time>2026-09-09T13:09:13.000Z</time>
        <extensions>
          <ns3:TrackPointExtension>
            <ns3:hr>143</ns3:hr>
            <ns3:cad>86</ns3:cad>
          </ns3:TrackPointExtension>
        </extensions>
      </trkpt>
      <trkpt lat="24.534172229468822479248046875" lon="118.1553600914776325225830078125">
        <ele>10.3999996185302734375</ele>
        <time>2026-09-09T13:09:14.000Z</time>
        <extensions>
          <ns3:TrackPointExtension>
            <ns3:hr>143</ns3:hr>
            <ns3:cad>87</ns3:cad>
          </ns3:TrackPointExtension>
        </extensions>
      </trkpt>
      <trkpt lat="24.53413006849586963653564453125" lon="118.1553450040519237518310546875">
        <ele>10.3999996185302734375</ele>
        <time>2026-09-09T13:09:15.000Z</time>
        <extensions>
          <ns3:TrackPointExtension>
            <ns3:hr>143</ns3:hr>
            <ns3:cad>87</ns3:cad>
          </ns3:TrackPointExtension>
        </extensions>
      </trkpt>
      <trkpt lat="24.53410894609987735748291015625" lon="118.1553406454622745513916015625">
        <ele>10.3999996185302734375</ele>
        <time>2026-09-09T13:09:16.000Z</time>
        <extensions>
          <ns3:TrackPointExtension>
            <ns3:hr>142</ns3:hr>
            <ns3:cad>86</ns3:cad>
          </ns3:TrackPointExtension>
        </extensions>
      </trkpt>
      <trkpt lat="24.534071981906890869140625" lon="118.155330084264278411865234375">
        <ele>10.6000003814697265625</ele>
        <time>2026-09-09T13:09:17.000Z</time>
        <extensions>
          <ns3:TrackPointExtension>
            <ns3:hr>143</ns3:hr>
            <ns3:cad>86</ns3:cad>
          </ns3:TrackPointExtension>
        </extensions>
      </trkpt>
      <trkpt lat="24.5340527035295963287353515625" lon="118.15531893633306026458740234375">
        <ele>10.6000003814697265625</ele>
        <time>2026-09-09T13:09:18.000Z</time>
        <extensions>
          <ns3:TrackPointExtension>
            <ns3:hr>143</ns3:hr>
            <ns3:cad>86</ns3:cad>
          </ns3:TrackPointExtension>
        </extensions>
      </trkpt>
      <trkpt lat="24.5340195111930370330810546875" lon="118.1553044356405735015869140625">
        <ele>10.6000003814697265625</ele>
        <time>2026-09-09T13:09:19.000Z</time>
        <extensions>
          <ns3:TrackPointExtension>
            <ns3:hr>142</ns3:hr>
            <ns3:cad>86</ns3:cad>
          </ns3:TrackPointExtension>
        </extensions>
      </trkpt>
      <trkpt lat="24.53399620950222015380859375" lon="118.155289180576801300048828125">
        <ele>10.6000003814697265625</ele>
        <time>2026-09-09T13:09:20.000Z</time>
        <extensions>
          <ns3:TrackPointExtension>
            <ns3:hr>143</ns3:hr>
            <ns3:cad>86</ns3:cad>
          </ns3:TrackPointExtension>
        </extensions>
      </trkpt>
      <trkpt lat="24.53396863304078578948974609375" lon="118.1552749313414096832275390625">
        <ele>10.6000003814697265625</ele>
        <time>2026-09-09T13:09:21.000Z</time>
        <extensions>
          <ns3:TrackPointExtension>
            <ns3:hr>142</ns3:hr>
            <ns3:cad>87</ns3:cad>
          </ns3:TrackPointExtension>
        </extensions>
      </trkpt>
      <trkpt lat="24.53394122421741485595703125" lon="118.15525322221219539642333984375">
        <ele>10.3999996185302734375</ele>
        <time>2026-09-09T13:09:22.000Z</time>
        <extensions>
          <ns3:TrackPointExtension>
            <ns3:hr>142</ns3:hr>
            <ns3:cad>87</ns3:cad>
          </ns3:TrackPointExtension>
        </extensions>
      </trkpt>
      <trkpt lat="24.53391532413661479949951171875" lon="118.155244924128055572509765625">
        <ele>10.3999996185302734375</ele>
        <time>2026-09-09T13:09:23.000Z</time>
        <extensions>
          <ns3:TrackPointExtension>
            <ns3:hr>142</ns3:hr>
            <ns3:cad>88</ns3:cad>
          </ns3:TrackPointExtension>
        </extensions>
      </trkpt>
      <trkpt lat="24.53388598747551441192626953125" lon="118.1552216224372386932373046875">
        <ele>10.3999996185302734375</ele>
        <time>2026-09-09T13:09:24.000Z</time>
        <extensions>
          <ns3:TrackPointExtension>
            <ns3:hr>142</ns3:hr>
            <ns3:cad>88</ns3:cad>
          </ns3:TrackPointExtension>
        </extensions>
      </trkpt>
      <trkpt lat="24.53386402688920497894287109375" lon="118.15521567128598690032958984375">
        <ele>10.6000003814697265625</ele>
        <time>2026-09-09T13:09:25.000Z</time>
        <extensions>
          <ns3:TrackPointExtension>
            <ns3:hr>142</ns3:hr>
            <ns3:cad>88</ns3:cad>
          </ns3:TrackPointExtension>
        </extensions>
      </trkpt>
      <trkpt lat="24.53383485786616802215576171875" lon="118.15518247894942760467529296875">
        <ele>10.6000003814697265625</ele>
        <time>2026-09-09T13:09:26.000Z</time>
        <extensions>
          <ns3:TrackPointExtension>
            <ns3:hr>143</ns3:hr>
            <ns3:cad>86</ns3:cad>
          </ns3:TrackPointExtension>
        </extensions>
      </trkpt>
      <trkpt lat="24.5338176749646663665771484375" lon="118.15516035072505474090576171875">
        <ele>10.3999996185302734375</ele>
        <time>2026-09-09T13:09:27.000Z</time>
        <extensions>
          <ns3:TrackPointExtension>
            <ns3:hr>142</ns3:hr>
            <ns3:cad>86</ns3:cad>
          </ns3:TrackPointExtension>
        </extensions>
      </trkpt>
      <trkpt lat="24.53379143960773944854736328125" lon="118.15513126552104949951171875">
        <ele>10.6000003814697265625</ele>
        <time>2026-09-09T13:09:28.000Z</time>
        <extensions>
          <ns3:TrackPointExtension>
            <ns3:hr>142</ns3:hr>
            <ns3:cad>86</ns3:cad>
          </ns3:TrackPointExtension>
        </extensions>
      </trkpt>
      <trkpt lat="24.53377434052526950836181640625" lon="118.15510469488799571990966796875">
        <ele>10.3999996185302734375</ele>
        <time>2026-09-09T13:09:29.000Z</time>
        <extensions>
          <ns3:TrackPointExtension>
            <ns3:hr>142</ns3:hr>
            <ns3:cad>86</ns3:cad>
          </ns3:TrackPointExtension>
        </extensions>
      </trkpt>
      <trkpt lat="24.53375254757702350616455078125" lon="118.15508508123457431793212890625">
        <ele>10.3999996185302734375</ele>
        <time>2026-09-09T13:09:30.000Z</time>
        <extensions>
          <ns3:TrackPointExtension>
            <ns3:hr>142</ns3:hr>
            <ns3:cad>87</ns3:cad>
          </ns3:TrackPointExtension>
        </extensions>
      </trkpt>
      <trkpt lat="24.53373444266617298126220703125" lon="118.1550559960305690765380859375">
        <ele>10.3999996185302734375</ele>
        <time>2026-09-09T13:09:31.000Z</time>
        <extensions>
          <ns3:TrackPointExtension>
            <ns3:hr>142</ns3:hr>
            <ns3:cad>87</ns3:cad>
          </ns3:TrackPointExtension>
        </extensions>
      </trkpt>
      <trkpt lat="24.53371734358370304107666015625" lon="118.1550439260900020599365234375">
        <ele>10.3999996185302734375</ele>
        <time>2026-09-09T13:09:32.000Z</time>
        <extensions>
          <ns3:TrackPointExtension>
            <ns3:hr>142</ns3:hr>
            <ns3:cad>87</ns3:cad>
          </ns3:TrackPointExtension>
        </extensions>
      </trkpt>
      <trkpt lat="24.53370292671024799346923828125" lon="118.15501132048666477203369140625">
        <ele>10.3999996185302734375</ele>
        <time>2026-09-09T13:09:33.000Z</time>
        <extensions>
          <ns3:TrackPointExtension>
            <ns3:hr>142</ns3:hr>
            <ns3:cad>87</ns3:cad>
          </ns3:TrackPointExtension>
        </extensions>
      </trkpt>
      <trkpt lat="24.53369052149355411529541015625" lon="118.15499673597514629364013671875">
        <ele>10.3999996185302734375</ele>
        <time>2026-09-09T13:09:34.000Z</time>
        <extensions>
          <ns3:TrackPointExtension>
            <ns3:hr>142</ns3:hr>
            <ns3:cad>87</ns3:cad>
          </ns3:TrackPointExtension>
        </extensions>
      </trkpt>
      <trkpt lat="24.5336736738681793212890625" lon="118.15496421419084072113037109375">
        <ele>10.3999996185302734375</ele>
        <time>2026-09-09T13:09:35.000Z</time>
        <extensions>
          <ns3:TrackPointExtension>
            <ns3:hr>142</ns3:hr>
            <ns3:cad>87</ns3:cad>
          </ns3:TrackPointExtension>
        </extensions>
      </trkpt>
      <trkpt lat="24.5336597599089145660400390625" lon="118.1549433432519435882568359375">
        <ele>10.3999996185302734375</ele>
        <time>2026-09-09T13:09:36.000Z</time>
        <extensions>
          <ns3:TrackPointExtension>
            <ns3:hr>142</ns3:hr>
            <ns3:cad>87</ns3:cad>
          </ns3:TrackPointExtension>
        </extensions>
      </trkpt>
      <trkpt lat="24.53364693559706211090087890625" lon="118.1549151800572872161865234375">
        <ele>10.3999996185302734375</ele>
        <time>2026-09-09T13:09:37.000Z</time>
        <extensions>
          <ns3:TrackPointExtension>
            <ns3:hr>143</ns3:hr>
            <ns3:cad>87</ns3:cad>
          </ns3:TrackPointExtension>
        </extensions>
      </trkpt>
      <trkpt lat="24.53363587148487567901611328125" lon="118.15488609485328197479248046875">
        <ele>10.3999996185302734375</ele>
        <time>2026-09-09T13:09:38.000Z</time>
        <extensions>
          <ns3:TrackPointExtension>
            <ns3:hr>142</ns3:hr>
            <ns3:cad>88</ns3:cad>
          </ns3:TrackPointExtension>
        </extensions>
      </trkpt>
      <trkpt lat="24.533623717725276947021484375" lon="118.15486170351505279541015625">
        <ele>10.19999980926513671875</ele>
        <time>2026-09-09T13:09:39.000Z</time>
        <extensions>
          <ns3:TrackPointExtension>
            <ns3:hr>142</ns3:hr>
            <ns3:cad>87</ns3:cad>
          </ns3:TrackPointExtension>
        </extensions>
      </trkpt>
      <trkpt lat="24.5336144976317882537841796875" lon="118.1548404134809970855712890625">
        <ele>10.19999980926513671875</ele>
        <time>2026-09-09T13:09:40.000Z</time>
        <extensions>
          <ns3:TrackPointExtension>
            <ns3:hr>141</ns3:hr>
            <ns3:cad>87</ns3:cad>
          </ns3:TrackPointExtension>
        </extensions>
      </trkpt>
      <trkpt lat="24.53360251151025295257568359375" lon="118.15481618978083133697509765625">
        <ele>10.19999980926513671875</ele>
        <time>2026-09-09T13:09:41.000Z</time>
        <extensions>
          <ns3:TrackPointExtension>
            <ns3:hr>142</ns3:hr>
            <ns3:cad>87</ns3:cad>
          </ns3:TrackPointExtension>
        </extensions>
      </trkpt>
      <trkpt lat="24.5335958898067474365234375" lon="118.15477897413074970245361328125">
        <ele>10.19999980926513671875</ele>
        <time>2026-09-09T13:09:42.000Z</time>
        <extensions>
          <ns3:TrackPointExtension>
            <ns3:hr>142</ns3:hr>
            <ns3:cad>86</ns3:cad>
          </ns3:TrackPointExtension>
        </extensions>
      </trkpt>
      <trkpt lat="24.53358507715165615081787109375" lon="118.1547592766582965850830078125">
        <ele>10.19999980926513671875</ele>
        <time>2026-09-09T13:09:43.000Z</time>
        <extensions>
          <ns3:TrackPointExtension>
            <ns3:hr>142</ns3:hr>
            <ns3:cad>86</ns3:cad>
          </ns3:TrackPointExtension>
        </extensions>
      </trkpt>
      <trkpt lat="24.533577449619770050048828125" lon="118.1547202169895172119140625">
        <ele>10.19999980926513671875</ele>
        <time>2026-09-09T13:09:44.000Z</time>
        <extensions>
          <ns3:TrackPointExtension>
            <ns3:hr>141</ns3:hr>
            <ns3:cad>87</ns3:cad>
          </ns3:TrackPointExtension>
        </extensions>
      </trkpt>
      <trkpt lat="24.5335722528398036956787109375" lon="118.15469347871840000152587890625">
        <ele>10</ele>
        <time>2026-09-09T13:09:45.000Z</time>
        <extensions>
          <ns3:TrackPointExtension>
            <ns3:hr>141</ns3:hr>
            <ns3:cad>87</ns3:cad>
          </ns3:TrackPointExtension>
        </extensions>
      </trkpt>
      <trkpt lat="24.533566050231456756591796875" lon="118.1546519882977008819580078125">
        <ele>10</ele>
        <time>2026-09-09T13:09:46.000Z</time>
        <extensions>
          <ns3:TrackPointExtension>
            <ns3:hr>141</ns3:hr>
            <ns3:cad>87</ns3:cad>
          </ns3:TrackPointExtension>
        </extensions>
      </trkpt>
      <trkpt lat="24.53355926088988780975341796875" lon="118.1546238251030445098876953125">
        <ele>10</ele>
        <time>2026-09-09T13:09:47.000Z</time>
        <extensions>
          <ns3:TrackPointExtension>
            <ns3:hr>141</ns3:hr>
            <ns3:cad>87</ns3:cad>
          </ns3:TrackPointExtension>
        </extensions>
      </trkpt>
      <trkpt lat="24.5335507951676845550537109375" lon="118.15458602271974086761474609375">
        <ele>10</ele>
        <time>2026-09-09T13:09:48.000Z</time>
        <extensions>
          <ns3:TrackPointExtension>
            <ns3:hr>141</ns3:hr>
            <ns3:cad>87</ns3:cad>
          </ns3:TrackPointExtension>
        </extensions>
      </trkpt>
      <trkpt lat="24.53354652039706707000732421875" lon="118.15455056726932525634765625">
        <ele>10</ele>
        <time>2026-09-09T13:09:49.000Z</time>
        <extensions>
          <ns3:TrackPointExtension>
            <ns3:hr>141</ns3:hr>
            <ns3:cad>87</ns3:cad>
          </ns3:TrackPointExtension>
        </extensions>
      </trkpt>
      <trkpt lat="24.53354048542678356170654296875" lon="118.1545208953320980072021484375">
        <ele>10</ele>
        <time>2026-09-09T13:09:50.000Z</time>
        <extensions>
          <ns3:TrackPointExtension>
            <ns3:hr>141</ns3:hr>
            <ns3:cad>87</ns3:cad>
          </ns3:TrackPointExtension>
        </extensions>
      </trkpt>
      <trkpt lat="24.53355121426284313201904296875" lon="118.15448476932942867279052734375">
        <ele>10</ele>
        <time>2026-09-09T13:09:51.000Z</time>
        <extensions>
          <ns3:TrackPointExtension>
            <ns3:hr>141</ns3:hr>
            <ns3:cad>86</ns3:cad>
          </ns3:TrackPointExtension>
        </extensions>
      </trkpt>
      <trkpt lat="24.53354962170124053955078125" lon="118.15445962361991405487060546875">
        <ele>10</ele>
        <time>2026-09-09T13:09:52.000Z</time>
        <extensions>
          <ns3:TrackPointExtension>
            <ns3:hr>141</ns3:hr>
            <ns3:cad>86</ns3:cad>
          </ns3:TrackPointExtension>
        </extensions>
      </trkpt>
      <trkpt lat="24.53355540521442890167236328125" lon="118.1544171273708343505859375">
        <ele>10</ele>
        <time>2026-09-09T13:09:53.000Z</time>
        <extensions>
          <ns3:TrackPointExtension>
            <ns3:hr>141</ns3:hr>
            <ns3:cad>86</ns3:cad>
          </ns3:TrackPointExtension>
        </extensions>
      </trkpt>
      <trkpt lat="24.5335578359663486480712890625" lon="118.154389299452304840087890625">
        <ele>10</ele>
        <time>2026-09-09T13:09:54.000Z</time>
        <extensions>
          <ns3:TrackPointExtension>
            <ns3:hr>141</ns3:hr>
            <ns3:cad>87</ns3:cad>
          </ns3:TrackPointExtension>
        </extensions>
      </trkpt>
      <trkpt lat="24.5335648767650127410888671875" lon="118.15435568802058696746826171875">
        <ele>10</ele>
        <time>2026-09-09T13:09:55.000Z</time>
        <extensions>
          <ns3:TrackPointExtension>
            <ns3:hr>141</ns3:hr>
            <ns3:cad>87</ns3:cad>
          </ns3:TrackPointExtension>
        </extensions>
      </trkpt>
      <trkpt lat="24.53357317484915256500244140625" lon="118.15432936884462833404541015625">
        <ele>9.80000019073486328125</ele>
        <time>2026-09-09T13:09:56.000Z</time>
        <extensions>
          <ns3:TrackPointExtension>
            <ns3:hr>141</ns3:hr>
            <ns3:cad>86</ns3:cad>
          </ns3:TrackPointExtension>
        </extensions>
      </trkpt>
      <trkpt lat="24.533582814037799835205078125" lon="118.15429785288870334625244140625">
        <ele>9.80000019073486328125</ele>
        <time>2026-09-09T13:09:57.000Z</time>
        <extensions>
          <ns3:TrackPointExtension>
            <ns3:hr>141</ns3:hr>
            <ns3:cad>87</ns3:cad>
          </ns3:TrackPointExtension>
        </extensions>
      </trkpt>
      <trkpt lat="24.5335984043776988983154296875" lon="118.15427362918853759765625">
        <ele>9.80000019073486328125</ele>
        <time>2026-09-09T13:09:58.000Z</time>
        <extensions>
          <ns3:TrackPointExtension>
            <ns3:hr>141</ns3:hr>
            <ns3:cad>87</ns3:cad>
          </ns3:TrackPointExtension>
        </extensions>
      </trkpt>
      <trkpt lat="24.5336074568331241607666015625" lon="118.15424554981291294097900390625">
        <ele>10</ele>
        <time>2026-09-09T13:09:59.000Z</time>
        <extensions>
          <ns3:TrackPointExtension>
            <ns3:hr>141</ns3:hr>
            <ns3:cad>87</ns3:cad>
          </ns3:TrackPointExtension>
        </extensions>
      </trkpt>
      <trkpt lat="24.53362497501075267791748046875" lon="118.1542157940566539764404296875">
        <ele>10</ele>
        <time>2026-09-09T13:10:00.000Z</time>
        <extensions>
          <ns3:TrackPointExtension>
            <ns3:hr>140</ns3:hr>
            <ns3:cad>87</ns3:cad>
          </ns3:TrackPointExtension>
        </extensions>
      </trkpt>
      <trkpt lat="24.53363402746617794036865234375" lon="118.15419374965131282806396484375">
        <ele>10</ele>
        <time>2026-09-09T13:10:01.000Z</time>
        <extensions>
          <ns3:TrackPointExtension>
            <ns3:hr>140</ns3:hr>
            <ns3:cad>87</ns3:cad>
          </ns3:TrackPointExtension>
        </extensions>
      </trkpt>
      <trkpt lat="24.5336574129760265350341796875" lon="118.15415904857218265533447265625">
        <ele>10</ele>
        <time>2026-09-09T13:10:02.000Z</time>
        <extensions>
          <ns3:TrackPointExtension>
            <ns3:hr>139</ns3:hr>
            <ns3:cad>87</ns3:cad>
          </ns3:TrackPointExtension>
        </extensions>
      </trkpt>
      <trkpt lat="24.5336683094501495361328125" lon="118.15414027310907840728759765625">
        <ele>10</ele>
        <time>2026-09-09T13:10:03.000Z</time>
        <extensions>
          <ns3:TrackPointExtension>
            <ns3:hr>139</ns3:hr>
            <ns3:cad>87</ns3:cad>
          </ns3:TrackPointExtension>
        </extensions>
      </trkpt>
      <trkpt lat="24.533690772950649261474609375" lon="118.15410666167736053466796875">
        <ele>10</ele>
        <time>2026-09-09T13:10:04.000Z</time>
        <extensions>
          <ns3:TrackPointExtension>
            <ns3:hr>138</ns3:hr>
            <ns3:cad>87</ns3:cad>
          </ns3:TrackPointExtension>
        </extensions>
      </trkpt>
      <trkpt lat="24.53370594419538974761962890625" lon="118.15408964641392230987548828125">
        <ele>10</ele>
        <time>2026-09-09T13:10:05.000Z</time>
        <extensions>
          <ns3:TrackPointExtension>
            <ns3:hr>138</ns3:hr>
            <ns3:cad>87</ns3:cad>
          </ns3:TrackPointExtension>
        </extensions>
      </trkpt>
      <trkpt lat="24.53373092226684093475341796875" lon="118.154061734676361083984375">
        <ele>10</ele>
        <time>2026-09-09T13:10:06.000Z</time>
        <extensions>
          <ns3:TrackPointExtension>
            <ns3:hr>138</ns3:hr>
            <ns3:cad>87</ns3:cad>
          </ns3:TrackPointExtension>
        </extensions>
      </trkpt>
      <trkpt lat="24.5337539725005626678466796875" lon="118.15403960645198822021484375">
        <ele>10</ele>
        <time>2026-09-09T13:10:07.000Z</time>
        <extensions>
          <ns3:TrackPointExtension>
            <ns3:hr>138</ns3:hr>
            <ns3:cad>87</ns3:cad>
          </ns3:TrackPointExtension>
        </extensions>
      </trkpt>
      <trkpt lat="24.53377501107752323150634765625" lon="118.154018819332122802734375">
        <ele>10</ele>
        <time>2026-09-09T13:10:08.000Z</time>
        <extensions>
          <ns3:TrackPointExtension>
            <ns3:hr>138</ns3:hr>
            <ns3:cad>87</ns3:cad>
          </ns3:TrackPointExtension>
        </extensions>
      </trkpt>
      <trkpt lat="24.53380652703344821929931640625" lon="118.1540008820593357086181640625">
        <ele>10</ele>
        <time>2026-09-09T13:10:09.000Z</time>
        <extensions>
          <ns3:TrackPointExtension>
            <ns3:hr>138</ns3:hr>
            <ns3:cad>87</ns3:cad>
          </ns3:TrackPointExtension>
        </extensions>
      </trkpt>
      <trkpt lat="24.5338213630020618438720703125" lon="118.15398319624364376068115234375">
        <ele>10</ele>
        <time>2026-09-09T13:10:10.000Z</time>
        <extensions>
          <ns3:TrackPointExtension>
            <ns3:hr>138</ns3:hr>
            <ns3:cad>87</ns3:cad>
          </ns3:TrackPointExtension>
        </extensions>
      </trkpt>
      <trkpt lat="24.53385044820606708526611328125" lon="118.15395955927670001983642578125">
        <ele>10</ele>
        <time>2026-09-09T13:10:11.000Z</time>
        <extensions>
          <ns3:TrackPointExtension>
            <ns3:hr>137</ns3:hr>
            <ns3:cad>87</ns3:cad>
          </ns3:TrackPointExtension>
        </extensions>
      </trkpt>
      <trkpt lat="24.533867128193378448486328125" lon="118.15394841134548187255859375">
        <ele>10.19999980926513671875</ele>
        <time>2026-09-09T13:10:12.000Z</time>
        <extensions>
          <ns3:TrackPointExtension>
            <ns3:hr>137</ns3:hr>
            <ns3:cad>86</ns3:cad>
          </ns3:TrackPointExtension>
        </extensions>
      </trkpt>
      <trkpt lat="24.533897973597049713134765625" lon="118.153929300606250762939453125">
        <ele>10.19999980926513671875</ele>
        <time>2026-09-09T13:10:13.000Z</time>
        <extensions>
          <ns3:TrackPointExtension>
            <ns3:hr>136</ns3:hr>
            <ns3:cad>86</ns3:cad>
          </ns3:TrackPointExtension>
        </extensions>
      </trkpt>
      <trkpt lat="24.53391867689788341522216796875" lon="118.15391412936151027679443359375">
        <ele>10</ele>
        <time>2026-09-09T13:10:14.000Z</time>
        <extensions>
          <ns3:TrackPointExtension>
            <ns3:hr>136</ns3:hr>
            <ns3:cad>86</ns3:cad>
          </ns3:TrackPointExtension>
        </extensions>
      </trkpt>
      <trkpt lat="24.5339417271316051483154296875" lon="118.1538942642509937286376953125">
        <ele>10</ele>
        <time>2026-09-09T13:10:15.000Z</time>
        <extensions>
          <ns3:TrackPointExtension>
            <ns3:hr>136</ns3:hr>
            <ns3:cad>86</ns3:cad>
          </ns3:TrackPointExtension>
        </extensions>
      </trkpt>
      <trkpt lat="24.53397206962108612060546875" lon="118.153886385262012481689453125">
        <ele>10</ele>
        <time>2026-09-09T13:10:16.000Z</time>
        <extensions>
          <ns3:TrackPointExtension>
            <ns3:hr>137</ns3:hr>
            <ns3:cad>87</ns3:cad>
          </ns3:TrackPointExtension>
        </extensions>
      </trkpt>
      <trkpt lat="24.53399495221674442291259765625" lon="118.15386987291276454925537109375">
        <ele>9.80000019073486328125</ele>
        <time>2026-09-09T13:10:17.000Z</time>
        <extensions>
          <ns3:TrackPointExtension>
            <ns3:hr>138</ns3:hr>
            <ns3:cad>88</ns3:cad>
          </ns3:TrackPointExtension>
        </extensions>
      </trkpt>
      <trkpt lat="24.5340304076671600341796875" lon="118.15386501140892505645751953125">
        <ele>10</ele>
        <time>2026-09-09T13:10:18.000Z</time>
        <extensions>
          <ns3:TrackPointExtension>
            <ns3:hr>139</ns3:hr>
            <ns3:cad>88</ns3:cad>
          </ns3:TrackPointExtension>
        </extensions>
      </trkpt>
      <trkpt lat="24.53404893167316913604736328125" lon="118.1538523547351360321044921875">
        <ele>10</ele>
        <time>2026-09-09T13:10:19.000Z</time>
        <extensions>
          <ns3:TrackPointExtension>
            <ns3:hr>140</ns3:hr>
            <ns3:cad>88</ns3:cad>
          </ns3:TrackPointExtension>
        </extensions>
      </trkpt>
      <trkpt lat="24.53408245928585529327392578125" lon="118.1538399495184421539306640625">
        <ele>10</ele>
        <time>2026-09-09T13:10:20.000Z</time>
        <extensions>
          <ns3:TrackPointExtension>
            <ns3:hr>141</ns3:hr>
            <ns3:cad>87</ns3:cad>
          </ns3:TrackPointExtension>
        </extensions>
      </trkpt>
      <trkpt lat="24.53409813344478607177734375" lon="118.15382947213947772979736328125">
        <ele>10</ele>
        <time>2026-09-09T13:10:21.000Z</time>
        <extensions>
          <ns3:TrackPointExtension>
            <ns3:hr>141</ns3:hr>
            <ns3:cad>87</ns3:cad>
          </ns3:TrackPointExtension>
        </extensions>
      </trkpt>
      <trkpt lat="24.5341278053820133209228515625" lon="118.15381170250475406646728515625">
        <ele>10.19999980926513671875</ele>
        <time>2026-09-09T13:10:22.000Z</time>
        <extensions>
          <ns3:TrackPointExtension>
            <ns3:hr>142</ns3:hr>
            <ns3:cad>87</ns3:cad>
          </ns3:TrackPointExtension>
        </extensions>
      </trkpt>
      <trkpt lat="24.534152783453464508056640625" lon="118.15380348823964595794677734375">
        <ele>10.19999980926513671875</ele>
        <time>2026-09-09T13:10:23.000Z</time>
        <extensions>
          <ns3:TrackPointExtension>
            <ns3:hr>142</ns3:hr>
            <ns3:cad>87</ns3:cad>
          </ns3:TrackPointExtension>
        </extensions>
      </trkpt>
      <trkpt lat="24.5341824553906917572021484375" lon="118.15378974191844463348388671875">
        <ele>10.19999980926513671875</ele>
        <time>2026-09-09T13:10:24.000Z</time>
        <extensions>
          <ns3:TrackPointExtension>
            <ns3:hr>143</ns3:hr>
            <ns3:cad>87</ns3:cad>
          </ns3:TrackPointExtension>
        </extensions>
      </trkpt>
      <trkpt lat="24.534218497574329376220703125" lon="118.15379242412745952606201171875">
        <ele>10.19999980926513671875</ele>
        <time>2026-09-09T13:10:25.000Z</time>
        <extensions>
          <ns3:TrackPointExtension>
            <ns3:hr>143</ns3:hr>
            <ns3:cad>86</ns3:cad>
          </ns3:TrackPointExtension>
        </extensions>
      </trkpt>
      <trkpt lat="24.534247331321239471435546875" lon="118.153782784938812255859375">
        <ele>10</ele>
        <time>2026-09-09T13:10:26.000Z</time>
        <extensions>
          <ns3:TrackPointExtension>
            <ns3:hr>144</ns3:hr>
            <ns3:cad>86</ns3:cad>
          </ns3:TrackPointExtension>
        </extensions>
      </trkpt>
      <trkpt lat="24.53428647480905055999755859375" lon="118.1537886522710323333740234375">
        <ele>10</ele>
        <time>2026-09-09T13:10:27.000Z</time>
        <extensions>
          <ns3:TrackPointExtension>
            <ns3:hr>144</ns3:hr>
            <ns3:cad>86</ns3:cad>
          </ns3:TrackPointExtension>
        </extensions>
      </trkpt>
      <trkpt lat="24.53430692665278911590576171875" lon="118.1537849642336368560791015625">
        <ele>10</ele>
        <time>2026-09-09T13:10:28.000Z</time>
        <extensions>
          <ns3:TrackPointExtension>
            <ns3:hr>144</ns3:hr>
            <ns3:cad>86</ns3:cad>
          </ns3:TrackPointExtension>
        </extensions>
      </trkpt>
      <trkpt lat="24.53433726914227008819580078125" lon="118.15378689207136631011962890625">
        <ele>10</ele>
        <time>2026-09-09T13:10:29.000Z</time>
        <extensions>
          <ns3:TrackPointExtension>
            <ns3:hr>144</ns3:hr>
            <ns3:cad>86</ns3:cad>
          </ns3:TrackPointExtension>
        </extensions>
      </trkpt>
      <trkpt lat="24.53435906209051609039306640625" lon="118.153786472976207733154296875">
        <ele>10</ele>
        <time>2026-09-09T13:10:30.000Z</time>
        <extensions>
          <ns3:TrackPointExtension>
            <ns3:hr>144</ns3:hr>
            <ns3:cad>86</ns3:cad>
          </ns3:TrackPointExtension>
        </extensions>
      </trkpt>
      <trkpt lat="24.53439476899802684783935546875" lon="118.15379242412745952606201171875">
        <ele>10</ele>
        <time>2026-09-09T13:10:31.000Z</time>
        <extensions>
          <ns3:TrackPointExtension>
            <ns3:hr>145</ns3:hr>
            <ns3:cad>88</ns3:cad>
          </ns3:TrackPointExtension>
        </extensions>
      </trkpt>
      <trkpt lat="24.53442008234560489654541015625" lon="118.15379963256418704986572265625">
        <ele>9.80000019073486328125</ele>
        <time>2026-09-09T13:10:32.000Z</time>
        <extensions>
          <ns3:TrackPointExtension>
            <ns3:hr>144</ns3:hr>
            <ns3:cad>88</ns3:cad>
          </ns3:TrackPointExtension>
        </extensions>
      </trkpt>
      <trkpt lat="24.53445260412991046905517578125" lon="118.15379125066101551055908203125">
        <ele>9.80000019073486328125</ele>
        <time>2026-09-09T13:10:33.000Z</time>
        <extensions>
          <ns3:TrackPointExtension>
            <ns3:hr>144</ns3:hr>
            <ns3:cad>88</ns3:cad>
          </ns3:TrackPointExtension>
        </extensions>
      </trkpt>
      <trkpt lat="24.5344842039048671722412109375" lon="118.15379175357520580291748046875">
        <ele>9.80000019073486328125</ele>
        <time>2026-09-09T13:10:34.000Z</time>
        <extensions>
          <ns3:TrackPointExtension>
            <ns3:hr>145</ns3:hr>
            <ns3:cad>88</ns3:cad>
          </ns3:TrackPointExtension>
        </extensions>
      </trkpt>
      <trkpt lat="24.53450758941471576690673828125" lon="118.153788484632968902587890625">
        <ele>9.6000003814697265625</ele>
        <time>2026-09-09T13:10:35.000Z</time>
        <extensions>
          <ns3:TrackPointExtension>
            <ns3:hr>145</ns3:hr>
            <ns3:cad>88</ns3:cad>
          </ns3:TrackPointExtension>
        </extensions>
      </trkpt>
      <trkpt lat="24.534544050693511962890625" lon="118.1537926755845546722412109375">
        <ele>9.6000003814697265625</ele>
        <time>2026-09-09T13:10:36.000Z</time>
        <extensions>
          <ns3:TrackPointExtension>
            <ns3:hr>145</ns3:hr>
            <ns3:cad>87</ns3:cad>
          </ns3:TrackPointExtension>
        </extensions>
      </trkpt>
      <trkpt lat="24.53456626273691654205322265625" lon="118.15378923900425434112548828125">
        <ele>9.6000003814697265625</ele>
        <time>2026-09-09T13:10:37.000Z</time>
        <extensions>
          <ns3:TrackPointExtension>
            <ns3:hr>144</ns3:hr>
            <ns3:cad>87</ns3:cad>
          </ns3:TrackPointExtension>
        </extensions>
      </trkpt>
      <trkpt lat="24.53459911979734897613525390625" lon="118.153783120214939117431640625">
        <ele>9.6000003814697265625</ele>
        <time>2026-09-09T13:10:38.000Z</time>
        <extensions>
          <ns3:TrackPointExtension>
            <ns3:hr>144</ns3:hr>
            <ns3:cad>87</ns3:cad>
          </ns3:TrackPointExtension>
        </extensions>
      </trkpt>
      <trkpt lat="24.53461990691721439361572265625" lon="118.153777420520782470703125">
        <ele>9.6000003814697265625</ele>
        <time>2026-09-09T13:10:39.000Z</time>
        <extensions>
          <ns3:TrackPointExtension>
            <ns3:hr>144</ns3:hr>
            <ns3:cad>87</ns3:cad>
          </ns3:TrackPointExtension>
        </extensions>
      </trkpt>
      <trkpt lat="24.53465594910085201263427734375" lon="118.15377281047403812408447265625">
        <ele>9.80000019073486328125</ele>
        <time>2026-09-09T13:10:40.000Z</time>
        <extensions>
          <ns3:TrackPointExtension>
            <ns3:hr>144</ns3:hr>
            <ns3:cad>87</ns3:cad>
          </ns3:TrackPointExtension>
        </extensions>
      </trkpt>
      <trkpt lat="24.5346783287823200225830078125" lon="118.15376459620893001556396484375">
        <ele>9.80000019073486328125</ele>
        <time>2026-09-09T13:10:41.000Z</time>
        <extensions>
          <ns3:TrackPointExtension>
            <ns3:hr>144</ns3:hr>
            <ns3:cad>87</ns3:cad>
          </ns3:TrackPointExtension>
        </extensions>
      </trkpt>
      <trkpt lat="24.53470841981470584869384765625" lon="118.15375663340091705322265625">
        <ele>9.80000019073486328125</ele>
        <time>2026-09-09T13:10:42.000Z</time>
        <extensions>
          <ns3:TrackPointExtension>
            <ns3:hr>144</ns3:hr>
            <ns3:cad>87</ns3:cad>
          </ns3:TrackPointExtension>
        </extensions>
      </trkpt>
      <trkpt lat="24.534732811152935028076171875" lon="118.1537511013448238372802734375">
        <ele>9.6000003814697265625</ele>
        <time>2026-09-09T13:10:43.000Z</time>
        <extensions>
          <ns3:TrackPointExtension>
            <ns3:hr>145</ns3:hr>
            <ns3:cad>87</ns3:cad>
          </ns3:TrackPointExtension>
        </extensions>
      </trkpt>
      <trkpt lat="24.53475787304341793060302734375" lon="118.15374054014682769775390625">
        <ele>9.6000003814697265625</ele>
        <time>2026-09-09T13:10:44.000Z</time>
        <extensions>
          <ns3:TrackPointExtension>
            <ns3:hr>144</ns3:hr>
            <ns3:cad>87</ns3:cad>
          </ns3:TrackPointExtension>
        </extensions>
      </trkpt>
      <trkpt lat="24.53478955663740634918212890625" lon="118.15374179743230342864990234375">
        <ele>9.6000003814697265625</ele>
        <time>2026-09-09T13:10:45.000Z</time>
        <extensions>
          <ns3:TrackPointExtension>
            <ns3:hr>144</ns3:hr>
            <ns3:cad>87</ns3:cad>
          </ns3:TrackPointExtension>
        </extensions>
      </trkpt>
      <trkpt lat="24.5348141156136989593505859375" lon="118.15373442135751247406005859375">
        <ele>9.6000003814697265625</ele>
        <time>2026-09-09T13:10:46.000Z</time>
        <extensions>
          <ns3:TrackPointExtension>
            <ns3:hr>145</ns3:hr>
            <ns3:cad>87</ns3:cad>
          </ns3:TrackPointExtension>
        </extensions>
      </trkpt>
      <trkpt lat="24.534852504730224609375" lon="118.15373794175684452056884765625">
        <ele>9.6000003814697265625</ele>
        <time>2026-09-09T13:10:47.000Z</time>
        <extensions>
          <ns3:TrackPointExtension>
            <ns3:hr>145</ns3:hr>
            <ns3:cad>87</ns3:cad>
          </ns3:TrackPointExtension>
        </extensions>
      </trkpt>
      <trkpt lat="24.53487639315426349639892578125" lon="118.15371640026569366455078125">
        <ele>9.6000003814697265625</ele>
        <time>2026-09-09T13:10:48.000Z</time>
        <extensions>
          <ns3:TrackPointExtension>
            <ns3:hr>145</ns3:hr>
            <ns3:cad>87</ns3:cad>
          </ns3:TrackPointExtension>
        </extensions>
      </trkpt>
      <trkpt lat="24.5349133573472499847412109375" lon="118.1537071801722049713134765625">
        <ele>9.6000003814697265625</ele>
        <time>2026-09-09T13:10:49.000Z</time>
        <extensions>
          <ns3:TrackPointExtension>
            <ns3:hr>145</ns3:hr>
            <ns3:cad>87</ns3:cad>
          </ns3:TrackPointExtension>
        </extensions>
      </trkpt>
      <trkpt lat="24.53493774868547916412353515625" lon="118.1536957807838916778564453125">
        <ele>9.6000003814697265625</ele>
        <time>2026-09-09T13:10:50.000Z</time>
        <extensions>
          <ns3:TrackPointExtension>
            <ns3:hr>145</ns3:hr>
            <ns3:cad>87</ns3:cad>
          </ns3:TrackPointExtension>
        </extensions>
      </trkpt>
      <trkpt lat="24.5349737070500850677490234375" lon="118.1536833755671977996826171875">
        <ele>9.6000003814697265625</ele>
        <time>2026-09-09T13:10:51.000Z</time>
        <extensions>
          <ns3:TrackPointExtension>
            <ns3:hr>146</ns3:hr>
            <ns3:cad>87</ns3:cad>
          </ns3:TrackPointExtension>
        </extensions>
      </trkpt>
      <trkpt lat="24.53500094823539257049560546875" lon="118.15368019044399261474609375">
        <ele>9.6000003814697265625</ele>
        <time>2026-09-09T13:10:52.000Z</time>
        <extensions>
          <ns3:TrackPointExtension>
            <ns3:hr>146</ns3:hr>
            <ns3:cad>86</ns3:cad>
          </ns3:TrackPointExtension>
        </extensions>
      </trkpt>
      <trkpt lat="24.535032212734222412109375" lon="118.15366518683731555938720703125">
        <ele>9.6000003814697265625</ele>
        <time>2026-09-09T13:10:53.000Z</time>
        <extensions>
          <ns3:TrackPointExtension>
            <ns3:hr>146</ns3:hr>
            <ns3:cad>86</ns3:cad>
          </ns3:TrackPointExtension>
        </extensions>
      </trkpt>
      <trkpt lat="24.53505836427211761474609375" lon="118.15366007387638092041015625">
        <ele>9.3999996185302734375</ele>
        <time>2026-09-09T13:10:54.000Z</time>
        <extensions>
          <ns3:TrackPointExtension>
            <ns3:hr>147</ns3:hr>
            <ns3:cad>87</ns3:cad>
          </ns3:TrackPointExtension>
        </extensions>
      </trkpt>
      <trkpt lat="24.53508996404707431793212890625" lon="118.15364372916519641876220703125">
        <ele>9.3999996185302734375</ele>
        <time>2026-09-09T13:10:55.000Z</time>
        <extensions>
          <ns3:TrackPointExtension>
            <ns3:hr>147</ns3:hr>
            <ns3:cad>87</ns3:cad>
          </ns3:TrackPointExtension>
        </extensions>
      </trkpt>
      <trkpt lat="24.53511737287044525146484375" lon="118.15363668836653232574462890625">
        <ele>9.6000003814697265625</ele>
        <time>2026-09-09T13:10:56.000Z</time>
        <extensions>
          <ns3:TrackPointExtension>
            <ns3:hr>147</ns3:hr>
            <ns3:cad>88</ns3:cad>
          </ns3:TrackPointExtension>
        </extensions>
      </trkpt>
      <trkpt lat="24.53514193184673786163330078125" lon="118.15362176857888698577880859375">
        <ele>9.6000003814697265625</ele>
        <time>2026-09-09T13:10:57.000Z</time>
        <extensions>
          <ns3:TrackPointExtension>
            <ns3:hr>147</ns3:hr>
            <ns3:cad>88</ns3:cad>
          </ns3:TrackPointExtension>
        </extensions>
      </trkpt>
      <trkpt lat="24.53516975976526737213134765625" lon="118.1536035798490047454833984375">
        <ele>9.80000019073486328125</ele>
        <time>2026-09-09T13:10:58.000Z</time>
        <extensions>
          <ns3:TrackPointExtension>
            <ns3:hr>148</ns3:hr>
            <ns3:cad>87</ns3:cad>
          </ns3:TrackPointExtension>
        </extensions>
      </trkpt>
      <trkpt lat="24.5351862721145153045654296875" lon="118.153581954538822174072265625">
        <ele>9.80000019073486328125</ele>
        <time>2026-09-09T13:10:59.000Z</time>
        <extensions>
          <ns3:TrackPointExtension>
            <ns3:hr>148</ns3:hr>
            <ns3:cad>87</ns3:cad>
          </ns3:TrackPointExtension>
        </extensions>
      </trkpt>
      <trkpt lat="24.53522424213588237762451171875" lon="118.1535636819899082183837890625">
        <ele>9.80000019073486328125</ele>
        <time>2026-09-09T13:11:00.000Z</time>
        <extensions>
          <ns3:TrackPointExtension>
            <ns3:hr>148</ns3:hr>
            <ns3:cad>88</ns3:cad>
          </ns3:TrackPointExtension>
        </extensions>
      </trkpt>
      <trkpt lat="24.5352412573993206024169921875" lon="118.15354666672646999359130859375">
        <ele>9.80000019073486328125</ele>
        <time>2026-09-09T13:11:01.000Z</time>
        <extensions>
          <ns3:TrackPointExtension>
            <ns3:hr>148</ns3:hr>
            <ns3:cad>88</ns3:cad>
          </ns3:TrackPointExtension>
        </extensions>
      </trkpt>
      <trkpt lat="24.53527704812586307525634765625" lon="118.15352068282663822174072265625">
        <ele>9.80000019073486328125</ele>
        <time>2026-09-09T13:11:02.000Z</time>
        <extensions>
          <ns3:TrackPointExtension>
            <ns3:hr>148</ns3:hr>
            <ns3:cad>88</ns3:cad>
          </ns3:TrackPointExtension>
        </extensions>
      </trkpt>
      <trkpt lat="24.53529833815991878509521484375" lon="118.1535050086677074432373046875">
        <ele>9.80000019073486328125</ele>
        <time>2026-09-09T13:11:03.000Z</time>
        <extensions>
          <ns3:TrackPointExtension>
            <ns3:hr>148</ns3:hr>
            <ns3:cad>88</ns3:cad>
          </ns3:TrackPointExtension>
        </extensions>
      </trkpt>
      <trkpt lat="24.5353264175355434417724609375" lon="118.153478018939495086669921875">
        <ele>9.80000019073486328125</ele>
        <time>2026-09-09T13:11:04.000Z</time>
        <extensions>
          <ns3:TrackPointExtension>
            <ns3:hr>147</ns3:hr>
            <ns3:cad>88</ns3:cad>
          </ns3:TrackPointExtension>
        </extensions>
      </trkpt>
      <trkpt lat="24.53534879721701145172119140625" lon="118.15345530398190021514892578125">
        <ele>9.80000019073486328125</ele>
        <time>2026-09-09T13:11:05.000Z</time>
        <extensions>
          <ns3:TrackPointExtension>
            <ns3:hr>147</ns3:hr>
            <ns3:cad>87</ns3:cad>
          </ns3:TrackPointExtension>
        </extensions>
      </trkpt>
      <trkpt lat="24.5353710092604160308837890625" lon="118.15343535505235195159912109375">
        <ele>9.80000019073486328125</ele>
        <time>2026-09-09T13:11:06.000Z</time>
        <extensions>
          <ns3:TrackPointExtension>
            <ns3:hr>147</ns3:hr>
            <ns3:cad>86</ns3:cad>
          </ns3:TrackPointExtension>
        </extensions>
      </trkpt>
      <trkpt lat="24.53539657406508922576904296875" lon="118.15341523848474025726318359375">
        <ele>9.80000019073486328125</ele>
        <time>2026-09-09T13:11:07.000Z</time>
        <extensions>
          <ns3:TrackPointExtension>
            <ns3:hr>147</ns3:hr>
            <ns3:cad>86</ns3:cad>
          </ns3:TrackPointExtension>
        </extensions>
      </trkpt>
      <trkpt lat="24.53541585244238376617431640625" lon="118.15339143387973308563232421875">
        <ele>9.80000019073486328125</ele>
        <time>2026-09-09T13:11:08.000Z</time>
        <extensions>
          <ns3:TrackPointExtension>
            <ns3:hr>147</ns3:hr>
            <ns3:cad>87</ns3:cad>
          </ns3:TrackPointExtension>
        </extensions>
      </trkpt>
      <trkpt lat="24.53544669784605503082275390625" lon="118.1533615104854106903076171875">
        <ele>9.80000019073486328125</ele>
        <time>2026-09-09T13:11:09.000Z</time>
        <extensions>
          <ns3:TrackPointExtension>
            <ns3:hr>147</ns3:hr>
            <ns3:cad>87</ns3:cad>
          </ns3:TrackPointExtension>
        </extensions>
      </trkpt>
      <trkpt lat="24.53546094708144664764404296875" lon="118.15334248356521129608154296875">
        <ele>9.80000019073486328125</ele>
        <time>2026-09-09T13:11:10.000Z</time>
        <extensions>
          <ns3:TrackPointExtension>
            <ns3:hr>146</ns3:hr>
            <ns3:cad>87</ns3:cad>
          </ns3:TrackPointExtension>
        </extensions>
      </trkpt>
      <trkpt lat="24.53548525460064411163330078125" lon="118.15331348218023777008056640625">
        <ele>9.80000019073486328125</ele>
        <time>2026-09-09T13:11:11.000Z</time>
        <extensions>
          <ns3:TrackPointExtension>
            <ns3:hr>146</ns3:hr>
            <ns3:cad>87</ns3:cad>
          </ns3:TrackPointExtension>
        </extensions>
      </trkpt>
      <trkpt lat="24.53549900092184543609619140625" lon="118.15329185687005519866943359375">
        <ele>9.6000003814697265625</ele>
        <time>2026-09-09T13:11:12.000Z</time>
        <extensions>
          <ns3:TrackPointExtension>
            <ns3:hr>145</ns3:hr>
            <ns3:cad>87</ns3:cad>
          </ns3:TrackPointExtension>
        </extensions>
      </trkpt>
      <trkpt lat="24.53551509417593479156494140625" lon="118.1532672978937625885009765625">
        <ele>9.6000003814697265625</ele>
        <time>2026-09-09T13:11:13.000Z</time>
        <extensions>
          <ns3:TrackPointExtension>
            <ns3:hr>145</ns3:hr>
            <ns3:cad>87</ns3:cad>
          </ns3:TrackPointExtension>
        </extensions>
      </trkpt>
      <trkpt lat="24.53553118743002414703369140625" lon="118.1532488577067852020263671875">
        <ele>9.6000003814697265625</ele>
        <time>2026-09-09T13:11:14.000Z</time>
        <extensions>
          <ns3:TrackPointExtension>
            <ns3:hr>145</ns3:hr>
            <ns3:cad>86</ns3:cad>
          </ns3:TrackPointExtension>
        </extensions>
      </trkpt>
      <trkpt lat="24.53555046580731868743896484375" lon="118.1532267294824123382568359375">
        <ele>9.6000003814697265625</ele>
        <time>2026-09-09T13:11:15.000Z</time>
        <extensions>
          <ns3:TrackPointExtension>
            <ns3:hr>146</ns3:hr>
            <ns3:cad>86</ns3:cad>
          </ns3:TrackPointExtension>
        </extensions>
      </trkpt>
      <trkpt lat="24.53557443805038928985595703125" lon="118.1532042659819126129150390625">
        <ele>9.6000003814697265625</ele>
        <time>2026-09-09T13:11:16.000Z</time>
        <extensions>
          <ns3:TrackPointExtension>
            <ns3:hr>145</ns3:hr>
            <ns3:cad>86</ns3:cad>
          </ns3:TrackPointExtension>
        </extensions>
      </trkpt>
      <trkpt lat="24.53558868728578090667724609375" lon="118.15318926237523555755615234375">
        <ele>9.3999996185302734375</ele>
        <time>2026-09-09T13:11:17.000Z</time>
        <extensions>
          <ns3:TrackPointExtension>
            <ns3:hr>145</ns3:hr>
            <ns3:cad>87</ns3:cad>
          </ns3:TrackPointExtension>
        </extensions>
      </trkpt>
      <trkpt lat="24.5356093905866146087646484375" lon="118.15317316912114620208740234375">
        <ele>9.3999996185302734375</ele>
        <time>2026-09-09T13:11:18.000Z</time>
        <extensions>
          <ns3:TrackPointExtension>
            <ns3:hr>145</ns3:hr>
            <ns3:cad>88</ns3:cad>
          </ns3:TrackPointExtension>
        </extensions>
      </trkpt>
      <trkpt lat="24.5356315188109874725341796875" lon="118.15315875224769115447998046875">
        <ele>9.6000003814697265625</ele>
        <time>2026-09-09T13:11:19.000Z</time>
        <extensions>
          <ns3:TrackPointExtension>
            <ns3:hr>146</ns3:hr>
            <ns3:cad>88</ns3:cad>
          </ns3:TrackPointExtension>
        </extensions>
      </trkpt>
      <trkpt lat="24.535663537681102752685546875" lon="118.153158836066722869873046875">
        <ele>9.6000003814697265625</ele>
        <time>2026-09-09T13:11:20.000Z</time>
        <extensions>
          <ns3:TrackPointExtension>
            <ns3:hr>145</ns3:hr>
            <ns3:cad>88</ns3:cad>
          </ns3:TrackPointExtension>
        </extensions>
      </trkpt>
      <trkpt lat="24.535689018666744232177734375" lon="118.153154812753200531005859375">
        <ele>9.6000003814697265625</ele>
        <time>2026-09-09T13:11:21.000Z</time>
        <extensions>
          <ns3:TrackPointExtension>
            <ns3:hr>145</ns3:hr>
            <ns3:cad>88</ns3:cad>
          </ns3:TrackPointExtension>
        </extensions>
      </trkpt>
      <trkpt lat="24.53571676276624202728271484375" lon="118.15316059626638889312744140625">
        <ele>9.6000003814697265625</ele>
        <time>2026-09-09T13:11:22.000Z</time>
        <extensions>
          <ns3:TrackPointExtension>
            <ns3:hr>145</ns3:hr>
            <ns3:cad>87</ns3:cad>
          </ns3:TrackPointExtension>
        </extensions>
      </trkpt>
      <trkpt lat="24.5357428304851055145263671875" lon="118.153171241283416748046875">
        <ele>9.6000003814697265625</ele>
        <time>2026-09-09T13:11:23.000Z</time>
        <extensions>
          <ns3:TrackPointExtension>
            <ns3:hr>144</ns3:hr>
            <ns3:cad>87</ns3:cad>
          </ns3:TrackPointExtension>
        </extensions>
      </trkpt>
      <trkpt lat="24.5357780344784259796142578125" lon="118.1531962193548679351806640625">
        <ele>9.6000003814697265625</ele>
        <time>2026-09-09T13:11:24.000Z</time>
        <extensions>
          <ns3:TrackPointExtension>
            <ns3:hr>144</ns3:hr>
            <ns3:cad>89</ns3:cad>
          </ns3:TrackPointExtension>
        </extensions>
      </trkpt>
      <trkpt lat="24.5357968099415302276611328125" lon="118.15320954658091068267822265625">
        <ele>9.3999996185302734375</ele>
        <time>2026-09-09T13:11:25.000Z</time>
        <extensions>
          <ns3:TrackPointExtension>
            <ns3:hr>144</ns3:hr>
            <ns3:cad>89</ns3:cad>
          </ns3:TrackPointExtension>
        </extensions>
      </trkpt>
      <trkpt lat="24.53582908026874065399169921875" lon="118.1532357819378376007080078125">
        <ele>9.6000003814697265625</ele>
        <time>2026-09-09T13:11:26.000Z</time>
        <extensions>
          <ns3:TrackPointExtension>
            <ns3:hr>144</ns3:hr>
            <ns3:cad>89</ns3:cad>
          </ns3:TrackPointExtension>
        </extensions>
      </trkpt>
      <trkpt lat="24.5358534716069698333740234375" lon="118.15325581468641757965087890625">
        <ele>9.6000003814697265625</ele>
        <time>2026-09-09T13:11:27.000Z</time>
        <extensions>
          <ns3:TrackPointExtension>
            <ns3:hr>144</ns3:hr>
            <ns3:cad>89</ns3:cad>
          </ns3:TrackPointExtension>
        </extensions>
      </trkpt>
      <trkpt lat="24.53587953932583332061767578125" lon="118.15327961929142475128173828125">
        <ele>9.6000003814697265625</ele>
        <time>2026-09-09T13:11:28.000Z</time>
        <extensions>
          <ns3:TrackPointExtension>
            <ns3:hr>144</ns3:hr>
            <ns3:cad>89</ns3:cad>
          </ns3:TrackPointExtension>
        </extensions>
      </trkpt>
      <trkpt lat="24.535905607044696807861328125" lon="118.15329931676387786865234375">
        <ele>9.6000003814697265625</ele>
        <time>2026-09-09T13:11:29.000Z</time>
        <extensions>
          <ns3:TrackPointExtension>
            <ns3:hr>144</ns3:hr>
            <ns3:cad>88</ns3:cad>
          </ns3:TrackPointExtension>
        </extensions>
      </trkpt>
      <trkpt lat="24.53593075275421142578125" lon="118.1533185951411724090576171875">
        <ele>9.80000019073486328125</ele>
        <time>2026-09-09T13:11:30.000Z</time>
        <extensions>
          <ns3:TrackPointExtension>
            <ns3:hr>144</ns3:hr>
            <ns3:cad>87</ns3:cad>
          </ns3:TrackPointExtension>
        </extensions>
      </trkpt>
      <trkpt lat="24.5359533838927745819091796875" lon="118.15333812497556209564208984375">
        <ele>9.80000019073486328125</ele>
        <time>2026-09-09T13:11:31.000Z</time>
        <extensions>
          <ns3:TrackPointExtension>
            <ns3:hr>144</ns3:hr>
            <ns3:cad>87</ns3:cad>
          </ns3:TrackPointExtension>
        </extensions>
      </trkpt>
      <trkpt lat="24.53597660176455974578857421875" lon="118.15335027873516082763671875">
        <ele>9.80000019073486328125</ele>
        <time>2026-09-09T13:11:32.000Z</time>
        <extensions>
          <ns3:TrackPointExtension>
            <ns3:hr>144</ns3:hr>
            <ns3:cad>87</ns3:cad>
          </ns3:TrackPointExtension>
        </extensions>
      </trkpt>
      <trkpt lat="24.5360063575208187103271484375" lon="118.15337014384567737579345703125">
        <ele>9.80000019073486328125</ele>
        <time>2026-09-09T13:11:33.000Z</time>
        <extensions>
          <ns3:TrackPointExtension>
            <ns3:hr>144</ns3:hr>
            <ns3:cad>87</ns3:cad>
          </ns3:TrackPointExtension>
        </extensions>
      </trkpt>
      <trkpt lat="24.53602303750813007354736328125" lon="118.15337131731212139129638671875">
        <ele>9.80000019073486328125</ele>
        <time>2026-09-09T13:11:34.000Z</time>
        <extensions>
          <ns3:TrackPointExtension>
            <ns3:hr>144</ns3:hr>
            <ns3:cad>88</ns3:cad>
          </ns3:TrackPointExtension>
        </extensions>
      </trkpt>
      <trkpt lat="24.53604667447507381439208984375" lon="118.15338087268173694610595703125">
        <ele>9.80000019073486328125</ele>
        <time>2026-09-09T13:11:35.000Z</time>
        <extensions>
          <ns3:TrackPointExtension>
            <ns3:hr>144</ns3:hr>
            <ns3:cad>88</ns3:cad>
          </ns3:TrackPointExtension>
        </extensions>
      </trkpt>
      <trkpt lat="24.53606293536722660064697265625" lon="118.15338104031980037689208984375">
        <ele>9.80000019073486328125</ele>
        <time>2026-09-09T13:11:36.000Z</time>
        <extensions>
          <ns3:TrackPointExtension>
            <ns3:hr>144</ns3:hr>
            <ns3:cad>87</ns3:cad>
          </ns3:TrackPointExtension>
        </extensions>
      </trkpt>
      <trkpt lat="24.53608925454318523406982421875" lon="118.1534077785909175872802734375">
        <ele>9.80000019073486328125</ele>
        <time>2026-09-09T13:11:37.000Z</time>
        <extensions>
          <ns3:TrackPointExtension>
            <ns3:hr>144</ns3:hr>
            <ns3:cad>87</ns3:cad>
          </ns3:TrackPointExtension>
        </extensions>
      </trkpt>
      <trkpt lat="24.53610870055854320526123046875" lon="118.1534228660166263580322265625">
        <ele>9.80000019073486328125</ele>
        <time>2026-09-09T13:11:38.000Z</time>
        <extensions>
          <ns3:TrackPointExtension>
            <ns3:hr>144</ns3:hr>
            <ns3:cad>87</ns3:cad>
          </ns3:TrackPointExtension>
        </extensions>
      </trkpt>
      <trkpt lat="24.5361351035535335540771484375" lon="118.1534443236887454986572265625">
        <ele>9.80000019073486328125</ele>
        <time>2026-09-09T13:11:39.000Z</time>
        <extensions>
          <ns3:TrackPointExtension>
            <ns3:hr>144</ns3:hr>
            <ns3:cad>87</ns3:cad>
          </ns3:TrackPointExtension>
        </extensions>
      </trkpt>
      <trkpt lat="24.536152370274066925048828125" lon="118.1534671224653720855712890625">
        <ele>9.80000019073486328125</ele>
        <time>2026-09-09T13:11:40.000Z</time>
        <extensions>
          <ns3:TrackPointExtension>
            <ns3:hr>144</ns3:hr>
            <ns3:cad>88</ns3:cad>
          </ns3:TrackPointExtension>
        </extensions>
      </trkpt>
      <trkpt lat="24.536173157393932342529296875" lon="118.15348715521395206451416015625">
        <ele>9.80000019073486328125</ele>
        <time>2026-09-09T13:11:41.000Z</time>
        <extensions>
          <ns3:TrackPointExtension>
            <ns3:hr>144</ns3:hr>
            <ns3:cad>88</ns3:cad>
          </ns3:TrackPointExtension>
        </extensions>
      </trkpt>
      <trkpt lat="24.53620098531246185302734375" lon="118.153506182134151458740234375">
        <ele>9.80000019073486328125</ele>
        <time>2026-09-09T13:11:42.000Z</time>
        <extensions>
          <ns3:TrackPointExtension>
            <ns3:hr>144</ns3:hr>
            <ns3:cad>88</ns3:cad>
          </ns3:TrackPointExtension>
        </extensions>
      </trkpt>
      <trkpt lat="24.53622437082231044769287109375" lon="118.15352194011211395263671875">
        <ele>9.80000019073486328125</ele>
        <time>2026-09-09T13:11:43.000Z</time>
        <extensions>
          <ns3:TrackPointExtension>
            <ns3:hr>144</ns3:hr>
            <ns3:cad>88</ns3:cad>
          </ns3:TrackPointExtension>
        </extensions>
      </trkpt>
      <trkpt lat="24.53625538386404514312744140625" lon="118.15354700200259685516357421875">
        <ele>9.80000019073486328125</ele>
        <time>2026-09-09T13:11:44.000Z</time>
        <extensions>
          <ns3:TrackPointExtension>
            <ns3:hr>144</ns3:hr>
            <ns3:cad>88</ns3:cad>
          </ns3:TrackPointExtension>
        </extensions>
      </trkpt>
      <trkpt lat="24.536278434097766876220703125" lon="118.1535586528480052947998046875">
        <ele>9.80000019073486328125</ele>
        <time>2026-09-09T13:11:45.000Z</time>
        <extensions>
          <ns3:TrackPointExtension>
            <ns3:hr>144</ns3:hr>
            <ns3:cad>87</ns3:cad>
          </ns3:TrackPointExtension>
        </extensions>
      </trkpt>
      <trkpt lat="24.53630835749208927154541015625" lon="118.153580613434314727783203125">
        <ele>9.80000019073486328125</ele>
        <time>2026-09-09T13:11:46.000Z</time>
        <extensions>
          <ns3:TrackPointExtension>
            <ns3:hr>144</ns3:hr>
            <ns3:cad>86</ns3:cad>
          </ns3:TrackPointExtension>
        </extensions>
      </trkpt>
      <trkpt lat="24.53632947988808155059814453125" lon="118.1535894982516765594482421875">
        <ele>10</ele>
        <time>2026-09-09T13:11:47.000Z</time>
        <extensions>
          <ns3:TrackPointExtension>
            <ns3:hr>144</ns3:hr>
            <ns3:cad>86</ns3:cad>
          </ns3:TrackPointExtension>
        </extensions>
      </trkpt>
      <trkpt lat="24.5363597385585308074951171875" lon="118.15361254848539829254150390625">
        <ele>10</ele>
        <time>2026-09-09T13:11:48.000Z</time>
        <extensions>
          <ns3:TrackPointExtension>
            <ns3:hr>145</ns3:hr>
            <ns3:cad>87</ns3:cad>
          </ns3:TrackPointExtension>
        </extensions>
      </trkpt>
      <trkpt lat="24.53638060949742794036865234375" lon="118.1536216847598552703857421875">
        <ele>10</ele>
        <time>2026-09-09T13:11:49.000Z</time>
        <extensions>
          <ns3:TrackPointExtension>
            <ns3:hr>145</ns3:hr>
            <ns3:cad>88</ns3:cad>
          </ns3:TrackPointExtension>
        </extensions>
      </trkpt>
      <trkpt lat="24.5364130474627017974853515625" lon="118.15364104695618152618408203125">
        <ele>9.80000019073486328125</ele>
        <time>2026-09-09T13:11:50.000Z</time>
        <extensions>
          <ns3:TrackPointExtension>
            <ns3:hr>146</ns3:hr>
            <ns3:cad>88</ns3:cad>
          </ns3:TrackPointExtension>
        </extensions>
      </trkpt>
      <trkpt lat="24.5364336669445037841796875" lon="118.15365579910576343536376953125">
        <ele>9.80000019073486328125</ele>
        <time>2026-09-09T13:11:51.000Z</time>
        <extensions>
          <ns3:TrackPointExtension>
            <ns3:hr>146</ns3:hr>
            <ns3:cad>88</ns3:cad>
          </ns3:TrackPointExtension>
        </extensions>
      </trkpt>
      <trkpt lat="24.5364586450159549713134765625" lon="118.15367474220693111419677734375">
        <ele>9.80000019073486328125</ele>
        <time>2026-09-09T13:11:52.000Z</time>
        <extensions>
          <ns3:TrackPointExtension>
            <ns3:hr>147</ns3:hr>
            <ns3:cad>87</ns3:cad>
          </ns3:TrackPointExtension>
        </extensions>
      </trkpt>
      <trkpt lat="24.53648337163031101226806640625" lon="118.1536927632987499237060546875">
        <ele>9.6000003814697265625</ele>
        <time>2026-09-09T13:11:53.000Z</time>
        <extensions>
          <ns3:TrackPointExtension>
            <ns3:hr>147</ns3:hr>
            <ns3:cad>87</ns3:cad>
          </ns3:TrackPointExtension>
        </extensions>
      </trkpt>
      <trkpt lat="24.53651212155818939208984375" lon="118.153706006705760955810546875">
        <ele>9.6000003814697265625</ele>
        <time>2026-09-09T13:11:54.000Z</time>
        <extensions>
          <ns3:TrackPointExtension>
            <ns3:hr>148</ns3:hr>
            <ns3:cad>87</ns3:cad>
          </ns3:TrackPointExtension>
        </extensions>
      </trkpt>
      <trkpt lat="24.5365394465625286102294921875" lon="118.1537170708179473876953125">
        <ele>9.6000003814697265625</ele>
        <time>2026-09-09T13:11:55.000Z</time>
        <extensions>
          <ns3:TrackPointExtension>
            <ns3:hr>148</ns3:hr>
            <ns3:cad>87</ns3:cad>
          </ns3:TrackPointExtension>
        </extensions>
      </trkpt>
      <trkpt lat="24.53656844794750213623046875" lon="118.15373006276786327362060546875">
        <ele>9.6000003814697265625</ele>
        <time>2026-09-09T13:11:56.000Z</time>
        <extensions>
          <ns3:TrackPointExtension>
            <ns3:hr>148</ns3:hr>
            <ns3:cad>88</ns3:cad>
          </ns3:TrackPointExtension>
        </extensions>
      </trkpt>
      <trkpt lat="24.536602981388568878173828125" lon="118.153750263154506683349609375">
        <ele>9.6000003814697265625</ele>
        <time>2026-09-09T13:11:57.000Z</time>
        <extensions>
          <ns3:TrackPointExtension>
            <ns3:hr>148</ns3:hr>
            <ns3:cad>88</ns3:cad>
          </ns3:TrackPointExtension>
        </extensions>
      </trkpt>
      <trkpt lat="24.53663173131644725799560546875" lon="118.15375638194382190704345703125">
        <ele>9.6000003814697265625</ele>
        <time>2026-09-09T13:11:58.000Z</time>
        <extensions>
          <ns3:TrackPointExtension>
            <ns3:hr>147</ns3:hr>
            <ns3:cad>88</ns3:cad>
          </ns3:TrackPointExtension>
        </extensions>
      </trkpt>
      <trkpt lat="24.53666576184332370758056640625" lon="118.1537755765020847320556640625">
        <ele>9.3999996185302734375</ele>
        <time>2026-09-09T13:11:59.000Z</time>
        <extensions>
          <ns3:TrackPointExtension>
            <ns3:hr>148</ns3:hr>
            <ns3:cad>88</ns3:cad>
          </ns3:TrackPointExtension>
        </extensions>
      </trkpt>
      <trkpt lat="24.5366866327822208404541015625" lon="118.15378119237720966339111328125">
        <ele>9.3999996185302734375</ele>
        <time>2026-09-09T13:12:00.000Z</time>
        <extensions>
          <ns3:TrackPointExtension>
            <ns3:hr>148</ns3:hr>
            <ns3:cad>87</ns3:cad>
          </ns3:TrackPointExtension>
        </extensions>
      </trkpt>
      <trkpt lat="24.536718316376209259033203125" lon="118.15379912964999675750732421875">
        <ele>9.3999996185302734375</ele>
        <time>2026-09-09T13:12:01.000Z</time>
        <extensions>
          <ns3:TrackPointExtension>
            <ns3:hr>148</ns3:hr>
            <ns3:cad>87</ns3:cad>
          </ns3:TrackPointExtension>
        </extensions>
      </trkpt>
      <trkpt lat="24.53673684038221836090087890625" lon="118.15381455235183238983154296875">
        <ele>9.3999996185302734375</ele>
        <time>2026-09-09T13:12:02.000Z</time>
        <extensions>
          <ns3:TrackPointExtension>
            <ns3:hr>149</ns3:hr>
            <ns3:cad>87</ns3:cad>
          </ns3:TrackPointExtension>
        </extensions>
      </trkpt>
      <trkpt lat="24.536763243377208709716796875" lon="118.1538302265107631683349609375">
        <ele>9.3999996185302734375</ele>
        <time>2026-09-09T13:12:03.000Z</time>
        <extensions>
          <ns3:TrackPointExtension>
            <ns3:hr>149</ns3:hr>
            <ns3:cad>88</ns3:cad>
          </ns3:TrackPointExtension>
        </extensions>
      </trkpt>
      <trkpt lat="24.53678126446902751922607421875" lon="118.1538484990596771240234375">
        <ele>9.19999980926513671875</ele>
        <time>2026-09-09T13:12:04.000Z</time>
        <extensions>
          <ns3:TrackPointExtension>
            <ns3:hr>149</ns3:hr>
            <ns3:cad>88</ns3:cad>
          </ns3:TrackPointExtension>
        </extensions>
      </trkpt>
      <trkpt lat="24.5368046499788761138916015625" lon="118.1538627482950687408447265625">
        <ele>9.19999980926513671875</ele>
        <time>2026-09-09T13:12:05.000Z</time>
        <extensions>
          <ns3:TrackPointExtension>
            <ns3:hr>149</ns3:hr>
            <ns3:cad>88</ns3:cad>
          </ns3:TrackPointExtension>
        </extensions>
      </trkpt>
      <trkpt lat="24.53682803548872470855712890625" lon="118.1538821943104267120361328125">
        <ele>9.19999980926513671875</ele>
        <time>2026-09-09T13:12:06.000Z</time>
        <extensions>
          <ns3:TrackPointExtension>
            <ns3:hr>148</ns3:hr>
            <ns3:cad>88</ns3:cad>
          </ns3:TrackPointExtension>
        </extensions>
      </trkpt>
      <trkpt lat="24.53684899024665355682373046875" lon="118.15389216877520084381103515625">
        <ele>9.19999980926513671875</ele>
        <time>2026-09-09T13:12:07.000Z</time>
        <extensions>
          <ns3:TrackPointExtension>
            <ns3:hr>149</ns3:hr>
            <ns3:cad>87</ns3:cad>
          </ns3:TrackPointExtension>
        </extensions>
      </trkpt>
      <trkpt lat="24.53687497414648532867431640625" lon="118.1539128720760345458984375">
        <ele>9.19999980926513671875</ele>
        <time>2026-09-09T13:12:08.000Z</time>
        <extensions>
          <ns3:TrackPointExtension>
            <ns3:hr>148</ns3:hr>
            <ns3:cad>87</ns3:cad>
          </ns3:TrackPointExtension>
        </extensions>
      </trkpt>
      <trkpt lat="24.5368911512196063995361328125" lon="118.1539277918636798858642578125">
        <ele>9.19999980926513671875</ele>
        <time>2026-09-09T13:12:09.000Z</time>
        <extensions>
          <ns3:TrackPointExtension>
            <ns3:hr>148</ns3:hr>
            <ns3:cad>87</ns3:cad>
          </ns3:TrackPointExtension>
        </extensions>
      </trkpt>
      <trkpt lat="24.53692191280424594879150390625" lon="118.1539469026029109954833984375">
        <ele>9.19999980926513671875</ele>
        <time>2026-09-09T13:12:10.000Z</time>
        <extensions>
          <ns3:TrackPointExtension>
            <ns3:hr>148</ns3:hr>
            <ns3:cad>87</ns3:cad>
          </ns3:TrackPointExtension>
        </extensions>
      </trkpt>
      <trkpt lat="24.53693917952477931976318359375" lon="118.15396157093346118927001953125">
        <ele>9.19999980926513671875</ele>
        <time>2026-09-09T13:12:11.000Z</time>
        <extensions>
          <ns3:TrackPointExtension>
            <ns3:hr>148</ns3:hr>
            <ns3:cad>87</ns3:cad>
          </ns3:TrackPointExtension>
        </extensions>
      </trkpt>
      <trkpt lat="24.53696298412978649139404296875" lon="118.1539857946336269378662109375">
        <ele>9.19999980926513671875</ele>
        <time>2026-09-09T13:12:12.000Z</time>
        <extensions>
          <ns3:TrackPointExtension>
            <ns3:hr>147</ns3:hr>
            <ns3:cad>87</ns3:cad>
          </ns3:TrackPointExtension>
        </extensions>
      </trkpt>
      <trkpt lat="24.53698192723095417022705078125" lon="118.15400817431509494781494140625">
        <ele>9.19999980926513671875</ele>
        <time>2026-09-09T13:12:13.000Z</time>
        <extensions>
          <ns3:TrackPointExtension>
            <ns3:hr>147</ns3:hr>
            <ns3:cad>87</ns3:cad>
          </ns3:TrackPointExtension>
        </extensions>
      </trkpt>
      <trkpt lat="24.53701009042561054229736328125" lon="118.15402862615883350372314453125">
        <ele>9.19999980926513671875</ele>
        <time>2026-09-09T13:12:14.000Z</time>
        <extensions>
          <ns3:TrackPointExtension>
            <ns3:hr>147</ns3:hr>
            <ns3:cad>87</ns3:cad>
          </ns3:TrackPointExtension>
        </extensions>
      </trkpt>
      <trkpt lat="24.53703506849706172943115234375" lon="118.15405008383095264434814453125">
        <ele>9.19999980926513671875</ele>
        <time>2026-09-09T13:12:15.000Z</time>
        <extensions>
          <ns3:TrackPointExtension>
            <ns3:hr>146</ns3:hr>
            <ns3:cad>86</ns3:cad>
          </ns3:TrackPointExtension>
        </extensions>
      </trkpt>
      <trkpt lat="24.5370641537010669708251953125" lon="118.15406014211475849151611328125">
        <ele>9.19999980926513671875</ele>
        <time>2026-09-09T13:12:16.000Z</time>
        <extensions>
          <ns3:TrackPointExtension>
            <ns3:hr>145</ns3:hr>
            <ns3:cad>86</ns3:cad>
          </ns3:TrackPointExtension>
        </extensions>
      </trkpt>
      <trkpt lat="24.53709256835281848907470703125" lon="118.1540810130536556243896484375">
        <ele>9.19999980926513671875</ele>
        <time>2026-09-09T13:12:17.000Z</time>
        <extensions>
          <ns3:TrackPointExtension>
            <ns3:hr>145</ns3:hr>
            <ns3:cad>87</ns3:cad>
          </ns3:TrackPointExtension>
        </extensions>
      </trkpt>
      <trkpt lat="24.53711369074881076812744140625" lon="118.15408788621425628662109375">
        <ele>9.19999980926513671875</ele>
        <time>2026-09-09T13:12:18.000Z</time>
        <extensions>
          <ns3:TrackPointExtension>
            <ns3:hr>144</ns3:hr>
            <ns3:cad>87</ns3:cad>
          </ns3:TrackPointExtension>
        </extensions>
      </trkpt>
      <trkpt lat="24.53714084811508655548095703125" lon="118.15410590730607509613037109375">
        <ele>9</ele>
        <time>2026-09-09T13:12:19.000Z</time>
        <extensions>
          <ns3:TrackPointExtension>
            <ns3:hr>144</ns3:hr>
            <ns3:cad>87</ns3:cad>
          </ns3:TrackPointExtension>
        </extensions>
      </trkpt>
      <trkpt lat="24.53715979121625423431396484375" lon="118.1541182287037372589111328125">
        <ele>9</ele>
        <time>2026-09-09T13:12:20.000Z</time>
        <extensions>
          <ns3:TrackPointExtension>
            <ns3:hr>144</ns3:hr>
            <ns3:cad>87</ns3:cad>
          </ns3:TrackPointExtension>
        </extensions>
      </trkpt>
      <trkpt lat="24.53718795441091060638427734375" lon="118.1541380099952220916748046875">
        <ele>9</ele>
        <time>2026-09-09T13:12:21.000Z</time>
        <extensions>
          <ns3:TrackPointExtension>
            <ns3:hr>144</ns3:hr>
            <ns3:cad>87</ns3:cad>
          </ns3:TrackPointExtension>
        </extensions>
      </trkpt>
      <trkpt lat="24.5372089929878711700439453125" lon="118.15415519289672374725341796875">
        <ele>9</ele>
        <time>2026-09-09T13:12:22.000Z</time>
        <extensions>
          <ns3:TrackPointExtension>
            <ns3:hr>144</ns3:hr>
            <ns3:cad>86</ns3:cad>
          </ns3:TrackPointExtension>
        </extensions>
      </trkpt>
      <trkpt lat="24.5372321270406246185302734375" lon="118.1541728787124156951904296875">
        <ele>9</ele>
        <time>2026-09-09T13:12:23.000Z</time>
        <extensions>
          <ns3:TrackPointExtension>
            <ns3:hr>144</ns3:hr>
            <ns3:cad>86</ns3:cad>
          </ns3:TrackPointExtension>
        </extensions>
      </trkpt>
      <trkpt lat="24.53726020641624927520751953125" lon="118.15418955869972705841064453125">
        <ele>9</ele>
        <time>2026-09-09T13:12:24.000Z</time>
        <extensions>
          <ns3:TrackPointExtension>
            <ns3:hr>144</ns3:hr>
            <ns3:cad>86</ns3:cad>
          </ns3:TrackPointExtension>
        </extensions>
      </trkpt>
      <trkpt lat="24.53728669323027133941650390625" lon="118.1541993655264377593994140625">
        <ele>9</ele>
        <time>2026-09-09T13:12:25.000Z</time>
        <extensions>
          <ns3:TrackPointExtension>
            <ns3:hr>144</ns3:hr>
            <ns3:cad>87</ns3:cad>
          </ns3:TrackPointExtension>
        </extensions>
      </trkpt>
      <trkpt lat="24.537312425673007965087890625" lon="118.15421688370406627655029296875">
        <ele>9</ele>
        <time>2026-09-09T13:12:26.000Z</time>
        <extensions>
          <ns3:TrackPointExtension>
            <ns3:hr>143</ns3:hr>
            <ns3:cad>88</ns3:cad>
          </ns3:TrackPointExtension>
        </extensions>
      </trkpt>
      <trkpt lat="24.53733262605965137481689453125" lon="118.154227696359157562255859375">
        <ele>9</ele>
        <time>2026-09-09T13:12:27.000Z</time>
        <extensions>
          <ns3:TrackPointExtension>
            <ns3:hr>143</ns3:hr>
            <ns3:cad>88</ns3:cad>
          </ns3:TrackPointExtension>
        </extensions>
      </trkpt>
      <trkpt lat="24.53736565075814723968505859375" lon="118.15425108186900615692138671875">
        <ele>8.80000019073486328125</ele>
        <time>2026-09-09T13:12:28.000Z</time>
        <extensions>
          <ns3:TrackPointExtension>
            <ns3:hr>143</ns3:hr>
            <ns3:cad>87</ns3:cad>
          </ns3:TrackPointExtension>
        </extensions>
      </trkpt>
      <trkpt lat="24.53739213757216930389404296875" lon="118.1542637385427951812744140625">
        <ele>9</ele>
        <time>2026-09-09T13:12:29.000Z</time>
        <extensions>
          <ns3:TrackPointExtension>
            <ns3:hr>143</ns3:hr>
            <ns3:cad>87</ns3:cad>
          </ns3:TrackPointExtension>
        </extensions>
      </trkpt>
      <trkpt lat="24.5374202169477939605712890625" lon="118.15428980626165866851806640625">
        <ele>8.80000019073486328125</ele>
        <time>2026-09-09T13:12:30.000Z</time>
        <extensions>
          <ns3:TrackPointExtension>
            <ns3:hr>143</ns3:hr>
            <ns3:cad>87</ns3:cad>
          </ns3:TrackPointExtension>
        </extensions>
      </trkpt>
      <trkpt lat="24.5374443568289279937744140625" lon="118.15431025810539722442626953125">
        <ele>8.80000019073486328125</ele>
        <time>2026-09-09T13:12:31.000Z</time>
        <extensions>
          <ns3:TrackPointExtension>
            <ns3:hr>143</ns3:hr>
            <ns3:cad>87</ns3:cad>
          </ns3:TrackPointExtension>
        </extensions>
      </trkpt>
      <trkpt lat="24.5374678261578083038330078125" lon="118.1543421931564807891845703125">
        <ele>8.80000019073486328125</ele>
        <time>2026-09-09T13:12:32.000Z</time>
        <extensions>
          <ns3:TrackPointExtension>
            <ns3:hr>143</ns3:hr>
            <ns3:cad>87</ns3:cad>
          </ns3:TrackPointExtension>
        </extensions>
      </trkpt>
      <trkpt lat="24.5374832488596439361572265625" lon="118.1543676741421222686767578125">
        <ele>8.80000019073486328125</ele>
        <time>2026-09-09T13:12:33.000Z</time>
        <extensions>
          <ns3:TrackPointExtension>
            <ns3:hr>142</ns3:hr>
            <ns3:cad>87</ns3:cad>
          </ns3:TrackPointExtension>
        </extensions>
      </trkpt>
      <trkpt lat="24.5374959893524646759033203125" lon="118.15440195612609386444091796875">
        <ele>8.6000003814697265625</ele>
        <time>2026-09-09T13:12:34.000Z</time>
        <extensions>
          <ns3:TrackPointExtension>
            <ns3:hr>142</ns3:hr>
            <ns3:cad>88</ns3:cad>
          </ns3:TrackPointExtension>
        </extensions>
      </trkpt>
      <trkpt lat="24.53749515116214752197265625" lon="118.1544340588152408599853515625">
        <ele>8.6000003814697265625</ele>
        <time>2026-09-09T13:12:35.000Z</time>
        <extensions>
          <ns3:TrackPointExtension>
            <ns3:hr>142</ns3:hr>
            <ns3:cad>88</ns3:cad>
          </ns3:TrackPointExtension>
        </extensions>
      </trkpt>
      <trkpt lat="24.53749515116214752197265625" lon="118.15446917898952960968017578125">
        <ele>8.6000003814697265625</ele>
        <time>2026-09-09T13:12:36.000Z</time>
        <extensions>
          <ns3:TrackPointExtension>
            <ns3:hr>142</ns3:hr>
            <ns3:cad>88</ns3:cad>
          </ns3:TrackPointExtension>
        </extensions>
      </trkpt>
      <trkpt lat="24.5374879427254199981689453125" lon="118.1545058079063892364501953125">
        <ele>8.6000003814697265625</ele>
        <time>2026-09-09T13:12:37.000Z</time>
        <extensions>
          <ns3:TrackPointExtension>
            <ns3:hr>142</ns3:hr>
            <ns3:cad>88</ns3:cad>
          </ns3:TrackPointExtension>
        </extensions>
      </trkpt>
      <trkpt lat="24.5374815724790096282958984375" lon="118.15453405492007732391357421875">
        <ele>8.6000003814697265625</ele>
        <time>2026-09-09T13:12:38.000Z</time>
        <extensions>
          <ns3:TrackPointExtension>
            <ns3:hr>141</ns3:hr>
            <ns3:cad>88</ns3:cad>
          </ns3:TrackPointExtension>
        </extensions>
      </trkpt>
      <trkpt lat="24.53747025690972805023193359375" lon="118.15456657670438289642333984375">
        <ele>8.6000003814697265625</ele>
        <time>2026-09-09T13:12:39.000Z</time>
        <extensions>
          <ns3:TrackPointExtension>
            <ns3:hr>141</ns3:hr>
            <ns3:cad>87</ns3:cad>
          </ns3:TrackPointExtension>
        </extensions>
      </trkpt>
      <trkpt lat="24.537459276616573333740234375" lon="118.15459239296615123748779296875">
        <ele>8.80000019073486328125</ele>
        <time>2026-09-09T13:12:40.000Z</time>
        <extensions>
          <ns3:TrackPointExtension>
            <ns3:hr>141</ns3:hr>
            <ns3:cad>87</ns3:cad>
          </ns3:TrackPointExtension>
        </extensions>
      </trkpt>
      <trkpt lat="24.5374436862766742706298828125" lon="118.1546258367598056793212890625">
        <ele>9</ele>
        <time>2026-09-09T13:12:41.000Z</time>
        <extensions>
          <ns3:TrackPointExtension>
            <ns3:hr>141</ns3:hr>
            <ns3:cad>88</ns3:cad>
          </ns3:TrackPointExtension>
        </extensions>
      </trkpt>
      <trkpt lat="24.53743790276348590850830078125" lon="118.15464846789836883544921875">
        <ele>9</ele>
        <time>2026-09-09T13:12:42.000Z</time>
        <extensions>
          <ns3:TrackPointExtension>
            <ns3:hr>141</ns3:hr>
            <ns3:cad>88</ns3:cad>
          </ns3:TrackPointExtension>
        </extensions>
      </trkpt>
      <trkpt lat="24.5374202169477939605712890625" lon="118.15468065440654754638671875">
        <ele>9</ele>
        <time>2026-09-09T13:12:43.000Z</time>
        <extensions>
          <ns3:TrackPointExtension>
            <ns3:hr>140</ns3:hr>
            <ns3:cad>88</ns3:cad>
          </ns3:TrackPointExtension>
        </extensions>
      </trkpt>
      <trkpt lat="24.5374073088169097900390625" lon="118.154706470668315887451171875">
        <ele>9.19999980926513671875</ele>
        <time>2026-09-09T13:12:44.000Z</time>
        <extensions>
          <ns3:TrackPointExtension>
            <ns3:hr>140</ns3:hr>
            <ns3:cad>88</ns3:cad>
          </ns3:TrackPointExtension>
        </extensions>
      </trkpt>
      <trkpt lat="24.53738895244896411895751953125" lon="118.154733963310718536376953125">
        <ele>9</ele>
        <time>2026-09-09T13:12:45.000Z</time>
        <extensions>
          <ns3:TrackPointExtension>
            <ns3:hr>140</ns3:hr>
            <ns3:cad>87</ns3:cad>
          </ns3:TrackPointExtension>
        </extensions>
      </trkpt>
      <trkpt lat="24.5373751223087310791015625" lon="118.1547592766582965850830078125">
        <ele>9</ele>
        <time>2026-09-09T13:12:46.000Z</time>
        <extensions>
          <ns3:TrackPointExtension>
            <ns3:hr>140</ns3:hr>
            <ns3:cad>87</ns3:cad>
          </ns3:TrackPointExtension>
        </extensions>
      </trkpt>
      <trkpt lat="24.53736464492976665496826171875" lon="118.1547901220619678497314453125">
        <ele>9</ele>
        <time>2026-09-09T13:12:47.000Z</time>
        <extensions>
          <ns3:TrackPointExtension>
            <ns3:hr>140</ns3:hr>
            <ns3:cad>87</ns3:cad>
          </ns3:TrackPointExtension>
        </extensions>
      </trkpt>
      <trkpt lat="24.5373498089611530303955078125" lon="118.15482079982757568359375">
        <ele>9</ele>
        <time>2026-09-09T13:12:48.000Z</time>
        <extensions>
          <ns3:TrackPointExtension>
            <ns3:hr>140</ns3:hr>
            <ns3:cad>87</ns3:cad>
          </ns3:TrackPointExtension>
        </extensions>
      </trkpt>
      <trkpt lat="24.5373434387147426605224609375" lon="118.15484519116580486297607421875">
        <ele>9</ele>
        <time>2026-09-09T13:12:49.000Z</time>
        <extensions>
          <ns3:TrackPointExtension>
            <ns3:hr>141</ns3:hr>
            <ns3:cad>87</ns3:cad>
          </ns3:TrackPointExtension>
        </extensions>
      </trkpt>
      <trkpt lat="24.53732348978519439697265625" lon="118.154880814254283905029296875">
        <ele>9</ele>
        <time>2026-09-09T13:12:50.000Z</time>
        <extensions>
          <ns3:TrackPointExtension>
            <ns3:hr>141</ns3:hr>
            <ns3:cad>87</ns3:cad>
          </ns3:TrackPointExtension>
        </extensions>
      </trkpt>
      <trkpt lat="24.53732072375714778900146484375" lon="118.1549047864973545074462890625">
        <ele>9</ele>
        <time>2026-09-09T13:12:51.000Z</time>
        <extensions>
          <ns3:TrackPointExtension>
            <ns3:hr>141</ns3:hr>
            <ns3:cad>87</ns3:cad>
          </ns3:TrackPointExtension>
        </extensions>
      </trkpt>
      <trkpt lat="24.5373021997511386871337890625" lon="118.15493856556713581085205078125">
        <ele>9.19999980926513671875</ele>
        <time>2026-09-09T13:12:52.000Z</time>
        <extensions>
          <ns3:TrackPointExtension>
            <ns3:hr>141</ns3:hr>
            <ns3:cad>87</ns3:cad>
          </ns3:TrackPointExtension>
        </extensions>
      </trkpt>
      <trkpt lat="24.5372897945344448089599609375" lon="118.15496119670569896697998046875">
        <ele>9.19999980926513671875</ele>
        <time>2026-09-09T13:12:53.000Z</time>
        <extensions>
          <ns3:TrackPointExtension>
            <ns3:hr>141</ns3:hr>
            <ns3:cad>86</ns3:cad>
          </ns3:TrackPointExtension>
        </extensions>
      </trkpt>
      <trkpt lat="24.5372726954519748687744140625" lon="118.15499036572873592376708984375">
        <ele>9.19999980926513671875</ele>
        <time>2026-09-09T13:12:54.000Z</time>
        <extensions>
          <ns3:TrackPointExtension>
            <ns3:hr>141</ns3:hr>
            <ns3:cad>87</ns3:cad>
          </ns3:TrackPointExtension>
        </extensions>
      </trkpt>
      <trkpt lat="24.5372589491307735443115234375" lon="118.1550164334475994110107421875">
        <ele>9.19999980926513671875</ele>
        <time>2026-09-09T13:12:55.000Z</time>
        <extensions>
          <ns3:TrackPointExtension>
            <ns3:hr>141</ns3:hr>
            <ns3:cad>87</ns3:cad>
          </ns3:TrackPointExtension>
        </extensions>
      </trkpt>
      <trkpt lat="24.53724562190473079681396484375" lon="118.15504434518516063690185546875">
        <ele>9.19999980926513671875</ele>
        <time>2026-09-09T13:12:56.000Z</time>
        <extensions>
          <ns3:TrackPointExtension>
            <ns3:hr>141</ns3:hr>
            <ns3:cad>87</ns3:cad>
          </ns3:TrackPointExtension>
        </extensions>
      </trkpt>
      <trkpt lat="24.53722885809838771820068359375" lon="118.1550761125981807708740234375">
        <ele>9.19999980926513671875</ele>
        <time>2026-09-09T13:12:57.000Z</time>
        <extensions>
          <ns3:TrackPointExtension>
            <ns3:hr>141</ns3:hr>
            <ns3:cad>87</ns3:cad>
          </ns3:TrackPointExtension>
        </extensions>
      </trkpt>
      <trkpt lat="24.53721863217651844024658203125" lon="118.15510452724993228912353515625">
        <ele>9.19999980926513671875</ele>
        <time>2026-09-09T13:12:58.000Z</time>
        <extensions>
          <ns3:TrackPointExtension>
            <ns3:hr>141</ns3:hr>
            <ns3:cad>87</ns3:cad>
          </ns3:TrackPointExtension>
        </extensions>
      </trkpt>
      <trkpt lat="24.53720203600823879241943359375" lon="118.155140317976474761962890625">
        <ele>9.3999996185302734375</ele>
        <time>2026-09-09T13:12:59.000Z</time>
        <extensions>
          <ns3:TrackPointExtension>
            <ns3:hr>142</ns3:hr>
            <ns3:cad>87</ns3:cad>
          </ns3:TrackPointExtension>
        </extensions>
      </trkpt>
      <trkpt lat="24.53719675540924072265625" lon="118.15516504459083080291748046875">
        <ele>9.3999996185302734375</ele>
        <time>2026-09-09T13:13:00.000Z</time>
        <extensions>
          <ns3:TrackPointExtension>
            <ns3:hr>142</ns3:hr>
            <ns3:cad>87</ns3:cad>
          </ns3:TrackPointExtension>
        </extensions>
      </trkpt>
      <trkpt lat="24.53718275763094425201416015625" lon="118.155202679336071014404296875">
        <ele>9.3999996185302734375</ele>
        <time>2026-09-09T13:13:01.000Z</time>
        <extensions>
          <ns3:TrackPointExtension>
            <ns3:hr>142</ns3:hr>
            <ns3:cad>87</ns3:cad>
          </ns3:TrackPointExtension>
        </extensions>
      </trkpt>
      <trkpt lat="24.53718024305999279022216796875" lon="118.15522606484591960906982421875">
        <ele>9.3999996185302734375</ele>
        <time>2026-09-09T13:13:02.000Z</time>
        <extensions>
          <ns3:TrackPointExtension>
            <ns3:hr>143</ns3:hr>
            <ns3:cad>87</ns3:cad>
          </ns3:TrackPointExtension>
        </extensions>
      </trkpt>
      <trkpt lat="24.53716616146266460418701171875" lon="118.15526059828698635101318359375">
        <ele>9.3999996185302734375</ele>
        <time>2026-09-09T13:13:03.000Z</time>
        <extensions>
          <ns3:TrackPointExtension>
            <ns3:hr>144</ns3:hr>
            <ns3:cad>87</ns3:cad>
          </ns3:TrackPointExtension>
        </extensions>
      </trkpt>
      <trkpt lat="24.537157528102397918701171875" lon="118.1552833132445812225341796875">
        <ele>9.3999996185302734375</ele>
        <time>2026-09-09T13:13:04.000Z</time>
        <extensions>
          <ns3:TrackPointExtension>
            <ns3:hr>144</ns3:hr>
            <ns3:cad>88</ns3:cad>
          </ns3:TrackPointExtension>
        </extensions>
      </trkpt>
      <trkpt lat="24.53714202158153057098388671875" lon="118.155311979353427886962890625">
        <ele>9.3999996185302734375</ele>
        <time>2026-09-09T13:13:05.000Z</time>
        <extensions>
          <ns3:TrackPointExtension>
            <ns3:hr>145</ns3:hr>
            <ns3:cad>88</ns3:cad>
          </ns3:TrackPointExtension>
        </extensions>
      </trkpt>
      <trkpt lat="24.53712944872677326202392578125" lon="118.15533637069165706634521484375">
        <ele>9.6000003814697265625</ele>
        <time>2026-09-09T13:13:06.000Z</time>
        <extensions>
          <ns3:TrackPointExtension>
            <ns3:hr>145</ns3:hr>
            <ns3:cad>88</ns3:cad>
          </ns3:TrackPointExtension>
        </extensions>
      </trkpt>
      <trkpt lat="24.5371162891387939453125" lon="118.15536168403923511505126953125">
        <ele>9.6000003814697265625</ele>
        <time>2026-09-09T13:13:07.000Z</time>
        <extensions>
          <ns3:TrackPointExtension>
            <ns3:hr>146</ns3:hr>
            <ns3:cad>88</ns3:cad>
          </ns3:TrackPointExtension>
        </extensions>
      </trkpt>
      <trkpt lat="24.5370990224182605743408203125" lon="118.1553859077394008636474609375">
        <ele>9.80000019073486328125</ele>
        <time>2026-09-09T13:13:08.000Z</time>
        <extensions>
          <ns3:TrackPointExtension>
            <ns3:hr>146</ns3:hr>
            <ns3:cad>87</ns3:cad>
          </ns3:TrackPointExtension>
        </extensions>
      </trkpt>
      <trkpt lat="24.5370862819254398345947265625" lon="118.1554160825908184051513671875">
        <ele>9.80000019073486328125</ele>
        <time>2026-09-09T13:13:09.000Z</time>
        <extensions>
          <ns3:TrackPointExtension>
            <ns3:hr>147</ns3:hr>
            <ns3:cad>87</ns3:cad>
          </ns3:TrackPointExtension>
        </extensions>
      </trkpt>
      <trkpt lat="24.53706733882427215576171875" lon="118.1554459221661090850830078125">
        <ele>9.80000019073486328125</ele>
        <time>2026-09-09T13:13:10.000Z</time>
        <extensions>
          <ns3:TrackPointExtension>
            <ns3:hr>147</ns3:hr>
            <ns3:cad>87</ns3:cad>
          </ns3:TrackPointExtension>
        </extensions>
      </trkpt>
      <trkpt lat="24.5370577834546566009521484375" lon="118.15546964295208454132080078125">
        <ele>9.80000019073486328125</ele>
        <time>2026-09-09T13:13:11.000Z</time>
        <extensions>
          <ns3:TrackPointExtension>
            <ns3:hr>148</ns3:hr>
            <ns3:cad>88</ns3:cad>
          </ns3:TrackPointExtension>
        </extensions>
      </trkpt>
      <trkpt lat="24.53703791834414005279541015625" lon="118.155504427850246429443359375">
        <ele>9.80000019073486328125</ele>
        <time>2026-09-09T13:13:12.000Z</time>
        <extensions>
          <ns3:TrackPointExtension>
            <ns3:hr>148</ns3:hr>
            <ns3:cad>88</ns3:cad>
          </ns3:TrackPointExtension>
        </extensions>
      </trkpt>
      <trkpt lat="24.53702635131776332855224609375" lon="118.1555314175784587860107421875">
        <ele>9.80000019073486328125</ele>
        <time>2026-09-09T13:13:13.000Z</time>
        <extensions>
          <ns3:TrackPointExtension>
            <ns3:hr>149</ns3:hr>
            <ns3:cad>88</ns3:cad>
          </ns3:TrackPointExtension>
        </extensions>
      </trkpt>
      <trkpt lat="24.537005312740802764892578125" lon="118.15555773675441741943359375">
        <ele>9.80000019073486328125</ele>
        <time>2026-09-09T13:13:14.000Z</time>
        <extensions>
          <ns3:TrackPointExtension>
            <ns3:hr>149</ns3:hr>
            <ns3:cad>88</ns3:cad>
          </ns3:TrackPointExtension>
        </extensions>
      </trkpt>
      <trkpt lat="24.53699315898120403289794921875" lon="118.15558330155909061431884765625">
        <ele>9.80000019073486328125</ele>
        <time>2026-09-09T13:13:15.000Z</time>
        <extensions>
          <ns3:TrackPointExtension>
            <ns3:hr>150</ns3:hr>
            <ns3:cad>88</ns3:cad>
          </ns3:TrackPointExtension>
        </extensions>
      </trkpt>
      <trkpt lat="24.53697614371776580810546875" lon="118.15561817027628421783447265625">
        <ele>10</ele>
        <time>2026-09-09T13:13:16.000Z</time>
        <extensions>
          <ns3:TrackPointExtension>
            <ns3:hr>150</ns3:hr>
            <ns3:cad>87</ns3:cad>
          </ns3:TrackPointExtension>
        </extensions>
      </trkpt>
      <trkpt lat="24.53696080483496189117431640625" lon="118.1556403823196887969970703125">
        <ele>10</ele>
        <time>2026-09-09T13:13:17.000Z</time>
        <extensions>
          <ns3:TrackPointExtension>
            <ns3:hr>150</ns3:hr>
            <ns3:cad>87</ns3:cad>
          </ns3:TrackPointExtension>
        </extensions>
      </trkpt>
      <trkpt lat="24.536944292485713958740234375" lon="118.15566544421017169952392578125">
        <ele>10</ele>
        <time>2026-09-09T13:13:18.000Z</time>
        <extensions>
          <ns3:TrackPointExtension>
            <ns3:hr>149</ns3:hr>
            <ns3:cad>87</ns3:cad>
          </ns3:TrackPointExtension>
        </extensions>
      </trkpt>
      <trkpt lat="24.536928199231624603271484375" lon="118.15568916499614715576171875">
        <ele>10</ele>
        <time>2026-09-09T13:13:19.000Z</time>
        <extensions>
          <ns3:TrackPointExtension>
            <ns3:hr>149</ns3:hr>
            <ns3:cad>87</ns3:cad>
          </ns3:TrackPointExtension>
        </extensions>
      </trkpt>
      <trkpt lat="24.53691872768104076385498046875" lon="118.15571607090532779693603515625">
        <ele>10</ele>
        <time>2026-09-09T13:13:20.000Z</time>
        <extensions>
          <ns3:TrackPointExtension>
            <ns3:hr>149</ns3:hr>
            <ns3:cad>87</ns3:cad>
          </ns3:TrackPointExtension>
        </extensions>
      </trkpt>
      <trkpt lat="24.5369052328169345855712890625" lon="118.15574624575674533843994140625">
        <ele>10</ele>
        <time>2026-09-09T13:13:21.000Z</time>
        <extensions>
          <ns3:TrackPointExtension>
            <ns3:hr>148</ns3:hr>
            <ns3:cad>87</ns3:cad>
          </ns3:TrackPointExtension>
        </extensions>
      </trkpt>
      <trkpt lat="24.5368958450853824615478515625" lon="118.15577357076108455657958984375">
        <ele>10</ele>
        <time>2026-09-09T13:13:22.000Z</time>
        <extensions>
          <ns3:TrackPointExtension>
            <ns3:hr>146</ns3:hr>
            <ns3:cad>87</ns3:cad>
          </ns3:TrackPointExtension>
        </extensions>
      </trkpt>
      <trkpt lat="24.53688335604965686798095703125" lon="118.1558065116405487060546875">
        <ele>10</ele>
        <time>2026-09-09T13:13:23.000Z</time>
        <extensions>
          <ns3:TrackPointExtension>
            <ns3:hr>145</ns3:hr>
            <ns3:cad>87</ns3:cad>
          </ns3:TrackPointExtension>
        </extensions>
      </trkpt>
      <trkpt lat="24.53687631525099277496337890625" lon="118.1558335013687610626220703125">
        <ele>10</ele>
        <time>2026-09-09T13:13:24.000Z</time>
        <extensions>
          <ns3:TrackPointExtension>
            <ns3:hr>144</ns3:hr>
            <ns3:cad>87</ns3:cad>
          </ns3:TrackPointExtension>
        </extensions>
      </trkpt>
      <trkpt lat="24.5368576236069202423095703125" lon="118.15586778335273265838623046875">
        <ele>10</ele>
        <time>2026-09-09T13:13:25.000Z</time>
        <extensions>
          <ns3:TrackPointExtension>
            <ns3:hr>144</ns3:hr>
            <ns3:cad>87</ns3:cad>
          </ns3:TrackPointExtension>
        </extensions>
      </trkpt>
      <trkpt lat="24.53684798441827297210693359375" lon="118.15589142031967639923095703125">
        <ele>10</ele>
        <time>2026-09-09T13:13:26.000Z</time>
        <extensions>
          <ns3:TrackPointExtension>
            <ns3:hr>143</ns3:hr>
            <ns3:cad>87</ns3:cad>
          </ns3:TrackPointExtension>
        </extensions>
      </trkpt>
      <trkpt lat="24.53683407045900821685791015625" lon="118.15592654049396514892578125">
        <ele>10</ele>
        <time>2026-09-09T13:13:27.000Z</time>
        <extensions>
          <ns3:TrackPointExtension>
            <ns3:hr>141</ns3:hr>
            <ns3:cad>87</ns3:cad>
          </ns3:TrackPointExtension>
        </extensions>
      </trkpt>
      <trkpt lat="24.53682367689907550811767578125" lon="118.15594791434705257415771484375">
        <ele>10.19999980926513671875</ele>
        <time>2026-09-09T13:13:28.000Z</time>
        <extensions>
          <ns3:TrackPointExtension>
            <ns3:hr>138</ns3:hr>
            <ns3:cad>88</ns3:cad>
          </ns3:TrackPointExtension>
        </extensions>
      </trkpt>
      <trkpt lat="24.53680976293981075286865234375" lon="118.15598345361649990081787109375">
        <ele>10.19999980926513671875</ele>
        <time>2026-09-09T13:13:29.000Z</time>
        <extensions>
          <ns3:TrackPointExtension>
            <ns3:hr>137</ns3:hr>
            <ns3:cad>88</ns3:cad>
          </ns3:TrackPointExtension>
        </extensions>
      </trkpt>
      <trkpt lat="24.53679719008505344390869140625" lon="118.15601103007793426513671875">
        <ele>10.19999980926513671875</ele>
        <time>2026-09-09T13:13:30.000Z</time>
        <extensions>
          <ns3:TrackPointExtension>
            <ns3:hr>136</ns3:hr>
            <ns3:cad>87</ns3:cad>
          </ns3:TrackPointExtension>
        </extensions>
      </trkpt>
      <trkpt lat="24.53678713180124759674072265625" lon="118.15603860653936862945556640625">
        <ele>10.19999980926513671875</ele>
        <time>2026-09-09T13:13:31.000Z</time>
        <extensions>
          <ns3:TrackPointExtension>
            <ns3:hr>137</ns3:hr>
            <ns3:cad>87</ns3:cad>
          </ns3:TrackPointExtension>
        </extensions>
      </trkpt>
      <trkpt lat="24.53676986508071422576904296875" lon="118.15606467425823211669921875">
        <ele>10.19999980926513671875</ele>
        <time>2026-09-09T13:13:32.000Z</time>
        <extensions>
          <ns3:TrackPointExtension>
            <ns3:hr>137</ns3:hr>
            <ns3:cad>87</ns3:cad>
          </ns3:TrackPointExtension>
        </extensions>
      </trkpt>
      <trkpt lat="24.53675461001694202423095703125" lon="118.1560873053967952728271484375">
        <ele>10.19999980926513671875</ele>
        <time>2026-09-09T13:13:33.000Z</time>
        <extensions>
          <ns3:TrackPointExtension>
            <ns3:hr>141</ns3:hr>
            <ns3:cad>87</ns3:cad>
          </ns3:TrackPointExtension>
        </extensions>
      </trkpt>
      <trkpt lat="24.536733068525791168212890625" lon="118.1561122834682464599609375">
        <ele>10.19999980926513671875</ele>
        <time>2026-09-09T13:13:34.000Z</time>
        <extensions>
          <ns3:TrackPointExtension>
            <ns3:hr>142</ns3:hr>
            <ns3:cad>89</ns3:cad>
          </ns3:TrackPointExtension>
        </extensions>
      </trkpt>
      <trkpt lat="24.5367126166820526123046875" lon="118.15613382495939731597900390625">
        <ele>10.19999980926513671875</ele>
        <time>2026-09-09T13:13:35.000Z</time>
        <extensions>
          <ns3:TrackPointExtension>
            <ns3:hr>143</ns3:hr>
            <ns3:cad>89</ns3:cad>
          </ns3:TrackPointExtension>
        </extensions>
      </trkpt>
      <trkpt lat="24.53668512403964996337890625" lon="118.15616500563919544219970703125">
        <ele>10.3999996185302734375</ele>
        <time>2026-09-09T13:13:36.000Z</time>
        <extensions>
          <ns3:TrackPointExtension>
            <ns3:hr>144</ns3:hr>
            <ns3:cad>88</ns3:cad>
          </ns3:TrackPointExtension>
        </extensions>
      </trkpt>
      <trkpt lat="24.5366598106920719146728515625" lon="118.15617489628493785858154296875">
        <ele>10.3999996185302734375</ele>
        <time>2026-09-09T13:13:37.000Z</time>
        <extensions>
          <ns3:TrackPointExtension>
            <ns3:hr>146</ns3:hr>
            <ns3:cad>88</ns3:cad>
          </ns3:TrackPointExtension>
        </extensions>
      </trkpt>
      <trkpt lat="24.5366598106920719146728515625" lon="118.15617489628493785858154296875">
        <ele>10.3999996185302734375</ele>
        <time>2026-09-09T13:13:38.000Z</time>
        <extensions>
          <ns3:TrackPointExtension>
            <ns3:hr>147</ns3:hr>
            <ns3:cad>87</ns3:cad>
          </ns3:TrackPointExtension>
        </extensions>
      </trkpt>
      <trkpt lat="24.5365974493324756622314453125" lon="118.156186379492282867431640625">
        <ele>10.6000003814697265625</ele>
        <time>2026-09-09T13:13:39.000Z</time>
        <extensions>
          <ns3:TrackPointExtension>
            <ns3:hr>148</ns3:hr>
            <ns3:cad>87</ns3:cad>
          </ns3:TrackPointExtension>
        </extensions>
      </trkpt>
      <trkpt lat="24.5365595631301403045654296875" lon="118.156180344521999359130859375">
        <ele>10.6000003814697265625</ele>
        <time>2026-09-09T13:13:40.000Z</time>
        <extensions>
          <ns3:TrackPointExtension>
            <ns3:hr>149</ns3:hr>
            <ns3:cad>87</ns3:cad>
          </ns3:TrackPointExtension>
        </extensions>
      </trkpt>
      <trkpt lat="24.53652813099324703216552734375" lon="118.15617263317108154296875">
        <ele>10.6000003814697265625</ele>
        <time>2026-09-09T13:13:41.000Z</time>
        <extensions>
          <ns3:TrackPointExtension>
            <ns3:hr>151</ns3:hr>
            <ns3:cad>87</ns3:cad>
          </ns3:TrackPointExtension>
        </extensions>
      </trkpt>
      <trkpt lat="24.536486975848674774169921875" lon="118.1561659276485443115234375">
        <ele>10.6000003814697265625</ele>
        <time>2026-09-09T13:13:42.000Z</time>
        <extensions>
          <ns3:TrackPointExtension>
            <ns3:hr>152</ns3:hr>
            <ns3:cad>88</ns3:cad>
          </ns3:TrackPointExtension>
        </extensions>
      </trkpt>
      <trkpt lat="24.53644783236086368560791015625" lon="118.1561567075550556182861328125">
        <ele>10.6000003814697265625</ele>
        <time>2026-09-09T13:13:43.000Z</time>
        <extensions>
          <ns3:TrackPointExtension>
            <ns3:hr>153</ns3:hr>
            <ns3:cad>88</ns3:cad>
          </ns3:TrackPointExtension>
        </extensions>
      </trkpt>
      <trkpt lat="24.53640826977789402008056640625" lon="118.15613843500614166259765625">
        <ele>10.80000019073486328125</ele>
        <time>2026-09-09T13:13:44.000Z</time>
        <extensions>
          <ns3:TrackPointExtension>
            <ns3:hr>153</ns3:hr>
            <ns3:cad>88</ns3:cad>
          </ns3:TrackPointExtension>
        </extensions>
      </trkpt>
      <trkpt lat="24.53637256287038326263427734375" lon="118.156113289296627044677734375">
        <ele>10.80000019073486328125</ele>
        <time>2026-09-09T13:13:45.000Z</time>
        <extensions>
          <ns3:TrackPointExtension>
            <ns3:hr>153</ns3:hr>
            <ns3:cad>88</ns3:cad>
          </ns3:TrackPointExtension>
        </extensions>
      </trkpt>
      <trkpt lat="24.5363392867147922515869140625" lon="118.156100548803806304931640625">
        <ele>10.80000019073486328125</ele>
        <time>2026-09-09T13:13:46.000Z</time>
        <extensions>
          <ns3:TrackPointExtension>
            <ns3:hr>153</ns3:hr>
            <ns3:cad>87</ns3:cad>
          </ns3:TrackPointExtension>
        </extensions>
      </trkpt>
      <trkpt lat="24.536297880113124847412109375" lon="118.15606811083853244781494140625">
        <ele>10.80000019073486328125</ele>
        <time>2026-09-09T13:13:47.000Z</time>
        <extensions>
          <ns3:TrackPointExtension>
            <ns3:hr>154</ns3:hr>
            <ns3:cad>87</ns3:cad>
          </ns3:TrackPointExtension>
        </extensions>
      </trkpt>
      <trkpt lat="24.53626996837556362152099609375" lon="118.1560532748699188232421875">
        <ele>10.80000019073486328125</ele>
        <time>2026-09-09T13:13:48.000Z</time>
        <extensions>
          <ns3:TrackPointExtension>
            <ns3:hr>154</ns3:hr>
            <ns3:cad>87</ns3:cad>
          </ns3:TrackPointExtension>
        </extensions>
      </trkpt>
      <trkpt lat="24.53623442910611629486083984375" lon="118.15602670423686504364013671875">
        <ele>11</ele>
        <time>2026-09-09T13:13:49.000Z</time>
        <extensions>
          <ns3:TrackPointExtension>
            <ns3:hr>154</ns3:hr>
            <ns3:cad>88</ns3:cad>
          </ns3:TrackPointExtension>
        </extensions>
      </trkpt>
      <trkpt lat="24.5362125523388385772705078125" lon="118.1560115329921245574951171875">
        <ele>10.80000019073486328125</ele>
        <time>2026-09-09T13:13:50.000Z</time>
        <extensions>
          <ns3:TrackPointExtension>
            <ns3:hr>154</ns3:hr>
            <ns3:cad>88</ns3:cad>
          </ns3:TrackPointExtension>
        </extensions>
      </trkpt>
      <trkpt lat="24.5361810363829135894775390625" lon="118.1559894047677516937255859375">
        <ele>11</ele>
        <time>2026-09-09T13:13:51.000Z</time>
        <extensions>
          <ns3:TrackPointExtension>
            <ns3:hr>154</ns3:hr>
            <ns3:cad>87</ns3:cad>
          </ns3:TrackPointExtension>
        </extensions>
      </trkpt>
      <trkpt lat="24.5361622609198093414306640625" lon="118.15597347915172576904296875">
        <ele>11</ele>
        <time>2026-09-09T13:13:52.000Z</time>
        <extensions>
          <ns3:TrackPointExtension>
            <ns3:hr>155</ns3:hr>
            <ns3:cad>87</ns3:cad>
          </ns3:TrackPointExtension>
        </extensions>
      </trkpt>
      <trkpt lat="24.53613736666738986968994140625" lon="118.15595529042184352874755859375">
        <ele>11</ele>
        <time>2026-09-09T13:13:53.000Z</time>
        <extensions>
          <ns3:TrackPointExtension>
            <ns3:hr>155</ns3:hr>
            <ns3:cad>87</ns3:cad>
          </ns3:TrackPointExtension>
        </extensions>
      </trkpt>
      <trkpt lat="24.53611406497657299041748046875" lon="118.1559352576732635498046875">
        <ele>11.19999980926513671875</ele>
        <time>2026-09-09T13:13:54.000Z</time>
        <extensions>
          <ns3:TrackPointExtension>
            <ns3:hr>155</ns3:hr>
            <ns3:cad>87</ns3:cad>
          </ns3:TrackPointExtension>
        </extensions>
      </trkpt>
      <trkpt lat="24.53609059564769268035888671875" lon="118.1559169851243495941162109375">
        <ele>11.19999980926513671875</ele>
        <time>2026-09-09T13:13:55.000Z</time>
        <extensions>
          <ns3:TrackPointExtension>
            <ns3:hr>156</ns3:hr>
            <ns3:cad>86</ns3:cad>
          </ns3:TrackPointExtension>
        </extensions>
      </trkpt>
      <trkpt lat="24.5360646955668926239013671875" lon="118.1558901630342006683349609375">
        <ele>11.19999980926513671875</ele>
        <time>2026-09-09T13:13:56.000Z</time>
        <extensions>
          <ns3:TrackPointExtension>
            <ns3:hr>156</ns3:hr>
            <ns3:cad>87</ns3:cad>
          </ns3:TrackPointExtension>
        </extensions>
      </trkpt>
      <trkpt lat="24.53603745438158512115478515625" lon="118.1558733992278575897216796875">
        <ele>11.19999980926513671875</ele>
        <time>2026-09-09T13:13:57.000Z</time>
        <extensions>
          <ns3:TrackPointExtension>
            <ns3:hr>156</ns3:hr>
            <ns3:cad>87</ns3:cad>
          </ns3:TrackPointExtension>
        </extensions>
      </trkpt>
      <trkpt lat="24.53600384294986724853515625" lon="118.15584548749029636383056640625">
        <ele>11.19999980926513671875</ele>
        <time>2026-09-09T13:13:58.000Z</time>
        <extensions>
          <ns3:TrackPointExtension>
            <ns3:hr>156</ns3:hr>
            <ns3:cad>88</ns3:cad>
          </ns3:TrackPointExtension>
        </extensions>
      </trkpt>
      <trkpt lat="24.53598028980195522308349609375" lon="118.1558331660926342010498046875">
        <ele>11.19999980926513671875</ele>
        <time>2026-09-09T13:13:59.000Z</time>
        <extensions>
          <ns3:TrackPointExtension>
            <ns3:hr>156</ns3:hr>
            <ns3:cad>88</ns3:cad>
          </ns3:TrackPointExtension>
        </extensions>
      </trkpt>
      <trkpt lat="24.5359481871128082275390625" lon="118.155808188021183013916015625">
        <ele>11.19999980926513671875</ele>
        <time>2026-09-09T13:14:00.000Z</time>
        <extensions>
          <ns3:TrackPointExtension>
            <ns3:hr>156</ns3:hr>
            <ns3:cad>88</ns3:cad>
          </ns3:TrackPointExtension>
        </extensions>
      </trkpt>
      <trkpt lat="24.5359329320490360260009765625" lon="118.15579318441450595855712890625">
        <ele>11</ele>
        <time>2026-09-09T13:14:01.000Z</time>
        <extensions>
          <ns3:TrackPointExtension>
            <ns3:hr>155</ns3:hr>
            <ns3:cad>87</ns3:cad>
          </ns3:TrackPointExtension>
        </extensions>
      </trkpt>
      <trkpt lat="24.5359047688543796539306640625" lon="118.15576954744756221771240234375">
        <ele>11</ele>
        <time>2026-09-09T13:14:02.000Z</time>
        <extensions>
          <ns3:TrackPointExtension>
            <ns3:hr>156</ns3:hr>
            <ns3:cad>87</ns3:cad>
          </ns3:TrackPointExtension>
        </extensions>
      </trkpt>
      <trkpt lat="24.535884819924831390380859375" lon="118.1557493470609188079833984375">
        <ele>11.19999980926513671875</ele>
        <time>2026-09-09T13:14:03.000Z</time>
        <extensions>
          <ns3:TrackPointExtension>
            <ns3:hr>156</ns3:hr>
            <ns3:cad>87</ns3:cad>
          </ns3:TrackPointExtension>
        </extensions>
      </trkpt>
      <trkpt lat="24.53585741110146045684814453125" lon="118.15572696737945079803466796875">
        <ele>11.19999980926513671875</ele>
        <time>2026-09-09T13:14:04.000Z</time>
        <extensions>
          <ns3:TrackPointExtension>
            <ns3:hr>154</ns3:hr>
            <ns3:cad>87</ns3:cad>
          </ns3:TrackPointExtension>
        </extensions>
      </trkpt>
      <trkpt lat="24.535831511020660400390625" lon="118.15570919774472713470458984375">
        <ele>11.19999980926513671875</ele>
        <time>2026-09-09T13:14:05.000Z</time>
        <extensions>
          <ns3:TrackPointExtension>
            <ns3:hr>151</ns3:hr>
            <ns3:cad>88</ns3:cad>
          </ns3:TrackPointExtension>
        </extensions>
      </trkpt>
      <trkpt lat="24.53580644913017749786376953125" lon="118.155693523585796356201171875">
        <ele>11.19999980926513671875</ele>
        <time>2026-09-09T13:14:06.000Z</time>
        <extensions>
          <ns3:TrackPointExtension>
            <ns3:hr>148</ns3:hr>
            <ns3:cad>88</ns3:cad>
          </ns3:TrackPointExtension>
        </extensions>
      </trkpt>
      <trkpt lat="24.535777866840362548828125" lon="118.1556718982756137847900390625">
        <ele>11.19999980926513671875</ele>
        <time>2026-09-09T13:14:07.000Z</time>
        <extensions>
          <ns3:TrackPointExtension>
            <ns3:hr>148</ns3:hr>
            <ns3:cad>88</ns3:cad>
          </ns3:TrackPointExtension>
        </extensions>
      </trkpt>
      <trkpt lat="24.53575364314019680023193359375" lon="118.15566125325858592987060546875">
        <ele>11.19999980926513671875</ele>
        <time>2026-09-09T13:14:08.000Z</time>
        <extensions>
          <ns3:TrackPointExtension>
            <ns3:hr>148</ns3:hr>
            <ns3:cad>87</ns3:cad>
          </ns3:TrackPointExtension>
        </extensions>
      </trkpt>
      <trkpt lat="24.535721205174922943115234375" lon="118.1556403823196887969970703125">
        <ele>11.19999980926513671875</ele>
        <time>2026-09-09T13:14:09.000Z</time>
        <extensions>
          <ns3:TrackPointExtension>
            <ns3:hr>147</ns3:hr>
            <ns3:cad>87</ns3:cad>
          </ns3:TrackPointExtension>
        </extensions>
      </trkpt>
      <trkpt lat="24.53569865785539150238037109375" lon="118.15563292242586612701416015625">
        <ele>11.19999980926513671875</ele>
        <time>2026-09-09T13:14:10.000Z</time>
        <extensions>
          <ns3:TrackPointExtension>
            <ns3:hr>147</ns3:hr>
            <ns3:cad>87</ns3:cad>
          </ns3:TrackPointExtension>
        </extensions>
      </trkpt>
      <trkpt lat="24.53566714189946651458740234375" lon="118.1556115485727787017822265625">
        <ele>11.19999980926513671875</ele>
        <time>2026-09-09T13:14:11.000Z</time>
        <extensions>
          <ns3:TrackPointExtension>
            <ns3:hr>147</ns3:hr>
            <ns3:cad>86</ns3:cad>
          </ns3:TrackPointExtension>
        </extensions>
      </trkpt>
      <trkpt lat="24.5356509648263454437255859375" lon="118.1555981375277042388916015625">
        <ele>11.19999980926513671875</ele>
        <time>2026-09-09T13:14:12.000Z</time>
        <extensions>
          <ns3:TrackPointExtension>
            <ns3:hr>147</ns3:hr>
            <ns3:cad>87</ns3:cad>
          </ns3:TrackPointExtension>
        </extensions>
      </trkpt>
      <trkpt lat="24.53562221489846706390380859375" lon="118.15558187663555145263671875">
        <ele>11.3999996185302734375</ele>
        <time>2026-09-09T13:14:13.000Z</time>
        <extensions>
          <ns3:TrackPointExtension>
            <ns3:hr>147</ns3:hr>
            <ns3:cad>87</ns3:cad>
          </ns3:TrackPointExtension>
        </extensions>
      </trkpt>
      <trkpt lat="24.53559841029345989227294921875" lon="118.15556737594306468963623046875">
        <ele>11.3999996185302734375</ele>
        <time>2026-09-09T13:14:14.000Z</time>
        <extensions>
          <ns3:TrackPointExtension>
            <ns3:hr>147</ns3:hr>
            <ns3:cad>87</ns3:cad>
          </ns3:TrackPointExtension>
        </extensions>
      </trkpt>
      <trkpt lat="24.53557343222200870513916015625" lon="118.1555542163550853729248046875">
        <ele>11.19999980926513671875</ele>
        <time>2026-09-09T13:14:15.000Z</time>
        <extensions>
          <ns3:TrackPointExtension>
            <ns3:hr>146</ns3:hr>
            <ns3:cad>87</ns3:cad>
          </ns3:TrackPointExtension>
        </extensions>
      </trkpt>
      <trkpt lat="24.5355466939508914947509765625" lon="118.15553887747228145599365234375">
        <ele>11.3999996185302734375</ele>
        <time>2026-09-09T13:14:16.000Z</time>
        <extensions>
          <ns3:TrackPointExtension>
            <ns3:hr>147</ns3:hr>
            <ns3:cad>87</ns3:cad>
          </ns3:TrackPointExtension>
        </extensions>
      </trkpt>
      <trkpt lat="24.53552230261266231536865234375" lon="118.15553518943488597869873046875">
        <ele>11.19999980926513671875</ele>
        <time>2026-09-09T13:14:17.000Z</time>
        <extensions>
          <ns3:TrackPointExtension>
            <ns3:hr>147</ns3:hr>
            <ns3:cad>87</ns3:cad>
          </ns3:TrackPointExtension>
        </extensions>
      </trkpt>
      <trkpt lat="24.5354910381138324737548828125" lon="118.1555176712572574615478515625">
        <ele>11.3999996185302734375</ele>
        <time>2026-09-09T13:14:18.000Z</time>
        <extensions>
          <ns3:TrackPointExtension>
            <ns3:hr>147</ns3:hr>
            <ns3:cad>86</ns3:cad>
          </ns3:TrackPointExtension>
        </extensions>
      </trkpt>
      <trkpt lat="24.535470418632030487060546875" lon="118.155512474477291107177734375">
        <ele>11.3999996185302734375</ele>
        <time>2026-09-09T13:14:19.000Z</time>
        <extensions>
          <ns3:TrackPointExtension>
            <ns3:hr>147</ns3:hr>
            <ns3:cad>87</ns3:cad>
          </ns3:TrackPointExtension>
        </extensions>
      </trkpt>
      <trkpt lat="24.53543948940932750701904296875" lon="118.1554952077567577362060546875">
        <ele>11.3999996185302734375</ele>
        <time>2026-09-09T13:14:20.000Z</time>
        <extensions>
          <ns3:TrackPointExtension>
            <ns3:hr>146</ns3:hr>
            <ns3:cad>87</ns3:cad>
          </ns3:TrackPointExtension>
        </extensions>
      </trkpt>
      <trkpt lat="24.53541736118495464324951171875" lon="118.1554841436445713043212890625">
        <ele>11.3999996185302734375</ele>
        <time>2026-09-09T13:14:21.000Z</time>
        <extensions>
          <ns3:TrackPointExtension>
            <ns3:hr>147</ns3:hr>
            <ns3:cad>87</ns3:cad>
          </ns3:TrackPointExtension>
        </extensions>
      </trkpt>
      <trkpt lat="24.53539003618061542510986328125" lon="118.15546142868697643280029296875">
        <ele>11.6000003814697265625</ele>
        <time>2026-09-09T13:14:22.000Z</time>
        <extensions>
          <ns3:TrackPointExtension>
            <ns3:hr>147</ns3:hr>
            <ns3:cad>87</ns3:cad>
          </ns3:TrackPointExtension>
        </extensions>
      </trkpt>
      <trkpt lat="24.535369835793972015380859375" lon="118.15543837845325469970703125">
        <ele>11.6000003814697265625</ele>
        <time>2026-09-09T13:14:23.000Z</time>
        <extensions>
          <ns3:TrackPointExtension>
            <ns3:hr>147</ns3:hr>
            <ns3:cad>87</ns3:cad>
          </ns3:TrackPointExtension>
        </extensions>
      </trkpt>
      <trkpt lat="24.53534309752285480499267578125" lon="118.15541314892470836639404296875">
        <ele>11.6000003814697265625</ele>
        <time>2026-09-09T13:14:24.000Z</time>
        <extensions>
          <ns3:TrackPointExtension>
            <ns3:hr>146</ns3:hr>
            <ns3:cad>86</ns3:cad>
          </ns3:TrackPointExtension>
        </extensions>
      </trkpt>
      <trkpt lat="24.53531979583203792572021484375" lon="118.155392110347747802734375">
        <ele>11.6000003814697265625</ele>
        <time>2026-09-09T13:14:25.000Z</time>
        <extensions>
          <ns3:TrackPointExtension>
            <ns3:hr>147</ns3:hr>
            <ns3:cad>86</ns3:cad>
          </ns3:TrackPointExtension>
        </extensions>
      </trkpt>
      <trkpt lat="24.53529532067477703094482421875" lon="118.155374340713024139404296875">
        <ele>11.6000003814697265625</ele>
        <time>2026-09-09T13:14:26.000Z</time>
        <extensions>
          <ns3:TrackPointExtension>
            <ns3:hr>147</ns3:hr>
            <ns3:cad>87</ns3:cad>
          </ns3:TrackPointExtension>
        </extensions>
      </trkpt>
      <trkpt lat="24.53527319245040416717529296875" lon="118.15535179339349269866943359375">
        <ele>11.6000003814697265625</ele>
        <time>2026-09-09T13:14:27.000Z</time>
        <extensions>
          <ns3:TrackPointExtension>
            <ns3:hr>147</ns3:hr>
            <ns3:cad>87</ns3:cad>
          </ns3:TrackPointExtension>
        </extensions>
      </trkpt>
      <trkpt lat="24.53524989075958728790283203125" lon="118.1553396396338939666748046875">
        <ele>11.6000003814697265625</ele>
        <time>2026-09-09T13:14:28.000Z</time>
        <extensions>
          <ns3:TrackPointExtension>
            <ns3:hr>147</ns3:hr>
            <ns3:cad>88</ns3:cad>
          </ns3:TrackPointExtension>
        </extensions>
      </trkpt>
      <trkpt lat="24.535224325954914093017578125" lon="118.1553141586482524871826171875">
        <ele>11.6000003814697265625</ele>
        <time>2026-09-09T13:14:29.000Z</time>
        <extensions>
          <ns3:TrackPointExtension>
            <ns3:hr>147</ns3:hr>
            <ns3:cad>88</ns3:cad>
          </ns3:TrackPointExtension>
        </extensions>
      </trkpt>
      <trkpt lat="24.53520328737795352935791015625" lon="118.155306614935398101806640625">
        <ele>11.80000019073486328125</ele>
        <time>2026-09-09T13:14:30.000Z</time>
        <extensions>
          <ns3:TrackPointExtension>
            <ns3:hr>147</ns3:hr>
            <ns3:cad>88</ns3:cad>
          </ns3:TrackPointExtension>
        </extensions>
      </trkpt>
      <trkpt lat="24.53517059795558452606201171875" lon="118.1552861630916595458984375">
        <ele>11.80000019073486328125</ele>
        <time>2026-09-09T13:14:31.000Z</time>
        <extensions>
          <ns3:TrackPointExtension>
            <ns3:hr>147</ns3:hr>
            <ns3:cad>87</ns3:cad>
          </ns3:TrackPointExtension>
        </extensions>
      </trkpt>
      <trkpt lat="24.5351515710353851318359375" lon="118.1552754342555999755859375">
        <ele>11.80000019073486328125</ele>
        <time>2026-09-09T13:14:32.000Z</time>
        <extensions>
          <ns3:TrackPointExtension>
            <ns3:hr>148</ns3:hr>
            <ns3:cad>86</ns3:cad>
          </ns3:TrackPointExtension>
        </extensions>
      </trkpt>
      <trkpt lat="24.535118378698825836181640625" lon="118.1552618555724620819091796875">
        <ele>11.80000019073486328125</ele>
        <time>2026-09-09T13:14:33.000Z</time>
        <extensions>
          <ns3:TrackPointExtension>
            <ns3:hr>148</ns3:hr>
            <ns3:cad>86</ns3:cad>
          </ns3:TrackPointExtension>
        </extensions>
      </trkpt>
      <trkpt lat="24.53510203398764133453369140625" lon="118.15524366684257984161376953125">
        <ele>11.80000019073486328125</ele>
        <time>2026-09-09T13:14:34.000Z</time>
        <extensions>
          <ns3:TrackPointExtension>
            <ns3:hr>148</ns3:hr>
            <ns3:cad>87</ns3:cad>
          </ns3:TrackPointExtension>
        </extensions>
      </trkpt>
      <trkpt lat="24.53507051803171634674072265625" lon="118.15523528493940830230712890625">
        <ele>11.80000019073486328125</ele>
        <time>2026-09-09T13:14:35.000Z</time>
        <extensions>
          <ns3:TrackPointExtension>
            <ns3:hr>148</ns3:hr>
            <ns3:cad>88</ns3:cad>
          </ns3:TrackPointExtension>
        </extensions>
      </trkpt>
      <trkpt lat="24.53504084609448909759521484375" lon="118.1552263163030147552490234375">
        <ele>11.80000019073486328125</ele>
        <time>2026-09-09T13:14:36.000Z</time>
        <extensions>
          <ns3:TrackPointExtension>
            <ns3:hr>148</ns3:hr>
            <ns3:cad>88</ns3:cad>
          </ns3:TrackPointExtension>
        </extensions>
      </trkpt>
      <trkpt lat="24.5350109227001667022705078125" lon="118.15522505901753902435302734375">
        <ele>11.80000019073486328125</ele>
        <time>2026-09-09T13:14:37.000Z</time>
        <extensions>
          <ns3:TrackPointExtension>
            <ns3:hr>147</ns3:hr>
            <ns3:cad>88</ns3:cad>
          </ns3:TrackPointExtension>
        </extensions>
      </trkpt>
      <trkpt lat="24.53497814945876598358154296875" lon="118.155214749276638031005859375">
        <ele>12</ele>
        <time>2026-09-09T13:14:38.000Z</time>
        <extensions>
          <ns3:TrackPointExtension>
            <ns3:hr>148</ns3:hr>
            <ns3:cad>88</ns3:cad>
          </ns3:TrackPointExtension>
        </extensions>
      </trkpt>
      <trkpt lat="24.53495769761502742767333984375" lon="118.155221454799175262451171875">
        <ele>12</ele>
        <time>2026-09-09T13:14:39.000Z</time>
        <extensions>
          <ns3:TrackPointExtension>
            <ns3:hr>148</ns3:hr>
            <ns3:cad>87</ns3:cad>
          </ns3:TrackPointExtension>
        </extensions>
      </trkpt>
      <trkpt lat="24.5349190570414066314697265625" lon="118.15522070042788982391357421875">
        <ele>12</ele>
        <time>2026-09-09T13:14:40.000Z</time>
        <extensions>
          <ns3:TrackPointExtension>
            <ns3:hr>148</ns3:hr>
            <ns3:cad>87</ns3:cad>
          </ns3:TrackPointExtension>
        </extensions>
      </trkpt>
      <trkpt lat="24.5348982699215412139892578125" lon="118.15522992052137851715087890625">
        <ele>12</ele>
        <time>2026-09-09T13:14:41.000Z</time>
        <extensions>
          <ns3:TrackPointExtension>
            <ns3:hr>148</ns3:hr>
            <ns3:cad>86</ns3:cad>
          </ns3:TrackPointExtension>
        </extensions>
      </trkpt>
      <trkpt lat="24.5348587073385715484619140625" lon="118.15523243509232997894287109375">
        <ele>12</ele>
        <time>2026-09-09T13:14:42.000Z</time>
        <extensions>
          <ns3:TrackPointExtension>
            <ns3:hr>149</ns3:hr>
            <ns3:cad>86</ns3:cad>
          </ns3:TrackPointExtension>
        </extensions>
      </trkpt>
      <trkpt lat="24.53483641147613525390625" lon="118.15524391829967498779296875">
        <ele>12.19999980926513671875</ele>
        <time>2026-09-09T13:14:43.000Z</time>
        <extensions>
          <ns3:TrackPointExtension>
            <ns3:hr>149</ns3:hr>
            <ns3:cad>88</ns3:cad>
          </ns3:TrackPointExtension>
        </extensions>
      </trkpt>
      <trkpt lat="24.534796178340911865234375" lon="118.155254311859607696533203125">
        <ele>12.19999980926513671875</ele>
        <time>2026-09-09T13:14:44.000Z</time>
        <extensions>
          <ns3:TrackPointExtension>
            <ns3:hr>149</ns3:hr>
            <ns3:cad>88</ns3:cad>
          </ns3:TrackPointExtension>
        </extensions>
      </trkpt>
      <trkpt lat="24.53477002680301666259765625" lon="118.15525758080184459686279296875">
        <ele>12.19999980926513671875</ele>
        <time>2026-09-09T13:14:45.000Z</time>
        <extensions>
          <ns3:TrackPointExtension>
            <ns3:hr>149</ns3:hr>
            <ns3:cad>88</ns3:cad>
          </ns3:TrackPointExtension>
        </extensions>
      </trkpt>
      <trkpt lat="24.53473323024809360504150390625" lon="118.155271075665950775146484375">
        <ele>12.19999980926513671875</ele>
        <time>2026-09-09T13:14:46.000Z</time>
        <extensions>
          <ns3:TrackPointExtension>
            <ns3:hr>149</ns3:hr>
            <ns3:cad>88</ns3:cad>
          </ns3:TrackPointExtension>
        </extensions>
      </trkpt>
      <trkpt lat="24.53470607288181781768798828125" lon="118.15527769736945629119873046875">
        <ele>12.19999980926513671875</ele>
        <time>2026-09-09T13:14:47.000Z</time>
        <extensions>
          <ns3:TrackPointExtension>
            <ns3:hr>150</ns3:hr>
            <ns3:cad>87</ns3:cad>
          </ns3:TrackPointExtension>
        </extensions>
      </trkpt>
      <trkpt lat="24.5346786640584468841552734375" lon="118.15529110841453075408935546875">
        <ele>12</ele>
        <time>2026-09-09T13:14:48.000Z</time>
        <extensions>
          <ns3:TrackPointExtension>
            <ns3:hr>150</ns3:hr>
            <ns3:cad>87</ns3:cad>
          </ns3:TrackPointExtension>
        </extensions>
      </trkpt>
      <trkpt lat="24.53464572317898273468017578125" lon="118.15530183725059032440185546875">
        <ele>12.19999980926513671875</ele>
        <time>2026-09-09T13:14:49.000Z</time>
        <extensions>
          <ns3:TrackPointExtension>
            <ns3:hr>150</ns3:hr>
            <ns3:cad>86</ns3:cad>
          </ns3:TrackPointExtension>
        </extensions>
      </trkpt>
      <trkpt lat="24.5346246846020221710205078125" lon="118.15531625412404537200927734375">
        <ele>12.19999980926513671875</ele>
        <time>2026-09-09T13:14:50.000Z</time>
        <extensions>
          <ns3:TrackPointExtension>
            <ns3:hr>150</ns3:hr>
            <ns3:cad>88</ns3:cad>
          </ns3:TrackPointExtension>
        </extensions>
      </trkpt>
      <trkpt lat="24.53459057025611400604248046875" lon="118.15533134154975414276123046875">
        <ele>12.19999980926513671875</ele>
        <time>2026-09-09T13:14:51.000Z</time>
        <extensions>
          <ns3:TrackPointExtension>
            <ns3:hr>150</ns3:hr>
            <ns3:cad>88</ns3:cad>
          </ns3:TrackPointExtension>
        </extensions>
      </trkpt>
      <trkpt lat="24.5345740579068660736083984375" lon="118.15534089691936969757080078125">
        <ele>12.3999996185302734375</ele>
        <time>2026-09-09T13:14:52.000Z</time>
        <extensions>
          <ns3:TrackPointExtension>
            <ns3:hr>150</ns3:hr>
            <ns3:cad>88</ns3:cad>
          </ns3:TrackPointExtension>
        </extensions>
      </trkpt>
      <trkpt lat="24.53453441150486469268798828125" lon="118.1553567387163639068603515625">
        <ele>12.3999996185302734375</ele>
        <time>2026-09-09T13:14:53.000Z</time>
        <extensions>
          <ns3:TrackPointExtension>
            <ns3:hr>150</ns3:hr>
            <ns3:cad>87</ns3:cad>
          </ns3:TrackPointExtension>
        </extensions>
      </trkpt>
      <trkpt lat="24.5345116965472698211669921875" lon="118.15536654554307460784912109375">
        <ele>12.3999996185302734375</ele>
        <time>2026-09-09T13:14:54.000Z</time>
        <extensions>
          <ns3:TrackPointExtension>
            <ns3:hr>151</ns3:hr>
            <ns3:cad>86</ns3:cad>
          </ns3:TrackPointExtension>
        </extensions>
      </trkpt>
      <trkpt lat="24.53447892330586910247802734375" lon="118.15538414753973484039306640625">
        <ele>12.3999996185302734375</ele>
        <time>2026-09-09T13:14:55.000Z</time>
        <extensions>
          <ns3:TrackPointExtension>
            <ns3:hr>151</ns3:hr>
            <ns3:cad>86</ns3:cad>
          </ns3:TrackPointExtension>
        </extensions>
      </trkpt>
      <trkpt lat="24.53445662744343280792236328125" lon="118.1553909368813037872314453125">
        <ele>12.3999996185302734375</ele>
        <time>2026-09-09T13:14:56.000Z</time>
        <extensions>
          <ns3:TrackPointExtension>
            <ns3:hr>151</ns3:hr>
            <ns3:cad>87</ns3:cad>
          </ns3:TrackPointExtension>
        </extensions>
      </trkpt>
      <trkpt lat="24.5344312302768230438232421875" lon="118.15540225245058536529541015625">
        <ele>12.3999996185302734375</ele>
        <time>2026-09-09T13:14:57.000Z</time>
        <extensions>
          <ns3:TrackPointExtension>
            <ns3:hr>151</ns3:hr>
            <ns3:cad>87</ns3:cad>
          </ns3:TrackPointExtension>
        </extensions>
      </trkpt>
      <trkpt lat="24.534398876130580902099609375" lon="118.15540577284991741180419921875">
        <ele>12.3999996185302734375</ele>
        <time>2026-09-09T13:14:58.000Z</time>
        <extensions>
          <ns3:TrackPointExtension>
            <ns3:hr>151</ns3:hr>
            <ns3:cad>88</ns3:cad>
          </ns3:TrackPointExtension>
        </extensions>
      </trkpt>
      <trkpt lat="24.53437465243041515350341796875" lon="118.15541164018213748931884765625">
        <ele>12.3999996185302734375</ele>
        <time>2026-09-09T13:14:59.000Z</time>
        <extensions>
          <ns3:TrackPointExtension>
            <ns3:hr>151</ns3:hr>
            <ns3:cad>88</ns3:cad>
          </ns3:TrackPointExtension>
        </extensions>
      </trkpt>
      <trkpt lat="24.53433492220938205718994140625" lon="118.15540359355509281158447265625">
        <ele>12.3999996185302734375</ele>
        <time>2026-09-09T13:15:00.000Z</time>
        <extensions>
          <ns3:TrackPointExtension>
            <ns3:hr>151</ns3:hr>
            <ns3:cad>88</ns3:cad>
          </ns3:TrackPointExtension>
        </extensions>
      </trkpt>
      <trkpt lat="24.53431581147015094757080078125" lon="118.15540426410734653472900390625">
        <ele>12.3999996185302734375</ele>
        <time>2026-09-09T13:15:01.000Z</time>
        <extensions>
          <ns3:TrackPointExtension>
            <ns3:hr>151</ns3:hr>
            <ns3:cad>87</ns3:cad>
          </ns3:TrackPointExtension>
        </extensions>
      </trkpt>
      <trkpt lat="24.53427289612591266632080078125" lon="118.15539655275642871856689453125">
        <ele>12.3999996185302734375</ele>
        <time>2026-09-09T13:15:02.000Z</time>
        <extensions>
          <ns3:TrackPointExtension>
            <ns3:hr>151</ns3:hr>
            <ns3:cad>86</ns3:cad>
          </ns3:TrackPointExtension>
        </extensions>
      </trkpt>
      <trkpt lat="24.53425345011055469512939453125" lon="118.15539772622287273406982421875">
        <ele>12.3999996185302734375</ele>
        <time>2026-09-09T13:15:03.000Z</time>
        <extensions>
          <ns3:TrackPointExtension>
            <ns3:hr>151</ns3:hr>
            <ns3:cad>86</ns3:cad>
          </ns3:TrackPointExtension>
        </extensions>
      </trkpt>
      <trkpt lat="24.53421522863209247589111328125" lon="118.15539604984223842620849609375">
        <ele>12.3999996185302734375</ele>
        <time>2026-09-09T13:15:04.000Z</time>
        <extensions>
          <ns3:TrackPointExtension>
            <ns3:hr>151</ns3:hr>
            <ns3:cad>86</ns3:cad>
          </ns3:TrackPointExtension>
        </extensions>
      </trkpt>
      <trkpt lat="24.5341898314654827117919921875" lon="118.15538800321519374847412109375">
        <ele>12.19999980926513671875</ele>
        <time>2026-09-09T13:15:05.000Z</time>
        <extensions>
          <ns3:TrackPointExtension>
            <ns3:hr>151</ns3:hr>
            <ns3:cad>88</ns3:cad>
          </ns3:TrackPointExtension>
        </extensions>
      </trkpt>
      <trkpt lat="24.53415672294795513153076171875" lon="118.1553812138736248016357421875">
        <ele>12.19999980926513671875</ele>
        <time>2026-09-09T13:15:06.000Z</time>
        <extensions>
          <ns3:TrackPointExtension>
            <ns3:hr>151</ns3:hr>
            <ns3:cad>88</ns3:cad>
          </ns3:TrackPointExtension>
        </extensions>
      </trkpt>
      <trkpt lat="24.53412554226815700531005859375" lon="118.155370652675628662109375">
        <ele>12.19999980926513671875</ele>
        <time>2026-09-09T13:15:07.000Z</time>
        <extensions>
          <ns3:TrackPointExtension>
            <ns3:hr>152</ns3:hr>
            <ns3:cad>88</ns3:cad>
          </ns3:TrackPointExtension>
        </extensions>
      </trkpt>
      <trkpt lat="24.53409654088318347930908203125" lon="118.1553719937801361083984375">
        <ele>12.19999980926513671875</ele>
        <time>2026-09-09T13:15:08.000Z</time>
        <extensions>
          <ns3:TrackPointExtension>
            <ns3:hr>151</ns3:hr>
            <ns3:cad>88</ns3:cad>
          </ns3:TrackPointExtension>
        </extensions>
      </trkpt>
      <trkpt lat="24.53406888060271739959716796875" lon="118.1553520448505878448486328125">
        <ele>12.3999996185302734375</ele>
        <time>2026-09-09T13:15:09.000Z</time>
        <extensions>
          <ns3:TrackPointExtension>
            <ns3:hr>151</ns3:hr>
            <ns3:cad>87</ns3:cad>
          </ns3:TrackPointExtension>
        </extensions>
      </trkpt>
      <trkpt lat="24.53404658474028110504150390625" lon="118.155346848070621490478515625">
        <ele>12.3999996185302734375</ele>
        <time>2026-09-09T13:15:10.000Z</time>
        <extensions>
          <ns3:TrackPointExtension>
            <ns3:hr>152</ns3:hr>
            <ns3:cad>87</ns3:cad>
          </ns3:TrackPointExtension>
        </extensions>
      </trkpt>
      <trkpt lat="24.53400869853794574737548828125" lon="118.15532882697880268096923828125">
        <ele>12.3999996185302734375</ele>
        <time>2026-09-09T13:15:11.000Z</time>
        <extensions>
          <ns3:TrackPointExtension>
            <ns3:hr>151</ns3:hr>
            <ns3:cad>87</ns3:cad>
          </ns3:TrackPointExtension>
        </extensions>
      </trkpt>
      <trkpt lat="24.53398472629487514495849609375" lon="118.15532715059816837310791015625">
        <ele>12.3999996185302734375</ele>
        <time>2026-09-09T13:15:12.000Z</time>
        <extensions>
          <ns3:TrackPointExtension>
            <ns3:hr>151</ns3:hr>
            <ns3:cad>87</ns3:cad>
          </ns3:TrackPointExtension>
        </extensions>
      </trkpt>
      <trkpt lat="24.53394868411123752593994140625" lon="118.15530267544090747833251953125">
        <ele>12.3999996185302734375</ele>
        <time>2026-09-09T13:15:13.000Z</time>
        <extensions>
          <ns3:TrackPointExtension>
            <ns3:hr>152</ns3:hr>
            <ns3:cad>88</ns3:cad>
          </ns3:TrackPointExtension>
        </extensions>
      </trkpt>
      <trkpt lat="24.533927477896213531494140625" lon="118.15529345534741878509521484375">
        <ele>12.6000003814697265625</ele>
        <time>2026-09-09T13:15:14.000Z</time>
        <extensions>
          <ns3:TrackPointExtension>
            <ns3:hr>151</ns3:hr>
            <ns3:cad>88</ns3:cad>
          </ns3:TrackPointExtension>
        </extensions>
      </trkpt>
      <trkpt lat="24.5338936150074005126953125" lon="118.1552772782742977142333984375">
        <ele>12.3999996185302734375</ele>
        <time>2026-09-09T13:15:15.000Z</time>
        <extensions>
          <ns3:TrackPointExtension>
            <ns3:hr>151</ns3:hr>
            <ns3:cad>88</ns3:cad>
          </ns3:TrackPointExtension>
        </extensions>
      </trkpt>
      <trkpt lat="24.53386838547885417938232421875" lon="118.1552652083337306976318359375">
        <ele>12.3999996185302734375</ele>
        <time>2026-09-09T13:15:16.000Z</time>
        <extensions>
          <ns3:TrackPointExtension>
            <ns3:hr>152</ns3:hr>
            <ns3:cad>88</ns3:cad>
          </ns3:TrackPointExtension>
        </extensions>
      </trkpt>
      <trkpt lat="24.53384240157902240753173828125" lon="118.1552445888519287109375">
        <ele>12.6000003814697265625</ele>
        <time>2026-09-09T13:15:17.000Z</time>
        <extensions>
          <ns3:TrackPointExtension>
            <ns3:hr>152</ns3:hr>
            <ns3:cad>87</ns3:cad>
          </ns3:TrackPointExtension>
        </extensions>
      </trkpt>
      <trkpt lat="24.53381876461207866668701171875" lon="118.15522019751369953155517578125">
        <ele>12.6000003814697265625</ele>
        <time>2026-09-09T13:15:18.000Z</time>
        <extensions>
          <ns3:TrackPointExtension>
            <ns3:hr>152</ns3:hr>
            <ns3:cad>87</ns3:cad>
          </ns3:TrackPointExtension>
        </extensions>
      </trkpt>
      <trkpt lat="24.533798061311244964599609375" lon="118.155205361545085906982421875">
        <ele>12.6000003814697265625</ele>
        <time>2026-09-09T13:15:19.000Z</time>
        <extensions>
          <ns3:TrackPointExtension>
            <ns3:hr>151</ns3:hr>
            <ns3:cad>86</ns3:cad>
          </ns3:TrackPointExtension>
        </extensions>
      </trkpt>
      <trkpt lat="24.533775933086872100830078125" lon="118.15517946146428585052490234375">
        <ele>12.6000003814697265625</ele>
        <time>2026-09-09T13:15:20.000Z</time>
        <extensions>
          <ns3:TrackPointExtension>
            <ns3:hr>151</ns3:hr>
            <ns3:cad>87</ns3:cad>
          </ns3:TrackPointExtension>
        </extensions>
      </trkpt>
      <trkpt lat="24.5337586663663387298583984375" lon="118.1551679782569408416748046875">
        <ele>12.6000003814697265625</ele>
        <time>2026-09-09T13:15:21.000Z</time>
        <extensions>
          <ns3:TrackPointExtension>
            <ns3:hr>151</ns3:hr>
            <ns3:cad>87</ns3:cad>
          </ns3:TrackPointExtension>
        </extensions>
      </trkpt>
      <trkpt lat="24.53373947180807590484619140625" lon="118.15512950532138347625732421875">
        <ele>12.6000003814697265625</ele>
        <time>2026-09-09T13:15:22.000Z</time>
        <extensions>
          <ns3:TrackPointExtension>
            <ns3:hr>151</ns3:hr>
            <ns3:cad>87</ns3:cad>
          </ns3:TrackPointExtension>
        </extensions>
      </trkpt>
      <trkpt lat="24.53372337855398654937744140625" lon="118.1551136635243892669677734375">
        <ele>12.6000003814697265625</ele>
        <time>2026-09-09T13:15:23.000Z</time>
        <extensions>
          <ns3:TrackPointExtension>
            <ns3:hr>151</ns3:hr>
            <ns3:cad>87</ns3:cad>
          </ns3:TrackPointExtension>
        </extensions>
      </trkpt>
      <trkpt lat="24.53370225615799427032470703125" lon="118.1550804711878299713134765625">
        <ele>12.6000003814697265625</ele>
        <time>2026-09-09T13:15:24.000Z</time>
        <extensions>
          <ns3:TrackPointExtension>
            <ns3:hr>151</ns3:hr>
            <ns3:cad>86</ns3:cad>
          </ns3:TrackPointExtension>
        </extensions>
      </trkpt>
      <trkpt lat="24.53368842601776123046875" lon="118.1550529785454273223876953125">
        <ele>12.6000003814697265625</ele>
        <time>2026-09-09T13:15:25.000Z</time>
        <extensions>
          <ns3:TrackPointExtension>
            <ns3:hr>151</ns3:hr>
            <ns3:cad>86</ns3:cad>
          </ns3:TrackPointExtension>
        </extensions>
      </trkpt>
      <trkpt lat="24.53367509879171848297119140625" lon="118.15502255223691463470458984375">
        <ele>12.6000003814697265625</ele>
        <time>2026-09-09T13:15:26.000Z</time>
        <extensions>
          <ns3:TrackPointExtension>
            <ns3:hr>150</ns3:hr>
            <ns3:cad>86</ns3:cad>
          </ns3:TrackPointExtension>
        </extensions>
      </trkpt>
      <trkpt lat="24.53366269357502460479736328125" lon="118.15499070100486278533935546875">
        <ele>12.3999996185302734375</ele>
        <time>2026-09-09T13:15:27.000Z</time>
        <extensions>
          <ns3:TrackPointExtension>
            <ns3:hr>150</ns3:hr>
            <ns3:cad>86</ns3:cad>
          </ns3:TrackPointExtension>
        </extensions>
      </trkpt>
      <trkpt lat="24.53365028835833072662353515625" lon="118.15496589057147502899169921875">
        <ele>12.3999996185302734375</ele>
        <time>2026-09-09T13:15:28.000Z</time>
        <extensions>
          <ns3:TrackPointExtension>
            <ns3:hr>150</ns3:hr>
            <ns3:cad>88</ns3:cad>
          </ns3:TrackPointExtension>
        </extensions>
      </trkpt>
      <trkpt lat="24.53363821841776371002197265625" lon="118.15492984838783740997314453125">
        <ele>12.3999996185302734375</ele>
        <time>2026-09-09T13:15:29.000Z</time>
        <extensions>
          <ns3:TrackPointExtension>
            <ns3:hr>150</ns3:hr>
            <ns3:cad>88</ns3:cad>
          </ns3:TrackPointExtension>
        </extensions>
      </trkpt>
      <trkpt lat="24.53362598083913326263427734375" lon="118.15491006709635257720947265625">
        <ele>12.3999996185302734375</ele>
        <time>2026-09-09T13:15:30.000Z</time>
        <extensions>
          <ns3:TrackPointExtension>
            <ns3:hr>150</ns3:hr>
            <ns3:cad>88</ns3:cad>
          </ns3:TrackPointExtension>
        </extensions>
      </trkpt>
      <trkpt lat="24.533619694411754608154296875" lon="118.15486715175211429595947265625">
        <ele>12.19999980926513671875</ele>
        <time>2026-09-09T13:15:31.000Z</time>
        <extensions>
          <ns3:TrackPointExtension>
            <ns3:hr>150</ns3:hr>
            <ns3:cad>87</ns3:cad>
          </ns3:TrackPointExtension>
        </extensions>
      </trkpt>
      <trkpt lat="24.5336124859750270843505859375" lon="118.154845945537090301513671875">
        <ele>12.19999980926513671875</ele>
        <time>2026-09-09T13:15:32.000Z</time>
        <extensions>
          <ns3:TrackPointExtension>
            <ns3:hr>150</ns3:hr>
            <ns3:cad>87</ns3:cad>
          </ns3:TrackPointExtension>
        </extensions>
      </trkpt>
      <trkpt lat="24.5336066186428070068359375" lon="118.1548033654689788818359375">
        <ele>12.19999980926513671875</ele>
        <time>2026-09-09T13:15:33.000Z</time>
        <extensions>
          <ns3:TrackPointExtension>
            <ns3:hr>150</ns3:hr>
            <ns3:cad>87</ns3:cad>
          </ns3:TrackPointExtension>
        </extensions>
      </trkpt>
      <trkpt lat="24.5335984043776988983154296875" lon="118.15477662719786167144775390625">
        <ele>12.19999980926513671875</ele>
        <time>2026-09-09T13:15:34.000Z</time>
        <extensions>
          <ns3:TrackPointExtension>
            <ns3:hr>150</ns3:hr>
            <ns3:cad>87</ns3:cad>
          </ns3:TrackPointExtension>
        </extensions>
      </trkpt>
      <trkpt lat="24.53358449041843414306640625" lon="118.154740668833255767822265625">
        <ele>12.19999980926513671875</ele>
        <time>2026-09-09T13:15:35.000Z</time>
        <extensions>
          <ns3:TrackPointExtension>
            <ns3:hr>150</ns3:hr>
            <ns3:cad>87</ns3:cad>
          </ns3:TrackPointExtension>
        </extensions>
      </trkpt>
      <trkpt lat="24.53358289785683155059814453125" lon="118.154705129563808441162109375">
        <ele>12.19999980926513671875</ele>
        <time>2026-09-09T13:15:36.000Z</time>
        <extensions>
          <ns3:TrackPointExtension>
            <ns3:hr>149</ns3:hr>
            <ns3:cad>87</ns3:cad>
          </ns3:TrackPointExtension>
        </extensions>
      </trkpt>
      <trkpt lat="24.533578455448150634765625" lon="118.15467394888401031494140625">
        <ele>12.19999980926513671875</ele>
        <time>2026-09-09T13:15:37.000Z</time>
        <extensions>
          <ns3:TrackPointExtension>
            <ns3:hr>149</ns3:hr>
            <ns3:cad>87</ns3:cad>
          </ns3:TrackPointExtension>
        </extensions>
      </trkpt>
      <trkpt lat="24.53357786871492862701416015625" lon="118.15463933162391185760498046875">
        <ele>12</ele>
        <time>2026-09-09T13:15:38.000Z</time>
        <extensions>
          <ns3:TrackPointExtension>
            <ns3:hr>149</ns3:hr>
            <ns3:cad>87</ns3:cad>
          </ns3:TrackPointExtension>
        </extensions>
      </trkpt>
      <trkpt lat="24.53356848098337650299072265625" lon="118.15461267717182636260986328125">
        <ele>12</ele>
        <time>2026-09-09T13:15:39.000Z</time>
        <extensions>
          <ns3:TrackPointExtension>
            <ns3:hr>149</ns3:hr>
            <ns3:cad>87</ns3:cad>
          </ns3:TrackPointExtension>
        </extensions>
      </trkpt>
      <trkpt lat="24.53356294892728328704833984375" lon="118.15457680262625217437744140625">
        <ele>12</ele>
        <time>2026-09-09T13:15:40.000Z</time>
        <extensions>
          <ns3:TrackPointExtension>
            <ns3:hr>149</ns3:hr>
            <ns3:cad>86</ns3:cad>
          </ns3:TrackPointExtension>
        </extensions>
      </trkpt>
      <trkpt lat="24.53355607576668262481689453125" lon="118.154548890888690948486328125">
        <ele>12</ele>
        <time>2026-09-09T13:15:41.000Z</time>
        <extensions>
          <ns3:TrackPointExtension>
            <ns3:hr>149</ns3:hr>
            <ns3:cad>86</ns3:cad>
          </ns3:TrackPointExtension>
        </extensions>
      </trkpt>
      <trkpt lat="24.53355791978538036346435546875" lon="118.15451427362859249114990234375">
        <ele>12</ele>
        <time>2026-09-09T13:15:42.000Z</time>
        <extensions>
          <ns3:TrackPointExtension>
            <ns3:hr>149</ns3:hr>
            <ns3:cad>88</ns3:cad>
          </ns3:TrackPointExtension>
        </extensions>
      </trkpt>
      <trkpt lat="24.53355724923312664031982421875" lon="118.15448460169136524200439453125">
        <ele>12</ele>
        <time>2026-09-09T13:15:43.000Z</time>
        <extensions>
          <ns3:TrackPointExtension>
            <ns3:hr>149</ns3:hr>
            <ns3:cad>88</ns3:cad>
          </ns3:TrackPointExtension>
        </extensions>
      </trkpt>
      <trkpt lat="24.53356395475566387176513671875" lon="118.1544424407184123992919921875">
        <ele>12</ele>
        <time>2026-09-09T13:15:44.000Z</time>
        <extensions>
          <ns3:TrackPointExtension>
            <ns3:hr>149</ns3:hr>
            <ns3:cad>87</ns3:cad>
          </ns3:TrackPointExtension>
        </extensions>
      </trkpt>
      <trkpt lat="24.533571414649486541748046875" lon="118.1544144451618194580078125">
        <ele>12.19999980926513671875</ele>
        <time>2026-09-09T13:15:45.000Z</time>
        <extensions>
          <ns3:TrackPointExtension>
            <ns3:hr>149</ns3:hr>
            <ns3:cad>87</ns3:cad>
          </ns3:TrackPointExtension>
        </extensions>
      </trkpt>
      <trkpt lat="24.53358205966651439666748046875" lon="118.154379911720752716064453125">
        <ele>12.19999980926513671875</ele>
        <time>2026-09-09T13:15:46.000Z</time>
        <extensions>
          <ns3:TrackPointExtension>
            <ns3:hr>148</ns3:hr>
            <ns3:cad>87</ns3:cad>
          </ns3:TrackPointExtension>
        </extensions>
      </trkpt>
      <trkpt lat="24.53359513543546199798583984375" lon="118.15435149706900119781494140625">
        <ele>12</ele>
        <time>2026-09-09T13:15:47.000Z</time>
        <extensions>
          <ns3:TrackPointExtension>
            <ns3:hr>148</ns3:hr>
            <ns3:cad>87</ns3:cad>
          </ns3:TrackPointExtension>
        </extensions>
      </trkpt>
      <trkpt lat="24.533604942262172698974609375" lon="118.1543214060366153717041015625">
        <ele>12</ele>
        <time>2026-09-09T13:15:48.000Z</time>
        <extensions>
          <ns3:TrackPointExtension>
            <ns3:hr>148</ns3:hr>
            <ns3:cad>87</ns3:cad>
          </ns3:TrackPointExtension>
        </extensions>
      </trkpt>
      <trkpt lat="24.53362229280173778533935546875" lon="118.1542910635471343994140625">
        <ele>12</ele>
        <time>2026-09-09T13:15:49.000Z</time>
        <extensions>
          <ns3:TrackPointExtension>
            <ns3:hr>148</ns3:hr>
            <ns3:cad>87</ns3:cad>
          </ns3:TrackPointExtension>
        </extensions>
      </trkpt>
      <trkpt lat="24.53362816013395786285400390625" lon="118.15426566638052463531494140625">
        <ele>12</ele>
        <time>2026-09-09T13:15:50.000Z</time>
        <extensions>
          <ns3:TrackPointExtension>
            <ns3:hr>148</ns3:hr>
            <ns3:cad>87</ns3:cad>
          </ns3:TrackPointExtension>
        </extensions>
      </trkpt>
      <trkpt lat="24.53364559449255466461181640625" lon="118.15423230640590190887451171875">
        <ele>12</ele>
        <time>2026-09-09T13:15:51.000Z</time>
        <extensions>
          <ns3:TrackPointExtension>
            <ns3:hr>148</ns3:hr>
            <ns3:cad>87</ns3:cad>
          </ns3:TrackPointExtension>
        </extensions>
      </trkpt>
      <trkpt lat="24.53365246765315532684326171875" lon="118.15420766361057758331298828125">
        <ele>12</ele>
        <time>2026-09-09T13:15:52.000Z</time>
        <extensions>
          <ns3:TrackPointExtension>
            <ns3:hr>148</ns3:hr>
            <ns3:cad>87</ns3:cad>
          </ns3:TrackPointExtension>
        </extensions>
      </trkpt>
      <trkpt lat="24.53366856090724468231201171875" lon="118.1541722081601619720458984375">
        <ele>12</ele>
        <time>2026-09-09T13:15:53.000Z</time>
        <extensions>
          <ns3:TrackPointExtension>
            <ns3:hr>148</ns3:hr>
            <ns3:cad>87</ns3:cad>
          </ns3:TrackPointExtension>
        </extensions>
      </trkpt>
      <trkpt lat="24.5336790382862091064453125" lon="118.1541470624506473541259765625">
        <ele>12</ele>
        <time>2026-09-09T13:15:54.000Z</time>
        <extensions>
          <ns3:TrackPointExtension>
            <ns3:hr>148</ns3:hr>
            <ns3:cad>87</ns3:cad>
          </ns3:TrackPointExtension>
        </extensions>
      </trkpt>
      <trkpt lat="24.53369303606450557708740234375" lon="118.15411563031375408172607421875">
        <ele>12</ele>
        <time>2026-09-09T13:15:55.000Z</time>
        <extensions>
          <ns3:TrackPointExtension>
            <ns3:hr>148</ns3:hr>
            <ns3:cad>87</ns3:cad>
          </ns3:TrackPointExtension>
        </extensions>
      </trkpt>
      <trkpt lat="24.5337073691189289093017578125" lon="118.1540907360613346099853515625">
        <ele>12.19999980926513671875</ele>
        <time>2026-09-09T13:15:56.000Z</time>
        <extensions>
          <ns3:TrackPointExtension>
            <ns3:hr>147</ns3:hr>
            <ns3:cad>87</ns3:cad>
          </ns3:TrackPointExtension>
        </extensions>
      </trkpt>
      <trkpt lat="24.53372455202043056488037109375" lon="118.1540649197995662689208984375">
        <ele>12.19999980926513671875</ele>
        <time>2026-09-09T13:15:57.000Z</time>
        <extensions>
          <ns3:TrackPointExtension>
            <ns3:hr>147</ns3:hr>
            <ns3:cad>87</ns3:cad>
          </ns3:TrackPointExtension>
        </extensions>
      </trkpt>
      <trkpt lat="24.53374936245381832122802734375" lon="118.15404455177485942840576171875">
        <ele>12.19999980926513671875</ele>
        <time>2026-09-09T13:15:58.000Z</time>
        <extensions>
          <ns3:TrackPointExtension>
            <ns3:hr>147</ns3:hr>
            <ns3:cad>88</ns3:cad>
          </ns3:TrackPointExtension>
        </extensions>
      </trkpt>
      <trkpt lat="24.533764533698558807373046875" lon="118.154027201235294342041015625">
        <ele>12.19999980926513671875</ele>
        <time>2026-09-09T13:15:59.000Z</time>
        <extensions>
          <ns3:TrackPointExtension>
            <ns3:hr>147</ns3:hr>
            <ns3:cad>88</ns3:cad>
          </ns3:TrackPointExtension>
        </extensions>
      </trkpt>
      <trkpt lat="24.5337962172925472259521484375" lon="118.15400649793446063995361328125">
        <ele>12.19999980926513671875</ele>
        <time>2026-09-09T13:16:00.000Z</time>
        <extensions>
          <ns3:TrackPointExtension>
            <ns3:hr>147</ns3:hr>
            <ns3:cad>88</ns3:cad>
          </ns3:TrackPointExtension>
        </extensions>
      </trkpt>
      <trkpt lat="24.53380845487117767333984375" lon="118.15398638136684894561767578125">
        <ele>12.19999980926513671875</ele>
        <time>2026-09-09T13:16:01.000Z</time>
        <extensions>
          <ns3:TrackPointExtension>
            <ns3:hr>148</ns3:hr>
            <ns3:cad>87</ns3:cad>
          </ns3:TrackPointExtension>
        </extensions>
      </trkpt>
      <trkpt lat="24.53384332358837127685546875" lon="118.15395872108638286590576171875">
        <ele>12.19999980926513671875</ele>
        <time>2026-09-09T13:16:02.000Z</time>
        <extensions>
          <ns3:TrackPointExtension>
            <ns3:hr>147</ns3:hr>
            <ns3:cad>87</ns3:cad>
          </ns3:TrackPointExtension>
        </extensions>
      </trkpt>
      <trkpt lat="24.533861763775348663330078125" lon="118.153939358890056610107421875">
        <ele>12.19999980926513671875</ele>
        <time>2026-09-09T13:16:03.000Z</time>
        <extensions>
          <ns3:TrackPointExtension>
            <ns3:hr>147</ns3:hr>
            <ns3:cad>86</ns3:cad>
          </ns3:TrackPointExtension>
        </extensions>
      </trkpt>
      <trkpt lat="24.53389822505414485931396484375" lon="118.153914548456668853759765625">
        <ele>12.19999980926513671875</ele>
        <time>2026-09-09T13:16:04.000Z</time>
        <extensions>
          <ns3:TrackPointExtension>
            <ns3:hr>148</ns3:hr>
            <ns3:cad>87</ns3:cad>
          </ns3:TrackPointExtension>
        </extensions>
      </trkpt>
      <trkpt lat="24.533925466239452362060546875" lon="118.153903149068355560302734375">
        <ele>12.19999980926513671875</ele>
        <time>2026-09-09T13:16:05.000Z</time>
        <extensions>
          <ns3:TrackPointExtension>
            <ns3:hr>148</ns3:hr>
            <ns3:cad>87</ns3:cad>
          </ns3:TrackPointExtension>
        </extensions>
      </trkpt>
      <trkpt lat="24.53395421616733074188232421875" lon="118.1538825295865535736083984375">
        <ele>12.19999980926513671875</ele>
        <time>2026-09-09T13:16:06.000Z</time>
        <extensions>
          <ns3:TrackPointExtension>
            <ns3:hr>148</ns3:hr>
            <ns3:cad>87</ns3:cad>
          </ns3:TrackPointExtension>
        </extensions>
      </trkpt>
      <trkpt lat="24.53398606739938259124755859375" lon="118.1538711301982402801513671875">
        <ele>12.19999980926513671875</ele>
        <time>2026-09-09T13:16:07.000Z</time>
        <extensions>
          <ns3:TrackPointExtension>
            <ns3:hr>149</ns3:hr>
            <ns3:cad>87</ns3:cad>
          </ns3:TrackPointExtension>
        </extensions>
      </trkpt>
      <trkpt lat="24.53401037491858005523681640625" lon="118.15385445021092891693115234375">
        <ele>12</ele>
        <time>2026-09-09T13:16:08.000Z</time>
        <extensions>
          <ns3:TrackPointExtension>
            <ns3:hr>149</ns3:hr>
            <ns3:cad>87</ns3:cad>
          </ns3:TrackPointExtension>
        </extensions>
      </trkpt>
      <trkpt lat="24.5340463332831859588623046875" lon="118.15384238027036190032958984375">
        <ele>12</ele>
        <time>2026-09-09T13:16:09.000Z</time>
        <extensions>
          <ns3:TrackPointExtension>
            <ns3:hr>149</ns3:hr>
            <ns3:cad>87</ns3:cad>
          </ns3:TrackPointExtension>
        </extensions>
      </trkpt>
      <trkpt lat="24.53406385146081447601318359375" lon="118.1538305617868900299072265625">
        <ele>12</ele>
        <time>2026-09-09T13:16:10.000Z</time>
        <extensions>
          <ns3:TrackPointExtension>
            <ns3:hr>149</ns3:hr>
            <ns3:cad>86</ns3:cad>
          </ns3:TrackPointExtension>
        </extensions>
      </trkpt>
      <trkpt lat="24.53409452922642230987548828125" lon="118.15381430089473724365234375">
        <ele>12</ele>
        <time>2026-09-09T13:16:11.000Z</time>
        <extensions>
          <ns3:TrackPointExtension>
            <ns3:hr>149</ns3:hr>
            <ns3:cad>86</ns3:cad>
          </ns3:TrackPointExtension>
        </extensions>
      </trkpt>
      <trkpt lat="24.53410995192825794219970703125" lon="118.15380231477320194244384765625">
        <ele>12</ele>
        <time>2026-09-09T13:16:12.000Z</time>
        <extensions>
          <ns3:TrackPointExtension>
            <ns3:hr>149</ns3:hr>
            <ns3:cad>87</ns3:cad>
          </ns3:TrackPointExtension>
        </extensions>
      </trkpt>
      <trkpt lat="24.53414130024611949920654296875" lon="118.15378136001527309417724609375">
        <ele>12</ele>
        <time>2026-09-09T13:16:13.000Z</time>
        <extensions>
          <ns3:TrackPointExtension>
            <ns3:hr>150</ns3:hr>
            <ns3:cad>87</ns3:cad>
          </ns3:TrackPointExtension>
        </extensions>
      </trkpt>
      <trkpt lat="24.53416577540338039398193359375" lon="118.153778426349163055419921875">
        <ele>12</ele>
        <time>2026-09-09T13:16:14.000Z</time>
        <extensions>
          <ns3:TrackPointExtension>
            <ns3:hr>150</ns3:hr>
            <ns3:cad>87</ns3:cad>
          </ns3:TrackPointExtension>
        </extensions>
      </trkpt>
      <trkpt lat="24.5342002250254154205322265625" lon="118.1537655182182788848876953125">
        <ele>11.80000019073486328125</ele>
        <time>2026-09-09T13:16:15.000Z</time>
        <extensions>
          <ns3:TrackPointExtension>
            <ns3:hr>150</ns3:hr>
            <ns3:cad>87</ns3:cad>
          </ns3:TrackPointExtension>
        </extensions>
      </trkpt>
      <trkpt lat="24.534233249723911285400390625" lon="118.1537584774196147918701171875">
        <ele>11.80000019073486328125</ele>
        <time>2026-09-09T13:16:16.000Z</time>
        <extensions>
          <ns3:TrackPointExtension>
            <ns3:hr>150</ns3:hr>
            <ns3:cad>87</ns3:cad>
          </ns3:TrackPointExtension>
        </extensions>
      </trkpt>
      <trkpt lat="24.53425730578601360321044921875" lon="118.15375068224966526031494140625">
        <ele>11.80000019073486328125</ele>
        <time>2026-09-09T13:16:17.000Z</time>
        <extensions>
          <ns3:TrackPointExtension>
            <ns3:hr>150</ns3:hr>
            <ns3:cad>86</ns3:cad>
          </ns3:TrackPointExtension>
        </extensions>
      </trkpt>
      <trkpt lat="24.53429661691188812255859375" lon="118.15374716185033321380615234375">
        <ele>11.80000019073486328125</ele>
        <time>2026-09-09T13:16:18.000Z</time>
        <extensions>
          <ns3:TrackPointExtension>
            <ns3:hr>151</ns3:hr>
            <ns3:cad>86</ns3:cad>
          </ns3:TrackPointExtension>
        </extensions>
      </trkpt>
      <trkpt lat="24.5343138836324214935302734375" lon="118.15374062396585941314697265625">
        <ele>11.80000019073486328125</ele>
        <time>2026-09-09T13:16:19.000Z</time>
        <extensions>
          <ns3:TrackPointExtension>
            <ns3:hr>151</ns3:hr>
            <ns3:cad>87</ns3:cad>
          </ns3:TrackPointExtension>
        </extensions>
      </trkpt>
      <trkpt lat="24.534349925816059112548828125" lon="118.15374230034649372100830078125">
        <ele>11.80000019073486328125</ele>
        <time>2026-09-09T13:16:20.000Z</time>
        <extensions>
          <ns3:TrackPointExtension>
            <ns3:hr>151</ns3:hr>
            <ns3:cad>87</ns3:cad>
          </ns3:TrackPointExtension>
        </extensions>
      </trkpt>
      <trkpt lat="24.53436459414660930633544921875" lon="118.1537376902997493743896484375">
        <ele>11.80000019073486328125</ele>
        <time>2026-09-09T13:16:21.000Z</time>
        <extensions>
          <ns3:TrackPointExtension>
            <ns3:hr>151</ns3:hr>
            <ns3:cad>88</ns3:cad>
          </ns3:TrackPointExtension>
        </extensions>
      </trkpt>
      <trkpt lat="24.53439426608383655548095703125" lon="118.153742216527462005615234375">
        <ele>11.6000003814697265625</ele>
        <time>2026-09-09T13:16:22.000Z</time>
        <extensions>
          <ns3:TrackPointExtension>
            <ns3:hr>151</ns3:hr>
            <ns3:cad>88</ns3:cad>
          </ns3:TrackPointExtension>
        </extensions>
      </trkpt>
      <trkpt lat="24.5344208367168903350830078125" lon="118.153744898736476898193359375">
        <ele>11.6000003814697265625</ele>
        <time>2026-09-09T13:16:23.000Z</time>
        <extensions>
          <ns3:TrackPointExtension>
            <ns3:hr>151</ns3:hr>
            <ns3:cad>88</ns3:cad>
          </ns3:TrackPointExtension>
        </extensions>
      </trkpt>
      <trkpt lat="24.53445109538733959197998046875" lon="118.1537477485835552215576171875">
        <ele>11.6000003814697265625</ele>
        <time>2026-09-09T13:16:24.000Z</time>
        <extensions>
          <ns3:TrackPointExtension>
            <ns3:hr>151</ns3:hr>
            <ns3:cad>87</ns3:cad>
          </ns3:TrackPointExtension>
        </extensions>
      </trkpt>
      <trkpt lat="24.53448227606713771820068359375" lon="118.15375420264899730682373046875">
        <ele>11.6000003814697265625</ele>
        <time>2026-09-09T13:16:25.000Z</time>
        <extensions>
          <ns3:TrackPointExtension>
            <ns3:hr>152</ns3:hr>
            <ns3:cad>87</ns3:cad>
          </ns3:TrackPointExtension>
        </extensions>
      </trkpt>
      <trkpt lat="24.53450909815728664398193359375" lon="118.1537599861621856689453125">
        <ele>11.6000003814697265625</ele>
        <time>2026-09-09T13:16:26.000Z</time>
        <extensions>
          <ns3:TrackPointExtension>
            <ns3:hr>152</ns3:hr>
            <ns3:cad>86</ns3:cad>
          </ns3:TrackPointExtension>
        </extensions>
      </trkpt>
      <trkpt lat="24.53454203903675079345703125" lon="118.153772391378879547119140625">
        <ele>11.6000003814697265625</ele>
        <time>2026-09-09T13:16:27.000Z</time>
        <extensions>
          <ns3:TrackPointExtension>
            <ns3:hr>152</ns3:hr>
            <ns3:cad>88</ns3:cad>
          </ns3:TrackPointExtension>
        </extensions>
      </trkpt>
      <trkpt lat="24.5345670171082019805908203125" lon="118.15377582795917987823486328125">
        <ele>11.6000003814697265625</ele>
        <time>2026-09-09T13:16:28.000Z</time>
        <extensions>
          <ns3:TrackPointExtension>
            <ns3:hr>152</ns3:hr>
            <ns3:cad>88</ns3:cad>
          </ns3:TrackPointExtension>
        </extensions>
      </trkpt>
      <trkpt lat="24.5346008799970149993896484375" lon="118.15377683378756046295166015625">
        <ele>11.6000003814697265625</ele>
        <time>2026-09-09T13:16:29.000Z</time>
        <extensions>
          <ns3:TrackPointExtension>
            <ns3:hr>153</ns3:hr>
            <ns3:cad>88</ns3:cad>
          </ns3:TrackPointExtension>
        </extensions>
      </trkpt>
      <trkpt lat="24.53462761826813220977783203125" lon="118.15377767197787761688232421875">
        <ele>11.6000003814697265625</ele>
        <time>2026-09-09T13:16:30.000Z</time>
        <extensions>
          <ns3:TrackPointExtension>
            <ns3:hr>153</ns3:hr>
            <ns3:cad>87</ns3:cad>
          </ns3:TrackPointExtension>
        </extensions>
      </trkpt>
      <trkpt lat="24.53466332517564296722412109375" lon="118.15376878716051578521728515625">
        <ele>11.6000003814697265625</ele>
        <time>2026-09-09T13:16:31.000Z</time>
        <extensions>
          <ns3:TrackPointExtension>
            <ns3:hr>153</ns3:hr>
            <ns3:cad>87</ns3:cad>
          </ns3:TrackPointExtension>
        </extensions>
      </trkpt>
      <trkpt lat="24.53468729741871356964111328125" lon="118.153767026960849761962890625">
        <ele>11.3999996185302734375</ele>
        <time>2026-09-09T13:16:32.000Z</time>
        <extensions>
          <ns3:TrackPointExtension>
            <ns3:hr>153</ns3:hr>
            <ns3:cad>87</ns3:cad>
          </ns3:TrackPointExtension>
        </extensions>
      </trkpt>
      <trkpt lat="24.534718059003353118896484375" lon="118.1537601538002490997314453125">
        <ele>11.3999996185302734375</ele>
        <time>2026-09-09T13:16:33.000Z</time>
        <extensions>
          <ns3:TrackPointExtension>
            <ns3:hr>153</ns3:hr>
            <ns3:cad>86</ns3:cad>
          </ns3:TrackPointExtension>
        </extensions>
      </trkpt>
      <trkpt lat="24.53474932350218296051025390625" lon="118.15375755541026592254638671875">
        <ele>11.3999996185302734375</ele>
        <time>2026-09-09T13:16:34.000Z</time>
        <extensions>
          <ns3:TrackPointExtension>
            <ns3:hr>152</ns3:hr>
            <ns3:cad>87</ns3:cad>
          </ns3:TrackPointExtension>
        </extensions>
      </trkpt>
      <trkpt lat="24.534777738153934478759765625" lon="118.1537557952105998992919921875">
        <ele>11.3999996185302734375</ele>
        <time>2026-09-09T13:16:35.000Z</time>
        <extensions>
          <ns3:TrackPointExtension>
            <ns3:hr>153</ns3:hr>
            <ns3:cad>88</ns3:cad>
          </ns3:TrackPointExtension>
        </extensions>
      </trkpt>
      <trkpt lat="24.5348100923001766204833984375" lon="118.1537524424493312835693359375">
        <ele>11.3999996185302734375</ele>
        <time>2026-09-09T13:16:36.000Z</time>
        <extensions>
          <ns3:TrackPointExtension>
            <ns3:hr>153</ns3:hr>
            <ns3:cad>88</ns3:cad>
          </ns3:TrackPointExtension>
        </extensions>
      </trkpt>
      <trkpt lat="24.53483532182872295379638671875" lon="118.15374456346035003662109375">
        <ele>11.3999996185302734375</ele>
        <time>2026-09-09T13:16:37.000Z</time>
        <extensions>
          <ns3:TrackPointExtension>
            <ns3:hr>153</ns3:hr>
            <ns3:cad>88</ns3:cad>
          </ns3:TrackPointExtension>
        </extensions>
      </trkpt>
      <trkpt lat="24.53486868180334568023681640625" lon="118.15373945049941539764404296875">
        <ele>11.3999996185302734375</ele>
        <time>2026-09-09T13:16:38.000Z</time>
        <extensions>
          <ns3:TrackPointExtension>
            <ns3:hr>153</ns3:hr>
            <ns3:cad>88</ns3:cad>
          </ns3:TrackPointExtension>
        </extensions>
      </trkpt>
      <trkpt lat="24.534887708723545074462890625" lon="118.1537293083965778350830078125">
        <ele>11.3999996185302734375</ele>
        <time>2026-09-09T13:16:39.000Z</time>
        <extensions>
          <ns3:TrackPointExtension>
            <ns3:hr>153</ns3:hr>
            <ns3:cad>87</ns3:cad>
          </ns3:TrackPointExtension>
        </extensions>
      </trkpt>
      <trkpt lat="24.53492182306945323944091796875" lon="118.153718076646327972412109375">
        <ele>11.3999996185302734375</ele>
        <time>2026-09-09T13:16:40.000Z</time>
        <extensions>
          <ns3:TrackPointExtension>
            <ns3:hr>153</ns3:hr>
            <ns3:cad>87</ns3:cad>
          </ns3:TrackPointExtension>
        </extensions>
      </trkpt>
      <trkpt lat="24.5349442027509212493896484375" lon="118.1537088565528392791748046875">
        <ele>11.3999996185302734375</ele>
        <time>2026-09-09T13:16:41.000Z</time>
        <extensions>
          <ns3:TrackPointExtension>
            <ns3:hr>153</ns3:hr>
            <ns3:cad>86</ns3:cad>
          </ns3:TrackPointExtension>
        </extensions>
      </trkpt>
      <trkpt lat="24.534980915486812591552734375" lon="118.1536967866122722625732421875">
        <ele>11.3999996185302734375</ele>
        <time>2026-09-09T13:16:42.000Z</time>
        <extensions>
          <ns3:TrackPointExtension>
            <ns3:hr>153</ns3:hr>
            <ns3:cad>88</ns3:cad>
          </ns3:TrackPointExtension>
        </extensions>
      </trkpt>
      <trkpt lat="24.53500337898731231689453125" lon="118.15368547104299068450927734375">
        <ele>11.6000003814697265625</ele>
        <time>2026-09-09T13:16:43.000Z</time>
        <extensions>
          <ns3:TrackPointExtension>
            <ns3:hr>152</ns3:hr>
            <ns3:cad>88</ns3:cad>
          </ns3:TrackPointExtension>
        </extensions>
      </trkpt>
      <trkpt lat="24.53503162600100040435791015625" lon="118.1536669470369815826416015625">
        <ele>11.6000003814697265625</ele>
        <time>2026-09-09T13:16:44.000Z</time>
        <extensions>
          <ns3:TrackPointExtension>
            <ns3:hr>152</ns3:hr>
            <ns3:cad>87</ns3:cad>
          </ns3:TrackPointExtension>
        </extensions>
      </trkpt>
      <trkpt lat="24.53506012447178363800048828125" lon="118.1536575593054294586181640625">
        <ele>11.6000003814697265625</ele>
        <time>2026-09-09T13:16:45.000Z</time>
        <extensions>
          <ns3:TrackPointExtension>
            <ns3:hr>152</ns3:hr>
            <ns3:cad>87</ns3:cad>
          </ns3:TrackPointExtension>
        </extensions>
      </trkpt>
      <trkpt lat="24.5350850187242031097412109375" lon="118.1536491774022579193115234375">
        <ele>11.6000003814697265625</ele>
        <time>2026-09-09T13:16:46.000Z</time>
        <extensions>
          <ns3:TrackPointExtension>
            <ns3:hr>151</ns3:hr>
            <ns3:cad>87</ns3:cad>
          </ns3:TrackPointExtension>
        </extensions>
      </trkpt>
      <trkpt lat="24.53511527739465236663818359375" lon="118.15363551490008831024169921875">
        <ele>11.3999996185302734375</ele>
        <time>2026-09-09T13:16:47.000Z</time>
        <extensions>
          <ns3:TrackPointExtension>
            <ns3:hr>151</ns3:hr>
            <ns3:cad>87</ns3:cad>
          </ns3:TrackPointExtension>
        </extensions>
      </trkpt>
      <trkpt lat="24.5351366512477397918701171875" lon="118.15362252295017242431640625">
        <ele>11.3999996185302734375</ele>
        <time>2026-09-09T13:16:48.000Z</time>
        <extensions>
          <ns3:TrackPointExtension>
            <ns3:hr>151</ns3:hr>
            <ns3:cad>87</ns3:cad>
          </ns3:TrackPointExtension>
        </extensions>
      </trkpt>
      <trkpt lat="24.5351698435842990875244140625" lon="118.15361179411411285400390625">
        <ele>11.3999996185302734375</ele>
        <time>2026-09-09T13:16:49.000Z</time>
        <extensions>
          <ns3:TrackPointExtension>
            <ns3:hr>151</ns3:hr>
            <ns3:cad>87</ns3:cad>
          </ns3:TrackPointExtension>
        </extensions>
      </trkpt>
      <trkpt lat="24.5351859368383884429931640625" lon="118.15360240638256072998046875">
        <ele>11.3999996185302734375</ele>
        <time>2026-09-09T13:16:50.000Z</time>
        <extensions>
          <ns3:TrackPointExtension>
            <ns3:hr>151</ns3:hr>
            <ns3:cad>88</ns3:cad>
          </ns3:TrackPointExtension>
        </extensions>
      </trkpt>
      <trkpt lat="24.5352186262607574462890625" lon="118.153579942882061004638671875">
        <ele>11.3999996185302734375</ele>
        <time>2026-09-09T13:16:51.000Z</time>
        <extensions>
          <ns3:TrackPointExtension>
            <ns3:hr>151</ns3:hr>
            <ns3:cad>88</ns3:cad>
          </ns3:TrackPointExtension>
        </extensions>
      </trkpt>
      <trkpt lat="24.5352325402200222015380859375" lon="118.15356753766536712646484375">
        <ele>11.3999996185302734375</ele>
        <time>2026-09-09T13:16:52.000Z</time>
        <extensions>
          <ns3:TrackPointExtension>
            <ns3:hr>151</ns3:hr>
            <ns3:cad>88</ns3:cad>
          </ns3:TrackPointExtension>
        </extensions>
      </trkpt>
      <trkpt lat="24.535262547433376312255859375" lon="118.15354607999324798583984375">
        <ele>11.6000003814697265625</ele>
        <time>2026-09-09T13:16:53.000Z</time>
        <extensions>
          <ns3:TrackPointExtension>
            <ns3:hr>150</ns3:hr>
            <ns3:cad>87</ns3:cad>
          </ns3:TrackPointExtension>
        </extensions>
      </trkpt>
      <trkpt lat="24.5352811552584171295166015625" lon="118.15352730453014373779296875">
        <ele>11.6000003814697265625</ele>
        <time>2026-09-09T13:16:54.000Z</time>
        <extensions>
          <ns3:TrackPointExtension>
            <ns3:hr>150</ns3:hr>
            <ns3:cad>87</ns3:cad>
          </ns3:TrackPointExtension>
        </extensions>
      </trkpt>
      <trkpt lat="24.5353032834827899932861328125" lon="118.153505511581897735595703125">
        <ele>11.6000003814697265625</ele>
        <time>2026-09-09T13:16:55.000Z</time>
        <extensions>
          <ns3:TrackPointExtension>
            <ns3:hr>150</ns3:hr>
            <ns3:cad>86</ns3:cad>
          </ns3:TrackPointExtension>
        </extensions>
      </trkpt>
      <trkpt lat="24.535324238240718841552734375" lon="118.15348262898623943328857421875">
        <ele>11.6000003814697265625</ele>
        <time>2026-09-09T13:16:56.000Z</time>
        <extensions>
          <ns3:TrackPointExtension>
            <ns3:hr>150</ns3:hr>
            <ns3:cad>86</ns3:cad>
          </ns3:TrackPointExtension>
        </extensions>
      </trkpt>
      <trkpt lat="24.53534561209380626678466796875" lon="118.1534587405622005462646484375">
        <ele>11.6000003814697265625</ele>
        <time>2026-09-09T13:16:57.000Z</time>
        <extensions>
          <ns3:TrackPointExtension>
            <ns3:hr>151</ns3:hr>
            <ns3:cad>87</ns3:cad>
          </ns3:TrackPointExtension>
        </extensions>
      </trkpt>
      <trkpt lat="24.535367824137210845947265625" lon="118.15343669615685939788818359375">
        <ele>11.6000003814697265625</ele>
        <time>2026-09-09T13:16:58.000Z</time>
        <extensions>
          <ns3:TrackPointExtension>
            <ns3:hr>151</ns3:hr>
            <ns3:cad>87</ns3:cad>
          </ns3:TrackPointExtension>
        </extensions>
      </trkpt>
      <trkpt lat="24.5353854261338710784912109375" lon="118.15341507084667682647705078125">
        <ele>11.3999996185302734375</ele>
        <time>2026-09-09T13:16:59.000Z</time>
        <extensions>
          <ns3:TrackPointExtension>
            <ns3:hr>151</ns3:hr>
            <ns3:cad>87</ns3:cad>
          </ns3:TrackPointExtension>
        </extensions>
      </trkpt>
      <trkpt lat="24.5354144275188446044921875" lon="118.15339780412614345550537109375">
        <ele>11.3999996185302734375</ele>
        <time>2026-09-09T13:17:00.000Z</time>
        <extensions>
          <ns3:TrackPointExtension>
            <ns3:hr>151</ns3:hr>
            <ns3:cad>87</ns3:cad>
          </ns3:TrackPointExtension>
        </extensions>
      </trkpt>
      <trkpt lat="24.535424821078777313232421875" lon="118.15337601117789745330810546875">
        <ele>11.3999996185302734375</ele>
        <time>2026-09-09T13:17:01.000Z</time>
        <extensions>
          <ns3:TrackPointExtension>
            <ns3:hr>151</ns3:hr>
            <ns3:cad>87</ns3:cad>
          </ns3:TrackPointExtension>
        </extensions>
      </trkpt>
      <trkpt lat="24.53545290045440196990966796875" lon="118.15334432758390903472900390625">
        <ele>11.3999996185302734375</ele>
        <time>2026-09-09T13:17:02.000Z</time>
        <extensions>
          <ns3:TrackPointExtension>
            <ns3:hr>151</ns3:hr>
            <ns3:cad>87</ns3:cad>
          </ns3:TrackPointExtension>
        </extensions>
      </trkpt>
      <trkpt lat="24.53546916134655475616455078125" lon="118.1533196009695529937744140625">
        <ele>11.3999996185302734375</ele>
        <time>2026-09-09T13:17:03.000Z</time>
        <extensions>
          <ns3:TrackPointExtension>
            <ns3:hr>152</ns3:hr>
            <ns3:cad>86</ns3:cad>
          </ns3:TrackPointExtension>
        </extensions>
      </trkpt>
      <trkpt lat="24.5354953967034816741943359375" lon="118.15329118631780147552490234375">
        <ele>11.6000003814697265625</ele>
        <time>2026-09-09T13:17:04.000Z</time>
        <extensions>
          <ns3:TrackPointExtension>
            <ns3:hr>151</ns3:hr>
            <ns3:cad>86</ns3:cad>
          </ns3:TrackPointExtension>
        </extensions>
      </trkpt>
      <trkpt lat="24.535513333976268768310546875" lon="118.1532689742743968963623046875">
        <ele>11.3999996185302734375</ele>
        <time>2026-09-09T13:17:05.000Z</time>
        <extensions>
          <ns3:TrackPointExtension>
            <ns3:hr>151</ns3:hr>
            <ns3:cad>88</ns3:cad>
          </ns3:TrackPointExtension>
        </extensions>
      </trkpt>
      <trkpt lat="24.535542838275432586669921875" lon="118.1532391346991062164306640625">
        <ele>11.3999996185302734375</ele>
        <time>2026-09-09T13:17:06.000Z</time>
        <extensions>
          <ns3:TrackPointExtension>
            <ns3:hr>152</ns3:hr>
            <ns3:cad>88</ns3:cad>
          </ns3:TrackPointExtension>
        </extensions>
      </trkpt>
      <trkpt lat="24.53555750660598278045654296875" lon="118.1532181799411773681640625">
        <ele>11.19999980926513671875</ele>
        <time>2026-09-09T13:17:07.000Z</time>
        <extensions>
          <ns3:TrackPointExtension>
            <ns3:hr>151</ns3:hr>
            <ns3:cad>88</ns3:cad>
          </ns3:TrackPointExtension>
        </extensions>
      </trkpt>
      <trkpt lat="24.53557611443102359771728515625" lon="118.1531911902129650115966796875">
        <ele>11.19999980926513671875</ele>
        <time>2026-09-09T13:17:08.000Z</time>
        <extensions>
          <ns3:TrackPointExtension>
            <ns3:hr>151</ns3:hr>
            <ns3:cad>88</ns3:cad>
          </ns3:TrackPointExtension>
        </extensions>
      </trkpt>
      <trkpt lat="24.535593800246715545654296875" lon="118.1531690619885921478271484375">
        <ele>11</ele>
        <time>2026-09-09T13:17:09.000Z</time>
        <extensions>
          <ns3:TrackPointExtension>
            <ns3:hr>151</ns3:hr>
            <ns3:cad>88</ns3:cad>
          </ns3:TrackPointExtension>
        </extensions>
      </trkpt>
      <trkpt lat="24.5356140844523906707763671875" lon="118.1531479395925998687744140625">
        <ele>11</ele>
        <time>2026-09-09T13:17:10.000Z</time>
        <extensions>
          <ns3:TrackPointExtension>
            <ns3:hr>151</ns3:hr>
            <ns3:cad>88</ns3:cad>
          </ns3:TrackPointExtension>
        </extensions>
      </trkpt>
      <trkpt lat="24.5356452651321887969970703125" lon="118.15313293598592281341552734375">
        <ele>11</ele>
        <time>2026-09-09T13:17:11.000Z</time>
        <extensions>
          <ns3:TrackPointExtension>
            <ns3:hr>151</ns3:hr>
            <ns3:cad>88</ns3:cad>
          </ns3:TrackPointExtension>
        </extensions>
      </trkpt>
      <trkpt lat="24.53567166812717914581298828125" lon="118.153115920722484588623046875">
        <ele>11</ele>
        <time>2026-09-09T13:17:12.000Z</time>
        <extensions>
          <ns3:TrackPointExtension>
            <ns3:hr>151</ns3:hr>
            <ns3:cad>88</ns3:cad>
          </ns3:TrackPointExtension>
        </extensions>
      </trkpt>
      <trkpt lat="24.5357086323201656341552734375" lon="118.1531231291592121124267578125">
        <ele>11</ele>
        <time>2026-09-09T13:17:13.000Z</time>
        <extensions>
          <ns3:TrackPointExtension>
            <ns3:hr>150</ns3:hr>
            <ns3:cad>88</ns3:cad>
          </ns3:TrackPointExtension>
        </extensions>
      </trkpt>
      <trkpt lat="24.535735286772251129150390625" lon="118.15312304534018039703369140625">
        <ele>11</ele>
        <time>2026-09-09T13:17:14.000Z</time>
        <extensions>
          <ns3:TrackPointExtension>
            <ns3:hr>150</ns3:hr>
            <ns3:cad>88</ns3:cad>
          </ns3:TrackPointExtension>
        </extensions>
      </trkpt>
      <trkpt lat="24.53577049076557159423828125" lon="118.153144083917140960693359375">
        <ele>11</ele>
        <time>2026-09-09T13:17:15.000Z</time>
        <extensions>
          <ns3:TrackPointExtension>
            <ns3:hr>150</ns3:hr>
            <ns3:cad>87</ns3:cad>
          </ns3:TrackPointExtension>
        </extensions>
      </trkpt>
      <trkpt lat="24.5357917807996273040771484375" lon="118.153158165514469146728515625">
        <ele>11</ele>
        <time>2026-09-09T13:17:16.000Z</time>
        <extensions>
          <ns3:TrackPointExtension>
            <ns3:hr>150</ns3:hr>
            <ns3:cad>87</ns3:cad>
          </ns3:TrackPointExtension>
        </extensions>
      </trkpt>
      <trkpt lat="24.535821117460727691650390625" lon="118.1531844846904277801513671875">
        <ele>11</ele>
        <time>2026-09-09T13:17:17.000Z</time>
        <extensions>
          <ns3:TrackPointExtension>
            <ns3:hr>150</ns3:hr>
            <ns3:cad>87</ns3:cad>
          </ns3:TrackPointExtension>
        </extensions>
      </trkpt>
      <trkpt lat="24.53583930619060993194580078125" lon="118.15320267342031002044677734375">
        <ele>11</ele>
        <time>2026-09-09T13:17:18.000Z</time>
        <extensions>
          <ns3:TrackPointExtension>
            <ns3:hr>150</ns3:hr>
            <ns3:cad>88</ns3:cad>
          </ns3:TrackPointExtension>
        </extensions>
      </trkpt>
      <trkpt lat="24.53586881048977375030517578125" lon="118.15322513692080974578857421875">
        <ele>11</ele>
        <time>2026-09-09T13:17:19.000Z</time>
        <extensions>
          <ns3:TrackPointExtension>
            <ns3:hr>150</ns3:hr>
            <ns3:cad>89</ns3:cad>
          </ns3:TrackPointExtension>
        </extensions>
      </trkpt>
      <trkpt lat="24.53588859178125858306884765625" lon="118.1532448343932628631591796875">
        <ele>11.19999980926513671875</ele>
        <time>2026-09-09T13:17:20.000Z</time>
        <extensions>
          <ns3:TrackPointExtension>
            <ns3:hr>150</ns3:hr>
            <ns3:cad>89</ns3:cad>
          </ns3:TrackPointExtension>
        </extensions>
      </trkpt>
      <trkpt lat="24.53591206111013889312744140625" lon="118.15326101146638393402099609375">
        <ele>11.19999980926513671875</ele>
        <time>2026-09-09T13:17:21.000Z</time>
        <extensions>
          <ns3:TrackPointExtension>
            <ns3:hr>149</ns3:hr>
            <ns3:cad>89</ns3:cad>
          </ns3:TrackPointExtension>
        </extensions>
      </trkpt>
      <trkpt lat="24.53593569807708263397216796875" lon="118.15328330732882022857666015625">
        <ele>11.19999980926513671875</ele>
        <time>2026-09-09T13:17:22.000Z</time>
        <extensions>
          <ns3:TrackPointExtension>
            <ns3:hr>149</ns3:hr>
            <ns3:cad>89</ns3:cad>
          </ns3:TrackPointExtension>
        </extensions>
      </trkpt>
      <trkpt lat="24.53595648519694805145263671875" lon="118.15329520963132381439208984375">
        <ele>11.19999980926513671875</ele>
        <time>2026-09-09T13:17:23.000Z</time>
        <extensions>
          <ns3:TrackPointExtension>
            <ns3:hr>149</ns3:hr>
            <ns3:cad>88</ns3:cad>
          </ns3:TrackPointExtension>
        </extensions>
      </trkpt>
      <trkpt lat="24.53598196618258953094482421875" lon="118.153317086398601531982421875">
        <ele>11.19999980926513671875</ele>
        <time>2026-09-09T13:17:24.000Z</time>
        <extensions>
          <ns3:TrackPointExtension>
            <ns3:hr>149</ns3:hr>
            <ns3:cad>87</ns3:cad>
          </ns3:TrackPointExtension>
        </extensions>
      </trkpt>
      <trkpt lat="24.53599872998893260955810546875" lon="118.15332270227372646331787109375">
        <ele>11.3999996185302734375</ele>
        <time>2026-09-09T13:17:25.000Z</time>
        <extensions>
          <ns3:TrackPointExtension>
            <ns3:hr>148</ns3:hr>
            <ns3:cad>87</ns3:cad>
          </ns3:TrackPointExtension>
        </extensions>
      </trkpt>
      <trkpt lat="24.53603007830679416656494140625" lon="118.15334198065102100372314453125">
        <ele>11.19999980926513671875</ele>
        <time>2026-09-09T13:17:26.000Z</time>
        <extensions>
          <ns3:TrackPointExtension>
            <ns3:hr>148</ns3:hr>
            <ns3:cad>86</ns3:cad>
          </ns3:TrackPointExtension>
        </extensions>
      </trkpt>
      <trkpt lat="24.536045081913471221923828125" lon="118.1533470936119556427001953125">
        <ele>11.19999980926513671875</ele>
        <time>2026-09-09T13:17:27.000Z</time>
        <extensions>
          <ns3:TrackPointExtension>
            <ns3:hr>148</ns3:hr>
            <ns3:cad>87</ns3:cad>
          </ns3:TrackPointExtension>
        </extensions>
      </trkpt>
      <trkpt lat="24.53607366420328617095947265625" lon="118.1533682160079479217529296875">
        <ele>11.19999980926513671875</ele>
        <time>2026-09-09T13:17:28.000Z</time>
        <extensions>
          <ns3:TrackPointExtension>
            <ns3:hr>148</ns3:hr>
            <ns3:cad>87</ns3:cad>
          </ns3:TrackPointExtension>
        </extensions>
      </trkpt>
      <trkpt lat="24.53608942218124866485595703125" lon="118.1533764302730560302734375">
        <ele>11</ele>
        <time>2026-09-09T13:17:29.000Z</time>
        <extensions>
          <ns3:TrackPointExtension>
            <ns3:hr>148</ns3:hr>
            <ns3:cad>87</ns3:cad>
          </ns3:TrackPointExtension>
        </extensions>
      </trkpt>
      <trkpt lat="24.536112807691097259521484375" lon="118.153392858803272247314453125">
        <ele>11</ele>
        <time>2026-09-09T13:17:30.000Z</time>
        <extensions>
          <ns3:TrackPointExtension>
            <ns3:hr>148</ns3:hr>
            <ns3:cad>87</ns3:cad>
          </ns3:TrackPointExtension>
        </extensions>
      </trkpt>
      <trkpt lat="24.536137282848358154296875" lon="118.153410963714122772216796875">
        <ele>11</ele>
        <time>2026-09-09T13:17:31.000Z</time>
        <extensions>
          <ns3:TrackPointExtension>
            <ns3:hr>148</ns3:hr>
            <ns3:cad>87</ns3:cad>
          </ns3:TrackPointExtension>
        </extensions>
      </trkpt>
      <trkpt lat="24.536157734692096710205078125" lon="118.15342269837856292724609375">
        <ele>11.19999980926513671875</ele>
        <time>2026-09-09T13:17:32.000Z</time>
        <extensions>
          <ns3:TrackPointExtension>
            <ns3:hr>148</ns3:hr>
            <ns3:cad>86</ns3:cad>
          </ns3:TrackPointExtension>
        </extensions>
      </trkpt>
      <trkpt lat="24.536188580095767974853515625" lon="118.15344423986971378326416015625">
        <ele>11.19999980926513671875</ele>
        <time>2026-09-09T13:17:33.000Z</time>
        <extensions>
          <ns3:TrackPointExtension>
            <ns3:hr>148</ns3:hr>
            <ns3:cad>86</ns3:cad>
          </ns3:TrackPointExtension>
        </extensions>
      </trkpt>
      <trkpt lat="24.53620894812047481536865234375" lon="118.15345580689609050750732421875">
        <ele>11.19999980926513671875</ele>
        <time>2026-09-09T13:17:34.000Z</time>
        <extensions>
          <ns3:TrackPointExtension>
            <ns3:hr>148</ns3:hr>
            <ns3:cad>87</ns3:cad>
          </ns3:TrackPointExtension>
        </extensions>
      </trkpt>
      <trkpt lat="24.5362407155334949493408203125" lon="118.15348145551979541778564453125">
        <ele>11.19999980926513671875</ele>
        <time>2026-09-09T13:17:35.000Z</time>
        <extensions>
          <ns3:TrackPointExtension>
            <ns3:hr>148</ns3:hr>
            <ns3:cad>87</ns3:cad>
          </ns3:TrackPointExtension>
        </extensions>
      </trkpt>
      <trkpt lat="24.53626493923366069793701171875" lon="118.153494782745838165283203125">
        <ele>11.19999980926513671875</ele>
        <time>2026-09-09T13:17:36.000Z</time>
        <extensions>
          <ns3:TrackPointExtension>
            <ns3:hr>148</ns3:hr>
            <ns3:cad>87</ns3:cad>
          </ns3:TrackPointExtension>
        </extensions>
      </trkpt>
      <trkpt lat="24.5362953655421733856201171875" lon="118.15351791679859161376953125">
        <ele>11.19999980926513671875</ele>
        <time>2026-09-09T13:17:37.000Z</time>
        <extensions>
          <ns3:TrackPointExtension>
            <ns3:hr>148</ns3:hr>
            <ns3:cad>87</ns3:cad>
          </ns3:TrackPointExtension>
        </extensions>
      </trkpt>
      <trkpt lat="24.5363168232142925262451171875" lon="118.15353023819625377655029296875">
        <ele>11.19999980926513671875</ele>
        <time>2026-09-09T13:17:38.000Z</time>
        <extensions>
          <ns3:TrackPointExtension>
            <ns3:hr>148</ns3:hr>
            <ns3:cad>86</ns3:cad>
          </ns3:TrackPointExtension>
        </extensions>
      </trkpt>
      <trkpt lat="24.5363453216850757598876953125" lon="118.1535492651164531707763671875">
        <ele>11.19999980926513671875</ele>
        <time>2026-09-09T13:17:39.000Z</time>
        <extensions>
          <ns3:TrackPointExtension>
            <ns3:hr>148</ns3:hr>
            <ns3:cad>86</ns3:cad>
          </ns3:TrackPointExtension>
        </extensions>
      </trkpt>
      <trkpt lat="24.53636786900460720062255859375" lon="118.15357063896954059600830078125">
        <ele>11.19999980926513671875</ele>
        <time>2026-09-09T13:17:40.000Z</time>
        <extensions>
          <ns3:TrackPointExtension>
            <ns3:hr>148</ns3:hr>
            <ns3:cad>86</ns3:cad>
          </ns3:TrackPointExtension>
        </extensions>
      </trkpt>
      <trkpt lat="24.5363925956189632415771484375" lon="118.153584636747837066650390625">
        <ele>11.19999980926513671875</ele>
        <time>2026-09-09T13:17:41.000Z</time>
        <extensions>
          <ns3:TrackPointExtension>
            <ns3:hr>149</ns3:hr>
            <ns3:cad>86</ns3:cad>
          </ns3:TrackPointExtension>
        </extensions>
      </trkpt>
      <trkpt lat="24.536418579518795013427734375" lon="118.15360718406736850738525390625">
        <ele>11.19999980926513671875</ele>
        <time>2026-09-09T13:17:42.000Z</time>
        <extensions>
          <ns3:TrackPointExtension>
            <ns3:hr>149</ns3:hr>
            <ns3:cad>87</ns3:cad>
          </ns3:TrackPointExtension>
        </extensions>
      </trkpt>
      <trkpt lat="24.53644347377121448516845703125" lon="118.15361673943698406219482421875">
        <ele>11.19999980926513671875</ele>
        <time>2026-09-09T13:17:43.000Z</time>
        <extensions>
          <ns3:TrackPointExtension>
            <ns3:hr>149</ns3:hr>
            <ns3:cad>87</ns3:cad>
          </ns3:TrackPointExtension>
        </extensions>
      </trkpt>
      <trkpt lat="24.5364730618894100189208984375" lon="118.1536407954990863800048828125">
        <ele>11</ele>
        <time>2026-09-09T13:17:44.000Z</time>
        <extensions>
          <ns3:TrackPointExtension>
            <ns3:hr>148</ns3:hr>
            <ns3:cad>87</ns3:cad>
          </ns3:TrackPointExtension>
        </extensions>
      </trkpt>
      <trkpt lat="24.5364988781511783599853515625" lon="118.153646327555179595947265625">
        <ele>11</ele>
        <time>2026-09-09T13:17:45.000Z</time>
        <extensions>
          <ns3:TrackPointExtension>
            <ns3:hr>148</ns3:hr>
            <ns3:cad>87</ns3:cad>
          </ns3:TrackPointExtension>
        </extensions>
      </trkpt>
      <trkpt lat="24.536525197327136993408203125" lon="118.153664432466030120849609375">
        <ele>11</ele>
        <time>2026-09-09T13:17:46.000Z</time>
        <extensions>
          <ns3:TrackPointExtension>
            <ns3:hr>148</ns3:hr>
            <ns3:cad>86</ns3:cad>
          </ns3:TrackPointExtension>
        </extensions>
      </trkpt>
      <trkpt lat="24.53654623590409755706787109375" lon="118.1536780111491680145263671875">
        <ele>11</ele>
        <time>2026-09-09T13:17:47.000Z</time>
        <extensions>
          <ns3:TrackPointExtension>
            <ns3:hr>145</ns3:hr>
            <ns3:cad>86</ns3:cad>
          </ns3:TrackPointExtension>
        </extensions>
      </trkpt>
      <trkpt lat="24.5365726388990879058837890625" lon="118.1536996364593505859375">
        <ele>11</ele>
        <time>2026-09-09T13:17:48.000Z</time>
        <extensions>
          <ns3:TrackPointExtension>
            <ns3:hr>143</ns3:hr>
            <ns3:cad>86</ns3:cad>
          </ns3:TrackPointExtension>
        </extensions>
      </trkpt>
      <trkpt lat="24.53659183345735073089599609375" lon="118.1537152267992496490478515625">
        <ele>11</ele>
        <time>2026-09-09T13:17:49.000Z</time>
        <extensions>
          <ns3:TrackPointExtension>
            <ns3:hr>141</ns3:hr>
            <ns3:cad>88</ns3:cad>
          </ns3:TrackPointExtension>
        </extensions>
      </trkpt>
      <trkpt lat="24.5366168953478336334228515625" lon="118.153731822967529296875">
        <ele>11</ele>
        <time>2026-09-09T13:17:50.000Z</time>
        <extensions>
          <ns3:TrackPointExtension>
            <ns3:hr>139</ns3:hr>
            <ns3:cad>88</ns3:cad>
          </ns3:TrackPointExtension>
        </extensions>
      </trkpt>
      <trkpt lat="24.5366417057812213897705078125" lon="118.15375202335417270660400390625">
        <ele>11.19999980926513671875</ele>
        <time>2026-09-09T13:17:51.000Z</time>
        <extensions>
          <ns3:TrackPointExtension>
            <ns3:hr>138</ns3:hr>
            <ns3:cad>87</ns3:cad>
          </ns3:TrackPointExtension>
        </extensions>
      </trkpt>
      <trkpt lat="24.5366618223488330841064453125" lon="118.15376375801861286163330078125">
        <ele>11</ele>
        <time>2026-09-09T13:17:52.000Z</time>
        <extensions>
          <ns3:TrackPointExtension>
            <ns3:hr>138</ns3:hr>
            <ns3:cad>87</ns3:cad>
          </ns3:TrackPointExtension>
        </extensions>
      </trkpt>
      <trkpt lat="24.5366893149912357330322265625" lon="118.15379016101360321044921875">
        <ele>11</ele>
        <time>2026-09-09T13:17:53.000Z</time>
        <extensions>
          <ns3:TrackPointExtension>
            <ns3:hr>138</ns3:hr>
            <ns3:cad>87</ns3:cad>
          </ns3:TrackPointExtension>
        </extensions>
      </trkpt>
      <trkpt lat="24.53670398332178592681884765625" lon="118.1537970341742038726806640625">
        <ele>11</ele>
        <time>2026-09-09T13:17:54.000Z</time>
        <extensions>
          <ns3:TrackPointExtension>
            <ns3:hr>138</ns3:hr>
            <ns3:cad>87</ns3:cad>
          </ns3:TrackPointExtension>
        </extensions>
      </trkpt>
      <trkpt lat="24.536728374660015106201171875" lon="118.153815306723117828369140625">
        <ele>11</ele>
        <time>2026-09-09T13:17:55.000Z</time>
        <extensions>
          <ns3:TrackPointExtension>
            <ns3:hr>138</ns3:hr>
            <ns3:cad>86</ns3:cad>
          </ns3:TrackPointExtension>
        </extensions>
      </trkpt>
      <trkpt lat="24.53674371354281902313232421875" lon="118.1538208387792110443115234375">
        <ele>10.80000019073486328125</ele>
        <time>2026-09-09T13:17:56.000Z</time>
        <extensions>
          <ns3:TrackPointExtension>
            <ns3:hr>138</ns3:hr>
            <ns3:cad>86</ns3:cad>
          </ns3:TrackPointExtension>
        </extensions>
      </trkpt>
      <trkpt lat="24.5367664285004138946533203125" lon="118.15383617766201496124267578125">
        <ele>10.80000019073486328125</ele>
        <time>2026-09-09T13:17:57.000Z</time>
        <extensions>
          <ns3:TrackPointExtension>
            <ns3:hr>139</ns3:hr>
            <ns3:cad>87</ns3:cad>
          </ns3:TrackPointExtension>
        </extensions>
      </trkpt>
      <trkpt lat="24.53678696416318416595458984375" lon="118.153854869306087493896484375">
        <ele>10.80000019073486328125</ele>
        <time>2026-09-09T13:17:58.000Z</time>
        <extensions>
          <ns3:TrackPointExtension>
            <ns3:hr>143</ns3:hr>
            <ns3:cad>87</ns3:cad>
          </ns3:TrackPointExtension>
        </extensions>
      </trkpt>
      <trkpt lat="24.5368090085685253143310546875" lon="118.1538699567317962646484375">
        <ele>10.80000019073486328125</ele>
        <time>2026-09-09T13:17:59.000Z</time>
        <extensions>
          <ns3:TrackPointExtension>
            <ns3:hr>145</ns3:hr>
            <ns3:cad>87</ns3:cad>
          </ns3:TrackPointExtension>
        </extensions>
      </trkpt>
      <trkpt lat="24.53682820312678813934326171875" lon="118.1538835354149341583251953125">
        <ele>10.80000019073486328125</ele>
        <time>2026-09-09T13:18:00.000Z</time>
        <extensions>
          <ns3:TrackPointExtension>
            <ns3:hr>148</ns3:hr>
            <ns3:cad>87</ns3:cad>
          </ns3:TrackPointExtension>
        </extensions>
      </trkpt>
      <trkpt lat="24.5368489064276218414306640625" lon="118.1538922525942325592041015625">
        <ele>10.80000019073486328125</ele>
        <time>2026-09-09T13:18:01.000Z</time>
        <extensions>
          <ns3:TrackPointExtension>
            <ns3:hr>149</ns3:hr>
            <ns3:cad>87</ns3:cad>
          </ns3:TrackPointExtension>
        </extensions>
      </trkpt>
      <trkpt lat="24.53686659224331378936767578125" lon="118.15391111187636852264404296875">
        <ele>10.80000019073486328125</ele>
        <time>2026-09-09T13:18:02.000Z</time>
        <extensions>
          <ns3:TrackPointExtension>
            <ns3:hr>149</ns3:hr>
            <ns3:cad>87</ns3:cad>
          </ns3:TrackPointExtension>
        </extensions>
      </trkpt>
      <trkpt lat="24.5368941687047481536865234375" lon="118.1539210863411426544189453125">
        <ele>10.80000019073486328125</ele>
        <time>2026-09-09T13:18:03.000Z</time>
        <extensions>
          <ns3:TrackPointExtension>
            <ns3:hr>149</ns3:hr>
            <ns3:cad>86</ns3:cad>
          </ns3:TrackPointExtension>
        </extensions>
      </trkpt>
      <trkpt lat="24.536918811500072479248046875" lon="118.15393592230975627899169921875">
        <ele>10.80000019073486328125</ele>
        <time>2026-09-09T13:18:04.000Z</time>
        <extensions>
          <ns3:TrackPointExtension>
            <ns3:hr>150</ns3:hr>
            <ns3:cad>88</ns3:cad>
          </ns3:TrackPointExtension>
        </extensions>
      </trkpt>
      <trkpt lat="24.53693817369639873504638671875" lon="118.15394799225032329559326171875">
        <ele>10.80000019073486328125</ele>
        <time>2026-09-09T13:18:05.000Z</time>
        <extensions>
          <ns3:TrackPointExtension>
            <ns3:hr>150</ns3:hr>
            <ns3:cad>88</ns3:cad>
          </ns3:TrackPointExtension>
        </extensions>
      </trkpt>
      <trkpt lat="24.53695996664464473724365234375" lon="118.1539683602750301361083984375">
        <ele>10.6000003814697265625</ele>
        <time>2026-09-09T13:18:06.000Z</time>
        <extensions>
          <ns3:TrackPointExtension>
            <ns3:hr>150</ns3:hr>
            <ns3:cad>88</ns3:cad>
          </ns3:TrackPointExtension>
        </extensions>
      </trkpt>
      <trkpt lat="24.536977820098400115966796875" lon="118.1539831124246120452880859375">
        <ele>10.6000003814697265625</ele>
        <time>2026-09-09T13:18:07.000Z</time>
        <extensions>
          <ns3:TrackPointExtension>
            <ns3:hr>151</ns3:hr>
            <ns3:cad>88</ns3:cad>
          </ns3:TrackPointExtension>
        </extensions>
      </trkpt>
      <trkpt lat="24.53701025806367397308349609375" lon="118.154002390801906585693359375">
        <ele>10.6000003814697265625</ele>
        <time>2026-09-09T13:18:08.000Z</time>
        <extensions>
          <ns3:TrackPointExtension>
            <ns3:hr>151</ns3:hr>
            <ns3:cad>87</ns3:cad>
          </ns3:TrackPointExtension>
        </extensions>
      </trkpt>
      <trkpt lat="24.5370317995548248291015625" lon="118.1540176458656787872314453125">
        <ele>10.3999996185302734375</ele>
        <time>2026-09-09T13:18:09.000Z</time>
        <extensions>
          <ns3:TrackPointExtension>
            <ns3:hr>151</ns3:hr>
            <ns3:cad>87</ns3:cad>
          </ns3:TrackPointExtension>
        </extensions>
      </trkpt>
      <trkpt lat="24.5370641537010669708251953125" lon="118.15403281711041927337646484375">
        <ele>10.3999996185302734375</ele>
        <time>2026-09-09T13:18:10.000Z</time>
        <extensions>
          <ns3:TrackPointExtension>
            <ns3:hr>151</ns3:hr>
            <ns3:cad>87</ns3:cad>
          </ns3:TrackPointExtension>
        </extensions>
      </trkpt>
      <trkpt lat="24.53708921559154987335205078125" lon="118.15405033528804779052734375">
        <ele>10.3999996185302734375</ele>
        <time>2026-09-09T13:18:11.000Z</time>
        <extensions>
          <ns3:TrackPointExtension>
            <ns3:hr>151</ns3:hr>
            <ns3:cad>87</ns3:cad>
          </ns3:TrackPointExtension>
        </extensions>
      </trkpt>
      <trkpt lat="24.53711704351007938385009765625" lon="118.15406098030507564544677734375">
        <ele>10.3999996185302734375</ele>
        <time>2026-09-09T13:18:12.000Z</time>
        <extensions>
          <ns3:TrackPointExtension>
            <ns3:hr>151</ns3:hr>
            <ns3:cad>87</ns3:cad>
          </ns3:TrackPointExtension>
        </extensions>
      </trkpt>
      <trkpt lat="24.53714939765632152557373046875" lon="118.154078833758831024169921875">
        <ele>10.3999996185302734375</ele>
        <time>2026-09-09T13:18:13.000Z</time>
        <extensions>
          <ns3:TrackPointExtension>
            <ns3:hr>150</ns3:hr>
            <ns3:cad>87</ns3:cad>
          </ns3:TrackPointExtension>
        </extensions>
      </trkpt>
      <trkpt lat="24.53717839904129505157470703125" lon="118.15408478491008281707763671875">
        <ele>10.3999996185302734375</ele>
        <time>2026-09-09T13:18:14.000Z</time>
        <extensions>
          <ns3:TrackPointExtension>
            <ns3:hr>150</ns3:hr>
            <ns3:cad>87</ns3:cad>
          </ns3:TrackPointExtension>
        </extensions>
      </trkpt>
      <trkpt lat="24.5372089929878711700439453125" lon="118.15410071052610874176025390625">
        <ele>10.19999980926513671875</ele>
        <time>2026-09-09T13:18:15.000Z</time>
        <extensions>
          <ns3:TrackPointExtension>
            <ns3:hr>150</ns3:hr>
            <ns3:cad>87</ns3:cad>
          </ns3:TrackPointExtension>
        </extensions>
      </trkpt>
      <trkpt lat="24.5372364856302738189697265625" lon="118.15410875715315341949462890625">
        <ele>10.19999980926513671875</ele>
        <time>2026-09-09T13:18:16.000Z</time>
        <extensions>
          <ns3:TrackPointExtension>
            <ns3:hr>150</ns3:hr>
            <ns3:cad>87</ns3:cad>
          </ns3:TrackPointExtension>
        </extensions>
      </trkpt>
      <trkpt lat="24.5372770540416240692138671875" lon="118.15412753261625766754150390625">
        <ele>10</ele>
        <time>2026-09-09T13:18:17.000Z</time>
        <extensions>
          <ns3:TrackPointExtension>
            <ns3:hr>150</ns3:hr>
            <ns3:cad>87</ns3:cad>
          </ns3:TrackPointExtension>
        </extensions>
      </trkpt>
      <trkpt lat="24.53730513341724872589111328125" lon="118.15414496697485446929931640625">
        <ele>10</ele>
        <time>2026-09-09T13:18:18.000Z</time>
        <extensions>
          <ns3:TrackPointExtension>
            <ns3:hr>150</ns3:hr>
            <ns3:cad>87</ns3:cad>
          </ns3:TrackPointExtension>
        </extensions>
      </trkpt>
      <trkpt lat="24.53733664937317371368408203125" lon="118.1541649997234344482421875">
        <ele>10</ele>
        <time>2026-09-09T13:18:19.000Z</time>
        <extensions>
          <ns3:TrackPointExtension>
            <ns3:hr>149</ns3:hr>
            <ns3:cad>87</ns3:cad>
          </ns3:TrackPointExtension>
        </extensions>
      </trkpt>
      <trkpt lat="24.53736665658652782440185546875" lon="118.15418444573879241943359375">
        <ele>10</ele>
        <time>2026-09-09T13:18:20.000Z</time>
        <extensions>
          <ns3:TrackPointExtension>
            <ns3:hr>150</ns3:hr>
            <ns3:cad>88</ns3:cad>
          </ns3:TrackPointExtension>
        </extensions>
      </trkpt>
      <trkpt lat="24.53740521334111690521240234375" lon="118.1542054004967212677001953125">
        <ele>10</ele>
        <time>2026-09-09T13:18:21.000Z</time>
        <extensions>
          <ns3:TrackPointExtension>
            <ns3:hr>150</ns3:hr>
            <ns3:cad>88</ns3:cad>
          </ns3:TrackPointExtension>
        </extensions>
      </trkpt>
      <trkpt lat="24.53743840567767620086669921875" lon="118.1542382575571537017822265625">
        <ele>10</ele>
        <time>2026-09-09T13:18:22.000Z</time>
        <extensions>
          <ns3:TrackPointExtension>
            <ns3:hr>150</ns3:hr>
            <ns3:cad>88</ns3:cad>
          </ns3:TrackPointExtension>
        </extensions>
      </trkpt>
      <trkpt lat="24.53747042454779148101806640625" lon="118.1542667560279369354248046875">
        <ele>10</ele>
        <time>2026-09-09T13:18:23.000Z</time>
        <extensions>
          <ns3:TrackPointExtension>
            <ns3:hr>150</ns3:hr>
            <ns3:cad>88</ns3:cad>
          </ns3:TrackPointExtension>
        </extensions>
      </trkpt>
      <trkpt lat="24.5374990068376064300537109375" lon="118.15430254675447940826416015625">
        <ele>9.80000019073486328125</ele>
        <time>2026-09-09T13:18:24.000Z</time>
        <extensions>
          <ns3:TrackPointExtension>
            <ns3:hr>149</ns3:hr>
            <ns3:cad>87</ns3:cad>
          </ns3:TrackPointExtension>
        </extensions>
      </trkpt>
      <trkpt lat="24.53752406872808933258056640625" lon="118.15433858893811702728271484375">
        <ele>9.80000019073486328125</ele>
        <time>2026-09-09T13:18:25.000Z</time>
        <extensions>
          <ns3:TrackPointExtension>
            <ns3:hr>150</ns3:hr>
            <ns3:cad>87</ns3:cad>
          </ns3:TrackPointExtension>
        </extensions>
      </trkpt>
      <trkpt lat="24.53752809204161167144775390625" lon="118.1543773971498012542724609375">
        <ele>9.80000019073486328125</ele>
        <time>2026-09-09T13:18:26.000Z</time>
        <extensions>
          <ns3:TrackPointExtension>
            <ns3:hr>150</ns3:hr>
            <ns3:cad>88</ns3:cad>
          </ns3:TrackPointExtension>
        </extensions>
      </trkpt>
      <trkpt lat="24.53753228299319744110107421875" lon="118.15441419370472431182861328125">
        <ele>9.80000019073486328125</ele>
        <time>2026-09-09T13:18:27.000Z</time>
        <extensions>
          <ns3:TrackPointExtension>
            <ns3:hr>150</ns3:hr>
            <ns3:cad>88</ns3:cad>
          </ns3:TrackPointExtension>
        </extensions>
      </trkpt>
      <trkpt lat="24.53752893023192882537841796875" lon="118.15445492975413799285888671875">
        <ele>9.80000019073486328125</ele>
        <time>2026-09-09T13:18:28.000Z</time>
        <extensions>
          <ns3:TrackPointExtension>
            <ns3:hr>150</ns3:hr>
            <ns3:cad>88</ns3:cad>
          </ns3:TrackPointExtension>
        </extensions>
      </trkpt>
      <trkpt lat="24.53752339817583560943603515625" lon="118.15448225475847721099853515625">
        <ele>9.80000019073486328125</ele>
        <time>2026-09-09T13:18:29.000Z</time>
        <extensions>
          <ns3:TrackPointExtension>
            <ns3:hr>150</ns3:hr>
            <ns3:cad>88</ns3:cad>
          </ns3:TrackPointExtension>
        </extensions>
      </trkpt>
      <trkpt lat="24.537506885826587677001953125" lon="118.15451745875179767608642578125">
        <ele>9.80000019073486328125</ele>
        <time>2026-09-09T13:18:30.000Z</time>
        <extensions>
          <ns3:TrackPointExtension>
            <ns3:hr>150</ns3:hr>
            <ns3:cad>88</ns3:cad>
          </ns3:TrackPointExtension>
        </extensions>
      </trkpt>
      <trkpt lat="24.53749372623860836029052734375" lon="118.15453874878585338592529296875">
        <ele>9.80000019073486328125</ele>
        <time>2026-09-09T13:18:31.000Z</time>
        <extensions>
          <ns3:TrackPointExtension>
            <ns3:hr>150</ns3:hr>
            <ns3:cad>87</ns3:cad>
          </ns3:TrackPointExtension>
        </extensions>
      </trkpt>
      <trkpt lat="24.53747511841356754302978515625" lon="118.15456909127533435821533203125">
        <ele>9.80000019073486328125</ele>
        <time>2026-09-09T13:18:32.000Z</time>
        <extensions>
          <ns3:TrackPointExtension>
            <ns3:hr>150</ns3:hr>
            <ns3:cad>87</ns3:cad>
          </ns3:TrackPointExtension>
        </extensions>
      </trkpt>
      <trkpt lat="24.53746430575847625732421875" lon="118.15459775738418102264404296875">
        <ele>9.80000019073486328125</ele>
        <time>2026-09-09T13:18:33.000Z</time>
        <extensions>
          <ns3:TrackPointExtension>
            <ns3:hr>150</ns3:hr>
            <ns3:cad>88</ns3:cad>
          </ns3:TrackPointExtension>
        </extensions>
      </trkpt>
      <trkpt lat="24.5374550856649875640869140625" lon="118.1546265073120594024658203125">
        <ele>9.80000019073486328125</ele>
        <time>2026-09-09T13:18:34.000Z</time>
        <extensions>
          <ns3:TrackPointExtension>
            <ns3:hr>150</ns3:hr>
            <ns3:cad>88</ns3:cad>
          </ns3:TrackPointExtension>
        </extensions>
      </trkpt>
      <trkpt lat="24.5374413393437862396240234375" lon="118.15465693362057209014892578125">
        <ele>9.80000019073486328125</ele>
        <time>2026-09-09T13:18:35.000Z</time>
        <extensions>
          <ns3:TrackPointExtension>
            <ns3:hr>150</ns3:hr>
            <ns3:cad>87</ns3:cad>
          </ns3:TrackPointExtension>
        </extensions>
      </trkpt>
      <trkpt lat="24.5374342985451221466064453125" lon="118.1546818278729915618896484375">
        <ele>9.80000019073486328125</ele>
        <time>2026-09-09T13:18:36.000Z</time>
        <extensions>
          <ns3:TrackPointExtension>
            <ns3:hr>150</ns3:hr>
            <ns3:cad>87</ns3:cad>
          </ns3:TrackPointExtension>
        </extensions>
      </trkpt>
      <trkpt lat="24.5374242402613162994384765625" lon="118.15471091307699680328369140625">
        <ele>9.80000019073486328125</ele>
        <time>2026-09-09T13:18:37.000Z</time>
        <extensions>
          <ns3:TrackPointExtension>
            <ns3:hr>151</ns3:hr>
            <ns3:cad>87</ns3:cad>
          </ns3:TrackPointExtension>
        </extensions>
      </trkpt>
      <trkpt lat="24.53741812147200107574462890625" lon="118.15473086200654506683349609375">
        <ele>9.80000019073486328125</ele>
        <time>2026-09-09T13:18:38.000Z</time>
        <extensions>
          <ns3:TrackPointExtension>
            <ns3:hr>150</ns3:hr>
            <ns3:cad>87</ns3:cad>
          </ns3:TrackPointExtension>
        </extensions>
      </trkpt>
      <trkpt lat="24.53739850781857967376708984375" lon="118.15476153977215290069580078125">
        <ele>9.80000019073486328125</ele>
        <time>2026-09-09T13:18:39.000Z</time>
        <extensions>
          <ns3:TrackPointExtension>
            <ns3:hr>150</ns3:hr>
            <ns3:cad>87</ns3:cad>
          </ns3:TrackPointExtension>
        </extensions>
      </trkpt>
      <trkpt lat="24.53738828189671039581298828125" lon="118.15478257834911346435546875">
        <ele>9.80000019073486328125</ele>
        <time>2026-09-09T13:18:40.000Z</time>
        <extensions>
          <ns3:TrackPointExtension>
            <ns3:hr>151</ns3:hr>
            <ns3:cad>86</ns3:cad>
          </ns3:TrackPointExtension>
        </extensions>
      </trkpt>
      <trkpt lat="24.53737101517617702484130859375" lon="118.15481149591505527496337890625">
        <ele>9.80000019073486328125</ele>
        <time>2026-09-09T13:18:41.000Z</time>
        <extensions>
          <ns3:TrackPointExtension>
            <ns3:hr>151</ns3:hr>
            <ns3:cad>87</ns3:cad>
          </ns3:TrackPointExtension>
        </extensions>
      </trkpt>
      <trkpt lat="24.5373578555881977081298828125" lon="118.15483328886330127716064453125">
        <ele>9.80000019073486328125</ele>
        <time>2026-09-09T13:18:42.000Z</time>
        <extensions>
          <ns3:TrackPointExtension>
            <ns3:hr>151</ns3:hr>
            <ns3:cad>87</ns3:cad>
          </ns3:TrackPointExtension>
        </extensions>
      </trkpt>
      <trkpt lat="24.53734234906733036041259765625" lon="118.1548608653247356414794921875">
        <ele>10</ele>
        <time>2026-09-09T13:18:43.000Z</time>
        <extensions>
          <ns3:TrackPointExtension>
            <ns3:hr>151</ns3:hr>
            <ns3:cad>87</ns3:cad>
          </ns3:TrackPointExtension>
        </extensions>
      </trkpt>
      <trkpt lat="24.53732508234679698944091796875" lon="118.15488860942423343658447265625">
        <ele>10</ele>
        <time>2026-09-09T13:18:44.000Z</time>
        <extensions>
          <ns3:TrackPointExtension>
            <ns3:hr>151</ns3:hr>
            <ns3:cad>87</ns3:cad>
          </ns3:TrackPointExtension>
        </extensions>
      </trkpt>
      <trkpt lat="24.53730831854045391082763671875" lon="118.15491459332406520843505859375">
        <ele>10</ele>
        <time>2026-09-09T13:18:45.000Z</time>
        <extensions>
          <ns3:TrackPointExtension>
            <ns3:hr>152</ns3:hr>
            <ns3:cad>86</ns3:cad>
          </ns3:TrackPointExtension>
        </extensions>
      </trkpt>
      <trkpt lat="24.53728619031608104705810546875" lon="118.15494644455611705780029296875">
        <ele>10</ele>
        <time>2026-09-09T13:18:46.000Z</time>
        <extensions>
          <ns3:TrackPointExtension>
            <ns3:hr>152</ns3:hr>
            <ns3:cad>87</ns3:cad>
          </ns3:TrackPointExtension>
        </extensions>
      </trkpt>
      <trkpt lat="24.53728015534579753875732421875" lon="118.1549715064465999603271484375">
        <ele>10</ele>
        <time>2026-09-09T13:18:47.000Z</time>
        <extensions>
          <ns3:TrackPointExtension>
            <ns3:hr>152</ns3:hr>
            <ns3:cad>87</ns3:cad>
          </ns3:TrackPointExtension>
        </extensions>
      </trkpt>
      <trkpt lat="24.5372579433023929595947265625" lon="118.15500562079250812530517578125">
        <ele>10</ele>
        <time>2026-09-09T13:18:48.000Z</time>
        <extensions>
          <ns3:TrackPointExtension>
            <ns3:hr>152</ns3:hr>
            <ns3:cad>87</ns3:cad>
          </ns3:TrackPointExtension>
        </extensions>
      </trkpt>
      <trkpt lat="24.53725115396082401275634765625" lon="118.15502925775945186614990234375">
        <ele>10</ele>
        <time>2026-09-09T13:18:49.000Z</time>
        <extensions>
          <ns3:TrackPointExtension>
            <ns3:hr>152</ns3:hr>
            <ns3:cad>88</ns3:cad>
          </ns3:TrackPointExtension>
        </extensions>
      </trkpt>
      <trkpt lat="24.5372358150780200958251953125" lon="118.1550608575344085693359375">
        <ele>10</ele>
        <time>2026-09-09T13:18:50.000Z</time>
        <extensions>
          <ns3:TrackPointExtension>
            <ns3:hr>152</ns3:hr>
            <ns3:cad>88</ns3:cad>
          </ns3:TrackPointExtension>
        </extensions>
      </trkpt>
      <trkpt lat="24.53722299076616764068603515625" lon="118.15508591942489147186279296875">
        <ele>10.19999980926513671875</ele>
        <time>2026-09-09T13:18:51.000Z</time>
        <extensions>
          <ns3:TrackPointExtension>
            <ns3:hr>152</ns3:hr>
            <ns3:cad>88</ns3:cad>
          </ns3:TrackPointExtension>
        </extensions>
      </trkpt>
      <trkpt lat="24.53720388002693653106689453125" lon="118.15511877648532390594482421875">
        <ele>10.19999980926513671875</ele>
        <time>2026-09-09T13:18:52.000Z</time>
        <extensions>
          <ns3:TrackPointExtension>
            <ns3:hr>152</ns3:hr>
            <ns3:cad>87</ns3:cad>
          </ns3:TrackPointExtension>
        </extensions>
      </trkpt>
      <trkpt lat="24.53719432465732097625732421875" lon="118.1551421619951725006103515625">
        <ele>10.19999980926513671875</ele>
        <time>2026-09-09T13:18:53.000Z</time>
        <extensions>
          <ns3:TrackPointExtension>
            <ns3:hr>151</ns3:hr>
            <ns3:cad>87</ns3:cad>
          </ns3:TrackPointExtension>
        </extensions>
      </trkpt>
      <trkpt lat="24.53718309290707111358642578125" lon="118.1551716662943363189697265625">
        <ele>10.19999980926513671875</ele>
        <time>2026-09-09T13:18:54.000Z</time>
        <extensions>
          <ns3:TrackPointExtension>
            <ns3:hr>151</ns3:hr>
            <ns3:cad>87</ns3:cad>
          </ns3:TrackPointExtension>
        </extensions>
      </trkpt>
      <trkpt lat="24.53717504628002643585205078125" lon="118.15519890747964382171630859375">
        <ele>10</ele>
        <time>2026-09-09T13:18:55.000Z</time>
        <extensions>
          <ns3:TrackPointExtension>
            <ns3:hr>151</ns3:hr>
            <ns3:cad>88</ns3:cad>
          </ns3:TrackPointExtension>
        </extensions>
      </trkpt>
      <trkpt lat="24.537170268595218658447265625" lon="118.15522924996912479400634765625">
        <ele>10</ele>
        <time>2026-09-09T13:18:56.000Z</time>
        <extensions>
          <ns3:TrackPointExtension>
            <ns3:hr>150</ns3:hr>
            <ns3:cad>89</ns3:cad>
          </ns3:TrackPointExtension>
        </extensions>
      </trkpt>
      <trkpt lat="24.53716247342526912689208984375" lon="118.1552574969828128814697265625">
        <ele>10</ele>
        <time>2026-09-09T13:18:57.000Z</time>
        <extensions>
          <ns3:TrackPointExtension>
            <ns3:hr>149</ns3:hr>
            <ns3:cad>89</ns3:cad>
          </ns3:TrackPointExtension>
        </extensions>
      </trkpt>
      <trkpt lat="24.53715719282627105712890625" lon="118.15528457053005695343017578125">
        <ele>10</ele>
        <time>2026-09-09T13:18:58.000Z</time>
        <extensions>
          <ns3:TrackPointExtension>
            <ns3:hr>148</ns3:hr>
            <ns3:cad>89</ns3:cad>
          </ns3:TrackPointExtension>
        </extensions>
      </trkpt>
      <trkpt lat="24.53714646399021148681640625" lon="118.15531156025826930999755859375">
        <ele>10.19999980926513671875</ele>
        <time>2026-09-09T13:18:59.000Z</time>
        <extensions>
          <ns3:TrackPointExtension>
            <ns3:hr>148</ns3:hr>
            <ns3:cad>88</ns3:cad>
          </ns3:TrackPointExtension>
        </extensions>
      </trkpt>
      <trkpt lat="24.53714336268603801727294921875" lon="118.1553339399397373199462890625">
        <ele>10.19999980926513671875</ele>
        <time>2026-09-09T13:19:00.000Z</time>
        <extensions>
          <ns3:TrackPointExtension>
            <ns3:hr>148</ns3:hr>
            <ns3:cad>87</ns3:cad>
          </ns3:TrackPointExtension>
        </extensions>
      </trkpt>
      <trkpt lat="24.5371318794786930084228515625" lon="118.15536805428564548492431640625">
        <ele>10.19999980926513671875</ele>
        <time>2026-09-09T13:19:01.000Z</time>
        <extensions>
          <ns3:TrackPointExtension>
            <ns3:hr>147</ns3:hr>
            <ns3:cad>86</ns3:cad>
          </ns3:TrackPointExtension>
        </extensions>
      </trkpt>
      <trkpt lat="24.53712492249906063079833984375" lon="118.155391775071620941162109375">
        <ele>10.3999996185302734375</ele>
        <time>2026-09-09T13:19:02.000Z</time>
        <extensions>
          <ns3:TrackPointExtension>
            <ns3:hr>147</ns3:hr>
            <ns3:cad>86</ns3:cad>
          </ns3:TrackPointExtension>
        </extensions>
      </trkpt>
      <trkpt lat="24.53710044734179973602294921875" lon="118.1554308347404003143310546875">
        <ele>10.3999996185302734375</ele>
        <time>2026-09-09T13:19:03.000Z</time>
        <extensions>
          <ns3:TrackPointExtension>
            <ns3:hr>147</ns3:hr>
            <ns3:cad>88</ns3:cad>
          </ns3:TrackPointExtension>
        </extensions>
      </trkpt>
      <trkpt lat="24.53708670102059841156005859375" lon="118.15546142868697643280029296875">
        <ele>10.3999996185302734375</ele>
        <time>2026-09-09T13:19:04.000Z</time>
        <extensions>
          <ns3:TrackPointExtension>
            <ns3:hr>147</ns3:hr>
            <ns3:cad>88</ns3:cad>
          </ns3:TrackPointExtension>
        </extensions>
      </trkpt>
      <trkpt lat="24.537071697413921356201171875" lon="118.15549395047128200531005859375">
        <ele>10.3999996185302734375</ele>
        <time>2026-09-09T13:19:05.000Z</time>
        <extensions>
          <ns3:TrackPointExtension>
            <ns3:hr>147</ns3:hr>
            <ns3:cad>88</ns3:cad>
          </ns3:TrackPointExtension>
        </extensions>
      </trkpt>
      <trkpt lat="24.53705283813178539276123046875" lon="118.155526556074619293212890625">
        <ele>10.3999996185302734375</ele>
        <time>2026-09-09T13:19:06.000Z</time>
        <extensions>
          <ns3:TrackPointExtension>
            <ns3:hr>147</ns3:hr>
            <ns3:cad>88</ns3:cad>
          </ns3:TrackPointExtension>
        </extensions>
      </trkpt>
      <trkpt lat="24.53704546205699443817138671875" lon="118.15555647946894168853759765625">
        <ele>10.3999996185302734375</ele>
        <time>2026-09-09T13:19:07.000Z</time>
        <extensions>
          <ns3:TrackPointExtension>
            <ns3:hr>147</ns3:hr>
            <ns3:cad>87</ns3:cad>
          </ns3:TrackPointExtension>
        </extensions>
      </trkpt>
      <trkpt lat="24.53703305684030055999755859375" lon="118.1555833853781223297119140625">
        <ele>10.3999996185302734375</ele>
        <time>2026-09-09T13:19:08.000Z</time>
        <extensions>
          <ns3:TrackPointExtension>
            <ns3:hr>147</ns3:hr>
            <ns3:cad>87</ns3:cad>
          </ns3:TrackPointExtension>
        </extensions>
      </trkpt>
      <trkpt lat="24.53702040016651153564453125" lon="118.155612386763095855712890625">
        <ele>10.3999996185302734375</ele>
        <time>2026-09-09T13:19:09.000Z</time>
        <extensions>
          <ns3:TrackPointExtension>
            <ns3:hr>147</ns3:hr>
            <ns3:cad>86</ns3:cad>
          </ns3:TrackPointExtension>
        </extensions>
      </trkpt>
      <trkpt lat="24.5369984395802021026611328125" lon="118.15565002150833606719970703125">
        <ele>10.3999996185302734375</ele>
        <time>2026-09-09T13:19:10.000Z</time>
        <extensions>
          <ns3:TrackPointExtension>
            <ns3:hr>147</ns3:hr>
            <ns3:cad>87</ns3:cad>
          </ns3:TrackPointExtension>
        </extensions>
      </trkpt>
      <trkpt lat="24.53698779456317424774169921875" lon="118.15567349083721637725830078125">
        <ele>10.6000003814697265625</ele>
        <time>2026-09-09T13:19:11.000Z</time>
        <extensions>
          <ns3:TrackPointExtension>
            <ns3:hr>148</ns3:hr>
            <ns3:cad>87</ns3:cad>
          </ns3:TrackPointExtension>
        </extensions>
      </trkpt>
      <trkpt lat="24.536967091262340545654296875" lon="118.15570198930799961090087890625">
        <ele>10.6000003814697265625</ele>
        <time>2026-09-09T13:19:12.000Z</time>
        <extensions>
          <ns3:TrackPointExtension>
            <ns3:hr>148</ns3:hr>
            <ns3:cad>87</ns3:cad>
          </ns3:TrackPointExtension>
        </extensions>
      </trkpt>
      <trkpt lat="24.53695074655115604400634765625" lon="118.15572202205657958984375">
        <ele>10.6000003814697265625</ele>
        <time>2026-09-09T13:19:13.000Z</time>
        <extensions>
          <ns3:TrackPointExtension>
            <ns3:hr>148</ns3:hr>
            <ns3:cad>87</ns3:cad>
          </ns3:TrackPointExtension>
        </extensions>
      </trkpt>
      <trkpt lat="24.5369367487728595733642578125" lon="118.1557463295757770538330078125">
        <ele>10.6000003814697265625</ele>
        <time>2026-09-09T13:19:14.000Z</time>
        <extensions>
          <ns3:TrackPointExtension>
            <ns3:hr>149</ns3:hr>
            <ns3:cad>87</ns3:cad>
          </ns3:TrackPointExtension>
        </extensions>
      </trkpt>
      <trkpt lat="24.536922164261341094970703125" lon="118.15577206201851367950439453125">
        <ele>10.6000003814697265625</ele>
        <time>2026-09-09T13:19:15.000Z</time>
        <extensions>
          <ns3:TrackPointExtension>
            <ns3:hr>149</ns3:hr>
            <ns3:cad>87</ns3:cad>
          </ns3:TrackPointExtension>
        </extensions>
      </trkpt>
      <trkpt lat="24.53691042959690093994140625" lon="118.15580089576542377471923828125">
        <ele>10.6000003814697265625</ele>
        <time>2026-09-09T13:19:16.000Z</time>
        <extensions>
          <ns3:TrackPointExtension>
            <ns3:hr>149</ns3:hr>
            <ns3:cad>86</ns3:cad>
          </ns3:TrackPointExtension>
        </extensions>
      </trkpt>
      <trkpt lat="24.53689299523830413818359375" lon="118.15582972951233386993408203125">
        <ele>10.6000003814697265625</ele>
        <time>2026-09-09T13:19:17.000Z</time>
        <extensions>
          <ns3:TrackPointExtension>
            <ns3:hr>149</ns3:hr>
            <ns3:cad>86</ns3:cad>
          </ns3:TrackPointExtension>
        </extensions>
      </trkpt>
      <trkpt lat="24.5368881337344646453857421875" lon="118.15585277974605560302734375">
        <ele>10.6000003814697265625</ele>
        <time>2026-09-09T13:19:18.000Z</time>
        <extensions>
          <ns3:TrackPointExtension>
            <ns3:hr>149</ns3:hr>
            <ns3:cad>87</ns3:cad>
          </ns3:TrackPointExtension>
        </extensions>
      </trkpt>
      <trkpt lat="24.53687262721359729766845703125" lon="118.15588404424488544464111328125">
        <ele>10.6000003814697265625</ele>
        <time>2026-09-09T13:19:19.000Z</time>
        <extensions>
          <ns3:TrackPointExtension>
            <ns3:hr>150</ns3:hr>
            <ns3:cad>87</ns3:cad>
          </ns3:TrackPointExtension>
        </extensions>
      </trkpt>
      <trkpt lat="24.53686810098588466644287109375" lon="118.1559062562882900238037109375">
        <ele>10.6000003814697265625</ele>
        <time>2026-09-09T13:19:20.000Z</time>
        <extensions>
          <ns3:TrackPointExtension>
            <ns3:hr>150</ns3:hr>
            <ns3:cad>87</ns3:cad>
          </ns3:TrackPointExtension>
        </extensions>
      </trkpt>
      <trkpt lat="24.53685385175049304962158203125" lon="118.15594271756708621978759765625">
        <ele>10.6000003814697265625</ele>
        <time>2026-09-09T13:19:21.000Z</time>
        <extensions>
          <ns3:TrackPointExtension>
            <ns3:hr>150</ns3:hr>
            <ns3:cad>87</ns3:cad>
          </ns3:TrackPointExtension>
        </extensions>
      </trkpt>
      <trkpt lat="24.5368445478379726409912109375" lon="118.15596501342952251434326171875">
        <ele>10.6000003814697265625</ele>
        <time>2026-09-09T13:19:22.000Z</time>
        <extensions>
          <ns3:TrackPointExtension>
            <ns3:hr>151</ns3:hr>
            <ns3:cad>87</ns3:cad>
          </ns3:TrackPointExtension>
        </extensions>
      </trkpt>
      <trkpt lat="24.5368294604122638702392578125" lon="118.15599921159446239471435546875">
        <ele>10.6000003814697265625</ele>
        <time>2026-09-09T13:19:23.000Z</time>
        <extensions>
          <ns3:TrackPointExtension>
            <ns3:hr>151</ns3:hr>
            <ns3:cad>87</ns3:cad>
          </ns3:TrackPointExtension>
        </extensions>
      </trkpt>
      <trkpt lat="24.53682082705199718475341796875" lon="118.15602636896073818206787109375">
        <ele>10.6000003814697265625</ele>
        <time>2026-09-09T13:19:24.000Z</time>
        <extensions>
          <ns3:TrackPointExtension>
            <ns3:hr>151</ns3:hr>
            <ns3:cad>87</ns3:cad>
          </ns3:TrackPointExtension>
        </extensions>
      </trkpt>
      <trkpt lat="24.5368086732923984527587890625" lon="118.156055621802806854248046875">
        <ele>10.6000003814697265625</ele>
        <time>2026-09-09T13:19:25.000Z</time>
        <extensions>
          <ns3:TrackPointExtension>
            <ns3:hr>151</ns3:hr>
            <ns3:cad>87</ns3:cad>
          </ns3:TrackPointExtension>
        </extensions>
      </trkpt>
      <trkpt lat="24.5367808453738689422607421875" lon="118.15608118660748004913330078125">
        <ele>10.80000019073486328125</ele>
        <time>2026-09-09T13:19:26.000Z</time>
        <extensions>
          <ns3:TrackPointExtension>
            <ns3:hr>151</ns3:hr>
            <ns3:cad>88</ns3:cad>
          </ns3:TrackPointExtension>
        </extensions>
      </trkpt>
      <trkpt lat="24.5367582142353057861328125" lon="118.156105913221836090087890625">
        <ele>10.80000019073486328125</ele>
        <time>2026-09-09T13:19:27.000Z</time>
        <extensions>
          <ns3:TrackPointExtension>
            <ns3:hr>151</ns3:hr>
            <ns3:cad>88</ns3:cad>
          </ns3:TrackPointExtension>
        </extensions>
      </trkpt>
      <trkpt lat="24.5367206633090972900390625" lon="118.15612561069428920745849609375">
        <ele>10.80000019073486328125</ele>
        <time>2026-09-09T13:19:28.000Z</time>
        <extensions>
          <ns3:TrackPointExtension>
            <ns3:hr>152</ns3:hr>
            <ns3:cad>88</ns3:cad>
          </ns3:TrackPointExtension>
        </extensions>
      </trkpt>
      <trkpt lat="24.5366906560957431793212890625" lon="118.15614539198577404022216796875">
        <ele>10.80000019073486328125</ele>
        <time>2026-09-09T13:19:29.000Z</time>
        <extensions>
          <ns3:TrackPointExtension>
            <ns3:hr>152</ns3:hr>
            <ns3:cad>87</ns3:cad>
          </ns3:TrackPointExtension>
        </extensions>
      </trkpt>
      <trkpt lat="24.5366514287889003753662109375" lon="118.1561647541821002960205078125">
        <ele>10.80000019073486328125</ele>
        <time>2026-09-09T13:19:30.000Z</time>
        <extensions>
          <ns3:TrackPointExtension>
            <ns3:hr>152</ns3:hr>
            <ns3:cad>87</ns3:cad>
          </ns3:TrackPointExtension>
        </extensions>
      </trkpt>
      <trkpt lat="24.536624439060688018798828125" lon="118.15617355518043041229248046875">
        <ele>10.80000019073486328125</ele>
        <time>2026-09-09T13:19:31.000Z</time>
        <extensions>
          <ns3:TrackPointExtension>
            <ns3:hr>151</ns3:hr>
            <ns3:cad>87</ns3:cad>
          </ns3:TrackPointExtension>
        </extensions>
      </trkpt>
      <trkpt lat="24.53658160753548145294189453125" lon="118.15617489628493785858154296875">
        <ele>11</ele>
        <time>2026-09-09T13:19:32.000Z</time>
        <extensions>
          <ns3:TrackPointExtension>
            <ns3:hr>151</ns3:hr>
            <ns3:cad>87</ns3:cad>
          </ns3:TrackPointExtension>
        </extensions>
      </trkpt>
      <trkpt lat="24.536555372178554534912109375" lon="118.15616366453468799591064453125">
        <ele>11</ele>
        <time>2026-09-09T13:19:33.000Z</time>
        <extensions>
          <ns3:TrackPointExtension>
            <ns3:hr>151</ns3:hr>
            <ns3:cad>88</ns3:cad>
          </ns3:TrackPointExtension>
        </extensions>
      </trkpt>
      <trkpt lat="24.53651371411979198455810546875" lon="118.1561476550996303558349609375">
        <ele>11.19999980926513671875</ele>
        <time>2026-09-09T13:19:34.000Z</time>
        <extensions>
          <ns3:TrackPointExtension>
            <ns3:hr>151</ns3:hr>
            <ns3:cad>88</ns3:cad>
          </ns3:TrackPointExtension>
        </extensions>
      </trkpt>
      <trkpt lat="24.53648789785802364349365234375" lon="118.15614203922450542449951171875">
        <ele>11.19999980926513671875</ele>
        <time>2026-09-09T13:19:35.000Z</time>
        <extensions>
          <ns3:TrackPointExtension>
            <ns3:hr>152</ns3:hr>
            <ns3:cad>88</ns3:cad>
          </ns3:TrackPointExtension>
        </extensions>
      </trkpt>
      <trkpt lat="24.536441378295421600341796875" lon="118.156127370893955230712890625">
        <ele>11.19999980926513671875</ele>
        <time>2026-09-09T13:19:36.000Z</time>
        <extensions>
          <ns3:TrackPointExtension>
            <ns3:hr>152</ns3:hr>
            <ns3:cad>88</ns3:cad>
          </ns3:TrackPointExtension>
        </extensions>
      </trkpt>
      <trkpt lat="24.53641153872013092041015625" lon="118.15611555241048336029052734375">
        <ele>11.19999980926513671875</ele>
        <time>2026-09-09T13:19:37.000Z</time>
        <extensions>
          <ns3:TrackPointExtension>
            <ns3:hr>152</ns3:hr>
            <ns3:cad>88</ns3:cad>
          </ns3:TrackPointExtension>
        </extensions>
      </trkpt>
      <trkpt lat="24.5363719761371612548828125" lon="118.15608487464487552642822265625">
        <ele>11.19999980926513671875</ele>
        <time>2026-09-09T13:19:38.000Z</time>
        <extensions>
          <ns3:TrackPointExtension>
            <ns3:hr>153</ns3:hr>
            <ns3:cad>88</ns3:cad>
          </ns3:TrackPointExtension>
        </extensions>
      </trkpt>
      <trkpt lat="24.5363397896289825439453125" lon="118.15606291405856609344482421875">
        <ele>11.19999980926513671875</ele>
        <time>2026-09-09T13:19:39.000Z</time>
        <extensions>
          <ns3:TrackPointExtension>
            <ns3:hr>154</ns3:hr>
            <ns3:cad>88</ns3:cad>
          </ns3:TrackPointExtension>
        </extensions>
      </trkpt>
      <trkpt lat="24.53630500473082065582275390625" lon="118.1560363434255123138427734375">
        <ele>11.19999980926513671875</ele>
        <time>2026-09-09T13:19:40.000Z</time>
        <extensions>
          <ns3:TrackPointExtension>
            <ns3:hr>154</ns3:hr>
            <ns3:cad>88</ns3:cad>
          </ns3:TrackPointExtension>
        </extensions>
      </trkpt>
      <trkpt lat="24.53626980073750019073486328125" lon="118.156014382839202880859375">
        <ele>11.19999980926513671875</ele>
        <time>2026-09-09T13:19:41.000Z</time>
        <extensions>
          <ns3:TrackPointExtension>
            <ns3:hr>155</ns3:hr>
            <ns3:cad>88</ns3:cad>
          </ns3:TrackPointExtension>
        </extensions>
      </trkpt>
      <trkpt lat="24.53624146990478038787841796875" lon="118.15599351190030574798583984375">
        <ele>11.19999980926513671875</ele>
        <time>2026-09-09T13:19:42.000Z</time>
        <extensions>
          <ns3:TrackPointExtension>
            <ns3:hr>155</ns3:hr>
            <ns3:cad>88</ns3:cad>
          </ns3:TrackPointExtension>
        </extensions>
      </trkpt>
      <trkpt lat="24.53621414490044116973876953125" lon="118.15596652217209339141845703125">
        <ele>11.19999980926513671875</ele>
        <time>2026-09-09T13:19:43.000Z</time>
        <extensions>
          <ns3:TrackPointExtension>
            <ns3:hr>155</ns3:hr>
            <ns3:cad>88</ns3:cad>
          </ns3:TrackPointExtension>
        </extensions>
      </trkpt>
      <trkpt lat="24.53619302250444889068603515625" lon="118.15594573505222797393798828125">
        <ele>11.19999980926513671875</ele>
        <time>2026-09-09T13:19:44.000Z</time>
        <extensions>
          <ns3:TrackPointExtension>
            <ns3:hr>155</ns3:hr>
            <ns3:cad>88</ns3:cad>
          </ns3:TrackPointExtension>
        </extensions>
      </trkpt>
      <trkpt lat="24.5361693017184734344482421875" lon="118.15592260099947452545166015625">
        <ele>11.19999980926513671875</ele>
        <time>2026-09-09T13:19:45.000Z</time>
        <extensions>
          <ns3:TrackPointExtension>
            <ns3:hr>154</ns3:hr>
            <ns3:cad>88</ns3:cad>
          </ns3:TrackPointExtension>
        </extensions>
      </trkpt>
      <trkpt lat="24.5361466705799102783203125" lon="118.155908100306987762451171875">
        <ele>11.19999980926513671875</ele>
        <time>2026-09-09T13:19:46.000Z</time>
        <extensions>
          <ns3:TrackPointExtension>
            <ns3:hr>155</ns3:hr>
            <ns3:cad>88</ns3:cad>
          </ns3:TrackPointExtension>
        </extensions>
      </trkpt>
      <trkpt lat="24.53612177632749080657958984375" lon="118.15588588826358318328857421875">
        <ele>11.19999980926513671875</ele>
        <time>2026-09-09T13:19:47.000Z</time>
        <extensions>
          <ns3:TrackPointExtension>
            <ns3:hr>155</ns3:hr>
            <ns3:cad>88</ns3:cad>
          </ns3:TrackPointExtension>
        </extensions>
      </trkpt>
      <trkpt lat="24.5361019112169742584228515625" lon="118.15587063319981098175048828125">
        <ele>11.19999980926513671875</ele>
        <time>2026-09-09T13:19:48.000Z</time>
        <extensions>
          <ns3:TrackPointExtension>
            <ns3:hr>154</ns3:hr>
            <ns3:cad>88</ns3:cad>
          </ns3:TrackPointExtension>
        </extensions>
      </trkpt>
      <trkpt lat="24.536072574555873870849609375" lon="118.15584733150899410247802734375">
        <ele>11.19999980926513671875</ele>
        <time>2026-09-09T13:19:49.000Z</time>
        <extensions>
          <ns3:TrackPointExtension>
            <ns3:hr>154</ns3:hr>
            <ns3:cad>88</ns3:cad>
          </ns3:TrackPointExtension>
        </extensions>
      </trkpt>
      <trkpt lat="24.53605053015053272247314453125" lon="118.155835010111331939697265625">
        <ele>11.3999996185302734375</ele>
        <time>2026-09-09T13:19:50.000Z</time>
        <extensions>
          <ns3:TrackPointExtension>
            <ns3:hr>154</ns3:hr>
            <ns3:cad>88</ns3:cad>
          </ns3:TrackPointExtension>
        </extensions>
      </trkpt>
      <trkpt lat="24.536018259823322296142578125" lon="118.155808858573436737060546875">
        <ele>11.3999996185302734375</ele>
        <time>2026-09-09T13:19:51.000Z</time>
        <extensions>
          <ns3:TrackPointExtension>
            <ns3:hr>153</ns3:hr>
            <ns3:cad>88</ns3:cad>
          </ns3:TrackPointExtension>
        </extensions>
      </trkpt>
      <trkpt lat="24.53599571250379085540771484375" lon="118.15579217858612537384033203125">
        <ele>11.3999996185302734375</ele>
        <time>2026-09-09T13:19:52.000Z</time>
        <extensions>
          <ns3:TrackPointExtension>
            <ns3:hr>153</ns3:hr>
            <ns3:cad>87</ns3:cad>
          </ns3:TrackPointExtension>
        </extensions>
      </trkpt>
      <trkpt lat="24.5359651185572147369384765625" lon="118.15576636232435703277587890625">
        <ele>11.3999996185302734375</ele>
        <time>2026-09-09T13:19:53.000Z</time>
        <extensions>
          <ns3:TrackPointExtension>
            <ns3:hr>152</ns3:hr>
            <ns3:cad>87</ns3:cad>
          </ns3:TrackPointExtension>
        </extensions>
      </trkpt>
      <trkpt lat="24.53594039194285869598388671875" lon="118.1557423062622547149658203125">
        <ele>11.3999996185302734375</ele>
        <time>2026-09-09T13:19:54.000Z</time>
        <extensions>
          <ns3:TrackPointExtension>
            <ns3:hr>152</ns3:hr>
            <ns3:cad>87</ns3:cad>
          </ns3:TrackPointExtension>
        </extensions>
      </trkpt>
      <trkpt lat="24.53591994009912014007568359375" lon="118.15572311170399188995361328125">
        <ele>11.3999996185302734375</ele>
        <time>2026-09-09T13:19:55.000Z</time>
        <extensions>
          <ns3:TrackPointExtension>
            <ns3:hr>152</ns3:hr>
            <ns3:cad>88</ns3:cad>
          </ns3:TrackPointExtension>
        </extensions>
      </trkpt>
      <trkpt lat="24.53589865006506443023681640625" lon="118.15569696016609668731689453125">
        <ele>11.3999996185302734375</ele>
        <time>2026-09-09T13:19:56.000Z</time>
        <extensions>
          <ns3:TrackPointExtension>
            <ns3:hr>152</ns3:hr>
            <ns3:cad>88</ns3:cad>
          </ns3:TrackPointExtension>
        </extensions>
      </trkpt>
      <trkpt lat="24.53587736003100872039794921875" lon="118.15568740479648113250732421875">
        <ele>11.3999996185302734375</ele>
        <time>2026-09-09T13:19:57.000Z</time>
        <extensions>
          <ns3:TrackPointExtension>
            <ns3:hr>152</ns3:hr>
            <ns3:cad>88</ns3:cad>
          </ns3:TrackPointExtension>
        </extensions>
      </trkpt>
      <trkpt lat="24.53585104085505008697509765625" lon="118.155664689838886260986328125">
        <ele>11.3999996185302734375</ele>
        <time>2026-09-09T13:19:58.000Z</time>
        <extensions>
          <ns3:TrackPointExtension>
            <ns3:hr>152</ns3:hr>
            <ns3:cad>87</ns3:cad>
          </ns3:TrackPointExtension>
        </extensions>
      </trkpt>
      <trkpt lat="24.53583092428743839263916015625" lon="118.1556588225066661834716796875">
        <ele>11.3999996185302734375</ele>
        <time>2026-09-09T13:19:59.000Z</time>
        <extensions>
          <ns3:TrackPointExtension>
            <ns3:hr>151</ns3:hr>
            <ns3:cad>86</ns3:cad>
          </ns3:TrackPointExtension>
        </extensions>
      </trkpt>
      <trkpt lat="24.5357988215982913970947265625" lon="118.15563962794840335845947265625">
        <ele>11.3999996185302734375</ele>
        <time>2026-09-09T13:20:00.000Z</time>
        <extensions>
          <ns3:TrackPointExtension>
            <ns3:hr>151</ns3:hr>
            <ns3:cad>86</ns3:cad>
          </ns3:TrackPointExtension>
        </extensions>
      </trkpt>
      <trkpt lat="24.53577711246907711029052734375" lon="118.15563024021685123443603515625">
        <ele>11.3999996185302734375</ele>
        <time>2026-09-09T13:20:01.000Z</time>
        <extensions>
          <ns3:TrackPointExtension>
            <ns3:hr>151</ns3:hr>
            <ns3:cad>86</ns3:cad>
          </ns3:TrackPointExtension>
        </extensions>
      </trkpt>
      <trkpt lat="24.53574559651315212249755859375" lon="118.15561146475374698638916015625">
        <ele>11.3999996185302734375</ele>
        <time>2026-09-09T13:20:02.000Z</time>
        <extensions>
          <ns3:TrackPointExtension>
            <ns3:hr>151</ns3:hr>
            <ns3:cad>88</ns3:cad>
          </ns3:TrackPointExtension>
        </extensions>
      </trkpt>
      <trkpt lat="24.5357247255742549896240234375" lon="118.15559931099414825439453125">
        <ele>11.3999996185302734375</ele>
        <time>2026-09-09T13:20:03.000Z</time>
        <extensions>
          <ns3:TrackPointExtension>
            <ns3:hr>151</ns3:hr>
            <ns3:cad>88</ns3:cad>
          </ns3:TrackPointExtension>
        </extensions>
      </trkpt>
      <trkpt lat="24.5356938801705837249755859375" lon="118.15557919442653656005859375">
        <ele>11.3999996185302734375</ele>
        <time>2026-09-09T13:20:04.000Z</time>
        <extensions>
          <ns3:TrackPointExtension>
            <ns3:hr>151</ns3:hr>
            <ns3:cad>88</ns3:cad>
          </ns3:TrackPointExtension>
        </extensions>
      </trkpt>
      <trkpt lat="24.535667896270751953125" lon="118.15556385554373264312744140625">
        <ele>11.6000003814697265625</ele>
        <time>2026-09-09T13:20:05.000Z</time>
        <extensions>
          <ns3:TrackPointExtension>
            <ns3:hr>151</ns3:hr>
            <ns3:cad>88</ns3:cad>
          </ns3:TrackPointExtension>
        </extensions>
      </trkpt>
      <trkpt lat="24.53563906252384185791015625" lon="118.15555329434573650360107421875">
        <ele>11.6000003814697265625</ele>
        <time>2026-09-09T13:20:06.000Z</time>
        <extensions>
          <ns3:TrackPointExtension>
            <ns3:hr>151</ns3:hr>
            <ns3:cad>87</ns3:cad>
          </ns3:TrackPointExtension>
        </extensions>
      </trkpt>
      <trkpt lat="24.53561098314821720123291015625" lon="118.1555354408919811248779296875">
        <ele>11.6000003814697265625</ele>
        <time>2026-09-09T13:20:07.000Z</time>
        <extensions>
          <ns3:TrackPointExtension>
            <ns3:hr>151</ns3:hr>
            <ns3:cad>87</ns3:cad>
          </ns3:TrackPointExtension>
        </extensions>
      </trkpt>
      <trkpt lat="24.53558583743870258331298828125" lon="118.15552689135074615478515625">
        <ele>11.6000003814697265625</ele>
        <time>2026-09-09T13:20:08.000Z</time>
        <extensions>
          <ns3:TrackPointExtension>
            <ns3:hr>151</ns3:hr>
            <ns3:cad>87</ns3:cad>
          </ns3:TrackPointExtension>
        </extensions>
      </trkpt>
      <trkpt lat="24.5355567522346973419189453125" lon="118.155503757297992706298828125">
        <ele>11.6000003814697265625</ele>
        <time>2026-09-09T13:20:09.000Z</time>
        <extensions>
          <ns3:TrackPointExtension>
            <ns3:hr>151</ns3:hr>
            <ns3:cad>87</ns3:cad>
          </ns3:TrackPointExtension>
        </extensions>
      </trkpt>
      <trkpt lat="24.535538814961910247802734375" lon="118.15549763850867748260498046875">
        <ele>11.6000003814697265625</ele>
        <time>2026-09-09T13:20:10.000Z</time>
        <extensions>
          <ns3:TrackPointExtension>
            <ns3:hr>151</ns3:hr>
            <ns3:cad>87</ns3:cad>
          </ns3:TrackPointExtension>
        </extensions>
      </trkpt>
      <trkpt lat="24.53550989739596843719482421875" lon="118.1554781086742877960205078125">
        <ele>11.6000003814697265625</ele>
        <time>2026-09-09T13:20:11.000Z</time>
        <extensions>
          <ns3:TrackPointExtension>
            <ns3:hr>151</ns3:hr>
            <ns3:cad>87</ns3:cad>
          </ns3:TrackPointExtension>
        </extensions>
      </trkpt>
      <trkpt lat="24.5354907028377056121826171875" lon="118.1554643623530864715576171875">
        <ele>11.6000003814697265625</ele>
        <time>2026-09-09T13:20:12.000Z</time>
        <extensions>
          <ns3:TrackPointExtension>
            <ns3:hr>151</ns3:hr>
            <ns3:cad>87</ns3:cad>
          </ns3:TrackPointExtension>
        </extensions>
      </trkpt>
      <trkpt lat="24.5354627072811126708984375" lon="118.15544416196644306182861328125">
        <ele>11.6000003814697265625</ele>
        <time>2026-09-09T13:20:13.000Z</time>
        <extensions>
          <ns3:TrackPointExtension>
            <ns3:hr>152</ns3:hr>
            <ns3:cad>87</ns3:cad>
          </ns3:TrackPointExtension>
        </extensions>
      </trkpt>
      <trkpt lat="24.53543965704739093780517578125" lon="118.15542538650333881378173828125">
        <ele>11.6000003814697265625</ele>
        <time>2026-09-09T13:20:14.000Z</time>
        <extensions>
          <ns3:TrackPointExtension>
            <ns3:hr>151</ns3:hr>
            <ns3:cad>87</ns3:cad>
          </ns3:TrackPointExtension>
        </extensions>
      </trkpt>
      <trkpt lat="24.5354144275188446044921875" lon="118.1554103828966617584228515625">
        <ele>11.6000003814697265625</ele>
        <time>2026-09-09T13:20:15.000Z</time>
        <extensions>
          <ns3:TrackPointExtension>
            <ns3:hr>151</ns3:hr>
            <ns3:cad>86</ns3:cad>
          </ns3:TrackPointExtension>
        </extensions>
      </trkpt>
      <trkpt lat="24.53539338894188404083251953125" lon="118.1553875841200351715087890625">
        <ele>11.6000003814697265625</ele>
        <time>2026-09-09T13:20:16.000Z</time>
        <extensions>
          <ns3:TrackPointExtension>
            <ns3:hr>152</ns3:hr>
            <ns3:cad>86</ns3:cad>
          </ns3:TrackPointExtension>
        </extensions>
      </trkpt>
      <trkpt lat="24.53537218272686004638671875" lon="118.155375011265277862548828125">
        <ele>11.6000003814697265625</ele>
        <time>2026-09-09T13:20:17.000Z</time>
        <extensions>
          <ns3:TrackPointExtension>
            <ns3:hr>151</ns3:hr>
            <ns3:cad>87</ns3:cad>
          </ns3:TrackPointExtension>
        </extensions>
      </trkpt>
      <trkpt lat="24.53534678556025028228759765625" lon="118.1553500331938266754150390625">
        <ele>11.6000003814697265625</ele>
        <time>2026-09-09T13:20:18.000Z</time>
        <extensions>
          <ns3:TrackPointExtension>
            <ns3:hr>151</ns3:hr>
            <ns3:cad>87</ns3:cad>
          </ns3:TrackPointExtension>
        </extensions>
      </trkpt>
      <trkpt lat="24.53533018939197063446044921875" lon="118.1553359515964984893798828125">
        <ele>11.6000003814697265625</ele>
        <time>2026-09-09T13:20:19.000Z</time>
        <extensions>
          <ns3:TrackPointExtension>
            <ns3:hr>152</ns3:hr>
            <ns3:cad>87</ns3:cad>
          </ns3:TrackPointExtension>
        </extensions>
      </trkpt>
      <trkpt lat="24.5353006012737751007080078125" lon="118.15531206317245960235595703125">
        <ele>11.6000003814697265625</ele>
        <time>2026-09-09T13:20:20.000Z</time>
        <extensions>
          <ns3:TrackPointExtension>
            <ns3:hr>151</ns3:hr>
            <ns3:cad>87</ns3:cad>
          </ns3:TrackPointExtension>
        </extensions>
      </trkpt>
      <trkpt lat="24.535281658172607421875" lon="118.1553014181554317474365234375">
        <ele>11.80000019073486328125</ele>
        <time>2026-09-09T13:20:21.000Z</time>
        <extensions>
          <ns3:TrackPointExtension>
            <ns3:hr>151</ns3:hr>
            <ns3:cad>87</ns3:cad>
          </ns3:TrackPointExtension>
        </extensions>
      </trkpt>
      <trkpt lat="24.53525391407310962677001953125" lon="118.15528172068297863006591796875">
        <ele>11.80000019073486328125</ele>
        <time>2026-09-09T13:20:22.000Z</time>
        <extensions>
          <ns3:TrackPointExtension>
            <ns3:hr>152</ns3:hr>
            <ns3:cad>86</ns3:cad>
          </ns3:TrackPointExtension>
        </extensions>
      </trkpt>
      <trkpt lat="24.53522826544940471649169921875" lon="118.1552631966769695281982421875">
        <ele>11.80000019073486328125</ele>
        <time>2026-09-09T13:20:23.000Z</time>
        <extensions>
          <ns3:TrackPointExtension>
            <ns3:hr>151</ns3:hr>
            <ns3:cad>86</ns3:cad>
          </ns3:TrackPointExtension>
        </extensions>
      </trkpt>
      <trkpt lat="24.53520362265408039093017578125" lon="118.15525473095476627349853515625">
        <ele>11.80000019073486328125</ele>
        <time>2026-09-09T13:20:24.000Z</time>
        <extensions>
          <ns3:TrackPointExtension>
            <ns3:hr>151</ns3:hr>
            <ns3:cad>87</ns3:cad>
          </ns3:TrackPointExtension>
        </extensions>
      </trkpt>
      <trkpt lat="24.5351757109165191650390625" lon="118.15523880533874034881591796875">
        <ele>11.80000019073486328125</ele>
        <time>2026-09-09T13:20:25.000Z</time>
        <extensions>
          <ns3:TrackPointExtension>
            <ns3:hr>152</ns3:hr>
            <ns3:cad>87</ns3:cad>
          </ns3:TrackPointExtension>
        </extensions>
      </trkpt>
      <trkpt lat="24.5351544208824634552001953125" lon="118.155235536396503448486328125">
        <ele>11.80000019073486328125</ele>
        <time>2026-09-09T13:20:26.000Z</time>
        <extensions>
          <ns3:TrackPointExtension>
            <ns3:hr>151</ns3:hr>
            <ns3:cad>87</ns3:cad>
          </ns3:TrackPointExtension>
        </extensions>
      </trkpt>
      <trkpt lat="24.535124413669109344482421875" lon="118.155223466455936431884765625">
        <ele>11.80000019073486328125</ele>
        <time>2026-09-09T13:20:27.000Z</time>
        <extensions>
          <ns3:TrackPointExtension>
            <ns3:hr>152</ns3:hr>
            <ns3:cad>86</ns3:cad>
          </ns3:TrackPointExtension>
        </extensions>
      </trkpt>
      <trkpt lat="24.53510538674890995025634765625" lon="118.155222125351428985595703125">
        <ele>11.80000019073486328125</ele>
        <time>2026-09-09T13:20:28.000Z</time>
        <extensions>
          <ns3:TrackPointExtension>
            <ns3:hr>152</ns3:hr>
            <ns3:cad>86</ns3:cad>
          </ns3:TrackPointExtension>
        </extensions>
      </trkpt>
      <trkpt lat="24.53507102094590663909912109375" lon="118.1552108936011791229248046875">
        <ele>11.80000019073486328125</ele>
        <time>2026-09-09T13:20:29.000Z</time>
        <extensions>
          <ns3:TrackPointExtension>
            <ns3:hr>152</ns3:hr>
            <ns3:cad>86</ns3:cad>
          </ns3:TrackPointExtension>
        </extensions>
      </trkpt>
      <trkpt lat="24.535049311816692352294921875" lon="118.1552072055637836456298828125">
        <ele>12</ele>
        <time>2026-09-09T13:20:30.000Z</time>
        <extensions>
          <ns3:TrackPointExtension>
            <ns3:hr>153</ns3:hr>
            <ns3:cad>86</ns3:cad>
          </ns3:TrackPointExtension>
        </extensions>
      </trkpt>
      <trkpt lat="24.53501704148948192596435546875" lon="118.155198991298675537109375">
        <ele>12</ele>
        <time>2026-09-09T13:20:31.000Z</time>
        <extensions>
          <ns3:TrackPointExtension>
            <ns3:hr>153</ns3:hr>
            <ns3:cad>87</ns3:cad>
          </ns3:TrackPointExtension>
        </extensions>
      </trkpt>
      <trkpt lat="24.53499290160834789276123046875" lon="118.155195973813533782958984375">
        <ele>12</ele>
        <time>2026-09-09T13:20:32.000Z</time>
        <extensions>
          <ns3:TrackPointExtension>
            <ns3:hr>153</ns3:hr>
            <ns3:cad>87</ns3:cad>
          </ns3:TrackPointExtension>
        </extensions>
      </trkpt>
      <trkpt lat="24.5349643193185329437255859375" lon="118.1551961414515972137451171875">
        <ele>12</ele>
        <time>2026-09-09T13:20:33.000Z</time>
        <extensions>
          <ns3:TrackPointExtension>
            <ns3:hr>154</ns3:hr>
            <ns3:cad>87</ns3:cad>
          </ns3:TrackPointExtension>
        </extensions>
      </trkpt>
      <trkpt lat="24.5349369943141937255859375" lon="118.1551948003470897674560546875">
        <ele>12</ele>
        <time>2026-09-09T13:20:34.000Z</time>
        <extensions>
          <ns3:TrackPointExtension>
            <ns3:hr>154</ns3:hr>
            <ns3:cad>87</ns3:cad>
          </ns3:TrackPointExtension>
        </extensions>
      </trkpt>
      <trkpt lat="24.53490388579666614532470703125" lon="118.15520326606929302215576171875">
        <ele>12</ele>
        <time>2026-09-09T13:20:35.000Z</time>
        <extensions>
          <ns3:TrackPointExtension>
            <ns3:hr>154</ns3:hr>
            <ns3:cad>88</ns3:cad>
          </ns3:TrackPointExtension>
        </extensions>
      </trkpt>
      <trkpt lat="24.5348697714507579803466796875" lon="118.1552055291831493377685546875">
        <ele>12</ele>
        <time>2026-09-09T13:20:36.000Z</time>
        <extensions>
          <ns3:TrackPointExtension>
            <ns3:hr>154</ns3:hr>
            <ns3:cad>87</ns3:cad>
          </ns3:TrackPointExtension>
        </extensions>
      </trkpt>
      <trkpt lat="24.53483800403773784637451171875" lon="118.1552139110863208770751953125">
        <ele>12</ele>
        <time>2026-09-09T13:20:37.000Z</time>
        <extensions>
          <ns3:TrackPointExtension>
            <ns3:hr>154</ns3:hr>
            <ns3:cad>88</ns3:cad>
          </ns3:TrackPointExtension>
        </extensions>
      </trkpt>
      <trkpt lat="24.5348037220537662506103515625" lon="118.15522153861820697784423828125">
        <ele>12</ele>
        <time>2026-09-09T13:20:38.000Z</time>
        <extensions>
          <ns3:TrackPointExtension>
            <ns3:hr>155</ns3:hr>
            <ns3:cad>88</ns3:cad>
          </ns3:TrackPointExtension>
        </extensions>
      </trkpt>
      <trkpt lat="24.5347789116203784942626953125" lon="118.15523394383490085601806640625">
        <ele>12</ele>
        <time>2026-09-09T13:20:39.000Z</time>
        <extensions>
          <ns3:TrackPointExtension>
            <ns3:hr>155</ns3:hr>
            <ns3:cad>88</ns3:cad>
          </ns3:TrackPointExtension>
        </extensions>
      </trkpt>
      <trkpt lat="24.53474362380802631378173828125" lon="118.15524416975677013397216796875">
        <ele>12</ele>
        <time>2026-09-09T13:20:40.000Z</time>
        <extensions>
          <ns3:TrackPointExtension>
            <ns3:hr>155</ns3:hr>
            <ns3:cad>88</ns3:cad>
          </ns3:TrackPointExtension>
        </extensions>
      </trkpt>
      <trkpt lat="24.53472442924976348876953125" lon="118.15525741316378116607666015625">
        <ele>12</ele>
        <time>2026-09-09T13:20:41.000Z</time>
        <extensions>
          <ns3:TrackPointExtension>
            <ns3:hr>154</ns3:hr>
            <ns3:cad>88</ns3:cad>
          </ns3:TrackPointExtension>
        </extensions>
      </trkpt>
      <trkpt lat="24.53468478284776210784912109375" lon="118.15527518279850482940673828125">
        <ele>12</ele>
        <time>2026-09-09T13:20:42.000Z</time>
        <extensions>
          <ns3:TrackPointExtension>
            <ns3:hr>155</ns3:hr>
            <ns3:cad>88</ns3:cad>
          </ns3:TrackPointExtension>
        </extensions>
      </trkpt>
      <trkpt lat="24.53466399572789669036865234375" lon="118.1552853249013423919677734375">
        <ele>12</ele>
        <time>2026-09-09T13:20:43.000Z</time>
        <extensions>
          <ns3:TrackPointExtension>
            <ns3:hr>155</ns3:hr>
            <ns3:cad>88</ns3:cad>
          </ns3:TrackPointExtension>
        </extensions>
      </trkpt>
      <trkpt lat="24.5346290431916713714599609375" lon="118.1553010828793048858642578125">
        <ele>12.19999980926513671875</ele>
        <time>2026-09-09T13:20:44.000Z</time>
        <extensions>
          <ns3:TrackPointExtension>
            <ns3:hr>155</ns3:hr>
            <ns3:cad>87</ns3:cad>
          </ns3:TrackPointExtension>
        </extensions>
      </trkpt>
      <trkpt lat="24.53461085446178913116455078125" lon="118.1553121469914913177490234375">
        <ele>12.19999980926513671875</ele>
        <time>2026-09-09T13:20:45.000Z</time>
        <extensions>
          <ns3:TrackPointExtension>
            <ns3:hr>156</ns3:hr>
            <ns3:cad>88</ns3:cad>
          </ns3:TrackPointExtension>
        </extensions>
      </trkpt>
      <trkpt lat="24.534571208059787750244140625" lon="118.1553262285888195037841796875">
        <ele>12.19999980926513671875</ele>
        <time>2026-09-09T13:20:46.000Z</time>
        <extensions>
          <ns3:TrackPointExtension>
            <ns3:hr>155</ns3:hr>
            <ns3:cad>88</ns3:cad>
          </ns3:TrackPointExtension>
        </extensions>
      </trkpt>
      <trkpt lat="24.5345539413392543792724609375" lon="118.15532916225492954254150390625">
        <ele>12.19999980926513671875</ele>
        <time>2026-09-09T13:20:47.000Z</time>
        <extensions>
          <ns3:TrackPointExtension>
            <ns3:hr>156</ns3:hr>
            <ns3:cad>88</ns3:cad>
          </ns3:TrackPointExtension>
        </extensions>
      </trkpt>
      <trkpt lat="24.53452167101204395294189453125" lon="118.155335448682308197021484375">
        <ele>12.19999980926513671875</ele>
        <time>2026-09-09T13:20:48.000Z</time>
        <extensions>
          <ns3:TrackPointExtension>
            <ns3:hr>156</ns3:hr>
            <ns3:cad>88</ns3:cad>
          </ns3:TrackPointExtension>
        </extensions>
      </trkpt>
      <trkpt lat="24.5344966091215610504150390625" lon="118.1553398072719573974609375">
        <ele>12.19999980926513671875</ele>
        <time>2026-09-09T13:20:49.000Z</time>
        <extensions>
          <ns3:TrackPointExtension>
            <ns3:hr>156</ns3:hr>
            <ns3:cad>88</ns3:cad>
          </ns3:TrackPointExtension>
        </extensions>
      </trkpt>
      <trkpt lat="24.53446132130920886993408203125" lon="118.15534709952771663665771484375">
        <ele>12.19999980926513671875</ele>
        <time>2026-09-09T13:20:50.000Z</time>
        <extensions>
          <ns3:TrackPointExtension>
            <ns3:hr>155</ns3:hr>
            <ns3:cad>88</ns3:cad>
          </ns3:TrackPointExtension>
        </extensions>
      </trkpt>
      <trkpt lat="24.53442594967782497406005859375" lon="118.15534986555576324462890625">
        <ele>12.19999980926513671875</ele>
        <time>2026-09-09T13:20:51.000Z</time>
        <extensions>
          <ns3:TrackPointExtension>
            <ns3:hr>156</ns3:hr>
            <ns3:cad>88</ns3:cad>
          </ns3:TrackPointExtension>
        </extensions>
      </trkpt>
      <trkpt lat="24.53439879231154918670654296875" lon="118.15535430796444416046142578125">
        <ele>12.19999980926513671875</ele>
        <time>2026-09-09T13:20:52.000Z</time>
        <extensions>
          <ns3:TrackPointExtension>
            <ns3:hr>155</ns3:hr>
            <ns3:cad>89</ns3:cad>
          </ns3:TrackPointExtension>
        </extensions>
      </trkpt>
      <trkpt lat="24.53437129966914653778076171875" lon="118.15535263158380985260009765625">
        <ele>12.19999980926513671875</ele>
        <time>2026-09-09T13:20:53.000Z</time>
        <extensions>
          <ns3:TrackPointExtension>
            <ns3:hr>155</ns3:hr>
            <ns3:cad>89</ns3:cad>
          </ns3:TrackPointExtension>
        </extensions>
      </trkpt>
      <trkpt lat="24.53434833325445652008056640625" lon="118.15536134876310825347900390625">
        <ele>12.3999996185302734375</ele>
        <time>2026-09-09T13:20:54.000Z</time>
        <extensions>
          <ns3:TrackPointExtension>
            <ns3:hr>155</ns3:hr>
            <ns3:cad>88</ns3:cad>
          </ns3:TrackPointExtension>
        </extensions>
      </trkpt>
      <trkpt lat="24.53431279398500919342041015625" lon="118.15536051057279109954833984375">
        <ele>12.3999996185302734375</ele>
        <time>2026-09-09T13:20:55.000Z</time>
        <extensions>
          <ns3:TrackPointExtension>
            <ns3:hr>155</ns3:hr>
            <ns3:cad>88</ns3:cad>
          </ns3:TrackPointExtension>
        </extensions>
      </trkpt>
      <trkpt lat="24.53428915701806545257568359375" lon="118.1553661264479160308837890625">
        <ele>12.3999996185302734375</ele>
        <time>2026-09-09T13:20:56.000Z</time>
        <extensions>
          <ns3:TrackPointExtension>
            <ns3:hr>155</ns3:hr>
            <ns3:cad>88</ns3:cad>
          </ns3:TrackPointExtension>
        </extensions>
      </trkpt>
      <trkpt lat="24.5342518575489521026611328125" lon="118.15536134876310825347900390625">
        <ele>12.3999996185302734375</ele>
        <time>2026-09-09T13:20:57.000Z</time>
        <extensions>
          <ns3:TrackPointExtension>
            <ns3:hr>155</ns3:hr>
            <ns3:cad>87</ns3:cad>
          </ns3:TrackPointExtension>
        </extensions>
      </trkpt>
      <trkpt lat="24.5342273823916912078857421875" lon="118.1553667970001697540283203125">
        <ele>12.3999996185302734375</ele>
        <time>2026-09-09T13:20:58.000Z</time>
        <extensions>
          <ns3:TrackPointExtension>
            <ns3:hr>155</ns3:hr>
            <ns3:cad>87</ns3:cad>
          </ns3:TrackPointExtension>
        </extensions>
      </trkpt>
      <trkpt lat="24.53418740071356296539306640625" lon="118.1553617678582668304443359375">
        <ele>12.3999996185302734375</ele>
        <time>2026-09-09T13:20:59.000Z</time>
        <extensions>
          <ns3:TrackPointExtension>
            <ns3:hr>155</ns3:hr>
            <ns3:cad>88</ns3:cad>
          </ns3:TrackPointExtension>
        </extensions>
      </trkpt>
      <trkpt lat="24.53416326083242893218994140625" lon="118.15536302514374256134033203125">
        <ele>12.3999996185302734375</ele>
        <time>2026-09-09T13:21:00.000Z</time>
        <extensions>
          <ns3:TrackPointExtension>
            <ns3:hr>155</ns3:hr>
            <ns3:cad>89</ns3:cad>
          </ns3:TrackPointExtension>
        </extensions>
      </trkpt>
      <trkpt lat="24.53412361443042755126953125" lon="118.15535313449800014495849609375">
        <ele>12.3999996185302734375</ele>
        <time>2026-09-09T13:21:01.000Z</time>
        <extensions>
          <ns3:TrackPointExtension>
            <ns3:hr>154</ns3:hr>
            <ns3:cad>89</ns3:cad>
          </ns3:TrackPointExtension>
        </extensions>
      </trkpt>
      <trkpt lat="24.534096457064151763916015625" lon="118.155346848070621490478515625">
        <ele>12.3999996185302734375</ele>
        <time>2026-09-09T13:21:02.000Z</time>
        <extensions>
          <ns3:TrackPointExtension>
            <ns3:hr>154</ns3:hr>
            <ns3:cad>89</ns3:cad>
          </ns3:TrackPointExtension>
        </extensions>
      </trkpt>
      <trkpt lat="24.53406150452792644500732421875" lon="118.15533167682588100433349609375">
        <ele>12.19999980926513671875</ele>
        <time>2026-09-09T13:21:03.000Z</time>
        <extensions>
          <ns3:TrackPointExtension>
            <ns3:hr>154</ns3:hr>
            <ns3:cad>88</ns3:cad>
          </ns3:TrackPointExtension>
        </extensions>
      </trkpt>
      <trkpt lat="24.5340312458574771881103515625" lon="118.1553183495998382568359375">
        <ele>12.19999980926513671875</ele>
        <time>2026-09-09T13:21:04.000Z</time>
        <extensions>
          <ns3:TrackPointExtension>
            <ns3:hr>153</ns3:hr>
            <ns3:cad>87</ns3:cad>
          </ns3:TrackPointExtension>
        </extensions>
      </trkpt>
      <trkpt lat="24.53399889171123504638671875" lon="118.15530032850801944732666015625">
        <ele>12.19999980926513671875</ele>
        <time>2026-09-09T13:21:05.000Z</time>
        <extensions>
          <ns3:TrackPointExtension>
            <ns3:hr>153</ns3:hr>
            <ns3:cad>87</ns3:cad>
          </ns3:TrackPointExtension>
        </extensions>
      </trkpt>
      <trkpt lat="24.5339740812778472900390625" lon="118.15527786500751972198486328125">
        <ele>12.19999980926513671875</ele>
        <time>2026-09-09T13:21:06.000Z</time>
        <extensions>
          <ns3:TrackPointExtension>
            <ns3:hr>153</ns3:hr>
            <ns3:cad>88</ns3:cad>
          </ns3:TrackPointExtension>
        </extensions>
      </trkpt>
      <trkpt lat="24.5339472591876983642578125" lon="118.15525506623089313507080078125">
        <ele>12.19999980926513671875</ele>
        <time>2026-09-09T13:21:07.000Z</time>
        <extensions>
          <ns3:TrackPointExtension>
            <ns3:hr>152</ns3:hr>
            <ns3:cad>88</ns3:cad>
          </ns3:TrackPointExtension>
        </extensions>
      </trkpt>
      <trkpt lat="24.5339229516685009002685546875" lon="118.155234195291996002197265625">
        <ele>12.3999996185302734375</ele>
        <time>2026-09-09T13:21:08.000Z</time>
        <extensions>
          <ns3:TrackPointExtension>
            <ns3:hr>152</ns3:hr>
            <ns3:cad>88</ns3:cad>
          </ns3:TrackPointExtension>
        </extensions>
      </trkpt>
      <trkpt lat="24.5338944531977176666259765625" lon="118.155223466455936431884765625">
        <ele>12.3999996185302734375</ele>
        <time>2026-09-09T13:21:09.000Z</time>
        <extensions>
          <ns3:TrackPointExtension>
            <ns3:hr>151</ns3:hr>
            <ns3:cad>88</ns3:cad>
          </ns3:TrackPointExtension>
        </extensions>
      </trkpt>
      <trkpt lat="24.53386536799371242523193359375" lon="118.15520544536411762237548828125">
        <ele>12.3999996185302734375</ele>
        <time>2026-09-09T13:21:10.000Z</time>
        <extensions>
          <ns3:TrackPointExtension>
            <ns3:hr>151</ns3:hr>
            <ns3:cad>88</ns3:cad>
          </ns3:TrackPointExtension>
        </extensions>
      </trkpt>
      <trkpt lat="24.53384407795965671539306640625" lon="118.15519186668097972869873046875">
        <ele>12.3999996185302734375</ele>
        <time>2026-09-09T13:21:11.000Z</time>
        <extensions>
          <ns3:TrackPointExtension>
            <ns3:hr>151</ns3:hr>
            <ns3:cad>87</ns3:cad>
          </ns3:TrackPointExtension>
        </extensions>
      </trkpt>
      <trkpt lat="24.53382027335464954376220703125" lon="118.15515934489667415618896484375">
        <ele>12.3999996185302734375</ele>
        <time>2026-09-09T13:21:12.000Z</time>
        <extensions>
          <ns3:TrackPointExtension>
            <ns3:hr>151</ns3:hr>
            <ns3:cad>87</ns3:cad>
          </ns3:TrackPointExtension>
        </extensions>
      </trkpt>
      <trkpt lat="24.5338012464344501495361328125" lon="118.15514526329934597015380859375">
        <ele>12.19999980926513671875</ele>
        <time>2026-09-09T13:21:13.000Z</time>
        <extensions>
          <ns3:TrackPointExtension>
            <ns3:hr>151</ns3:hr>
            <ns3:cad>87</ns3:cad>
          </ns3:TrackPointExtension>
        </extensions>
      </trkpt>
      <trkpt lat="24.533778615295886993408203125" lon="118.155110813677310943603515625">
        <ele>12.19999980926513671875</ele>
        <time>2026-09-09T13:21:14.000Z</time>
        <extensions>
          <ns3:TrackPointExtension>
            <ns3:hr>151</ns3:hr>
            <ns3:cad>88</ns3:cad>
          </ns3:TrackPointExtension>
        </extensions>
      </trkpt>
      <trkpt lat="24.533764533698558807373046875" lon="118.15509505569934844970703125">
        <ele>12.19999980926513671875</ele>
        <time>2026-09-09T13:21:15.000Z</time>
        <extensions>
          <ns3:TrackPointExtension>
            <ns3:hr>151</ns3:hr>
            <ns3:cad>88</ns3:cad>
          </ns3:TrackPointExtension>
        </extensions>
      </trkpt>
      <trkpt lat="24.53374064527451992034912109375" lon="118.15506312064826488494873046875">
        <ele>12.19999980926513671875</ele>
        <time>2026-09-09T13:21:16.000Z</time>
        <extensions>
          <ns3:TrackPointExtension>
            <ns3:hr>151</ns3:hr>
            <ns3:cad>88</ns3:cad>
          </ns3:TrackPointExtension>
        </extensions>
      </trkpt>
      <trkpt lat="24.5337224565446376800537109375" lon="118.1550409086048603057861328125">
        <ele>12.19999980926513671875</ele>
        <time>2026-09-09T13:21:17.000Z</time>
        <extensions>
          <ns3:TrackPointExtension>
            <ns3:hr>152</ns3:hr>
            <ns3:cad>88</ns3:cad>
          </ns3:TrackPointExtension>
        </extensions>
      </trkpt>
      <trkpt lat="24.53370544128119945526123046875" lon="118.15501333214342594146728515625">
        <ele>12.19999980926513671875</ele>
        <time>2026-09-09T13:21:18.000Z</time>
        <extensions>
          <ns3:TrackPointExtension>
            <ns3:hr>151</ns3:hr>
            <ns3:cad>87</ns3:cad>
          </ns3:TrackPointExtension>
        </extensions>
      </trkpt>
      <trkpt lat="24.5336936227977275848388671875" lon="118.15498382784426212310791015625">
        <ele>12.19999980926513671875</ele>
        <time>2026-09-09T13:21:19.000Z</time>
        <extensions>
          <ns3:TrackPointExtension>
            <ns3:hr>151</ns3:hr>
            <ns3:cad>87</ns3:cad>
          </ns3:TrackPointExtension>
        </extensions>
      </trkpt>
      <trkpt lat="24.53367996029555797576904296875" lon="118.1549580954015254974365234375">
        <ele>12.19999980926513671875</ele>
        <time>2026-09-09T13:21:20.000Z</time>
        <extensions>
          <ns3:TrackPointExtension>
            <ns3:hr>151</ns3:hr>
            <ns3:cad>86</ns3:cad>
          </ns3:TrackPointExtension>
        </extensions>
      </trkpt>
      <trkpt lat="24.5336725004017353057861328125" lon="118.15492632798850536346435546875">
        <ele>12</ele>
        <time>2026-09-09T13:21:21.000Z</time>
        <extensions>
          <ns3:TrackPointExtension>
            <ns3:hr>152</ns3:hr>
            <ns3:cad>86</ns3:cad>
          </ns3:TrackPointExtension>
        </extensions>
      </trkpt>
      <trkpt lat="24.5336527191102504730224609375" lon="118.15490034408867359161376953125">
        <ele>12</ele>
        <time>2026-09-09T13:21:22.000Z</time>
        <extensions>
          <ns3:TrackPointExtension>
            <ns3:hr>151</ns3:hr>
            <ns3:cad>88</ns3:cad>
          </ns3:TrackPointExtension>
        </extensions>
      </trkpt>
      <trkpt lat="24.53364810906350612640380859375" lon="118.15486279316246509552001953125">
        <ele>12</ele>
        <time>2026-09-09T13:21:23.000Z</time>
        <extensions>
          <ns3:TrackPointExtension>
            <ns3:hr>151</ns3:hr>
            <ns3:cad>88</ns3:cad>
          </ns3:TrackPointExtension>
        </extensions>
      </trkpt>
      <trkpt lat="24.5336329378187656402587890625" lon="118.15484083257615566253662109375">
        <ele>12</ele>
        <time>2026-09-09T13:21:24.000Z</time>
        <extensions>
          <ns3:TrackPointExtension>
            <ns3:hr>151</ns3:hr>
            <ns3:cad>88</ns3:cad>
          </ns3:TrackPointExtension>
        </extensions>
      </trkpt>
      <trkpt lat="24.53362413682043552398681640625" lon="118.15479909069836139678955078125">
        <ele>12</ele>
        <time>2026-09-09T13:21:25.000Z</time>
        <extensions>
          <ns3:TrackPointExtension>
            <ns3:hr>151</ns3:hr>
            <ns3:cad>88</ns3:cad>
          </ns3:TrackPointExtension>
        </extensions>
      </trkpt>
      <trkpt lat="24.5336138270795345306396484375" lon="118.1547793932259082794189453125">
        <ele>12</ele>
        <time>2026-09-09T13:21:26.000Z</time>
        <extensions>
          <ns3:TrackPointExtension>
            <ns3:hr>151</ns3:hr>
            <ns3:cad>87</ns3:cad>
          </ns3:TrackPointExtension>
        </extensions>
      </trkpt>
      <trkpt lat="24.53360904939472675323486328125" lon="118.1547401659190654754638671875">
        <ele>12</ele>
        <time>2026-09-09T13:21:27.000Z</time>
        <extensions>
          <ns3:TrackPointExtension>
            <ns3:hr>152</ns3:hr>
            <ns3:cad>87</ns3:cad>
          </ns3:TrackPointExtension>
        </extensions>
      </trkpt>
      <trkpt lat="24.533596225082874298095703125" lon="118.1547109968960285186767578125">
        <ele>11.80000019073486328125</ele>
        <time>2026-09-09T13:21:28.000Z</time>
        <extensions>
          <ns3:TrackPointExtension>
            <ns3:hr>151</ns3:hr>
            <ns3:cad>88</ns3:cad>
          </ns3:TrackPointExtension>
        </extensions>
      </trkpt>
      <trkpt lat="24.53359044156968593597412109375" lon="118.15467503853142261505126953125">
        <ele>11.80000019073486328125</ele>
        <time>2026-09-09T13:21:29.000Z</time>
        <extensions>
          <ns3:TrackPointExtension>
            <ns3:hr>151</ns3:hr>
            <ns3:cad>88</ns3:cad>
          </ns3:TrackPointExtension>
        </extensions>
      </trkpt>
      <trkpt lat="24.5335863344371318817138671875" lon="118.154642097651958465576171875">
        <ele>11.80000019073486328125</ele>
        <time>2026-09-09T13:21:30.000Z</time>
        <extensions>
          <ns3:TrackPointExtension>
            <ns3:hr>151</ns3:hr>
            <ns3:cad>88</ns3:cad>
          </ns3:TrackPointExtension>
        </extensions>
      </trkpt>
      <trkpt lat="24.53357602469623088836669921875" lon="118.15461217425763607025146484375">
        <ele>11.80000019073486328125</ele>
        <time>2026-09-09T13:21:31.000Z</time>
        <extensions>
          <ns3:TrackPointExtension>
            <ns3:hr>152</ns3:hr>
            <ns3:cad>88</ns3:cad>
          </ns3:TrackPointExtension>
        </extensions>
      </trkpt>
      <trkpt lat="24.53357518650591373443603515625" lon="118.15457680262625217437744140625">
        <ele>11.80000019073486328125</ele>
        <time>2026-09-09T13:21:32.000Z</time>
        <extensions>
          <ns3:TrackPointExtension>
            <ns3:hr>151</ns3:hr>
            <ns3:cad>88</ns3:cad>
          </ns3:TrackPointExtension>
        </extensions>
      </trkpt>
      <trkpt lat="24.53356898389756679534912109375" lon="118.15455065108835697174072265625">
        <ele>11.80000019073486328125</ele>
        <time>2026-09-09T13:21:33.000Z</time>
        <extensions>
          <ns3:TrackPointExtension>
            <ns3:hr>151</ns3:hr>
            <ns3:cad>87</ns3:cad>
          </ns3:TrackPointExtension>
        </extensions>
      </trkpt>
      <trkpt lat="24.53357485122978687286376953125" lon="118.15450899302959442138671875">
        <ele>11.80000019073486328125</ele>
        <time>2026-09-09T13:21:34.000Z</time>
        <extensions>
          <ns3:TrackPointExtension>
            <ns3:hr>152</ns3:hr>
            <ns3:cad>86</ns3:cad>
          </ns3:TrackPointExtension>
        </extensions>
      </trkpt>
      <trkpt lat="24.533569402992725372314453125" lon="118.1544796563684940338134765625">
        <ele>11.80000019073486328125</ele>
        <time>2026-09-09T13:21:35.000Z</time>
        <extensions>
          <ns3:TrackPointExtension>
            <ns3:hr>152</ns3:hr>
            <ns3:cad>87</ns3:cad>
          </ns3:TrackPointExtension>
        </extensions>
      </trkpt>
      <trkpt lat="24.53357283957302570343017578125" lon="118.1544370763003826141357421875">
        <ele>11.80000019073486328125</ele>
        <time>2026-09-09T13:21:36.000Z</time>
        <extensions>
          <ns3:TrackPointExtension>
            <ns3:hr>152</ns3:hr>
            <ns3:cad>87</ns3:cad>
          </ns3:TrackPointExtension>
        </extensions>
      </trkpt>
      <trkpt lat="24.5335725881159305572509765625" lon="118.15441218204796314239501953125">
        <ele>11.80000019073486328125</ele>
        <time>2026-09-09T13:21:37.000Z</time>
        <extensions>
          <ns3:TrackPointExtension>
            <ns3:hr>151</ns3:hr>
            <ns3:cad>87</ns3:cad>
          </ns3:TrackPointExtension>
        </extensions>
      </trkpt>
      <trkpt lat="24.5335851609706878662109375" lon="118.154373876750469207763671875">
        <ele>11.80000019073486328125</ele>
        <time>2026-09-09T13:21:38.000Z</time>
        <extensions>
          <ns3:TrackPointExtension>
            <ns3:hr>151</ns3:hr>
            <ns3:cad>87</ns3:cad>
          </ns3:TrackPointExtension>
        </extensions>
      </trkpt>
      <trkpt lat="24.5335972309112548828125" lon="118.15434764139354228973388671875">
        <ele>11.6000003814697265625</ele>
        <time>2026-09-09T13:21:39.000Z</time>
        <extensions>
          <ns3:TrackPointExtension>
            <ns3:hr>151</ns3:hr>
            <ns3:cad>86</ns3:cad>
          </ns3:TrackPointExtension>
        </extensions>
      </trkpt>
      <trkpt lat="24.53360728919506072998046875" lon="118.1543205678462982177734375">
        <ele>11.6000003814697265625</ele>
        <time>2026-09-09T13:21:40.000Z</time>
        <extensions>
          <ns3:TrackPointExtension>
            <ns3:hr>151</ns3:hr>
            <ns3:cad>86</ns3:cad>
          </ns3:TrackPointExtension>
        </extensions>
      </trkpt>
      <trkpt lat="24.53362262807786464691162109375" lon="118.15429064445197582244873046875">
        <ele>11.80000019073486328125</ele>
        <time>2026-09-09T13:21:41.000Z</time>
        <extensions>
          <ns3:TrackPointExtension>
            <ns3:hr>152</ns3:hr>
            <ns3:cad>86</ns3:cad>
          </ns3:TrackPointExtension>
        </extensions>
      </trkpt>
      <trkpt lat="24.53363335691392421722412109375" lon="118.154261223971843719482421875">
        <ele>11.80000019073486328125</ele>
        <time>2026-09-09T13:21:42.000Z</time>
        <extensions>
          <ns3:TrackPointExtension>
            <ns3:hr>151</ns3:hr>
            <ns3:cad>88</ns3:cad>
          </ns3:TrackPointExtension>
        </extensions>
      </trkpt>
      <trkpt lat="24.53364886343479156494140625" lon="118.15422895364463329315185546875">
        <ele>11.80000019073486328125</ele>
        <time>2026-09-09T13:21:43.000Z</time>
        <extensions>
          <ns3:TrackPointExtension>
            <ns3:hr>151</ns3:hr>
            <ns3:cad>88</ns3:cad>
          </ns3:TrackPointExtension>
        </extensions>
      </trkpt>
      <trkpt lat="24.53365565277636051177978515625" lon="118.1542030535638332366943359375">
        <ele>11.80000019073486328125</ele>
        <time>2026-09-09T13:21:44.000Z</time>
        <extensions>
          <ns3:TrackPointExtension>
            <ns3:hr>151</ns3:hr>
            <ns3:cad>87</ns3:cad>
          </ns3:TrackPointExtension>
        </extensions>
      </trkpt>
      <trkpt lat="24.53367442823946475982666015625" lon="118.15416977740824222564697265625">
        <ele>11.80000019073486328125</ele>
        <time>2026-09-09T13:21:45.000Z</time>
        <extensions>
          <ns3:TrackPointExtension>
            <ns3:hr>152</ns3:hr>
            <ns3:cad>87</ns3:cad>
          </ns3:TrackPointExtension>
        </extensions>
      </trkpt>
      <trkpt lat="24.5336835645139217376708984375" lon="118.15414479933679103851318359375">
        <ele>11.80000019073486328125</ele>
        <time>2026-09-09T13:21:46.000Z</time>
        <extensions>
          <ns3:TrackPointExtension>
            <ns3:hr>151</ns3:hr>
            <ns3:cad>87</ns3:cad>
          </ns3:TrackPointExtension>
        </extensions>
      </trkpt>
      <trkpt lat="24.5337036810815334320068359375" lon="118.15410942770540714263916015625">
        <ele>11.80000019073486328125</ele>
        <time>2026-09-09T13:21:47.000Z</time>
        <extensions>
          <ns3:TrackPointExtension>
            <ns3:hr>151</ns3:hr>
            <ns3:cad>87</ns3:cad>
          </ns3:TrackPointExtension>
        </extensions>
      </trkpt>
      <trkpt lat="24.533712230622768402099609375" lon="118.1540857069194316864013671875">
        <ele>11.80000019073486328125</ele>
        <time>2026-09-09T13:21:48.000Z</time>
        <extensions>
          <ns3:TrackPointExtension>
            <ns3:hr>150</ns3:hr>
            <ns3:cad>87</ns3:cad>
          </ns3:TrackPointExtension>
        </extensions>
      </trkpt>
      <trkpt lat="24.53373678959906101226806640625" lon="118.15405125729739665985107421875">
        <ele>11.80000019073486328125</ele>
        <time>2026-09-09T13:21:49.000Z</time>
        <extensions>
          <ns3:TrackPointExtension>
            <ns3:hr>150</ns3:hr>
            <ns3:cad>88</ns3:cad>
          </ns3:TrackPointExtension>
        </extensions>
      </trkpt>
      <trkpt lat="24.53375372104346752166748046875" lon="118.15402963198721408843994140625">
        <ele>11.80000019073486328125</ele>
        <time>2026-09-09T13:21:50.000Z</time>
        <extensions>
          <ns3:TrackPointExtension>
            <ns3:hr>150</ns3:hr>
            <ns3:cad>88</ns3:cad>
          </ns3:TrackPointExtension>
        </extensions>
      </trkpt>
      <trkpt lat="24.5337757654488086700439453125" lon="118.15399895422160625457763671875">
        <ele>11.80000019073486328125</ele>
        <time>2026-09-09T13:21:51.000Z</time>
        <extensions>
          <ns3:TrackPointExtension>
            <ns3:hr>150</ns3:hr>
            <ns3:cad>88</ns3:cad>
          </ns3:TrackPointExtension>
        </extensions>
      </trkpt>
      <trkpt lat="24.53379713930189609527587890625" lon="118.1539745628833770751953125">
        <ele>11.80000019073486328125</ele>
        <time>2026-09-09T13:21:52.000Z</time>
        <extensions>
          <ns3:TrackPointExtension>
            <ns3:hr>150</ns3:hr>
            <ns3:cad>88</ns3:cad>
          </ns3:TrackPointExtension>
        </extensions>
      </trkpt>
      <trkpt lat="24.533816836774349212646484375" lon="118.153952769935131072998046875">
        <ele>11.80000019073486328125</ele>
        <time>2026-09-09T13:21:53.000Z</time>
        <extensions>
          <ns3:TrackPointExtension>
            <ns3:hr>150</ns3:hr>
            <ns3:cad>88</ns3:cad>
          </ns3:TrackPointExtension>
        </extensions>
      </trkpt>
      <trkpt lat="24.53384860418736934661865234375" lon="118.15393256954848766326904296875">
        <ele>11.80000019073486328125</ele>
        <time>2026-09-09T13:21:54.000Z</time>
        <extensions>
          <ns3:TrackPointExtension>
            <ns3:hr>150</ns3:hr>
            <ns3:cad>87</ns3:cad>
          </ns3:TrackPointExtension>
        </extensions>
      </trkpt>
      <trkpt lat="24.533866457641124725341796875" lon="118.15391496755182743072509765625">
        <ele>11.80000019073486328125</ele>
        <time>2026-09-09T13:21:55.000Z</time>
        <extensions>
          <ns3:TrackPointExtension>
            <ns3:hr>150</ns3:hr>
            <ns3:cad>87</ns3:cad>
          </ns3:TrackPointExtension>
        </extensions>
      </trkpt>
      <trkpt lat="24.533898644149303436279296875" lon="118.153897114098072052001953125">
        <ele>11.80000019073486328125</ele>
        <time>2026-09-09T13:21:56.000Z</time>
        <extensions>
          <ns3:TrackPointExtension>
            <ns3:hr>150</ns3:hr>
            <ns3:cad>86</ns3:cad>
          </ns3:TrackPointExtension>
        </extensions>
      </trkpt>
      <trkpt lat="24.53392303548753261566162109375" lon="118.15388311631977558135986328125">
        <ele>11.80000019073486328125</ele>
        <time>2026-09-09T13:21:57.000Z</time>
        <extensions>
          <ns3:TrackPointExtension>
            <ns3:hr>150</ns3:hr>
            <ns3:cad>87</ns3:cad>
          </ns3:TrackPointExtension>
        </extensions>
      </trkpt>
      <trkpt lat="24.533950276672840118408203125" lon="118.15386794507503509521484375">
        <ele>11.80000019073486328125</ele>
        <time>2026-09-09T13:21:58.000Z</time>
        <extensions>
          <ns3:TrackPointExtension>
            <ns3:hr>150</ns3:hr>
            <ns3:cad>87</ns3:cad>
          </ns3:TrackPointExtension>
        </extensions>
      </trkpt>
      <trkpt lat="24.533968381583690643310546875" lon="118.15385377965867519378662109375">
        <ele>12</ele>
        <time>2026-09-09T13:21:59.000Z</time>
        <extensions>
          <ns3:TrackPointExtension>
            <ns3:hr>150</ns3:hr>
            <ns3:cad>87</ns3:cad>
          </ns3:TrackPointExtension>
        </extensions>
      </trkpt>
      <trkpt lat="24.53399956226348876953125" lon="118.1538302265107631683349609375">
        <ele>11.80000019073486328125</ele>
        <time>2026-09-09T13:22:00.000Z</time>
        <extensions>
          <ns3:TrackPointExtension>
            <ns3:hr>150</ns3:hr>
            <ns3:cad>87</ns3:cad>
          </ns3:TrackPointExtension>
        </extensions>
      </trkpt>
      <trkpt lat="24.534022696316242218017578125" lon="118.15381790511310100555419921875">
        <ele>11.80000019073486328125</ele>
        <time>2026-09-09T13:22:01.000Z</time>
        <extensions>
          <ns3:TrackPointExtension>
            <ns3:hr>150</ns3:hr>
            <ns3:cad>87</ns3:cad>
          </ns3:TrackPointExtension>
        </extensions>
      </trkpt>
      <trkpt lat="24.53405094332993030548095703125" lon="118.1537993811070919036865234375">
        <ele>11.80000019073486328125</ele>
        <time>2026-09-09T13:22:02.000Z</time>
        <extensions>
          <ns3:TrackPointExtension>
            <ns3:hr>150</ns3:hr>
            <ns3:cad>87</ns3:cad>
          </ns3:TrackPointExtension>
        </extensions>
      </trkpt>
      <trkpt lat="24.53408145345747470855712890625" lon="118.153793513774871826171875">
        <ele>11.80000019073486328125</ele>
        <time>2026-09-09T13:22:03.000Z</time>
        <extensions>
          <ns3:TrackPointExtension>
            <ns3:hr>150</ns3:hr>
            <ns3:cad>87</ns3:cad>
          </ns3:TrackPointExtension>
        </extensions>
      </trkpt>
      <trkpt lat="24.5341073535382747650146484375" lon="118.1537789292633533477783203125">
        <ele>11.6000003814697265625</ele>
        <time>2026-09-09T13:22:04.000Z</time>
        <extensions>
          <ns3:TrackPointExtension>
            <ns3:hr>150</ns3:hr>
            <ns3:cad>88</ns3:cad>
          </ns3:TrackPointExtension>
        </extensions>
      </trkpt>
      <trkpt lat="24.5341509394347667694091796875" lon="118.15377029590308666229248046875">
        <ele>11.6000003814697265625</ele>
        <time>2026-09-09T13:22:05.000Z</time>
        <extensions>
          <ns3:TrackPointExtension>
            <ns3:hr>150</ns3:hr>
            <ns3:cad>88</ns3:cad>
          </ns3:TrackPointExtension>
        </extensions>
      </trkpt>
      <trkpt lat="24.53417281620204448699951171875" lon="118.15375805832445621490478515625">
        <ele>11.6000003814697265625</ele>
        <time>2026-09-09T13:22:06.000Z</time>
        <extensions>
          <ns3:TrackPointExtension>
            <ns3:hr>150</ns3:hr>
            <ns3:cad>88</ns3:cad>
          </ns3:TrackPointExtension>
        </extensions>
      </trkpt>
      <trkpt lat="24.53421422280371189117431640625" lon="118.15375101752579212188720703125">
        <ele>11.6000003814697265625</ele>
        <time>2026-09-09T13:22:07.000Z</time>
        <extensions>
          <ns3:TrackPointExtension>
            <ns3:hr>150</ns3:hr>
            <ns3:cad>86</ns3:cad>
          </ns3:TrackPointExtension>
        </extensions>
      </trkpt>
      <trkpt lat="24.53423718921840190887451171875" lon="118.15374095924198627471923828125">
        <ele>11.3999996185302734375</ele>
        <time>2026-09-09T13:22:08.000Z</time>
        <extensions>
          <ns3:TrackPointExtension>
            <ns3:hr>149</ns3:hr>
            <ns3:cad>86</ns3:cad>
          </ns3:TrackPointExtension>
        </extensions>
      </trkpt>
      <trkpt lat="24.534269459545612335205078125" lon="118.1537336669862270355224609375">
        <ele>11.3999996185302734375</ele>
        <time>2026-09-09T13:22:09.000Z</time>
        <extensions>
          <ns3:TrackPointExtension>
            <ns3:hr>149</ns3:hr>
            <ns3:cad>86</ns3:cad>
          </ns3:TrackPointExtension>
        </extensions>
      </trkpt>
      <trkpt lat="24.534294269979000091552734375" lon="118.15373425371944904327392578125">
        <ele>11.19999980926513671875</ele>
        <time>2026-09-09T13:22:10.000Z</time>
        <extensions>
          <ns3:TrackPointExtension>
            <ns3:hr>147</ns3:hr>
            <ns3:cad>86</ns3:cad>
          </ns3:TrackPointExtension>
        </extensions>
      </trkpt>
      <trkpt lat="24.53432285226881504058837890625" lon="118.1537276320159435272216796875">
        <ele>11.19999980926513671875</ele>
        <time>2026-09-09T13:22:11.000Z</time>
        <extensions>
          <ns3:TrackPointExtension>
            <ns3:hr>147</ns3:hr>
            <ns3:cad>87</ns3:cad>
          </ns3:TrackPointExtension>
        </extensions>
      </trkpt>
      <trkpt lat="24.5343549549579620361328125" lon="118.153735511004924774169921875">
        <ele>11.19999980926513671875</ele>
        <time>2026-09-09T13:22:12.000Z</time>
        <extensions>
          <ns3:TrackPointExtension>
            <ns3:hr>146</ns3:hr>
            <ns3:cad>87</ns3:cad>
          </ns3:TrackPointExtension>
        </extensions>
      </trkpt>
      <trkpt lat="24.534376077353954315185546875" lon="118.153736852109432220458984375">
        <ele>11</ele>
        <time>2026-09-09T13:22:13.000Z</time>
        <extensions>
          <ns3:TrackPointExtension>
            <ns3:hr>145</ns3:hr>
            <ns3:cad>87</ns3:cad>
          </ns3:TrackPointExtension>
        </extensions>
      </trkpt>
      <trkpt lat="24.53440667130053043365478515625" lon="118.153744898736476898193359375">
        <ele>11.19999980926513671875</ele>
        <time>2026-09-09T13:22:14.000Z</time>
        <extensions>
          <ns3:TrackPointExtension>
            <ns3:hr>145</ns3:hr>
            <ns3:cad>87</ns3:cad>
          </ns3:TrackPointExtension>
        </extensions>
      </trkpt>
      <trkpt lat="24.53443198464810848236083984375" lon="118.1537487544119358062744140625">
        <ele>11.19999980926513671875</ele>
        <time>2026-09-09T13:22:15.000Z</time>
        <extensions>
          <ns3:TrackPointExtension>
            <ns3:hr>143</ns3:hr>
            <ns3:cad>86</ns3:cad>
          </ns3:TrackPointExtension>
        </extensions>
      </trkpt>
      <trkpt lat="24.5344681106507778167724609375" lon="118.15375738777220249176025390625">
        <ele>11.19999980926513671875</ele>
        <time>2026-09-09T13:22:16.000Z</time>
        <extensions>
          <ns3:TrackPointExtension>
            <ns3:hr>140</ns3:hr>
            <ns3:cad>86</ns3:cad>
          </ns3:TrackPointExtension>
        </extensions>
      </trkpt>
      <trkpt lat="24.53449300490319728851318359375" lon="118.1537554599344730377197265625">
        <ele>11.19999980926513671875</ele>
        <time>2026-09-09T13:22:17.000Z</time>
        <extensions>
          <ns3:TrackPointExtension>
            <ns3:hr>138</ns3:hr>
            <ns3:cad>86</ns3:cad>
          </ns3:TrackPointExtension>
        </extensions>
      </trkpt>
      <trkpt lat="24.53452334739267826080322265625" lon="118.15375671721994876861572265625">
        <ele>11.19999980926513671875</ele>
        <time>2026-09-09T13:22:18.000Z</time>
        <extensions>
          <ns3:TrackPointExtension>
            <ns3:hr>136</ns3:hr>
            <ns3:cad>86</ns3:cad>
          </ns3:TrackPointExtension>
        </extensions>
      </trkpt>
      <trkpt lat="24.5345480740070343017578125" lon="118.15376057289540767669677734375">
        <ele>11</ele>
        <time>2026-09-09T13:22:19.000Z</time>
        <extensions>
          <ns3:TrackPointExtension>
            <ns3:hr>136</ns3:hr>
            <ns3:cad>87</ns3:cad>
          </ns3:TrackPointExtension>
        </extensions>
      </trkpt>
      <trkpt lat="24.5345829427242279052734375" lon="118.1537557952105998992919921875">
        <ele>11</ele>
        <time>2026-09-09T13:22:20.000Z</time>
        <extensions>
          <ns3:TrackPointExtension>
            <ns3:hr>136</ns3:hr>
            <ns3:cad>87</ns3:cad>
          </ns3:TrackPointExtension>
        </extensions>
      </trkpt>
      <trkpt lat="24.534612782299518585205078125" lon="118.15375529229640960693359375">
        <ele>11</ele>
        <time>2026-09-09T13:22:21.000Z</time>
        <extensions>
          <ns3:TrackPointExtension>
            <ns3:hr>137</ns3:hr>
            <ns3:cad>87</ns3:cad>
          </ns3:TrackPointExtension>
        </extensions>
      </trkpt>
      <trkpt lat="24.5346419513225555419921875" lon="118.15375017933547496795654296875">
        <ele>11</ele>
        <time>2026-09-09T13:22:22.000Z</time>
        <extensions>
          <ns3:TrackPointExtension>
            <ns3:hr>137</ns3:hr>
            <ns3:cad>87</ns3:cad>
          </ns3:TrackPointExtension>
        </extensions>
      </trkpt>
      <trkpt lat="24.53466785140335559844970703125" lon="118.1537537835538387298583984375">
        <ele>10.80000019073486328125</ele>
        <time>2026-09-09T13:22:23.000Z</time>
        <extensions>
          <ns3:TrackPointExtension>
            <ns3:hr>138</ns3:hr>
            <ns3:cad>86</ns3:cad>
          </ns3:TrackPointExtension>
        </extensions>
      </trkpt>
      <trkpt lat="24.53469693660736083984375" lon="118.15374858677387237548828125">
        <ele>10.80000019073486328125</ele>
        <time>2026-09-09T13:22:24.000Z</time>
        <extensions>
          <ns3:TrackPointExtension>
            <ns3:hr>142</ns3:hr>
            <ns3:cad>86</ns3:cad>
          </ns3:TrackPointExtension>
        </extensions>
      </trkpt>
      <trkpt lat="24.5347302965819835662841796875" lon="118.15375001169741153717041015625">
        <ele>10.80000019073486328125</ele>
        <time>2026-09-09T13:22:25.000Z</time>
        <extensions>
          <ns3:TrackPointExtension>
            <ns3:hr>147</ns3:hr>
            <ns3:cad>88</ns3:cad>
          </ns3:TrackPointExtension>
        </extensions>
      </trkpt>
      <trkpt lat="24.534754268825054168701171875" lon="118.15374447964131832122802734375">
        <ele>10.80000019073486328125</ele>
        <time>2026-09-09T13:22:26.000Z</time>
        <extensions>
          <ns3:TrackPointExtension>
            <ns3:hr>148</ns3:hr>
            <ns3:cad>88</ns3:cad>
          </ns3:TrackPointExtension>
        </extensions>
      </trkpt>
      <trkpt lat="24.534793831408023834228515625" lon="118.15373651683330535888671875">
        <ele>10.80000019073486328125</ele>
        <time>2026-09-09T13:22:27.000Z</time>
        <extensions>
          <ns3:TrackPointExtension>
            <ns3:hr>149</ns3:hr>
            <ns3:cad>88</ns3:cad>
          </ns3:TrackPointExtension>
        </extensions>
      </trkpt>
      <trkpt lat="24.5348131097853183746337890625" lon="118.15373106859624385833740234375">
        <ele>10.80000019073486328125</ele>
        <time>2026-09-09T13:22:28.000Z</time>
        <extensions>
          <ns3:TrackPointExtension>
            <ns3:hr>149</ns3:hr>
            <ns3:cad>88</ns3:cad>
          </ns3:TrackPointExtension>
        </extensions>
      </trkpt>
      <trkpt lat="24.53484781086444854736328125" lon="118.15372000448405742645263671875">
        <ele>10.80000019073486328125</ele>
        <time>2026-09-09T13:22:29.000Z</time>
        <extensions>
          <ns3:TrackPointExtension>
            <ns3:hr>149</ns3:hr>
            <ns3:cad>87</ns3:cad>
          </ns3:TrackPointExtension>
        </extensions>
      </trkpt>
      <trkpt lat="24.53487354330718517303466796875" lon="118.15371346659958362579345703125">
        <ele>10.80000019073486328125</ele>
        <time>2026-09-09T13:22:30.000Z</time>
        <extensions>
          <ns3:TrackPointExtension>
            <ns3:hr>150</ns3:hr>
            <ns3:cad>86</ns3:cad>
          </ns3:TrackPointExtension>
        </extensions>
      </trkpt>
      <trkpt lat="24.53490489162504673004150390625" lon="118.1537031568586826324462890625">
        <ele>10.80000019073486328125</ele>
        <time>2026-09-09T13:22:31.000Z</time>
        <extensions>
          <ns3:TrackPointExtension>
            <ns3:hr>150</ns3:hr>
            <ns3:cad>86</ns3:cad>
          </ns3:TrackPointExtension>
        </extensions>
      </trkpt>
      <trkpt lat="24.53493623994290828704833984375" lon="118.15369871445000171661376953125">
        <ele>10.80000019073486328125</ele>
        <time>2026-09-09T13:22:32.000Z</time>
        <extensions>
          <ns3:TrackPointExtension>
            <ns3:hr>151</ns3:hr>
            <ns3:cad>87</ns3:cad>
          </ns3:TrackPointExtension>
        </extensions>
      </trkpt>
      <trkpt lat="24.53496306203305721282958984375" lon="118.15369066782295703887939453125">
        <ele>10.80000019073486328125</ele>
        <time>2026-09-09T13:22:33.000Z</time>
        <extensions>
          <ns3:TrackPointExtension>
            <ns3:hr>151</ns3:hr>
            <ns3:cad>87</ns3:cad>
          </ns3:TrackPointExtension>
        </extensions>
      </trkpt>
      <trkpt lat="24.53499977476894855499267578125" lon="118.153685890138149261474609375">
        <ele>10.80000019073486328125</ele>
        <time>2026-09-09T13:22:34.000Z</time>
        <extensions>
          <ns3:TrackPointExtension>
            <ns3:hr>152</ns3:hr>
            <ns3:cad>87</ns3:cad>
          </ns3:TrackPointExtension>
        </extensions>
      </trkpt>
      <trkpt lat="24.53502207063138484954833984375" lon="118.15367490984499454498291015625">
        <ele>10.80000019073486328125</ele>
        <time>2026-09-09T13:22:35.000Z</time>
        <extensions>
          <ns3:TrackPointExtension>
            <ns3:hr>152</ns3:hr>
            <ns3:cad>87</ns3:cad>
          </ns3:TrackPointExtension>
        </extensions>
      </trkpt>
      <trkpt lat="24.5350550115108489990234375" lon="118.15366485156118869781494140625">
        <ele>10.80000019073486328125</ele>
        <time>2026-09-09T13:22:36.000Z</time>
        <extensions>
          <ns3:TrackPointExtension>
            <ns3:hr>152</ns3:hr>
            <ns3:cad>87</ns3:cad>
          </ns3:TrackPointExtension>
        </extensions>
      </trkpt>
      <trkpt lat="24.5350746251642704010009765625" lon="118.153656385838985443115234375">
        <ele>11</ele>
        <time>2026-09-09T13:22:37.000Z</time>
        <extensions>
          <ns3:TrackPointExtension>
            <ns3:hr>153</ns3:hr>
            <ns3:cad>87</ns3:cad>
          </ns3:TrackPointExtension>
        </extensions>
      </trkpt>
      <trkpt lat="24.5351048000156879425048828125" lon="118.15364054404199123382568359375">
        <ele>10.80000019073486328125</ele>
        <time>2026-09-09T13:22:38.000Z</time>
        <extensions>
          <ns3:TrackPointExtension>
            <ns3:hr>153</ns3:hr>
            <ns3:cad>86</ns3:cad>
          </ns3:TrackPointExtension>
        </extensions>
      </trkpt>
      <trkpt lat="24.53513103537261486053466796875" lon="118.1536253727972507476806640625">
        <ele>10.80000019073486328125</ele>
        <time>2026-09-09T13:22:39.000Z</time>
        <extensions>
          <ns3:TrackPointExtension>
            <ns3:hr>153</ns3:hr>
            <ns3:cad>87</ns3:cad>
          </ns3:TrackPointExtension>
        </extensions>
      </trkpt>
      <trkpt lat="24.53515626490116119384765625" lon="118.15360768698155879974365234375">
        <ele>10.80000019073486328125</ele>
        <time>2026-09-09T13:22:40.000Z</time>
        <extensions>
          <ns3:TrackPointExtension>
            <ns3:hr>152</ns3:hr>
            <ns3:cad>88</ns3:cad>
          </ns3:TrackPointExtension>
        </extensions>
      </trkpt>
      <trkpt lat="24.53518216498196125030517578125" lon="118.15359125845134258270263671875">
        <ele>10.80000019073486328125</ele>
        <time>2026-09-09T13:22:41.000Z</time>
        <extensions>
          <ns3:TrackPointExtension>
            <ns3:hr>152</ns3:hr>
            <ns3:cad>88</ns3:cad>
          </ns3:TrackPointExtension>
        </extensions>
      </trkpt>
      <trkpt lat="24.5352052152156829833984375" lon="118.15357415936887264251708984375">
        <ele>10.6000003814697265625</ele>
        <time>2026-09-09T13:22:42.000Z</time>
        <extensions>
          <ns3:TrackPointExtension>
            <ns3:hr>152</ns3:hr>
            <ns3:cad>88</ns3:cad>
          </ns3:TrackPointExtension>
        </extensions>
      </trkpt>
      <trkpt lat="24.53523136675357818603515625" lon="118.15355488099157810211181640625">
        <ele>10.6000003814697265625</ele>
        <time>2026-09-09T13:22:43.000Z</time>
        <extensions>
          <ns3:TrackPointExtension>
            <ns3:hr>153</ns3:hr>
            <ns3:cad>87</ns3:cad>
          </ns3:TrackPointExtension>
        </extensions>
      </trkpt>
      <trkpt lat="24.53524922020733356475830078125" lon="118.15353560261428356170654296875">
        <ele>10.6000003814697265625</ele>
        <time>2026-09-09T13:22:44.000Z</time>
        <extensions>
          <ns3:TrackPointExtension>
            <ns3:hr>153</ns3:hr>
            <ns3:cad>87</ns3:cad>
          </ns3:TrackPointExtension>
        </extensions>
      </trkpt>
      <trkpt lat="24.53527973033487796783447265625" lon="118.15351523458957672119140625">
        <ele>10.6000003814697265625</ele>
        <time>2026-09-09T13:22:45.000Z</time>
        <extensions>
          <ns3:TrackPointExtension>
            <ns3:hr>153</ns3:hr>
            <ns3:cad>86</ns3:cad>
          </ns3:TrackPointExtension>
        </extensions>
      </trkpt>
      <trkpt lat="24.5352912135422229766845703125" lon="118.15350425429642200469970703125">
        <ele>10.3999996185302734375</ele>
        <time>2026-09-09T13:22:46.000Z</time>
        <extensions>
          <ns3:TrackPointExtension>
            <ns3:hr>153</ns3:hr>
            <ns3:cad>86</ns3:cad>
          </ns3:TrackPointExtension>
        </extensions>
      </trkpt>
      <trkpt lat="24.5353180356323719024658203125" lon="118.153480030596256256103515625">
        <ele>10.3999996185302734375</ele>
        <time>2026-09-09T13:22:47.000Z</time>
        <extensions>
          <ns3:TrackPointExtension>
            <ns3:hr>152</ns3:hr>
            <ns3:cad>88</ns3:cad>
          </ns3:TrackPointExtension>
        </extensions>
      </trkpt>
      <trkpt lat="24.53533035703003406524658203125" lon="118.1534684635698795318603515625">
        <ele>10.3999996185302734375</ele>
        <time>2026-09-09T13:22:48.000Z</time>
        <extensions>
          <ns3:TrackPointExtension>
            <ns3:hr>152</ns3:hr>
            <ns3:cad>88</ns3:cad>
          </ns3:TrackPointExtension>
        </extensions>
      </trkpt>
      <trkpt lat="24.53535902313888072967529296875" lon="118.15345061011612415313720703125">
        <ele>10.3999996185302734375</ele>
        <time>2026-09-09T13:22:49.000Z</time>
        <extensions>
          <ns3:TrackPointExtension>
            <ns3:hr>152</ns3:hr>
            <ns3:cad>88</ns3:cad>
          </ns3:TrackPointExtension>
        </extensions>
      </trkpt>
      <trkpt lat="24.53537344001233577728271484375" lon="118.1534238718450069427490234375">
        <ele>10.3999996185302734375</ele>
        <time>2026-09-09T13:22:50.000Z</time>
        <extensions>
          <ns3:TrackPointExtension>
            <ns3:hr>152</ns3:hr>
            <ns3:cad>88</ns3:cad>
          </ns3:TrackPointExtension>
        </extensions>
      </trkpt>
      <trkpt lat="24.53539489768445491790771484375" lon="118.15340065397322177886962890625">
        <ele>10.3999996185302734375</ele>
        <time>2026-09-09T13:22:51.000Z</time>
        <extensions>
          <ns3:TrackPointExtension>
            <ns3:hr>152</ns3:hr>
            <ns3:cad>87</ns3:cad>
          </ns3:TrackPointExtension>
        </extensions>
      </trkpt>
      <trkpt lat="24.53541501425206661224365234375" lon="118.15337668173015117645263671875">
        <ele>10.3999996185302734375</ele>
        <time>2026-09-09T13:22:52.000Z</time>
        <extensions>
          <ns3:TrackPointExtension>
            <ns3:hr>152</ns3:hr>
            <ns3:cad>87</ns3:cad>
          </ns3:TrackPointExtension>
        </extensions>
      </trkpt>
      <trkpt lat="24.5354380644857883453369140625" lon="118.15335639752447605133056640625">
        <ele>10.3999996185302734375</ele>
        <time>2026-09-09T13:22:53.000Z</time>
        <extensions>
          <ns3:TrackPointExtension>
            <ns3:hr>151</ns3:hr>
            <ns3:cad>87</ns3:cad>
          </ns3:TrackPointExtension>
        </extensions>
      </trkpt>
      <trkpt lat="24.53546312637627124786376953125" lon="118.15333141945302486419677734375">
        <ele>10.3999996185302734375</ele>
        <time>2026-09-09T13:22:54.000Z</time>
        <extensions>
          <ns3:TrackPointExtension>
            <ns3:hr>152</ns3:hr>
            <ns3:cad>87</ns3:cad>
          </ns3:TrackPointExtension>
        </extensions>
      </trkpt>
      <trkpt lat="24.53547787852585315704345703125" lon="118.1533139012753963470458984375">
        <ele>10.3999996185302734375</ele>
        <time>2026-09-09T13:22:55.000Z</time>
        <extensions>
          <ns3:TrackPointExtension>
            <ns3:hr>152</ns3:hr>
            <ns3:cad>87</ns3:cad>
          </ns3:TrackPointExtension>
        </extensions>
      </trkpt>
      <trkpt lat="24.5355004258453845977783203125" lon="118.1532852351665496826171875">
        <ele>10.3999996185302734375</ele>
        <time>2026-09-09T13:22:56.000Z</time>
        <extensions>
          <ns3:TrackPointExtension>
            <ns3:hr>151</ns3:hr>
            <ns3:cad>87</ns3:cad>
          </ns3:TrackPointExtension>
        </extensions>
      </trkpt>
      <trkpt lat="24.53551928512752056121826171875" lon="118.1532615981996059417724609375">
        <ele>10.19999980926513671875</ele>
        <time>2026-09-09T13:22:57.000Z</time>
        <extensions>
          <ns3:TrackPointExtension>
            <ns3:hr>151</ns3:hr>
            <ns3:cad>87</ns3:cad>
          </ns3:TrackPointExtension>
        </extensions>
      </trkpt>
      <trkpt lat="24.535534791648387908935546875" lon="118.1532347761094570159912109375">
        <ele>10.19999980926513671875</ele>
        <time>2026-09-09T13:22:58.000Z</time>
        <extensions>
          <ns3:TrackPointExtension>
            <ns3:hr>151</ns3:hr>
            <ns3:cad>86</ns3:cad>
          </ns3:TrackPointExtension>
        </extensions>
      </trkpt>
      <trkpt lat="24.5355550758540630340576171875" lon="118.15321055240929126739501953125">
        <ele>10.19999980926513671875</ele>
        <time>2026-09-09T13:22:59.000Z</time>
        <extensions>
          <ns3:TrackPointExtension>
            <ns3:hr>151</ns3:hr>
            <ns3:cad>86</ns3:cad>
          </ns3:TrackPointExtension>
        </extensions>
      </trkpt>
      <trkpt lat="24.53557393513619899749755859375" lon="118.15318456850945949554443359375">
        <ele>10.19999980926513671875</ele>
        <time>2026-09-09T13:23:00.000Z</time>
        <extensions>
          <ns3:TrackPointExtension>
            <ns3:hr>151</ns3:hr>
            <ns3:cad>86</ns3:cad>
          </ns3:TrackPointExtension>
        </extensions>
      </trkpt>
      <trkpt lat="24.53559815883636474609375" lon="118.15316461957991123199462890625">
        <ele>10</ele>
        <time>2026-09-09T13:23:01.000Z</time>
        <extensions>
          <ns3:TrackPointExtension>
            <ns3:hr>151</ns3:hr>
            <ns3:cad>87</ns3:cad>
          </ns3:TrackPointExtension>
        </extensions>
      </trkpt>
      <trkpt lat="24.53561366535723209381103515625" lon="118.1531496159732341766357421875">
        <ele>10</ele>
        <time>2026-09-09T13:23:02.000Z</time>
        <extensions>
          <ns3:TrackPointExtension>
            <ns3:hr>151</ns3:hr>
            <ns3:cad>87</ns3:cad>
          </ns3:TrackPointExtension>
        </extensions>
      </trkpt>
      <trkpt lat="24.5356476120650768280029296875" lon="118.15313260070979595184326171875">
        <ele>10</ele>
        <time>2026-09-09T13:23:03.000Z</time>
        <extensions>
          <ns3:TrackPointExtension>
            <ns3:hr>151</ns3:hr>
            <ns3:cad>87</ns3:cad>
          </ns3:TrackPointExtension>
        </extensions>
      </trkpt>
      <trkpt lat="24.535669572651386260986328125" lon="118.15312623046338558197021484375">
        <ele>10</ele>
        <time>2026-09-09T13:23:04.000Z</time>
        <extensions>
          <ns3:TrackPointExtension>
            <ns3:hr>150</ns3:hr>
            <ns3:cad>87</ns3:cad>
          </ns3:TrackPointExtension>
        </extensions>
      </trkpt>
      <trkpt lat="24.53570938669145107269287109375" lon="118.1531243026256561279296875">
        <ele>10</ele>
        <time>2026-09-09T13:23:05.000Z</time>
        <extensions>
          <ns3:TrackPointExtension>
            <ns3:hr>150</ns3:hr>
            <ns3:cad>86</ns3:cad>
          </ns3:TrackPointExtension>
        </extensions>
      </trkpt>
      <trkpt lat="24.5357408188283443450927734375" lon="118.15312606282532215118408203125">
        <ele>10</ele>
        <time>2026-09-09T13:23:06.000Z</time>
        <extensions>
          <ns3:TrackPointExtension>
            <ns3:hr>150</ns3:hr>
            <ns3:cad>85</ns3:cad>
          </ns3:TrackPointExtension>
        </extensions>
      </trkpt>
      <trkpt lat="24.5357696525752544403076171875" lon="118.15314483828842639923095703125">
        <ele>10</ele>
        <time>2026-09-09T13:23:07.000Z</time>
        <extensions>
          <ns3:TrackPointExtension>
            <ns3:hr>150</ns3:hr>
            <ns3:cad>86</ns3:cad>
          </ns3:TrackPointExtension>
        </extensions>
      </trkpt>
      <trkpt lat="24.53579236753284931182861328125" lon="118.15316252410411834716796875">
        <ele>10</ele>
        <time>2026-09-09T13:23:08.000Z</time>
        <extensions>
          <ns3:TrackPointExtension>
            <ns3:hr>150</ns3:hr>
            <ns3:cad>86</ns3:cad>
          </ns3:TrackPointExtension>
        </extensions>
      </trkpt>
      <trkpt lat="24.53582036308944225311279296875" lon="118.1531828083097934722900390625">
        <ele>10</ele>
        <time>2026-09-09T13:23:09.000Z</time>
        <extensions>
          <ns3:TrackPointExtension>
            <ns3:hr>149</ns3:hr>
            <ns3:cad>88</ns3:cad>
          </ns3:TrackPointExtension>
        </extensions>
      </trkpt>
      <trkpt lat="24.5358417369425296783447265625" lon="118.15321021713316440582275390625">
        <ele>10</ele>
        <time>2026-09-09T13:23:10.000Z</time>
        <extensions>
          <ns3:TrackPointExtension>
            <ns3:hr>150</ns3:hr>
            <ns3:cad>88</ns3:cad>
          </ns3:TrackPointExtension>
        </extensions>
      </trkpt>
      <trkpt lat="24.5358598418533802032470703125" lon="118.15322480164468288421630859375">
        <ele>10</ele>
        <time>2026-09-09T13:23:11.000Z</time>
        <extensions>
          <ns3:TrackPointExtension>
            <ns3:hr>150</ns3:hr>
            <ns3:cad>88</ns3:cad>
          </ns3:TrackPointExtension>
        </extensions>
      </trkpt>
      <trkpt lat="24.535887502133846282958984375" lon="118.15325095318257808685302734375">
        <ele>10</ele>
        <time>2026-09-09T13:23:12.000Z</time>
        <extensions>
          <ns3:TrackPointExtension>
            <ns3:hr>149</ns3:hr>
            <ns3:cad>88</ns3:cad>
          </ns3:TrackPointExtension>
        </extensions>
      </trkpt>
      <trkpt lat="24.53590719960629940032958984375" lon="118.15326570533215999603271484375">
        <ele>10</ele>
        <time>2026-09-09T13:23:13.000Z</time>
        <extensions>
          <ns3:TrackPointExtension>
            <ns3:hr>149</ns3:hr>
            <ns3:cad>88</ns3:cad>
          </ns3:TrackPointExtension>
        </extensions>
      </trkpt>
      <trkpt lat="24.535935111343860626220703125" lon="118.153290934860706329345703125">
        <ele>10</ele>
        <time>2026-09-09T13:23:14.000Z</time>
        <extensions>
          <ns3:TrackPointExtension>
            <ns3:hr>149</ns3:hr>
            <ns3:cad>86</ns3:cad>
          </ns3:TrackPointExtension>
        </extensions>
      </trkpt>
      <trkpt lat="24.5359513722360134124755859375" lon="118.15330711193382740020751953125">
        <ele>10</ele>
        <time>2026-09-09T13:23:15.000Z</time>
        <extensions>
          <ns3:TrackPointExtension>
            <ns3:hr>150</ns3:hr>
            <ns3:cad>86</ns3:cad>
          </ns3:TrackPointExtension>
        </extensions>
      </trkpt>
      <trkpt lat="24.5359818823635578155517578125" lon="118.15332270227372646331787109375">
        <ele>10</ele>
        <time>2026-09-09T13:23:16.000Z</time>
        <extensions>
          <ns3:TrackPointExtension>
            <ns3:hr>149</ns3:hr>
            <ns3:cad>88</ns3:cad>
          </ns3:TrackPointExtension>
        </extensions>
      </trkpt>
      <trkpt lat="24.5360019989311695098876953125" lon="118.15333678387105464935302734375">
        <ele>10</ele>
        <time>2026-09-09T13:23:17.000Z</time>
        <extensions>
          <ns3:TrackPointExtension>
            <ns3:hr>149</ns3:hr>
            <ns3:cad>88</ns3:cad>
          </ns3:TrackPointExtension>
        </extensions>
      </trkpt>
      <trkpt lat="24.53602856956422328948974609375" lon="118.15335053019225597381591796875">
        <ele>10</ele>
        <time>2026-09-09T13:23:18.000Z</time>
        <extensions>
          <ns3:TrackPointExtension>
            <ns3:hr>149</ns3:hr>
            <ns3:cad>88</ns3:cad>
          </ns3:TrackPointExtension>
        </extensions>
      </trkpt>
      <trkpt lat="24.5360536314547061920166015625" lon="118.15336645580828189849853515625">
        <ele>10</ele>
        <time>2026-09-09T13:23:19.000Z</time>
        <extensions>
          <ns3:TrackPointExtension>
            <ns3:hr>148</ns3:hr>
            <ns3:cad>87</ns3:cad>
          </ns3:TrackPointExtension>
        </extensions>
      </trkpt>
      <trkpt lat="24.5360747538506984710693359375" lon="118.15337634645402431488037109375">
        <ele>10</ele>
        <time>2026-09-09T13:23:20.000Z</time>
        <extensions>
          <ns3:TrackPointExtension>
            <ns3:hr>149</ns3:hr>
            <ns3:cad>87</ns3:cad>
          </ns3:TrackPointExtension>
        </extensions>
      </trkpt>
      <trkpt lat="24.536106102168560028076171875" lon="118.1533977203071117401123046875">
        <ele>10</ele>
        <time>2026-09-09T13:23:21.000Z</time>
        <extensions>
          <ns3:TrackPointExtension>
            <ns3:hr>149</ns3:hr>
            <ns3:cad>86</ns3:cad>
          </ns3:TrackPointExtension>
        </extensions>
      </trkpt>
      <trkpt lat="24.53612797893583774566650390625" lon="118.15340886823832988739013671875">
        <ele>10</ele>
        <time>2026-09-09T13:23:22.000Z</time>
        <extensions>
          <ns3:TrackPointExtension>
            <ns3:hr>149</ns3:hr>
            <ns3:cad>86</ns3:cad>
          </ns3:TrackPointExtension>
        </extensions>
      </trkpt>
      <trkpt lat="24.5361575670540332794189453125" lon="118.15343569032847881317138671875">
        <ele>10</ele>
        <time>2026-09-09T13:23:23.000Z</time>
        <extensions>
          <ns3:TrackPointExtension>
            <ns3:hr>149</ns3:hr>
            <ns3:cad>87</ns3:cad>
          </ns3:TrackPointExtension>
        </extensions>
      </trkpt>
      <trkpt lat="24.53617558814585208892822265625" lon="118.15344658680260181427001953125">
        <ele>10</ele>
        <time>2026-09-09T13:23:24.000Z</time>
        <extensions>
          <ns3:TrackPointExtension>
            <ns3:hr>149</ns3:hr>
            <ns3:cad>87</ns3:cad>
          </ns3:TrackPointExtension>
        </extensions>
      </trkpt>
      <trkpt lat="24.53620366752147674560546875" lon="118.15346301533281803131103515625">
        <ele>10</ele>
        <time>2026-09-09T13:23:25.000Z</time>
        <extensions>
          <ns3:TrackPointExtension>
            <ns3:hr>150</ns3:hr>
            <ns3:cad>87</ns3:cad>
          </ns3:TrackPointExtension>
        </extensions>
      </trkpt>
      <trkpt lat="24.53622520901262760162353515625" lon="118.15347776748239994049072265625">
        <ele>9.80000019073486328125</ele>
        <time>2026-09-09T13:23:26.000Z</time>
        <extensions>
          <ns3:TrackPointExtension>
            <ns3:hr>150</ns3:hr>
            <ns3:cad>87</ns3:cad>
          </ns3:TrackPointExtension>
        </extensions>
      </trkpt>
      <trkpt lat="24.5362524501979351043701171875" lon="118.15349335782229900360107421875">
        <ele>9.80000019073486328125</ele>
        <time>2026-09-09T13:23:27.000Z</time>
        <extensions>
          <ns3:TrackPointExtension>
            <ns3:hr>150</ns3:hr>
            <ns3:cad>87</ns3:cad>
          </ns3:TrackPointExtension>
        </extensions>
      </trkpt>
      <trkpt lat="24.53627466224133968353271484375" lon="118.1535100378096103668212890625">
        <ele>9.80000019073486328125</ele>
        <time>2026-09-09T13:23:28.000Z</time>
        <extensions>
          <ns3:TrackPointExtension>
            <ns3:hr>150</ns3:hr>
            <ns3:cad>87</ns3:cad>
          </ns3:TrackPointExtension>
        </extensions>
      </trkpt>
      <trkpt lat="24.53629947267472743988037109375" lon="118.1535241194069385528564453125">
        <ele>9.80000019073486328125</ele>
        <time>2026-09-09T13:23:29.000Z</time>
        <extensions>
          <ns3:TrackPointExtension>
            <ns3:hr>149</ns3:hr>
            <ns3:cad>86</ns3:cad>
          </ns3:TrackPointExtension>
        </extensions>
      </trkpt>
      <trkpt lat="24.5363268814980983734130859375" lon="118.153543062508106231689453125">
        <ele>10</ele>
        <time>2026-09-09T13:23:30.000Z</time>
        <extensions>
          <ns3:TrackPointExtension>
            <ns3:hr>150</ns3:hr>
            <ns3:cad>86</ns3:cad>
          </ns3:TrackPointExtension>
        </extensions>
      </trkpt>
      <trkpt lat="24.53634473495185375213623046875" lon="118.153551109135150909423828125">
        <ele>10</ele>
        <time>2026-09-09T13:23:31.000Z</time>
        <extensions>
          <ns3:TrackPointExtension>
            <ns3:hr>150</ns3:hr>
            <ns3:cad>87</ns3:cad>
          </ns3:TrackPointExtension>
        </extensions>
      </trkpt>
      <trkpt lat="24.536372311413288116455078125" lon="118.15357156097888946533203125">
        <ele>9.80000019073486328125</ele>
        <time>2026-09-09T13:23:32.000Z</time>
        <extensions>
          <ns3:TrackPointExtension>
            <ns3:hr>149</ns3:hr>
            <ns3:cad>87</ns3:cad>
          </ns3:TrackPointExtension>
        </extensions>
      </trkpt>
      <trkpt lat="24.53639234416186809539794921875" lon="118.15358304418623447418212890625">
        <ele>9.80000019073486328125</ele>
        <time>2026-09-09T13:23:33.000Z</time>
        <extensions>
          <ns3:TrackPointExtension>
            <ns3:hr>149</ns3:hr>
            <ns3:cad>87</ns3:cad>
          </ns3:TrackPointExtension>
        </extensions>
      </trkpt>
      <trkpt lat="24.5364175736904144287109375" lon="118.15360081382095813751220703125">
        <ele>9.80000019073486328125</ele>
        <time>2026-09-09T13:23:34.000Z</time>
        <extensions>
          <ns3:TrackPointExtension>
            <ns3:hr>149</ns3:hr>
            <ns3:cad>86</ns3:cad>
          </ns3:TrackPointExtension>
        </extensions>
      </trkpt>
      <trkpt lat="24.53644196502864360809326171875" lon="118.153618164360523223876953125">
        <ele>9.6000003814697265625</ele>
        <time>2026-09-09T13:23:35.000Z</time>
        <extensions>
          <ns3:TrackPointExtension>
            <ns3:hr>149</ns3:hr>
            <ns3:cad>86</ns3:cad>
          </ns3:TrackPointExtension>
        </extensions>
      </trkpt>
      <trkpt lat="24.536468200385570526123046875" lon="118.15363015048205852508544921875">
        <ele>9.80000019073486328125</ele>
        <time>2026-09-09T13:23:36.000Z</time>
        <extensions>
          <ns3:TrackPointExtension>
            <ns3:hr>148</ns3:hr>
            <ns3:cad>86</ns3:cad>
          </ns3:TrackPointExtension>
        </extensions>
      </trkpt>
      <trkpt lat="24.53649594448506832122802734375" lon="118.15364942885935306549072265625">
        <ele>9.80000019073486328125</ele>
        <time>2026-09-09T13:23:37.000Z</time>
        <extensions>
          <ns3:TrackPointExtension>
            <ns3:hr>148</ns3:hr>
            <ns3:cad>86</ns3:cad>
          </ns3:TrackPointExtension>
        </extensions>
      </trkpt>
      <trkpt lat="24.5365169830620288848876953125" lon="118.153658397495746612548828125">
        <ele>9.80000019073486328125</ele>
        <time>2026-09-09T13:23:38.000Z</time>
        <extensions>
          <ns3:TrackPointExtension>
            <ns3:hr>148</ns3:hr>
            <ns3:cad>87</ns3:cad>
          </ns3:TrackPointExtension>
        </extensions>
      </trkpt>
      <trkpt lat="24.5365424640476703643798828125" lon="118.15367843024432659149169921875">
        <ele>9.80000019073486328125</ele>
        <time>2026-09-09T13:23:39.000Z</time>
        <extensions>
          <ns3:TrackPointExtension>
            <ns3:hr>148</ns3:hr>
            <ns3:cad>87</ns3:cad>
          </ns3:TrackPointExtension>
        </extensions>
      </trkpt>
      <trkpt lat="24.53656735830008983612060546875" lon="118.15369150601327419281005859375">
        <ele>9.80000019073486328125</ele>
        <time>2026-09-09T13:23:40.000Z</time>
        <extensions>
          <ns3:TrackPointExtension>
            <ns3:hr>148</ns3:hr>
            <ns3:cad>87</ns3:cad>
          </ns3:TrackPointExtension>
        </extensions>
      </trkpt>
      <trkpt lat="24.53659200109541416168212890625" lon="118.1537152267992496490478515625">
        <ele>9.6000003814697265625</ele>
        <time>2026-09-09T13:23:41.000Z</time>
        <extensions>
          <ns3:TrackPointExtension>
            <ns3:hr>148</ns3:hr>
            <ns3:cad>87</ns3:cad>
          </ns3:TrackPointExtension>
        </extensions>
      </trkpt>
      <trkpt lat="24.53661245293915271759033203125" lon="118.15373224206268787384033203125">
        <ele>9.6000003814697265625</ele>
        <time>2026-09-09T13:23:42.000Z</time>
        <extensions>
          <ns3:TrackPointExtension>
            <ns3:hr>148</ns3:hr>
            <ns3:cad>86</ns3:cad>
          </ns3:TrackPointExtension>
        </extensions>
      </trkpt>
      <trkpt lat="24.53663642518222332000732421875" lon="118.15375386737287044525146484375">
        <ele>9.3999996185302734375</ele>
        <time>2026-09-09T13:23:43.000Z</time>
        <extensions>
          <ns3:TrackPointExtension>
            <ns3:hr>147</ns3:hr>
            <ns3:cad>86</ns3:cad>
          </ns3:TrackPointExtension>
        </extensions>
      </trkpt>
      <trkpt lat="24.53665654174983501434326171875" lon="118.15377381630241870880126953125">
        <ele>9.3999996185302734375</ele>
        <time>2026-09-09T13:23:44.000Z</time>
        <extensions>
          <ns3:TrackPointExtension>
            <ns3:hr>147</ns3:hr>
            <ns3:cad>88</ns3:cad>
          </ns3:TrackPointExtension>
        </extensions>
      </trkpt>
      <trkpt lat="24.53668520785868167877197265625" lon="118.1537846289575099945068359375">
        <ele>9.3999996185302734375</ele>
        <time>2026-09-09T13:23:45.000Z</time>
        <extensions>
          <ns3:TrackPointExtension>
            <ns3:hr>147</ns3:hr>
            <ns3:cad>88</ns3:cad>
          </ns3:TrackPointExtension>
        </extensions>
      </trkpt>
      <trkpt lat="24.5367114432156085968017578125" lon="118.15380357205867767333984375">
        <ele>9.6000003814697265625</ele>
        <time>2026-09-09T13:23:46.000Z</time>
        <extensions>
          <ns3:TrackPointExtension>
            <ns3:hr>147</ns3:hr>
            <ns3:cad>88</ns3:cad>
          </ns3:TrackPointExtension>
        </extensions>
      </trkpt>
      <trkpt lat="24.5367342419922351837158203125" lon="118.1538164801895618438720703125">
        <ele>9.3999996185302734375</ele>
        <time>2026-09-09T13:23:47.000Z</time>
        <extensions>
          <ns3:TrackPointExtension>
            <ns3:hr>147</ns3:hr>
            <ns3:cad>88</ns3:cad>
          </ns3:TrackPointExtension>
        </extensions>
      </trkpt>
      <trkpt lat="24.5367650873959064483642578125" lon="118.153840787708759307861328125">
        <ele>9.3999996185302734375</ele>
        <time>2026-09-09T13:23:48.000Z</time>
        <extensions>
          <ns3:TrackPointExtension>
            <ns3:hr>147</ns3:hr>
            <ns3:cad>86</ns3:cad>
          </ns3:TrackPointExtension>
        </extensions>
      </trkpt>
      <trkpt lat="24.5367852039635181427001953125" lon="118.153854198753833770751953125">
        <ele>9.3999996185302734375</ele>
        <time>2026-09-09T13:23:49.000Z</time>
        <extensions>
          <ns3:TrackPointExtension>
            <ns3:hr>147</ns3:hr>
            <ns3:cad>86</ns3:cad>
          </ns3:TrackPointExtension>
        </extensions>
      </trkpt>
      <trkpt lat="24.5368093438446521759033203125" lon="118.15387993119657039642333984375">
        <ele>9.3999996185302734375</ele>
        <time>2026-09-09T13:23:50.000Z</time>
        <extensions>
          <ns3:TrackPointExtension>
            <ns3:hr>147</ns3:hr>
            <ns3:cad>86</ns3:cad>
          </ns3:TrackPointExtension>
        </extensions>
      </trkpt>
      <trkpt lat="24.53682862222194671630859375" lon="118.15389610826969146728515625">
        <ele>9.19999980926513671875</ele>
        <time>2026-09-09T13:23:51.000Z</time>
        <extensions>
          <ns3:TrackPointExtension>
            <ns3:hr>146</ns3:hr>
            <ns3:cad>87</ns3:cad>
          </ns3:TrackPointExtension>
        </extensions>
      </trkpt>
      <trkpt lat="24.53685452230274677276611328125" lon="118.1539194099605083465576171875">
        <ele>9.19999980926513671875</ele>
        <time>2026-09-09T13:23:52.000Z</time>
        <extensions>
          <ns3:TrackPointExtension>
            <ns3:hr>146</ns3:hr>
            <ns3:cad>87</ns3:cad>
          </ns3:TrackPointExtension>
        </extensions>
      </trkpt>
      <trkpt lat="24.53687556087970733642578125" lon="118.153942041099071502685546875">
        <ele>9.19999980926513671875</ele>
        <time>2026-09-09T13:23:53.000Z</time>
        <extensions>
          <ns3:TrackPointExtension>
            <ns3:hr>146</ns3:hr>
            <ns3:cad>87</ns3:cad>
          </ns3:TrackPointExtension>
        </extensions>
      </trkpt>
      <trkpt lat="24.53689911402761936187744140625" lon="118.15395520068705081939697265625">
        <ele>9</ele>
        <time>2026-09-09T13:23:54.000Z</time>
        <extensions>
          <ns3:TrackPointExtension>
            <ns3:hr>146</ns3:hr>
            <ns3:cad>87</ns3:cad>
          </ns3:TrackPointExtension>
        </extensions>
      </trkpt>
      <trkpt lat="24.536926858127117156982421875" lon="118.15397255122661590576171875">
        <ele>9.19999980926513671875</ele>
        <time>2026-09-09T13:23:55.000Z</time>
        <extensions>
          <ns3:TrackPointExtension>
            <ns3:hr>146</ns3:hr>
            <ns3:cad>87</ns3:cad>
          </ns3:TrackPointExtension>
        </extensions>
      </trkpt>
      <trkpt lat="24.536950327455997467041015625" lon="118.1539814360439777374267578125">
        <ele>9.19999980926513671875</ele>
        <time>2026-09-09T13:23:56.000Z</time>
        <extensions>
          <ns3:TrackPointExtension>
            <ns3:hr>146</ns3:hr>
            <ns3:cad>86</ns3:cad>
          </ns3:TrackPointExtension>
        </extensions>
      </trkpt>
      <trkpt lat="24.53698108904063701629638671875" lon="118.15400071442127227783203125">
        <ele>9.19999980926513671875</ele>
        <time>2026-09-09T13:23:57.000Z</time>
        <extensions>
          <ns3:TrackPointExtension>
            <ns3:hr>146</ns3:hr>
            <ns3:cad>86</ns3:cad>
          </ns3:TrackPointExtension>
        </extensions>
      </trkpt>
      <trkpt lat="24.537001959979534149169921875" lon="118.1540126167237758636474609375">
        <ele>9.3999996185302734375</ele>
        <time>2026-09-09T13:23:58.000Z</time>
        <extensions>
          <ns3:TrackPointExtension>
            <ns3:hr>147</ns3:hr>
            <ns3:cad>86</ns3:cad>
          </ns3:TrackPointExtension>
        </extensions>
      </trkpt>
      <trkpt lat="24.53702920116484165191650390625" lon="118.15403466112911701202392578125">
        <ele>9.19999980926513671875</ele>
        <time>2026-09-09T13:23:59.000Z</time>
        <extensions>
          <ns3:TrackPointExtension>
            <ns3:hr>146</ns3:hr>
            <ns3:cad>86</ns3:cad>
          </ns3:TrackPointExtension>
        </extensions>
      </trkpt>
      <trkpt lat="24.5370490662753582000732421875" lon="118.1540494970977306365966796875">
        <ele>9.19999980926513671875</ele>
        <time>2026-09-09T13:24:00.000Z</time>
        <extensions>
          <ns3:TrackPointExtension>
            <ns3:hr>146</ns3:hr>
            <ns3:cad>87</ns3:cad>
          </ns3:TrackPointExtension>
        </extensions>
      </trkpt>
      <trkpt lat="24.537074379622936248779296875" lon="118.15406450070440769195556640625">
        <ele>9</ele>
        <time>2026-09-09T13:24:01.000Z</time>
        <extensions>
          <ns3:TrackPointExtension>
            <ns3:hr>147</ns3:hr>
            <ns3:cad>87</ns3:cad>
          </ns3:TrackPointExtension>
        </extensions>
      </trkpt>
      <trkpt lat="24.53709793277084827423095703125" lon="118.1540826894342899322509765625">
        <ele>9</ele>
        <time>2026-09-09T13:24:02.000Z</time>
        <extensions>
          <ns3:TrackPointExtension>
            <ns3:hr>146</ns3:hr>
            <ns3:cad>87</ns3:cad>
          </ns3:TrackPointExtension>
        </extensions>
      </trkpt>
      <trkpt lat="24.53712693415582180023193359375" lon="118.1540937535464763641357421875">
        <ele>8.80000019073486328125</ele>
        <time>2026-09-09T13:24:03.000Z</time>
        <extensions>
          <ns3:TrackPointExtension>
            <ns3:hr>146</ns3:hr>
            <ns3:cad>87</ns3:cad>
          </ns3:TrackPointExtension>
        </extensions>
      </trkpt>
      <trkpt lat="24.537154175341129302978515625" lon="118.154115378856658935546875">
        <ele>8.80000019073486328125</ele>
        <time>2026-09-09T13:24:04.000Z</time>
        <extensions>
          <ns3:TrackPointExtension>
            <ns3:hr>147</ns3:hr>
            <ns3:cad>87</ns3:cad>
          </ns3:TrackPointExtension>
        </extensions>
      </trkpt>
      <trkpt lat="24.53718007542192935943603515625" lon="118.1541247665882110595703125">
        <ele>8.80000019073486328125</ele>
        <time>2026-09-09T13:24:05.000Z</time>
        <extensions>
          <ns3:TrackPointExtension>
            <ns3:hr>147</ns3:hr>
            <ns3:cad>86</ns3:cad>
          </ns3:TrackPointExtension>
        </extensions>
      </trkpt>
      <trkpt lat="24.5372086577117443084716796875" lon="118.15415033139288425445556640625">
        <ele>8.80000019073486328125</ele>
        <time>2026-09-09T13:24:06.000Z</time>
        <extensions>
          <ns3:TrackPointExtension>
            <ns3:hr>147</ns3:hr>
            <ns3:cad>87</ns3:cad>
          </ns3:TrackPointExtension>
        </extensions>
      </trkpt>
      <trkpt lat="24.53723371960222721099853515625" lon="118.154160641133785247802734375">
        <ele>8.80000019073486328125</ele>
        <time>2026-09-09T13:24:07.000Z</time>
        <extensions>
          <ns3:TrackPointExtension>
            <ns3:hr>146</ns3:hr>
            <ns3:cad>87</ns3:cad>
          </ns3:TrackPointExtension>
        </extensions>
      </trkpt>
      <trkpt lat="24.53726322390139102935791015625" lon="118.15417774021625518798828125">
        <ele>8.6000003814697265625</ele>
        <time>2026-09-09T13:24:08.000Z</time>
        <extensions>
          <ns3:TrackPointExtension>
            <ns3:hr>147</ns3:hr>
            <ns3:cad>87</ns3:cad>
          </ns3:TrackPointExtension>
        </extensions>
      </trkpt>
      <trkpt lat="24.53728954307734966278076171875" lon="118.15419224090874195098876953125">
        <ele>8.6000003814697265625</ele>
        <time>2026-09-09T13:24:09.000Z</time>
        <extensions>
          <ns3:TrackPointExtension>
            <ns3:hr>147</ns3:hr>
            <ns3:cad>86</ns3:cad>
          </ns3:TrackPointExtension>
        </extensions>
      </trkpt>
      <trkpt lat="24.5373156107962131500244140625" lon="118.15420615486800670623779296875">
        <ele>8.6000003814697265625</ele>
        <time>2026-09-09T13:24:10.000Z</time>
        <extensions>
          <ns3:TrackPointExtension>
            <ns3:hr>147</ns3:hr>
            <ns3:cad>86</ns3:cad>
          </ns3:TrackPointExtension>
        </extensions>
      </trkpt>
      <trkpt lat="24.5373464561998844146728515625" lon="118.15422325395047664642333984375">
        <ele>8.6000003814697265625</ele>
        <time>2026-09-09T13:24:11.000Z</time>
        <extensions>
          <ns3:TrackPointExtension>
            <ns3:hr>146</ns3:hr>
            <ns3:cad>85</ns3:cad>
          </ns3:TrackPointExtension>
        </extensions>
      </trkpt>
      <trkpt lat="24.5373773016035556793212890625" lon="118.15423297695815563201904296875">
        <ele>8.3999996185302734375</ele>
        <time>2026-09-09T13:24:12.000Z</time>
        <extensions>
          <ns3:TrackPointExtension>
            <ns3:hr>147</ns3:hr>
            <ns3:cad>86</ns3:cad>
          </ns3:TrackPointExtension>
        </extensions>
      </trkpt>
      <trkpt lat="24.53740638680756092071533203125" lon="118.15425141714513301849365234375">
        <ele>8.3999996185302734375</ele>
        <time>2026-09-09T13:24:13.000Z</time>
        <extensions>
          <ns3:TrackPointExtension>
            <ns3:hr>147</ns3:hr>
            <ns3:cad>87</ns3:cad>
          </ns3:TrackPointExtension>
        </extensions>
      </trkpt>
      <trkpt lat="24.537436477839946746826171875" lon="118.15425795502960681915283203125">
        <ele>8.3999996185302734375</ele>
        <time>2026-09-09T13:24:14.000Z</time>
        <extensions>
          <ns3:TrackPointExtension>
            <ns3:hr>147</ns3:hr>
            <ns3:cad>87</ns3:cad>
          </ns3:TrackPointExtension>
        </extensions>
      </trkpt>
      <trkpt lat="24.53746589832007884979248046875" lon="118.15428435802459716796875">
        <ele>8.3999996185302734375</ele>
        <time>2026-09-09T13:24:15.000Z</time>
        <extensions>
          <ns3:TrackPointExtension>
            <ns3:hr>147</ns3:hr>
            <ns3:cad>87</ns3:cad>
          </ns3:TrackPointExtension>
        </extensions>
      </trkpt>
      <trkpt lat="24.5374882780015468597412109375" lon="118.154298774898052215576171875">
        <ele>8.3999996185302734375</ele>
        <time>2026-09-09T13:24:16.000Z</time>
        <extensions>
          <ns3:TrackPointExtension>
            <ns3:hr>147</ns3:hr>
            <ns3:cad>87</ns3:cad>
          </ns3:TrackPointExtension>
        </extensions>
      </trkpt>
      <trkpt lat="24.53750596381723880767822265625" lon="118.154337666928768157958984375">
        <ele>8.19999980926513671875</ele>
        <time>2026-09-09T13:24:17.000Z</time>
        <extensions>
          <ns3:TrackPointExtension>
            <ns3:hr>147</ns3:hr>
            <ns3:cad>87</ns3:cad>
          </ns3:TrackPointExtension>
        </extensions>
      </trkpt>
      <trkpt lat="24.53751836903393268585205078125" lon="118.1543670035898685455322265625">
        <ele>8.19999980926513671875</ele>
        <time>2026-09-09T13:24:18.000Z</time>
        <extensions>
          <ns3:TrackPointExtension>
            <ns3:hr>147</ns3:hr>
            <ns3:cad>86</ns3:cad>
          </ns3:TrackPointExtension>
        </extensions>
      </trkpt>
      <trkpt lat="24.53752105124294757843017578125" lon="118.1544085778295993804931640625">
        <ele>8.19999980926513671875</ele>
        <time>2026-09-09T13:24:19.000Z</time>
        <extensions>
          <ns3:TrackPointExtension>
            <ns3:hr>147</ns3:hr>
            <ns3:cad>87</ns3:cad>
          </ns3:TrackPointExtension>
        </extensions>
      </trkpt>
      <trkpt lat="24.53752155415713787078857421875" lon="118.154438249766826629638671875">
        <ele>8.19999980926513671875</ele>
        <time>2026-09-09T13:24:20.000Z</time>
        <extensions>
          <ns3:TrackPointExtension>
            <ns3:hr>147</ns3:hr>
            <ns3:cad>88</ns3:cad>
          </ns3:TrackPointExtension>
        </extensions>
      </trkpt>
      <trkpt lat="24.5375120826065540313720703125" lon="118.1544736213982105255126953125">
        <ele>8.19999980926513671875</ele>
        <time>2026-09-09T13:24:21.000Z</time>
        <extensions>
          <ns3:TrackPointExtension>
            <ns3:hr>147</ns3:hr>
            <ns3:cad>89</ns3:cad>
          </ns3:TrackPointExtension>
        </extensions>
      </trkpt>
      <trkpt lat="24.537500180304050445556640625" lon="118.154506646096706390380859375">
        <ele>8.19999980926513671875</ele>
        <time>2026-09-09T13:24:22.000Z</time>
        <extensions>
          <ns3:TrackPointExtension>
            <ns3:hr>148</ns3:hr>
            <ns3:cad>89</ns3:cad>
          </ns3:TrackPointExtension>
        </extensions>
      </trkpt>
      <trkpt lat="24.5374859310686588287353515625" lon="118.15453908406198024749755859375">
        <ele>8.19999980926513671875</ele>
        <time>2026-09-09T13:24:23.000Z</time>
        <extensions>
          <ns3:TrackPointExtension>
            <ns3:hr>147</ns3:hr>
            <ns3:cad>89</ns3:cad>
          </ns3:TrackPointExtension>
        </extensions>
      </trkpt>
      <trkpt lat="24.537470340728759765625" lon="118.15457194112241268157958984375">
        <ele>8.19999980926513671875</ele>
        <time>2026-09-09T13:24:24.000Z</time>
        <extensions>
          <ns3:TrackPointExtension>
            <ns3:hr>147</ns3:hr>
            <ns3:cad>88</ns3:cad>
          </ns3:TrackPointExtension>
        </extensions>
      </trkpt>
      <trkpt lat="24.537461958825588226318359375" lon="118.154600523412227630615234375">
        <ele>8.19999980926513671875</ele>
        <time>2026-09-09T13:24:25.000Z</time>
        <extensions>
          <ns3:TrackPointExtension>
            <ns3:hr>147</ns3:hr>
            <ns3:cad>87</ns3:cad>
          </ns3:TrackPointExtension>
        </extensions>
      </trkpt>
      <trkpt lat="24.53744092024862766265869140625" lon="118.154634051024913787841796875">
        <ele>8.19999980926513671875</ele>
        <time>2026-09-09T13:24:26.000Z</time>
        <extensions>
          <ns3:TrackPointExtension>
            <ns3:hr>147</ns3:hr>
            <ns3:cad>87</ns3:cad>
          </ns3:TrackPointExtension>
        </extensions>
      </trkpt>
      <trkpt lat="24.53743237070739269256591796875" lon="118.15465919673442840576171875">
        <ele>8.3999996185302734375</ele>
        <time>2026-09-09T13:24:27.000Z</time>
        <extensions>
          <ns3:TrackPointExtension>
            <ns3:hr>147</ns3:hr>
            <ns3:cad>87</ns3:cad>
          </ns3:TrackPointExtension>
        </extensions>
      </trkpt>
      <trkpt lat="24.53740806318819522857666015625" lon="118.1546922214329242706298828125">
        <ele>8.3999996185302734375</ele>
        <time>2026-09-09T13:24:28.000Z</time>
        <extensions>
          <ns3:TrackPointExtension>
            <ns3:hr>147</ns3:hr>
            <ns3:cad>87</ns3:cad>
          </ns3:TrackPointExtension>
        </extensions>
      </trkpt>
      <trkpt lat="24.53739456832408905029296875" lon="118.15471225418150424957275390625">
        <ele>8.19999980926513671875</ele>
        <time>2026-09-09T13:24:29.000Z</time>
        <extensions>
          <ns3:TrackPointExtension>
            <ns3:hr>147</ns3:hr>
            <ns3:cad>87</ns3:cad>
          </ns3:TrackPointExtension>
        </extensions>
      </trkpt>
      <trkpt lat="24.53737654723227024078369140625" lon="118.15473522059619426727294921875">
        <ele>8.3999996185302734375</ele>
        <time>2026-09-09T13:24:30.000Z</time>
        <extensions>
          <ns3:TrackPointExtension>
            <ns3:hr>147</ns3:hr>
            <ns3:cad>87</ns3:cad>
          </ns3:TrackPointExtension>
        </extensions>
      </trkpt>
      <trkpt lat="24.537359364330768585205078125" lon="118.15476380288600921630859375">
        <ele>8.3999996185302734375</ele>
        <time>2026-09-09T13:24:31.000Z</time>
        <extensions>
          <ns3:TrackPointExtension>
            <ns3:hr>147</ns3:hr>
            <ns3:cad>86</ns3:cad>
          </ns3:TrackPointExtension>
        </extensions>
      </trkpt>
      <trkpt lat="24.5373474620282649993896484375" lon="118.15478660166263580322265625">
        <ele>8.3999996185302734375</ele>
        <time>2026-09-09T13:24:32.000Z</time>
        <extensions>
          <ns3:TrackPointExtension>
            <ns3:hr>146</ns3:hr>
            <ns3:cad>86</ns3:cad>
          </ns3:TrackPointExtension>
        </extensions>
      </trkpt>
      <trkpt lat="24.53733019530773162841796875" lon="118.1548140943050384521484375">
        <ele>8.3999996185302734375</ele>
        <time>2026-09-09T13:24:33.000Z</time>
        <extensions>
          <ns3:TrackPointExtension>
            <ns3:hr>146</ns3:hr>
            <ns3:cad>86</ns3:cad>
          </ns3:TrackPointExtension>
        </extensions>
      </trkpt>
      <trkpt lat="24.53732105903327465057373046875" lon="118.154839240014553070068359375">
        <ele>8.3999996185302734375</ele>
        <time>2026-09-09T13:24:34.000Z</time>
        <extensions>
          <ns3:TrackPointExtension>
            <ns3:hr>146</ns3:hr>
            <ns3:cad>86</ns3:cad>
          </ns3:TrackPointExtension>
        </extensions>
      </trkpt>
      <trkpt lat="24.53729725442826747894287109375" lon="118.1548699177801609039306640625">
        <ele>8.3999996185302734375</ele>
        <time>2026-09-09T13:24:35.000Z</time>
        <extensions>
          <ns3:TrackPointExtension>
            <ns3:hr>146</ns3:hr>
            <ns3:cad>87</ns3:cad>
          </ns3:TrackPointExtension>
        </extensions>
      </trkpt>
      <trkpt lat="24.53728384338319301605224609375" lon="118.15489179454743862152099609375">
        <ele>8.3999996185302734375</ele>
        <time>2026-09-09T13:24:36.000Z</time>
        <extensions>
          <ns3:TrackPointExtension>
            <ns3:hr>147</ns3:hr>
            <ns3:cad>87</ns3:cad>
          </ns3:TrackPointExtension>
        </extensions>
      </trkpt>
      <trkpt lat="24.537262134253978729248046875" lon="118.15492565743625164031982421875">
        <ele>8.3999996185302734375</ele>
        <time>2026-09-09T13:24:37.000Z</time>
        <extensions>
          <ns3:TrackPointExtension>
            <ns3:hr>147</ns3:hr>
            <ns3:cad>86</ns3:cad>
          </ns3:TrackPointExtension>
        </extensions>
      </trkpt>
      <trkpt lat="24.53725148923695087432861328125" lon="118.15495382063090801239013671875">
        <ele>8.6000003814697265625</ele>
        <time>2026-09-09T13:24:38.000Z</time>
        <extensions>
          <ns3:TrackPointExtension>
            <ns3:hr>147</ns3:hr>
            <ns3:cad>86</ns3:cad>
          </ns3:TrackPointExtension>
        </extensions>
      </trkpt>
      <trkpt lat="24.5372348092496395111083984375" lon="118.15498734824359416961669921875">
        <ele>8.6000003814697265625</ele>
        <time>2026-09-09T13:24:39.000Z</time>
        <extensions>
          <ns3:TrackPointExtension>
            <ns3:hr>147</ns3:hr>
            <ns3:cad>86</ns3:cad>
          </ns3:TrackPointExtension>
        </extensions>
      </trkpt>
      <trkpt lat="24.53721745871007442474365234375" lon="118.15501534380018711090087890625">
        <ele>8.6000003814697265625</ele>
        <time>2026-09-09T13:24:40.000Z</time>
        <extensions>
          <ns3:TrackPointExtension>
            <ns3:hr>147</ns3:hr>
            <ns3:cad>86</ns3:cad>
          </ns3:TrackPointExtension>
        </extensions>
      </trkpt>
      <trkpt lat="24.5372039638459682464599609375" lon="118.1550462730228900909423828125">
        <ele>8.6000003814697265625</ele>
        <time>2026-09-09T13:24:41.000Z</time>
        <extensions>
          <ns3:TrackPointExtension>
            <ns3:hr>148</ns3:hr>
            <ns3:cad>86</ns3:cad>
          </ns3:TrackPointExtension>
        </extensions>
      </trkpt>
      <trkpt lat="24.53718258999288082122802734375" lon="118.15507854335010051727294921875">
        <ele>8.6000003814697265625</ele>
        <time>2026-09-09T13:24:42.000Z</time>
        <extensions>
          <ns3:TrackPointExtension>
            <ns3:hr>148</ns3:hr>
            <ns3:cad>87</ns3:cad>
          </ns3:TrackPointExtension>
        </extensions>
      </trkpt>
      <trkpt lat="24.53717169351875782012939453125" lon="118.15510167740285396575927734375">
        <ele>8.6000003814697265625</ele>
        <time>2026-09-09T13:24:43.000Z</time>
        <extensions>
          <ns3:TrackPointExtension>
            <ns3:hr>148</ns3:hr>
            <ns3:cad>87</ns3:cad>
          </ns3:TrackPointExtension>
        </extensions>
      </trkpt>
      <trkpt lat="24.53715316951274871826171875" lon="118.1551344506442546844482421875">
        <ele>8.6000003814697265625</ele>
        <time>2026-09-09T13:24:44.000Z</time>
        <extensions>
          <ns3:TrackPointExtension>
            <ns3:hr>148</ns3:hr>
            <ns3:cad>87</ns3:cad>
          </ns3:TrackPointExtension>
        </extensions>
      </trkpt>
      <trkpt lat="24.537146128714084625244140625" lon="118.1551582552492618560791015625">
        <ele>8.6000003814697265625</ele>
        <time>2026-09-09T13:24:45.000Z</time>
        <extensions>
          <ns3:TrackPointExtension>
            <ns3:hr>149</ns3:hr>
            <ns3:cad>87</ns3:cad>
          </ns3:TrackPointExtension>
        </extensions>
      </trkpt>
      <trkpt lat="24.53712760470807552337646484375" lon="118.155189938843250274658203125">
        <ele>8.6000003814697265625</ele>
        <time>2026-09-09T13:24:46.000Z</time>
        <extensions>
          <ns3:TrackPointExtension>
            <ns3:hr>148</ns3:hr>
            <ns3:cad>87</ns3:cad>
          </ns3:TrackPointExtension>
        </extensions>
      </trkpt>
      <trkpt lat="24.53711503185331821441650390625" lon="118.155211396515369415283203125">
        <ele>8.6000003814697265625</ele>
        <time>2026-09-09T13:24:47.000Z</time>
        <extensions>
          <ns3:TrackPointExtension>
            <ns3:hr>148</ns3:hr>
            <ns3:cad>87</ns3:cad>
          </ns3:TrackPointExtension>
        </extensions>
      </trkpt>
      <trkpt lat="24.537092484533786773681640625" lon="118.1552424095571041107177734375">
        <ele>8.3999996185302734375</ele>
        <time>2026-09-09T13:24:48.000Z</time>
        <extensions>
          <ns3:TrackPointExtension>
            <ns3:hr>149</ns3:hr>
            <ns3:cad>87</ns3:cad>
          </ns3:TrackPointExtension>
        </extensions>
      </trkpt>
      <trkpt lat="24.53707798384130001068115234375" lon="118.15526747144758701324462890625">
        <ele>8.3999996185302734375</ele>
        <time>2026-09-09T13:24:49.000Z</time>
        <extensions>
          <ns3:TrackPointExtension>
            <ns3:hr>149</ns3:hr>
            <ns3:cad>87</ns3:cad>
          </ns3:TrackPointExtension>
        </extensions>
      </trkpt>
      <trkpt lat="24.53706859610974788665771484375" lon="118.15529949031770229339599609375">
        <ele>8.6000003814697265625</ele>
        <time>2026-09-09T13:24:50.000Z</time>
        <extensions>
          <ns3:TrackPointExtension>
            <ns3:hr>149</ns3:hr>
            <ns3:cad>87</ns3:cad>
          </ns3:TrackPointExtension>
        </extensions>
      </trkpt>
      <trkpt lat="24.5370547659695148468017578125" lon="118.1553289107978343963623046875">
        <ele>8.6000003814697265625</ele>
        <time>2026-09-09T13:24:51.000Z</time>
        <extensions>
          <ns3:TrackPointExtension>
            <ns3:hr>149</ns3:hr>
            <ns3:cad>87</ns3:cad>
          </ns3:TrackPointExtension>
        </extensions>
      </trkpt>
      <trkpt lat="24.5370460487902164459228515625" lon="118.1553553976118564605712890625">
        <ele>8.6000003814697265625</ele>
        <time>2026-09-09T13:24:52.000Z</time>
        <extensions>
          <ns3:TrackPointExtension>
            <ns3:hr>149</ns3:hr>
            <ns3:cad>87</ns3:cad>
          </ns3:TrackPointExtension>
        </extensions>
      </trkpt>
      <trkpt lat="24.53703640960156917572021484375" lon="118.15539001487195491790771484375">
        <ele>8.6000003814697265625</ele>
        <time>2026-09-09T13:24:53.000Z</time>
        <extensions>
          <ns3:TrackPointExtension>
            <ns3:hr>149</ns3:hr>
            <ns3:cad>87</ns3:cad>
          </ns3:TrackPointExtension>
        </extensions>
      </trkpt>
      <trkpt lat="24.53702978789806365966796875" lon="118.1554221175611019134521484375">
        <ele>8.6000003814697265625</ele>
        <time>2026-09-09T13:24:54.000Z</time>
        <extensions>
          <ns3:TrackPointExtension>
            <ns3:hr>148</ns3:hr>
            <ns3:cad>87</ns3:cad>
          </ns3:TrackPointExtension>
        </extensions>
      </trkpt>
      <trkpt lat="24.5370192267000675201416015625" lon="118.15545254386961460113525390625">
        <ele>8.3999996185302734375</ele>
        <time>2026-09-09T13:24:55.000Z</time>
        <extensions>
          <ns3:TrackPointExtension>
            <ns3:hr>148</ns3:hr>
            <ns3:cad>86</ns3:cad>
          </ns3:TrackPointExtension>
        </extensions>
      </trkpt>
      <trkpt lat="24.537010677158832550048828125" lon="118.15547601319849491119384765625">
        <ele>8.6000003814697265625</ele>
        <time>2026-09-09T13:24:56.000Z</time>
        <extensions>
          <ns3:TrackPointExtension>
            <ns3:hr>148</ns3:hr>
            <ns3:cad>87</ns3:cad>
          </ns3:TrackPointExtension>
        </extensions>
      </trkpt>
      <trkpt lat="24.5369893871247768402099609375" lon="118.15550141036510467529296875">
        <ele>8.6000003814697265625</ele>
        <time>2026-09-09T13:24:57.000Z</time>
        <extensions>
          <ns3:TrackPointExtension>
            <ns3:hr>148</ns3:hr>
            <ns3:cad>88</ns3:cad>
          </ns3:TrackPointExtension>
        </extensions>
      </trkpt>
      <trkpt lat="24.53696700744330883026123046875" lon="118.15551959909498691558837890625">
        <ele>8.6000003814697265625</ele>
        <time>2026-09-09T13:24:58.000Z</time>
        <extensions>
          <ns3:TrackPointExtension>
            <ns3:hr>148</ns3:hr>
            <ns3:cad>88</ns3:cad>
          </ns3:TrackPointExtension>
        </extensions>
      </trkpt>
      <trkpt lat="24.53693834133446216583251953125" lon="118.15554566681385040283203125">
        <ele>8.6000003814697265625</ele>
        <time>2026-09-09T13:24:59.000Z</time>
        <extensions>
          <ns3:TrackPointExtension>
            <ns3:hr>149</ns3:hr>
            <ns3:cad>88</ns3:cad>
          </ns3:TrackPointExtension>
        </extensions>
      </trkpt>
      <trkpt lat="24.53692249953746795654296875" lon="118.1555736623704433441162109375">
        <ele>8.80000019073486328125</ele>
        <time>2026-09-09T13:25:00.000Z</time>
        <extensions>
          <ns3:TrackPointExtension>
            <ns3:hr>148</ns3:hr>
            <ns3:cad>87</ns3:cad>
          </ns3:TrackPointExtension>
        </extensions>
      </trkpt>
      <trkpt lat="24.53690917231142520904541015625" lon="118.15560308285057544708251953125">
        <ele>8.6000003814697265625</ele>
        <time>2026-09-09T13:25:01.000Z</time>
        <extensions>
          <ns3:TrackPointExtension>
            <ns3:hr>149</ns3:hr>
            <ns3:cad>87</ns3:cad>
          </ns3:TrackPointExtension>
        </extensions>
      </trkpt>
      <trkpt lat="24.53689031302928924560546875" lon="118.1556308269500732421875">
        <ele>8.80000019073486328125</ele>
        <time>2026-09-09T13:25:02.000Z</time>
        <extensions>
          <ns3:TrackPointExtension>
            <ns3:hr>149</ns3:hr>
            <ns3:cad>86</ns3:cad>
          </ns3:TrackPointExtension>
        </extensions>
      </trkpt>
      <trkpt lat="24.5368790812790393829345703125" lon="118.155655972659587860107421875">
        <ele>8.80000019073486328125</ele>
        <time>2026-09-09T13:25:03.000Z</time>
        <extensions>
          <ns3:TrackPointExtension>
            <ns3:hr>149</ns3:hr>
            <ns3:cad>86</ns3:cad>
          </ns3:TrackPointExtension>
        </extensions>
      </trkpt>
      <trkpt lat="24.53686005435883998870849609375" lon="118.1556859798729419708251953125">
        <ele>8.80000019073486328125</ele>
        <time>2026-09-09T13:25:04.000Z</time>
        <extensions>
          <ns3:TrackPointExtension>
            <ns3:hr>148</ns3:hr>
            <ns3:cad>88</ns3:cad>
          </ns3:TrackPointExtension>
        </extensions>
      </trkpt>
      <trkpt lat="24.536853767931461334228515625" lon="118.15570986829698085784912109375">
        <ele>8.80000019073486328125</ele>
        <time>2026-09-09T13:25:05.000Z</time>
        <extensions>
          <ns3:TrackPointExtension>
            <ns3:hr>149</ns3:hr>
            <ns3:cad>88</ns3:cad>
          </ns3:TrackPointExtension>
        </extensions>
      </trkpt>
      <trkpt lat="24.53683474101126194000244140625" lon="118.1557459942996501922607421875">
        <ele>9</ele>
        <time>2026-09-09T13:25:06.000Z</time>
        <extensions>
          <ns3:TrackPointExtension>
            <ns3:hr>149</ns3:hr>
            <ns3:cad>87</ns3:cad>
          </ns3:TrackPointExtension>
        </extensions>
      </trkpt>
      <trkpt lat="24.5368247665464878082275390625" lon="118.15577088855206966400146484375">
        <ele>9</ele>
        <time>2026-09-09T13:25:07.000Z</time>
        <extensions>
          <ns3:TrackPointExtension>
            <ns3:hr>149</ns3:hr>
            <ns3:cad>87</ns3:cad>
          </ns3:TrackPointExtension>
        </extensions>
      </trkpt>
      <trkpt lat="24.53680372796952724456787109375" lon="118.15580223686993122100830078125">
        <ele>9</ele>
        <time>2026-09-09T13:25:08.000Z</time>
        <extensions>
          <ns3:TrackPointExtension>
            <ns3:hr>149</ns3:hr>
            <ns3:cad>87</ns3:cad>
          </ns3:TrackPointExtension>
        </extensions>
      </trkpt>
      <trkpt lat="24.53679241240024566650390625" lon="118.15582755021750926971435546875">
        <ele>9</ele>
        <time>2026-09-09T13:25:09.000Z</time>
        <extensions>
          <ns3:TrackPointExtension>
            <ns3:hr>150</ns3:hr>
            <ns3:cad>87</ns3:cad>
          </ns3:TrackPointExtension>
        </extensions>
      </trkpt>
      <trkpt lat="24.53677724115550518035888671875" lon="118.155858479440212249755859375">
        <ele>9</ele>
        <time>2026-09-09T13:25:10.000Z</time>
        <extensions>
          <ns3:TrackPointExtension>
            <ns3:hr>150</ns3:hr>
            <ns3:cad>86</ns3:cad>
          </ns3:TrackPointExtension>
        </extensions>
      </trkpt>
      <trkpt lat="24.536761902272701263427734375" lon="118.1558841280639171600341796875">
        <ele>9</ele>
        <time>2026-09-09T13:25:11.000Z</time>
        <extensions>
          <ns3:TrackPointExtension>
            <ns3:hr>150</ns3:hr>
            <ns3:cad>87</ns3:cad>
          </ns3:TrackPointExtension>
        </extensions>
      </trkpt>
      <trkpt lat="24.53675343655049800872802734375" lon="118.15591203980147838592529296875">
        <ele>8.80000019073486328125</ele>
        <time>2026-09-09T13:25:12.000Z</time>
        <extensions>
          <ns3:TrackPointExtension>
            <ns3:hr>149</ns3:hr>
            <ns3:cad>87</ns3:cad>
          </ns3:TrackPointExtension>
        </extensions>
      </trkpt>
      <trkpt lat="24.53673700802028179168701171875" lon="118.1559421308338642120361328125">
        <ele>8.80000019073486328125</ele>
        <time>2026-09-09T13:25:13.000Z</time>
        <extensions>
          <ns3:TrackPointExtension>
            <ns3:hr>150</ns3:hr>
            <ns3:cad>87</ns3:cad>
          </ns3:TrackPointExtension>
        </extensions>
      </trkpt>
      <trkpt lat="24.53672762028872966766357421875" lon="118.1559645943343639373779296875">
        <ele>8.80000019073486328125</ele>
        <time>2026-09-09T13:25:14.000Z</time>
        <extensions>
          <ns3:TrackPointExtension>
            <ns3:hr>150</ns3:hr>
            <ns3:cad>87</ns3:cad>
          </ns3:TrackPointExtension>
        </extensions>
      </trkpt>
      <trkpt lat="24.53670658171176910400390625" lon="118.15599636174738407135009765625">
        <ele>8.80000019073486328125</ele>
        <time>2026-09-09T13:25:15.000Z</time>
        <extensions>
          <ns3:TrackPointExtension>
            <ns3:hr>150</ns3:hr>
            <ns3:cad>87</ns3:cad>
          </ns3:TrackPointExtension>
        </extensions>
      </trkpt>
      <trkpt lat="24.53670549206435680389404296875" lon="118.15601916052401065826416015625">
        <ele>8.80000019073486328125</ele>
        <time>2026-09-09T13:25:16.000Z</time>
        <extensions>
          <ns3:TrackPointExtension>
            <ns3:hr>150</ns3:hr>
            <ns3:cad>87</ns3:cad>
          </ns3:TrackPointExtension>
        </extensions>
      </trkpt>
      <trkpt lat="24.53668202273547649383544921875" lon="118.1560413725674152374267578125">
        <ele>8.80000019073486328125</ele>
        <time>2026-09-09T13:25:17.000Z</time>
        <extensions>
          <ns3:TrackPointExtension>
            <ns3:hr>150</ns3:hr>
            <ns3:cad>87</ns3:cad>
          </ns3:TrackPointExtension>
        </extensions>
      </trkpt>
      <trkpt lat="24.5366645045578479766845703125" lon="118.156062327325344085693359375">
        <ele>9</ele>
        <time>2026-09-09T13:25:18.000Z</time>
        <extensions>
          <ns3:TrackPointExtension>
            <ns3:hr>150</ns3:hr>
            <ns3:cad>88</ns3:cad>
          </ns3:TrackPointExtension>
        </extensions>
      </trkpt>
      <trkpt lat="24.53662737272679805755615234375" lon="118.15608738921582698822021484375">
        <ele>9</ele>
        <time>2026-09-09T13:25:19.000Z</time>
        <extensions>
          <ns3:TrackPointExtension>
            <ns3:hr>150</ns3:hr>
            <ns3:cad>88</ns3:cad>
          </ns3:TrackPointExtension>
        </extensions>
      </trkpt>
      <trkpt lat="24.53660155646502971649169921875" lon="118.15610465593636035919189453125">
        <ele>9</ele>
        <time>2026-09-09T13:25:20.000Z</time>
        <extensions>
          <ns3:TrackPointExtension>
            <ns3:hr>151</ns3:hr>
            <ns3:cad>88</ns3:cad>
          </ns3:TrackPointExtension>
        </extensions>
      </trkpt>
      <trkpt lat="24.536561407148838043212890625" lon="118.1561272032558917999267578125">
        <ele>9.19999980926513671875</ele>
        <time>2026-09-09T13:25:21.000Z</time>
        <extensions>
          <ns3:TrackPointExtension>
            <ns3:hr>151</ns3:hr>
            <ns3:cad>88</ns3:cad>
          </ns3:TrackPointExtension>
        </extensions>
      </trkpt>
      <trkpt lat="24.53653634525835514068603515625" lon="118.1561436317861080169677734375">
        <ele>9.19999980926513671875</ele>
        <time>2026-09-09T13:25:22.000Z</time>
        <extensions>
          <ns3:TrackPointExtension>
            <ns3:hr>151</ns3:hr>
            <ns3:cad>88</ns3:cad>
          </ns3:TrackPointExtension>
        </extensions>
      </trkpt>
      <trkpt lat="24.5364980399608612060546875" lon="118.1561510078608989715576171875">
        <ele>9.19999980926513671875</ele>
        <time>2026-09-09T13:25:23.000Z</time>
        <extensions>
          <ns3:TrackPointExtension>
            <ns3:hr>151</ns3:hr>
            <ns3:cad>88</ns3:cad>
          </ns3:TrackPointExtension>
        </extensions>
      </trkpt>
      <trkpt lat="24.5364653505384922027587890625" lon="118.15615318715572357177734375">
        <ele>9.19999980926513671875</ele>
        <time>2026-09-09T13:25:24.000Z</time>
        <extensions>
          <ns3:TrackPointExtension>
            <ns3:hr>151</ns3:hr>
            <ns3:cad>87</ns3:cad>
          </ns3:TrackPointExtension>
        </extensions>
      </trkpt>
      <trkpt lat="24.53643341548740863800048828125" lon="118.15615209750831127166748046875">
        <ele>9.19999980926513671875</ele>
        <time>2026-09-09T13:25:25.000Z</time>
        <extensions>
          <ns3:TrackPointExtension>
            <ns3:hr>152</ns3:hr>
            <ns3:cad>87</ns3:cad>
          </ns3:TrackPointExtension>
        </extensions>
      </trkpt>
      <trkpt lat="24.53640642575919628143310546875" lon="118.156142793595790863037109375">
        <ele>9.19999980926513671875</ele>
        <time>2026-09-09T13:25:26.000Z</time>
        <extensions>
          <ns3:TrackPointExtension>
            <ns3:hr>151</ns3:hr>
            <ns3:cad>88</ns3:cad>
          </ns3:TrackPointExtension>
        </extensions>
      </trkpt>
      <trkpt lat="24.5363848842680454254150390625" lon="118.1561391055583953857421875">
        <ele>9.19999980926513671875</ele>
        <time>2026-09-09T13:25:27.000Z</time>
        <extensions>
          <ns3:TrackPointExtension>
            <ns3:hr>151</ns3:hr>
            <ns3:cad>88</ns3:cad>
          </ns3:TrackPointExtension>
        </extensions>
      </trkpt>
      <trkpt lat="24.53636032529175281524658203125" lon="118.156124018132686614990234375">
        <ele>9.19999980926513671875</ele>
        <time>2026-09-09T13:25:28.000Z</time>
        <extensions>
          <ns3:TrackPointExtension>
            <ns3:hr>151</ns3:hr>
            <ns3:cad>88</ns3:cad>
          </ns3:TrackPointExtension>
        </extensions>
      </trkpt>
      <trkpt lat="24.53634406439960002899169921875" lon="118.1561198271811008453369140625">
        <ele>9.19999980926513671875</ele>
        <time>2026-09-09T13:25:29.000Z</time>
        <extensions>
          <ns3:TrackPointExtension>
            <ns3:hr>152</ns3:hr>
            <ns3:cad>88</ns3:cad>
          </ns3:TrackPointExtension>
        </extensions>
      </trkpt>
      <trkpt lat="24.53630852513015270233154296875" lon="118.15610063262283802032470703125">
        <ele>9.19999980926513671875</ele>
        <time>2026-09-09T13:25:30.000Z</time>
        <extensions>
          <ns3:TrackPointExtension>
            <ns3:hr>152</ns3:hr>
            <ns3:cad>87</ns3:cad>
          </ns3:TrackPointExtension>
        </extensions>
      </trkpt>
      <trkpt lat="24.53629075549542903900146484375" lon="118.15608722157776355743408203125">
        <ele>9.19999980926513671875</ele>
        <time>2026-09-09T13:25:31.000Z</time>
        <extensions>
          <ns3:TrackPointExtension>
            <ns3:hr>151</ns3:hr>
            <ns3:cad>87</ns3:cad>
          </ns3:TrackPointExtension>
        </extensions>
      </trkpt>
      <trkpt lat="24.53626343049108982086181640625" lon="118.15606878139078617095947265625">
        <ele>9.3999996185302734375</ele>
        <time>2026-09-09T13:25:32.000Z</time>
        <extensions>
          <ns3:TrackPointExtension>
            <ns3:hr>151</ns3:hr>
            <ns3:cad>87</ns3:cad>
          </ns3:TrackPointExtension>
        </extensions>
      </trkpt>
      <trkpt lat="24.53623727895319461822509765625" lon="118.15605084411799907684326171875">
        <ele>9.3999996185302734375</ele>
        <time>2026-09-09T13:25:33.000Z</time>
        <extensions>
          <ns3:TrackPointExtension>
            <ns3:hr>150</ns3:hr>
            <ns3:cad>87</ns3:cad>
          </ns3:TrackPointExtension>
        </extensions>
      </trkpt>
      <trkpt lat="24.53621112741529941558837890625" lon="118.15603441558778285980224609375">
        <ele>9.3999996185302734375</ele>
        <time>2026-09-09T13:25:34.000Z</time>
        <extensions>
          <ns3:TrackPointExtension>
            <ns3:hr>150</ns3:hr>
            <ns3:cad>87</ns3:cad>
          </ns3:TrackPointExtension>
        </extensions>
      </trkpt>
      <trkpt lat="24.5361867360770702362060546875" lon="118.1560138799250125885009765625">
        <ele>9.3999996185302734375</ele>
        <time>2026-09-09T13:25:35.000Z</time>
        <extensions>
          <ns3:TrackPointExtension>
            <ns3:hr>150</ns3:hr>
            <ns3:cad>87</ns3:cad>
          </ns3:TrackPointExtension>
        </extensions>
      </trkpt>
      <trkpt lat="24.53616075217723846435546875" lon="118.15600642003118991851806640625">
        <ele>9.3999996185302734375</ele>
        <time>2026-09-09T13:25:36.000Z</time>
        <extensions>
          <ns3:TrackPointExtension>
            <ns3:hr>150</ns3:hr>
            <ns3:cad>87</ns3:cad>
          </ns3:TrackPointExtension>
        </extensions>
      </trkpt>
      <trkpt lat="24.5361305773258209228515625" lon="118.1559796817600727081298828125">
        <ele>9.3999996185302734375</ele>
        <time>2026-09-09T13:25:37.000Z</time>
        <extensions>
          <ns3:TrackPointExtension>
            <ns3:hr>150</ns3:hr>
            <ns3:cad>86</ns3:cad>
          </ns3:TrackPointExtension>
        </extensions>
      </trkpt>
      <trkpt lat="24.5361045934259891510009765625" lon="118.15596970729529857635498046875">
        <ele>9.3999996185302734375</ele>
        <time>2026-09-09T13:25:38.000Z</time>
        <extensions>
          <ns3:TrackPointExtension>
            <ns3:hr>150</ns3:hr>
            <ns3:cad>86</ns3:cad>
          </ns3:TrackPointExtension>
        </extensions>
      </trkpt>
      <trkpt lat="24.5360737480223178863525390625" lon="118.1559486687183380126953125">
        <ele>9.3999996185302734375</ele>
        <time>2026-09-09T13:25:39.000Z</time>
        <extensions>
          <ns3:TrackPointExtension>
            <ns3:hr>150</ns3:hr>
            <ns3:cad>86</ns3:cad>
          </ns3:TrackPointExtension>
        </extensions>
      </trkpt>
      <trkpt lat="24.53605069778859615325927734375" lon="118.1559310667216777801513671875">
        <ele>9.3999996185302734375</ele>
        <time>2026-09-09T13:25:40.000Z</time>
        <extensions>
          <ns3:TrackPointExtension>
            <ns3:hr>150</ns3:hr>
            <ns3:cad>86</ns3:cad>
          </ns3:TrackPointExtension>
        </extensions>
      </trkpt>
      <trkpt lat="24.53602421097457408905029296875" lon="118.15591002814471721649169921875">
        <ele>9.3999996185302734375</ele>
        <time>2026-09-09T13:25:41.000Z</time>
        <extensions>
          <ns3:TrackPointExtension>
            <ns3:hr>151</ns3:hr>
            <ns3:cad>87</ns3:cad>
          </ns3:TrackPointExtension>
        </extensions>
      </trkpt>
      <trkpt lat="24.5359989814460277557373046875" lon="118.15588756464421749114990234375">
        <ele>9.3999996185302734375</ele>
        <time>2026-09-09T13:25:42.000Z</time>
        <extensions>
          <ns3:TrackPointExtension>
            <ns3:hr>150</ns3:hr>
            <ns3:cad>87</ns3:cad>
          </ns3:TrackPointExtension>
        </extensions>
      </trkpt>
      <trkpt lat="24.53597509302198886871337890625" lon="118.15587197430431842803955078125">
        <ele>9.3999996185302734375</ele>
        <time>2026-09-09T13:25:43.000Z</time>
        <extensions>
          <ns3:TrackPointExtension>
            <ns3:hr>150</ns3:hr>
            <ns3:cad>87</ns3:cad>
          </ns3:TrackPointExtension>
        </extensions>
      </trkpt>
      <trkpt lat="24.5359480194747447967529296875" lon="118.15584783442318439483642578125">
        <ele>9.3999996185302734375</ele>
        <time>2026-09-09T13:25:44.000Z</time>
        <extensions>
          <ns3:TrackPointExtension>
            <ns3:hr>151</ns3:hr>
            <ns3:cad>86</ns3:cad>
          </ns3:TrackPointExtension>
        </extensions>
      </trkpt>
      <trkpt lat="24.53592144884169101715087890625" lon="118.1558324955403804779052734375">
        <ele>9.3999996185302734375</ele>
        <time>2026-09-09T13:25:45.000Z</time>
        <extensions>
          <ns3:TrackPointExtension>
            <ns3:hr>150</ns3:hr>
            <ns3:cad>86</ns3:cad>
          </ns3:TrackPointExtension>
        </extensions>
      </trkpt>
      <trkpt lat="24.53589278273284435272216796875" lon="118.155811540782451629638671875">
        <ele>9.6000003814697265625</ele>
        <time>2026-09-09T13:25:46.000Z</time>
        <extensions>
          <ns3:TrackPointExtension>
            <ns3:hr>150</ns3:hr>
            <ns3:cad>86</ns3:cad>
          </ns3:TrackPointExtension>
        </extensions>
      </trkpt>
      <trkpt lat="24.5358688943088054656982421875" lon="118.15580324269831180572509765625">
        <ele>9.6000003814697265625</ele>
        <time>2026-09-09T13:25:47.000Z</time>
        <extensions>
          <ns3:TrackPointExtension>
            <ns3:hr>150</ns3:hr>
            <ns3:cad>87</ns3:cad>
          </ns3:TrackPointExtension>
        </extensions>
      </trkpt>
      <trkpt lat="24.53584081493318080902099609375" lon="118.15578094683587551116943359375">
        <ele>9.6000003814697265625</ele>
        <time>2026-09-09T13:25:48.000Z</time>
        <extensions>
          <ns3:TrackPointExtension>
            <ns3:hr>151</ns3:hr>
            <ns3:cad>87</ns3:cad>
          </ns3:TrackPointExtension>
        </extensions>
      </trkpt>
      <trkpt lat="24.53581986017525196075439453125" lon="118.15576803870499134063720703125">
        <ele>9.6000003814697265625</ele>
        <time>2026-09-09T13:25:49.000Z</time>
        <extensions>
          <ns3:TrackPointExtension>
            <ns3:hr>150</ns3:hr>
            <ns3:cad>87</ns3:cad>
          </ns3:TrackPointExtension>
        </extensions>
      </trkpt>
      <trkpt lat="24.535796307027339935302734375" lon="118.15574574284255504608154296875">
        <ele>9.6000003814697265625</ele>
        <time>2026-09-09T13:25:50.000Z</time>
        <extensions>
          <ns3:TrackPointExtension>
            <ns3:hr>150</ns3:hr>
            <ns3:cad>87</ns3:cad>
          </ns3:TrackPointExtension>
        </extensions>
      </trkpt>
      <trkpt lat="24.53577208332717418670654296875" lon="118.15572814084589481353759765625">
        <ele>9.3999996185302734375</ele>
        <time>2026-09-09T13:25:51.000Z</time>
        <extensions>
          <ns3:TrackPointExtension>
            <ns3:hr>150</ns3:hr>
            <ns3:cad>87</ns3:cad>
          </ns3:TrackPointExtension>
        </extensions>
      </trkpt>
      <trkpt lat="24.53574861399829387664794921875" lon="118.1557153165340423583984375">
        <ele>9.3999996185302734375</ele>
        <time>2026-09-09T13:25:52.000Z</time>
        <extensions>
          <ns3:TrackPointExtension>
            <ns3:hr>150</ns3:hr>
            <ns3:cad>87</ns3:cad>
          </ns3:TrackPointExtension>
        </extensions>
      </trkpt>
      <trkpt lat="24.5357220433652400970458984375" lon="118.15569595433771610260009765625">
        <ele>9.3999996185302734375</ele>
        <time>2026-09-09T13:25:53.000Z</time>
        <extensions>
          <ns3:TrackPointExtension>
            <ns3:hr>150</ns3:hr>
            <ns3:cad>87</ns3:cad>
          </ns3:TrackPointExtension>
        </extensions>
      </trkpt>
      <trkpt lat="24.535699076950550079345703125" lon="118.155685476958751678466796875">
        <ele>9.6000003814697265625</ele>
        <time>2026-09-09T13:25:54.000Z</time>
        <extensions>
          <ns3:TrackPointExtension>
            <ns3:hr>150</ns3:hr>
            <ns3:cad>86</ns3:cad>
          </ns3:TrackPointExtension>
        </extensions>
      </trkpt>
      <trkpt lat="24.53567049466073513031005859375" lon="118.1556648574769496917724609375">
        <ele>9.6000003814697265625</ele>
        <time>2026-09-09T13:25:55.000Z</time>
        <extensions>
          <ns3:TrackPointExtension>
            <ns3:hr>150</ns3:hr>
            <ns3:cad>87</ns3:cad>
          </ns3:TrackPointExtension>
        </extensions>
      </trkpt>
      <trkpt lat="24.53564970754086971282958984375" lon="118.1556563079357147216796875">
        <ele>9.6000003814697265625</ele>
        <time>2026-09-09T13:25:56.000Z</time>
        <extensions>
          <ns3:TrackPointExtension>
            <ns3:hr>150</ns3:hr>
            <ns3:cad>87</ns3:cad>
          </ns3:TrackPointExtension>
        </extensions>
      </trkpt>
      <trkpt lat="24.5356201194226741790771484375" lon="118.1556336767971515655517578125">
        <ele>9.6000003814697265625</ele>
        <time>2026-09-09T13:25:57.000Z</time>
        <extensions>
          <ns3:TrackPointExtension>
            <ns3:hr>150</ns3:hr>
            <ns3:cad>87</ns3:cad>
          </ns3:TrackPointExtension>
        </extensions>
      </trkpt>
      <trkpt lat="24.5356026850640773773193359375" lon="118.155617751181125640869140625">
        <ele>9.6000003814697265625</ele>
        <time>2026-09-09T13:25:58.000Z</time>
        <extensions>
          <ns3:TrackPointExtension>
            <ns3:hr>149</ns3:hr>
            <ns3:cad>87</ns3:cad>
          </ns3:TrackPointExtension>
        </extensions>
      </trkpt>
      <trkpt lat="24.53557728789746761322021484375" lon="118.15559386275708675384521484375">
        <ele>9.6000003814697265625</ele>
        <time>2026-09-09T13:25:59.000Z</time>
        <extensions>
          <ns3:TrackPointExtension>
            <ns3:hr>149</ns3:hr>
            <ns3:cad>87</ns3:cad>
          </ns3:TrackPointExtension>
        </extensions>
      </trkpt>
      <trkpt lat="24.53555448912084102630615234375" lon="118.155575506389141082763671875">
        <ele>9.3999996185302734375</ele>
        <time>2026-09-09T13:26:00.000Z</time>
        <extensions>
          <ns3:TrackPointExtension>
            <ns3:hr>149</ns3:hr>
            <ns3:cad>87</ns3:cad>
          </ns3:TrackPointExtension>
        </extensions>
      </trkpt>
      <trkpt lat="24.5355309359729290008544921875" lon="118.15556385554373264312744140625">
        <ele>9.3999996185302734375</ele>
        <time>2026-09-09T13:26:01.000Z</time>
        <extensions>
          <ns3:TrackPointExtension>
            <ns3:hr>149</ns3:hr>
            <ns3:cad>86</ns3:cad>
          </ns3:TrackPointExtension>
        </extensions>
      </trkpt>
      <trkpt lat="24.53550537116825580596923828125" lon="118.15554273314774036407470703125">
        <ele>9.6000003814697265625</ele>
        <time>2026-09-09T13:26:02.000Z</time>
        <extensions>
          <ns3:TrackPointExtension>
            <ns3:hr>149</ns3:hr>
            <ns3:cad>87</ns3:cad>
          </ns3:TrackPointExtension>
        </extensions>
      </trkpt>
      <trkpt lat="24.53547938726842403411865234375" lon="118.15553627908229827880859375">
        <ele>9.3999996185302734375</ele>
        <time>2026-09-09T13:26:03.000Z</time>
        <extensions>
          <ns3:TrackPointExtension>
            <ns3:hr>149</ns3:hr>
            <ns3:cad>87</ns3:cad>
          </ns3:TrackPointExtension>
        </extensions>
      </trkpt>
      <trkpt lat="24.5354487933218479156494140625" lon="118.15551624633371829986572265625">
        <ele>9.3999996185302734375</ele>
        <time>2026-09-09T13:26:04.000Z</time>
        <extensions>
          <ns3:TrackPointExtension>
            <ns3:hr>149</ns3:hr>
            <ns3:cad>87</ns3:cad>
          </ns3:TrackPointExtension>
        </extensions>
      </trkpt>
      <trkpt lat="24.535423479974269866943359375" lon="118.15551054663956165313720703125">
        <ele>9.3999996185302734375</ele>
        <time>2026-09-09T13:26:05.000Z</time>
        <extensions>
          <ns3:TrackPointExtension>
            <ns3:hr>150</ns3:hr>
            <ns3:cad>87</ns3:cad>
          </ns3:TrackPointExtension>
        </extensions>
      </trkpt>
      <trkpt lat="24.53539372421801090240478515625" lon="118.1554928608238697052001953125">
        <ele>9.3999996185302734375</ele>
        <time>2026-09-09T13:26:06.000Z</time>
        <extensions>
          <ns3:TrackPointExtension>
            <ns3:hr>150</ns3:hr>
            <ns3:cad>87</ns3:cad>
          </ns3:TrackPointExtension>
        </extensions>
      </trkpt>
      <trkpt lat="24.5353777147829532623291015625" lon="118.1554734148085117340087890625">
        <ele>9.3999996185302734375</ele>
        <time>2026-09-09T13:26:07.000Z</time>
        <extensions>
          <ns3:TrackPointExtension>
            <ns3:hr>150</ns3:hr>
            <ns3:cad>87</ns3:cad>
          </ns3:TrackPointExtension>
        </extensions>
      </trkpt>
      <trkpt lat="24.535351060330867767333984375" lon="118.15545556135475635528564453125">
        <ele>9.6000003814697265625</ele>
        <time>2026-09-09T13:26:08.000Z</time>
        <extensions>
          <ns3:TrackPointExtension>
            <ns3:hr>149</ns3:hr>
            <ns3:cad>87</ns3:cad>
          </ns3:TrackPointExtension>
        </extensions>
      </trkpt>
      <trkpt lat="24.535325579345226287841796875" lon="118.155442066490650177001953125">
        <ele>9.6000003814697265625</ele>
        <time>2026-09-09T13:26:09.000Z</time>
        <extensions>
          <ns3:TrackPointExtension>
            <ns3:hr>149</ns3:hr>
            <ns3:cad>86</ns3:cad>
          </ns3:TrackPointExtension>
        </extensions>
      </trkpt>
      <trkpt lat="24.5352992601692676544189453125" lon="118.15543443895876407623291015625">
        <ele>9.6000003814697265625</ele>
        <time>2026-09-09T13:26:10.000Z</time>
        <extensions>
          <ns3:TrackPointExtension>
            <ns3:hr>148</ns3:hr>
            <ns3:cad>87</ns3:cad>
          </ns3:TrackPointExtension>
        </extensions>
      </trkpt>
      <trkpt lat="24.5352695882320404052734375" lon="118.15541901625692844390869140625">
        <ele>9.6000003814697265625</ele>
        <time>2026-09-09T13:26:11.000Z</time>
        <extensions>
          <ns3:TrackPointExtension>
            <ns3:hr>148</ns3:hr>
            <ns3:cad>87</ns3:cad>
          </ns3:TrackPointExtension>
        </extensions>
      </trkpt>
      <trkpt lat="24.53524637036025524139404296875" lon="118.15540610812604427337646484375">
        <ele>9.80000019073486328125</ele>
        <time>2026-09-09T13:26:12.000Z</time>
        <extensions>
          <ns3:TrackPointExtension>
            <ns3:hr>148</ns3:hr>
            <ns3:cad>87</ns3:cad>
          </ns3:TrackPointExtension>
        </extensions>
      </trkpt>
      <trkpt lat="24.53521837480366230010986328125" lon="118.15538314171135425567626953125">
        <ele>9.80000019073486328125</ele>
        <time>2026-09-09T13:26:13.000Z</time>
        <extensions>
          <ns3:TrackPointExtension>
            <ns3:hr>149</ns3:hr>
            <ns3:cad>87</ns3:cad>
          </ns3:TrackPointExtension>
        </extensions>
      </trkpt>
      <trkpt lat="24.53519574366509914398193359375" lon="118.1553704850375652313232421875">
        <ele>9.80000019073486328125</ele>
        <time>2026-09-09T13:26:14.000Z</time>
        <extensions>
          <ns3:TrackPointExtension>
            <ns3:hr>148</ns3:hr>
            <ns3:cad>86</ns3:cad>
          </ns3:TrackPointExtension>
        </extensions>
      </trkpt>
      <trkpt lat="24.53516892157495021820068359375" lon="118.15534760244190692901611328125">
        <ele>9.80000019073486328125</ele>
        <time>2026-09-09T13:26:15.000Z</time>
        <extensions>
          <ns3:TrackPointExtension>
            <ns3:hr>148</ns3:hr>
            <ns3:cad>86</ns3:cad>
          </ns3:TrackPointExtension>
        </extensions>
      </trkpt>
      <trkpt lat="24.53514897264540195465087890625" lon="118.1553372927010059356689453125">
        <ele>9.80000019073486328125</ele>
        <time>2026-09-09T13:26:16.000Z</time>
        <extensions>
          <ns3:TrackPointExtension>
            <ns3:hr>149</ns3:hr>
            <ns3:cad>86</ns3:cad>
          </ns3:TrackPointExtension>
        </extensions>
      </trkpt>
      <trkpt lat="24.53512332402169704437255859375" lon="118.1553131528198719024658203125">
        <ele>9.6000003814697265625</ele>
        <time>2026-09-09T13:26:17.000Z</time>
        <extensions>
          <ns3:TrackPointExtension>
            <ns3:hr>148</ns3:hr>
            <ns3:cad>86</ns3:cad>
          </ns3:TrackPointExtension>
        </extensions>
      </trkpt>
      <trkpt lat="24.535101614892482757568359375" lon="118.15529085695743560791015625">
        <ele>9.6000003814697265625</ele>
        <time>2026-09-09T13:26:18.000Z</time>
        <extensions>
          <ns3:TrackPointExtension>
            <ns3:hr>148</ns3:hr>
            <ns3:cad>88</ns3:cad>
          </ns3:TrackPointExtension>
        </extensions>
      </trkpt>
      <trkpt lat="24.5350719429552555084228515625" lon="118.15527870319783687591552734375">
        <ele>9.6000003814697265625</ele>
        <time>2026-09-09T13:26:19.000Z</time>
        <extensions>
          <ns3:TrackPointExtension>
            <ns3:hr>149</ns3:hr>
            <ns3:cad>88</ns3:cad>
          </ns3:TrackPointExtension>
        </extensions>
      </trkpt>
      <trkpt lat="24.5350467972457408905029296875" lon="118.15526043064892292022705078125">
        <ele>9.6000003814697265625</ele>
        <time>2026-09-09T13:26:20.000Z</time>
        <extensions>
          <ns3:TrackPointExtension>
            <ns3:hr>149</ns3:hr>
            <ns3:cad>88</ns3:cad>
          </ns3:TrackPointExtension>
        </extensions>
      </trkpt>
      <trkpt lat="24.5350182987749576568603515625" lon="118.1552511267364025115966796875">
        <ele>9.6000003814697265625</ele>
        <time>2026-09-09T13:26:21.000Z</time>
        <extensions>
          <ns3:TrackPointExtension>
            <ns3:hr>149</ns3:hr>
            <ns3:cad>87</ns3:cad>
          </ns3:TrackPointExtension>
        </extensions>
      </trkpt>
      <trkpt lat="24.53499055467545986175537109375" lon="118.15523453056812286376953125">
        <ele>9.80000019073486328125</ele>
        <time>2026-09-09T13:26:22.000Z</time>
        <extensions>
          <ns3:TrackPointExtension>
            <ns3:hr>148</ns3:hr>
            <ns3:cad>87</ns3:cad>
          </ns3:TrackPointExtension>
        </extensions>
      </trkpt>
      <trkpt lat="24.5349633134901523590087890625" lon="118.15523461438715457916259765625">
        <ele>9.80000019073486328125</ele>
        <time>2026-09-09T13:26:23.000Z</time>
        <extensions>
          <ns3:TrackPointExtension>
            <ns3:hr>148</ns3:hr>
            <ns3:cad>86</ns3:cad>
          </ns3:TrackPointExtension>
        </extensions>
      </trkpt>
      <trkpt lat="24.534926600754261016845703125" lon="118.15522254444658756256103515625">
        <ele>9.80000019073486328125</ele>
        <time>2026-09-09T13:26:24.000Z</time>
        <extensions>
          <ns3:TrackPointExtension>
            <ns3:hr>149</ns3:hr>
            <ns3:cad>88</ns3:cad>
          </ns3:TrackPointExtension>
        </extensions>
      </trkpt>
      <trkpt lat="24.5348996110260486602783203125" lon="118.155234865844249725341796875">
        <ele>9.80000019073486328125</ele>
        <time>2026-09-09T13:26:25.000Z</time>
        <extensions>
          <ns3:TrackPointExtension>
            <ns3:hr>149</ns3:hr>
            <ns3:cad>88</ns3:cad>
          </ns3:TrackPointExtension>
        </extensions>
      </trkpt>
      <trkpt lat="24.53485795296728610992431640625" lon="118.15523511730134487152099609375">
        <ele>9.80000019073486328125</ele>
        <time>2026-09-09T13:26:26.000Z</time>
        <extensions>
          <ns3:TrackPointExtension>
            <ns3:hr>149</ns3:hr>
            <ns3:cad>88</ns3:cad>
          </ns3:TrackPointExtension>
        </extensions>
      </trkpt>
      <trkpt lat="24.53483331017196178436279296875" lon="118.1552393920719623565673828125">
        <ele>9.80000019073486328125</ele>
        <time>2026-09-09T13:26:27.000Z</time>
        <extensions>
          <ns3:TrackPointExtension>
            <ns3:hr>149</ns3:hr>
            <ns3:cad>88</ns3:cad>
          </ns3:TrackPointExtension>
        </extensions>
      </trkpt>
      <trkpt lat="24.53480095602571964263916015625" lon="118.15524525940418243408203125">
        <ele>9.80000019073486328125</ele>
        <time>2026-09-09T13:26:28.000Z</time>
        <extensions>
          <ns3:TrackPointExtension>
            <ns3:hr>150</ns3:hr>
            <ns3:cad>88</ns3:cad>
          </ns3:TrackPointExtension>
        </extensions>
      </trkpt>
      <trkpt lat="24.5347755588591098785400390625" lon="118.15524869598448276519775390625">
        <ele>9.80000019073486328125</ele>
        <time>2026-09-09T13:26:29.000Z</time>
        <extensions>
          <ns3:TrackPointExtension>
            <ns3:hr>150</ns3:hr>
            <ns3:cad>86</ns3:cad>
          </ns3:TrackPointExtension>
        </extensions>
      </trkpt>
      <trkpt lat="24.53474697656929492950439453125" lon="118.155260346829891204833984375">
        <ele>9.80000019073486328125</ele>
        <time>2026-09-09T13:26:30.000Z</time>
        <extensions>
          <ns3:TrackPointExtension>
            <ns3:hr>150</ns3:hr>
            <ns3:cad>86</ns3:cad>
          </ns3:TrackPointExtension>
        </extensions>
      </trkpt>
      <trkpt lat="24.53472300432622432708740234375" lon="118.1552672199904918670654296875">
        <ele>10</ele>
        <time>2026-09-09T13:26:31.000Z</time>
        <extensions>
          <ns3:TrackPointExtension>
            <ns3:hr>151</ns3:hr>
            <ns3:cad>87</ns3:cad>
          </ns3:TrackPointExtension>
        </extensions>
      </trkpt>
      <trkpt lat="24.53469693660736083984375" lon="118.15527970902621746063232421875">
        <ele>10</ele>
        <time>2026-09-09T13:26:32.000Z</time>
        <extensions>
          <ns3:TrackPointExtension>
            <ns3:hr>151</ns3:hr>
            <ns3:cad>88</ns3:cad>
          </ns3:TrackPointExtension>
        </extensions>
      </trkpt>
      <trkpt lat="24.53466542065143585205078125" lon="118.1552870012819766998291015625">
        <ele>10</ele>
        <time>2026-09-09T13:26:33.000Z</time>
        <extensions>
          <ns3:TrackPointExtension>
            <ns3:hr>151</ns3:hr>
            <ns3:cad>88</ns3:cad>
          </ns3:TrackPointExtension>
        </extensions>
      </trkpt>
      <trkpt lat="24.53464605845510959625244140625" lon="118.15530502237379550933837890625">
        <ele>10</ele>
        <time>2026-09-09T13:26:34.000Z</time>
        <extensions>
          <ns3:TrackPointExtension>
            <ns3:hr>151</ns3:hr>
            <ns3:cad>88</ns3:cad>
          </ns3:TrackPointExtension>
        </extensions>
      </trkpt>
      <trkpt lat="24.53461311757564544677734375" lon="118.15532178618013858795166015625">
        <ele>10</ele>
        <time>2026-09-09T13:26:35.000Z</time>
        <extensions>
          <ns3:TrackPointExtension>
            <ns3:hr>151</ns3:hr>
            <ns3:cad>87</ns3:cad>
          </ns3:TrackPointExtension>
        </extensions>
      </trkpt>
      <trkpt lat="24.534597694873809814453125" lon="118.155333101749420166015625">
        <ele>10</ele>
        <time>2026-09-09T13:26:36.000Z</time>
        <extensions>
          <ns3:TrackPointExtension>
            <ns3:hr>151</ns3:hr>
            <ns3:cad>87</ns3:cad>
          </ns3:TrackPointExtension>
        </extensions>
      </trkpt>
      <trkpt lat="24.53456475399434566497802734375" lon="118.155344165861606597900390625">
        <ele>10</ele>
        <time>2026-09-09T13:26:37.000Z</time>
        <extensions>
          <ns3:TrackPointExtension>
            <ns3:hr>150</ns3:hr>
            <ns3:cad>87</ns3:cad>
          </ns3:TrackPointExtension>
        </extensions>
      </trkpt>
      <trkpt lat="24.53454145230352878570556640625" lon="118.1553496979176998138427734375">
        <ele>10.19999980926513671875</ele>
        <time>2026-09-09T13:26:38.000Z</time>
        <extensions>
          <ns3:TrackPointExtension>
            <ns3:hr>150</ns3:hr>
            <ns3:cad>86</ns3:cad>
          </ns3:TrackPointExtension>
        </extensions>
      </trkpt>
      <trkpt lat="24.53450876288115978240966796875" lon="118.15536319278180599212646484375">
        <ele>10.19999980926513671875</ele>
        <time>2026-09-09T13:26:39.000Z</time>
        <extensions>
          <ns3:TrackPointExtension>
            <ns3:hr>150</ns3:hr>
            <ns3:cad>87</ns3:cad>
          </ns3:TrackPointExtension>
        </extensions>
      </trkpt>
      <trkpt lat="24.53447741456329822540283203125" lon="118.155366964638233184814453125">
        <ele>10</ele>
        <time>2026-09-09T13:26:40.000Z</time>
        <extensions>
          <ns3:TrackPointExtension>
            <ns3:hr>149</ns3:hr>
            <ns3:cad>87</ns3:cad>
          </ns3:TrackPointExtension>
        </extensions>
      </trkpt>
      <trkpt lat="24.53444950282573699951171875" lon="118.15537291578948497772216796875">
        <ele>10</ele>
        <time>2026-09-09T13:26:41.000Z</time>
        <extensions>
          <ns3:TrackPointExtension>
            <ns3:hr>149</ns3:hr>
            <ns3:cad>87</ns3:cad>
          </ns3:TrackPointExtension>
        </extensions>
      </trkpt>
      <trkpt lat="24.534415304660797119140625" lon="118.15537274815142154693603515625">
        <ele>10</ele>
        <time>2026-09-09T13:26:42.000Z</time>
        <extensions>
          <ns3:TrackPointExtension>
            <ns3:hr>147</ns3:hr>
            <ns3:cad>87</ns3:cad>
          </ns3:TrackPointExtension>
        </extensions>
      </trkpt>
      <trkpt lat="24.5343943499028682708740234375" lon="118.15538297407329082489013671875">
        <ele>10</ele>
        <time>2026-09-09T13:26:43.000Z</time>
        <extensions>
          <ns3:TrackPointExtension>
            <ns3:hr>145</ns3:hr>
            <ns3:cad>87</ns3:cad>
          </ns3:TrackPointExtension>
        </extensions>
      </trkpt>
      <trkpt lat="24.53435721807181835174560546875" lon="118.155383057892322540283203125">
        <ele>10.19999980926513671875</ele>
        <time>2026-09-09T13:26:44.000Z</time>
        <extensions>
          <ns3:TrackPointExtension>
            <ns3:hr>145</ns3:hr>
            <ns3:cad>87</ns3:cad>
          </ns3:TrackPointExtension>
        </extensions>
      </trkpt>
      <trkpt lat="24.53433374874293804168701171875" lon="118.15538900904357433319091796875">
        <ele>10.19999980926513671875</ele>
        <time>2026-09-09T13:26:45.000Z</time>
        <extensions>
          <ns3:TrackPointExtension>
            <ns3:hr>145</ns3:hr>
            <ns3:cad>86</ns3:cad>
          </ns3:TrackPointExtension>
        </extensions>
      </trkpt>
      <trkpt lat="24.53429753892123699188232421875" lon="118.15539068542420864105224609375">
        <ele>10.19999980926513671875</ele>
        <time>2026-09-09T13:26:46.000Z</time>
        <extensions>
          <ns3:TrackPointExtension>
            <ns3:hr>145</ns3:hr>
            <ns3:cad>87</ns3:cad>
          </ns3:TrackPointExtension>
        </extensions>
      </trkpt>
      <trkpt lat="24.53427641652524471282958984375" lon="118.155392110347747802734375">
        <ele>10.19999980926513671875</ele>
        <time>2026-09-09T13:26:47.000Z</time>
        <extensions>
          <ns3:TrackPointExtension>
            <ns3:hr>145</ns3:hr>
            <ns3:cad>87</ns3:cad>
          </ns3:TrackPointExtension>
        </extensions>
      </trkpt>
      <trkpt lat="24.53424842096865177154541015625" lon="118.1553889252245426177978515625">
        <ele>10.19999980926513671875</ele>
        <time>2026-09-09T13:26:48.000Z</time>
        <extensions>
          <ns3:TrackPointExtension>
            <ns3:hr>145</ns3:hr>
            <ns3:cad>87</ns3:cad>
          </ns3:TrackPointExtension>
        </extensions>
      </trkpt>
      <trkpt lat="24.5342223532497882843017578125" lon="118.155381046235561370849609375">
        <ele>10.19999980926513671875</ele>
        <time>2026-09-09T13:26:49.000Z</time>
        <extensions>
          <ns3:TrackPointExtension>
            <ns3:hr>144</ns3:hr>
            <ns3:cad>87</ns3:cad>
          </ns3:TrackPointExtension>
        </extensions>
      </trkpt>
      <trkpt lat="24.53419779427349567413330078125" lon="118.15538314171135425567626953125">
        <ele>10.19999980926513671875</ele>
        <time>2026-09-09T13:26:50.000Z</time>
        <extensions>
          <ns3:TrackPointExtension>
            <ns3:hr>145</ns3:hr>
            <ns3:cad>86</ns3:cad>
          </ns3:TrackPointExtension>
        </extensions>
      </trkpt>
      <trkpt lat="24.5341645181179046630859375" lon="118.15537626855075359344482421875">
        <ele>10.19999980926513671875</ele>
        <time>2026-09-09T13:26:51.000Z</time>
        <extensions>
          <ns3:TrackPointExtension>
            <ns3:hr>145</ns3:hr>
            <ns3:cad>86</ns3:cad>
          </ns3:TrackPointExtension>
        </extensions>
      </trkpt>
      <trkpt lat="24.53414079733192920684814453125" lon="118.155381381511688232421875">
        <ele>10.19999980926513671875</ele>
        <time>2026-09-09T13:26:52.000Z</time>
        <extensions>
          <ns3:TrackPointExtension>
            <ns3:hr>144</ns3:hr>
            <ns3:cad>86</ns3:cad>
          </ns3:TrackPointExtension>
        </extensions>
      </trkpt>
      <trkpt lat="24.53410341404378414154052734375" lon="118.15536755137145519256591796875">
        <ele>10.19999980926513671875</ele>
        <time>2026-09-09T13:26:53.000Z</time>
        <extensions>
          <ns3:TrackPointExtension>
            <ns3:hr>144</ns3:hr>
            <ns3:cad>87</ns3:cad>
          </ns3:TrackPointExtension>
        </extensions>
      </trkpt>
      <trkpt lat="24.5340786874294281005859375" lon="118.15536285750567913055419921875">
        <ele>10.19999980926513671875</ele>
        <time>2026-09-09T13:26:54.000Z</time>
        <extensions>
          <ns3:TrackPointExtension>
            <ns3:hr>144</ns3:hr>
            <ns3:cad>87</ns3:cad>
          </ns3:TrackPointExtension>
        </extensions>
      </trkpt>
      <trkpt lat="24.53404457308351993560791015625" lon="118.15535346977412700653076171875">
        <ele>10.19999980926513671875</ele>
        <time>2026-09-09T13:26:55.000Z</time>
        <extensions>
          <ns3:TrackPointExtension>
            <ns3:hr>145</ns3:hr>
            <ns3:cad>87</ns3:cad>
          </ns3:TrackPointExtension>
        </extensions>
      </trkpt>
      <trkpt lat="24.53401942737400531768798828125" lon="118.1553450040519237518310546875">
        <ele>10.19999980926513671875</ele>
        <time>2026-09-09T13:26:56.000Z</time>
        <extensions>
          <ns3:TrackPointExtension>
            <ns3:hr>146</ns3:hr>
            <ns3:cad>87</ns3:cad>
          </ns3:TrackPointExtension>
        </extensions>
      </trkpt>
      <trkpt lat="24.5339930243790149688720703125" lon="118.155330084264278411865234375">
        <ele>10.19999980926513671875</ele>
        <time>2026-09-09T13:26:57.000Z</time>
        <extensions>
          <ns3:TrackPointExtension>
            <ns3:hr>146</ns3:hr>
            <ns3:cad>86</ns3:cad>
          </ns3:TrackPointExtension>
        </extensions>
      </trkpt>
      <trkpt lat="24.533965699374675750732421875" lon="118.15530519001185894012451171875">
        <ele>10.19999980926513671875</ele>
        <time>2026-09-09T13:26:58.000Z</time>
        <extensions>
          <ns3:TrackPointExtension>
            <ns3:hr>147</ns3:hr>
            <ns3:cad>86</ns3:cad>
          </ns3:TrackPointExtension>
        </extensions>
      </trkpt>
      <trkpt lat="24.53394281677901744842529296875" lon="118.15529286861419677734375">
        <ele>10.19999980926513671875</ele>
        <time>2026-09-09T13:26:59.000Z</time>
        <extensions>
          <ns3:TrackPointExtension>
            <ns3:hr>148</ns3:hr>
            <ns3:cad>86</ns3:cad>
          </ns3:TrackPointExtension>
        </extensions>
      </trkpt>
      <trkpt lat="24.5339135639369487762451171875" lon="118.1552678905427455902099609375">
        <ele>10.19999980926513671875</ele>
        <time>2026-09-09T13:27:00.000Z</time>
        <extensions>
          <ns3:TrackPointExtension>
            <ns3:hr>148</ns3:hr>
            <ns3:cad>86</ns3:cad>
          </ns3:TrackPointExtension>
        </extensions>
      </trkpt>
      <trkpt lat="24.53389336355030536651611328125" lon="118.15526076592504978179931640625">
        <ele>10.19999980926513671875</ele>
        <time>2026-09-09T13:27:01.000Z</time>
        <extensions>
          <ns3:TrackPointExtension>
            <ns3:hr>149</ns3:hr>
            <ns3:cad>87</ns3:cad>
          </ns3:TrackPointExtension>
        </extensions>
      </trkpt>
      <trkpt lat="24.533865787088871002197265625" lon="118.15523142926394939422607421875">
        <ele>10.19999980926513671875</ele>
        <time>2026-09-09T13:27:02.000Z</time>
        <extensions>
          <ns3:TrackPointExtension>
            <ns3:hr>149</ns3:hr>
            <ns3:cad>87</ns3:cad>
          </ns3:TrackPointExtension>
        </extensions>
      </trkpt>
      <trkpt lat="24.53384240157902240753173828125" lon="118.1552098877727985382080078125">
        <ele>10.19999980926513671875</ele>
        <time>2026-09-09T13:27:03.000Z</time>
        <extensions>
          <ns3:TrackPointExtension>
            <ns3:hr>149</ns3:hr>
            <ns3:cad>87</ns3:cad>
          </ns3:TrackPointExtension>
        </extensions>
      </trkpt>
      <trkpt lat="24.53381625004112720489501953125" lon="118.1551837362349033355712890625">
        <ele>10.19999980926513671875</ele>
        <time>2026-09-09T13:27:04.000Z</time>
        <extensions>
          <ns3:TrackPointExtension>
            <ns3:hr>150</ns3:hr>
            <ns3:cad>86</ns3:cad>
          </ns3:TrackPointExtension>
        </extensions>
      </trkpt>
      <trkpt lat="24.533798396587371826171875" lon="118.15516051836311817169189453125">
        <ele>10.19999980926513671875</ele>
        <time>2026-09-09T13:27:05.000Z</time>
        <extensions>
          <ns3:TrackPointExtension>
            <ns3:hr>150</ns3:hr>
            <ns3:cad>86</ns3:cad>
          </ns3:TrackPointExtension>
        </extensions>
      </trkpt>
      <trkpt lat="24.53377299942076206207275390625" lon="118.155134618282318115234375">
        <ele>10.19999980926513671875</ele>
        <time>2026-09-09T13:27:06.000Z</time>
        <extensions>
          <ns3:TrackPointExtension>
            <ns3:hr>150</ns3:hr>
            <ns3:cad>86</ns3:cad>
          </ns3:TrackPointExtension>
        </extensions>
      </trkpt>
      <trkpt lat="24.53375388868153095245361328125" lon="118.15510578453540802001953125">
        <ele>10.19999980926513671875</ele>
        <time>2026-09-09T13:27:07.000Z</time>
        <extensions>
          <ns3:TrackPointExtension>
            <ns3:hr>150</ns3:hr>
            <ns3:cad>86</ns3:cad>
          </ns3:TrackPointExtension>
        </extensions>
      </trkpt>
      <trkpt lat="24.5337338559329509735107421875" lon="118.15508189611136913299560546875">
        <ele>10</ele>
        <time>2026-09-09T13:27:08.000Z</time>
        <extensions>
          <ns3:TrackPointExtension>
            <ns3:hr>150</ns3:hr>
            <ns3:cad>89</ns3:cad>
          </ns3:TrackPointExtension>
        </extensions>
      </trkpt>
      <trkpt lat="24.5337120629847049713134765625" lon="118.15505138598382472991943359375">
        <ele>10</ele>
        <time>2026-09-09T13:27:09.000Z</time>
        <extensions>
          <ns3:TrackPointExtension>
            <ns3:hr>150</ns3:hr>
            <ns3:cad>89</ns3:cad>
          </ns3:TrackPointExtension>
        </extensions>
      </trkpt>
      <trkpt lat="24.53369253315031528472900390625" lon="118.15503596328198909759521484375">
        <ele>10</ele>
        <time>2026-09-09T13:27:10.000Z</time>
        <extensions>
          <ns3:TrackPointExtension>
            <ns3:hr>150</ns3:hr>
            <ns3:cad>89</ns3:cad>
          </ns3:TrackPointExtension>
        </extensions>
      </trkpt>
      <trkpt lat="24.5336763560771942138671875" lon="118.154998831450939178466796875">
        <ele>10</ele>
        <time>2026-09-09T13:27:11.000Z</time>
        <extensions>
          <ns3:TrackPointExtension>
            <ns3:hr>150</ns3:hr>
            <ns3:cad>87</ns3:cad>
          </ns3:TrackPointExtension>
        </extensions>
      </trkpt>
      <trkpt lat="24.53366084955632686614990234375" lon="118.154975362122058868408203125">
        <ele>9.80000019073486328125</ele>
        <time>2026-09-09T13:27:12.000Z</time>
        <extensions>
          <ns3:TrackPointExtension>
            <ns3:hr>150</ns3:hr>
            <ns3:cad>87</ns3:cad>
          </ns3:TrackPointExtension>
        </extensions>
      </trkpt>
      <trkpt lat="24.53364442102611064910888671875" lon="118.15494074486196041107177734375">
        <ele>9.80000019073486328125</ele>
        <time>2026-09-09T13:27:13.000Z</time>
        <extensions>
          <ns3:TrackPointExtension>
            <ns3:hr>150</ns3:hr>
            <ns3:cad>86</ns3:cad>
          </ns3:TrackPointExtension>
        </extensions>
      </trkpt>
      <trkpt lat="24.5336299203336238861083984375" lon="118.1549131684005260467529296875">
        <ele>9.80000019073486328125</ele>
        <time>2026-09-09T13:27:14.000Z</time>
        <extensions>
          <ns3:TrackPointExtension>
            <ns3:hr>150</ns3:hr>
            <ns3:cad>86</ns3:cad>
          </ns3:TrackPointExtension>
        </extensions>
      </trkpt>
      <trkpt lat="24.533617682754993438720703125" lon="118.15488106571137905120849609375">
        <ele>9.80000019073486328125</ele>
        <time>2026-09-09T13:27:15.000Z</time>
        <extensions>
          <ns3:TrackPointExtension>
            <ns3:hr>150</ns3:hr>
            <ns3:cad>87</ns3:cad>
          </ns3:TrackPointExtension>
        </extensions>
      </trkpt>
      <trkpt lat="24.53361340798437595367431640625" lon="118.15484602935612201690673828125">
        <ele>9.80000019073486328125</ele>
        <time>2026-09-09T13:27:16.000Z</time>
        <extensions>
          <ns3:TrackPointExtension>
            <ns3:hr>149</ns3:hr>
            <ns3:cad>87</ns3:cad>
          </ns3:TrackPointExtension>
        </extensions>
      </trkpt>
      <trkpt lat="24.5335997454822063446044921875" lon="118.15482188947498798370361328125">
        <ele>9.80000019073486328125</ele>
        <time>2026-09-09T13:27:17.000Z</time>
        <extensions>
          <ns3:TrackPointExtension>
            <ns3:hr>149</ns3:hr>
            <ns3:cad>87</ns3:cad>
          </ns3:TrackPointExtension>
        </extensions>
      </trkpt>
      <trkpt lat="24.53359195031225681304931640625" lon="118.1547840870916843414306640625">
        <ele>9.80000019073486328125</ele>
        <time>2026-09-09T13:27:18.000Z</time>
        <extensions>
          <ns3:TrackPointExtension>
            <ns3:hr>149</ns3:hr>
            <ns3:cad>87</ns3:cad>
          </ns3:TrackPointExtension>
        </extensions>
      </trkpt>
      <trkpt lat="24.53357937745749950408935546875" lon="118.15475919283926486968994140625">
        <ele>9.80000019073486328125</ele>
        <time>2026-09-09T13:27:19.000Z</time>
        <extensions>
          <ns3:TrackPointExtension>
            <ns3:hr>149</ns3:hr>
            <ns3:cad>86</ns3:cad>
          </ns3:TrackPointExtension>
        </extensions>
      </trkpt>
      <trkpt lat="24.5335772819817066192626953125" lon="118.15471996553242206573486328125">
        <ele>9.6000003814697265625</ele>
        <time>2026-09-09T13:27:20.000Z</time>
        <extensions>
          <ns3:TrackPointExtension>
            <ns3:hr>149</ns3:hr>
            <ns3:cad>86</ns3:cad>
          </ns3:TrackPointExtension>
        </extensions>
      </trkpt>
      <trkpt lat="24.5335725881159305572509765625" lon="118.15469481982290744781494140625">
        <ele>9.6000003814697265625</ele>
        <time>2026-09-09T13:27:21.000Z</time>
        <extensions>
          <ns3:TrackPointExtension>
            <ns3:hr>149</ns3:hr>
            <ns3:cad>86</ns3:cad>
          </ns3:TrackPointExtension>
        </extensions>
      </trkpt>
      <trkpt lat="24.53357216902077198028564453125" lon="118.1546585261821746826171875">
        <ele>9.6000003814697265625</ele>
        <time>2026-09-09T13:27:22.000Z</time>
        <extensions>
          <ns3:TrackPointExtension>
            <ns3:hr>149</ns3:hr>
            <ns3:cad>86</ns3:cad>
          </ns3:TrackPointExtension>
        </extensions>
      </trkpt>
      <trkpt lat="24.53356646932661533355712890625" lon="118.15462432801723480224609375">
        <ele>9.6000003814697265625</ele>
        <time>2026-09-09T13:27:23.000Z</time>
        <extensions>
          <ns3:TrackPointExtension>
            <ns3:hr>148</ns3:hr>
            <ns3:cad>86</ns3:cad>
          </ns3:TrackPointExtension>
        </extensions>
      </trkpt>
      <trkpt lat="24.5335625298321247100830078125" lon="118.15459591336548328399658203125">
        <ele>9.3999996185302734375</ele>
        <time>2026-09-09T13:27:24.000Z</time>
        <extensions>
          <ns3:TrackPointExtension>
            <ns3:hr>148</ns3:hr>
            <ns3:cad>86</ns3:cad>
          </ns3:TrackPointExtension>
        </extensions>
      </trkpt>
      <trkpt lat="24.53356093727052211761474609375" lon="118.1545594520866870880126953125">
        <ele>9.3999996185302734375</ele>
        <time>2026-09-09T13:27:25.000Z</time>
        <extensions>
          <ns3:TrackPointExtension>
            <ns3:hr>148</ns3:hr>
            <ns3:cad>86</ns3:cad>
          </ns3:TrackPointExtension>
        </extensions>
      </trkpt>
      <trkpt lat="24.5335511304438114166259765625" lon="118.154530115425586700439453125">
        <ele>9.3999996185302734375</ele>
        <time>2026-09-09T13:27:26.000Z</time>
        <extensions>
          <ns3:TrackPointExtension>
            <ns3:hr>148</ns3:hr>
            <ns3:cad>86</ns3:cad>
          </ns3:TrackPointExtension>
        </extensions>
      </trkpt>
      <trkpt lat="24.5335518009960651397705078125" lon="118.1544935703277587890625">
        <ele>9.3999996185302734375</ele>
        <time>2026-09-09T13:27:27.000Z</time>
        <extensions>
          <ns3:TrackPointExtension>
            <ns3:hr>148</ns3:hr>
            <ns3:cad>86</ns3:cad>
          </ns3:TrackPointExtension>
        </extensions>
      </trkpt>
      <trkpt lat="24.53354668803513050079345703125" lon="118.154466412961483001708984375">
        <ele>9.3999996185302734375</ele>
        <time>2026-09-09T13:27:28.000Z</time>
        <extensions>
          <ns3:TrackPointExtension>
            <ns3:hr>148</ns3:hr>
            <ns3:cad>86</ns3:cad>
          </ns3:TrackPointExtension>
        </extensions>
      </trkpt>
      <trkpt lat="24.53356496058404445648193359375" lon="118.15442810766398906707763671875">
        <ele>9.3999996185302734375</ele>
        <time>2026-09-09T13:27:29.000Z</time>
        <extensions>
          <ns3:TrackPointExtension>
            <ns3:hr>148</ns3:hr>
            <ns3:cad>87</ns3:cad>
          </ns3:TrackPointExtension>
        </extensions>
      </trkpt>
      <trkpt lat="24.5335715822875499725341796875" lon="118.15439902245998382568359375">
        <ele>9.6000003814697265625</ele>
        <time>2026-09-09T13:27:30.000Z</time>
        <extensions>
          <ns3:TrackPointExtension>
            <ns3:hr>148</ns3:hr>
            <ns3:cad>87</ns3:cad>
          </ns3:TrackPointExtension>
        </extensions>
      </trkpt>
      <trkpt lat="24.53358524478971958160400390625" lon="118.154368512332439422607421875">
        <ele>9.6000003814697265625</ele>
        <time>2026-09-09T13:27:31.000Z</time>
        <extensions>
          <ns3:TrackPointExtension>
            <ns3:hr>148</ns3:hr>
            <ns3:cad>87</ns3:cad>
          </ns3:TrackPointExtension>
        </extensions>
      </trkpt>
      <trkpt lat="24.53359387814998626708984375" lon="118.154341690242290496826171875">
        <ele>9.80000019073486328125</ele>
        <time>2026-09-09T13:27:32.000Z</time>
        <extensions>
          <ns3:TrackPointExtension>
            <ns3:hr>147</ns3:hr>
            <ns3:cad>87</ns3:cad>
          </ns3:TrackPointExtension>
        </extensions>
      </trkpt>
      <trkpt lat="24.533605612814426422119140625" lon="118.15430874936282634735107421875">
        <ele>9.80000019073486328125</ele>
        <time>2026-09-09T13:27:33.000Z</time>
        <extensions>
          <ns3:TrackPointExtension>
            <ns3:hr>148</ns3:hr>
            <ns3:cad>87</ns3:cad>
          </ns3:TrackPointExtension>
        </extensions>
      </trkpt>
      <trkpt lat="24.5336242206394672393798828125" lon="118.15428041853010654449462890625">
        <ele>9.80000019073486328125</ele>
        <time>2026-09-09T13:27:34.000Z</time>
        <extensions>
          <ns3:TrackPointExtension>
            <ns3:hr>148</ns3:hr>
            <ns3:cad>87</ns3:cad>
          </ns3:TrackPointExtension>
        </extensions>
      </trkpt>
      <trkpt lat="24.53363754786550998687744140625" lon="118.15425326116383075714111328125">
        <ele>9.6000003814697265625</ele>
        <time>2026-09-09T13:27:35.000Z</time>
        <extensions>
          <ns3:TrackPointExtension>
            <ns3:hr>148</ns3:hr>
            <ns3:cad>86</ns3:cad>
          </ns3:TrackPointExtension>
        </extensions>
      </trkpt>
      <trkpt lat="24.533652551472187042236328125" lon="118.15422224812209606170654296875">
        <ele>9.3999996185302734375</ele>
        <time>2026-09-09T13:27:36.000Z</time>
        <extensions>
          <ns3:TrackPointExtension>
            <ns3:hr>147</ns3:hr>
            <ns3:cad>86</ns3:cad>
          </ns3:TrackPointExtension>
        </extensions>
      </trkpt>
      <trkpt lat="24.53365665860474109649658203125" lon="118.15419877879321575164794921875">
        <ele>9.3999996185302734375</ele>
        <time>2026-09-09T13:27:37.000Z</time>
        <extensions>
          <ns3:TrackPointExtension>
            <ns3:hr>148</ns3:hr>
            <ns3:cad>87</ns3:cad>
          </ns3:TrackPointExtension>
        </extensions>
      </trkpt>
      <trkpt lat="24.53367744572460651397705078125" lon="118.1541661731898784637451171875">
        <ele>9.3999996185302734375</ele>
        <time>2026-09-09T13:27:38.000Z</time>
        <extensions>
          <ns3:TrackPointExtension>
            <ns3:hr>148</ns3:hr>
            <ns3:cad>87</ns3:cad>
          </ns3:TrackPointExtension>
        </extensions>
      </trkpt>
      <trkpt lat="24.53367861919105052947998046875" lon="118.15414379350841045379638671875">
        <ele>9.3999996185302734375</ele>
        <time>2026-09-09T13:27:39.000Z</time>
        <extensions>
          <ns3:TrackPointExtension>
            <ns3:hr>148</ns3:hr>
            <ns3:cad>87</ns3:cad>
          </ns3:TrackPointExtension>
        </extensions>
      </trkpt>
      <trkpt lat="24.53369488008320331573486328125" lon="118.154109679162502288818359375">
        <ele>9.3999996185302734375</ele>
        <time>2026-09-09T13:27:40.000Z</time>
        <extensions>
          <ns3:TrackPointExtension>
            <ns3:hr>148</ns3:hr>
            <ns3:cad>87</ns3:cad>
          </ns3:TrackPointExtension>
        </extensions>
      </trkpt>
      <trkpt lat="24.533708877861499786376953125" lon="118.1540863774716854095458984375">
        <ele>9.3999996185302734375</ele>
        <time>2026-09-09T13:27:41.000Z</time>
        <extensions>
          <ns3:TrackPointExtension>
            <ns3:hr>148</ns3:hr>
            <ns3:cad>87</ns3:cad>
          </ns3:TrackPointExtension>
        </extensions>
      </trkpt>
      <trkpt lat="24.53372924588620662689208984375" lon="118.1540582142770290374755859375">
        <ele>9.3999996185302734375</ele>
        <time>2026-09-09T13:27:42.000Z</time>
        <extensions>
          <ns3:TrackPointExtension>
            <ns3:hr>148</ns3:hr>
            <ns3:cad>87</ns3:cad>
          </ns3:TrackPointExtension>
        </extensions>
      </trkpt>
      <trkpt lat="24.53375522978603839874267578125" lon="118.15403818152844905853271484375">
        <ele>9.3999996185302734375</ele>
        <time>2026-09-09T13:27:43.000Z</time>
        <extensions>
          <ns3:TrackPointExtension>
            <ns3:hr>149</ns3:hr>
            <ns3:cad>86</ns3:cad>
          </ns3:TrackPointExtension>
        </extensions>
      </trkpt>
      <trkpt lat="24.53377484343945980072021484375" lon="118.15401840023696422576904296875">
        <ele>9.19999980926513671875</ele>
        <time>2026-09-09T13:27:44.000Z</time>
        <extensions>
          <ns3:TrackPointExtension>
            <ns3:hr>149</ns3:hr>
            <ns3:cad>86</ns3:cad>
          </ns3:TrackPointExtension>
        </extensions>
      </trkpt>
      <trkpt lat="24.53380367718636989593505859375" lon="118.15399576909840106964111328125">
        <ele>9.19999980926513671875</ele>
        <time>2026-09-09T13:27:45.000Z</time>
        <extensions>
          <ns3:TrackPointExtension>
            <ns3:hr>149</ns3:hr>
            <ns3:cad>87</ns3:cad>
          </ns3:TrackPointExtension>
        </extensions>
      </trkpt>
      <trkpt lat="24.533816836774349212646484375" lon="118.15397716127336025238037109375">
        <ele>9.19999980926513671875</ele>
        <time>2026-09-09T13:27:46.000Z</time>
        <extensions>
          <ns3:TrackPointExtension>
            <ns3:hr>149</ns3:hr>
            <ns3:cad>86</ns3:cad>
          </ns3:TrackPointExtension>
        </extensions>
      </trkpt>
      <trkpt lat="24.53384776599705219268798828125" lon="118.1539549492299556732177734375">
        <ele>9.19999980926513671875</ele>
        <time>2026-09-09T13:27:47.000Z</time>
        <extensions>
          <ns3:TrackPointExtension>
            <ns3:hr>149</ns3:hr>
            <ns3:cad>86</ns3:cad>
          </ns3:TrackPointExtension>
        </extensions>
      </trkpt>
      <trkpt lat="24.53386251814663410186767578125" lon="118.15393860451877117156982421875">
        <ele>9.19999980926513671875</ele>
        <time>2026-09-09T13:27:48.000Z</time>
        <extensions>
          <ns3:TrackPointExtension>
            <ns3:hr>149</ns3:hr>
            <ns3:cad>87</ns3:cad>
          </ns3:TrackPointExtension>
        </extensions>
      </trkpt>
      <trkpt lat="24.53389554284512996673583984375" lon="118.1539167277514934539794921875">
        <ele>9.19999980926513671875</ele>
        <time>2026-09-09T13:27:49.000Z</time>
        <extensions>
          <ns3:TrackPointExtension>
            <ns3:hr>149</ns3:hr>
            <ns3:cad>86</ns3:cad>
          </ns3:TrackPointExtension>
        </extensions>
      </trkpt>
      <trkpt lat="24.53392588533461093902587890625" lon="118.153908513486385345458984375">
        <ele>9.19999980926513671875</ele>
        <time>2026-09-09T13:27:50.000Z</time>
        <extensions>
          <ns3:TrackPointExtension>
            <ns3:hr>149</ns3:hr>
            <ns3:cad>86</ns3:cad>
          </ns3:TrackPointExtension>
        </extensions>
      </trkpt>
      <trkpt lat="24.53395664691925048828125" lon="118.15389233641326427459716796875">
        <ele>9.19999980926513671875</ele>
        <time>2026-09-09T13:27:51.000Z</time>
        <extensions>
          <ns3:TrackPointExtension>
            <ns3:hr>149</ns3:hr>
            <ns3:cad>86</ns3:cad>
          </ns3:TrackPointExtension>
        </extensions>
      </trkpt>
      <trkpt lat="24.5339853130280971527099609375" lon="118.15387959592044353485107421875">
        <ele>9.19999980926513671875</ele>
        <time>2026-09-09T13:27:52.000Z</time>
        <extensions>
          <ns3:TrackPointExtension>
            <ns3:hr>149</ns3:hr>
            <ns3:cad>88</ns3:cad>
          </ns3:TrackPointExtension>
        </extensions>
      </trkpt>
      <trkpt lat="24.53400484286248683929443359375" lon="118.15386249683797359466552734375">
        <ele>9.19999980926513671875</ele>
        <time>2026-09-09T13:27:53.000Z</time>
        <extensions>
          <ns3:TrackPointExtension>
            <ns3:hr>149</ns3:hr>
            <ns3:cad>88</ns3:cad>
          </ns3:TrackPointExtension>
        </extensions>
      </trkpt>
      <trkpt lat="24.53403702937066555023193359375" lon="118.153854869306087493896484375">
        <ele>9.19999980926513671875</ele>
        <time>2026-09-09T13:27:54.000Z</time>
        <extensions>
          <ns3:TrackPointExtension>
            <ns3:hr>149</ns3:hr>
            <ns3:cad>88</ns3:cad>
          </ns3:TrackPointExtension>
        </extensions>
      </trkpt>
      <trkpt lat="24.53405295498669147491455078125" lon="118.15384455956518650054931640625">
        <ele>9.19999980926513671875</ele>
        <time>2026-09-09T13:27:55.000Z</time>
        <extensions>
          <ns3:TrackPointExtension>
            <ns3:hr>148</ns3:hr>
            <ns3:cad>87</ns3:cad>
          </ns3:TrackPointExtension>
        </extensions>
      </trkpt>
      <trkpt lat="24.53408229164779186248779296875" lon="118.15383148379623889923095703125">
        <ele>9.19999980926513671875</ele>
        <time>2026-09-09T13:27:56.000Z</time>
        <extensions>
          <ns3:TrackPointExtension>
            <ns3:hr>148</ns3:hr>
            <ns3:cad>86</ns3:cad>
          </ns3:TrackPointExtension>
        </extensions>
      </trkpt>
      <trkpt lat="24.53410425223410129547119140625" lon="118.15382008440792560577392578125">
        <ele>9.19999980926513671875</ele>
        <time>2026-09-09T13:27:57.000Z</time>
        <extensions>
          <ns3:TrackPointExtension>
            <ns3:hr>148</ns3:hr>
            <ns3:cad>86</ns3:cad>
          </ns3:TrackPointExtension>
        </extensions>
      </trkpt>
      <trkpt lat="24.53413291834294795989990234375" lon="118.15380533225834369659423828125">
        <ele>9.19999980926513671875</ele>
        <time>2026-09-09T13:27:58.000Z</time>
        <extensions>
          <ns3:TrackPointExtension>
            <ns3:hr>149</ns3:hr>
            <ns3:cad>86</ns3:cad>
          </ns3:TrackPointExtension>
        </extensions>
      </trkpt>
      <trkpt lat="24.53415806405246257781982421875" lon="118.15379611216485500335693359375">
        <ele>9.19999980926513671875</ele>
        <time>2026-09-09T13:27:59.000Z</time>
        <extensions>
          <ns3:TrackPointExtension>
            <ns3:hr>148</ns3:hr>
            <ns3:cad>86</ns3:cad>
          </ns3:TrackPointExtension>
        </extensions>
      </trkpt>
      <trkpt lat="24.5341881550848484039306640625" lon="118.15378454513847827911376953125">
        <ele>9.19999980926513671875</ele>
        <time>2026-09-09T13:28:00.000Z</time>
        <extensions>
          <ns3:TrackPointExtension>
            <ns3:hr>148</ns3:hr>
            <ns3:cad>86</ns3:cad>
          </ns3:TrackPointExtension>
        </extensions>
      </trkpt>
      <trkpt lat="24.53421841375529766082763671875" lon="118.15377968363463878631591796875">
        <ele>9.3999996185302734375</ele>
        <time>2026-09-09T13:28:01.000Z</time>
        <extensions>
          <ns3:TrackPointExtension>
            <ns3:hr>148</ns3:hr>
            <ns3:cad>86</ns3:cad>
          </ns3:TrackPointExtension>
        </extensions>
      </trkpt>
      <trkpt lat="24.5342441461980342864990234375" lon="118.15376660786569118499755859375">
        <ele>9.3999996185302734375</ele>
        <time>2026-09-09T13:28:02.000Z</time>
        <extensions>
          <ns3:TrackPointExtension>
            <ns3:hr>147</ns3:hr>
            <ns3:cad>86</ns3:cad>
          </ns3:TrackPointExtension>
        </extensions>
      </trkpt>
      <trkpt lat="24.53428010456264019012451171875" lon="118.15377029590308666229248046875">
        <ele>9.19999980926513671875</ele>
        <time>2026-09-09T13:28:03.000Z</time>
        <extensions>
          <ns3:TrackPointExtension>
            <ns3:hr>147</ns3:hr>
            <ns3:cad>87</ns3:cad>
          </ns3:TrackPointExtension>
        </extensions>
      </trkpt>
      <trkpt lat="24.53430038876831531524658203125" lon="118.15376845188438892364501953125">
        <ele>9.19999980926513671875</ele>
        <time>2026-09-09T13:28:04.000Z</time>
        <extensions>
          <ns3:TrackPointExtension>
            <ns3:hr>147</ns3:hr>
            <ns3:cad>87</ns3:cad>
          </ns3:TrackPointExtension>
        </extensions>
      </trkpt>
      <trkpt lat="24.534335844218730926513671875" lon="118.15376694314181804656982421875">
        <ele>9.19999980926513671875</ele>
        <time>2026-09-09T13:28:05.000Z</time>
        <extensions>
          <ns3:TrackPointExtension>
            <ns3:hr>147</ns3:hr>
            <ns3:cad>86</ns3:cad>
          </ns3:TrackPointExtension>
        </extensions>
      </trkpt>
      <trkpt lat="24.53436073847115039825439453125" lon="118.15377138555049896240234375">
        <ele>9.19999980926513671875</ele>
        <time>2026-09-09T13:28:06.000Z</time>
        <extensions>
          <ns3:TrackPointExtension>
            <ns3:hr>146</ns3:hr>
            <ns3:cad>86</ns3:cad>
          </ns3:TrackPointExtension>
        </extensions>
      </trkpt>
      <trkpt lat="24.53439342789351940155029296875" lon="118.15376945771276950836181640625">
        <ele>9.19999980926513671875</ele>
        <time>2026-09-09T13:28:07.000Z</time>
        <extensions>
          <ns3:TrackPointExtension>
            <ns3:hr>147</ns3:hr>
            <ns3:cad>86</ns3:cad>
          </ns3:TrackPointExtension>
        </extensions>
      </trkpt>
      <trkpt lat="24.53442377038300037384033203125" lon="118.15377448685467243194580078125">
        <ele>9.19999980926513671875</ele>
        <time>2026-09-09T13:28:08.000Z</time>
        <extensions>
          <ns3:TrackPointExtension>
            <ns3:hr>147</ns3:hr>
            <ns3:cad>86</ns3:cad>
          </ns3:TrackPointExtension>
        </extensions>
      </trkpt>
      <trkpt lat="24.53445126302540302276611328125" lon="118.15376870334148406982421875">
        <ele>9</ele>
        <time>2026-09-09T13:28:09.000Z</time>
        <extensions>
          <ns3:TrackPointExtension>
            <ns3:hr>146</ns3:hr>
            <ns3:cad>86</ns3:cad>
          </ns3:TrackPointExtension>
        </extensions>
      </trkpt>
      <trkpt lat="24.5344858802855014801025390625" lon="118.153768368065357208251953125">
        <ele>9</ele>
        <time>2026-09-09T13:28:10.000Z</time>
        <extensions>
          <ns3:TrackPointExtension>
            <ns3:hr>146</ns3:hr>
            <ns3:cad>86</ns3:cad>
          </ns3:TrackPointExtension>
        </extensions>
      </trkpt>
      <trkpt lat="24.53450842760503292083740234375" lon="118.15376392565667629241943359375">
        <ele>9</ele>
        <time>2026-09-09T13:28:11.000Z</time>
        <extensions>
          <ns3:TrackPointExtension>
            <ns3:hr>146</ns3:hr>
            <ns3:cad>86</ns3:cad>
          </ns3:TrackPointExtension>
        </extensions>
      </trkpt>
      <trkpt lat="24.534541033208370208740234375" lon="118.15376375801861286163330078125">
        <ele>8.80000019073486328125</ele>
        <time>2026-09-09T13:28:12.000Z</time>
        <extensions>
          <ns3:TrackPointExtension>
            <ns3:hr>146</ns3:hr>
            <ns3:cad>86</ns3:cad>
          </ns3:TrackPointExtension>
        </extensions>
      </trkpt>
      <trkpt lat="24.534570537507534027099609375" lon="118.15376174636185169219970703125">
        <ele>8.80000019073486328125</ele>
        <time>2026-09-09T13:28:13.000Z</time>
        <extensions>
          <ns3:TrackPointExtension>
            <ns3:hr>145</ns3:hr>
            <ns3:cad>87</ns3:cad>
          </ns3:TrackPointExtension>
        </extensions>
      </trkpt>
      <trkpt lat="24.53460297547280788421630859375" lon="118.15375822596251964569091796875">
        <ele>8.80000019073486328125</ele>
        <time>2026-09-09T13:28:14.000Z</time>
        <extensions>
          <ns3:TrackPointExtension>
            <ns3:hr>146</ns3:hr>
            <ns3:cad>87</ns3:cad>
          </ns3:TrackPointExtension>
        </extensions>
      </trkpt>
      <trkpt lat="24.53463382087647914886474609375" lon="118.15376224927604198455810546875">
        <ele>8.80000019073486328125</ele>
        <time>2026-09-09T13:28:15.000Z</time>
        <extensions>
          <ns3:TrackPointExtension>
            <ns3:hr>146</ns3:hr>
            <ns3:cad>86</ns3:cad>
          </ns3:TrackPointExtension>
        </extensions>
      </trkpt>
      <trkpt lat="24.534662067890167236328125" lon="118.1537581421434879302978515625">
        <ele>8.6000003814697265625</ele>
        <time>2026-09-09T13:28:16.000Z</time>
        <extensions>
          <ns3:TrackPointExtension>
            <ns3:hr>146</ns3:hr>
            <ns3:cad>86</ns3:cad>
          </ns3:TrackPointExtension>
        </extensions>
      </trkpt>
      <trkpt lat="24.53469760715961456298828125" lon="118.1537635065615177154541015625">
        <ele>8.6000003814697265625</ele>
        <time>2026-09-09T13:28:17.000Z</time>
        <extensions>
          <ns3:TrackPointExtension>
            <ns3:hr>146</ns3:hr>
            <ns3:cad>86</ns3:cad>
          </ns3:TrackPointExtension>
        </extensions>
      </trkpt>
      <trkpt lat="24.5347282849252223968505859375" lon="118.15376065671443939208984375">
        <ele>8.6000003814697265625</ele>
        <time>2026-09-09T13:28:18.000Z</time>
        <extensions>
          <ns3:TrackPointExtension>
            <ns3:hr>147</ns3:hr>
            <ns3:cad>86</ns3:cad>
          </ns3:TrackPointExtension>
        </extensions>
      </trkpt>
      <trkpt lat="24.53476332128047943115234375" lon="118.15375973470509052276611328125">
        <ele>8.6000003814697265625</ele>
        <time>2026-09-09T13:28:19.000Z</time>
        <extensions>
          <ns3:TrackPointExtension>
            <ns3:hr>147</ns3:hr>
            <ns3:cad>86</ns3:cad>
          </ns3:TrackPointExtension>
        </extensions>
      </trkpt>
      <trkpt lat="24.53478612005710601806640625" lon="118.15375654958188533782958984375">
        <ele>8.80000019073486328125</ele>
        <time>2026-09-09T13:28:20.000Z</time>
        <extensions>
          <ns3:TrackPointExtension>
            <ns3:hr>147</ns3:hr>
            <ns3:cad>86</ns3:cad>
          </ns3:TrackPointExtension>
        </extensions>
      </trkpt>
      <trkpt lat="24.534822665154933929443359375" lon="118.153748922049999237060546875">
        <ele>8.80000019073486328125</ele>
        <time>2026-09-09T13:28:21.000Z</time>
        <extensions>
          <ns3:TrackPointExtension>
            <ns3:hr>147</ns3:hr>
            <ns3:cad>86</ns3:cad>
          </ns3:TrackPointExtension>
        </extensions>
      </trkpt>
      <trkpt lat="24.534850828349590301513671875" lon="118.1537423841655254364013671875">
        <ele>8.6000003814697265625</ele>
        <time>2026-09-09T13:28:22.000Z</time>
        <extensions>
          <ns3:TrackPointExtension>
            <ns3:hr>147</ns3:hr>
            <ns3:cad>86</ns3:cad>
          </ns3:TrackPointExtension>
        </extensions>
      </trkpt>
      <trkpt lat="24.53488460741937160491943359375" lon="118.15372671000659465789794921875">
        <ele>8.6000003814697265625</ele>
        <time>2026-09-09T13:28:23.000Z</time>
        <extensions>
          <ns3:TrackPointExtension>
            <ns3:hr>147</ns3:hr>
            <ns3:cad>86</ns3:cad>
          </ns3:TrackPointExtension>
        </extensions>
      </trkpt>
      <trkpt lat="24.534914195537567138671875" lon="118.15371866337954998016357421875">
        <ele>8.6000003814697265625</ele>
        <time>2026-09-09T13:28:24.000Z</time>
        <extensions>
          <ns3:TrackPointExtension>
            <ns3:hr>147</ns3:hr>
            <ns3:cad>86</ns3:cad>
          </ns3:TrackPointExtension>
        </extensions>
      </trkpt>
      <trkpt lat="24.534941017627716064453125" lon="118.15370089374482631683349609375">
        <ele>8.3999996185302734375</ele>
        <time>2026-09-09T13:28:25.000Z</time>
        <extensions>
          <ns3:TrackPointExtension>
            <ns3:hr>147</ns3:hr>
            <ns3:cad>86</ns3:cad>
          </ns3:TrackPointExtension>
        </extensions>
      </trkpt>
      <trkpt lat="24.53497412614524364471435546875" lon="118.15369586460292339324951171875">
        <ele>8.3999996185302734375</ele>
        <time>2026-09-09T13:28:26.000Z</time>
        <extensions>
          <ns3:TrackPointExtension>
            <ns3:hr>148</ns3:hr>
            <ns3:cad>86</ns3:cad>
          </ns3:TrackPointExtension>
        </extensions>
      </trkpt>
      <trkpt lat="24.53499675728380680084228515625" lon="118.15368354320526123046875">
        <ele>8.3999996185302734375</ele>
        <time>2026-09-09T13:28:27.000Z</time>
        <extensions>
          <ns3:TrackPointExtension>
            <ns3:hr>148</ns3:hr>
            <ns3:cad>86</ns3:cad>
          </ns3:TrackPointExtension>
        </extensions>
      </trkpt>
      <trkpt lat="24.53503246419131755828857421875" lon="118.15366703085601329803466796875">
        <ele>8.3999996185302734375</ele>
        <time>2026-09-09T13:28:28.000Z</time>
        <extensions>
          <ns3:TrackPointExtension>
            <ns3:hr>148</ns3:hr>
            <ns3:cad>87</ns3:cad>
          </ns3:TrackPointExtension>
        </extensions>
      </trkpt>
      <trkpt lat="24.53504872508347034454345703125" lon="118.15365898422896862030029296875">
        <ele>8.3999996185302734375</ele>
        <time>2026-09-09T13:28:29.000Z</time>
        <extensions>
          <ns3:TrackPointExtension>
            <ns3:hr>148</ns3:hr>
            <ns3:cad>87</ns3:cad>
          </ns3:TrackPointExtension>
        </extensions>
      </trkpt>
      <trkpt lat="24.53508560545742511749267578125" lon="118.15364406444132328033447265625">
        <ele>8.3999996185302734375</ele>
        <time>2026-09-09T13:28:30.000Z</time>
        <extensions>
          <ns3:TrackPointExtension>
            <ns3:hr>148</ns3:hr>
            <ns3:cad>87</ns3:cad>
          </ns3:TrackPointExtension>
        </extensions>
      </trkpt>
      <trkpt lat="24.53510991297662258148193359375" lon="118.15363702364265918731689453125">
        <ele>8.3999996185302734375</ele>
        <time>2026-09-09T13:28:31.000Z</time>
        <extensions>
          <ns3:TrackPointExtension>
            <ns3:hr>148</ns3:hr>
            <ns3:cad>87</ns3:cad>
          </ns3:TrackPointExtension>
        </extensions>
      </trkpt>
      <trkpt lat="24.53513790853321552276611328125" lon="118.15362210385501384735107421875">
        <ele>8.3999996185302734375</ele>
        <time>2026-09-09T13:28:32.000Z</time>
        <extensions>
          <ns3:TrackPointExtension>
            <ns3:hr>148</ns3:hr>
            <ns3:cad>86</ns3:cad>
          </ns3:TrackPointExtension>
        </extensions>
      </trkpt>
      <trkpt lat="24.53516489826142787933349609375" lon="118.15361179411411285400390625">
        <ele>8.3999996185302734375</ele>
        <time>2026-09-09T13:28:33.000Z</time>
        <extensions>
          <ns3:TrackPointExtension>
            <ns3:hr>149</ns3:hr>
            <ns3:cad>86</ns3:cad>
          </ns3:TrackPointExtension>
        </extensions>
      </trkpt>
      <trkpt lat="24.53518451191484928131103515625" lon="118.15359544940292835235595703125">
        <ele>8.3999996185302734375</ele>
        <time>2026-09-09T13:28:34.000Z</time>
        <extensions>
          <ns3:TrackPointExtension>
            <ns3:hr>149</ns3:hr>
            <ns3:cad>87</ns3:cad>
          </ns3:TrackPointExtension>
        </extensions>
      </trkpt>
      <trkpt lat="24.53520999290049076080322265625" lon="118.15357700921595096588134765625">
        <ele>8.3999996185302734375</ele>
        <time>2026-09-09T13:28:35.000Z</time>
        <extensions>
          <ns3:TrackPointExtension>
            <ns3:hr>149</ns3:hr>
            <ns3:cad>88</ns3:cad>
          </ns3:TrackPointExtension>
        </extensions>
      </trkpt>
      <trkpt lat="24.53522491268813610076904296875" lon="118.1535636819899082183837890625">
        <ele>8.19999980926513671875</ele>
        <time>2026-09-09T13:28:36.000Z</time>
        <extensions>
          <ns3:TrackPointExtension>
            <ns3:hr>149</ns3:hr>
            <ns3:cad>88</ns3:cad>
          </ns3:TrackPointExtension>
        </extensions>
      </trkpt>
      <trkpt lat="24.53525743447244167327880859375" lon="118.1535442359745502471923828125">
        <ele>8.19999980926513671875</ele>
        <time>2026-09-09T13:28:37.000Z</time>
        <extensions>
          <ns3:TrackPointExtension>
            <ns3:hr>150</ns3:hr>
            <ns3:cad>88</ns3:cad>
          </ns3:TrackPointExtension>
        </extensions>
      </trkpt>
      <trkpt lat="24.535271935164928436279296875" lon="118.15352554433047771453857421875">
        <ele>8.19999980926513671875</ele>
        <time>2026-09-09T13:28:38.000Z</time>
        <extensions>
          <ns3:TrackPointExtension>
            <ns3:hr>150</ns3:hr>
            <ns3:cad>87</ns3:cad>
          </ns3:TrackPointExtension>
        </extensions>
      </trkpt>
      <trkpt lat="24.53529833815991878509521484375" lon="118.15349520184099674224853515625">
        <ele>8.19999980926513671875</ele>
        <time>2026-09-09T13:28:39.000Z</time>
        <extensions>
          <ns3:TrackPointExtension>
            <ns3:hr>150</ns3:hr>
            <ns3:cad>87</ns3:cad>
          </ns3:TrackPointExtension>
        </extensions>
      </trkpt>
      <trkpt lat="24.535311497747898101806640625" lon="118.15347575582563877105712890625">
        <ele>8</ele>
        <time>2026-09-09T13:28:40.000Z</time>
        <extensions>
          <ns3:TrackPointExtension>
            <ns3:hr>150</ns3:hr>
            <ns3:cad>86</ns3:cad>
          </ns3:TrackPointExtension>
        </extensions>
      </trkpt>
      <trkpt lat="24.53533672727644443511962890625" lon="118.15344952046871185302734375">
        <ele>8</ele>
        <time>2026-09-09T13:28:41.000Z</time>
        <extensions>
          <ns3:TrackPointExtension>
            <ns3:hr>150</ns3:hr>
            <ns3:cad>87</ns3:cad>
          </ns3:TrackPointExtension>
        </extensions>
      </trkpt>
      <trkpt lat="24.53535499982535839080810546875" lon="118.15343233756721019744873046875">
        <ele>8</ele>
        <time>2026-09-09T13:28:42.000Z</time>
        <extensions>
          <ns3:TrackPointExtension>
            <ns3:hr>150</ns3:hr>
            <ns3:cad>87</ns3:cad>
          </ns3:TrackPointExtension>
        </extensions>
      </trkpt>
      <trkpt lat="24.53537947498261928558349609375" lon="118.153410963714122772216796875">
        <ele>8</ele>
        <time>2026-09-09T13:28:43.000Z</time>
        <extensions>
          <ns3:TrackPointExtension>
            <ns3:hr>149</ns3:hr>
            <ns3:cad>87</ns3:cad>
          </ns3:TrackPointExtension>
        </extensions>
      </trkpt>
      <trkpt lat="24.535407721996307373046875" lon="118.15339461900293827056884765625">
        <ele>8</ele>
        <time>2026-09-09T13:28:44.000Z</time>
        <extensions>
          <ns3:TrackPointExtension>
            <ns3:hr>150</ns3:hr>
            <ns3:cad>87</ns3:cad>
          </ns3:TrackPointExtension>
        </extensions>
      </trkpt>
      <trkpt lat="24.53542582690715789794921875" lon="118.153372742235660552978515625">
        <ele>8</ele>
        <time>2026-09-09T13:28:45.000Z</time>
        <extensions>
          <ns3:TrackPointExtension>
            <ns3:hr>150</ns3:hr>
            <ns3:cad>87</ns3:cad>
          </ns3:TrackPointExtension>
        </extensions>
      </trkpt>
      <trkpt lat="24.53544971533119678497314453125" lon="118.15335371531546115875244140625">
        <ele>8</ele>
        <time>2026-09-09T13:28:46.000Z</time>
        <extensions>
          <ns3:TrackPointExtension>
            <ns3:hr>150</ns3:hr>
            <ns3:cad>87</ns3:cad>
          </ns3:TrackPointExtension>
        </extensions>
      </trkpt>
      <trkpt lat="24.5354628749191761016845703125" lon="118.15333225764334201812744140625">
        <ele>8</ele>
        <time>2026-09-09T13:28:47.000Z</time>
        <extensions>
          <ns3:TrackPointExtension>
            <ns3:hr>150</ns3:hr>
            <ns3:cad>87</ns3:cad>
          </ns3:TrackPointExtension>
        </extensions>
      </trkpt>
      <trkpt lat="24.5354809798300266265869140625" lon="118.15331130288541316986083984375">
        <ele>8</ele>
        <time>2026-09-09T13:28:48.000Z</time>
        <extensions>
          <ns3:TrackPointExtension>
            <ns3:hr>151</ns3:hr>
            <ns3:cad>86</ns3:cad>
          </ns3:TrackPointExtension>
        </extensions>
      </trkpt>
      <trkpt lat="24.5354990847408771514892578125" lon="118.1532905995845794677734375">
        <ele>8</ele>
        <time>2026-09-09T13:28:49.000Z</time>
        <extensions>
          <ns3:TrackPointExtension>
            <ns3:hr>151</ns3:hr>
            <ns3:cad>86</ns3:cad>
          </ns3:TrackPointExtension>
        </extensions>
      </trkpt>
      <trkpt lat="24.5355297625064849853515625" lon="118.15326067619025707244873046875">
        <ele>8</ele>
        <time>2026-09-09T13:28:50.000Z</time>
        <extensions>
          <ns3:TrackPointExtension>
            <ns3:hr>151</ns3:hr>
            <ns3:cad>88</ns3:cad>
          </ns3:TrackPointExtension>
        </extensions>
      </trkpt>
      <trkpt lat="24.53555432148277759552001953125" lon="118.15324391238391399383544921875">
        <ele>8</ele>
        <time>2026-09-09T13:28:51.000Z</time>
        <extensions>
          <ns3:TrackPointExtension>
            <ns3:hr>151</ns3:hr>
            <ns3:cad>88</ns3:cad>
          </ns3:TrackPointExtension>
        </extensions>
      </trkpt>
      <trkpt lat="24.535581059753894805908203125" lon="118.15321675501763820648193359375">
        <ele>8</ele>
        <time>2026-09-09T13:28:52.000Z</time>
        <extensions>
          <ns3:TrackPointExtension>
            <ns3:hr>151</ns3:hr>
            <ns3:cad>88</ns3:cad>
          </ns3:TrackPointExtension>
        </extensions>
      </trkpt>
      <trkpt lat="24.5356050319969654083251953125" lon="118.15319529734551906585693359375">
        <ele>8</ele>
        <time>2026-09-09T13:28:53.000Z</time>
        <extensions>
          <ns3:TrackPointExtension>
            <ns3:hr>151</ns3:hr>
            <ns3:cad>88</ns3:cad>
          </ns3:TrackPointExtension>
        </extensions>
      </trkpt>
      <trkpt lat="24.535632021725177764892578125" lon="118.1531724147498607635498046875">
        <ele>8</ele>
        <time>2026-09-09T13:28:54.000Z</time>
        <extensions>
          <ns3:TrackPointExtension>
            <ns3:hr>151</ns3:hr>
            <ns3:cad>87</ns3:cad>
          </ns3:TrackPointExtension>
        </extensions>
      </trkpt>
      <trkpt lat="24.53566228039562702178955078125" lon="118.15315992571413516998291015625">
        <ele>8</ele>
        <time>2026-09-09T13:28:55.000Z</time>
        <extensions>
          <ns3:TrackPointExtension>
            <ns3:hr>151</ns3:hr>
            <ns3:cad>87</ns3:cad>
          </ns3:TrackPointExtension>
        </extensions>
      </trkpt>
      <trkpt lat="24.53569111414253711700439453125" lon="118.153149448335170745849609375">
        <ele>8</ele>
        <time>2026-09-09T13:28:56.000Z</time>
        <extensions>
          <ns3:TrackPointExtension>
            <ns3:hr>151</ns3:hr>
            <ns3:cad>87</ns3:cad>
          </ns3:TrackPointExtension>
        </extensions>
      </trkpt>
      <trkpt lat="24.53572430647909641265869140625" lon="118.1531603448092937469482421875">
        <ele>8.19999980926513671875</ele>
        <time>2026-09-09T13:28:57.000Z</time>
        <extensions>
          <ns3:TrackPointExtension>
            <ns3:hr>151</ns3:hr>
            <ns3:cad>87</ns3:cad>
          </ns3:TrackPointExtension>
        </extensions>
      </trkpt>
      <trkpt lat="24.5357488654553890228271484375" lon="118.15316277556121349334716796875">
        <ele>8.19999980926513671875</ele>
        <time>2026-09-09T13:28:58.000Z</time>
        <extensions>
          <ns3:TrackPointExtension>
            <ns3:hr>151</ns3:hr>
            <ns3:cad>87</ns3:cad>
          </ns3:TrackPointExtension>
        </extensions>
      </trkpt>
      <trkpt lat="24.53577476553618907928466796875" lon="118.15318054519593715667724609375">
        <ele>8.19999980926513671875</ele>
        <time>2026-09-09T13:28:59.000Z</time>
        <extensions>
          <ns3:TrackPointExtension>
            <ns3:hr>151</ns3:hr>
            <ns3:cad>87</ns3:cad>
          </ns3:TrackPointExtension>
        </extensions>
      </trkpt>
      <trkpt lat="24.535796977579593658447265625" lon="118.15318926237523555755615234375">
        <ele>8.19999980926513671875</ele>
        <time>2026-09-09T13:29:00.000Z</time>
        <extensions>
          <ns3:TrackPointExtension>
            <ns3:hr>150</ns3:hr>
            <ns3:cad>87</ns3:cad>
          </ns3:TrackPointExtension>
        </extensions>
      </trkpt>
      <trkpt lat="24.5358243025839328765869140625" lon="118.15321859903633594512939453125">
        <ele>8</ele>
        <time>2026-09-09T13:29:01.000Z</time>
        <extensions>
          <ns3:TrackPointExtension>
            <ns3:hr>150</ns3:hr>
            <ns3:cad>87</ns3:cad>
          </ns3:TrackPointExtension>
        </extensions>
      </trkpt>
      <trkpt lat="24.53584014438092708587646484375" lon="118.1532431580126285552978515625">
        <ele>8</ele>
        <time>2026-09-09T13:29:02.000Z</time>
        <extensions>
          <ns3:TrackPointExtension>
            <ns3:hr>150</ns3:hr>
            <ns3:cad>87</ns3:cad>
          </ns3:TrackPointExtension>
        </extensions>
      </trkpt>
      <trkpt lat="24.53586093150079250335693359375" lon="118.1532699801027774810791015625">
        <ele>8</ele>
        <time>2026-09-09T13:29:03.000Z</time>
        <extensions>
          <ns3:TrackPointExtension>
            <ns3:hr>150</ns3:hr>
            <ns3:cad>87</ns3:cad>
          </ns3:TrackPointExtension>
        </extensions>
      </trkpt>
      <trkpt lat="24.5358786173164844512939453125" lon="118.15329470671713352203369140625">
        <ele>8</ele>
        <time>2026-09-09T13:29:04.000Z</time>
        <extensions>
          <ns3:TrackPointExtension>
            <ns3:hr>149</ns3:hr>
            <ns3:cad>89</ns3:cad>
          </ns3:TrackPointExtension>
        </extensions>
      </trkpt>
      <trkpt lat="24.535901248455047607421875" lon="118.1533066928386688232421875">
        <ele>8</ele>
        <time>2026-09-09T13:29:05.000Z</time>
        <extensions>
          <ns3:TrackPointExtension>
            <ns3:hr>149</ns3:hr>
            <ns3:cad>89</ns3:cad>
          </ns3:TrackPointExtension>
        </extensions>
      </trkpt>
      <trkpt lat="24.53592798672616481781005859375" lon="118.15332747995853424072265625">
        <ele>8</ele>
        <time>2026-09-09T13:29:06.000Z</time>
        <extensions>
          <ns3:TrackPointExtension>
            <ns3:hr>149</ns3:hr>
            <ns3:cad>88</ns3:cad>
          </ns3:TrackPointExtension>
        </extensions>
      </trkpt>
      <trkpt lat="24.5359508693218231201171875" lon="118.15333628095686435699462890625">
        <ele>8</ele>
        <time>2026-09-09T13:29:07.000Z</time>
        <extensions>
          <ns3:TrackPointExtension>
            <ns3:hr>148</ns3:hr>
            <ns3:cad>88</ns3:cad>
          </ns3:TrackPointExtension>
        </extensions>
      </trkpt>
      <trkpt lat="24.53597861342132091522216796875" lon="118.1533561460673809051513671875">
        <ele>8</ele>
        <time>2026-09-09T13:29:08.000Z</time>
        <extensions>
          <ns3:TrackPointExtension>
            <ns3:hr>148</ns3:hr>
            <ns3:cad>87</ns3:cad>
          </ns3:TrackPointExtension>
        </extensions>
      </trkpt>
      <trkpt lat="24.53600074164569377899169921875" lon="118.1533672101795673370361328125">
        <ele>8</ele>
        <time>2026-09-09T13:29:09.000Z</time>
        <extensions>
          <ns3:TrackPointExtension>
            <ns3:hr>148</ns3:hr>
            <ns3:cad>86</ns3:cad>
          </ns3:TrackPointExtension>
        </extensions>
      </trkpt>
      <trkpt lat="24.536033682525157928466796875" lon="118.15338640473783016204833984375">
        <ele>7.80000019073486328125</ele>
        <time>2026-09-09T13:29:10.000Z</time>
        <extensions>
          <ns3:TrackPointExtension>
            <ns3:hr>148</ns3:hr>
            <ns3:cad>86</ns3:cad>
          </ns3:TrackPointExtension>
        </extensions>
      </trkpt>
      <trkpt lat="24.53605254180729389190673828125" lon="118.1534024141728878021240234375">
        <ele>7.80000019073486328125</ele>
        <time>2026-09-09T13:29:11.000Z</time>
        <extensions>
          <ns3:TrackPointExtension>
            <ns3:hr>148</ns3:hr>
            <ns3:cad>87</ns3:cad>
          </ns3:TrackPointExtension>
        </extensions>
      </trkpt>
      <trkpt lat="24.53608028590679168701171875" lon="118.15342512913048267364501953125">
        <ele>7.80000019073486328125</ele>
        <time>2026-09-09T13:29:12.000Z</time>
        <extensions>
          <ns3:TrackPointExtension>
            <ns3:hr>147</ns3:hr>
            <ns3:cad>87</ns3:cad>
          </ns3:TrackPointExtension>
        </extensions>
      </trkpt>
      <trkpt lat="24.536104090511798858642578125" lon="118.15344055183231830596923828125">
        <ele>7.80000019073486328125</ele>
        <time>2026-09-09T13:29:13.000Z</time>
        <extensions>
          <ns3:TrackPointExtension>
            <ns3:hr>147</ns3:hr>
            <ns3:cad>87</ns3:cad>
          </ns3:TrackPointExtension>
        </extensions>
      </trkpt>
      <trkpt lat="24.53612864948809146881103515625" lon="118.1534614227712154388427734375">
        <ele>7.80000019073486328125</ele>
        <time>2026-09-09T13:29:14.000Z</time>
        <extensions>
          <ns3:TrackPointExtension>
            <ns3:hr>147</ns3:hr>
            <ns3:cad>87</ns3:cad>
          </ns3:TrackPointExtension>
        </extensions>
      </trkpt>
      <trkpt lat="24.53615480102598667144775390625" lon="118.15347525291144847869873046875">
        <ele>7.80000019073486328125</ele>
        <time>2026-09-09T13:29:15.000Z</time>
        <extensions>
          <ns3:TrackPointExtension>
            <ns3:hr>147</ns3:hr>
            <ns3:cad>87</ns3:cad>
          </ns3:TrackPointExtension>
        </extensions>
      </trkpt>
      <trkpt lat="24.53618355095386505126953125" lon="118.15348413772881031036376953125">
        <ele>8</ele>
        <time>2026-09-09T13:29:16.000Z</time>
        <extensions>
          <ns3:TrackPointExtension>
            <ns3:hr>147</ns3:hr>
            <ns3:cad>86</ns3:cad>
          </ns3:TrackPointExtension>
        </extensions>
      </trkpt>
      <trkpt lat="24.53621230088174343109130859375" lon="118.1535043381154537200927734375">
        <ele>8</ele>
        <time>2026-09-09T13:29:17.000Z</time>
        <extensions>
          <ns3:TrackPointExtension>
            <ns3:hr>147</ns3:hr>
            <ns3:cad>86</ns3:cad>
          </ns3:TrackPointExtension>
        </extensions>
      </trkpt>
      <trkpt lat="24.536240883171558380126953125" lon="118.15351389348506927490234375">
        <ele>8</ele>
        <time>2026-09-09T13:29:18.000Z</time>
        <extensions>
          <ns3:TrackPointExtension>
            <ns3:hr>146</ns3:hr>
            <ns3:cad>87</ns3:cad>
          </ns3:TrackPointExtension>
        </extensions>
      </trkpt>
      <trkpt lat="24.536270387470722198486328125" lon="118.1535341776907444000244140625">
        <ele>8</ele>
        <time>2026-09-09T13:29:19.000Z</time>
        <extensions>
          <ns3:TrackPointExtension>
            <ns3:hr>146</ns3:hr>
            <ns3:cad>88</ns3:cad>
          </ns3:TrackPointExtension>
        </extensions>
      </trkpt>
      <trkpt lat="24.536293186247348785400390625" lon="118.1535408832132816314697265625">
        <ele>7.80000019073486328125</ele>
        <time>2026-09-09T13:29:20.000Z</time>
        <extensions>
          <ns3:TrackPointExtension>
            <ns3:hr>146</ns3:hr>
            <ns3:cad>88</ns3:cad>
          </ns3:TrackPointExtension>
        </extensions>
      </trkpt>
      <trkpt lat="24.53632160089910030364990234375" lon="118.15356208942830562591552734375">
        <ele>7.80000019073486328125</ele>
        <time>2026-09-09T13:29:21.000Z</time>
        <extensions>
          <ns3:TrackPointExtension>
            <ns3:hr>146</ns3:hr>
            <ns3:cad>88</ns3:cad>
          </ns3:TrackPointExtension>
        </extensions>
      </trkpt>
      <trkpt lat="24.5363453216850757598876953125" lon="118.15356879495084285736083984375">
        <ele>7.80000019073486328125</ele>
        <time>2026-09-09T13:29:22.000Z</time>
        <extensions>
          <ns3:TrackPointExtension>
            <ns3:hr>146</ns3:hr>
            <ns3:cad>88</ns3:cad>
          </ns3:TrackPointExtension>
        </extensions>
      </trkpt>
      <trkpt lat="24.53637398779392242431640625" lon="118.1535851396620273590087890625">
        <ele>7.80000019073486328125</ele>
        <time>2026-09-09T13:29:23.000Z</time>
        <extensions>
          <ns3:TrackPointExtension>
            <ns3:hr>146</ns3:hr>
            <ns3:cad>88</ns3:cad>
          </ns3:TrackPointExtension>
        </extensions>
      </trkpt>
      <trkpt lat="24.536395110189914703369140625" lon="118.15360550768673419952392578125">
        <ele>7.80000019073486328125</ele>
        <time>2026-09-09T13:29:24.000Z</time>
        <extensions>
          <ns3:TrackPointExtension>
            <ns3:hr>147</ns3:hr>
            <ns3:cad>87</ns3:cad>
          </ns3:TrackPointExtension>
        </extensions>
      </trkpt>
      <trkpt lat="24.53642101027071475982666015625" lon="118.1536220200359821319580078125">
        <ele>7.80000019073486328125</ele>
        <time>2026-09-09T13:29:25.000Z</time>
        <extensions>
          <ns3:TrackPointExtension>
            <ns3:hr>147</ns3:hr>
            <ns3:cad>86</ns3:cad>
          </ns3:TrackPointExtension>
        </extensions>
      </trkpt>
      <trkpt lat="24.5364452339708805084228515625" lon="118.15364062786102294921875">
        <ele>7.599999904632568359375</ele>
        <time>2026-09-09T13:29:26.000Z</time>
        <extensions>
          <ns3:TrackPointExtension>
            <ns3:hr>147</ns3:hr>
            <ns3:cad>87</ns3:cad>
          </ns3:TrackPointExtension>
        </extensions>
      </trkpt>
      <trkpt lat="24.5364700444042682647705078125" lon="118.1536508537828922271728515625">
        <ele>7.599999904632568359375</ele>
        <time>2026-09-09T13:29:27.000Z</time>
        <extensions>
          <ns3:TrackPointExtension>
            <ns3:hr>147</ns3:hr>
            <ns3:cad>87</ns3:cad>
          </ns3:TrackPointExtension>
        </extensions>
      </trkpt>
      <trkpt lat="24.536496363580226898193359375" lon="118.153669126331806182861328125">
        <ele>7.599999904632568359375</ele>
        <time>2026-09-09T13:29:28.000Z</time>
        <extensions>
          <ns3:TrackPointExtension>
            <ns3:hr>147</ns3:hr>
            <ns3:cad>87</ns3:cad>
          </ns3:TrackPointExtension>
        </extensions>
      </trkpt>
      <trkpt lat="24.53652075491845607757568359375" lon="118.1536827050149440765380859375">
        <ele>7.599999904632568359375</ele>
        <time>2026-09-09T13:29:29.000Z</time>
        <extensions>
          <ns3:TrackPointExtension>
            <ns3:hr>147</ns3:hr>
            <ns3:cad>87</ns3:cad>
          </ns3:TrackPointExtension>
        </extensions>
      </trkpt>
      <trkpt lat="24.53655009157955646514892578125" lon="118.15370491705834865570068359375">
        <ele>7.599999904632568359375</ele>
        <time>2026-09-09T13:29:30.000Z</time>
        <extensions>
          <ns3:TrackPointExtension>
            <ns3:hr>147</ns3:hr>
            <ns3:cad>87</ns3:cad>
          </ns3:TrackPointExtension>
        </extensions>
      </trkpt>
      <trkpt lat="24.53657138161361217498779296875" lon="118.15371816046535968780517578125">
        <ele>7.599999904632568359375</ele>
        <time>2026-09-09T13:29:31.000Z</time>
        <extensions>
          <ns3:TrackPointExtension>
            <ns3:hr>147</ns3:hr>
            <ns3:cad>87</ns3:cad>
          </ns3:TrackPointExtension>
        </extensions>
      </trkpt>
      <trkpt lat="24.53659870661795139312744140625" lon="118.1537413783371448516845703125">
        <ele>7.599999904632568359375</ele>
        <time>2026-09-09T13:29:32.000Z</time>
        <extensions>
          <ns3:TrackPointExtension>
            <ns3:hr>147</ns3:hr>
            <ns3:cad>86</ns3:cad>
          </ns3:TrackPointExtension>
        </extensions>
      </trkpt>
      <trkpt lat="24.53661815263330936431884765625" lon="118.15375906415283679962158203125">
        <ele>7.599999904632568359375</ele>
        <time>2026-09-09T13:29:33.000Z</time>
        <extensions>
          <ns3:TrackPointExtension>
            <ns3:hr>147</ns3:hr>
            <ns3:cad>87</ns3:cad>
          </ns3:TrackPointExtension>
        </extensions>
      </trkpt>
      <trkpt lat="24.5366453938186168670654296875" lon="118.15377297811210155487060546875">
        <ele>7.599999904632568359375</ele>
        <time>2026-09-09T13:29:34.000Z</time>
        <extensions>
          <ns3:TrackPointExtension>
            <ns3:hr>147</ns3:hr>
            <ns3:cad>87</ns3:cad>
          </ns3:TrackPointExtension>
        </extensions>
      </trkpt>
      <trkpt lat="24.53667297028005123138427734375" lon="118.15378923900425434112548828125">
        <ele>7.400000095367431640625</ele>
        <time>2026-09-09T13:29:35.000Z</time>
        <extensions>
          <ns3:TrackPointExtension>
            <ns3:hr>147</ns3:hr>
            <ns3:cad>87</ns3:cad>
          </ns3:TrackPointExtension>
        </extensions>
      </trkpt>
      <trkpt lat="24.53669811598956584930419921875" lon="118.153799213469028472900390625">
        <ele>7.400000095367431640625</ele>
        <time>2026-09-09T13:29:36.000Z</time>
        <extensions>
          <ns3:TrackPointExtension>
            <ns3:hr>147</ns3:hr>
            <ns3:cad>87</ns3:cad>
          </ns3:TrackPointExtension>
        </extensions>
      </trkpt>
      <trkpt lat="24.53673013485968112945556640625" lon="118.1538164801895618438720703125">
        <ele>7.19999980926513671875</ele>
        <time>2026-09-09T13:29:37.000Z</time>
        <extensions>
          <ns3:TrackPointExtension>
            <ns3:hr>147</ns3:hr>
            <ns3:cad>87</ns3:cad>
          </ns3:TrackPointExtension>
        </extensions>
      </trkpt>
      <trkpt lat="24.53675075434148311614990234375" lon="118.1538282148540019989013671875">
        <ele>7.19999980926513671875</ele>
        <time>2026-09-09T13:29:38.000Z</time>
        <extensions>
          <ns3:TrackPointExtension>
            <ns3:hr>148</ns3:hr>
            <ns3:cad>86</ns3:cad>
          </ns3:TrackPointExtension>
        </extensions>
      </trkpt>
      <trkpt lat="24.53677824698388576507568359375" lon="118.15385160036385059356689453125">
        <ele>7.19999980926513671875</ele>
        <time>2026-09-09T13:29:39.000Z</time>
        <extensions>
          <ns3:TrackPointExtension>
            <ns3:hr>147</ns3:hr>
            <ns3:cad>86</ns3:cad>
          </ns3:TrackPointExtension>
        </extensions>
      </trkpt>
      <trkpt lat="24.5367986150085926055908203125" lon="118.1538699567317962646484375">
        <ele>7.19999980926513671875</ele>
        <time>2026-09-09T13:29:40.000Z</time>
        <extensions>
          <ns3:TrackPointExtension>
            <ns3:hr>147</ns3:hr>
            <ns3:cad>86</ns3:cad>
          </ns3:TrackPointExtension>
        </extensions>
      </trkpt>
      <trkpt lat="24.5368281193077564239501953125" lon="118.153890073299407958984375">
        <ele>7.19999980926513671875</ele>
        <time>2026-09-09T13:29:41.000Z</time>
        <extensions>
          <ns3:TrackPointExtension>
            <ns3:hr>147</ns3:hr>
            <ns3:cad>87</ns3:cad>
          </ns3:TrackPointExtension>
        </extensions>
      </trkpt>
      <trkpt lat="24.53684781678020954132080078125" lon="118.15391060896217823028564453125">
        <ele>7</ele>
        <time>2026-09-09T13:29:42.000Z</time>
        <extensions>
          <ns3:TrackPointExtension>
            <ns3:hr>148</ns3:hr>
            <ns3:cad>87</ns3:cad>
          </ns3:TrackPointExtension>
        </extensions>
      </trkpt>
      <trkpt lat="24.53687145374715328216552734375" lon="118.1539328210055828094482421875">
        <ele>7</ele>
        <time>2026-09-09T13:29:43.000Z</time>
        <extensions>
          <ns3:TrackPointExtension>
            <ns3:hr>148</ns3:hr>
            <ns3:cad>87</ns3:cad>
          </ns3:TrackPointExtension>
        </extensions>
      </trkpt>
      <trkpt lat="24.536896683275699615478515625" lon="118.15395402722060680389404296875">
        <ele>7</ele>
        <time>2026-09-09T13:29:44.000Z</time>
        <extensions>
          <ns3:TrackPointExtension>
            <ns3:hr>148</ns3:hr>
            <ns3:cad>86</ns3:cad>
          </ns3:TrackPointExtension>
        </extensions>
      </trkpt>
      <trkpt lat="24.53692459501326084136962890625" lon="118.1539653427898883819580078125">
        <ele>7</ele>
        <time>2026-09-09T13:29:45.000Z</time>
        <extensions>
          <ns3:TrackPointExtension>
            <ns3:hr>148</ns3:hr>
            <ns3:cad>86</ns3:cad>
          </ns3:TrackPointExtension>
        </extensions>
      </trkpt>
      <trkpt lat="24.53695560805499553680419921875" lon="118.1539831124246120452880859375">
        <ele>7.19999980926513671875</ele>
        <time>2026-09-09T13:29:46.000Z</time>
        <extensions>
          <ns3:TrackPointExtension>
            <ns3:hr>148</ns3:hr>
            <ns3:cad>86</ns3:cad>
          </ns3:TrackPointExtension>
        </extensions>
      </trkpt>
      <trkpt lat="24.5369719527661800384521484375" lon="118.1539931707084178924560546875">
        <ele>7.19999980926513671875</ele>
        <time>2026-09-09T13:29:47.000Z</time>
        <extensions>
          <ns3:TrackPointExtension>
            <ns3:hr>149</ns3:hr>
            <ns3:cad>86</ns3:cad>
          </ns3:TrackPointExtension>
        </extensions>
      </trkpt>
      <trkpt lat="24.537001289427280426025390625" lon="118.15401144325733184814453125">
        <ele>7</ele>
        <time>2026-09-09T13:29:48.000Z</time>
        <extensions>
          <ns3:TrackPointExtension>
            <ns3:hr>148</ns3:hr>
            <ns3:cad>87</ns3:cad>
          </ns3:TrackPointExtension>
        </extensions>
      </trkpt>
      <trkpt lat="24.53701863996684551239013671875" lon="118.1540270335972309112548828125">
        <ele>7</ele>
        <time>2026-09-09T13:29:49.000Z</time>
        <extensions>
          <ns3:TrackPointExtension>
            <ns3:hr>148</ns3:hr>
            <ns3:cad>87</ns3:cad>
          </ns3:TrackPointExtension>
        </extensions>
      </trkpt>
      <trkpt lat="24.53704596497118473052978515625" lon="118.154045976698398590087890625">
        <ele>6.80000019073486328125</ele>
        <time>2026-09-09T13:29:50.000Z</time>
        <extensions>
          <ns3:TrackPointExtension>
            <ns3:hr>149</ns3:hr>
            <ns3:cad>87</ns3:cad>
          </ns3:TrackPointExtension>
        </extensions>
      </trkpt>
      <trkpt lat="24.53706792555749416351318359375" lon="118.1540649197995662689208984375">
        <ele>6.80000019073486328125</ele>
        <time>2026-09-09T13:29:51.000Z</time>
        <extensions>
          <ns3:TrackPointExtension>
            <ns3:hr>148</ns3:hr>
            <ns3:cad>87</ns3:cad>
          </ns3:TrackPointExtension>
        </extensions>
      </trkpt>
      <trkpt lat="24.537097513675689697265625" lon="118.15407824702560901641845703125">
        <ele>6.599999904632568359375</ele>
        <time>2026-09-09T13:29:52.000Z</time>
        <extensions>
          <ns3:TrackPointExtension>
            <ns3:hr>148</ns3:hr>
            <ns3:cad>87</ns3:cad>
          </ns3:TrackPointExtension>
        </extensions>
      </trkpt>
      <trkpt lat="24.53712827526032924652099609375" lon="118.1540925800800323486328125">
        <ele>6.80000019073486328125</ele>
        <time>2026-09-09T13:29:53.000Z</time>
        <extensions>
          <ns3:TrackPointExtension>
            <ns3:hr>148</ns3:hr>
            <ns3:cad>87</ns3:cad>
          </ns3:TrackPointExtension>
        </extensions>
      </trkpt>
      <trkpt lat="24.5371546782553195953369140625" lon="118.154101632535457611083984375">
        <ele>6.599999904632568359375</ele>
        <time>2026-09-09T13:29:54.000Z</time>
        <extensions>
          <ns3:TrackPointExtension>
            <ns3:hr>148</ns3:hr>
            <ns3:cad>86</ns3:cad>
          </ns3:TrackPointExtension>
        </extensions>
      </trkpt>
      <trkpt lat="24.53718560747802257537841796875" lon="118.15412451513111591339111328125">
        <ele>6.599999904632568359375</ele>
        <time>2026-09-09T13:29:55.000Z</time>
        <extensions>
          <ns3:TrackPointExtension>
            <ns3:hr>148</ns3:hr>
            <ns3:cad>87</ns3:cad>
          </ns3:TrackPointExtension>
        </extensions>
      </trkpt>
      <trkpt lat="24.5372076518833637237548828125" lon="118.1541381776332855224609375">
        <ele>6.599999904632568359375</ele>
        <time>2026-09-09T13:29:56.000Z</time>
        <extensions>
          <ns3:TrackPointExtension>
            <ns3:hr>147</ns3:hr>
            <ns3:cad>87</ns3:cad>
          </ns3:TrackPointExtension>
        </extensions>
      </trkpt>
      <trkpt lat="24.53723874874413013458251953125" lon="118.1541574560105800628662109375">
        <ele>6.599999904632568359375</ele>
        <time>2026-09-09T13:29:57.000Z</time>
        <extensions>
          <ns3:TrackPointExtension>
            <ns3:hr>147</ns3:hr>
            <ns3:cad>87</ns3:cad>
          </ns3:TrackPointExtension>
        </extensions>
      </trkpt>
      <trkpt lat="24.53726322390139102935791015625" lon="118.15417044796049594879150390625">
        <ele>6.400000095367431640625</ele>
        <time>2026-09-09T13:29:58.000Z</time>
        <extensions>
          <ns3:TrackPointExtension>
            <ns3:hr>147</ns3:hr>
            <ns3:cad>87</ns3:cad>
          </ns3:TrackPointExtension>
        </extensions>
      </trkpt>
      <trkpt lat="24.5372919738292694091796875" lon="118.1541859544813632965087890625">
        <ele>6.400000095367431640625</ele>
        <time>2026-09-09T13:29:59.000Z</time>
        <extensions>
          <ns3:TrackPointExtension>
            <ns3:hr>147</ns3:hr>
            <ns3:cad>86</ns3:cad>
          </ns3:TrackPointExtension>
        </extensions>
      </trkpt>
      <trkpt lat="24.5373216457664966583251953125" lon="118.1542000360786914825439453125">
        <ele>6.400000095367431640625</ele>
        <time>2026-09-09T13:30:00.000Z</time>
        <extensions>
          <ns3:TrackPointExtension>
            <ns3:hr>147</ns3:hr>
            <ns3:cad>86</ns3:cad>
          </ns3:TrackPointExtension>
        </extensions>
      </trkpt>
      <trkpt lat="24.53734721057116985321044921875" lon="118.15421218983829021453857421875">
        <ele>6.400000095367431640625</ele>
        <time>2026-09-09T13:30:01.000Z</time>
        <extensions>
          <ns3:TrackPointExtension>
            <ns3:hr>147</ns3:hr>
            <ns3:cad>86</ns3:cad>
          </ns3:TrackPointExtension>
        </extensions>
      </trkpt>
      <trkpt lat="24.53737235628068447113037109375" lon="118.15422744490206241607666015625">
        <ele>6.599999904632568359375</ele>
        <time>2026-09-09T13:30:02.000Z</time>
        <extensions>
          <ns3:TrackPointExtension>
            <ns3:hr>148</ns3:hr>
            <ns3:cad>86</ns3:cad>
          </ns3:TrackPointExtension>
        </extensions>
      </trkpt>
      <trkpt lat="24.53739582560956478118896484375" lon="118.1542429514229297637939453125">
        <ele>6.400000095367431640625</ele>
        <time>2026-09-09T13:30:03.000Z</time>
        <extensions>
          <ns3:TrackPointExtension>
            <ns3:hr>147</ns3:hr>
            <ns3:cad>87</ns3:cad>
          </ns3:TrackPointExtension>
        </extensions>
      </trkpt>
      <trkpt lat="24.53742365352809429168701171875" lon="118.15426952205598354339599609375">
        <ele>6.400000095367431640625</ele>
        <time>2026-09-09T13:30:04.000Z</time>
        <extensions>
          <ns3:TrackPointExtension>
            <ns3:hr>147</ns3:hr>
            <ns3:cad>87</ns3:cad>
          </ns3:TrackPointExtension>
        </extensions>
      </trkpt>
      <trkpt lat="24.53744226135313510894775390625" lon="118.1542818434536457061767578125">
        <ele>6.400000095367431640625</ele>
        <time>2026-09-09T13:30:05.000Z</time>
        <extensions>
          <ns3:TrackPointExtension>
            <ns3:hr>147</ns3:hr>
            <ns3:cad>87</ns3:cad>
          </ns3:TrackPointExtension>
        </extensions>
      </trkpt>
      <trkpt lat="24.5374627970159053802490234375" lon="118.154317550361156463623046875">
        <ele>6.19999980926513671875</ele>
        <time>2026-09-09T13:30:06.000Z</time>
        <extensions>
          <ns3:TrackPointExtension>
            <ns3:hr>148</ns3:hr>
            <ns3:cad>87</ns3:cad>
          </ns3:TrackPointExtension>
        </extensions>
      </trkpt>
      <trkpt lat="24.5374812372028827667236328125" lon="118.1543366611003875732421875">
        <ele>6.19999980926513671875</ele>
        <time>2026-09-09T13:30:07.000Z</time>
        <extensions>
          <ns3:TrackPointExtension>
            <ns3:hr>147</ns3:hr>
            <ns3:cad>87</ns3:cad>
          </ns3:TrackPointExtension>
        </extensions>
      </trkpt>
      <trkpt lat="24.53749691136181354522705078125" lon="118.15437429584562778472900390625">
        <ele>6.19999980926513671875</ele>
        <time>2026-09-09T13:30:08.000Z</time>
        <extensions>
          <ns3:TrackPointExtension>
            <ns3:hr>147</ns3:hr>
            <ns3:cad>87</ns3:cad>
          </ns3:TrackPointExtension>
        </extensions>
      </trkpt>
      <trkpt lat="24.53750579617917537689208984375" lon="118.15440212376415729522705078125">
        <ele>6.19999980926513671875</ele>
        <time>2026-09-09T13:30:09.000Z</time>
        <extensions>
          <ns3:TrackPointExtension>
            <ns3:hr>147</ns3:hr>
            <ns3:cad>87</ns3:cad>
          </ns3:TrackPointExtension>
        </extensions>
      </trkpt>
      <trkpt lat="24.53750696964561939239501953125" lon="118.15444302745163440704345703125">
        <ele>6.19999980926513671875</ele>
        <time>2026-09-09T13:30:10.000Z</time>
        <extensions>
          <ns3:TrackPointExtension>
            <ns3:hr>147</ns3:hr>
            <ns3:cad>88</ns3:cad>
          </ns3:TrackPointExtension>
        </extensions>
      </trkpt>
      <trkpt lat="24.53750587999820709228515625" lon="118.15447420813143253326416015625">
        <ele>6.19999980926513671875</ele>
        <time>2026-09-09T13:30:11.000Z</time>
        <extensions>
          <ns3:TrackPointExtension>
            <ns3:hr>147</ns3:hr>
            <ns3:cad>88</ns3:cad>
          </ns3:TrackPointExtension>
        </extensions>
      </trkpt>
      <trkpt lat="24.53750059939920902252197265625" lon="118.15450823865830898284912109375">
        <ele>6.19999980926513671875</ele>
        <time>2026-09-09T13:30:12.000Z</time>
        <extensions>
          <ns3:TrackPointExtension>
            <ns3:hr>147</ns3:hr>
            <ns3:cad>88</ns3:cad>
          </ns3:TrackPointExtension>
        </extensions>
      </trkpt>
      <trkpt lat="24.53748651780188083648681640625" lon="118.15453606657683849334716796875">
        <ele>6.19999980926513671875</ele>
        <time>2026-09-09T13:30:13.000Z</time>
        <extensions>
          <ns3:TrackPointExtension>
            <ns3:hr>147</ns3:hr>
            <ns3:cad>88</ns3:cad>
          </ns3:TrackPointExtension>
        </extensions>
      </trkpt>
      <trkpt lat="24.5374798960983753204345703125" lon="118.1545611284673213958740234375">
        <ele>6.19999980926513671875</ele>
        <time>2026-09-09T13:30:14.000Z</time>
        <extensions>
          <ns3:TrackPointExtension>
            <ns3:hr>147</ns3:hr>
            <ns3:cad>87</ns3:cad>
          </ns3:TrackPointExtension>
        </extensions>
      </trkpt>
      <trkpt lat="24.537462294101715087890625" lon="118.1545916385948657989501953125">
        <ele>6.19999980926513671875</ele>
        <time>2026-09-09T13:30:15.000Z</time>
        <extensions>
          <ns3:TrackPointExtension>
            <ns3:hr>147</ns3:hr>
            <ns3:cad>87</ns3:cad>
          </ns3:TrackPointExtension>
        </extensions>
      </trkpt>
      <trkpt lat="24.53745550476014614105224609375" lon="118.15461284480988979339599609375">
        <ele>6.400000095367431640625</ele>
        <time>2026-09-09T13:30:16.000Z</time>
        <extensions>
          <ns3:TrackPointExtension>
            <ns3:hr>147</ns3:hr>
            <ns3:cad>87</ns3:cad>
          </ns3:TrackPointExtension>
        </extensions>
      </trkpt>
      <trkpt lat="24.53743119724094867706298828125" lon="118.15464033745229244232177734375">
        <ele>6.400000095367431640625</ele>
        <time>2026-09-09T13:30:17.000Z</time>
        <extensions>
          <ns3:TrackPointExtension>
            <ns3:hr>147</ns3:hr>
            <ns3:cad>87</ns3:cad>
          </ns3:TrackPointExtension>
        </extensions>
      </trkpt>
      <trkpt lat="24.5374202169477939605712890625" lon="118.154659532010555267333984375">
        <ele>6.400000095367431640625</ele>
        <time>2026-09-09T13:30:18.000Z</time>
        <extensions>
          <ns3:TrackPointExtension>
            <ns3:hr>146</ns3:hr>
            <ns3:cad>87</ns3:cad>
          </ns3:TrackPointExtension>
        </extensions>
      </trkpt>
      <trkpt lat="24.53740403987467288970947265625" lon="118.15468794666230678558349609375">
        <ele>6.400000095367431640625</ele>
        <time>2026-09-09T13:30:19.000Z</time>
        <extensions>
          <ns3:TrackPointExtension>
            <ns3:hr>146</ns3:hr>
            <ns3:cad>87</ns3:cad>
          </ns3:TrackPointExtension>
        </extensions>
      </trkpt>
      <trkpt lat="24.5373866893351078033447265625" lon="118.154714517295360565185546875">
        <ele>6.400000095367431640625</ele>
        <time>2026-09-09T13:30:20.000Z</time>
        <extensions>
          <ns3:TrackPointExtension>
            <ns3:hr>145</ns3:hr>
            <ns3:cad>86</ns3:cad>
          </ns3:TrackPointExtension>
        </extensions>
      </trkpt>
      <trkpt lat="24.53738107345998287200927734375" lon="118.15474368631839752197265625">
        <ele>6.400000095367431640625</ele>
        <time>2026-09-09T13:30:21.000Z</time>
        <extensions>
          <ns3:TrackPointExtension>
            <ns3:hr>145</ns3:hr>
            <ns3:cad>86</ns3:cad>
          </ns3:TrackPointExtension>
        </extensions>
      </trkpt>
      <trkpt lat="24.53736179508268833160400390625" lon="118.154772855341434478759765625">
        <ele>6.400000095367431640625</ele>
        <time>2026-09-09T13:30:22.000Z</time>
        <extensions>
          <ns3:TrackPointExtension>
            <ns3:hr>145</ns3:hr>
            <ns3:cad>86</ns3:cad>
          </ns3:TrackPointExtension>
        </extensions>
      </trkpt>
      <trkpt lat="24.537358693778514862060546875" lon="118.154802024364471435546875">
        <ele>6.400000095367431640625</ele>
        <time>2026-09-09T13:30:23.000Z</time>
        <extensions>
          <ns3:TrackPointExtension>
            <ns3:hr>145</ns3:hr>
            <ns3:cad>86</ns3:cad>
          </ns3:TrackPointExtension>
        </extensions>
      </trkpt>
      <trkpt lat="24.5373377390205860137939453125" lon="118.1548340432345867156982421875">
        <ele>6.400000095367431640625</ele>
        <time>2026-09-09T13:30:24.000Z</time>
        <extensions>
          <ns3:TrackPointExtension>
            <ns3:hr>145</ns3:hr>
            <ns3:cad>87</ns3:cad>
          </ns3:TrackPointExtension>
        </extensions>
      </trkpt>
      <trkpt lat="24.53732323832809925079345703125" lon="118.1548528186976909637451171875">
        <ele>6.599999904632568359375</ele>
        <time>2026-09-09T13:30:25.000Z</time>
        <extensions>
          <ns3:TrackPointExtension>
            <ns3:hr>144</ns3:hr>
            <ns3:cad>87</ns3:cad>
          </ns3:TrackPointExtension>
        </extensions>
      </trkpt>
      <trkpt lat="24.53730027191340923309326171875" lon="118.15488450229167938232421875">
        <ele>6.599999904632568359375</ele>
        <time>2026-09-09T13:30:26.000Z</time>
        <extensions>
          <ns3:TrackPointExtension>
            <ns3:hr>144</ns3:hr>
            <ns3:cad>87</ns3:cad>
          </ns3:TrackPointExtension>
        </extensions>
      </trkpt>
      <trkpt lat="24.53728719614446163177490234375" lon="118.15490772016346454620361328125">
        <ele>6.599999904632568359375</ele>
        <time>2026-09-09T13:30:27.000Z</time>
        <extensions>
          <ns3:TrackPointExtension>
            <ns3:hr>144</ns3:hr>
            <ns3:cad>87</ns3:cad>
          </ns3:TrackPointExtension>
        </extensions>
      </trkpt>
      <trkpt lat="24.5372733660042285919189453125" lon="118.1549403257668018341064453125">
        <ele>6.599999904632568359375</ele>
        <time>2026-09-09T13:30:28.000Z</time>
        <extensions>
          <ns3:TrackPointExtension>
            <ns3:hr>143</ns3:hr>
            <ns3:cad>86</ns3:cad>
          </ns3:TrackPointExtension>
        </extensions>
      </trkpt>
      <trkpt lat="24.5372602902352809906005859375" lon="118.15497058443725109100341796875">
        <ele>6.80000019073486328125</ele>
        <time>2026-09-09T13:30:29.000Z</time>
        <extensions>
          <ns3:TrackPointExtension>
            <ns3:hr>142</ns3:hr>
            <ns3:cad>86</ns3:cad>
          </ns3:TrackPointExtension>
        </extensions>
      </trkpt>
      <trkpt lat="24.53725165687501430511474609375" lon="118.15499640069901943206787109375">
        <ele>6.80000019073486328125</ele>
        <time>2026-09-09T13:30:30.000Z</time>
        <extensions>
          <ns3:TrackPointExtension>
            <ns3:hr>142</ns3:hr>
            <ns3:cad>86</ns3:cad>
          </ns3:TrackPointExtension>
        </extensions>
      </trkpt>
      <trkpt lat="24.537226259708404541015625" lon="118.1550224684178829193115234375">
        <ele>6.80000019073486328125</ele>
        <time>2026-09-09T13:30:31.000Z</time>
        <extensions>
          <ns3:TrackPointExtension>
            <ns3:hr>143</ns3:hr>
            <ns3:cad>86</ns3:cad>
          </ns3:TrackPointExtension>
        </extensions>
      </trkpt>
      <trkpt lat="24.53721477650105953216552734375" lon="118.15504652447998523712158203125">
        <ele>6.80000019073486328125</ele>
        <time>2026-09-09T13:30:32.000Z</time>
        <extensions>
          <ns3:TrackPointExtension>
            <ns3:hr>143</ns3:hr>
            <ns3:cad>87</ns3:cad>
          </ns3:TrackPointExtension>
        </extensions>
      </trkpt>
      <trkpt lat="24.53719298355281352996826171875" lon="118.1550771184265613555908203125">
        <ele>6.80000019073486328125</ele>
        <time>2026-09-09T13:30:33.000Z</time>
        <extensions>
          <ns3:TrackPointExtension>
            <ns3:hr>144</ns3:hr>
            <ns3:cad>87</ns3:cad>
          </ns3:TrackPointExtension>
        </extensions>
      </trkpt>
      <trkpt lat="24.53718091361224651336669921875" lon="118.15510285086929798126220703125">
        <ele>6.80000019073486328125</ele>
        <time>2026-09-09T13:30:34.000Z</time>
        <extensions>
          <ns3:TrackPointExtension>
            <ns3:hr>145</ns3:hr>
            <ns3:cad>87</ns3:cad>
          </ns3:TrackPointExtension>
        </extensions>
      </trkpt>
      <trkpt lat="24.53716213814914226531982421875" lon="118.15513260662555694580078125">
        <ele>6.80000019073486328125</ele>
        <time>2026-09-09T13:30:35.000Z</time>
        <extensions>
          <ns3:TrackPointExtension>
            <ns3:hr>145</ns3:hr>
            <ns3:cad>86</ns3:cad>
          </ns3:TrackPointExtension>
        </extensions>
      </trkpt>
      <trkpt lat="24.53714839182794094085693359375" lon="118.15515540540218353271484375">
        <ele>6.80000019073486328125</ele>
        <time>2026-09-09T13:30:36.000Z</time>
        <extensions>
          <ns3:TrackPointExtension>
            <ns3:hr>146</ns3:hr>
            <ns3:cad>86</ns3:cad>
          </ns3:TrackPointExtension>
        </extensions>
      </trkpt>
      <trkpt lat="24.53713347204029560089111328125" lon="118.15518331713974475860595703125">
        <ele>6.80000019073486328125</ele>
        <time>2026-09-09T13:30:37.000Z</time>
        <extensions>
          <ns3:TrackPointExtension>
            <ns3:hr>148</ns3:hr>
            <ns3:cad>86</ns3:cad>
          </ns3:TrackPointExtension>
        </extensions>
      </trkpt>
      <trkpt lat="24.53711830079555511474609375" lon="118.15521198324859142303466796875">
        <ele>7</ele>
        <time>2026-09-09T13:30:38.000Z</time>
        <extensions>
          <ns3:TrackPointExtension>
            <ns3:hr>149</ns3:hr>
            <ns3:cad>86</ns3:cad>
          </ns3:TrackPointExtension>
        </extensions>
      </trkpt>
      <trkpt lat="24.53711033798754215240478515625" lon="118.1552445888519287109375">
        <ele>6.80000019073486328125</ele>
        <time>2026-09-09T13:30:39.000Z</time>
        <extensions>
          <ns3:TrackPointExtension>
            <ns3:hr>149</ns3:hr>
            <ns3:cad>87</ns3:cad>
          </ns3:TrackPointExtension>
        </extensions>
      </trkpt>
      <trkpt lat="24.5370899699628353118896484375" lon="118.1552769429981708526611328125">
        <ele>6.80000019073486328125</ele>
        <time>2026-09-09T13:30:40.000Z</time>
        <extensions>
          <ns3:TrackPointExtension>
            <ns3:hr>150</ns3:hr>
            <ns3:cad>87</ns3:cad>
          </ns3:TrackPointExtension>
        </extensions>
      </trkpt>
      <trkpt lat="24.53708033077418804168701171875" lon="118.15529865212738513946533203125">
        <ele>6.80000019073486328125</ele>
        <time>2026-09-09T13:30:41.000Z</time>
        <extensions>
          <ns3:TrackPointExtension>
            <ns3:hr>150</ns3:hr>
            <ns3:cad>87</ns3:cad>
          </ns3:TrackPointExtension>
        </extensions>
      </trkpt>
      <trkpt lat="24.53706289641559123992919921875" lon="118.15532832406461238861083984375">
        <ele>6.80000019073486328125</ele>
        <time>2026-09-09T13:30:42.000Z</time>
        <extensions>
          <ns3:TrackPointExtension>
            <ns3:hr>150</ns3:hr>
            <ns3:cad>87</ns3:cad>
          </ns3:TrackPointExtension>
        </extensions>
      </trkpt>
      <trkpt lat="24.53704747371375560760498046875" lon="118.155349530279636383056640625">
        <ele>6.80000019073486328125</ele>
        <time>2026-09-09T13:30:43.000Z</time>
        <extensions>
          <ns3:TrackPointExtension>
            <ns3:hr>151</ns3:hr>
            <ns3:cad>87</ns3:cad>
          </ns3:TrackPointExtension>
        </extensions>
      </trkpt>
      <trkpt lat="24.53702635131776332855224609375" lon="118.15537911839783191680908203125">
        <ele>6.80000019073486328125</ele>
        <time>2026-09-09T13:30:44.000Z</time>
        <extensions>
          <ns3:TrackPointExtension>
            <ns3:hr>151</ns3:hr>
            <ns3:cad>87</ns3:cad>
          </ns3:TrackPointExtension>
        </extensions>
      </trkpt>
      <trkpt lat="24.53702216036617755889892578125" lon="118.15540258772671222686767578125">
        <ele>7</ele>
        <time>2026-09-09T13:30:45.000Z</time>
        <extensions>
          <ns3:TrackPointExtension>
            <ns3:hr>151</ns3:hr>
            <ns3:cad>87</ns3:cad>
          </ns3:TrackPointExtension>
        </extensions>
      </trkpt>
      <trkpt lat="24.53701595775783061981201171875" lon="118.15542924217879772186279296875">
        <ele>7</ele>
        <time>2026-09-09T13:30:46.000Z</time>
        <extensions>
          <ns3:TrackPointExtension>
            <ns3:hr>151</ns3:hr>
            <ns3:cad>87</ns3:cad>
          </ns3:TrackPointExtension>
        </extensions>
      </trkpt>
      <trkpt lat="24.53700170852243900299072265625" lon="118.155460841953754425048828125">
        <ele>7</ele>
        <time>2026-09-09T13:30:47.000Z</time>
        <extensions>
          <ns3:TrackPointExtension>
            <ns3:hr>151</ns3:hr>
            <ns3:cad>87</ns3:cad>
          </ns3:TrackPointExtension>
        </extensions>
      </trkpt>
      <trkpt lat="24.53699265606701374053955078125" lon="118.1554851494729518890380859375">
        <ele>7</ele>
        <time>2026-09-09T13:30:48.000Z</time>
        <extensions>
          <ns3:TrackPointExtension>
            <ns3:hr>152</ns3:hr>
            <ns3:cad>87</ns3:cad>
          </ns3:TrackPointExtension>
        </extensions>
      </trkpt>
      <trkpt lat="24.536968432366847991943359375" lon="118.15551406703889369964599609375">
        <ele>7</ele>
        <time>2026-09-09T13:30:49.000Z</time>
        <extensions>
          <ns3:TrackPointExtension>
            <ns3:hr>152</ns3:hr>
            <ns3:cad>87</ns3:cad>
          </ns3:TrackPointExtension>
        </extensions>
      </trkpt>
      <trkpt lat="24.5369484834372997283935546875" lon="118.155535943806171417236328125">
        <ele>7</ele>
        <time>2026-09-09T13:30:50.000Z</time>
        <extensions>
          <ns3:TrackPointExtension>
            <ns3:hr>152</ns3:hr>
            <ns3:cad>86</ns3:cad>
          </ns3:TrackPointExtension>
        </extensions>
      </trkpt>
      <trkpt lat="24.53692208044230937957763671875" lon="118.15556419081985950469970703125">
        <ele>7.19999980926513671875</ele>
        <time>2026-09-09T13:30:51.000Z</time>
        <extensions>
          <ns3:TrackPointExtension>
            <ns3:hr>152</ns3:hr>
            <ns3:cad>86</ns3:cad>
          </ns3:TrackPointExtension>
        </extensions>
      </trkpt>
      <trkpt lat="24.536915458738803863525390625" lon="118.15559168346226215362548828125">
        <ele>7.400000095367431640625</ele>
        <time>2026-09-09T13:30:52.000Z</time>
        <extensions>
          <ns3:TrackPointExtension>
            <ns3:hr>153</ns3:hr>
            <ns3:cad>86</ns3:cad>
          </ns3:TrackPointExtension>
        </extensions>
      </trkpt>
      <trkpt lat="24.53689727000892162322998046875" lon="118.1556259654462337493896484375">
        <ele>7.400000095367431640625</ele>
        <time>2026-09-09T13:30:53.000Z</time>
        <extensions>
          <ns3:TrackPointExtension>
            <ns3:hr>153</ns3:hr>
            <ns3:cad>86</ns3:cad>
          </ns3:TrackPointExtension>
        </extensions>
      </trkpt>
      <trkpt lat="24.5368831045925617218017578125" lon="118.15565387718379497528076171875">
        <ele>7.400000095367431640625</ele>
        <time>2026-09-09T13:30:54.000Z</time>
        <extensions>
          <ns3:TrackPointExtension>
            <ns3:hr>153</ns3:hr>
            <ns3:cad>87</ns3:cad>
          </ns3:TrackPointExtension>
        </extensions>
      </trkpt>
      <trkpt lat="24.53687832690775394439697265625" lon="118.1556809507310390472412109375">
        <ele>7.400000095367431640625</ele>
        <time>2026-09-09T13:30:55.000Z</time>
        <extensions>
          <ns3:TrackPointExtension>
            <ns3:hr>153</ns3:hr>
            <ns3:cad>87</ns3:cad>
          </ns3:TrackPointExtension>
        </extensions>
      </trkpt>
      <trkpt lat="24.53685904853045940399169921875" lon="118.15570735372602939605712890625">
        <ele>7.400000095367431640625</ele>
        <time>2026-09-09T13:30:56.000Z</time>
        <extensions>
          <ns3:TrackPointExtension>
            <ns3:hr>153</ns3:hr>
            <ns3:cad>87</ns3:cad>
          </ns3:TrackPointExtension>
        </extensions>
      </trkpt>
      <trkpt lat="24.536853767931461334228515625" lon="118.15572612918913364410400390625">
        <ele>7.19999980926513671875</ele>
        <time>2026-09-09T13:30:57.000Z</time>
        <extensions>
          <ns3:TrackPointExtension>
            <ns3:hr>153</ns3:hr>
            <ns3:cad>86</ns3:cad>
          </ns3:TrackPointExtension>
        </extensions>
      </trkpt>
      <trkpt lat="24.53683658502995967864990234375" lon="118.15575890243053436279296875">
        <ele>7.19999980926513671875</ele>
        <time>2026-09-09T13:30:58.000Z</time>
        <extensions>
          <ns3:TrackPointExtension>
            <ns3:hr>153</ns3:hr>
            <ns3:cad>86</ns3:cad>
          </ns3:TrackPointExtension>
        </extensions>
      </trkpt>
      <trkpt lat="24.53682770021259784698486328125" lon="118.155776672065258026123046875">
        <ele>7.19999980926513671875</ele>
        <time>2026-09-09T13:30:59.000Z</time>
        <extensions>
          <ns3:TrackPointExtension>
            <ns3:hr>153</ns3:hr>
            <ns3:cad>86</ns3:cad>
          </ns3:TrackPointExtension>
        </extensions>
      </trkpt>
      <trkpt lat="24.536800794303417205810546875" lon="118.15580709837377071380615234375">
        <ele>7.400000095367431640625</ele>
        <time>2026-09-09T13:31:00.000Z</time>
        <extensions>
          <ns3:TrackPointExtension>
            <ns3:hr>153</ns3:hr>
            <ns3:cad>87</ns3:cad>
          </ns3:TrackPointExtension>
        </extensions>
      </trkpt>
      <trkpt lat="24.5367888920009136199951171875" lon="118.15582595765590667724609375">
        <ele>7.400000095367431640625</ele>
        <time>2026-09-09T13:31:01.000Z</time>
        <extensions>
          <ns3:TrackPointExtension>
            <ns3:hr>153</ns3:hr>
            <ns3:cad>87</ns3:cad>
          </ns3:TrackPointExtension>
        </extensions>
      </trkpt>
      <trkpt lat="24.53677204437553882598876953125" lon="118.15585537813603878021240234375">
        <ele>7.400000095367431640625</ele>
        <time>2026-09-09T13:31:02.000Z</time>
        <extensions>
          <ns3:TrackPointExtension>
            <ns3:hr>153</ns3:hr>
            <ns3:cad>87</ns3:cad>
          </ns3:TrackPointExtension>
        </extensions>
      </trkpt>
      <trkpt lat="24.536753855645656585693359375" lon="118.15587700344622135162353515625">
        <ele>7.400000095367431640625</ele>
        <time>2026-09-09T13:31:03.000Z</time>
        <extensions>
          <ns3:TrackPointExtension>
            <ns3:hr>152</ns3:hr>
            <ns3:cad>87</ns3:cad>
          </ns3:TrackPointExtension>
        </extensions>
      </trkpt>
      <trkpt lat="24.53673969022929668426513671875" lon="118.15590550191700458526611328125">
        <ele>7.400000095367431640625</ele>
        <time>2026-09-09T13:31:04.000Z</time>
        <extensions>
          <ns3:TrackPointExtension>
            <ns3:hr>152</ns3:hr>
            <ns3:cad>87</ns3:cad>
          </ns3:TrackPointExtension>
        </extensions>
      </trkpt>
      <trkpt lat="24.53672912903130054473876953125" lon="118.15593148581683635711669921875">
        <ele>7.400000095367431640625</ele>
        <time>2026-09-09T13:31:05.000Z</time>
        <extensions>
          <ns3:TrackPointExtension>
            <ns3:hr>152</ns3:hr>
            <ns3:cad>87</ns3:cad>
          </ns3:TrackPointExtension>
        </extensions>
      </trkpt>
      <trkpt lat="24.53672175295650959014892578125" lon="118.15595931373536586761474609375">
        <ele>7.400000095367431640625</ele>
        <time>2026-09-09T13:31:06.000Z</time>
        <extensions>
          <ns3:TrackPointExtension>
            <ns3:hr>152</ns3:hr>
            <ns3:cad>86</ns3:cad>
          </ns3:TrackPointExtension>
        </extensions>
      </trkpt>
      <trkpt lat="24.5366970263421535491943359375" lon="118.15598647110164165496826171875">
        <ele>7.400000095367431640625</ele>
        <time>2026-09-09T13:31:07.000Z</time>
        <extensions>
          <ns3:TrackPointExtension>
            <ns3:hr>152</ns3:hr>
            <ns3:cad>86</ns3:cad>
          </ns3:TrackPointExtension>
        </extensions>
      </trkpt>
      <trkpt lat="24.5366862975060939788818359375" lon="118.1560118682682514190673828125">
        <ele>7.599999904632568359375</ele>
        <time>2026-09-09T13:31:08.000Z</time>
        <extensions>
          <ns3:TrackPointExtension>
            <ns3:hr>152</ns3:hr>
            <ns3:cad>88</ns3:cad>
          </ns3:TrackPointExtension>
        </extensions>
      </trkpt>
      <trkpt lat="24.5366604812443256378173828125" lon="118.15603843890130519866943359375">
        <ele>7.599999904632568359375</ele>
        <time>2026-09-09T13:31:09.000Z</time>
        <extensions>
          <ns3:TrackPointExtension>
            <ns3:hr>151</ns3:hr>
            <ns3:cad>88</ns3:cad>
          </ns3:TrackPointExtension>
        </extensions>
      </trkpt>
      <trkpt lat="24.53664354979991912841796875" lon="118.1560588069260120391845703125">
        <ele>7.599999904632568359375</ele>
        <time>2026-09-09T13:31:10.000Z</time>
        <extensions>
          <ns3:TrackPointExtension>
            <ns3:hr>151</ns3:hr>
            <ns3:cad>88</ns3:cad>
          </ns3:TrackPointExtension>
        </extensions>
      </trkpt>
      <trkpt lat="24.5366111956536769866943359375" lon="118.1560859642922878265380859375">
        <ele>7.599999904632568359375</ele>
        <time>2026-09-09T13:31:11.000Z</time>
        <extensions>
          <ns3:TrackPointExtension>
            <ns3:hr>151</ns3:hr>
            <ns3:cad>87</ns3:cad>
          </ns3:TrackPointExtension>
        </extensions>
      </trkpt>
      <trkpt lat="24.53658998943865299224853515625" lon="118.15610348246991634368896484375">
        <ele>7.599999904632568359375</ele>
        <time>2026-09-09T13:31:12.000Z</time>
        <extensions>
          <ns3:TrackPointExtension>
            <ns3:hr>151</ns3:hr>
            <ns3:cad>87</ns3:cad>
          </ns3:TrackPointExtension>
        </extensions>
      </trkpt>
      <trkpt lat="24.53656065277755260467529296875" lon="118.1561231799423694610595703125">
        <ele>7.599999904632568359375</ele>
        <time>2026-09-09T13:31:13.000Z</time>
        <extensions>
          <ns3:TrackPointExtension>
            <ns3:hr>151</ns3:hr>
            <ns3:cad>86</ns3:cad>
          </ns3:TrackPointExtension>
        </extensions>
      </trkpt>
      <trkpt lat="24.5365283824503421783447265625" lon="118.15613307058811187744140625">
        <ele>7.599999904632568359375</ele>
        <time>2026-09-09T13:31:14.000Z</time>
        <extensions>
          <ns3:TrackPointExtension>
            <ns3:hr>151</ns3:hr>
            <ns3:cad>86</ns3:cad>
          </ns3:TrackPointExtension>
        </extensions>
      </trkpt>
      <trkpt lat="24.536501057446002960205078125" lon="118.15613717772066593170166015625">
        <ele>7.599999904632568359375</ele>
        <time>2026-09-09T13:31:15.000Z</time>
        <extensions>
          <ns3:TrackPointExtension>
            <ns3:hr>150</ns3:hr>
            <ns3:cad>87</ns3:cad>
          </ns3:TrackPointExtension>
        </extensions>
      </trkpt>
      <trkpt lat="24.536464512348175048828125" lon="118.156134746968746185302734375">
        <ele>7.80000019073486328125</ele>
        <time>2026-09-09T13:31:16.000Z</time>
        <extensions>
          <ns3:TrackPointExtension>
            <ns3:hr>150</ns3:hr>
            <ns3:cad>87</ns3:cad>
          </ns3:TrackPointExtension>
        </extensions>
      </trkpt>
      <trkpt lat="24.53643743880093097686767578125" lon="118.1561372615396976470947265625">
        <ele>7.80000019073486328125</ele>
        <time>2026-09-09T13:31:17.000Z</time>
        <extensions>
          <ns3:TrackPointExtension>
            <ns3:hr>150</ns3:hr>
            <ns3:cad>87</ns3:cad>
          </ns3:TrackPointExtension>
        </extensions>
      </trkpt>
      <trkpt lat="24.5364041626453399658203125" lon="118.15612695179879665374755859375">
        <ele>7.80000019073486328125</ele>
        <time>2026-09-09T13:31:18.000Z</time>
        <extensions>
          <ns3:TrackPointExtension>
            <ns3:hr>150</ns3:hr>
            <ns3:cad>87</ns3:cad>
          </ns3:TrackPointExtension>
        </extensions>
      </trkpt>
      <trkpt lat="24.53637977130711078643798828125" lon="118.1561245210468769073486328125">
        <ele>8</ele>
        <time>2026-09-09T13:31:19.000Z</time>
        <extensions>
          <ns3:TrackPointExtension>
            <ns3:hr>150</ns3:hr>
            <ns3:cad>86</ns3:cad>
          </ns3:TrackPointExtension>
        </extensions>
      </trkpt>
      <trkpt lat="24.5363496802747249603271484375" lon="118.15610683523118495941162109375">
        <ele>8</ele>
        <time>2026-09-09T13:31:20.000Z</time>
        <extensions>
          <ns3:TrackPointExtension>
            <ns3:hr>150</ns3:hr>
            <ns3:cad>86</ns3:cad>
          </ns3:TrackPointExtension>
        </extensions>
      </trkpt>
      <trkpt lat="24.536330737173557281494140625" lon="118.15609593875706195831298828125">
        <ele>8</ele>
        <time>2026-09-09T13:31:21.000Z</time>
        <extensions>
          <ns3:TrackPointExtension>
            <ns3:hr>150</ns3:hr>
            <ns3:cad>86</ns3:cad>
          </ns3:TrackPointExtension>
        </extensions>
      </trkpt>
      <trkpt lat="24.5363027416169643402099609375" lon="118.156074397265911102294921875">
        <ele>8</ele>
        <time>2026-09-09T13:31:22.000Z</time>
        <extensions>
          <ns3:TrackPointExtension>
            <ns3:hr>150</ns3:hr>
            <ns3:cad>87</ns3:cad>
          </ns3:TrackPointExtension>
        </extensions>
      </trkpt>
      <trkpt lat="24.5362775959074497222900390625" lon="118.15605570562183856964111328125">
        <ele>8</ele>
        <time>2026-09-09T13:31:23.000Z</time>
        <extensions>
          <ns3:TrackPointExtension>
            <ns3:hr>150</ns3:hr>
            <ns3:cad>88</ns3:cad>
          </ns3:TrackPointExtension>
        </extensions>
      </trkpt>
      <trkpt lat="24.53624901361763477325439453125" lon="118.15603894181549549102783203125">
        <ele>8</ele>
        <time>2026-09-09T13:31:24.000Z</time>
        <extensions>
          <ns3:TrackPointExtension>
            <ns3:hr>149</ns3:hr>
            <ns3:cad>88</ns3:cad>
          </ns3:TrackPointExtension>
        </extensions>
      </trkpt>
      <trkpt lat="24.53621665947139263153076171875" lon="118.15601773560047149658203125">
        <ele>8</ele>
        <time>2026-09-09T13:31:25.000Z</time>
        <extensions>
          <ns3:TrackPointExtension>
            <ns3:hr>149</ns3:hr>
            <ns3:cad>88</ns3:cad>
          </ns3:TrackPointExtension>
        </extensions>
      </trkpt>
      <trkpt lat="24.53619025647640228271484375" lon="118.1560075096786022186279296875">
        <ele>8</ele>
        <time>2026-09-09T13:31:26.000Z</time>
        <extensions>
          <ns3:TrackPointExtension>
            <ns3:hr>149</ns3:hr>
            <ns3:cad>87</ns3:cad>
          </ns3:TrackPointExtension>
        </extensions>
      </trkpt>
      <trkpt lat="24.536157734692096710205078125" lon="118.1559810228645801544189453125">
        <ele>8</ele>
        <time>2026-09-09T13:31:27.000Z</time>
        <extensions>
          <ns3:TrackPointExtension>
            <ns3:hr>149</ns3:hr>
            <ns3:cad>87</ns3:cad>
          </ns3:TrackPointExtension>
        </extensions>
      </trkpt>
      <trkpt lat="24.536132924258708953857421875" lon="118.1559741497039794921875">
        <ele>8</ele>
        <time>2026-09-09T13:31:28.000Z</time>
        <extensions>
          <ns3:TrackPointExtension>
            <ns3:hr>149</ns3:hr>
            <ns3:cad>86</ns3:cad>
          </ns3:TrackPointExtension>
        </extensions>
      </trkpt>
      <trkpt lat="24.53610400669276714324951171875" lon="118.15595210529863834381103515625">
        <ele>8</ele>
        <time>2026-09-09T13:31:29.000Z</time>
        <extensions>
          <ns3:TrackPointExtension>
            <ns3:hr>149</ns3:hr>
            <ns3:cad>86</ns3:cad>
          </ns3:TrackPointExtension>
        </extensions>
      </trkpt>
      <trkpt lat="24.53608506359159946441650390625" lon="118.1559280492365360260009765625">
        <ele>8</ele>
        <time>2026-09-09T13:31:30.000Z</time>
        <extensions>
          <ns3:TrackPointExtension>
            <ns3:hr>149</ns3:hr>
            <ns3:cad>87</ns3:cad>
          </ns3:TrackPointExtension>
        </extensions>
      </trkpt>
      <trkpt lat="24.53606151044368743896484375" lon="118.15590986050665378570556640625">
        <ele>8.19999980926513671875</ele>
        <time>2026-09-09T13:31:31.000Z</time>
        <extensions>
          <ns3:TrackPointExtension>
            <ns3:hr>149</ns3:hr>
            <ns3:cad>87</ns3:cad>
          </ns3:TrackPointExtension>
        </extensions>
      </trkpt>
      <trkpt lat="24.53603996895253658294677734375" lon="118.15588572062551975250244140625">
        <ele>8</ele>
        <time>2026-09-09T13:31:32.000Z</time>
        <extensions>
          <ns3:TrackPointExtension>
            <ns3:hr>150</ns3:hr>
            <ns3:cad>87</ns3:cad>
          </ns3:TrackPointExtension>
        </extensions>
      </trkpt>
      <trkpt lat="24.53601247631013393402099609375" lon="118.15587784163653850555419921875">
        <ele>8.19999980926513671875</ele>
        <time>2026-09-09T13:31:33.000Z</time>
        <extensions>
          <ns3:TrackPointExtension>
            <ns3:hr>150</ns3:hr>
            <ns3:cad>87</ns3:cad>
          </ns3:TrackPointExtension>
        </extensions>
      </trkpt>
      <trkpt lat="24.5359859056770801544189453125" lon="118.15585655160248279571533203125">
        <ele>8.3999996185302734375</ele>
        <time>2026-09-09T13:31:34.000Z</time>
        <extensions>
          <ns3:TrackPointExtension>
            <ns3:hr>150</ns3:hr>
            <ns3:cad>85</ns3:cad>
          </ns3:TrackPointExtension>
        </extensions>
      </trkpt>
      <trkpt lat="24.53596469946205615997314453125" lon="118.15584749914705753326416015625">
        <ele>8.6000003814697265625</ele>
        <time>2026-09-09T13:31:35.000Z</time>
        <extensions>
          <ns3:TrackPointExtension>
            <ns3:hr>149</ns3:hr>
            <ns3:cad>85</ns3:cad>
          </ns3:TrackPointExtension>
        </extensions>
      </trkpt>
      <trkpt lat="24.53593720681965351104736328125" lon="118.15581631846725940704345703125">
        <ele>8.3999996185302734375</ele>
        <time>2026-09-09T13:31:36.000Z</time>
        <extensions>
          <ns3:TrackPointExtension>
            <ns3:hr>149</ns3:hr>
            <ns3:cad>86</ns3:cad>
          </ns3:TrackPointExtension>
        </extensions>
      </trkpt>
      <trkpt lat="24.5359181798994541168212890625" lon="118.15580424852669239044189453125">
        <ele>8.3999996185302734375</ele>
        <time>2026-09-09T13:31:37.000Z</time>
        <extensions>
          <ns3:TrackPointExtension>
            <ns3:hr>150</ns3:hr>
            <ns3:cad>87</ns3:cad>
          </ns3:TrackPointExtension>
        </extensions>
      </trkpt>
      <trkpt lat="24.53588674776256084442138671875" lon="118.1557805277407169342041015625">
        <ele>8.3999996185302734375</ele>
        <time>2026-09-09T13:31:38.000Z</time>
        <extensions>
          <ns3:TrackPointExtension>
            <ns3:hr>150</ns3:hr>
            <ns3:cad>87</ns3:cad>
          </ns3:TrackPointExtension>
        </extensions>
      </trkpt>
      <trkpt lat="24.53586881048977375030517578125" lon="118.1557610817253589630126953125">
        <ele>8.19999980926513671875</ele>
        <time>2026-09-09T13:31:39.000Z</time>
        <extensions>
          <ns3:TrackPointExtension>
            <ns3:hr>150</ns3:hr>
            <ns3:cad>87</ns3:cad>
          </ns3:TrackPointExtension>
        </extensions>
      </trkpt>
      <trkpt lat="24.5358424074947834014892578125" lon="118.1557476706802845001220703125">
        <ele>8</ele>
        <time>2026-09-09T13:31:40.000Z</time>
        <extensions>
          <ns3:TrackPointExtension>
            <ns3:hr>149</ns3:hr>
            <ns3:cad>87</ns3:cad>
          </ns3:TrackPointExtension>
        </extensions>
      </trkpt>
      <trkpt lat="24.53581742942333221435546875" lon="118.1557235307991504669189453125">
        <ele>8</ele>
        <time>2026-09-09T13:31:41.000Z</time>
        <extensions>
          <ns3:TrackPointExtension>
            <ns3:hr>150</ns3:hr>
            <ns3:cad>87</ns3:cad>
          </ns3:TrackPointExtension>
        </extensions>
      </trkpt>
      <trkpt lat="24.53578867949545383453369140625" lon="118.15571707673370838165283203125">
        <ele>8</ele>
        <time>2026-09-09T13:31:42.000Z</time>
        <extensions>
          <ns3:TrackPointExtension>
            <ns3:hr>150</ns3:hr>
            <ns3:cad>87</ns3:cad>
          </ns3:TrackPointExtension>
        </extensions>
      </trkpt>
      <trkpt lat="24.53575649298727512359619140625" lon="118.155697546899318695068359375">
        <ele>8</ele>
        <time>2026-09-09T13:31:43.000Z</time>
        <extensions>
          <ns3:TrackPointExtension>
            <ns3:hr>150</ns3:hr>
            <ns3:cad>86</ns3:cad>
          </ns3:TrackPointExtension>
        </extensions>
      </trkpt>
      <trkpt lat="24.53573000617325305938720703125" lon="118.155692517757415771484375">
        <ele>8.19999980926513671875</ele>
        <time>2026-09-09T13:31:44.000Z</time>
        <extensions>
          <ns3:TrackPointExtension>
            <ns3:hr>150</ns3:hr>
            <ns3:cad>86</ns3:cad>
          </ns3:TrackPointExtension>
        </extensions>
      </trkpt>
      <trkpt lat="24.53569941222667694091796875" lon="118.155673407018184661865234375">
        <ele>8.19999980926513671875</ele>
        <time>2026-09-09T13:31:45.000Z</time>
        <extensions>
          <ns3:TrackPointExtension>
            <ns3:hr>150</ns3:hr>
            <ns3:cad>86</ns3:cad>
          </ns3:TrackPointExtension>
        </extensions>
      </trkpt>
      <trkpt lat="24.53567787073552608489990234375" lon="118.1556672044098377227783203125">
        <ele>8.19999980926513671875</ele>
        <time>2026-09-09T13:31:46.000Z</time>
        <extensions>
          <ns3:TrackPointExtension>
            <ns3:hr>150</ns3:hr>
            <ns3:cad>86</ns3:cad>
          </ns3:TrackPointExtension>
        </extensions>
      </trkpt>
      <trkpt lat="24.5356464385986328125" lon="118.15565027296543121337890625">
        <ele>8.19999980926513671875</ele>
        <time>2026-09-09T13:31:47.000Z</time>
        <extensions>
          <ns3:TrackPointExtension>
            <ns3:hr>150</ns3:hr>
            <ns3:cad>87</ns3:cad>
          </ns3:TrackPointExtension>
        </extensions>
      </trkpt>
      <trkpt lat="24.53562255017459392547607421875" lon="118.15563627518713474273681640625">
        <ele>8.19999980926513671875</ele>
        <time>2026-09-09T13:31:48.000Z</time>
        <extensions>
          <ns3:TrackPointExtension>
            <ns3:hr>150</ns3:hr>
            <ns3:cad>86</ns3:cad>
          </ns3:TrackPointExtension>
        </extensions>
      </trkpt>
      <trkpt lat="24.5355969853699207305908203125" lon="118.15562521107494831085205078125">
        <ele>8.19999980926513671875</ele>
        <time>2026-09-09T13:31:49.000Z</time>
        <extensions>
          <ns3:TrackPointExtension>
            <ns3:hr>151</ns3:hr>
            <ns3:cad>87</ns3:cad>
          </ns3:TrackPointExtension>
        </extensions>
      </trkpt>
      <trkpt lat="24.53556639142334461212158203125" lon="118.15560811199247837066650390625">
        <ele>8.3999996185302734375</ele>
        <time>2026-09-09T13:31:50.000Z</time>
        <extensions>
          <ns3:TrackPointExtension>
            <ns3:hr>150</ns3:hr>
            <ns3:cad>86</ns3:cad>
          </ns3:TrackPointExtension>
        </extensions>
      </trkpt>
      <trkpt lat="24.53553889878094196319580078125" lon="118.15560341812670230865478515625">
        <ele>8.19999980926513671875</ele>
        <time>2026-09-09T13:31:51.000Z</time>
        <extensions>
          <ns3:TrackPointExtension>
            <ns3:hr>150</ns3:hr>
            <ns3:cad>86</ns3:cad>
          </ns3:TrackPointExtension>
        </extensions>
      </trkpt>
      <trkpt lat="24.535505957901477813720703125" lon="118.15558397211134433746337890625">
        <ele>8.3999996185302734375</ele>
        <time>2026-09-09T13:31:52.000Z</time>
        <extensions>
          <ns3:TrackPointExtension>
            <ns3:hr>150</ns3:hr>
            <ns3:cad>87</ns3:cad>
          </ns3:TrackPointExtension>
        </extensions>
      </trkpt>
      <trkpt lat="24.53548475168645381927490234375" lon="118.15557508729398250579833984375">
        <ele>8.3999996185302734375</ele>
        <time>2026-09-09T13:31:53.000Z</time>
        <extensions>
          <ns3:TrackPointExtension>
            <ns3:hr>150</ns3:hr>
            <ns3:cad>87</ns3:cad>
          </ns3:TrackPointExtension>
        </extensions>
      </trkpt>
      <trkpt lat="24.53545457683503627777099609375" lon="118.15555027686059474945068359375">
        <ele>8.3999996185302734375</ele>
        <time>2026-09-09T13:31:54.000Z</time>
        <extensions>
          <ns3:TrackPointExtension>
            <ns3:hr>151</ns3:hr>
            <ns3:cad>87</ns3:cad>
          </ns3:TrackPointExtension>
        </extensions>
      </trkpt>
      <trkpt lat="24.53543529845774173736572265625" lon="118.155534602701663970947265625">
        <ele>8.3999996185302734375</ele>
        <time>2026-09-09T13:31:55.000Z</time>
        <extensions>
          <ns3:TrackPointExtension>
            <ns3:hr>151</ns3:hr>
            <ns3:cad>85</ns3:cad>
          </ns3:TrackPointExtension>
        </extensions>
      </trkpt>
      <trkpt lat="24.53540998511016368865966796875" lon="118.1555170007050037384033203125">
        <ele>8.3999996185302734375</ele>
        <time>2026-09-09T13:31:56.000Z</time>
        <extensions>
          <ns3:TrackPointExtension>
            <ns3:hr>150</ns3:hr>
            <ns3:cad>85</ns3:cad>
          </ns3:TrackPointExtension>
        </extensions>
      </trkpt>
      <trkpt lat="24.5353830792009830474853515625" lon="118.15549830906093120574951171875">
        <ele>8.3999996185302734375</ele>
        <time>2026-09-09T13:31:57.000Z</time>
        <extensions>
          <ns3:TrackPointExtension>
            <ns3:hr>150</ns3:hr>
            <ns3:cad>86</ns3:cad>
          </ns3:TrackPointExtension>
        </extensions>
      </trkpt>
      <trkpt lat="24.53535617329180240631103515625" lon="118.15549043007194995880126953125">
        <ele>8.3999996185302734375</ele>
        <time>2026-09-09T13:31:58.000Z</time>
        <extensions>
          <ns3:TrackPointExtension>
            <ns3:hr>150</ns3:hr>
            <ns3:cad>86</ns3:cad>
          </ns3:TrackPointExtension>
        </extensions>
      </trkpt>
      <trkpt lat="24.53532817773520946502685546875" lon="118.15547467209398746490478515625">
        <ele>8.3999996185302734375</ele>
        <time>2026-09-09T13:31:59.000Z</time>
        <extensions>
          <ns3:TrackPointExtension>
            <ns3:hr>151</ns3:hr>
            <ns3:cad>87</ns3:cad>
          </ns3:TrackPointExtension>
        </extensions>
      </trkpt>
      <trkpt lat="24.535306803882122039794921875" lon="118.15547115169465541839599609375">
        <ele>8.3999996185302734375</ele>
        <time>2026-09-09T13:32:00.000Z</time>
        <extensions>
          <ns3:TrackPointExtension>
            <ns3:hr>150</ns3:hr>
            <ns3:cad>87</ns3:cad>
          </ns3:TrackPointExtension>
        </extensions>
      </trkpt>
      <trkpt lat="24.535275287926197052001953125" lon="118.15545673482120037078857421875">
        <ele>8.3999996185302734375</ele>
        <time>2026-09-09T13:32:01.000Z</time>
        <extensions>
          <ns3:TrackPointExtension>
            <ns3:hr>150</ns3:hr>
            <ns3:cad>87</ns3:cad>
          </ns3:TrackPointExtension>
        </extensions>
      </trkpt>
      <trkpt lat="24.53525441698729991912841796875" lon="118.15545237623155117034912109375">
        <ele>8.3999996185302734375</ele>
        <time>2026-09-09T13:32:02.000Z</time>
        <extensions>
          <ns3:TrackPointExtension>
            <ns3:hr>150</ns3:hr>
            <ns3:cad>87</ns3:cad>
          </ns3:TrackPointExtension>
        </extensions>
      </trkpt>
      <trkpt lat="24.53522876836359500885009765625" lon="118.1554224528372287750244140625">
        <ele>8.3999996185302734375</ele>
        <time>2026-09-09T13:32:03.000Z</time>
        <extensions>
          <ns3:TrackPointExtension>
            <ns3:hr>150</ns3:hr>
            <ns3:cad>86</ns3:cad>
          </ns3:TrackPointExtension>
        </extensions>
      </trkpt>
      <trkpt lat="24.53521133400499820709228515625" lon="118.1554066948592662811279296875">
        <ele>8.3999996185302734375</ele>
        <time>2026-09-09T13:32:04.000Z</time>
        <extensions>
          <ns3:TrackPointExtension>
            <ns3:hr>150</ns3:hr>
            <ns3:cad>86</ns3:cad>
          </ns3:TrackPointExtension>
        </extensions>
      </trkpt>
      <trkpt lat="24.5351899601519107818603515625" lon="118.1553775258362293243408203125">
        <ele>8.3999996185302734375</ele>
        <time>2026-09-09T13:32:05.000Z</time>
        <extensions>
          <ns3:TrackPointExtension>
            <ns3:hr>150</ns3:hr>
            <ns3:cad>86</ns3:cad>
          </ns3:TrackPointExtension>
        </extensions>
      </trkpt>
      <trkpt lat="24.53517361544072628021240234375" lon="118.1553500331938266754150390625">
        <ele>8.3999996185302734375</ele>
        <time>2026-09-09T13:32:06.000Z</time>
        <extensions>
          <ns3:TrackPointExtension>
            <ns3:hr>150</ns3:hr>
            <ns3:cad>88</ns3:cad>
          </ns3:TrackPointExtension>
        </extensions>
      </trkpt>
      <trkpt lat="24.53515031374990940093994140625" lon="118.15533645451068878173828125">
        <ele>8.6000003814697265625</ele>
        <time>2026-09-09T13:32:07.000Z</time>
        <extensions>
          <ns3:TrackPointExtension>
            <ns3:hr>149</ns3:hr>
            <ns3:cad>88</ns3:cad>
          </ns3:TrackPointExtension>
        </extensions>
      </trkpt>
      <trkpt lat="24.53512416221201419830322265625" lon="118.1553205288946628570556640625">
        <ele>8.6000003814697265625</ele>
        <time>2026-09-09T13:32:08.000Z</time>
        <extensions>
          <ns3:TrackPointExtension>
            <ns3:hr>149</ns3:hr>
            <ns3:cad>88</ns3:cad>
          </ns3:TrackPointExtension>
        </extensions>
      </trkpt>
      <trkpt lat="24.53509717248380184173583984375" lon="118.15531390719115734100341796875">
        <ele>8.6000003814697265625</ele>
        <time>2026-09-09T13:32:09.000Z</time>
        <extensions>
          <ns3:TrackPointExtension>
            <ns3:hr>149</ns3:hr>
            <ns3:cad>87</ns3:cad>
          </ns3:TrackPointExtension>
        </extensions>
      </trkpt>
      <trkpt lat="24.53506180085241794586181640625" lon="118.155300579965114593505859375">
        <ele>8.6000003814697265625</ele>
        <time>2026-09-09T13:32:10.000Z</time>
        <extensions>
          <ns3:TrackPointExtension>
            <ns3:hr>149</ns3:hr>
            <ns3:cad>86</ns3:cad>
          </ns3:TrackPointExtension>
        </extensions>
      </trkpt>
      <trkpt lat="24.53504025936126708984375" lon="118.15530334599316120147705078125">
        <ele>8.6000003814697265625</ele>
        <time>2026-09-09T13:32:11.000Z</time>
        <extensions>
          <ns3:TrackPointExtension>
            <ns3:hr>148</ns3:hr>
            <ns3:cad>86</ns3:cad>
          </ns3:TrackPointExtension>
        </extensions>
      </trkpt>
      <trkpt lat="24.53500664792954921722412109375" lon="118.1552883423864841461181640625">
        <ele>8.6000003814697265625</ele>
        <time>2026-09-09T13:32:12.000Z</time>
        <extensions>
          <ns3:TrackPointExtension>
            <ns3:hr>148</ns3:hr>
            <ns3:cad>86</ns3:cad>
          </ns3:TrackPointExtension>
        </extensions>
      </trkpt>
      <trkpt lat="24.53498519025743007659912109375" lon="118.15528121776878833770751953125">
        <ele>8.6000003814697265625</ele>
        <time>2026-09-09T13:32:13.000Z</time>
        <extensions>
          <ns3:TrackPointExtension>
            <ns3:hr>148</ns3:hr>
            <ns3:cad>86</ns3:cad>
          </ns3:TrackPointExtension>
        </extensions>
      </trkpt>
      <trkpt lat="24.53495635651051998138427734375" lon="118.1552699021995067596435546875">
        <ele>8.80000019073486328125</ele>
        <time>2026-09-09T13:32:14.000Z</time>
        <extensions>
          <ns3:TrackPointExtension>
            <ns3:hr>149</ns3:hr>
            <ns3:cad>87</ns3:cad>
          </ns3:TrackPointExtension>
        </extensions>
      </trkpt>
      <trkpt lat="24.5349316298961639404296875" lon="118.1552574969828128814697265625">
        <ele>8.80000019073486328125</ele>
        <time>2026-09-09T13:32:15.000Z</time>
        <extensions>
          <ns3:TrackPointExtension>
            <ns3:hr>148</ns3:hr>
            <ns3:cad>87</ns3:cad>
          </ns3:TrackPointExtension>
        </extensions>
      </trkpt>
      <trkpt lat="24.53490187413990497589111328125" lon="118.15525808371603488922119140625">
        <ele>8.80000019073486328125</ele>
        <time>2026-09-09T13:32:16.000Z</time>
        <extensions>
          <ns3:TrackPointExtension>
            <ns3:hr>148</ns3:hr>
            <ns3:cad>87</ns3:cad>
          </ns3:TrackPointExtension>
        </extensions>
      </trkpt>
      <trkpt lat="24.53486767597496509552001953125" lon="118.1552539765834808349609375">
        <ele>8.80000019073486328125</ele>
        <time>2026-09-09T13:32:17.000Z</time>
        <extensions>
          <ns3:TrackPointExtension>
            <ns3:hr>148</ns3:hr>
            <ns3:cad>87</ns3:cad>
          </ns3:TrackPointExtension>
        </extensions>
      </trkpt>
      <trkpt lat="24.5348436199128627777099609375" lon="118.15525741316378116607666015625">
        <ele>8.80000019073486328125</ele>
        <time>2026-09-09T13:32:18.000Z</time>
        <extensions>
          <ns3:TrackPointExtension>
            <ns3:hr>148</ns3:hr>
            <ns3:cad>87</ns3:cad>
          </ns3:TrackPointExtension>
        </extensions>
      </trkpt>
      <trkpt lat="24.53481025993824005126953125" lon="118.155254982411861419677734375">
        <ele>8.80000019073486328125</ele>
        <time>2026-09-09T13:32:19.000Z</time>
        <extensions>
          <ns3:TrackPointExtension>
            <ns3:hr>148</ns3:hr>
            <ns3:cad>86</ns3:cad>
          </ns3:TrackPointExtension>
        </extensions>
      </trkpt>
      <trkpt lat="24.534788466989994049072265625" lon="118.1552615202963352203369140625">
        <ele>8.80000019073486328125</ele>
        <time>2026-09-09T13:32:20.000Z</time>
        <extensions>
          <ns3:TrackPointExtension>
            <ns3:hr>147</ns3:hr>
            <ns3:cad>86</ns3:cad>
          </ns3:TrackPointExtension>
        </extensions>
      </trkpt>
      <trkpt lat="24.53475703485310077667236328125" lon="118.1552652083337306976318359375">
        <ele>9</ele>
        <time>2026-09-09T13:32:21.000Z</time>
        <extensions>
          <ns3:TrackPointExtension>
            <ns3:hr>147</ns3:hr>
            <ns3:cad>86</ns3:cad>
          </ns3:TrackPointExtension>
        </extensions>
      </trkpt>
      <trkpt lat="24.53473658300936222076416015625" lon="118.15526696853339672088623046875">
        <ele>9</ele>
        <time>2026-09-09T13:32:22.000Z</time>
        <extensions>
          <ns3:TrackPointExtension>
            <ns3:hr>147</ns3:hr>
            <ns3:cad>86</ns3:cad>
          </ns3:TrackPointExtension>
        </extensions>
      </trkpt>
      <trkpt lat="24.5347078330814838409423828125" lon="118.15528146922588348388671875">
        <ele>9</ele>
        <time>2026-09-09T13:32:23.000Z</time>
        <extensions>
          <ns3:TrackPointExtension>
            <ns3:hr>147</ns3:hr>
            <ns3:cad>86</ns3:cad>
          </ns3:TrackPointExtension>
        </extensions>
      </trkpt>
      <trkpt lat="24.53467774204909801483154296875" lon="118.155290186405181884765625">
        <ele>9</ele>
        <time>2026-09-09T13:32:24.000Z</time>
        <extensions>
          <ns3:TrackPointExtension>
            <ns3:hr>147</ns3:hr>
            <ns3:cad>86</ns3:cad>
          </ns3:TrackPointExtension>
        </extensions>
      </trkpt>
      <trkpt lat="24.53465402126312255859375" lon="118.155302591621875762939453125">
        <ele>9</ele>
        <time>2026-09-09T13:32:25.000Z</time>
        <extensions>
          <ns3:TrackPointExtension>
            <ns3:hr>147</ns3:hr>
            <ns3:cad>86</ns3:cad>
          </ns3:TrackPointExtension>
        </extensions>
      </trkpt>
      <trkpt lat="24.53462426550686359405517578125" lon="118.15531088970601558685302734375">
        <ele>9</ele>
        <time>2026-09-09T13:32:26.000Z</time>
        <extensions>
          <ns3:TrackPointExtension>
            <ns3:hr>148</ns3:hr>
            <ns3:cad>86</ns3:cad>
          </ns3:TrackPointExtension>
        </extensions>
      </trkpt>
      <trkpt lat="24.5345998741686344146728515625" lon="118.15532396547496318817138671875">
        <ele>9.19999980926513671875</ele>
        <time>2026-09-09T13:32:27.000Z</time>
        <extensions>
          <ns3:TrackPointExtension>
            <ns3:hr>147</ns3:hr>
            <ns3:cad>86</ns3:cad>
          </ns3:TrackPointExtension>
        </extensions>
      </trkpt>
      <trkpt lat="24.534566514194011688232421875" lon="118.15533016808331012725830078125">
        <ele>9.19999980926513671875</ele>
        <time>2026-09-09T13:32:28.000Z</time>
        <extensions>
          <ns3:TrackPointExtension>
            <ns3:hr>148</ns3:hr>
            <ns3:cad>87</ns3:cad>
          </ns3:TrackPointExtension>
        </extensions>
      </trkpt>
      <trkpt lat="24.53454564325511455535888671875" lon="118.15534139983355998992919921875">
        <ele>9.19999980926513671875</ele>
        <time>2026-09-09T13:32:29.000Z</time>
        <extensions>
          <ns3:TrackPointExtension>
            <ns3:hr>148</ns3:hr>
            <ns3:cad>87</ns3:cad>
          </ns3:TrackPointExtension>
        </extensions>
      </trkpt>
      <trkpt lat="24.5345106907188892364501953125" lon="118.15535363741219043731689453125">
        <ele>9.19999980926513671875</ele>
        <time>2026-09-09T13:32:30.000Z</time>
        <extensions>
          <ns3:TrackPointExtension>
            <ns3:hr>148</ns3:hr>
            <ns3:cad>87</ns3:cad>
          </ns3:TrackPointExtension>
        </extensions>
      </trkpt>
      <trkpt lat="24.53448981977999210357666015625" lon="118.155354559421539306640625">
        <ele>9</ele>
        <time>2026-09-09T13:32:31.000Z</time>
        <extensions>
          <ns3:TrackPointExtension>
            <ns3:hr>148</ns3:hr>
            <ns3:cad>87</ns3:cad>
          </ns3:TrackPointExtension>
        </extensions>
      </trkpt>
      <trkpt lat="24.53445930965244770050048828125" lon="118.1553674675524234771728515625">
        <ele>9.19999980926513671875</ele>
        <time>2026-09-09T13:32:32.000Z</time>
        <extensions>
          <ns3:TrackPointExtension>
            <ns3:hr>147</ns3:hr>
            <ns3:cad>87</ns3:cad>
          </ns3:TrackPointExtension>
        </extensions>
      </trkpt>
      <trkpt lat="24.53443114645779132843017578125" lon="118.15537241287529468536376953125">
        <ele>9.19999980926513671875</ele>
        <time>2026-09-09T13:32:33.000Z</time>
        <extensions>
          <ns3:TrackPointExtension>
            <ns3:hr>147</ns3:hr>
            <ns3:cad>87</ns3:cad>
          </ns3:TrackPointExtension>
        </extensions>
      </trkpt>
      <trkpt lat="24.534403569996356964111328125" lon="118.1553818844258785247802734375">
        <ele>9.19999980926513671875</ele>
        <time>2026-09-09T13:32:34.000Z</time>
        <extensions>
          <ns3:TrackPointExtension>
            <ns3:hr>147</ns3:hr>
            <ns3:cad>86</ns3:cad>
          </ns3:TrackPointExtension>
        </extensions>
      </trkpt>
      <trkpt lat="24.534365348517894744873046875" lon="118.1553827226161956787109375">
        <ele>9.19999980926513671875</ele>
        <time>2026-09-09T13:32:35.000Z</time>
        <extensions>
          <ns3:TrackPointExtension>
            <ns3:hr>148</ns3:hr>
            <ns3:cad>86</ns3:cad>
          </ns3:TrackPointExtension>
        </extensions>
      </trkpt>
      <trkpt lat="24.53434146009385585784912109375" lon="118.15538364462554454803466796875">
        <ele>9.19999980926513671875</ele>
        <time>2026-09-09T13:32:36.000Z</time>
        <extensions>
          <ns3:TrackPointExtension>
            <ns3:hr>148</ns3:hr>
            <ns3:cad>86</ns3:cad>
          </ns3:TrackPointExtension>
        </extensions>
      </trkpt>
      <trkpt lat="24.53430457971990108489990234375" lon="118.15538180060684680938720703125">
        <ele>9.19999980926513671875</ele>
        <time>2026-09-09T13:32:37.000Z</time>
        <extensions>
          <ns3:TrackPointExtension>
            <ns3:hr>148</ns3:hr>
            <ns3:cad>86</ns3:cad>
          </ns3:TrackPointExtension>
        </extensions>
      </trkpt>
      <trkpt lat="24.53428052365779876708984375" lon="118.15538347698748111724853515625">
        <ele>9.19999980926513671875</ele>
        <time>2026-09-09T13:32:38.000Z</time>
        <extensions>
          <ns3:TrackPointExtension>
            <ns3:hr>148</ns3:hr>
            <ns3:cad>86</ns3:cad>
          </ns3:TrackPointExtension>
        </extensions>
      </trkpt>
      <trkpt lat="24.5342498458921909332275390625" lon="118.15538473427295684814453125">
        <ele>9.19999980926513671875</ele>
        <time>2026-09-09T13:32:39.000Z</time>
        <extensions>
          <ns3:TrackPointExtension>
            <ns3:hr>148</ns3:hr>
            <ns3:cad>85</ns3:cad>
          </ns3:TrackPointExtension>
        </extensions>
      </trkpt>
      <trkpt lat="24.5342176593840122222900390625" lon="118.15538062714040279388427734375">
        <ele>9.19999980926513671875</ele>
        <time>2026-09-09T13:32:40.000Z</time>
        <extensions>
          <ns3:TrackPointExtension>
            <ns3:hr>148</ns3:hr>
            <ns3:cad>85</ns3:cad>
          </ns3:TrackPointExtension>
        </extensions>
      </trkpt>
      <trkpt lat="24.53418874181807041168212890625" lon="118.15537962131202220916748046875">
        <ele>9.19999980926513671875</ele>
        <time>2026-09-09T13:32:41.000Z</time>
        <extensions>
          <ns3:TrackPointExtension>
            <ns3:hr>148</ns3:hr>
            <ns3:cad>85</ns3:cad>
          </ns3:TrackPointExtension>
        </extensions>
      </trkpt>
      <trkpt lat="24.53415605239570140838623046875" lon="118.1553714908659458160400390625">
        <ele>9.3999996185302734375</ele>
        <time>2026-09-09T13:32:42.000Z</time>
        <extensions>
          <ns3:TrackPointExtension>
            <ns3:hr>147</ns3:hr>
            <ns3:cad>86</ns3:cad>
          </ns3:TrackPointExtension>
        </extensions>
      </trkpt>
      <trkpt lat="24.53412897884845733642578125" lon="118.1553771905601024627685546875">
        <ele>9.3999996185302734375</ele>
        <time>2026-09-09T13:32:43.000Z</time>
        <extensions>
          <ns3:TrackPointExtension>
            <ns3:hr>148</ns3:hr>
            <ns3:cad>87</ns3:cad>
          </ns3:TrackPointExtension>
        </extensions>
      </trkpt>
      <trkpt lat="24.53409788198769092559814453125" lon="118.15535682253539562225341796875">
        <ele>9.3999996185302734375</ele>
        <time>2026-09-09T13:32:44.000Z</time>
        <extensions>
          <ns3:TrackPointExtension>
            <ns3:hr>148</ns3:hr>
            <ns3:cad>87</ns3:cad>
          </ns3:TrackPointExtension>
        </extensions>
      </trkpt>
      <trkpt lat="24.53407323919236660003662109375" lon="118.15535095520317554473876953125">
        <ele>9.3999996185302734375</ele>
        <time>2026-09-09T13:32:45.000Z</time>
        <extensions>
          <ns3:TrackPointExtension>
            <ns3:hr>148</ns3:hr>
            <ns3:cad>87</ns3:cad>
          </ns3:TrackPointExtension>
        </extensions>
      </trkpt>
      <trkpt lat="24.53403585590422153472900390625" lon="118.15533645451068878173828125">
        <ele>9.3999996185302734375</ele>
        <time>2026-09-09T13:32:46.000Z</time>
        <extensions>
          <ns3:TrackPointExtension>
            <ns3:hr>148</ns3:hr>
            <ns3:cad>87</ns3:cad>
          </ns3:TrackPointExtension>
        </extensions>
      </trkpt>
      <trkpt lat="24.5340097881853580474853515625" lon="118.15532547421753406524658203125">
        <ele>9.19999980926513671875</ele>
        <time>2026-09-09T13:32:47.000Z</time>
        <extensions>
          <ns3:TrackPointExtension>
            <ns3:hr>148</ns3:hr>
            <ns3:cad>87</ns3:cad>
          </ns3:TrackPointExtension>
        </extensions>
      </trkpt>
      <trkpt lat="24.533979780972003936767578125" lon="118.155309297144412994384765625">
        <ele>9.19999980926513671875</ele>
        <time>2026-09-09T13:32:48.000Z</time>
        <extensions>
          <ns3:TrackPointExtension>
            <ns3:hr>147</ns3:hr>
            <ns3:cad>86</ns3:cad>
          </ns3:TrackPointExtension>
        </extensions>
      </trkpt>
      <trkpt lat="24.53395865857601165771484375" lon="118.155288510024547576904296875">
        <ele>9.19999980926513671875</ele>
        <time>2026-09-09T13:32:49.000Z</time>
        <extensions>
          <ns3:TrackPointExtension>
            <ns3:hr>148</ns3:hr>
            <ns3:cad>87</ns3:cad>
          </ns3:TrackPointExtension>
        </extensions>
      </trkpt>
      <trkpt lat="24.5339313335716724395751953125" lon="118.155275098979473114013671875">
        <ele>9.19999980926513671875</ele>
        <time>2026-09-09T13:32:50.000Z</time>
        <extensions>
          <ns3:TrackPointExtension>
            <ns3:hr>148</ns3:hr>
            <ns3:cad>87</ns3:cad>
          </ns3:TrackPointExtension>
        </extensions>
      </trkpt>
      <trkpt lat="24.5339041762053966522216796875" lon="118.155254982411861419677734375">
        <ele>9.19999980926513671875</ele>
        <time>2026-09-09T13:32:51.000Z</time>
        <extensions>
          <ns3:TrackPointExtension>
            <ns3:hr>148</ns3:hr>
            <ns3:cad>87</ns3:cad>
          </ns3:TrackPointExtension>
        </extensions>
      </trkpt>
      <trkpt lat="24.53387810848653316497802734375" lon="118.15525154583156108856201171875">
        <ele>9.19999980926513671875</ele>
        <time>2026-09-09T13:32:52.000Z</time>
        <extensions>
          <ns3:TrackPointExtension>
            <ns3:hr>148</ns3:hr>
            <ns3:cad>87</ns3:cad>
          </ns3:TrackPointExtension>
        </extensions>
      </trkpt>
      <trkpt lat="24.533849693834781646728515625" lon="118.1552259810268878936767578125">
        <ele>9.19999980926513671875</ele>
        <time>2026-09-09T13:32:53.000Z</time>
        <extensions>
          <ns3:TrackPointExtension>
            <ns3:hr>149</ns3:hr>
            <ns3:cad>87</ns3:cad>
          </ns3:TrackPointExtension>
        </extensions>
      </trkpt>
      <trkpt lat="24.53382697887718677520751953125" lon="118.15520770847797393798828125">
        <ele>9.19999980926513671875</ele>
        <time>2026-09-09T13:32:54.000Z</time>
        <extensions>
          <ns3:TrackPointExtension>
            <ns3:hr>149</ns3:hr>
            <ns3:cad>86</ns3:cad>
          </ns3:TrackPointExtension>
        </extensions>
      </trkpt>
      <trkpt lat="24.53380015678703784942626953125" lon="118.155179880559444427490234375">
        <ele>9.19999980926513671875</ele>
        <time>2026-09-09T13:32:55.000Z</time>
        <extensions>
          <ns3:TrackPointExtension>
            <ns3:hr>148</ns3:hr>
            <ns3:cad>86</ns3:cad>
          </ns3:TrackPointExtension>
        </extensions>
      </trkpt>
      <trkpt lat="24.533781297504901885986328125" lon="118.15515850670635700225830078125">
        <ele>9.19999980926513671875</ele>
        <time>2026-09-09T13:32:56.000Z</time>
        <extensions>
          <ns3:TrackPointExtension>
            <ns3:hr>148</ns3:hr>
            <ns3:cad>86</ns3:cad>
          </ns3:TrackPointExtension>
        </extensions>
      </trkpt>
      <trkpt lat="24.53375975601375102996826171875" lon="118.15513302572071552276611328125">
        <ele>9.19999980926513671875</ele>
        <time>2026-09-09T13:32:57.000Z</time>
        <extensions>
          <ns3:TrackPointExtension>
            <ns3:hr>149</ns3:hr>
            <ns3:cad>87</ns3:cad>
          </ns3:TrackPointExtension>
        </extensions>
      </trkpt>
      <trkpt lat="24.5337412320077419281005859375" lon="118.155102767050266265869140625">
        <ele>9.19999980926513671875</ele>
        <time>2026-09-09T13:32:58.000Z</time>
        <extensions>
          <ns3:TrackPointExtension>
            <ns3:hr>149</ns3:hr>
            <ns3:cad>87</ns3:cad>
          </ns3:TrackPointExtension>
        </extensions>
      </trkpt>
      <trkpt lat="24.5337214507162570953369140625" lon="118.1550781242549419403076171875">
        <ele>9.19999980926513671875</ele>
        <time>2026-09-09T13:32:59.000Z</time>
        <extensions>
          <ns3:TrackPointExtension>
            <ns3:hr>149</ns3:hr>
            <ns3:cad>87</ns3:cad>
          </ns3:TrackPointExtension>
        </extensions>
      </trkpt>
      <trkpt lat="24.5337040163576602935791015625" lon="118.1550420820713043212890625">
        <ele>9.19999980926513671875</ele>
        <time>2026-09-09T13:33:00.000Z</time>
        <extensions>
          <ns3:TrackPointExtension>
            <ns3:hr>150</ns3:hr>
            <ns3:cad>87</ns3:cad>
          </ns3:TrackPointExtension>
        </extensions>
      </trkpt>
      <trkpt lat="24.53368482179939746856689453125" lon="118.15502473153173923492431640625">
        <ele>9.19999980926513671875</ele>
        <time>2026-09-09T13:33:01.000Z</time>
        <extensions>
          <ns3:TrackPointExtension>
            <ns3:hr>150</ns3:hr>
            <ns3:cad>87</ns3:cad>
          </ns3:TrackPointExtension>
        </extensions>
      </trkpt>
      <trkpt lat="24.5336647890508174896240234375" lon="118.15499170683324337005615234375">
        <ele>9.19999980926513671875</ele>
        <time>2026-09-09T13:33:02.000Z</time>
        <extensions>
          <ns3:TrackPointExtension>
            <ns3:hr>150</ns3:hr>
            <ns3:cad>86</ns3:cad>
          </ns3:TrackPointExtension>
        </extensions>
      </trkpt>
      <trkpt lat="24.5336463488638401031494140625" lon="118.154974021017551422119140625">
        <ele>9.19999980926513671875</ele>
        <time>2026-09-09T13:33:03.000Z</time>
        <extensions>
          <ns3:TrackPointExtension>
            <ns3:hr>150</ns3:hr>
            <ns3:cad>86</ns3:cad>
          </ns3:TrackPointExtension>
        </extensions>
      </trkpt>
      <trkpt lat="24.533633776009082794189453125" lon="118.1549359671771526336669921875">
        <ele>9</ele>
        <time>2026-09-09T13:33:04.000Z</time>
        <extensions>
          <ns3:TrackPointExtension>
            <ns3:hr>151</ns3:hr>
            <ns3:cad>88</ns3:cad>
          </ns3:TrackPointExtension>
        </extensions>
      </trkpt>
      <trkpt lat="24.53362070024013519287109375" lon="118.154908977448940277099609375">
        <ele>9</ele>
        <time>2026-09-09T13:33:05.000Z</time>
        <extensions>
          <ns3:TrackPointExtension>
            <ns3:hr>151</ns3:hr>
            <ns3:cad>88</ns3:cad>
          </ns3:TrackPointExtension>
        </extensions>
      </trkpt>
      <trkpt lat="24.53361072577536106109619140625" lon="118.154870755970478057861328125">
        <ele>9</ele>
        <time>2026-09-09T13:33:06.000Z</time>
        <extensions>
          <ns3:TrackPointExtension>
            <ns3:hr>151</ns3:hr>
            <ns3:cad>88</ns3:cad>
          </ns3:TrackPointExtension>
        </extensions>
      </trkpt>
      <trkpt lat="24.5335997454822063446044921875" lon="118.1548404134809970855712890625">
        <ele>8.80000019073486328125</ele>
        <time>2026-09-09T13:33:07.000Z</time>
        <extensions>
          <ns3:TrackPointExtension>
            <ns3:hr>151</ns3:hr>
            <ns3:cad>87</ns3:cad>
          </ns3:TrackPointExtension>
        </extensions>
      </trkpt>
      <trkpt lat="24.53359077684581279754638671875" lon="118.15480596385896205902099609375">
        <ele>9</ele>
        <time>2026-09-09T13:33:08.000Z</time>
        <extensions>
          <ns3:TrackPointExtension>
            <ns3:hr>151</ns3:hr>
            <ns3:cad>86</ns3:cad>
          </ns3:TrackPointExtension>
        </extensions>
      </trkpt>
      <trkpt lat="24.533582814037799835205078125" lon="118.15477277152240276336669921875">
        <ele>9</ele>
        <time>2026-09-09T13:33:09.000Z</time>
        <extensions>
          <ns3:TrackPointExtension>
            <ns3:hr>151</ns3:hr>
            <ns3:cad>86</ns3:cad>
          </ns3:TrackPointExtension>
        </extensions>
      </trkpt>
      <trkpt lat="24.5335749350488185882568359375" lon="118.1547421775758266448974609375">
        <ele>9</ele>
        <time>2026-09-09T13:33:10.000Z</time>
        <extensions>
          <ns3:TrackPointExtension>
            <ns3:hr>151</ns3:hr>
            <ns3:cad>86</ns3:cad>
          </ns3:TrackPointExtension>
        </extensions>
      </trkpt>
      <trkpt lat="24.5335749350488185882568359375" lon="118.15470554865896701812744140625">
        <ele>9</ele>
        <time>2026-09-09T13:33:11.000Z</time>
        <extensions>
          <ns3:TrackPointExtension>
            <ns3:hr>151</ns3:hr>
            <ns3:cad>88</ns3:cad>
          </ns3:TrackPointExtension>
        </extensions>
      </trkpt>
      <trkpt lat="24.53356462530791759490966796875" lon="118.15467906184494495391845703125">
        <ele>8.80000019073486328125</ele>
        <time>2026-09-09T13:33:12.000Z</time>
        <extensions>
          <ns3:TrackPointExtension>
            <ns3:hr>151</ns3:hr>
            <ns3:cad>88</ns3:cad>
          </ns3:TrackPointExtension>
        </extensions>
      </trkpt>
      <trkpt lat="24.533564038574695587158203125" lon="118.15464251674711704254150390625">
        <ele>8.80000019073486328125</ele>
        <time>2026-09-09T13:33:13.000Z</time>
        <extensions>
          <ns3:TrackPointExtension>
            <ns3:hr>151</ns3:hr>
            <ns3:cad>88</ns3:cad>
          </ns3:TrackPointExtension>
        </extensions>
      </trkpt>
      <trkpt lat="24.533554650843143463134765625" lon="118.15462038852274417877197265625">
        <ele>8.80000019073486328125</ele>
        <time>2026-09-09T13:33:14.000Z</time>
        <extensions>
          <ns3:TrackPointExtension>
            <ns3:hr>151</ns3:hr>
            <ns3:cad>88</ns3:cad>
          </ns3:TrackPointExtension>
        </extensions>
      </trkpt>
      <trkpt lat="24.53355607576668262481689453125" lon="118.15458283759653568267822265625">
        <ele>8.80000019073486328125</ele>
        <time>2026-09-09T13:33:15.000Z</time>
        <extensions>
          <ns3:TrackPointExtension>
            <ns3:hr>150</ns3:hr>
            <ns3:cad>88</ns3:cad>
          </ns3:TrackPointExtension>
        </extensions>
      </trkpt>
      <trkpt lat="24.5335497893393039703369140625" lon="118.15455350093543529510498046875">
        <ele>8.80000019073486328125</ele>
        <time>2026-09-09T13:33:16.000Z</time>
        <extensions>
          <ns3:TrackPointExtension>
            <ns3:hr>150</ns3:hr>
            <ns3:cad>87</ns3:cad>
          </ns3:TrackPointExtension>
        </extensions>
      </trkpt>
      <trkpt lat="24.53354920260608196258544921875" lon="118.15451662056148052215576171875">
        <ele>8.80000019073486328125</ele>
        <time>2026-09-09T13:33:17.000Z</time>
        <extensions>
          <ns3:TrackPointExtension>
            <ns3:hr>150</ns3:hr>
            <ns3:cad>86</ns3:cad>
          </ns3:TrackPointExtension>
        </extensions>
      </trkpt>
      <trkpt lat="24.533546268939971923828125" lon="118.1544830091297626495361328125">
        <ele>8.80000019073486328125</ele>
        <time>2026-09-09T13:33:18.000Z</time>
        <extensions>
          <ns3:TrackPointExtension>
            <ns3:hr>150</ns3:hr>
            <ns3:cad>87</ns3:cad>
          </ns3:TrackPointExtension>
        </extensions>
      </trkpt>
      <trkpt lat="24.53354769386351108551025390625" lon="118.1544481404125690460205078125">
        <ele>8.80000019073486328125</ele>
        <time>2026-09-09T13:33:19.000Z</time>
        <extensions>
          <ns3:TrackPointExtension>
            <ns3:hr>151</ns3:hr>
            <ns3:cad>88</ns3:cad>
          </ns3:TrackPointExtension>
        </extensions>
      </trkpt>
      <trkpt lat="24.5335595123469829559326171875" lon="118.1544139422476291656494140625">
        <ele>8.80000019073486328125</ele>
        <time>2026-09-09T13:33:20.000Z</time>
        <extensions>
          <ns3:TrackPointExtension>
            <ns3:hr>151</ns3:hr>
            <ns3:cad>87</ns3:cad>
          </ns3:TrackPointExtension>
        </extensions>
      </trkpt>
      <trkpt lat="24.53356546349823474884033203125" lon="118.15438334830105304718017578125">
        <ele>8.6000003814697265625</ele>
        <time>2026-09-09T13:33:21.000Z</time>
        <extensions>
          <ns3:TrackPointExtension>
            <ns3:hr>151</ns3:hr>
            <ns3:cad>87</ns3:cad>
          </ns3:TrackPointExtension>
        </extensions>
      </trkpt>
      <trkpt lat="24.53358792699873447418212890625" lon="118.1543473899364471435546875">
        <ele>8.6000003814697265625</ele>
        <time>2026-09-09T13:33:22.000Z</time>
        <extensions>
          <ns3:TrackPointExtension>
            <ns3:hr>151</ns3:hr>
            <ns3:cad>86</ns3:cad>
          </ns3:TrackPointExtension>
        </extensions>
      </trkpt>
      <trkpt lat="24.5335972309112548828125" lon="118.1543207354843616485595703125">
        <ele>8.80000019073486328125</ele>
        <time>2026-09-09T13:33:23.000Z</time>
        <extensions>
          <ns3:TrackPointExtension>
            <ns3:hr>150</ns3:hr>
            <ns3:cad>86</ns3:cad>
          </ns3:TrackPointExtension>
        </extensions>
      </trkpt>
      <trkpt lat="24.5336165092885494232177734375" lon="118.1542868725955486297607421875">
        <ele>8.80000019073486328125</ele>
        <time>2026-09-09T13:33:24.000Z</time>
        <extensions>
          <ns3:TrackPointExtension>
            <ns3:hr>151</ns3:hr>
            <ns3:cad>86</ns3:cad>
          </ns3:TrackPointExtension>
        </extensions>
      </trkpt>
      <trkpt lat="24.53362782485783100128173828125" lon="118.1542617268860340118408203125">
        <ele>9</ele>
        <time>2026-09-09T13:33:25.000Z</time>
        <extensions>
          <ns3:TrackPointExtension>
            <ns3:hr>151</ns3:hr>
            <ns3:cad>87</ns3:cad>
          </ns3:TrackPointExtension>
        </extensions>
      </trkpt>
      <trkpt lat="24.53364542685449123382568359375" lon="118.15422845073044300079345703125">
        <ele>9</ele>
        <time>2026-09-09T13:33:26.000Z</time>
        <extensions>
          <ns3:TrackPointExtension>
            <ns3:hr>151</ns3:hr>
            <ns3:cad>87</ns3:cad>
          </ns3:TrackPointExtension>
        </extensions>
      </trkpt>
      <trkpt lat="24.5336600951850414276123046875" lon="118.15420229919254779815673828125">
        <ele>9</ele>
        <time>2026-09-09T13:33:27.000Z</time>
        <extensions>
          <ns3:TrackPointExtension>
            <ns3:hr>151</ns3:hr>
            <ns3:cad>87</ns3:cad>
          </ns3:TrackPointExtension>
        </extensions>
      </trkpt>
      <trkpt lat="24.5336708240211009979248046875" lon="118.1541730463504791259765625">
        <ele>8.80000019073486328125</ele>
        <time>2026-09-09T13:33:28.000Z</time>
        <extensions>
          <ns3:TrackPointExtension>
            <ns3:hr>151</ns3:hr>
            <ns3:cad>87</ns3:cad>
          </ns3:TrackPointExtension>
        </extensions>
      </trkpt>
      <trkpt lat="24.5336708240211009979248046875" lon="118.1541730463504791259765625">
        <ele>8.80000019073486328125</ele>
        <time>2026-09-09T13:33:29.000Z</time>
        <extensions>
          <ns3:TrackPointExtension>
            <ns3:hr>151</ns3:hr>
            <ns3:cad>86</ns3:cad>
          </ns3:TrackPointExtension>
        </extensions>
      </trkpt>
      <trkpt lat="24.5336906053125858306884765625" lon="118.1541158817708492279052734375">
        <ele>8.80000019073486328125</ele>
        <time>2026-09-09T13:33:30.000Z</time>
        <extensions>
          <ns3:TrackPointExtension>
            <ns3:hr>151</ns3:hr>
            <ns3:cad>86</ns3:cad>
          </ns3:TrackPointExtension>
        </extensions>
      </trkpt>
      <trkpt lat="24.53371348790824413299560546875" lon="118.15408478491008281707763671875">
        <ele>8.80000019073486328125</ele>
        <time>2026-09-09T13:33:31.000Z</time>
        <extensions>
          <ns3:TrackPointExtension>
            <ns3:hr>151</ns3:hr>
            <ns3:cad>87</ns3:cad>
          </ns3:TrackPointExtension>
        </extensions>
      </trkpt>
      <trkpt lat="24.53372522257268428802490234375" lon="118.15406642854213714599609375">
        <ele>8.80000019073486328125</ele>
        <time>2026-09-09T13:33:32.000Z</time>
        <extensions>
          <ns3:TrackPointExtension>
            <ns3:hr>151</ns3:hr>
            <ns3:cad>87</ns3:cad>
          </ns3:TrackPointExtension>
        </extensions>
      </trkpt>
      <trkpt lat="24.53375388868153095245361328125" lon="118.1540380977094173431396484375">
        <ele>8.80000019073486328125</ele>
        <time>2026-09-09T13:33:33.000Z</time>
        <extensions>
          <ns3:TrackPointExtension>
            <ns3:hr>152</ns3:hr>
            <ns3:cad>87</ns3:cad>
          </ns3:TrackPointExtension>
        </extensions>
      </trkpt>
      <trkpt lat="24.53377115540206432342529296875" lon="118.15401890315115451812744140625">
        <ele>8.80000019073486328125</ele>
        <time>2026-09-09T13:33:34.000Z</time>
        <extensions>
          <ns3:TrackPointExtension>
            <ns3:hr>152</ns3:hr>
            <ns3:cad>87</ns3:cad>
          </ns3:TrackPointExtension>
        </extensions>
      </trkpt>
      <trkpt lat="24.53379915095865726470947265625" lon="118.15398822538554668426513671875">
        <ele>8.80000019073486328125</ele>
        <time>2026-09-09T13:33:35.000Z</time>
        <extensions>
          <ns3:TrackPointExtension>
            <ns3:hr>152</ns3:hr>
            <ns3:cad>87</ns3:cad>
          </ns3:TrackPointExtension>
        </extensions>
      </trkpt>
      <trkpt lat="24.5338176749646663665771484375" lon="118.1539633311331272125244140625">
        <ele>8.80000019073486328125</ele>
        <time>2026-09-09T13:33:36.000Z</time>
        <extensions>
          <ns3:TrackPointExtension>
            <ns3:hr>152</ns3:hr>
            <ns3:cad>87</ns3:cad>
          </ns3:TrackPointExtension>
        </extensions>
      </trkpt>
      <trkpt lat="24.53384055756032466888427734375" lon="118.15393944270908832550048828125">
        <ele>8.80000019073486328125</ele>
        <time>2026-09-09T13:33:37.000Z</time>
        <extensions>
          <ns3:TrackPointExtension>
            <ns3:hr>152</ns3:hr>
            <ns3:cad>87</ns3:cad>
          </ns3:TrackPointExtension>
        </extensions>
      </trkpt>
      <trkpt lat="24.53386687673628330230712890625" lon="118.1539287976920604705810546875">
        <ele>8.80000019073486328125</ele>
        <time>2026-09-09T13:33:38.000Z</time>
        <extensions>
          <ns3:TrackPointExtension>
            <ns3:hr>153</ns3:hr>
            <ns3:cad>86</ns3:cad>
          </ns3:TrackPointExtension>
        </extensions>
      </trkpt>
      <trkpt lat="24.53389034606516361236572265625" lon="118.15391161479055881500244140625">
        <ele>8.80000019073486328125</ele>
        <time>2026-09-09T13:33:39.000Z</time>
        <extensions>
          <ns3:TrackPointExtension>
            <ns3:hr>153</ns3:hr>
            <ns3:cad>86</ns3:cad>
          </ns3:TrackPointExtension>
        </extensions>
      </trkpt>
      <trkpt lat="24.53392437659204006195068359375" lon="118.15390524454414844512939453125">
        <ele>8.80000019073486328125</ele>
        <time>2026-09-09T13:33:40.000Z</time>
        <extensions>
          <ns3:TrackPointExtension>
            <ns3:hr>153</ns3:hr>
            <ns3:cad>88</ns3:cad>
          </ns3:TrackPointExtension>
        </extensions>
      </trkpt>
      <trkpt lat="24.53394315205514430999755859375" lon="118.1538909114897251129150390625">
        <ele>8.80000019073486328125</ele>
        <time>2026-09-09T13:33:41.000Z</time>
        <extensions>
          <ns3:TrackPointExtension>
            <ns3:hr>153</ns3:hr>
            <ns3:cad>88</ns3:cad>
          </ns3:TrackPointExtension>
        </extensions>
      </trkpt>
      <trkpt lat="24.53397617675364017486572265625" lon="118.1538795121014118194580078125">
        <ele>8.6000003814697265625</ele>
        <time>2026-09-09T13:33:42.000Z</time>
        <extensions>
          <ns3:TrackPointExtension>
            <ns3:hr>153</ns3:hr>
            <ns3:cad>88</ns3:cad>
          </ns3:TrackPointExtension>
        </extensions>
      </trkpt>
      <trkpt lat="24.53399679623544216156005859375" lon="118.15386635251343250274658203125">
        <ele>8.6000003814697265625</ele>
        <time>2026-09-09T13:33:43.000Z</time>
        <extensions>
          <ns3:TrackPointExtension>
            <ns3:hr>154</ns3:hr>
            <ns3:cad>87</ns3:cad>
          </ns3:TrackPointExtension>
        </extensions>
      </trkpt>
      <trkpt lat="24.53403250314295291900634765625" lon="118.15385009162127971649169921875">
        <ele>8.6000003814697265625</ele>
        <time>2026-09-09T13:33:44.000Z</time>
        <extensions>
          <ns3:TrackPointExtension>
            <ns3:hr>154</ns3:hr>
            <ns3:cad>87</ns3:cad>
          </ns3:TrackPointExtension>
        </extensions>
      </trkpt>
      <trkpt lat="24.534051530063152313232421875" lon="118.1538429670035839080810546875">
        <ele>8.6000003814697265625</ele>
        <time>2026-09-09T13:33:45.000Z</time>
        <extensions>
          <ns3:TrackPointExtension>
            <ns3:hr>154</ns3:hr>
            <ns3:cad>87</ns3:cad>
          </ns3:TrackPointExtension>
        </extensions>
      </trkpt>
      <trkpt lat="24.5340828783810138702392578125" lon="118.15382611937820911407470703125">
        <ele>8.3999996185302734375</ele>
        <time>2026-09-09T13:33:46.000Z</time>
        <extensions>
          <ns3:TrackPointExtension>
            <ns3:hr>155</ns3:hr>
            <ns3:cad>86</ns3:cad>
          </ns3:TrackPointExtension>
        </extensions>
      </trkpt>
      <trkpt lat="24.53410710208117961883544921875" lon="118.1538181565701961517333984375">
        <ele>8.3999996185302734375</ele>
        <time>2026-09-09T13:33:47.000Z</time>
        <extensions>
          <ns3:TrackPointExtension>
            <ns3:hr>154</ns3:hr>
            <ns3:cad>87</ns3:cad>
          </ns3:TrackPointExtension>
        </extensions>
      </trkpt>
      <trkpt lat="24.53413392417132854461669921875" lon="118.1538037396967411041259765625">
        <ele>8.3999996185302734375</ele>
        <time>2026-09-09T13:33:48.000Z</time>
        <extensions>
          <ns3:TrackPointExtension>
            <ns3:hr>154</ns3:hr>
            <ns3:cad>87</ns3:cad>
          </ns3:TrackPointExtension>
        </extensions>
      </trkpt>
      <trkpt lat="24.5341626740992069244384765625" lon="118.15379627980291843414306640625">
        <ele>8.3999996185302734375</ele>
        <time>2026-09-09T13:33:49.000Z</time>
        <extensions>
          <ns3:TrackPointExtension>
            <ns3:hr>155</ns3:hr>
            <ns3:cad>87</ns3:cad>
          </ns3:TrackPointExtension>
        </extensions>
      </trkpt>
      <trkpt lat="24.5341911725699901580810546875" lon="118.15378353931009769439697265625">
        <ele>8.19999980926513671875</ele>
        <time>2026-09-09T13:33:50.000Z</time>
        <extensions>
          <ns3:TrackPointExtension>
            <ns3:hr>154</ns3:hr>
            <ns3:cad>87</ns3:cad>
          </ns3:TrackPointExtension>
        </extensions>
      </trkpt>
      <trkpt lat="24.534225873649120330810546875" lon="118.15378320403397083282470703125">
        <ele>8.19999980926513671875</ele>
        <time>2026-09-09T13:33:51.000Z</time>
        <extensions>
          <ns3:TrackPointExtension>
            <ns3:hr>154</ns3:hr>
            <ns3:cad>87</ns3:cad>
          </ns3:TrackPointExtension>
        </extensions>
      </trkpt>
      <trkpt lat="24.5342528633773326873779296875" lon="118.1537749059498310089111328125">
        <ele>8.19999980926513671875</ele>
        <time>2026-09-09T13:33:52.000Z</time>
        <extensions>
          <ns3:TrackPointExtension>
            <ns3:hr>154</ns3:hr>
            <ns3:cad>86</ns3:cad>
          </ns3:TrackPointExtension>
        </extensions>
      </trkpt>
      <trkpt lat="24.53428831882774829864501953125" lon="118.15377314575016498565673828125">
        <ele>8.3999996185302734375</ele>
        <time>2026-09-09T13:33:53.000Z</time>
        <extensions>
          <ns3:TrackPointExtension>
            <ns3:hr>154</ns3:hr>
            <ns3:cad>86</ns3:cad>
          </ns3:TrackPointExtension>
        </extensions>
      </trkpt>
      <trkpt lat="24.5343088544905185699462890625" lon="118.1537728942930698394775390625">
        <ele>8.3999996185302734375</ele>
        <time>2026-09-09T13:33:54.000Z</time>
        <extensions>
          <ns3:TrackPointExtension>
            <ns3:hr>155</ns3:hr>
            <ns3:cad>86</ns3:cad>
          </ns3:TrackPointExtension>
        </extensions>
      </trkpt>
      <trkpt lat="24.53434430994093418121337890625" lon="118.15377415157854557037353515625">
        <ele>8.19999980926513671875</ele>
        <time>2026-09-09T13:33:55.000Z</time>
        <extensions>
          <ns3:TrackPointExtension>
            <ns3:hr>155</ns3:hr>
            <ns3:cad>87</ns3:cad>
          </ns3:TrackPointExtension>
        </extensions>
      </trkpt>
      <trkpt lat="24.5343708805739879608154296875" lon="118.15377096645534038543701171875">
        <ele>8.19999980926513671875</ele>
        <time>2026-09-09T13:33:56.000Z</time>
        <extensions>
          <ns3:TrackPointExtension>
            <ns3:hr>155</ns3:hr>
            <ns3:cad>87</ns3:cad>
          </ns3:TrackPointExtension>
        </extensions>
      </trkpt>
      <trkpt lat="24.5344074256718158721923828125" lon="118.153767697513103485107421875">
        <ele>8.19999980926513671875</ele>
        <time>2026-09-09T13:33:57.000Z</time>
        <extensions>
          <ns3:TrackPointExtension>
            <ns3:hr>155</ns3:hr>
            <ns3:cad>87</ns3:cad>
          </ns3:TrackPointExtension>
        </extensions>
      </trkpt>
      <trkpt lat="24.5344340801239013671875" lon="118.1537698768079280853271484375">
        <ele>8.19999980926513671875</ele>
        <time>2026-09-09T13:33:58.000Z</time>
        <extensions>
          <ns3:TrackPointExtension>
            <ns3:hr>155</ns3:hr>
            <ns3:cad>87</ns3:cad>
          </ns3:TrackPointExtension>
        </extensions>
      </trkpt>
      <trkpt lat="24.53446517698466777801513671875" lon="118.15376794897019863128662109375">
        <ele>8.19999980926513671875</ele>
        <time>2026-09-09T13:33:59.000Z</time>
        <extensions>
          <ns3:TrackPointExtension>
            <ns3:hr>154</ns3:hr>
            <ns3:cad>87</ns3:cad>
          </ns3:TrackPointExtension>
        </extensions>
      </trkpt>
      <trkpt lat="24.53450088389217853546142578125" lon="118.1537749059498310089111328125">
        <ele>8.3999996185302734375</ele>
        <time>2026-09-09T13:34:00.000Z</time>
        <extensions>
          <ns3:TrackPointExtension>
            <ns3:hr>154</ns3:hr>
            <ns3:cad>87</ns3:cad>
          </ns3:TrackPointExtension>
        </extensions>
      </trkpt>
      <trkpt lat="24.53452535904943943023681640625" lon="118.15377364866435527801513671875">
        <ele>8.3999996185302734375</ele>
        <time>2026-09-09T13:34:01.000Z</time>
        <extensions>
          <ns3:TrackPointExtension>
            <ns3:hr>154</ns3:hr>
            <ns3:cad>87</ns3:cad>
          </ns3:TrackPointExtension>
        </extensions>
      </trkpt>
      <trkpt lat="24.53456106595695018768310546875" lon="118.153782784938812255859375">
        <ele>8.3999996185302734375</ele>
        <time>2026-09-09T13:34:02.000Z</time>
        <extensions>
          <ns3:TrackPointExtension>
            <ns3:hr>154</ns3:hr>
            <ns3:cad>87</ns3:cad>
          </ns3:TrackPointExtension>
        </extensions>
      </trkpt>
      <trkpt lat="24.534586630761623382568359375" lon="118.1537849642336368560791015625">
        <ele>8.3999996185302734375</ele>
        <time>2026-09-09T13:34:03.000Z</time>
        <extensions>
          <ns3:TrackPointExtension>
            <ns3:hr>154</ns3:hr>
            <ns3:cad>87</ns3:cad>
          </ns3:TrackPointExtension>
        </extensions>
      </trkpt>
      <trkpt lat="24.5346193201839923858642578125" lon="118.1537785939872264862060546875">
        <ele>8.3999996185302734375</ele>
        <time>2026-09-09T13:34:04.000Z</time>
        <extensions>
          <ns3:TrackPointExtension>
            <ns3:hr>155</ns3:hr>
            <ns3:cad>87</ns3:cad>
          </ns3:TrackPointExtension>
        </extensions>
      </trkpt>
      <trkpt lat="24.53464639373123645782470703125" lon="118.153784461319446563720703125">
        <ele>8.3999996185302734375</ele>
        <time>2026-09-09T13:34:05.000Z</time>
        <extensions>
          <ns3:TrackPointExtension>
            <ns3:hr>154</ns3:hr>
            <ns3:cad>87</ns3:cad>
          </ns3:TrackPointExtension>
        </extensions>
      </trkpt>
      <trkpt lat="24.534679166972637176513671875" lon="118.1537795998156070709228515625">
        <ele>8.19999980926513671875</ele>
        <time>2026-09-09T13:34:06.000Z</time>
        <extensions>
          <ns3:TrackPointExtension>
            <ns3:hr>155</ns3:hr>
            <ns3:cad>86</ns3:cad>
          </ns3:TrackPointExtension>
        </extensions>
      </trkpt>
      <trkpt lat="24.53470833599567413330078125" lon="118.15378186292946338653564453125">
        <ele>8.19999980926513671875</ele>
        <time>2026-09-09T13:34:07.000Z</time>
        <extensions>
          <ns3:TrackPointExtension>
            <ns3:hr>154</ns3:hr>
            <ns3:cad>86</ns3:cad>
          </ns3:TrackPointExtension>
        </extensions>
      </trkpt>
      <trkpt lat="24.534738175570964813232421875" lon="118.15377867780625820159912109375">
        <ele>8.19999980926513671875</ele>
        <time>2026-09-09T13:34:08.000Z</time>
        <extensions>
          <ns3:TrackPointExtension>
            <ns3:hr>154</ns3:hr>
            <ns3:cad>86</ns3:cad>
          </ns3:TrackPointExtension>
        </extensions>
      </trkpt>
      <trkpt lat="24.53477002680301666259765625" lon="118.15377968363463878631591796875">
        <ele>8</ele>
        <time>2026-09-09T13:34:09.000Z</time>
        <extensions>
          <ns3:TrackPointExtension>
            <ns3:hr>154</ns3:hr>
            <ns3:cad>87</ns3:cad>
          </ns3:TrackPointExtension>
        </extensions>
      </trkpt>
      <trkpt lat="24.53479425050318241119384765625" lon="118.15377247519791126251220703125">
        <ele>8</ele>
        <time>2026-09-09T13:34:10.000Z</time>
        <extensions>
          <ns3:TrackPointExtension>
            <ns3:hr>155</ns3:hr>
            <ns3:cad>87</ns3:cad>
          </ns3:TrackPointExtension>
        </extensions>
      </trkpt>
      <trkpt lat="24.5348275266587734222412109375" lon="118.15376878716051578521728515625">
        <ele>8</ele>
        <time>2026-09-09T13:34:11.000Z</time>
        <extensions>
          <ns3:TrackPointExtension>
            <ns3:hr>154</ns3:hr>
            <ns3:cad>87</ns3:cad>
          </ns3:TrackPointExtension>
        </extensions>
      </trkpt>
      <trkpt lat="24.53484873287379741668701171875" lon="118.15375939942896366119384765625">
        <ele>8</ele>
        <time>2026-09-09T13:34:12.000Z</time>
        <extensions>
          <ns3:TrackPointExtension>
            <ns3:hr>154</ns3:hr>
            <ns3:cad>87</ns3:cad>
          </ns3:TrackPointExtension>
        </extensions>
      </trkpt>
      <trkpt lat="24.53488527797162532806396484375" lon="118.1537477485835552215576171875">
        <ele>8</ele>
        <time>2026-09-09T13:34:13.000Z</time>
        <extensions>
          <ns3:TrackPointExtension>
            <ns3:hr>155</ns3:hr>
            <ns3:cad>87</ns3:cad>
          </ns3:TrackPointExtension>
        </extensions>
      </trkpt>
      <trkpt lat="24.534907154738903045654296875" lon="118.15373894758522510528564453125">
        <ele>8</ele>
        <time>2026-09-09T13:34:14.000Z</time>
        <extensions>
          <ns3:TrackPointExtension>
            <ns3:hr>155</ns3:hr>
            <ns3:cad>86</ns3:cad>
          </ns3:TrackPointExtension>
        </extensions>
      </trkpt>
      <trkpt lat="24.53493841923773288726806640625" lon="118.15373115241527557373046875">
        <ele>8</ele>
        <time>2026-09-09T13:34:15.000Z</time>
        <extensions>
          <ns3:TrackPointExtension>
            <ns3:hr>155</ns3:hr>
            <ns3:cad>87</ns3:cad>
          </ns3:TrackPointExtension>
        </extensions>
      </trkpt>
      <trkpt lat="24.53496607951819896697998046875" lon="118.15372310578823089599609375">
        <ele>8</ele>
        <time>2026-09-09T13:34:16.000Z</time>
        <extensions>
          <ns3:TrackPointExtension>
            <ns3:hr>155</ns3:hr>
            <ns3:cad>88</ns3:cad>
          </ns3:TrackPointExtension>
        </extensions>
      </trkpt>
      <trkpt lat="24.53499667346477508544921875" lon="118.153711371123790740966796875">
        <ele>8</ele>
        <time>2026-09-09T13:34:17.000Z</time>
        <extensions>
          <ns3:TrackPointExtension>
            <ns3:hr>155</ns3:hr>
            <ns3:cad>88</ns3:cad>
          </ns3:TrackPointExtension>
        </extensions>
      </trkpt>
      <trkpt lat="24.53502609394490718841552734375" lon="118.15370340831577777862548828125">
        <ele>8</ele>
        <time>2026-09-09T13:34:18.000Z</time>
        <extensions>
          <ns3:TrackPointExtension>
            <ns3:hr>155</ns3:hr>
            <ns3:cad>88</ns3:cad>
          </ns3:TrackPointExtension>
        </extensions>
      </trkpt>
      <trkpt lat="24.53504654578864574432373046875" lon="118.1536927632987499237060546875">
        <ele>7.80000019073486328125</ele>
        <time>2026-09-09T13:34:19.000Z</time>
        <extensions>
          <ns3:TrackPointExtension>
            <ns3:hr>154</ns3:hr>
            <ns3:cad>87</ns3:cad>
          </ns3:TrackPointExtension>
        </extensions>
      </trkpt>
      <trkpt lat="24.5350806601345539093017578125" lon="118.15368153154850006103515625">
        <ele>7.80000019073486328125</ele>
        <time>2026-09-09T13:34:20.000Z</time>
        <extensions>
          <ns3:TrackPointExtension>
            <ns3:hr>155</ns3:hr>
            <ns3:cad>87</ns3:cad>
          </ns3:TrackPointExtension>
        </extensions>
      </trkpt>
      <trkpt lat="24.5350974239408969879150390625" lon="118.1536661088466644287109375">
        <ele>7.80000019073486328125</ele>
        <time>2026-09-09T13:34:21.000Z</time>
        <extensions>
          <ns3:TrackPointExtension>
            <ns3:hr>155</ns3:hr>
            <ns3:cad>86</ns3:cad>
          </ns3:TrackPointExtension>
        </extensions>
      </trkpt>
      <trkpt lat="24.53513002954423427581787109375" lon="118.153645992279052734375">
        <ele>7.80000019073486328125</ele>
        <time>2026-09-09T13:34:22.000Z</time>
        <extensions>
          <ns3:TrackPointExtension>
            <ns3:hr>155</ns3:hr>
            <ns3:cad>86</ns3:cad>
          </ns3:TrackPointExtension>
        </extensions>
      </trkpt>
      <trkpt lat="24.535152912139892578125" lon="118.1536314077675342559814453125">
        <ele>8</ele>
        <time>2026-09-09T13:34:23.000Z</time>
        <extensions>
          <ns3:TrackPointExtension>
            <ns3:hr>155</ns3:hr>
            <ns3:cad>86</ns3:cad>
          </ns3:TrackPointExtension>
        </extensions>
      </trkpt>
      <trkpt lat="24.53518115915358066558837890625" lon="118.15360886044800281524658203125">
        <ele>8</ele>
        <time>2026-09-09T13:34:24.000Z</time>
        <extensions>
          <ns3:TrackPointExtension>
            <ns3:hr>155</ns3:hr>
            <ns3:cad>87</ns3:cad>
          </ns3:TrackPointExtension>
        </extensions>
      </trkpt>
      <trkpt lat="24.5352057181298732757568359375" lon="118.1535894982516765594482421875">
        <ele>8</ele>
        <time>2026-09-09T13:34:25.000Z</time>
        <extensions>
          <ns3:TrackPointExtension>
            <ns3:hr>155</ns3:hr>
            <ns3:cad>87</ns3:cad>
          </ns3:TrackPointExtension>
        </extensions>
      </trkpt>
      <trkpt lat="24.5352298580110073089599609375" lon="118.1535693816840648651123046875">
        <ele>8</ele>
        <time>2026-09-09T13:34:26.000Z</time>
        <extensions>
          <ns3:TrackPointExtension>
            <ns3:hr>155</ns3:hr>
            <ns3:cad>87</ns3:cad>
          </ns3:TrackPointExtension>
        </extensions>
      </trkpt>
      <trkpt lat="24.53525760211050510406494140625" lon="118.15355689264833927154541015625">
        <ele>8</ele>
        <time>2026-09-09T13:34:27.000Z</time>
        <extensions>
          <ns3:TrackPointExtension>
            <ns3:hr>155</ns3:hr>
            <ns3:cad>87</ns3:cad>
          </ns3:TrackPointExtension>
        </extensions>
      </trkpt>
      <trkpt lat="24.53527118079364299774169921875" lon="118.153535015881061553955078125">
        <ele>8</ele>
        <time>2026-09-09T13:34:28.000Z</time>
        <extensions>
          <ns3:TrackPointExtension>
            <ns3:hr>155</ns3:hr>
            <ns3:cad>87</ns3:cad>
          </ns3:TrackPointExtension>
        </extensions>
      </trkpt>
      <trkpt lat="24.53529842197895050048828125" lon="118.153510875999927520751953125">
        <ele>8</ele>
        <time>2026-09-09T13:34:29.000Z</time>
        <extensions>
          <ns3:TrackPointExtension>
            <ns3:hr>154</ns3:hr>
            <ns3:cad>86</ns3:cad>
          </ns3:TrackPointExtension>
        </extensions>
      </trkpt>
      <trkpt lat="24.535311497747898101806640625" lon="118.1534902565181255340576171875">
        <ele>8</ele>
        <time>2026-09-09T13:34:30.000Z</time>
        <extensions>
          <ns3:TrackPointExtension>
            <ns3:hr>154</ns3:hr>
            <ns3:cad>86</ns3:cad>
          </ns3:TrackPointExtension>
        </extensions>
      </trkpt>
      <trkpt lat="24.53533689491450786590576171875" lon="118.1534649431705474853515625">
        <ele>8</ele>
        <time>2026-09-09T13:34:31.000Z</time>
        <extensions>
          <ns3:TrackPointExtension>
            <ns3:hr>154</ns3:hr>
            <ns3:cad>87</ns3:cad>
          </ns3:TrackPointExtension>
        </extensions>
      </trkpt>
      <trkpt lat="24.53534745611250400543212890625" lon="118.15344625152647495269775390625">
        <ele>8</ele>
        <time>2026-09-09T13:34:32.000Z</time>
        <extensions>
          <ns3:TrackPointExtension>
            <ns3:hr>154</ns3:hr>
            <ns3:cad>87</ns3:cad>
          </ns3:TrackPointExtension>
        </extensions>
      </trkpt>
      <trkpt lat="24.5353723503649234771728515625" lon="118.15341808833181858062744140625">
        <ele>8</ele>
        <time>2026-09-09T13:34:33.000Z</time>
        <extensions>
          <ns3:TrackPointExtension>
            <ns3:hr>155</ns3:hr>
            <ns3:cad>87</ns3:cad>
          </ns3:TrackPointExtension>
        </extensions>
      </trkpt>
      <trkpt lat="24.53539104200899600982666015625" lon="118.1533957086503505706787109375">
        <ele>8</ele>
        <time>2026-09-09T13:34:34.000Z</time>
        <extensions>
          <ns3:TrackPointExtension>
            <ns3:hr>154</ns3:hr>
            <ns3:cad>87</ns3:cad>
          </ns3:TrackPointExtension>
        </extensions>
      </trkpt>
      <trkpt lat="24.5354142598807811737060546875" lon="118.1533672101795673370361328125">
        <ele>8</ele>
        <time>2026-09-09T13:34:35.000Z</time>
        <extensions>
          <ns3:TrackPointExtension>
            <ns3:hr>154</ns3:hr>
            <ns3:cad>87</ns3:cad>
          </ns3:TrackPointExtension>
        </extensions>
      </trkpt>
      <trkpt lat="24.5354340411722660064697265625" lon="118.15334466286003589630126953125">
        <ele>8</ele>
        <time>2026-09-09T13:34:36.000Z</time>
        <extensions>
          <ns3:TrackPointExtension>
            <ns3:hr>155</ns3:hr>
            <ns3:cad>87</ns3:cad>
          </ns3:TrackPointExtension>
        </extensions>
      </trkpt>
      <trkpt lat="24.5354534871876239776611328125" lon="118.15332119353115558624267578125">
        <ele>8</ele>
        <time>2026-09-09T13:34:37.000Z</time>
        <extensions>
          <ns3:TrackPointExtension>
            <ns3:hr>154</ns3:hr>
            <ns3:cad>87</ns3:cad>
          </ns3:TrackPointExtension>
        </extensions>
      </trkpt>
      <trkpt lat="24.53547871671617031097412109375" lon="118.15329956822097301483154296875">
        <ele>8</ele>
        <time>2026-09-09T13:34:38.000Z</time>
        <extensions>
          <ns3:TrackPointExtension>
            <ns3:hr>154</ns3:hr>
            <ns3:cad>88</ns3:cad>
          </ns3:TrackPointExtension>
        </extensions>
      </trkpt>
      <trkpt lat="24.5354957319796085357666015625" lon="118.15328163094818592071533203125">
        <ele>8</ele>
        <time>2026-09-09T13:34:39.000Z</time>
        <extensions>
          <ns3:TrackPointExtension>
            <ns3:hr>155</ns3:hr>
            <ns3:cad>88</ns3:cad>
          </ns3:TrackPointExtension>
        </extensions>
      </trkpt>
      <trkpt lat="24.53552096150815486907958984375" lon="118.1532632745802402496337890625">
        <ele>8</ele>
        <time>2026-09-09T13:34:40.000Z</time>
        <extensions>
          <ns3:TrackPointExtension>
            <ns3:hr>155</ns3:hr>
            <ns3:cad>88</ns3:cad>
          </ns3:TrackPointExtension>
        </extensions>
      </trkpt>
      <trkpt lat="24.535530097782611846923828125" lon="118.15324961207807064056396484375">
        <ele>8</ele>
        <time>2026-09-09T13:34:41.000Z</time>
        <extensions>
          <ns3:TrackPointExtension>
            <ns3:hr>155</ns3:hr>
            <ns3:cad>87</ns3:cad>
          </ns3:TrackPointExtension>
        </extensions>
      </trkpt>
      <trkpt lat="24.53555725514888763427734375" lon="118.15322932787239551544189453125">
        <ele>8</ele>
        <time>2026-09-09T13:34:42.000Z</time>
        <extensions>
          <ns3:TrackPointExtension>
            <ns3:hr>155</ns3:hr>
            <ns3:cad>87</ns3:cad>
          </ns3:TrackPointExtension>
        </extensions>
      </trkpt>
      <trkpt lat="24.5355751924216747283935546875" lon="118.15321189351379871368408203125">
        <ele>8</ele>
        <time>2026-09-09T13:34:43.000Z</time>
        <extensions>
          <ns3:TrackPointExtension>
            <ns3:hr>154</ns3:hr>
            <ns3:cad>87</ns3:cad>
          </ns3:TrackPointExtension>
        </extensions>
      </trkpt>
      <trkpt lat="24.53561064787209033966064453125" lon="118.15319043584167957305908203125">
        <ele>8</ele>
        <time>2026-09-09T13:34:44.000Z</time>
        <extensions>
          <ns3:TrackPointExtension>
            <ns3:hr>155</ns3:hr>
            <ns3:cad>87</ns3:cad>
          </ns3:TrackPointExtension>
        </extensions>
      </trkpt>
      <trkpt lat="24.535630680620670318603515625" lon="118.15317132510244846343994140625">
        <ele>8</ele>
        <time>2026-09-09T13:34:45.000Z</time>
        <extensions>
          <ns3:TrackPointExtension>
            <ns3:hr>155</ns3:hr>
            <ns3:cad>89</ns3:cad>
          </ns3:TrackPointExtension>
        </extensions>
      </trkpt>
      <trkpt lat="24.53566982410848140716552734375" lon="118.153158836066722869873046875">
        <ele>8</ele>
        <time>2026-09-09T13:34:46.000Z</time>
        <extensions>
          <ns3:TrackPointExtension>
            <ns3:hr>155</ns3:hr>
            <ns3:cad>89</ns3:cad>
          </ns3:TrackPointExtension>
        </extensions>
      </trkpt>
      <trkpt lat="24.53569865785539150238037109375" lon="118.15315355546772480010986328125">
        <ele>8</ele>
        <time>2026-09-09T13:34:47.000Z</time>
        <extensions>
          <ns3:TrackPointExtension>
            <ns3:hr>155</ns3:hr>
            <ns3:cad>89</ns3:cad>
          </ns3:TrackPointExtension>
        </extensions>
      </trkpt>
      <trkpt lat="24.5357337780296802520751953125" lon="118.1531673856079578399658203125">
        <ele>8</ele>
        <time>2026-09-09T13:34:48.000Z</time>
        <extensions>
          <ns3:TrackPointExtension>
            <ns3:hr>155</ns3:hr>
            <ns3:cad>89</ns3:cad>
          </ns3:TrackPointExtension>
        </extensions>
      </trkpt>
      <trkpt lat="24.53576437197625637054443359375" lon="118.15317585133016109466552734375">
        <ele>8</ele>
        <time>2026-09-09T13:34:49.000Z</time>
        <extensions>
          <ns3:TrackPointExtension>
            <ns3:hr>156</ns3:hr>
            <ns3:cad>89</ns3:cad>
          </ns3:TrackPointExtension>
        </extensions>
      </trkpt>
      <trkpt lat="24.5357917807996273040771484375" lon="118.15319898538291454315185546875">
        <ele>8</ele>
        <time>2026-09-09T13:34:50.000Z</time>
        <extensions>
          <ns3:TrackPointExtension>
            <ns3:hr>155</ns3:hr>
            <ns3:cad>89</ns3:cad>
          </ns3:TrackPointExtension>
        </extensions>
      </trkpt>
      <trkpt lat="24.53581072390079498291015625" lon="118.153214491903781890869140625">
        <ele>8.19999980926513671875</ele>
        <time>2026-09-09T13:34:51.000Z</time>
        <extensions>
          <ns3:TrackPointExtension>
            <ns3:hr>155</ns3:hr>
            <ns3:cad>89</ns3:cad>
          </ns3:TrackPointExtension>
        </extensions>
      </trkpt>
      <trkpt lat="24.53583712689578533172607421875" lon="118.15324206836521625518798828125">
        <ele>8.19999980926513671875</ele>
        <time>2026-09-09T13:34:52.000Z</time>
        <extensions>
          <ns3:TrackPointExtension>
            <ns3:hr>155</ns3:hr>
            <ns3:cad>90</ns3:cad>
          </ns3:TrackPointExtension>
        </extensions>
      </trkpt>
      <trkpt lat="24.535855986177921295166015625" lon="118.15325983799993991851806640625">
        <ele>8.19999980926513671875</ele>
        <time>2026-09-09T13:34:53.000Z</time>
        <extensions>
          <ns3:TrackPointExtension>
            <ns3:hr>155</ns3:hr>
            <ns3:cad>90</ns3:cad>
          </ns3:TrackPointExtension>
        </extensions>
      </trkpt>
      <trkpt lat="24.535881467163562774658203125" lon="118.15328297205269336700439453125">
        <ele>8.19999980926513671875</ele>
        <time>2026-09-09T13:34:54.000Z</time>
        <extensions>
          <ns3:TrackPointExtension>
            <ns3:hr>155</ns3:hr>
            <ns3:cad>90</ns3:cad>
          </ns3:TrackPointExtension>
        </extensions>
      </trkpt>
      <trkpt lat="24.53590133227407932281494140625" lon="118.15330124460160732269287109375">
        <ele>8</ele>
        <time>2026-09-09T13:34:55.000Z</time>
        <extensions>
          <ns3:TrackPointExtension>
            <ns3:hr>155</ns3:hr>
            <ns3:cad>89</ns3:cad>
          </ns3:TrackPointExtension>
        </extensions>
      </trkpt>
      <trkpt lat="24.53592413105070590972900390625" lon="118.15331901423633098602294921875">
        <ele>8</ele>
        <time>2026-09-09T13:34:56.000Z</time>
        <extensions>
          <ns3:TrackPointExtension>
            <ns3:hr>154</ns3:hr>
            <ns3:cad>88</ns3:cad>
          </ns3:TrackPointExtension>
        </extensions>
      </trkpt>
      <trkpt lat="24.5359496958553791046142578125" lon="118.15334214828908443450927734375">
        <ele>7.80000019073486328125</ele>
        <time>2026-09-09T13:34:57.000Z</time>
        <extensions>
          <ns3:TrackPointExtension>
            <ns3:hr>154</ns3:hr>
            <ns3:cad>88</ns3:cad>
          </ns3:TrackPointExtension>
        </extensions>
      </trkpt>
      <trkpt lat="24.53597827814519405364990234375" lon="118.1533561460673809051513671875">
        <ele>7.80000019073486328125</ele>
        <time>2026-09-09T13:34:58.000Z</time>
        <extensions>
          <ns3:TrackPointExtension>
            <ns3:hr>153</ns3:hr>
            <ns3:cad>87</ns3:cad>
          </ns3:TrackPointExtension>
        </extensions>
      </trkpt>
      <trkpt lat="24.53600644133985042572021484375" lon="118.1533745862543582916259765625">
        <ele>7.599999904632568359375</ele>
        <time>2026-09-09T13:34:59.000Z</time>
        <extensions>
          <ns3:TrackPointExtension>
            <ns3:hr>152</ns3:hr>
            <ns3:cad>88</ns3:cad>
          </ns3:TrackPointExtension>
        </extensions>
      </trkpt>
      <trkpt lat="24.5360367000102996826171875" lon="118.1533829681575298309326171875">
        <ele>7.599999904632568359375</ele>
        <time>2026-09-09T13:35:00.000Z</time>
        <extensions>
          <ns3:TrackPointExtension>
            <ns3:hr>152</ns3:hr>
            <ns3:cad>88</ns3:cad>
          </ns3:TrackPointExtension>
        </extensions>
      </trkpt>
      <trkpt lat="24.536062180995941162109375" lon="118.153404928743839263916015625">
        <ele>7.599999904632568359375</ele>
        <time>2026-09-09T13:35:01.000Z</time>
        <extensions>
          <ns3:TrackPointExtension>
            <ns3:hr>151</ns3:hr>
            <ns3:cad>88</ns3:cad>
          </ns3:TrackPointExtension>
        </extensions>
      </trkpt>
      <trkpt lat="24.5360828004777431488037109375" lon="118.15341875888407230377197265625">
        <ele>7.599999904632568359375</ele>
        <time>2026-09-09T13:35:02.000Z</time>
        <extensions>
          <ns3:TrackPointExtension>
            <ns3:hr>151</ns3:hr>
            <ns3:cad>88</ns3:cad>
          </ns3:TrackPointExtension>
        </extensions>
      </trkpt>
      <trkpt lat="24.53610886819660663604736328125" lon="118.15344692207872867584228515625">
        <ele>7.599999904632568359375</ele>
        <time>2026-09-09T13:35:03.000Z</time>
        <extensions>
          <ns3:TrackPointExtension>
            <ns3:hr>151</ns3:hr>
            <ns3:cad>87</ns3:cad>
          </ns3:TrackPointExtension>
        </extensions>
      </trkpt>
      <trkpt lat="24.5361337624490261077880859375" lon="118.153457902371883392333984375">
        <ele>7.599999904632568359375</ele>
        <time>2026-09-09T13:35:04.000Z</time>
        <extensions>
          <ns3:TrackPointExtension>
            <ns3:hr>151</ns3:hr>
            <ns3:cad>87</ns3:cad>
          </ns3:TrackPointExtension>
        </extensions>
      </trkpt>
      <trkpt lat="24.5361609198153018951416015625" lon="118.153484053909778594970703125">
        <ele>7.599999904632568359375</ele>
        <time>2026-09-09T13:35:05.000Z</time>
        <extensions>
          <ns3:TrackPointExtension>
            <ns3:hr>151</ns3:hr>
            <ns3:cad>87</ns3:cad>
          </ns3:TrackPointExtension>
        </extensions>
      </trkpt>
      <trkpt lat="24.53618397004902362823486328125" lon="118.15350140444934368133544921875">
        <ele>7.599999904632568359375</ele>
        <time>2026-09-09T13:35:06.000Z</time>
        <extensions>
          <ns3:TrackPointExtension>
            <ns3:hr>152</ns3:hr>
            <ns3:cad>88</ns3:cad>
          </ns3:TrackPointExtension>
        </extensions>
      </trkpt>
      <trkpt lat="24.5362110435962677001953125" lon="118.15351867116987705230712890625">
        <ele>7.80000019073486328125</ele>
        <time>2026-09-09T13:35:07.000Z</time>
        <extensions>
          <ns3:TrackPointExtension>
            <ns3:hr>152</ns3:hr>
            <ns3:cad>88</ns3:cad>
          </ns3:TrackPointExtension>
        </extensions>
      </trkpt>
      <trkpt lat="24.53623476438224315643310546875" lon="118.153537027537822723388671875">
        <ele>7.80000019073486328125</ele>
        <time>2026-09-09T13:35:08.000Z</time>
        <extensions>
          <ns3:TrackPointExtension>
            <ns3:hr>153</ns3:hr>
            <ns3:cad>88</ns3:cad>
          </ns3:TrackPointExtension>
        </extensions>
      </trkpt>
      <trkpt lat="24.5362554676830768585205078125" lon="118.153545744717121124267578125">
        <ele>7.80000019073486328125</ele>
        <time>2026-09-09T13:35:09.000Z</time>
        <extensions>
          <ns3:TrackPointExtension>
            <ns3:hr>153</ns3:hr>
            <ns3:cad>88</ns3:cad>
          </ns3:TrackPointExtension>
        </extensions>
      </trkpt>
      <trkpt lat="24.53628103248775005340576171875" lon="118.153565861284732818603515625">
        <ele>7.80000019073486328125</ele>
        <time>2026-09-09T13:35:10.000Z</time>
        <extensions>
          <ns3:TrackPointExtension>
            <ns3:hr>153</ns3:hr>
            <ns3:cad>87</ns3:cad>
          </ns3:TrackPointExtension>
        </extensions>
      </trkpt>
      <trkpt lat="24.53630626201629638671875" lon="118.1535707227885723114013671875">
        <ele>7.80000019073486328125</ele>
        <time>2026-09-09T13:35:11.000Z</time>
        <extensions>
          <ns3:TrackPointExtension>
            <ns3:hr>153</ns3:hr>
            <ns3:cad>87</ns3:cad>
          </ns3:TrackPointExtension>
        </extensions>
      </trkpt>
      <trkpt lat="24.53633509576320648193359375" lon="118.1535898335278034210205078125">
        <ele>7.80000019073486328125</ele>
        <time>2026-09-09T13:35:12.000Z</time>
        <extensions>
          <ns3:TrackPointExtension>
            <ns3:hr>153</ns3:hr>
            <ns3:cad>86</ns3:cad>
          </ns3:TrackPointExtension>
        </extensions>
      </trkpt>
      <trkpt lat="24.53635512851178646087646484375" lon="118.1535995565354824066162109375">
        <ele>7.80000019073486328125</ele>
        <time>2026-09-09T13:35:13.000Z</time>
        <extensions>
          <ns3:TrackPointExtension>
            <ns3:hr>153</ns3:hr>
            <ns3:cad>86</ns3:cad>
          </ns3:TrackPointExtension>
        </extensions>
      </trkpt>
      <trkpt lat="24.53638295643031597137451171875" lon="118.1536200083792209625244140625">
        <ele>8</ele>
        <time>2026-09-09T13:35:14.000Z</time>
        <extensions>
          <ns3:TrackPointExtension>
            <ns3:hr>152</ns3:hr>
            <ns3:cad>87</ns3:cad>
          </ns3:TrackPointExtension>
        </extensions>
      </trkpt>
      <trkpt lat="24.5364019833505153656005859375" lon="118.15363517962396144866943359375">
        <ele>8</ele>
        <time>2026-09-09T13:35:15.000Z</time>
        <extensions>
          <ns3:TrackPointExtension>
            <ns3:hr>152</ns3:hr>
            <ns3:cad>88</ns3:cad>
          </ns3:TrackPointExtension>
        </extensions>
      </trkpt>
      <trkpt lat="24.53642821870744228363037109375" lon="118.15365202724933624267578125">
        <ele>8</ele>
        <time>2026-09-09T13:35:16.000Z</time>
        <extensions>
          <ns3:TrackPointExtension>
            <ns3:hr>152</ns3:hr>
            <ns3:cad>88</ns3:cad>
          </ns3:TrackPointExtension>
        </extensions>
      </trkpt>
      <trkpt lat="24.53645571134984493255615234375" lon="118.15366602502763271331787109375">
        <ele>8</ele>
        <time>2026-09-09T13:35:17.000Z</time>
        <extensions>
          <ns3:TrackPointExtension>
            <ns3:hr>152</ns3:hr>
            <ns3:cad>87</ns3:cad>
          </ns3:TrackPointExtension>
        </extensions>
      </trkpt>
      <trkpt lat="24.5364827848970890045166015625" lon="118.1536770053207874298095703125">
        <ele>8</ele>
        <time>2026-09-09T13:35:18.000Z</time>
        <extensions>
          <ns3:TrackPointExtension>
            <ns3:hr>153</ns3:hr>
            <ns3:cad>87</ns3:cad>
          </ns3:TrackPointExtension>
        </extensions>
      </trkpt>
      <trkpt lat="24.53651321120560169219970703125" lon="118.15368932671844959259033203125">
        <ele>8</ele>
        <time>2026-09-09T13:35:19.000Z</time>
        <extensions>
          <ns3:TrackPointExtension>
            <ns3:hr>152</ns3:hr>
            <ns3:cad>87</ns3:cad>
          </ns3:TrackPointExtension>
        </extensions>
      </trkpt>
      <trkpt lat="24.53654170967638492584228515625" lon="118.15369335003197193145751953125">
        <ele>7.80000019073486328125</ele>
        <time>2026-09-09T13:35:20.000Z</time>
        <extensions>
          <ns3:TrackPointExtension>
            <ns3:hr>153</ns3:hr>
            <ns3:cad>87</ns3:cad>
          </ns3:TrackPointExtension>
        </extensions>
      </trkpt>
      <trkpt lat="24.53656685538589954376220703125" lon="118.15371774137020111083984375">
        <ele>7.80000019073486328125</ele>
        <time>2026-09-09T13:35:21.000Z</time>
        <extensions>
          <ns3:TrackPointExtension>
            <ns3:hr>153</ns3:hr>
            <ns3:cad>87</ns3:cad>
          </ns3:TrackPointExtension>
        </extensions>
      </trkpt>
      <trkpt lat="24.53658697195351123809814453125" lon="118.15373106859624385833740234375">
        <ele>7.80000019073486328125</ele>
        <time>2026-09-09T13:35:22.000Z</time>
        <extensions>
          <ns3:TrackPointExtension>
            <ns3:hr>153</ns3:hr>
            <ns3:cad>87</ns3:cad>
          </ns3:TrackPointExtension>
        </extensions>
      </trkpt>
      <trkpt lat="24.5366132073104381561279296875" lon="118.15375504083931446075439453125">
        <ele>7.80000019073486328125</ele>
        <time>2026-09-09T13:35:23.000Z</time>
        <extensions>
          <ns3:TrackPointExtension>
            <ns3:hr>153</ns3:hr>
            <ns3:cad>87</ns3:cad>
          </ns3:TrackPointExtension>
        </extensions>
      </trkpt>
      <trkpt lat="24.5366336591541767120361328125" lon="118.1537668593227863311767578125">
        <ele>7.80000019073486328125</ele>
        <time>2026-09-09T13:35:24.000Z</time>
        <extensions>
          <ns3:TrackPointExtension>
            <ns3:hr>154</ns3:hr>
            <ns3:cad>88</ns3:cad>
          </ns3:TrackPointExtension>
        </extensions>
      </trkpt>
      <trkpt lat="24.536664001643657684326171875" lon="118.153785131871700286865234375">
        <ele>7.80000019073486328125</ele>
        <time>2026-09-09T13:35:25.000Z</time>
        <extensions>
          <ns3:TrackPointExtension>
            <ns3:hr>155</ns3:hr>
            <ns3:cad>87</ns3:cad>
          </ns3:TrackPointExtension>
        </extensions>
      </trkpt>
      <trkpt lat="24.53668671660125255584716796875" lon="118.1538000516593456268310546875">
        <ele>7.80000019073486328125</ele>
        <time>2026-09-09T13:35:26.000Z</time>
        <extensions>
          <ns3:TrackPointExtension>
            <ns3:hr>155</ns3:hr>
            <ns3:cad>87</ns3:cad>
          </ns3:TrackPointExtension>
        </extensions>
      </trkpt>
      <trkpt lat="24.53671487979590892791748046875" lon="118.1538211740553379058837890625">
        <ele>7.80000019073486328125</ele>
        <time>2026-09-09T13:35:27.000Z</time>
        <extensions>
          <ns3:TrackPointExtension>
            <ns3:hr>156</ns3:hr>
            <ns3:cad>86</ns3:cad>
          </ns3:TrackPointExtension>
        </extensions>
      </trkpt>
      <trkpt lat="24.53673901967704296112060546875" lon="118.1538422964513301849365234375">
        <ele>7.80000019073486328125</ele>
        <time>2026-09-09T13:35:28.000Z</time>
        <extensions>
          <ns3:TrackPointExtension>
            <ns3:hr>156</ns3:hr>
            <ns3:cad>87</ns3:cad>
          </ns3:TrackPointExtension>
        </extensions>
      </trkpt>
      <trkpt lat="24.536767266690731048583984375" lon="118.15386149100959300994873046875">
        <ele>7.80000019073486328125</ele>
        <time>2026-09-09T13:35:29.000Z</time>
        <extensions>
          <ns3:TrackPointExtension>
            <ns3:hr>157</ns3:hr>
            <ns3:cad>88</ns3:cad>
          </ns3:TrackPointExtension>
        </extensions>
      </trkpt>
      <trkpt lat="24.53678830526769161224365234375" lon="118.15388512797653675079345703125">
        <ele>7.80000019073486328125</ele>
        <time>2026-09-09T13:35:30.000Z</time>
        <extensions>
          <ns3:TrackPointExtension>
            <ns3:hr>157</ns3:hr>
            <ns3:cad>88</ns3:cad>
          </ns3:TrackPointExtension>
        </extensions>
      </trkpt>
      <trkpt lat="24.5368153788149356842041015625" lon="118.153902478516101837158203125">
        <ele>7.80000019073486328125</ele>
        <time>2026-09-09T13:35:31.000Z</time>
        <extensions>
          <ns3:TrackPointExtension>
            <ns3:hr>157</ns3:hr>
            <ns3:cad>88</ns3:cad>
          </ns3:TrackPointExtension>
        </extensions>
      </trkpt>
      <trkpt lat="24.53683909960091114044189453125" lon="118.1539177335798740386962890625">
        <ele>7.599999904632568359375</ele>
        <time>2026-09-09T13:35:32.000Z</time>
        <extensions>
          <ns3:TrackPointExtension>
            <ns3:hr>157</ns3:hr>
            <ns3:cad>87</ns3:cad>
          </ns3:TrackPointExtension>
        </extensions>
      </trkpt>
      <trkpt lat="24.536865837872028350830078125" lon="118.15392804332077503204345703125">
        <ele>7.599999904632568359375</ele>
        <time>2026-09-09T13:35:33.000Z</time>
        <extensions>
          <ns3:TrackPointExtension>
            <ns3:hr>157</ns3:hr>
            <ns3:cad>87</ns3:cad>
          </ns3:TrackPointExtension>
        </extensions>
      </trkpt>
      <trkpt lat="24.5368911512196063995361328125" lon="118.15395352430641651153564453125">
        <ele>7.599999904632568359375</ele>
        <time>2026-09-09T13:35:34.000Z</time>
        <extensions>
          <ns3:TrackPointExtension>
            <ns3:hr>157</ns3:hr>
            <ns3:cad>88</ns3:cad>
          </ns3:TrackPointExtension>
        </extensions>
      </trkpt>
      <trkpt lat="24.5369152911007404327392578125" lon="118.1539640016853809356689453125">
        <ele>7.599999904632568359375</ele>
        <time>2026-09-09T13:35:35.000Z</time>
        <extensions>
          <ns3:TrackPointExtension>
            <ns3:hr>158</ns3:hr>
            <ns3:cad>88</ns3:cad>
          </ns3:TrackPointExtension>
        </extensions>
      </trkpt>
      <trkpt lat="24.53694722615182399749755859375" lon="118.15398252569139003753662109375">
        <ele>7.599999904632568359375</ele>
        <time>2026-09-09T13:35:36.000Z</time>
        <extensions>
          <ns3:TrackPointExtension>
            <ns3:hr>157</ns3:hr>
            <ns3:cad>89</ns3:cad>
          </ns3:TrackPointExtension>
        </extensions>
      </trkpt>
      <trkpt lat="24.53696901910006999969482421875" lon="118.15399660728871822357177734375">
        <ele>7.599999904632568359375</ele>
        <time>2026-09-09T13:35:37.000Z</time>
        <extensions>
          <ns3:TrackPointExtension>
            <ns3:hr>157</ns3:hr>
            <ns3:cad>89</ns3:cad>
          </ns3:TrackPointExtension>
        </extensions>
      </trkpt>
      <trkpt lat="24.536996595561504364013671875" lon="118.15401923842728137969970703125">
        <ele>7.400000095367431640625</ele>
        <time>2026-09-09T13:35:38.000Z</time>
        <extensions>
          <ns3:TrackPointExtension>
            <ns3:hr>157</ns3:hr>
            <ns3:cad>89</ns3:cad>
          </ns3:TrackPointExtension>
        </extensions>
      </trkpt>
      <trkpt lat="24.53701679594814777374267578125" lon="118.154034912586212158203125">
        <ele>7.400000095367431640625</ele>
        <time>2026-09-09T13:35:39.000Z</time>
        <extensions>
          <ns3:TrackPointExtension>
            <ns3:hr>158</ns3:hr>
            <ns3:cad>88</ns3:cad>
          </ns3:TrackPointExtension>
        </extensions>
      </trkpt>
      <trkpt lat="24.53704395331442356109619140625" lon="118.15405695699155330657958984375">
        <ele>7.400000095367431640625</ele>
        <time>2026-09-09T13:35:40.000Z</time>
        <extensions>
          <ns3:TrackPointExtension>
            <ns3:hr>157</ns3:hr>
            <ns3:cad>88</ns3:cad>
          </ns3:TrackPointExtension>
        </extensions>
      </trkpt>
      <trkpt lat="24.537065662443637847900390625" lon="118.154069446027278900146484375">
        <ele>7.400000095367431640625</ele>
        <time>2026-09-09T13:35:41.000Z</time>
        <extensions>
          <ns3:TrackPointExtension>
            <ns3:hr>157</ns3:hr>
            <ns3:cad>87</ns3:cad>
          </ns3:TrackPointExtension>
        </extensions>
      </trkpt>
      <trkpt lat="24.5370973460376262664794921875" lon="118.15408629365265369415283203125">
        <ele>7.400000095367431640625</ele>
        <time>2026-09-09T13:35:42.000Z</time>
        <extensions>
          <ns3:TrackPointExtension>
            <ns3:hr>158</ns3:hr>
            <ns3:cad>87</ns3:cad>
          </ns3:TrackPointExtension>
        </extensions>
      </trkpt>
      <trkpt lat="24.5371224917471408843994140625" lon="118.154102303087711334228515625">
        <ele>7.19999980926513671875</ele>
        <time>2026-09-09T13:35:43.000Z</time>
        <extensions>
          <ns3:TrackPointExtension>
            <ns3:hr>157</ns3:hr>
            <ns3:cad>88</ns3:cad>
          </ns3:TrackPointExtension>
        </extensions>
      </trkpt>
      <trkpt lat="24.53715023584663867950439453125" lon="118.15411495976150035858154296875">
        <ele>7.19999980926513671875</ele>
        <time>2026-09-09T13:35:44.000Z</time>
        <extensions>
          <ns3:TrackPointExtension>
            <ns3:hr>157</ns3:hr>
            <ns3:cad>88</ns3:cad>
          </ns3:TrackPointExtension>
        </extensions>
      </trkpt>
      <trkpt lat="24.53718007542192935943603515625" lon="118.15413122065365314483642578125">
        <ele>7.19999980926513671875</ele>
        <time>2026-09-09T13:35:45.000Z</time>
        <extensions>
          <ns3:TrackPointExtension>
            <ns3:hr>157</ns3:hr>
            <ns3:cad>88</ns3:cad>
          </ns3:TrackPointExtension>
        </extensions>
      </trkpt>
      <trkpt lat="24.537209160625934600830078125" lon="118.15414412878453731536865234375">
        <ele>7.19999980926513671875</ele>
        <time>2026-09-09T13:35:46.000Z</time>
        <extensions>
          <ns3:TrackPointExtension>
            <ns3:hr>157</ns3:hr>
            <ns3:cad>88</ns3:cad>
          </ns3:TrackPointExtension>
        </extensions>
      </trkpt>
      <trkpt lat="24.53723941929638385772705078125" lon="118.15416675992310047149658203125">
        <ele>7.19999980926513671875</ele>
        <time>2026-09-09T13:35:47.000Z</time>
        <extensions>
          <ns3:TrackPointExtension>
            <ns3:hr>157</ns3:hr>
            <ns3:cad>87</ns3:cad>
          </ns3:TrackPointExtension>
        </extensions>
      </trkpt>
      <trkpt lat="24.53726121224462985992431640625" lon="118.154178746044635772705078125">
        <ele>7.19999980926513671875</ele>
        <time>2026-09-09T13:35:48.000Z</time>
        <extensions>
          <ns3:TrackPointExtension>
            <ns3:hr>156</ns3:hr>
            <ns3:cad>87</ns3:cad>
          </ns3:TrackPointExtension>
        </extensions>
      </trkpt>
      <trkpt lat="24.5372904650866985321044921875" lon="118.15420011989772319793701171875">
        <ele>7.19999980926513671875</ele>
        <time>2026-09-09T13:35:49.000Z</time>
        <extensions>
          <ns3:TrackPointExtension>
            <ns3:hr>155</ns3:hr>
            <ns3:cad>87</ns3:cad>
          </ns3:TrackPointExtension>
        </extensions>
      </trkpt>
      <trkpt lat="24.53731334768235683441162109375" lon="118.15421051345765590667724609375">
        <ele>7.19999980926513671875</ele>
        <time>2026-09-09T13:35:50.000Z</time>
        <extensions>
          <ns3:TrackPointExtension>
            <ns3:hr>154</ns3:hr>
            <ns3:cad>87</ns3:cad>
          </ns3:TrackPointExtension>
        </extensions>
      </trkpt>
      <trkpt lat="24.5373444445431232452392578125" lon="118.1542281992733478546142578125">
        <ele>7.19999980926513671875</ele>
        <time>2026-09-09T13:35:51.000Z</time>
        <extensions>
          <ns3:TrackPointExtension>
            <ns3:hr>154</ns3:hr>
            <ns3:cad>88</ns3:cad>
          </ns3:TrackPointExtension>
        </extensions>
      </trkpt>
      <trkpt lat="24.5373665727674961090087890625" lon="118.15423800610005855560302734375">
        <ele>7.19999980926513671875</ele>
        <time>2026-09-09T13:35:52.000Z</time>
        <extensions>
          <ns3:TrackPointExtension>
            <ns3:hr>154</ns3:hr>
            <ns3:cad>88</ns3:cad>
          </ns3:TrackPointExtension>
        </extensions>
      </trkpt>
      <trkpt lat="24.53739414922893047332763671875" lon="118.154257871210575103759765625">
        <ele>7.19999980926513671875</ele>
        <time>2026-09-09T13:35:53.000Z</time>
        <extensions>
          <ns3:TrackPointExtension>
            <ns3:hr>153</ns3:hr>
            <ns3:cad>88</ns3:cad>
          </ns3:TrackPointExtension>
        </extensions>
      </trkpt>
      <trkpt lat="24.53742013312876224517822265625" lon="118.1542731262743473052978515625">
        <ele>7.19999980926513671875</ele>
        <time>2026-09-09T13:35:54.000Z</time>
        <extensions>
          <ns3:TrackPointExtension>
            <ns3:hr>153</ns3:hr>
            <ns3:cad>87</ns3:cad>
          </ns3:TrackPointExtension>
        </extensions>
      </trkpt>
      <trkpt lat="24.53744997270405292510986328125" lon="118.1542932428419589996337890625">
        <ele>7.19999980926513671875</ele>
        <time>2026-09-09T13:35:55.000Z</time>
        <extensions>
          <ns3:TrackPointExtension>
            <ns3:hr>153</ns3:hr>
            <ns3:cad>87</ns3:cad>
          </ns3:TrackPointExtension>
        </extensions>
      </trkpt>
      <trkpt lat="24.53747159801423549652099609375" lon="118.154310844838619232177734375">
        <ele>7.19999980926513671875</ele>
        <time>2026-09-09T13:35:56.000Z</time>
        <extensions>
          <ns3:TrackPointExtension>
            <ns3:hr>153</ns3:hr>
            <ns3:cad>87</ns3:cad>
          </ns3:TrackPointExtension>
        </extensions>
      </trkpt>
      <trkpt lat="24.5374996773898601531982421875" lon="118.154341019690036773681640625">
        <ele>7.19999980926513671875</ele>
        <time>2026-09-09T13:35:57.000Z</time>
        <extensions>
          <ns3:TrackPointExtension>
            <ns3:hr>152</ns3:hr>
            <ns3:cad>88</ns3:cad>
          </ns3:TrackPointExtension>
        </extensions>
      </trkpt>
      <trkpt lat="24.53751736320555210113525390625" lon="118.1543773971498012542724609375">
        <ele>7.19999980926513671875</ele>
        <time>2026-09-09T13:35:58.000Z</time>
        <extensions>
          <ns3:TrackPointExtension>
            <ns3:hr>152</ns3:hr>
            <ns3:cad>89</ns3:cad>
          </ns3:TrackPointExtension>
        </extensions>
      </trkpt>
      <trkpt lat="24.5375275053083896636962890625" lon="118.15441000275313854217529296875">
        <ele>7.19999980926513671875</ele>
        <time>2026-09-09T13:35:59.000Z</time>
        <extensions>
          <ns3:TrackPointExtension>
            <ns3:hr>152</ns3:hr>
            <ns3:cad>89</ns3:cad>
          </ns3:TrackPointExtension>
        </extensions>
      </trkpt>
      <trkpt lat="24.53752205707132816314697265625" lon="118.15443799830973148345947265625">
        <ele>7.19999980926513671875</ele>
        <time>2026-09-09T13:36:00.000Z</time>
        <extensions>
          <ns3:TrackPointExtension>
            <ns3:hr>152</ns3:hr>
            <ns3:cad>89</ns3:cad>
          </ns3:TrackPointExtension>
        </extensions>
      </trkpt>
      <trkpt lat="24.53751384280622005462646484375" lon="118.15447546541690826416015625">
        <ele>7.19999980926513671875</ele>
        <time>2026-09-09T13:36:01.000Z</time>
        <extensions>
          <ns3:TrackPointExtension>
            <ns3:hr>152</ns3:hr>
            <ns3:cad>89</ns3:cad>
          </ns3:TrackPointExtension>
        </extensions>
      </trkpt>
      <trkpt lat="24.53750043176114559173583984375" lon="118.15450471825897693634033203125">
        <ele>7.19999980926513671875</ele>
        <time>2026-09-09T13:36:02.000Z</time>
        <extensions>
          <ns3:TrackPointExtension>
            <ns3:hr>151</ns3:hr>
            <ns3:cad>88</ns3:cad>
          </ns3:TrackPointExtension>
        </extensions>
      </trkpt>
      <trkpt lat="24.53749003820121288299560546875" lon="118.1545369885861873626708984375">
        <ele>7</ele>
        <time>2026-09-09T13:36:03.000Z</time>
        <extensions>
          <ns3:TrackPointExtension>
            <ns3:hr>151</ns3:hr>
            <ns3:cad>88</ns3:cad>
          </ns3:TrackPointExtension>
        </extensions>
      </trkpt>
      <trkpt lat="24.53747210092842578887939453125" lon="118.1545691750943660736083984375">
        <ele>7</ele>
        <time>2026-09-09T13:36:04.000Z</time>
        <extensions>
          <ns3:TrackPointExtension>
            <ns3:hr>151</ns3:hr>
            <ns3:cad>89</ns3:cad>
          </ns3:TrackPointExtension>
        </extensions>
      </trkpt>
      <trkpt lat="24.5374658145010471343994140625" lon="118.15459859557449817657470703125">
        <ele>7</ele>
        <time>2026-09-09T13:36:05.000Z</time>
        <extensions>
          <ns3:TrackPointExtension>
            <ns3:hr>151</ns3:hr>
            <ns3:cad>89</ns3:cad>
          </ns3:TrackPointExtension>
        </extensions>
      </trkpt>
      <trkpt lat="24.5374448597431182861328125" lon="118.15463237464427947998046875">
        <ele>7</ele>
        <time>2026-09-09T13:36:06.000Z</time>
        <extensions>
          <ns3:TrackPointExtension>
            <ns3:hr>151</ns3:hr>
            <ns3:cad>89</ns3:cad>
          </ns3:TrackPointExtension>
        </extensions>
      </trkpt>
      <trkpt lat="24.53743723221123218536376953125" lon="118.15465391613543033599853515625">
        <ele>7</ele>
        <time>2026-09-09T13:36:07.000Z</time>
        <extensions>
          <ns3:TrackPointExtension>
            <ns3:hr>151</ns3:hr>
            <ns3:cad>89</ns3:cad>
          </ns3:TrackPointExtension>
        </extensions>
      </trkpt>
      <trkpt lat="24.53741543926298618316650390625" lon="118.15468509681522846221923828125">
        <ele>7</ele>
        <time>2026-09-09T13:36:08.000Z</time>
        <extensions>
          <ns3:TrackPointExtension>
            <ns3:hr>150</ns3:hr>
            <ns3:cad>88</ns3:cad>
          </ns3:TrackPointExtension>
        </extensions>
      </trkpt>
      <trkpt lat="24.53740261495113372802734375" lon="118.15470085479319095611572265625">
        <ele>7</ele>
        <time>2026-09-09T13:36:09.000Z</time>
        <extensions>
          <ns3:TrackPointExtension>
            <ns3:hr>150</ns3:hr>
            <ns3:cad>87</ns3:cad>
          </ns3:TrackPointExtension>
        </extensions>
      </trkpt>
      <trkpt lat="24.5373806543648242950439453125" lon="118.154729269444942474365234375">
        <ele>7</ele>
        <time>2026-09-09T13:36:10.000Z</time>
        <extensions>
          <ns3:TrackPointExtension>
            <ns3:hr>150</ns3:hr>
            <ns3:cad>87</ns3:cad>
          </ns3:TrackPointExtension>
        </extensions>
      </trkpt>
      <trkpt lat="24.5373645611107349395751953125" lon="118.1547455303370952606201171875">
        <ele>7</ele>
        <time>2026-09-09T13:36:11.000Z</time>
        <extensions>
          <ns3:TrackPointExtension>
            <ns3:hr>150</ns3:hr>
            <ns3:cad>87</ns3:cad>
          </ns3:TrackPointExtension>
        </extensions>
      </trkpt>
      <trkpt lat="24.5373456180095672607421875" lon="118.15477461554110050201416015625">
        <ele>7.19999980926513671875</ele>
        <time>2026-09-09T13:36:12.000Z</time>
        <extensions>
          <ns3:TrackPointExtension>
            <ns3:hr>150</ns3:hr>
            <ns3:cad>87</ns3:cad>
          </ns3:TrackPointExtension>
        </extensions>
      </trkpt>
      <trkpt lat="24.53733245842158794403076171875" lon="118.15480495803058147430419921875">
        <ele>7.19999980926513671875</ele>
        <time>2026-09-09T13:36:13.000Z</time>
        <extensions>
          <ns3:TrackPointExtension>
            <ns3:hr>151</ns3:hr>
            <ns3:cad>88</ns3:cad>
          </ns3:TrackPointExtension>
        </extensions>
      </trkpt>
      <trkpt lat="24.537327848374843597412109375" lon="118.1548350490629673004150390625">
        <ele>7.19999980926513671875</ele>
        <time>2026-09-09T13:36:14.000Z</time>
        <extensions>
          <ns3:TrackPointExtension>
            <ns3:hr>151</ns3:hr>
            <ns3:cad>88</ns3:cad>
          </ns3:TrackPointExtension>
        </extensions>
      </trkpt>
      <trkpt lat="24.5373107492923736572265625" lon="118.1548632122576236724853515625">
        <ele>7.400000095367431640625</ele>
        <time>2026-09-09T13:36:15.000Z</time>
        <extensions>
          <ns3:TrackPointExtension>
            <ns3:hr>152</ns3:hr>
            <ns3:cad>88</ns3:cad>
          </ns3:TrackPointExtension>
        </extensions>
      </trkpt>
      <trkpt lat="24.53730278648436069488525390625" lon="118.1548900343477725982666015625">
        <ele>7.400000095367431640625</ele>
        <time>2026-09-09T13:36:16.000Z</time>
        <extensions>
          <ns3:TrackPointExtension>
            <ns3:hr>152</ns3:hr>
            <ns3:cad>88</ns3:cad>
          </ns3:TrackPointExtension>
        </extensions>
      </trkpt>
      <trkpt lat="24.537279568612575531005859375" lon="118.154919706284999847412109375">
        <ele>7.400000095367431640625</ele>
        <time>2026-09-09T13:36:17.000Z</time>
        <extensions>
          <ns3:TrackPointExtension>
            <ns3:hr>153</ns3:hr>
            <ns3:cad>88</ns3:cad>
          </ns3:TrackPointExtension>
        </extensions>
      </trkpt>
      <trkpt lat="24.53726825304329395294189453125" lon="118.15494141541421413421630859375">
        <ele>7.400000095367431640625</ele>
        <time>2026-09-09T13:36:18.000Z</time>
        <extensions>
          <ns3:TrackPointExtension>
            <ns3:hr>153</ns3:hr>
            <ns3:cad>86</ns3:cad>
          </ns3:TrackPointExtension>
        </extensions>
      </trkpt>
      <trkpt lat="24.5372438617050647735595703125" lon="118.15497108735144138336181640625">
        <ele>7.400000095367431640625</ele>
        <time>2026-09-09T13:36:19.000Z</time>
        <extensions>
          <ns3:TrackPointExtension>
            <ns3:hr>153</ns3:hr>
            <ns3:cad>86</ns3:cad>
          </ns3:TrackPointExtension>
        </extensions>
      </trkpt>
      <trkpt lat="24.53723288141191005706787109375" lon="118.1549916230142116546630859375">
        <ele>7.400000095367431640625</ele>
        <time>2026-09-09T13:36:20.000Z</time>
        <extensions>
          <ns3:TrackPointExtension>
            <ns3:hr>154</ns3:hr>
            <ns3:cad>88</ns3:cad>
          </ns3:TrackPointExtension>
        </extensions>
      </trkpt>
      <trkpt lat="24.53720991499722003936767578125" lon="118.15502456389367580413818359375">
        <ele>7.599999904632568359375</ele>
        <time>2026-09-09T13:36:21.000Z</time>
        <extensions>
          <ns3:TrackPointExtension>
            <ns3:hr>154</ns3:hr>
            <ns3:cad>88</ns3:cad>
          </ns3:TrackPointExtension>
        </extensions>
      </trkpt>
      <trkpt lat="24.5371972583234310150146484375" lon="118.1550506316125392913818359375">
        <ele>7.599999904632568359375</ele>
        <time>2026-09-09T13:36:22.000Z</time>
        <extensions>
          <ns3:TrackPointExtension>
            <ns3:hr>154</ns3:hr>
            <ns3:cad>88</ns3:cad>
          </ns3:TrackPointExtension>
        </extensions>
      </trkpt>
      <trkpt lat="24.537178985774517059326171875" lon="118.15508139319717884063720703125">
        <ele>7.599999904632568359375</ele>
        <time>2026-09-09T13:36:23.000Z</time>
        <extensions>
          <ns3:TrackPointExtension>
            <ns3:hr>155</ns3:hr>
            <ns3:cad>87</ns3:cad>
          </ns3:TrackPointExtension>
        </extensions>
      </trkpt>
      <trkpt lat="24.5371605455875396728515625" lon="118.1551076285541057586669921875">
        <ele>7.599999904632568359375</ele>
        <time>2026-09-09T13:36:24.000Z</time>
        <extensions>
          <ns3:TrackPointExtension>
            <ns3:hr>155</ns3:hr>
            <ns3:cad>87</ns3:cad>
          </ns3:TrackPointExtension>
        </extensions>
      </trkpt>
      <trkpt lat="24.53714621253311634063720703125" lon="118.1551373004913330078125">
        <ele>7.599999904632568359375</ele>
        <time>2026-09-09T13:36:25.000Z</time>
        <extensions>
          <ns3:TrackPointExtension>
            <ns3:hr>156</ns3:hr>
            <ns3:cad>87</ns3:cad>
          </ns3:TrackPointExtension>
        </extensions>
      </trkpt>
      <trkpt lat="24.5371268503367900848388671875" lon="118.15516747534275054931640625">
        <ele>7.599999904632568359375</ele>
        <time>2026-09-09T13:36:26.000Z</time>
        <extensions>
          <ns3:TrackPointExtension>
            <ns3:hr>156</ns3:hr>
            <ns3:cad>87</ns3:cad>
          </ns3:TrackPointExtension>
        </extensions>
      </trkpt>
      <trkpt lat="24.53711939044296741485595703125" lon="118.15519236959517002105712890625">
        <ele>7.80000019073486328125</ele>
        <time>2026-09-09T13:36:27.000Z</time>
        <extensions>
          <ns3:TrackPointExtension>
            <ns3:hr>156</ns3:hr>
            <ns3:cad>87</ns3:cad>
          </ns3:TrackPointExtension>
        </extensions>
      </trkpt>
      <trkpt lat="24.53710815869271755218505859375" lon="118.15521902404725551605224609375">
        <ele>7.80000019073486328125</ele>
        <time>2026-09-09T13:36:28.000Z</time>
        <extensions>
          <ns3:TrackPointExtension>
            <ns3:hr>156</ns3:hr>
            <ns3:cad>88</ns3:cad>
          </ns3:TrackPointExtension>
        </extensions>
      </trkpt>
      <trkpt lat="24.53710095025599002838134765625" lon="118.15524517558515071868896484375">
        <ele>7.80000019073486328125</ele>
        <time>2026-09-09T13:36:29.000Z</time>
        <extensions>
          <ns3:TrackPointExtension>
            <ns3:hr>157</ns3:hr>
            <ns3:cad>88</ns3:cad>
          </ns3:TrackPointExtension>
        </extensions>
      </trkpt>
      <trkpt lat="24.53709407709538936614990234375" lon="118.15528188832104206085205078125">
        <ele>7.80000019073486328125</ele>
        <time>2026-09-09T13:36:30.000Z</time>
        <extensions>
          <ns3:TrackPointExtension>
            <ns3:hr>158</ns3:hr>
            <ns3:cad>88</ns3:cad>
          </ns3:TrackPointExtension>
        </extensions>
      </trkpt>
      <trkpt lat="24.5370936580002307891845703125" lon="118.15531156025826930999755859375">
        <ele>7.80000019073486328125</ele>
        <time>2026-09-09T13:36:31.000Z</time>
        <extensions>
          <ns3:TrackPointExtension>
            <ns3:hr>158</ns3:hr>
            <ns3:cad>88</ns3:cad>
          </ns3:TrackPointExtension>
        </extensions>
      </trkpt>
      <trkpt lat="24.537082426249980926513671875" lon="118.15534089691936969757080078125">
        <ele>7.80000019073486328125</ele>
        <time>2026-09-09T13:36:32.000Z</time>
        <extensions>
          <ns3:TrackPointExtension>
            <ns3:hr>158</ns3:hr>
            <ns3:cad>87</ns3:cad>
          </ns3:TrackPointExtension>
        </extensions>
      </trkpt>
      <trkpt lat="24.5370758883655071258544921875" lon="118.15536486916244029998779296875">
        <ele>7.80000019073486328125</ele>
        <time>2026-09-09T13:36:33.000Z</time>
        <extensions>
          <ns3:TrackPointExtension>
            <ns3:hr>158</ns3:hr>
            <ns3:cad>87</ns3:cad>
          </ns3:TrackPointExtension>
        </extensions>
      </trkpt>
      <trkpt lat="24.5370544306933879852294921875" lon="118.15539638511836528778076171875">
        <ele>7.80000019073486328125</ele>
        <time>2026-09-09T13:36:34.000Z</time>
        <extensions>
          <ns3:TrackPointExtension>
            <ns3:hr>158</ns3:hr>
            <ns3:cad>87</ns3:cad>
          </ns3:TrackPointExtension>
        </extensions>
      </trkpt>
      <trkpt lat="24.53703758306801319122314453125" lon="118.15541901625692844390869140625">
        <ele>8</ele>
        <time>2026-09-09T13:36:35.000Z</time>
        <extensions>
          <ns3:TrackPointExtension>
            <ns3:hr>158</ns3:hr>
            <ns3:cad>89</ns3:cad>
          </ns3:TrackPointExtension>
        </extensions>
      </trkpt>
      <trkpt lat="24.537013359367847442626953125" lon="118.15544868819415569305419921875">
        <ele>8</ele>
        <time>2026-09-09T13:36:36.000Z</time>
        <extensions>
          <ns3:TrackPointExtension>
            <ns3:hr>159</ns3:hr>
            <ns3:cad>89</ns3:cad>
          </ns3:TrackPointExtension>
        </extensions>
      </trkpt>
      <trkpt lat="24.53699533827602863311767578125" lon="118.1554765999317169189453125">
        <ele>8</ele>
        <time>2026-09-09T13:36:37.000Z</time>
        <extensions>
          <ns3:TrackPointExtension>
            <ns3:hr>158</ns3:hr>
            <ns3:cad>89</ns3:cad>
          </ns3:TrackPointExtension>
        </extensions>
      </trkpt>
      <trkpt lat="24.536976478993892669677734375" lon="118.155501745641231536865234375">
        <ele>8</ele>
        <time>2026-09-09T13:36:38.000Z</time>
        <extensions>
          <ns3:TrackPointExtension>
            <ns3:hr>158</ns3:hr>
            <ns3:cad>88</ns3:cad>
          </ns3:TrackPointExtension>
        </extensions>
      </trkpt>
      <trkpt lat="24.5369561947882175445556640625" lon="118.15552420914173126220703125">
        <ele>8</ele>
        <time>2026-09-09T13:36:39.000Z</time>
        <extensions>
          <ns3:TrackPointExtension>
            <ns3:hr>158</ns3:hr>
            <ns3:cad>88</ns3:cad>
          </ns3:TrackPointExtension>
        </extensions>
      </trkpt>
      <trkpt lat="24.53693415038287639617919921875" lon="118.1555572338402271270751953125">
        <ele>8.19999980926513671875</ele>
        <time>2026-09-09T13:36:40.000Z</time>
        <extensions>
          <ns3:TrackPointExtension>
            <ns3:hr>158</ns3:hr>
            <ns3:cad>88</ns3:cad>
          </ns3:TrackPointExtension>
        </extensions>
      </trkpt>
      <trkpt lat="24.53691755421459674835205078125" lon="118.15558321774005889892578125">
        <ele>8.19999980926513671875</ele>
        <time>2026-09-09T13:36:41.000Z</time>
        <extensions>
          <ns3:TrackPointExtension>
            <ns3:hr>158</ns3:hr>
            <ns3:cad>88</ns3:cad>
          </ns3:TrackPointExtension>
        </extensions>
      </trkpt>
      <trkpt lat="24.5368991978466510772705078125" lon="118.15561263822019100189208984375">
        <ele>8.19999980926513671875</ele>
        <time>2026-09-09T13:36:42.000Z</time>
        <extensions>
          <ns3:TrackPointExtension>
            <ns3:hr>159</ns3:hr>
            <ns3:cad>90</ns3:cad>
          </ns3:TrackPointExtension>
        </extensions>
      </trkpt>
      <trkpt lat="24.536878578364849090576171875" lon="118.15564080141484737396240234375">
        <ele>8.19999980926513671875</ele>
        <time>2026-09-09T13:36:43.000Z</time>
        <extensions>
          <ns3:TrackPointExtension>
            <ns3:hr>158</ns3:hr>
            <ns3:cad>90</ns3:cad>
          </ns3:TrackPointExtension>
        </extensions>
      </trkpt>
      <trkpt lat="24.53686927445232868194580078125" lon="118.1556670367717742919921875">
        <ele>8.19999980926513671875</ele>
        <time>2026-09-09T13:36:44.000Z</time>
        <extensions>
          <ns3:TrackPointExtension>
            <ns3:hr>158</ns3:hr>
            <ns3:cad>90</ns3:cad>
          </ns3:TrackPointExtension>
        </extensions>
      </trkpt>
      <trkpt lat="24.53684764914214611053466796875" lon="118.15569561906158924102783203125">
        <ele>8.19999980926513671875</ele>
        <time>2026-09-09T13:36:45.000Z</time>
        <extensions>
          <ns3:TrackPointExtension>
            <ns3:hr>159</ns3:hr>
            <ns3:cad>89</ns3:cad>
          </ns3:TrackPointExtension>
        </extensions>
      </trkpt>
      <trkpt lat="24.53683977015316486358642578125" lon="118.15572126768529415130615234375">
        <ele>8.19999980926513671875</ele>
        <time>2026-09-09T13:36:46.000Z</time>
        <extensions>
          <ns3:TrackPointExtension>
            <ns3:hr>159</ns3:hr>
            <ns3:cad>88</ns3:cad>
          </ns3:TrackPointExtension>
        </extensions>
      </trkpt>
      <trkpt lat="24.53682015649974346160888671875" lon="118.15575228072702884674072265625">
        <ele>8.3999996185302734375</ele>
        <time>2026-09-09T13:36:47.000Z</time>
        <extensions>
          <ns3:TrackPointExtension>
            <ns3:hr>159</ns3:hr>
            <ns3:cad>87</ns3:cad>
          </ns3:TrackPointExtension>
        </extensions>
      </trkpt>
      <trkpt lat="24.53680984675884246826171875" lon="118.15577021799981594085693359375">
        <ele>8.3999996185302734375</ele>
        <time>2026-09-09T13:36:48.000Z</time>
        <extensions>
          <ns3:TrackPointExtension>
            <ns3:hr>159</ns3:hr>
            <ns3:cad>87</ns3:cad>
          </ns3:TrackPointExtension>
        </extensions>
      </trkpt>
      <trkpt lat="24.53678629361093044281005859375" lon="118.155799806118011474609375">
        <ele>8.3999996185302734375</ele>
        <time>2026-09-09T13:36:49.000Z</time>
        <extensions>
          <ns3:TrackPointExtension>
            <ns3:hr>159</ns3:hr>
            <ns3:cad>88</ns3:cad>
          </ns3:TrackPointExtension>
        </extensions>
      </trkpt>
      <trkpt lat="24.53677254728972911834716796875" lon="118.155818246304988861083984375">
        <ele>8.3999996185302734375</ele>
        <time>2026-09-09T13:36:50.000Z</time>
        <extensions>
          <ns3:TrackPointExtension>
            <ns3:hr>158</ns3:hr>
            <ns3:cad>88</ns3:cad>
          </ns3:TrackPointExtension>
        </extensions>
      </trkpt>
      <trkpt lat="24.53675159253180027008056640625" lon="118.15584741532802581787109375">
        <ele>8.6000003814697265625</ele>
        <time>2026-09-09T13:36:51.000Z</time>
        <extensions>
          <ns3:TrackPointExtension>
            <ns3:hr>158</ns3:hr>
            <ns3:cad>88</ns3:cad>
          </ns3:TrackPointExtension>
        </extensions>
      </trkpt>
      <trkpt lat="24.53673717565834522247314453125" lon="118.155869878828525543212890625">
        <ele>8.6000003814697265625</ele>
        <time>2026-09-09T13:36:52.000Z</time>
        <extensions>
          <ns3:TrackPointExtension>
            <ns3:hr>158</ns3:hr>
            <ns3:cad>88</ns3:cad>
          </ns3:TrackPointExtension>
        </extensions>
      </trkpt>
      <trkpt lat="24.5367221720516681671142578125" lon="118.1559012271463871002197265625">
        <ele>8.6000003814697265625</ele>
        <time>2026-09-09T13:36:53.000Z</time>
        <extensions>
          <ns3:TrackPointExtension>
            <ns3:hr>159</ns3:hr>
            <ns3:cad>87</ns3:cad>
          </ns3:TrackPointExtension>
        </extensions>
      </trkpt>
      <trkpt lat="24.53670465387403964996337890625" lon="118.15592695958912372589111328125">
        <ele>8.6000003814697265625</ele>
        <time>2026-09-09T13:36:54.000Z</time>
        <extensions>
          <ns3:TrackPointExtension>
            <ns3:hr>158</ns3:hr>
            <ns3:cad>87</ns3:cad>
          </ns3:TrackPointExtension>
        </extensions>
      </trkpt>
      <trkpt lat="24.53669174574315547943115234375" lon="118.15596048720180988311767578125">
        <ele>8.6000003814697265625</ele>
        <time>2026-09-09T13:36:55.000Z</time>
        <extensions>
          <ns3:TrackPointExtension>
            <ns3:hr>158</ns3:hr>
            <ns3:cad>87</ns3:cad>
          </ns3:TrackPointExtension>
        </extensions>
      </trkpt>
      <trkpt lat="24.53667732886970043182373046875" lon="118.15598898567259311676025390625">
        <ele>8.6000003814697265625</ele>
        <time>2026-09-09T13:36:56.000Z</time>
        <extensions>
          <ns3:TrackPointExtension>
            <ns3:hr>158</ns3:hr>
            <ns3:cad>87</ns3:cad>
          </ns3:TrackPointExtension>
        </extensions>
      </trkpt>
      <trkpt lat="24.53666173852980136871337890625" lon="118.15602335147559642791748046875">
        <ele>8.6000003814697265625</ele>
        <time>2026-09-09T13:36:57.000Z</time>
        <extensions>
          <ns3:TrackPointExtension>
            <ns3:hr>158</ns3:hr>
            <ns3:cad>88</ns3:cad>
          </ns3:TrackPointExtension>
        </extensions>
      </trkpt>
      <trkpt lat="24.5366370119154453277587890625" lon="118.15604799427092075347900390625">
        <ele>8.6000003814697265625</ele>
        <time>2026-09-09T13:36:58.000Z</time>
        <extensions>
          <ns3:TrackPointExtension>
            <ns3:hr>158</ns3:hr>
            <ns3:cad>88</ns3:cad>
          </ns3:TrackPointExtension>
        </extensions>
      </trkpt>
      <trkpt lat="24.5366212539374828338623046875" lon="118.15607481636106967926025390625">
        <ele>8.6000003814697265625</ele>
        <time>2026-09-09T13:36:59.000Z</time>
        <extensions>
          <ns3:TrackPointExtension>
            <ns3:hr>159</ns3:hr>
            <ns3:cad>88</ns3:cad>
          </ns3:TrackPointExtension>
        </extensions>
      </trkpt>
      <trkpt lat="24.53659183345735073089599609375" lon="118.15609174780547618865966796875">
        <ele>8.80000019073486328125</ele>
        <time>2026-09-09T13:37:00.000Z</time>
        <extensions>
          <ns3:TrackPointExtension>
            <ns3:hr>159</ns3:hr>
            <ns3:cad>88</ns3:cad>
          </ns3:TrackPointExtension>
        </extensions>
      </trkpt>
      <trkpt lat="24.5365622453391551971435546875" lon="118.156109936535358428955078125">
        <ele>8.80000019073486328125</ele>
        <time>2026-09-09T13:37:01.000Z</time>
        <extensions>
          <ns3:TrackPointExtension>
            <ns3:hr>159</ns3:hr>
            <ns3:cad>88</ns3:cad>
          </ns3:TrackPointExtension>
        </extensions>
      </trkpt>
      <trkpt lat="24.5365330763161182403564453125" lon="118.15611806698143482208251953125">
        <ele>8.80000019073486328125</ele>
        <time>2026-09-09T13:37:02.000Z</time>
        <extensions>
          <ns3:TrackPointExtension>
            <ns3:hr>159</ns3:hr>
            <ns3:cad>89</ns3:cad>
          </ns3:TrackPointExtension>
        </extensions>
      </trkpt>
      <trkpt lat="24.5365002192556858062744140625" lon="118.1561288796365261077880859375">
        <ele>8.80000019073486328125</ele>
        <time>2026-09-09T13:37:03.000Z</time>
        <extensions>
          <ns3:TrackPointExtension>
            <ns3:hr>159</ns3:hr>
            <ns3:cad>89</ns3:cad>
          </ns3:TrackPointExtension>
        </extensions>
      </trkpt>
      <trkpt lat="24.5364680327475070953369140625" lon="118.15613550134003162384033203125">
        <ele>8.80000019073486328125</ele>
        <time>2026-09-09T13:37:04.000Z</time>
        <extensions>
          <ns3:TrackPointExtension>
            <ns3:hr>159</ns3:hr>
            <ns3:cad>91</ns3:cad>
          </ns3:TrackPointExtension>
        </extensions>
      </trkpt>
      <trkpt lat="24.53643676824867725372314453125" lon="118.15613248385488986968994140625">
        <ele>8.80000019073486328125</ele>
        <time>2026-09-09T13:37:05.000Z</time>
        <extensions>
          <ns3:TrackPointExtension>
            <ns3:hr>159</ns3:hr>
            <ns3:cad>91</ns3:cad>
          </ns3:TrackPointExtension>
        </extensions>
      </trkpt>
      <trkpt lat="24.53640676103532314300537109375" lon="118.15612544305622577667236328125">
        <ele>8.80000019073486328125</ele>
        <time>2026-09-09T13:37:06.000Z</time>
        <extensions>
          <ns3:TrackPointExtension>
            <ns3:hr>159</ns3:hr>
            <ns3:cad>91</ns3:cad>
          </ns3:TrackPointExtension>
        </extensions>
      </trkpt>
      <trkpt lat="24.53637859784066677093505859375" lon="118.15611555241048336029052734375">
        <ele>8.80000019073486328125</ele>
        <time>2026-09-09T13:37:07.000Z</time>
        <extensions>
          <ns3:TrackPointExtension>
            <ns3:hr>160</ns3:hr>
            <ns3:cad>90</ns3:cad>
          </ns3:TrackPointExtension>
        </extensions>
      </trkpt>
      <trkpt lat="24.53635127283632755279541015625" lon="118.1561042368412017822265625">
        <ele>9</ele>
        <time>2026-09-09T13:37:08.000Z</time>
        <extensions>
          <ns3:TrackPointExtension>
            <ns3:hr>160</ns3:hr>
            <ns3:cad>90</ns3:cad>
          </ns3:TrackPointExtension>
        </extensions>
      </trkpt>
      <trkpt lat="24.5363282226026058197021484375" lon="118.15608236007392406463623046875">
        <ele>9</ele>
        <time>2026-09-09T13:37:09.000Z</time>
        <extensions>
          <ns3:TrackPointExtension>
            <ns3:hr>160</ns3:hr>
            <ns3:cad>90</ns3:cad>
          </ns3:TrackPointExtension>
        </extensions>
      </trkpt>
      <trkpt lat="24.53630181960761547088623046875" lon="118.1560640037059783935546875">
        <ele>9</ele>
        <time>2026-09-09T13:37:10.000Z</time>
        <extensions>
          <ns3:TrackPointExtension>
            <ns3:hr>160</ns3:hr>
            <ns3:cad>90</ns3:cad>
          </ns3:TrackPointExtension>
        </extensions>
      </trkpt>
      <trkpt lat="24.5362725667655467987060546875" lon="118.15604782663285732269287109375">
        <ele>9</ele>
        <time>2026-09-09T13:37:11.000Z</time>
        <extensions>
          <ns3:TrackPointExtension>
            <ns3:hr>159</ns3:hr>
            <ns3:cad>91</ns3:cad>
          </ns3:TrackPointExtension>
        </extensions>
      </trkpt>
      <trkpt lat="24.5362454093992710113525390625" lon="118.156029470264911651611328125">
        <ele>9.19999980926513671875</ele>
        <time>2026-09-09T13:37:12.000Z</time>
        <extensions>
          <ns3:TrackPointExtension>
            <ns3:hr>160</ns3:hr>
            <ns3:cad>91</ns3:cad>
          </ns3:TrackPointExtension>
        </extensions>
      </trkpt>
      <trkpt lat="24.53621573746204376220703125" lon="118.15601228736340999603271484375">
        <ele>9.19999980926513671875</ele>
        <time>2026-09-09T13:37:13.000Z</time>
        <extensions>
          <ns3:TrackPointExtension>
            <ns3:hr>160</ns3:hr>
            <ns3:cad>91</ns3:cad>
          </ns3:TrackPointExtension>
        </extensions>
      </trkpt>
      <trkpt lat="24.5361860655248165130615234375" lon="118.15598814748227596282958984375">
        <ele>9.19999980926513671875</ele>
        <time>2026-09-09T13:37:14.000Z</time>
        <extensions>
          <ns3:TrackPointExtension>
            <ns3:hr>160</ns3:hr>
            <ns3:cad>90</ns3:cad>
          </ns3:TrackPointExtension>
        </extensions>
      </trkpt>
      <trkpt lat="24.53615664504468441009521484375" lon="118.1559749878942966461181640625">
        <ele>9.19999980926513671875</ele>
        <time>2026-09-09T13:37:15.000Z</time>
        <extensions>
          <ns3:TrackPointExtension>
            <ns3:hr>160</ns3:hr>
            <ns3:cad>89</ns3:cad>
          </ns3:TrackPointExtension>
        </extensions>
      </trkpt>
      <trkpt lat="24.53612680546939373016357421875" lon="118.1559518538415431976318359375">
        <ele>9.19999980926513671875</ele>
        <time>2026-09-09T13:37:16.000Z</time>
        <extensions>
          <ns3:TrackPointExtension>
            <ns3:hr>160</ns3:hr>
            <ns3:cad>89</ns3:cad>
          </ns3:TrackPointExtension>
        </extensions>
      </trkpt>
      <trkpt lat="24.536097384989261627197265625" lon="118.15594196319580078125">
        <ele>9.19999980926513671875</ele>
        <time>2026-09-09T13:37:17.000Z</time>
        <extensions>
          <ns3:TrackPointExtension>
            <ns3:hr>160</ns3:hr>
            <ns3:cad>89</ns3:cad>
          </ns3:TrackPointExtension>
        </extensions>
      </trkpt>
      <trkpt lat="24.5360633544623851776123046875" lon="118.155926875770092010498046875">
        <ele>9.19999980926513671875</ele>
        <time>2026-09-09T13:37:18.000Z</time>
        <extensions>
          <ns3:TrackPointExtension>
            <ns3:hr>161</ns3:hr>
            <ns3:cad>89</ns3:cad>
          </ns3:TrackPointExtension>
        </extensions>
      </trkpt>
      <trkpt lat="24.5360398851335048675537109375" lon="118.1559226848185062408447265625">
        <ele>9.19999980926513671875</ele>
        <time>2026-09-09T13:37:19.000Z</time>
        <extensions>
          <ns3:TrackPointExtension>
            <ns3:hr>161</ns3:hr>
            <ns3:cad>89</ns3:cad>
          </ns3:TrackPointExtension>
        </extensions>
      </trkpt>
      <trkpt lat="24.53601348213851451873779296875" lon="118.1558982096612453460693359375">
        <ele>9.19999980926513671875</ele>
        <time>2026-09-09T13:37:20.000Z</time>
        <extensions>
          <ns3:TrackPointExtension>
            <ns3:hr>160</ns3:hr>
            <ns3:cad>89</ns3:cad>
          </ns3:TrackPointExtension>
        </extensions>
      </trkpt>
      <trkpt lat="24.53598783351480960845947265625" lon="118.155887983739376068115234375">
        <ele>9.3999996185302734375</ele>
        <time>2026-09-09T13:37:21.000Z</time>
        <extensions>
          <ns3:TrackPointExtension>
            <ns3:hr>160</ns3:hr>
            <ns3:cad>89</ns3:cad>
          </ns3:TrackPointExtension>
        </extensions>
      </trkpt>
      <trkpt lat="24.53596252016723155975341796875" lon="118.15586627461016178131103515625">
        <ele>9.3999996185302734375</ele>
        <time>2026-09-09T13:37:22.000Z</time>
        <extensions>
          <ns3:TrackPointExtension>
            <ns3:hr>160</ns3:hr>
            <ns3:cad>88</ns3:cad>
          </ns3:TrackPointExtension>
        </extensions>
      </trkpt>
      <trkpt lat="24.5359356142580509185791015625" lon="118.15586107783019542694091796875">
        <ele>9.3999996185302734375</ele>
        <time>2026-09-09T13:37:23.000Z</time>
        <extensions>
          <ns3:TrackPointExtension>
            <ns3:hr>161</ns3:hr>
            <ns3:cad>88</ns3:cad>
          </ns3:TrackPointExtension>
        </extensions>
      </trkpt>
      <trkpt lat="24.53590904362499713897705078125" lon="118.1558333337306976318359375">
        <ele>9.3999996185302734375</ele>
        <time>2026-09-09T13:37:24.000Z</time>
        <extensions>
          <ns3:TrackPointExtension>
            <ns3:hr>161</ns3:hr>
            <ns3:cad>90</ns3:cad>
          </ns3:TrackPointExtension>
        </extensions>
      </trkpt>
      <trkpt lat="24.5358859933912754058837890625" lon="118.155821263790130615234375">
        <ele>9.3999996185302734375</ele>
        <time>2026-09-09T13:37:25.000Z</time>
        <extensions>
          <ns3:TrackPointExtension>
            <ns3:hr>161</ns3:hr>
            <ns3:cad>91</ns3:cad>
          </ns3:TrackPointExtension>
        </extensions>
      </trkpt>
      <trkpt lat="24.5358571596443653106689453125" lon="118.155795447528362274169921875">
        <ele>9.3999996185302734375</ele>
        <time>2026-09-09T13:37:26.000Z</time>
        <extensions>
          <ns3:TrackPointExtension>
            <ns3:hr>160</ns3:hr>
            <ns3:cad>91</ns3:cad>
          </ns3:TrackPointExtension>
        </extensions>
      </trkpt>
      <trkpt lat="24.5358326844871044158935546875" lon="118.15578564070165157318115234375">
        <ele>9.3999996185302734375</ele>
        <time>2026-09-09T13:37:27.000Z</time>
        <extensions>
          <ns3:TrackPointExtension>
            <ns3:hr>161</ns3:hr>
            <ns3:cad>91</ns3:cad>
          </ns3:TrackPointExtension>
        </extensions>
      </trkpt>
      <trkpt lat="24.53580401837825775146484375" lon="118.15575831569731235504150390625">
        <ele>9.3999996185302734375</ele>
        <time>2026-09-09T13:37:28.000Z</time>
        <extensions>
          <ns3:TrackPointExtension>
            <ns3:hr>161</ns3:hr>
            <ns3:cad>91</ns3:cad>
          </ns3:TrackPointExtension>
        </extensions>
      </trkpt>
      <trkpt lat="24.5357807166874408721923828125" lon="118.15574373118579387664794921875">
        <ele>9.3999996185302734375</ele>
        <time>2026-09-09T13:37:29.000Z</time>
        <extensions>
          <ns3:TrackPointExtension>
            <ns3:hr>161</ns3:hr>
            <ns3:cad>88</ns3:cad>
          </ns3:TrackPointExtension>
        </extensions>
      </trkpt>
      <trkpt lat="24.53575062565505504608154296875" lon="118.15572076477110385894775390625">
        <ele>9.3999996185302734375</ele>
        <time>2026-09-09T13:37:30.000Z</time>
        <extensions>
          <ns3:TrackPointExtension>
            <ns3:hr>160</ns3:hr>
            <ns3:cad>88</ns3:cad>
          </ns3:TrackPointExtension>
        </extensions>
      </trkpt>
      <trkpt lat="24.53572581522166728973388671875" lon="118.1557097844779491424560546875">
        <ele>9.6000003814697265625</ele>
        <time>2026-09-09T13:37:31.000Z</time>
        <extensions>
          <ns3:TrackPointExtension>
            <ns3:hr>161</ns3:hr>
            <ns3:cad>87</ns3:cad>
          </ns3:TrackPointExtension>
        </extensions>
      </trkpt>
      <trkpt lat="24.5356972329318523406982421875" lon="118.15569779835641384124755859375">
        <ele>9.6000003814697265625</ele>
        <time>2026-09-09T13:37:32.000Z</time>
        <extensions>
          <ns3:TrackPointExtension>
            <ns3:hr>161</ns3:hr>
            <ns3:cad>88</ns3:cad>
          </ns3:TrackPointExtension>
        </extensions>
      </trkpt>
      <trkpt lat="24.53567485325038433074951171875" lon="118.1556816212832927703857421875">
        <ele>9.6000003814697265625</ele>
        <time>2026-09-09T13:37:33.000Z</time>
        <extensions>
          <ns3:TrackPointExtension>
            <ns3:hr>161</ns3:hr>
            <ns3:cad>89</ns3:cad>
          </ns3:TrackPointExtension>
        </extensions>
      </trkpt>
      <trkpt lat="24.5356466062366962432861328125" lon="118.155661337077617645263671875">
        <ele>9.6000003814697265625</ele>
        <time>2026-09-09T13:37:34.000Z</time>
        <extensions>
          <ns3:TrackPointExtension>
            <ns3:hr>162</ns3:hr>
            <ns3:cad>89</ns3:cad>
          </ns3:TrackPointExtension>
        </extensions>
      </trkpt>
      <trkpt lat="24.5356271602213382720947265625" lon="118.15563929267227649688720703125">
        <ele>9.80000019073486328125</ele>
        <time>2026-09-09T13:37:35.000Z</time>
        <extensions>
          <ns3:TrackPointExtension>
            <ns3:hr>162</ns3:hr>
            <ns3:cad>89</ns3:cad>
          </ns3:TrackPointExtension>
        </extensions>
      </trkpt>
      <trkpt lat="24.53560159541666507720947265625" lon="118.15562085248529911041259765625">
        <ele>9.80000019073486328125</ele>
        <time>2026-09-09T13:37:36.000Z</time>
        <extensions>
          <ns3:TrackPointExtension>
            <ns3:hr>162</ns3:hr>
            <ns3:cad>88</ns3:cad>
          </ns3:TrackPointExtension>
        </extensions>
      </trkpt>
      <trkpt lat="24.5355741865932941436767578125" lon="118.155600316822528839111328125">
        <ele>9.80000019073486328125</ele>
        <time>2026-09-09T13:37:37.000Z</time>
        <extensions>
          <ns3:TrackPointExtension>
            <ns3:hr>163</ns3:hr>
            <ns3:cad>88</ns3:cad>
          </ns3:TrackPointExtension>
        </extensions>
      </trkpt>
      <trkpt lat="24.53554786741733551025390625" lon="118.15558598376810550689697265625">
        <ele>9.80000019073486328125</ele>
        <time>2026-09-09T13:37:38.000Z</time>
        <extensions>
          <ns3:TrackPointExtension>
            <ns3:hr>163</ns3:hr>
            <ns3:cad>88</ns3:cad>
          </ns3:TrackPointExtension>
        </extensions>
      </trkpt>
      <trkpt lat="24.53552012331783771514892578125" lon="118.15556469373404979705810546875">
        <ele>9.80000019073486328125</ele>
        <time>2026-09-09T13:37:39.000Z</time>
        <extensions>
          <ns3:TrackPointExtension>
            <ns3:hr>163</ns3:hr>
            <ns3:cad>89</ns3:cad>
          </ns3:TrackPointExtension>
        </extensions>
      </trkpt>
      <trkpt lat="24.5354943908751010894775390625" lon="118.1555568985641002655029296875">
        <ele>9.80000019073486328125</ele>
        <time>2026-09-09T13:37:40.000Z</time>
        <extensions>
          <ns3:TrackPointExtension>
            <ns3:hr>163</ns3:hr>
            <ns3:cad>90</ns3:cad>
          </ns3:TrackPointExtension>
        </extensions>
      </trkpt>
      <trkpt lat="24.5354655571281909942626953125" lon="118.155536949634552001953125">
        <ele>9.80000019073486328125</ele>
        <time>2026-09-09T13:37:41.000Z</time>
        <extensions>
          <ns3:TrackPointExtension>
            <ns3:hr>164</ns3:hr>
            <ns3:cad>90</ns3:cad>
          </ns3:TrackPointExtension>
        </extensions>
      </trkpt>
      <trkpt lat="24.5354410819709300994873046875" lon="118.15552555024623870849609375">
        <ele>9.80000019073486328125</ele>
        <time>2026-09-09T13:37:42.000Z</time>
        <extensions>
          <ns3:TrackPointExtension>
            <ns3:hr>164</ns3:hr>
            <ns3:cad>90</ns3:cad>
          </ns3:TrackPointExtension>
        </extensions>
      </trkpt>
      <trkpt lat="24.53541501425206661224365234375" lon="118.15549998544156551361083984375">
        <ele>9.80000019073486328125</ele>
        <time>2026-09-09T13:37:43.000Z</time>
        <extensions>
          <ns3:TrackPointExtension>
            <ns3:hr>164</ns3:hr>
            <ns3:cad>89</ns3:cad>
          </ns3:TrackPointExtension>
        </extensions>
      </trkpt>
      <trkpt lat="24.535395987331867218017578125" lon="118.1554868258535861968994140625">
        <ele>9.80000019073486328125</ele>
        <time>2026-09-09T13:37:44.000Z</time>
        <extensions>
          <ns3:TrackPointExtension>
            <ns3:hr>164</ns3:hr>
            <ns3:cad>88</ns3:cad>
          </ns3:TrackPointExtension>
        </extensions>
      </trkpt>
      <trkpt lat="24.53536824323236942291259765625" lon="118.1554626859724521636962890625">
        <ele>9.80000019073486328125</ele>
        <time>2026-09-09T13:37:45.000Z</time>
        <extensions>
          <ns3:TrackPointExtension>
            <ns3:hr>163</ns3:hr>
            <ns3:cad>87</ns3:cad>
          </ns3:TrackPointExtension>
        </extensions>
      </trkpt>
      <trkpt lat="24.53534795902669429779052734375" lon="118.155458830296993255615234375">
        <ele>9.80000019073486328125</ele>
        <time>2026-09-09T13:37:46.000Z</time>
        <extensions>
          <ns3:TrackPointExtension>
            <ns3:hr>164</ns3:hr>
            <ns3:cad>88</ns3:cad>
          </ns3:TrackPointExtension>
        </extensions>
      </trkpt>
      <trkpt lat="24.53531644307076930999755859375" lon="118.15544147975742816925048828125">
        <ele>9.80000019073486328125</ele>
        <time>2026-09-09T13:37:47.000Z</time>
        <extensions>
          <ns3:TrackPointExtension>
            <ns3:hr>164</ns3:hr>
            <ns3:cad>88</ns3:cad>
          </ns3:TrackPointExtension>
        </extensions>
      </trkpt>
      <trkpt lat="24.5352935604751110076904296875" lon="118.15543326549232006072998046875">
        <ele>9.80000019073486328125</ele>
        <time>2026-09-09T13:37:48.000Z</time>
        <extensions>
          <ns3:TrackPointExtension>
            <ns3:hr>164</ns3:hr>
            <ns3:cad>90</ns3:cad>
          </ns3:TrackPointExtension>
        </extensions>
      </trkpt>
      <trkpt lat="24.53526028431951999664306640625" lon="118.1554120592772960662841796875">
        <ele>9.80000019073486328125</ele>
        <time>2026-09-09T13:37:49.000Z</time>
        <extensions>
          <ns3:TrackPointExtension>
            <ns3:hr>164</ns3:hr>
            <ns3:cad>90</ns3:cad>
          </ns3:TrackPointExtension>
        </extensions>
      </trkpt>
      <trkpt lat="24.53523765318095684051513671875" lon="118.15540426410734653472900390625">
        <ele>9.80000019073486328125</ele>
        <time>2026-09-09T13:37:50.000Z</time>
        <extensions>
          <ns3:TrackPointExtension>
            <ns3:hr>164</ns3:hr>
            <ns3:cad>90</ns3:cad>
          </ns3:TrackPointExtension>
        </extensions>
      </trkpt>
      <trkpt lat="24.53520848415791988372802734375" lon="118.1553761847317218780517578125">
        <ele>9.80000019073486328125</ele>
        <time>2026-09-09T13:37:51.000Z</time>
        <extensions>
          <ns3:TrackPointExtension>
            <ns3:hr>164</ns3:hr>
            <ns3:cad>89</ns3:cad>
          </ns3:TrackPointExtension>
        </extensions>
      </trkpt>
      <trkpt lat="24.53518618829548358917236328125" lon="118.1553597562015056610107421875">
        <ele>9.80000019073486328125</ele>
        <time>2026-09-09T13:37:52.000Z</time>
        <extensions>
          <ns3:TrackPointExtension>
            <ns3:hr>164</ns3:hr>
            <ns3:cad>89</ns3:cad>
          </ns3:TrackPointExtension>
        </extensions>
      </trkpt>
      <trkpt lat="24.535153247416019439697265625" lon="118.15533402375876903533935546875">
        <ele>10</ele>
        <time>2026-09-09T13:37:53.000Z</time>
        <extensions>
          <ns3:TrackPointExtension>
            <ns3:hr>163</ns3:hr>
            <ns3:cad>89</ns3:cad>
          </ns3:TrackPointExtension>
        </extensions>
      </trkpt>
      <trkpt lat="24.53512734733521938323974609375" lon="118.15532446838915348052978515625">
        <ele>10</ele>
        <time>2026-09-09T13:37:54.000Z</time>
        <extensions>
          <ns3:TrackPointExtension>
            <ns3:hr>164</ns3:hr>
            <ns3:cad>89</ns3:cad>
          </ns3:TrackPointExtension>
        </extensions>
      </trkpt>
      <trkpt lat="24.5350934006273746490478515625" lon="118.1553061120212078094482421875">
        <ele>10</ele>
        <time>2026-09-09T13:37:55.000Z</time>
        <extensions>
          <ns3:TrackPointExtension>
            <ns3:hr>164</ns3:hr>
            <ns3:cad>91</ns3:cad>
          </ns3:TrackPointExtension>
        </extensions>
      </trkpt>
      <trkpt lat="24.5350649021565914154052734375" lon="118.15529865212738513946533203125">
        <ele>10</ele>
        <time>2026-09-09T13:37:56.000Z</time>
        <extensions>
          <ns3:TrackPointExtension>
            <ns3:hr>164</ns3:hr>
            <ns3:cad>91</ns3:cad>
          </ns3:TrackPointExtension>
        </extensions>
      </trkpt>
      <trkpt lat="24.53502793796360492706298828125" lon="118.15528457053005695343017578125">
        <ele>10</ele>
        <time>2026-09-09T13:37:57.000Z</time>
        <extensions>
          <ns3:TrackPointExtension>
            <ns3:hr>164</ns3:hr>
            <ns3:cad>91</ns3:cad>
          </ns3:TrackPointExtension>
        </extensions>
      </trkpt>
      <trkpt lat="24.53500413335859775543212890625" lon="118.1552853249013423919677734375">
        <ele>10</ele>
        <time>2026-09-09T13:37:58.000Z</time>
        <extensions>
          <ns3:TrackPointExtension>
            <ns3:hr>163</ns3:hr>
            <ns3:cad>89</ns3:cad>
          </ns3:TrackPointExtension>
        </extensions>
      </trkpt>
      <trkpt lat="24.53496976755559444427490234375" lon="118.1552725844085216522216796875">
        <ele>10</ele>
        <time>2026-09-09T13:37:59.000Z</time>
        <extensions>
          <ns3:TrackPointExtension>
            <ns3:hr>164</ns3:hr>
            <ns3:cad>89</ns3:cad>
          </ns3:TrackPointExtension>
        </extensions>
      </trkpt>
      <trkpt lat="24.5349452085793018341064453125" lon="118.1552715785801410675048828125">
        <ele>10</ele>
        <time>2026-09-09T13:38:00.000Z</time>
        <extensions>
          <ns3:TrackPointExtension>
            <ns3:hr>164</ns3:hr>
            <ns3:cad>89</ns3:cad>
          </ns3:TrackPointExtension>
        </extensions>
      </trkpt>
      <trkpt lat="24.534908831119537353515625" lon="118.15525724552571773529052734375">
        <ele>10</ele>
        <time>2026-09-09T13:38:01.000Z</time>
        <extensions>
          <ns3:TrackPointExtension>
            <ns3:hr>164</ns3:hr>
            <ns3:cad>89</ns3:cad>
          </ns3:TrackPointExtension>
        </extensions>
      </trkpt>
      <trkpt lat="24.53488226048648357391357421875" lon="118.15525707788765430450439453125">
        <ele>10</ele>
        <time>2026-09-09T13:38:02.000Z</time>
        <extensions>
          <ns3:TrackPointExtension>
            <ns3:hr>164</ns3:hr>
            <ns3:cad>90</ns3:cad>
          </ns3:TrackPointExtension>
        </extensions>
      </trkpt>
      <trkpt lat="24.53484370373189449310302734375" lon="118.1552531383931636810302734375">
        <ele>10</ele>
        <time>2026-09-09T13:38:03.000Z</time>
        <extensions>
          <ns3:TrackPointExtension>
            <ns3:hr>164</ns3:hr>
            <ns3:cad>90</ns3:cad>
          </ns3:TrackPointExtension>
        </extensions>
      </trkpt>
      <trkpt lat="24.53481805510818958282470703125" lon="118.15525758080184459686279296875">
        <ele>10</ele>
        <time>2026-09-09T13:38:04.000Z</time>
        <extensions>
          <ns3:TrackPointExtension>
            <ns3:hr>164</ns3:hr>
            <ns3:cad>90</ns3:cad>
          </ns3:TrackPointExtension>
        </extensions>
      </trkpt>
      <trkpt lat="24.5347822643816471099853515625" lon="118.15526143647730350494384765625">
        <ele>10</ele>
        <time>2026-09-09T13:38:05.000Z</time>
        <extensions>
          <ns3:TrackPointExtension>
            <ns3:hr>164</ns3:hr>
            <ns3:cad>89</ns3:cad>
          </ns3:TrackPointExtension>
        </extensions>
      </trkpt>
      <trkpt lat="24.53475921414792537689208984375" lon="118.1552665494382381439208984375">
        <ele>10</ele>
        <time>2026-09-09T13:38:06.000Z</time>
        <extensions>
          <ns3:TrackPointExtension>
            <ns3:hr>164</ns3:hr>
            <ns3:cad>88</ns3:cad>
          </ns3:TrackPointExtension>
        </extensions>
      </trkpt>
      <trkpt lat="24.53472300432622432708740234375" lon="118.15527300350368022918701171875">
        <ele>10</ele>
        <time>2026-09-09T13:38:07.000Z</time>
        <extensions>
          <ns3:TrackPointExtension>
            <ns3:hr>164</ns3:hr>
            <ns3:cad>88</ns3:cad>
          </ns3:TrackPointExtension>
        </extensions>
      </trkpt>
      <trkpt lat="24.53470087610185146331787109375" lon="118.15527551807463169097900390625">
        <ele>10</ele>
        <time>2026-09-09T13:38:08.000Z</time>
        <extensions>
          <ns3:TrackPointExtension>
            <ns3:hr>164</ns3:hr>
            <ns3:cad>89</ns3:cad>
          </ns3:TrackPointExtension>
        </extensions>
      </trkpt>
      <trkpt lat="24.53466751612722873687744140625" lon="118.1552890129387378692626953125">
        <ele>10.19999980926513671875</ele>
        <time>2026-09-09T13:38:09.000Z</time>
        <extensions>
          <ns3:TrackPointExtension>
            <ns3:hr>164</ns3:hr>
            <ns3:cad>89</ns3:cad>
          </ns3:TrackPointExtension>
        </extensions>
      </trkpt>
      <trkpt lat="24.53463650308549404144287109375" lon="118.15530317835509777069091796875">
        <ele>10.19999980926513671875</ele>
        <time>2026-09-09T13:38:10.000Z</time>
        <extensions>
          <ns3:TrackPointExtension>
            <ns3:hr>164</ns3:hr>
            <ns3:cad>89</ns3:cad>
          </ns3:TrackPointExtension>
        </extensions>
      </trkpt>
      <trkpt lat="24.53460448421537876129150390625" lon="118.15531809814274311065673828125">
        <ele>10.19999980926513671875</ele>
        <time>2026-09-09T13:38:11.000Z</time>
        <extensions>
          <ns3:TrackPointExtension>
            <ns3:hr>164</ns3:hr>
            <ns3:cad>89</ns3:cad>
          </ns3:TrackPointExtension>
        </extensions>
      </trkpt>
      <trkpt lat="24.53457833267748355865478515625" lon="118.1553325988352298736572265625">
        <ele>10.19999980926513671875</ele>
        <time>2026-09-09T13:38:12.000Z</time>
        <extensions>
          <ns3:TrackPointExtension>
            <ns3:hr>164</ns3:hr>
            <ns3:cad>89</ns3:cad>
          </ns3:TrackPointExtension>
        </extensions>
      </trkpt>
      <trkpt lat="24.5345495827496051788330078125" lon="118.1553456746041774749755859375">
        <ele>10.19999980926513671875</ele>
        <time>2026-09-09T13:38:13.000Z</time>
        <extensions>
          <ns3:TrackPointExtension>
            <ns3:hr>164</ns3:hr>
            <ns3:cad>88</ns3:cad>
          </ns3:TrackPointExtension>
        </extensions>
      </trkpt>
      <trkpt lat="24.534517563879489898681640625" lon="118.15535212866961956024169921875">
        <ele>10.19999980926513671875</ele>
        <time>2026-09-09T13:38:14.000Z</time>
        <extensions>
          <ns3:TrackPointExtension>
            <ns3:hr>163</ns3:hr>
            <ns3:cad>88</ns3:cad>
          </ns3:TrackPointExtension>
        </extensions>
      </trkpt>
      <trkpt lat="24.5344895683228969573974609375" lon="118.15536503680050373077392578125">
        <ele>10.19999980926513671875</ele>
        <time>2026-09-09T13:38:15.000Z</time>
        <extensions>
          <ns3:TrackPointExtension>
            <ns3:hr>163</ns3:hr>
            <ns3:cad>88</ns3:cad>
          </ns3:TrackPointExtension>
        </extensions>
      </trkpt>
      <trkpt lat="24.53445662744343280792236328125" lon="118.1553681381046772003173828125">
        <ele>10.19999980926513671875</ele>
        <time>2026-09-09T13:38:16.000Z</time>
        <extensions>
          <ns3:TrackPointExtension>
            <ns3:hr>163</ns3:hr>
            <ns3:cad>89</ns3:cad>
          </ns3:TrackPointExtension>
        </extensions>
      </trkpt>
      <trkpt lat="24.53443072736263275146484375" lon="118.1553778611123561859130859375">
        <ele>10.19999980926513671875</ele>
        <time>2026-09-09T13:38:17.000Z</time>
        <extensions>
          <ns3:TrackPointExtension>
            <ns3:hr>164</ns3:hr>
            <ns3:cad>89</ns3:cad>
          </ns3:TrackPointExtension>
        </extensions>
      </trkpt>
      <trkpt lat="24.53439711593091487884521484375" lon="118.15538146533071994781494140625">
        <ele>10.3999996185302734375</ele>
        <time>2026-09-09T13:38:18.000Z</time>
        <extensions>
          <ns3:TrackPointExtension>
            <ns3:hr>163</ns3:hr>
            <ns3:cad>89</ns3:cad>
          </ns3:TrackPointExtension>
        </extensions>
      </trkpt>
      <trkpt lat="24.5343675278127193450927734375" lon="118.15539169125258922576904296875">
        <ele>10.3999996185302734375</ele>
        <time>2026-09-09T13:38:19.000Z</time>
        <extensions>
          <ns3:TrackPointExtension>
            <ns3:hr>164</ns3:hr>
            <ns3:cad>89</ns3:cad>
          </ns3:TrackPointExtension>
        </extensions>
      </trkpt>
      <trkpt lat="24.53433710150420665740966796875" lon="118.155386410653591156005859375">
        <ele>10.3999996185302734375</ele>
        <time>2026-09-09T13:38:20.000Z</time>
        <extensions>
          <ns3:TrackPointExtension>
            <ns3:hr>164</ns3:hr>
            <ns3:cad>88</ns3:cad>
          </ns3:TrackPointExtension>
        </extensions>
      </trkpt>
      <trkpt lat="24.53431178815662860870361328125" lon="118.15539001487195491790771484375">
        <ele>10.3999996185302734375</ele>
        <time>2026-09-09T13:38:21.000Z</time>
        <extensions>
          <ns3:TrackPointExtension>
            <ns3:hr>164</ns3:hr>
            <ns3:cad>87</ns3:cad>
          </ns3:TrackPointExtension>
        </extensions>
      </trkpt>
      <trkpt lat="24.53427926637232303619384765625" lon="118.15538548864424228668212890625">
        <ele>10.3999996185302734375</ele>
        <time>2026-09-09T13:38:22.000Z</time>
        <extensions>
          <ns3:TrackPointExtension>
            <ns3:hr>163</ns3:hr>
            <ns3:cad>87</ns3:cad>
          </ns3:TrackPointExtension>
        </extensions>
      </trkpt>
      <trkpt lat="24.53425294719636440277099609375" lon="118.15538699738681316375732421875">
        <ele>10.3999996185302734375</ele>
        <time>2026-09-09T13:38:23.000Z</time>
        <extensions>
          <ns3:TrackPointExtension>
            <ns3:hr>163</ns3:hr>
            <ns3:cad>89</ns3:cad>
          </ns3:TrackPointExtension>
        </extensions>
      </trkpt>
      <trkpt lat="24.53421891666948795318603515625" lon="118.1553808785974979400634765625">
        <ele>10.3999996185302734375</ele>
        <time>2026-09-09T13:38:24.000Z</time>
        <extensions>
          <ns3:TrackPointExtension>
            <ns3:hr>163</ns3:hr>
            <ns3:cad>90</ns3:cad>
          </ns3:TrackPointExtension>
        </extensions>
      </trkpt>
      <trkpt lat="24.53419025056064128875732421875" lon="118.15538314171135425567626953125">
        <ele>10.3999996185302734375</ele>
        <time>2026-09-09T13:38:25.000Z</time>
        <extensions>
          <ns3:TrackPointExtension>
            <ns3:hr>164</ns3:hr>
            <ns3:cad>90</ns3:cad>
          </ns3:TrackPointExtension>
        </extensions>
      </trkpt>
      <trkpt lat="24.53415580093860626220703125" lon="118.15537668764591217041015625">
        <ele>10.3999996185302734375</ele>
        <time>2026-09-09T13:38:26.000Z</time>
        <extensions>
          <ns3:TrackPointExtension>
            <ns3:hr>164</ns3:hr>
            <ns3:cad>90</ns3:cad>
          </ns3:TrackPointExtension>
        </extensions>
      </trkpt>
      <trkpt lat="24.534123279154300689697265625" lon="118.155375011265277862548828125">
        <ele>10.3999996185302734375</ele>
        <time>2026-09-09T13:38:27.000Z</time>
        <extensions>
          <ns3:TrackPointExtension>
            <ns3:hr>165</ns3:hr>
            <ns3:cad>90</ns3:cad>
          </ns3:TrackPointExtension>
        </extensions>
      </trkpt>
      <trkpt lat="24.53408933244645595550537109375" lon="118.1553651206195354461669921875">
        <ele>10.6000003814697265625</ele>
        <time>2026-09-09T13:38:28.000Z</time>
        <extensions>
          <ns3:TrackPointExtension>
            <ns3:hr>165</ns3:hr>
            <ns3:cad>90</ns3:cad>
          </ns3:TrackPointExtension>
        </extensions>
      </trkpt>
      <trkpt lat="24.5340560562908649444580078125" lon="118.155358918011188507080078125">
        <ele>10.6000003814697265625</ele>
        <time>2026-09-09T13:38:29.000Z</time>
        <extensions>
          <ns3:TrackPointExtension>
            <ns3:hr>165</ns3:hr>
            <ns3:cad>90</ns3:cad>
          </ns3:TrackPointExtension>
        </extensions>
      </trkpt>
      <trkpt lat="24.53402546234428882598876953125" lon="118.1553470157086849212646484375">
        <ele>10.6000003814697265625</ele>
        <time>2026-09-09T13:38:30.000Z</time>
        <extensions>
          <ns3:TrackPointExtension>
            <ns3:hr>165</ns3:hr>
            <ns3:cad>91</ns3:cad>
          </ns3:TrackPointExtension>
        </extensions>
      </trkpt>
      <trkpt lat="24.53399478457868099212646484375" lon="118.155335448682308197021484375">
        <ele>10.6000003814697265625</ele>
        <time>2026-09-09T13:38:31.000Z</time>
        <extensions>
          <ns3:TrackPointExtension>
            <ns3:hr>165</ns3:hr>
            <ns3:cad>92</ns3:cad>
          </ns3:TrackPointExtension>
        </extensions>
      </trkpt>
      <trkpt lat="24.5339651964604854583740234375" lon="118.1553181819617748260498046875">
        <ele>10.6000003814697265625</ele>
        <time>2026-09-09T13:38:32.000Z</time>
        <extensions>
          <ns3:TrackPointExtension>
            <ns3:hr>166</ns3:hr>
            <ns3:cad>92</ns3:cad>
          </ns3:TrackPointExtension>
        </extensions>
      </trkpt>
      <trkpt lat="24.53393728472292423248291015625" lon="118.1553030945360660552978515625">
        <ele>10.6000003814697265625</ele>
        <time>2026-09-09T13:38:33.000Z</time>
        <extensions>
          <ns3:TrackPointExtension>
            <ns3:hr>166</ns3:hr>
            <ns3:cad>92</ns3:cad>
          </ns3:TrackPointExtension>
        </extensions>
      </trkpt>
      <trkpt lat="24.533911049365997314453125" lon="118.15528205595910549163818359375">
        <ele>10.6000003814697265625</ele>
        <time>2026-09-09T13:38:34.000Z</time>
        <extensions>
          <ns3:TrackPointExtension>
            <ns3:hr>166</ns3:hr>
            <ns3:cad>90</ns3:cad>
          </ns3:TrackPointExtension>
        </extensions>
      </trkpt>
      <trkpt lat="24.5338837243616580963134765625" lon="118.155264370143413543701171875">
        <ele>10.6000003814697265625</ele>
        <time>2026-09-09T13:38:35.000Z</time>
        <extensions>
          <ns3:TrackPointExtension>
            <ns3:hr>166</ns3:hr>
            <ns3:cad>89</ns3:cad>
          </ns3:TrackPointExtension>
        </extensions>
      </trkpt>
      <trkpt lat="24.53385799191892147064208984375" lon="118.155241906642913818359375">
        <ele>10.6000003814697265625</ele>
        <time>2026-09-09T13:38:36.000Z</time>
        <extensions>
          <ns3:TrackPointExtension>
            <ns3:hr>166</ns3:hr>
            <ns3:cad>89</ns3:cad>
          </ns3:TrackPointExtension>
        </extensions>
      </trkpt>
      <trkpt lat="24.53383066691458225250244140625" lon="118.15522321499884128570556640625">
        <ele>10.6000003814697265625</ele>
        <time>2026-09-09T13:38:37.000Z</time>
        <extensions>
          <ns3:TrackPointExtension>
            <ns3:hr>166</ns3:hr>
            <ns3:cad>89</ns3:cad>
          </ns3:TrackPointExtension>
        </extensions>
      </trkpt>
      <trkpt lat="24.53380702994763851165771484375" lon="118.15519320778548717498779296875">
        <ele>10.6000003814697265625</ele>
        <time>2026-09-09T13:38:38.000Z</time>
        <extensions>
          <ns3:TrackPointExtension>
            <ns3:hr>166</ns3:hr>
            <ns3:cad>89</ns3:cad>
          </ns3:TrackPointExtension>
        </extensions>
      </trkpt>
      <trkpt lat="24.53378163278102874755859375" lon="118.15516940318048000335693359375">
        <ele>10.6000003814697265625</ele>
        <time>2026-09-09T13:38:39.000Z</time>
        <extensions>
          <ns3:TrackPointExtension>
            <ns3:hr>167</ns3:hr>
            <ns3:cad>90</ns3:cad>
          </ns3:TrackPointExtension>
        </extensions>
      </trkpt>
      <trkpt lat="24.53376042656600475311279296875" lon="118.1551391445100307464599609375">
        <ele>10.3999996185302734375</ele>
        <time>2026-09-09T13:38:40.000Z</time>
        <extensions>
          <ns3:TrackPointExtension>
            <ns3:hr>166</ns3:hr>
            <ns3:cad>90</ns3:cad>
          </ns3:TrackPointExtension>
        </extensions>
      </trkpt>
      <trkpt lat="24.53373779542744159698486328125" lon="118.15511592663824558258056640625">
        <ele>10.3999996185302734375</ele>
        <time>2026-09-09T13:38:41.000Z</time>
        <extensions>
          <ns3:TrackPointExtension>
            <ns3:hr>166</ns3:hr>
            <ns3:cad>90</ns3:cad>
          </ns3:TrackPointExtension>
        </extensions>
      </trkpt>
      <trkpt lat="24.533718936145305633544921875" lon="118.1550834886729717254638671875">
        <ele>10.3999996185302734375</ele>
        <time>2026-09-09T13:38:42.000Z</time>
        <extensions>
          <ns3:TrackPointExtension>
            <ns3:hr>166</ns3:hr>
            <ns3:cad>89</ns3:cad>
          </ns3:TrackPointExtension>
        </extensions>
      </trkpt>
      <trkpt lat="24.53369856812059879302978515625" lon="118.155063875019550323486328125">
        <ele>10.3999996185302734375</ele>
        <time>2026-09-09T13:38:43.000Z</time>
        <extensions>
          <ns3:TrackPointExtension>
            <ns3:hr>166</ns3:hr>
            <ns3:cad>88</ns3:cad>
          </ns3:TrackPointExtension>
        </extensions>
      </trkpt>
      <trkpt lat="24.53367970883846282958984375" lon="118.15503043122589588165283203125">
        <ele>10.3999996185302734375</ele>
        <time>2026-09-09T13:38:44.000Z</time>
        <extensions>
          <ns3:TrackPointExtension>
            <ns3:hr>166</ns3:hr>
            <ns3:cad>88</ns3:cad>
          </ns3:TrackPointExtension>
        </extensions>
      </trkpt>
      <trkpt lat="24.53365917317569255828857421875" lon="118.15501232631504535675048828125">
        <ele>10.3999996185302734375</ele>
        <time>2026-09-09T13:38:45.000Z</time>
        <extensions>
          <ns3:TrackPointExtension>
            <ns3:hr>166</ns3:hr>
            <ns3:cad>89</ns3:cad>
          </ns3:TrackPointExtension>
        </extensions>
      </trkpt>
      <trkpt lat="24.53364240936934947967529296875" lon="118.154976703226566314697265625">
        <ele>10.19999980926513671875</ele>
        <time>2026-09-09T13:38:46.000Z</time>
        <extensions>
          <ns3:TrackPointExtension>
            <ns3:hr>166</ns3:hr>
            <ns3:cad>89</ns3:cad>
          </ns3:TrackPointExtension>
        </extensions>
      </trkpt>
      <trkpt lat="24.5336245559155941009521484375" lon="118.1549544073641300201416015625">
        <ele>10.19999980926513671875</ele>
        <time>2026-09-09T13:38:47.000Z</time>
        <extensions>
          <ns3:TrackPointExtension>
            <ns3:hr>165</ns3:hr>
            <ns3:cad>89</ns3:cad>
          </ns3:TrackPointExtension>
        </extensions>
      </trkpt>
      <trkpt lat="24.53361391089856624603271484375" lon="118.1549131684005260467529296875">
        <ele>10.19999980926513671875</ele>
        <time>2026-09-09T13:38:48.000Z</time>
        <extensions>
          <ns3:TrackPointExtension>
            <ns3:hr>165</ns3:hr>
            <ns3:cad>89</ns3:cad>
          </ns3:TrackPointExtension>
        </extensions>
      </trkpt>
      <trkpt lat="24.53360049985349178314208984375" lon="118.15489145927131175994873046875">
        <ele>10.19999980926513671875</ele>
        <time>2026-09-09T13:38:49.000Z</time>
        <extensions>
          <ns3:TrackPointExtension>
            <ns3:hr>165</ns3:hr>
            <ns3:cad>88</ns3:cad>
          </ns3:TrackPointExtension>
        </extensions>
      </trkpt>
      <trkpt lat="24.53359060920774936676025390625" lon="118.15485374070703983306884765625">
        <ele>10.19999980926513671875</ele>
        <time>2026-09-09T13:38:50.000Z</time>
        <extensions>
          <ns3:TrackPointExtension>
            <ns3:hr>165</ns3:hr>
            <ns3:cad>87</ns3:cad>
          </ns3:TrackPointExtension>
        </extensions>
      </trkpt>
      <trkpt lat="24.5335797965526580810546875" lon="118.1548296846449375152587890625">
        <ele>10.19999980926513671875</ele>
        <time>2026-09-09T13:38:51.000Z</time>
        <extensions>
          <ns3:TrackPointExtension>
            <ns3:hr>165</ns3:hr>
            <ns3:cad>87</ns3:cad>
          </ns3:TrackPointExtension>
        </extensions>
      </trkpt>
      <trkpt lat="24.5335717499256134033203125" lon="118.15478852950036525726318359375">
        <ele>10.3999996185302734375</ele>
        <time>2026-09-09T13:38:52.000Z</time>
        <extensions>
          <ns3:TrackPointExtension>
            <ns3:hr>165</ns3:hr>
            <ns3:cad>89</ns3:cad>
          </ns3:TrackPointExtension>
        </extensions>
      </trkpt>
      <trkpt lat="24.5335662178695201873779296875" lon="118.15475801937282085418701171875">
        <ele>10.3999996185302734375</ele>
        <time>2026-09-09T13:38:53.000Z</time>
        <extensions>
          <ns3:TrackPointExtension>
            <ns3:hr>165</ns3:hr>
            <ns3:cad>90</ns3:cad>
          </ns3:TrackPointExtension>
        </extensions>
      </trkpt>
      <trkpt lat="24.533558003604412078857421875" lon="118.15472080372273921966552734375">
        <ele>10.3999996185302734375</ele>
        <time>2026-09-09T13:38:54.000Z</time>
        <extensions>
          <ns3:TrackPointExtension>
            <ns3:hr>165</ns3:hr>
            <ns3:cad>90</ns3:cad>
          </ns3:TrackPointExtension>
        </extensions>
      </trkpt>
      <trkpt lat="24.53355456702411174774169921875" lon="118.1546885333955287933349609375">
        <ele>10.19999980926513671875</ele>
        <time>2026-09-09T13:38:55.000Z</time>
        <extensions>
          <ns3:TrackPointExtension>
            <ns3:hr>165</ns3:hr>
            <ns3:cad>90</ns3:cad>
          </ns3:TrackPointExtension>
        </extensions>
      </trkpt>
      <trkpt lat="24.53355188481509685516357421875" lon="118.15465609543025493621826171875">
        <ele>10.19999980926513671875</ele>
        <time>2026-09-09T13:38:56.000Z</time>
        <extensions>
          <ns3:TrackPointExtension>
            <ns3:hr>164</ns3:hr>
            <ns3:cad>88</ns3:cad>
          </ns3:TrackPointExtension>
        </extensions>
      </trkpt>
      <trkpt lat="24.5335543155670166015625" lon="118.1546191312372684478759765625">
        <ele>10.19999980926513671875</ele>
        <time>2026-09-09T13:38:57.000Z</time>
        <extensions>
          <ns3:TrackPointExtension>
            <ns3:hr>165</ns3:hr>
            <ns3:cad>88</ns3:cad>
          </ns3:TrackPointExtension>
        </extensions>
      </trkpt>
      <trkpt lat="24.533552639186382293701171875" lon="118.1545902974903583526611328125">
        <ele>10</ele>
        <time>2026-09-09T13:38:58.000Z</time>
        <extensions>
          <ns3:TrackPointExtension>
            <ns3:hr>165</ns3:hr>
            <ns3:cad>87</ns3:cad>
          </ns3:TrackPointExtension>
        </extensions>
      </trkpt>
      <trkpt lat="24.53355138190090656280517578125" lon="118.15455433912575244903564453125">
        <ele>10</ele>
        <time>2026-09-09T13:38:59.000Z</time>
        <extensions>
          <ns3:TrackPointExtension>
            <ns3:hr>164</ns3:hr>
            <ns3:cad>88</ns3:cad>
          </ns3:TrackPointExtension>
        </extensions>
      </trkpt>
      <trkpt lat="24.53353998251259326934814453125" lon="118.1545272655785083770751953125">
        <ele>10</ele>
        <time>2026-09-09T13:39:00.000Z</time>
        <extensions>
          <ns3:TrackPointExtension>
            <ns3:hr>164</ns3:hr>
            <ns3:cad>89</ns3:cad>
          </ns3:TrackPointExtension>
        </extensions>
      </trkpt>
      <trkpt lat="24.533537887036800384521484375" lon="118.15448912791907787322998046875">
        <ele>10</ele>
        <time>2026-09-09T13:39:01.000Z</time>
        <extensions>
          <ns3:TrackPointExtension>
            <ns3:hr>164</ns3:hr>
            <ns3:cad>89</ns3:cad>
          </ns3:TrackPointExtension>
        </extensions>
      </trkpt>
      <trkpt lat="24.5335383899509906768798828125" lon="118.154457025229930877685546875">
        <ele>10</ele>
        <time>2026-09-09T13:39:02.000Z</time>
        <extensions>
          <ns3:TrackPointExtension>
            <ns3:hr>164</ns3:hr>
            <ns3:cad>89</ns3:cad>
          </ns3:TrackPointExtension>
        </extensions>
      </trkpt>
      <trkpt lat="24.533558003604412078857421875" lon="118.15442173741757869720458984375">
        <ele>10</ele>
        <time>2026-09-09T13:39:03.000Z</time>
        <extensions>
          <ns3:TrackPointExtension>
            <ns3:hr>164</ns3:hr>
            <ns3:cad>89</ns3:cad>
          </ns3:TrackPointExtension>
        </extensions>
      </trkpt>
      <trkpt lat="24.533566050231456756591796875" lon="118.15439223311841487884521484375">
        <ele>10</ele>
        <time>2026-09-09T13:39:04.000Z</time>
        <extensions>
          <ns3:TrackPointExtension>
            <ns3:hr>165</ns3:hr>
            <ns3:cad>88</ns3:cad>
          </ns3:TrackPointExtension>
        </extensions>
      </trkpt>
      <trkpt lat="24.53358809463679790496826171875" lon="118.154355771839618682861328125">
        <ele>10</ele>
        <time>2026-09-09T13:39:05.000Z</time>
        <extensions>
          <ns3:TrackPointExtension>
            <ns3:hr>164</ns3:hr>
            <ns3:cad>88</ns3:cad>
          </ns3:TrackPointExtension>
        </extensions>
      </trkpt>
      <trkpt lat="24.5335967279970645904541015625" lon="118.154326267540454864501953125">
        <ele>9.80000019073486328125</ele>
        <time>2026-09-09T13:39:06.000Z</time>
        <extensions>
          <ns3:TrackPointExtension>
            <ns3:hr>164</ns3:hr>
            <ns3:cad>89</ns3:cad>
          </ns3:TrackPointExtension>
        </extensions>
      </trkpt>
      <trkpt lat="24.53361793421208858489990234375" lon="118.15429282374680042266845703125">
        <ele>9.80000019073486328125</ele>
        <time>2026-09-09T13:39:07.000Z</time>
        <extensions>
          <ns3:TrackPointExtension>
            <ns3:hr>164</ns3:hr>
            <ns3:cad>89</ns3:cad>
          </ns3:TrackPointExtension>
        </extensions>
      </trkpt>
      <trkpt lat="24.5336225442588329315185546875" lon="118.15426583401858806610107421875">
        <ele>10</ele>
        <time>2026-09-09T13:39:08.000Z</time>
        <extensions>
          <ns3:TrackPointExtension>
            <ns3:hr>164</ns3:hr>
            <ns3:cad>89</ns3:cad>
          </ns3:TrackPointExtension>
        </extensions>
      </trkpt>
      <trkpt lat="24.533639140427112579345703125" lon="118.15422845073044300079345703125">
        <ele>9.80000019073486328125</ele>
        <time>2026-09-09T13:39:09.000Z</time>
        <extensions>
          <ns3:TrackPointExtension>
            <ns3:hr>164</ns3:hr>
            <ns3:cad>89</ns3:cad>
          </ns3:TrackPointExtension>
        </extensions>
      </trkpt>
      <trkpt lat="24.53364609740674495697021484375" lon="118.15420129336416721343994140625">
        <ele>9.80000019073486328125</ele>
        <time>2026-09-09T13:39:10.000Z</time>
        <extensions>
          <ns3:TrackPointExtension>
            <ns3:hr>164</ns3:hr>
            <ns3:cad>89</ns3:cad>
          </ns3:TrackPointExtension>
        </extensions>
      </trkpt>
      <trkpt lat="24.53366369940340518951416015625" lon="118.154165334999561309814453125">
        <ele>9.80000019073486328125</ele>
        <time>2026-09-09T13:39:11.000Z</time>
        <extensions>
          <ns3:TrackPointExtension>
            <ns3:hr>163</ns3:hr>
            <ns3:cad>88</ns3:cad>
          </ns3:TrackPointExtension>
        </extensions>
      </trkpt>
      <trkpt lat="24.53367702662944793701171875" lon="118.15413457341492176055908203125">
        <ele>10</ele>
        <time>2026-09-09T13:39:12.000Z</time>
        <extensions>
          <ns3:TrackPointExtension>
            <ns3:hr>163</ns3:hr>
            <ns3:cad>87</ns3:cad>
          </ns3:TrackPointExtension>
        </extensions>
      </trkpt>
      <trkpt lat="24.53369119204580783843994140625" lon="118.15410171635448932647705078125">
        <ele>10</ele>
        <time>2026-09-09T13:39:13.000Z</time>
        <extensions>
          <ns3:TrackPointExtension>
            <ns3:hr>163</ns3:hr>
            <ns3:cad>88</ns3:cad>
          </ns3:TrackPointExtension>
        </extensions>
      </trkpt>
      <trkpt lat="24.53370862640440464019775390625" lon="118.1540719605982303619384765625">
        <ele>10</ele>
        <time>2026-09-09T13:39:14.000Z</time>
        <extensions>
          <ns3:TrackPointExtension>
            <ns3:hr>163</ns3:hr>
            <ns3:cad>88</ns3:cad>
          </ns3:TrackPointExtension>
        </extensions>
      </trkpt>
      <trkpt lat="24.5337261445820331573486328125" lon="118.15404589287936687469482421875">
        <ele>10</ele>
        <time>2026-09-09T13:39:15.000Z</time>
        <extensions>
          <ns3:TrackPointExtension>
            <ns3:hr>163</ns3:hr>
            <ns3:cad>89</ns3:cad>
          </ns3:TrackPointExtension>
        </extensions>
      </trkpt>
      <trkpt lat="24.5337522961199283599853515625" lon="118.1540228426456451416015625">
        <ele>10</ele>
        <time>2026-09-09T13:39:16.000Z</time>
        <extensions>
          <ns3:TrackPointExtension>
            <ns3:hr>162</ns3:hr>
            <ns3:cad>89</ns3:cad>
          </ns3:TrackPointExtension>
        </extensions>
      </trkpt>
      <trkpt lat="24.53377417288720607757568359375" lon="118.15399912185966968536376953125">
        <ele>10</ele>
        <time>2026-09-09T13:39:17.000Z</time>
        <extensions>
          <ns3:TrackPointExtension>
            <ns3:hr>162</ns3:hr>
            <ns3:cad>89</ns3:cad>
          </ns3:TrackPointExtension>
        </extensions>
      </trkpt>
      <trkpt lat="24.53380300663411617279052734375" lon="118.1539780832827091217041015625">
        <ele>10</ele>
        <time>2026-09-09T13:39:18.000Z</time>
        <extensions>
          <ns3:TrackPointExtension>
            <ns3:hr>162</ns3:hr>
            <ns3:cad>88</ns3:cad>
          </ns3:TrackPointExtension>
        </extensions>
      </trkpt>
      <trkpt lat="24.5338247157633304595947265625" lon="118.1539589725434780120849609375">
        <ele>10</ele>
        <time>2026-09-09T13:39:19.000Z</time>
        <extensions>
          <ns3:TrackPointExtension>
            <ns3:hr>161</ns3:hr>
            <ns3:cad>88</ns3:cad>
          </ns3:TrackPointExtension>
        </extensions>
      </trkpt>
      <trkpt lat="24.53385782428085803985595703125" lon="118.1539435498416423797607421875">
        <ele>10</ele>
        <time>2026-09-09T13:39:20.000Z</time>
        <extensions>
          <ns3:TrackPointExtension>
            <ns3:hr>161</ns3:hr>
            <ns3:cad>87</ns3:cad>
          </ns3:TrackPointExtension>
        </extensions>
      </trkpt>
      <trkpt lat="24.53387777321040630340576171875" lon="118.15392653457820415496826171875">
        <ele>10.19999980926513671875</ele>
        <time>2026-09-09T13:39:21.000Z</time>
        <extensions>
          <ns3:TrackPointExtension>
            <ns3:hr>161</ns3:hr>
            <ns3:cad>88</ns3:cad>
          </ns3:TrackPointExtension>
        </extensions>
      </trkpt>
      <trkpt lat="24.5339118875563144683837890625" lon="118.153910525143146514892578125">
        <ele>10.19999980926513671875</ele>
        <time>2026-09-09T13:39:22.000Z</time>
        <extensions>
          <ns3:TrackPointExtension>
            <ns3:hr>161</ns3:hr>
            <ns3:cad>88</ns3:cad>
          </ns3:TrackPointExtension>
        </extensions>
      </trkpt>
      <trkpt lat="24.533932507038116455078125" lon="118.1538940966129302978515625">
        <ele>10.19999980926513671875</ele>
        <time>2026-09-09T13:39:23.000Z</time>
        <extensions>
          <ns3:TrackPointExtension>
            <ns3:hr>161</ns3:hr>
            <ns3:cad>88</ns3:cad>
          </ns3:TrackPointExtension>
        </extensions>
      </trkpt>
      <trkpt lat="24.53396737575531005859375" lon="118.153879679739475250244140625">
        <ele>10.19999980926513671875</ele>
        <time>2026-09-09T13:39:24.000Z</time>
        <extensions>
          <ns3:TrackPointExtension>
            <ns3:hr>160</ns3:hr>
            <ns3:cad>88</ns3:cad>
          </ns3:TrackPointExtension>
        </extensions>
      </trkpt>
      <trkpt lat="24.53398925252258777618408203125" lon="118.15386484377086162567138671875">
        <ele>10.19999980926513671875</ele>
        <time>2026-09-09T13:39:25.000Z</time>
        <extensions>
          <ns3:TrackPointExtension>
            <ns3:hr>160</ns3:hr>
            <ns3:cad>88</ns3:cad>
          </ns3:TrackPointExtension>
        </extensions>
      </trkpt>
      <trkpt lat="24.53402345068752765655517578125" lon="118.15384807996451854705810546875">
        <ele>10</ele>
        <time>2026-09-09T13:39:26.000Z</time>
        <extensions>
          <ns3:TrackPointExtension>
            <ns3:hr>160</ns3:hr>
            <ns3:cad>88</ns3:cad>
          </ns3:TrackPointExtension>
        </extensions>
      </trkpt>
      <trkpt lat="24.5340433157980442047119140625" lon="118.1538409553468227386474609375">
        <ele>10</ele>
        <time>2026-09-09T13:39:27.000Z</time>
        <extensions>
          <ns3:TrackPointExtension>
            <ns3:hr>159</ns3:hr>
            <ns3:cad>88</ns3:cad>
          </ns3:TrackPointExtension>
        </extensions>
      </trkpt>
      <trkpt lat="24.53407860361039638519287109375" lon="118.15382561646401882171630859375">
        <ele>10</ele>
        <time>2026-09-09T13:39:28.000Z</time>
        <extensions>
          <ns3:TrackPointExtension>
            <ns3:hr>159</ns3:hr>
            <ns3:cad>88</ns3:cad>
          </ns3:TrackPointExtension>
        </extensions>
      </trkpt>
      <trkpt lat="24.53410089947283267974853515625" lon="118.15381840802729129791259765625">
        <ele>10</ele>
        <time>2026-09-09T13:39:29.000Z</time>
        <extensions>
          <ns3:TrackPointExtension>
            <ns3:hr>159</ns3:hr>
            <ns3:cad>88</ns3:cad>
          </ns3:TrackPointExtension>
        </extensions>
      </trkpt>
      <trkpt lat="24.53413358889520168304443359375" lon="118.15380399115383625030517578125">
        <ele>10</ele>
        <time>2026-09-09T13:39:30.000Z</time>
        <extensions>
          <ns3:TrackPointExtension>
            <ns3:hr>160</ns3:hr>
            <ns3:cad>88</ns3:cad>
          </ns3:TrackPointExtension>
        </extensions>
      </trkpt>
      <trkpt lat="24.53416376374661922454833984375" lon="118.15379493869841098785400390625">
        <ele>10</ele>
        <time>2026-09-09T13:39:31.000Z</time>
        <extensions>
          <ns3:TrackPointExtension>
            <ns3:hr>160</ns3:hr>
            <ns3:cad>88</ns3:cad>
          </ns3:TrackPointExtension>
        </extensions>
      </trkpt>
      <trkpt lat="24.5341940224170684814453125" lon="118.15378286875784397125244140625">
        <ele>10.19999980926513671875</ele>
        <time>2026-09-09T13:39:32.000Z</time>
        <extensions>
          <ns3:TrackPointExtension>
            <ns3:hr>160</ns3:hr>
            <ns3:cad>88</ns3:cad>
          </ns3:TrackPointExtension>
        </extensions>
      </trkpt>
      <trkpt lat="24.534226544201374053955078125" lon="118.15377767197787761688232421875">
        <ele>10.19999980926513671875</ele>
        <time>2026-09-09T13:39:33.000Z</time>
        <extensions>
          <ns3:TrackPointExtension>
            <ns3:hr>161</ns3:hr>
            <ns3:cad>88</ns3:cad>
          </ns3:TrackPointExtension>
        </extensions>
      </trkpt>
      <trkpt lat="24.53425261192023754119873046875" lon="118.15376828424632549285888671875">
        <ele>10.19999980926513671875</ele>
        <time>2026-09-09T13:39:34.000Z</time>
        <extensions>
          <ns3:TrackPointExtension>
            <ns3:hr>162</ns3:hr>
            <ns3:cad>87</ns3:cad>
          </ns3:TrackPointExtension>
        </extensions>
      </trkpt>
      <trkpt lat="24.53428546898066997528076171875" lon="118.153773061931133270263671875">
        <ele>10.19999980926513671875</ele>
        <time>2026-09-09T13:39:35.000Z</time>
        <extensions>
          <ns3:TrackPointExtension>
            <ns3:hr>163</ns3:hr>
            <ns3:cad>88</ns3:cad>
          </ns3:TrackPointExtension>
        </extensions>
      </trkpt>
      <trkpt lat="24.534311704337596893310546875" lon="118.15376736223697662353515625">
        <ele>10.19999980926513671875</ele>
        <time>2026-09-09T13:39:36.000Z</time>
        <extensions>
          <ns3:TrackPointExtension>
            <ns3:hr>164</ns3:hr>
            <ns3:cad>88</ns3:cad>
          </ns3:TrackPointExtension>
        </extensions>
      </trkpt>
      <trkpt lat="24.53433877788484096527099609375" lon="118.1537722237408161163330078125">
        <ele>10.19999980926513671875</ele>
        <time>2026-09-09T13:39:37.000Z</time>
        <extensions>
          <ns3:TrackPointExtension>
            <ns3:hr>164</ns3:hr>
            <ns3:cad>88</ns3:cad>
          </ns3:TrackPointExtension>
        </extensions>
      </trkpt>
    </trkseg>
  </trk>
</gpx>
