<?xml version="1.0" encoding="UTF-8"?>
<gpx creator="Garmin Connect" version="1.1"
  xsi:schemaLocation="http://www.topografix.com/GPX/1/1 http://www.topografix.com/GPX/11.xsd"
  xmlns:ns3="http://www.garmin.com/xmlschemas/TrackPointExtension/v1"
  xmlns="http://www.topografix.com/GPX/1/1"
  xmlns:xsi="http://www.w3.org/2001/XMLSchema-instance" xmlns:ns2="http://www.garmin.com/xmlschemas/GpxExtensions/v3">
  <metadata>
    <link href="connect.garmin.com">
      <text>Garmin Connect</text>
    </link>
    <time>2026-09-19T07:17:27.000Z</time>
  </metadata>
  <trk>
    <name>厦门市 越野跑</name>
    <type>trail_running</type>
    <trkseg>
      <trkpt lat="24.48863460682332515716552734375" lon="117.96901487745344638824462890625">
        <ele>16.6000003814697265625</ele>
        <time>2026-09-19T07:17:27.000Z</time>
        <extensions>
          <ns3:TrackPointExtension>
            <ns3:hr>105</ns3:hr>
            <ns3:cad>0</ns3:cad>
          </ns3:TrackPointExtension>
        </extensions>
      </trkpt>
      <trkpt lat="24.4886177591979503631591796875" lon="117.96899761073291301727294921875">
        <ele>16.6000003814697265625</ele>
        <time>2026-09-19T07:17:28.000Z</time>
        <extensions>
          <ns3:TrackPointExtension>
            <ns3:hr>105</ns3:hr>
            <ns3:cad>0</ns3:cad>
          </ns3:TrackPointExtension>
        </extensions>
      </trkpt>
      <trkpt lat="24.488622285425662994384765625" lon="117.96898788772523403167724609375">
        <ele>16.3999996185302734375</ele>
        <time>2026-09-19T07:17:29.000Z</time>
        <extensions>
          <ns3:TrackPointExtension>
            <ns3:hr>105</ns3:hr>
            <ns3:cad>0</ns3:cad>
          </ns3:TrackPointExtension>
        </extensions>
      </trkpt>
      <trkpt lat="24.488622285425662994384765625" lon="117.968974225223064422607421875">
        <ele>16.200000762939453125</ele>
        <time>2026-09-19T07:17:30.000Z</time>
        <extensions>
          <ns3:TrackPointExtension>
            <ns3:hr>106</ns3:hr>
            <ns3:cad>0</ns3:cad>
          </ns3:TrackPointExtension>
        </extensions>
      </trkpt>
      <trkpt lat="24.48863075114786624908447265625" lon="117.96896450221538543701171875">
        <ele>16</ele>
        <time>2026-09-19T07:17:31.000Z</time>
        <extensions>
          <ns3:TrackPointExtension>
            <ns3:hr>107</ns3:hr>
            <ns3:cad>0</ns3:cad>
          </ns3:TrackPointExtension>
        </extensions>
      </trkpt>
      <trkpt lat="24.48863561265170574188232421875" lon="117.96895100735127925872802734375">
        <ele>15.80000019073486328125</ele>
        <time>2026-09-19T07:17:32.000Z</time>
        <extensions>
          <ns3:TrackPointExtension>
            <ns3:hr>107</ns3:hr>
            <ns3:cad>0</ns3:cad>
          </ns3:TrackPointExtension>
        </extensions>
      </trkpt>
      <trkpt lat="24.48864650912582874298095703125" lon="117.968926616013050079345703125">
        <ele>15.80000019073486328125</ele>
        <time>2026-09-19T07:17:33.000Z</time>
        <extensions>
          <ns3:TrackPointExtension>
            <ns3:hr>107</ns3:hr>
            <ns3:cad>0</ns3:cad>
          </ns3:TrackPointExtension>
        </extensions>
      </trkpt>
      <trkpt lat="24.48865857906639575958251953125" lon="117.96890624798834323883056640625">
        <ele>15.6000003814697265625</ele>
        <time>2026-09-19T07:17:34.000Z</time>
        <extensions>
          <ns3:TrackPointExtension>
            <ns3:hr>107</ns3:hr>
            <ns3:cad>0</ns3:cad>
          </ns3:TrackPointExtension>
        </extensions>
      </trkpt>
      <trkpt lat="24.488664530217647552490234375" lon="117.96890306286513805389404296875">
        <ele>15.6000003814697265625</ele>
        <time>2026-09-19T07:17:35.000Z</time>
        <extensions>
          <ns3:TrackPointExtension>
            <ns3:hr>108</ns3:hr>
            <ns3:cad>55</ns3:cad>
          </ns3:TrackPointExtension>
        </extensions>
      </trkpt>
      <trkpt lat="24.4886715710163116455078125" lon="117.9688899032771587371826171875">
        <ele>15.6000003814697265625</ele>
        <time>2026-09-19T07:17:36.000Z</time>
        <extensions>
          <ns3:TrackPointExtension>
            <ns3:hr>109</ns3:hr>
            <ns3:cad>55</ns3:cad>
          </ns3:TrackPointExtension>
        </extensions>
      </trkpt>
      <trkpt lat="24.48867760598659515380859375" lon="117.9688731394708156585693359375">
        <ele>15.6000003814697265625</ele>
        <time>2026-09-19T07:17:37.000Z</time>
        <extensions>
          <ns3:TrackPointExtension>
            <ns3:hr>110</ns3:hr>
            <ns3:cad>55</ns3:cad>
          </ns3:TrackPointExtension>
        </extensions>
      </trkpt>
      <trkpt lat="24.48867886327207088470458984375" lon="117.96886635012924671173095703125">
        <ele>15.6000003814697265625</ele>
        <time>2026-09-19T07:17:38.000Z</time>
        <extensions>
          <ns3:TrackPointExtension>
            <ns3:hr>109</ns3:hr>
            <ns3:cad>55</ns3:cad>
          </ns3:TrackPointExtension>
        </extensions>
      </trkpt>
      <trkpt lat="24.48868506588041782379150390625" lon="117.96885746531188488006591796875">
        <ele>15.6000003814697265625</ele>
        <time>2026-09-19T07:17:39.000Z</time>
        <extensions>
          <ns3:TrackPointExtension>
            <ns3:hr>109</ns3:hr>
            <ns3:cad>55</ns3:cad>
          </ns3:TrackPointExtension>
        </extensions>
      </trkpt>
      <trkpt lat="24.4886928610503673553466796875" lon="117.9688526876270771026611328125">
        <ele>15.6000003814697265625</ele>
        <time>2026-09-19T07:17:40.000Z</time>
        <extensions>
          <ns3:TrackPointExtension>
            <ns3:hr>109</ns3:hr>
            <ns3:cad>55</ns3:cad>
          </ns3:TrackPointExtension>
        </extensions>
      </trkpt>
      <trkpt lat="24.48870099149644374847412109375" lon="117.9688466526567935943603515625">
        <ele>15.6000003814697265625</ele>
        <time>2026-09-19T07:17:41.000Z</time>
        <extensions>
          <ns3:TrackPointExtension>
            <ns3:hr>109</ns3:hr>
            <ns3:cad>55</ns3:cad>
          </ns3:TrackPointExtension>
        </extensions>
      </trkpt>
      <trkpt lat="24.48870987631380558013916015625" lon="117.96884170733392238616943359375">
        <ele>15.6000003814697265625</ele>
        <time>2026-09-19T07:17:42.000Z</time>
        <extensions>
          <ns3:TrackPointExtension>
            <ns3:hr>109</ns3:hr>
            <ns3:cad>55</ns3:cad>
          </ns3:TrackPointExtension>
        </extensions>
      </trkpt>
      <trkpt lat="24.488718844950199127197265625" lon="117.968836091458797454833984375">
        <ele>15.6000003814697265625</ele>
        <time>2026-09-19T07:17:43.000Z</time>
        <extensions>
          <ns3:TrackPointExtension>
            <ns3:hr>109</ns3:hr>
            <ns3:cad>55</ns3:cad>
          </ns3:TrackPointExtension>
        </extensions>
      </trkpt>
      <trkpt lat="24.48871892876923084259033203125" lon="117.96883667819201946258544921875">
        <ele>15.80000019073486328125</ele>
        <time>2026-09-19T07:17:44.000Z</time>
        <extensions>
          <ns3:TrackPointExtension>
            <ns3:hr>109</ns3:hr>
            <ns3:cad>55</ns3:cad>
          </ns3:TrackPointExtension>
        </extensions>
      </trkpt>
      <trkpt lat="24.488728903234004974365234375" lon="117.96883030794560909271240234375">
        <ele>16</ele>
        <time>2026-09-19T07:17:45.000Z</time>
        <extensions>
          <ns3:TrackPointExtension>
            <ns3:hr>109</ns3:hr>
            <ns3:cad>0</ns3:cad>
          </ns3:TrackPointExtension>
        </extensions>
      </trkpt>
      <trkpt lat="24.488738961517810821533203125" lon="117.96882477588951587677001953125">
        <ele>16.3999996185302734375</ele>
        <time>2026-09-19T07:17:46.000Z</time>
        <extensions>
          <ns3:TrackPointExtension>
            <ns3:hr>108</ns3:hr>
            <ns3:cad>0</ns3:cad>
          </ns3:TrackPointExtension>
        </extensions>
      </trkpt>
      <trkpt lat="24.4887493550777435302734375" lon="117.96882008202373981475830078125">
        <ele>16.6000003814697265625</ele>
        <time>2026-09-19T07:17:47.000Z</time>
        <extensions>
          <ns3:TrackPointExtension>
            <ns3:hr>108</ns3:hr>
            <ns3:cad>0</ns3:cad>
          </ns3:TrackPointExtension>
        </extensions>
      </trkpt>
      <trkpt lat="24.4887592457234859466552734375" lon="117.96881505288183689117431640625">
        <ele>17</ele>
        <time>2026-09-19T07:17:48.000Z</time>
        <extensions>
          <ns3:TrackPointExtension>
            <ns3:hr>108</ns3:hr>
            <ns3:cad>0</ns3:cad>
          </ns3:TrackPointExtension>
        </extensions>
      </trkpt>
      <trkpt lat="24.48876519687473773956298828125" lon="117.96881170012056827545166015625">
        <ele>17.200000762939453125</ele>
        <time>2026-09-19T07:17:49.000Z</time>
        <extensions>
          <ns3:TrackPointExtension>
            <ns3:hr>108</ns3:hr>
            <ns3:cad>0</ns3:cad>
          </ns3:TrackPointExtension>
        </extensions>
      </trkpt>
      <trkpt lat="24.4887682981789112091064453125" lon="117.96880901791155338287353515625">
        <ele>17.3999996185302734375</ele>
        <time>2026-09-19T07:17:50.000Z</time>
        <extensions>
          <ns3:TrackPointExtension>
            <ns3:hr>108</ns3:hr>
            <ns3:cad>0</ns3:cad>
          </ns3:TrackPointExtension>
        </extensions>
      </trkpt>
      <trkpt lat="24.4887750037014484405517578125" lon="117.9688010551035404205322265625">
        <ele>17.6000003814697265625</ele>
        <time>2026-09-19T07:17:51.000Z</time>
        <extensions>
          <ns3:TrackPointExtension>
            <ns3:hr>108</ns3:hr>
            <ns3:cad>0</ns3:cad>
          </ns3:TrackPointExtension>
        </extensions>
      </trkpt>
      <trkpt lat="24.4887833856046199798583984375" lon="117.96879149973392486572265625">
        <ele>17.799999237060546875</ele>
        <time>2026-09-19T07:17:52.000Z</time>
        <extensions>
          <ns3:TrackPointExtension>
            <ns3:hr>108</ns3:hr>
            <ns3:cad>0</ns3:cad>
          </ns3:TrackPointExtension>
        </extensions>
      </trkpt>
      <trkpt lat="24.488785900175571441650390625" lon="117.96878135763108730316162109375">
        <ele>17.799999237060546875</ele>
        <time>2026-09-19T07:17:53.000Z</time>
        <extensions>
          <ns3:TrackPointExtension>
            <ns3:hr>108</ns3:hr>
            <ns3:cad>0</ns3:cad>
          </ns3:TrackPointExtension>
        </extensions>
      </trkpt>
      <trkpt lat="24.4887847267091274261474609375" lon="117.96877582557499408721923828125">
        <ele>18</ele>
        <time>2026-09-19T07:17:54.000Z</time>
        <extensions>
          <ns3:TrackPointExtension>
            <ns3:hr>108</ns3:hr>
            <ns3:cad>55</ns3:cad>
          </ns3:TrackPointExtension>
        </extensions>
      </trkpt>
      <trkpt lat="24.48878447525203227996826171875" lon="117.9687759093940258026123046875">
        <ele>18.200000762939453125</ele>
        <time>2026-09-19T07:17:55.000Z</time>
        <extensions>
          <ns3:TrackPointExtension>
            <ns3:hr>107</ns3:hr>
            <ns3:cad>55</ns3:cad>
          </ns3:TrackPointExtension>
        </extensions>
      </trkpt>
      <trkpt lat="24.4887820445001125335693359375" lon="117.96877465210855007171630859375">
        <ele>18.3999996185302734375</ele>
        <time>2026-09-19T07:17:56.000Z</time>
        <extensions>
          <ns3:TrackPointExtension>
            <ns3:hr>106</ns3:hr>
            <ns3:cad>53</ns3:cad>
          </ns3:TrackPointExtension>
        </extensions>
      </trkpt>
      <trkpt lat="24.4887828826904296875" lon="117.9687685333192348480224609375">
        <ele>18.6000003814697265625</ele>
        <time>2026-09-19T07:17:57.000Z</time>
        <extensions>
          <ns3:TrackPointExtension>
            <ns3:hr>105</ns3:hr>
            <ns3:cad>53</ns3:cad>
          </ns3:TrackPointExtension>
        </extensions>
      </trkpt>
      <trkpt lat="24.488785564899444580078125" lon="117.968755625188350677490234375">
        <ele>19</ele>
        <time>2026-09-19T07:17:58.000Z</time>
        <extensions>
          <ns3:TrackPointExtension>
            <ns3:hr>106</ns3:hr>
            <ns3:cad>53</ns3:cad>
          </ns3:TrackPointExtension>
        </extensions>
      </trkpt>
      <trkpt lat="24.48878824710845947265625" lon="117.9687492549419403076171875">
        <ele>19.200000762939453125</ele>
        <time>2026-09-19T07:17:59.000Z</time>
        <extensions>
          <ns3:TrackPointExtension>
            <ns3:hr>106</ns3:hr>
            <ns3:cad>53</ns3:cad>
          </ns3:TrackPointExtension>
        </extensions>
      </trkpt>
      <trkpt lat="24.48879185132682323455810546875" lon="117.96873986721038818359375">
        <ele>19.3999996185302734375</ele>
        <time>2026-09-19T07:18:00.000Z</time>
        <extensions>
          <ns3:TrackPointExtension>
            <ns3:hr>105</ns3:hr>
            <ns3:cad>54</ns3:cad>
          </ns3:TrackPointExtension>
        </extensions>
      </trkpt>
      <trkpt lat="24.4887947849929332733154296875" lon="117.96873240731656551361083984375">
        <ele>19.6000003814697265625</ele>
        <time>2026-09-19T07:18:01.000Z</time>
        <extensions>
          <ns3:TrackPointExtension>
            <ns3:hr>104</ns3:hr>
            <ns3:cad>54</ns3:cad>
          </ns3:TrackPointExtension>
        </extensions>
      </trkpt>
      <trkpt lat="24.48879788629710674285888671875" lon="117.9687249474227428436279296875">
        <ele>19.799999237060546875</ele>
        <time>2026-09-19T07:18:02.000Z</time>
        <extensions>
          <ns3:TrackPointExtension>
            <ns3:hr>103</ns3:hr>
            <ns3:cad>53</ns3:cad>
          </ns3:TrackPointExtension>
        </extensions>
      </trkpt>
      <trkpt lat="24.48880610056221485137939453125" lon="117.9687117040157318115234375">
        <ele>20</ele>
        <time>2026-09-19T07:18:03.000Z</time>
        <extensions>
          <ns3:TrackPointExtension>
            <ns3:hr>102</ns3:hr>
            <ns3:cad>53</ns3:cad>
          </ns3:TrackPointExtension>
        </extensions>
      </trkpt>
      <trkpt lat="24.48881347663700580596923828125" lon="117.9687038250267505645751953125">
        <ele>20.200000762939453125</ele>
        <time>2026-09-19T07:18:04.000Z</time>
        <extensions>
          <ns3:TrackPointExtension>
            <ns3:hr>103</ns3:hr>
            <ns3:cad>52</ns3:cad>
          </ns3:TrackPointExtension>
        </extensions>
      </trkpt>
      <trkpt lat="24.4888185895979404449462890625" lon="117.96870022080838680267333984375">
        <ele>20.200000762939453125</ele>
        <time>2026-09-19T07:18:05.000Z</time>
        <extensions>
          <ns3:TrackPointExtension>
            <ns3:hr>103</ns3:hr>
            <ns3:cad>52</ns3:cad>
          </ns3:TrackPointExtension>
        </extensions>
      </trkpt>
      <trkpt lat="24.4888242892920970916748046875" lon="117.96869552694261074066162109375">
        <ele>20.200000762939453125</ele>
        <time>2026-09-19T07:18:06.000Z</time>
        <extensions>
          <ns3:TrackPointExtension>
            <ns3:hr>104</ns3:hr>
            <ns3:cad>50</ns3:cad>
          </ns3:TrackPointExtension>
        </extensions>
      </trkpt>
      <trkpt lat="24.48883610777556896209716796875" lon="117.968683540821075439453125">
        <ele>20.200000762939453125</ele>
        <time>2026-09-19T07:18:07.000Z</time>
        <extensions>
          <ns3:TrackPointExtension>
            <ns3:hr>104</ns3:hr>
            <ns3:cad>48</ns3:cad>
          </ns3:TrackPointExtension>
        </extensions>
      </trkpt>
      <trkpt lat="24.488842897117137908935546875" lon="117.96867909841239452362060546875">
        <ele>20</ele>
        <time>2026-09-19T07:18:08.000Z</time>
        <extensions>
          <ns3:TrackPointExtension>
            <ns3:hr>105</ns3:hr>
            <ns3:cad>48</ns3:cad>
          </ns3:TrackPointExtension>
        </extensions>
      </trkpt>
      <trkpt lat="24.488852284848690032958984375" lon="117.96867088414728641510009765625">
        <ele>20</ele>
        <time>2026-09-19T07:18:09.000Z</time>
        <extensions>
          <ns3:TrackPointExtension>
            <ns3:hr>106</ns3:hr>
            <ns3:cad>48</ns3:cad>
          </ns3:TrackPointExtension>
        </extensions>
      </trkpt>
      <trkpt lat="24.48885840363800525665283203125" lon="117.96866334043443202972412109375">
        <ele>20</ele>
        <time>2026-09-19T07:18:10.000Z</time>
        <extensions>
          <ns3:TrackPointExtension>
            <ns3:hr>107</ns3:hr>
            <ns3:cad>53</ns3:cad>
          </ns3:TrackPointExtension>
        </extensions>
      </trkpt>
      <trkpt lat="24.48885857127606868743896484375" lon="117.968655042350292205810546875">
        <ele>20</ele>
        <time>2026-09-19T07:18:11.000Z</time>
        <extensions>
          <ns3:TrackPointExtension>
            <ns3:hr>108</ns3:hr>
            <ns3:cad>53</ns3:cad>
          </ns3:TrackPointExtension>
        </extensions>
      </trkpt>
      <trkpt lat="24.48885731399059295654296875" lon="117.968651019036769866943359375">
        <ele>20.200000762939453125</ele>
        <time>2026-09-19T07:18:12.000Z</time>
        <extensions>
          <ns3:TrackPointExtension>
            <ns3:hr>108</ns3:hr>
            <ns3:cad>53</ns3:cad>
          </ns3:TrackPointExtension>
        </extensions>
      </trkpt>
      <trkpt lat="24.4888615049421787261962890625" lon="117.96864707954227924346923828125">
        <ele>20.200000762939453125</ele>
        <time>2026-09-19T07:18:13.000Z</time>
        <extensions>
          <ns3:TrackPointExtension>
            <ns3:hr>109</ns3:hr>
            <ns3:cad>53</ns3:cad>
          </ns3:TrackPointExtension>
        </extensions>
      </trkpt>
      <trkpt lat="24.4888645224273204803466796875" lon="117.96864288859069347381591796875">
        <ele>20.3999996185302734375</ele>
        <time>2026-09-19T07:18:14.000Z</time>
        <extensions>
          <ns3:TrackPointExtension>
            <ns3:hr>110</ns3:hr>
            <ns3:cad>50</ns3:cad>
          </ns3:TrackPointExtension>
        </extensions>
      </trkpt>
      <trkpt lat="24.48886401951313018798828125" lon="117.96864129602909088134765625">
        <ele>20.799999237060546875</ele>
        <time>2026-09-19T07:18:15.000Z</time>
        <extensions>
          <ns3:TrackPointExtension>
            <ns3:hr>110</ns3:hr>
            <ns3:cad>50</ns3:cad>
          </ns3:TrackPointExtension>
        </extensions>
      </trkpt>
      <trkpt lat="24.48886745609343051910400390625" lon="117.96863668598234653472900390625">
        <ele>21</ele>
        <time>2026-09-19T07:18:16.000Z</time>
        <extensions>
          <ns3:TrackPointExtension>
            <ns3:hr>111</ns3:hr>
            <ns3:cad>53</ns3:cad>
          </ns3:TrackPointExtension>
        </extensions>
      </trkpt>
      <trkpt lat="24.48886577971279621124267578125" lon="117.96863568015396595001220703125">
        <ele>21.200000762939453125</ele>
        <time>2026-09-19T07:18:17.000Z</time>
        <extensions>
          <ns3:TrackPointExtension>
            <ns3:hr>112</ns3:hr>
            <ns3:cad>54</ns3:cad>
          </ns3:TrackPointExtension>
        </extensions>
      </trkpt>
      <trkpt lat="24.48886611498892307281494140625" lon="117.96863249503076076507568359375">
        <ele>21.6000003814697265625</ele>
        <time>2026-09-19T07:18:18.000Z</time>
        <extensions>
          <ns3:TrackPointExtension>
            <ns3:hr>112</ns3:hr>
            <ns3:cad>54</ns3:cad>
          </ns3:TrackPointExtension>
        </extensions>
      </trkpt>
      <trkpt lat="24.488865695893764495849609375" lon="117.9686277173459529876708984375">
        <ele>21.799999237060546875</ele>
        <time>2026-09-19T07:18:19.000Z</time>
        <extensions>
          <ns3:TrackPointExtension>
            <ns3:hr>113</ns3:hr>
            <ns3:cad>53</ns3:cad>
          </ns3:TrackPointExtension>
        </extensions>
      </trkpt>
      <trkpt lat="24.488865025341510772705078125" lon="117.9686253704130649566650390625">
        <ele>22</ele>
        <time>2026-09-19T07:18:20.000Z</time>
        <extensions>
          <ns3:TrackPointExtension>
            <ns3:hr>114</ns3:hr>
            <ns3:cad>53</ns3:cad>
          </ns3:TrackPointExtension>
        </extensions>
      </trkpt>
      <trkpt lat="24.48886661790311336517333984375" lon="117.96862185001373291015625">
        <ele>22.200000762939453125</ele>
        <time>2026-09-19T07:18:21.000Z</time>
        <extensions>
          <ns3:TrackPointExtension>
            <ns3:hr>115</ns3:hr>
            <ns3:cad>53</ns3:cad>
          </ns3:TrackPointExtension>
        </extensions>
      </trkpt>
      <trkpt lat="24.4888692162930965423583984375" lon="117.96861179172992706298828125">
        <ele>22.3999996185302734375</ele>
        <time>2026-09-19T07:18:22.000Z</time>
        <extensions>
          <ns3:TrackPointExtension>
            <ns3:hr>124</ns3:hr>
            <ns3:cad>53</ns3:cad>
          </ns3:TrackPointExtension>
        </extensions>
      </trkpt>
      <trkpt lat="24.488873742520809173583984375" lon="117.96860114671289920806884765625">
        <ele>22.3999996185302734375</ele>
        <time>2026-09-19T07:18:23.000Z</time>
        <extensions>
          <ns3:TrackPointExtension>
            <ns3:hr>126</ns3:hr>
            <ns3:cad>53</ns3:cad>
          </ns3:TrackPointExtension>
        </extensions>
      </trkpt>
      <trkpt lat="24.48887969367206096649169921875" lon="117.96859427355229854583740234375">
        <ele>22.200000762939453125</ele>
        <time>2026-09-19T07:18:24.000Z</time>
        <extensions>
          <ns3:TrackPointExtension>
            <ns3:hr>126</ns3:hr>
            <ns3:cad>53</ns3:cad>
          </ns3:TrackPointExtension>
        </extensions>
      </trkpt>
      <trkpt lat="24.48888539336621761322021484375" lon="117.9685844667255878448486328125">
        <ele>22.200000762939453125</ele>
        <time>2026-09-19T07:18:25.000Z</time>
        <extensions>
          <ns3:TrackPointExtension>
            <ns3:hr>126</ns3:hr>
            <ns3:cad>47</ns3:cad>
          </ns3:TrackPointExtension>
        </extensions>
      </trkpt>
      <trkpt lat="24.48887634091079235076904296875" lon="117.96858572401106357574462890625">
        <ele>22.200000762939453125</ele>
        <time>2026-09-19T07:18:26.000Z</time>
        <extensions>
          <ns3:TrackPointExtension>
            <ns3:hr>125</ns3:hr>
            <ns3:cad>47</ns3:cad>
          </ns3:TrackPointExtension>
        </extensions>
      </trkpt>
      <trkpt lat="24.48887416161596775054931640625" lon="117.9685784317553043365478515625">
        <ele>22</ele>
        <time>2026-09-19T07:18:27.000Z</time>
        <extensions>
          <ns3:TrackPointExtension>
            <ns3:hr>125</ns3:hr>
            <ns3:cad>0</ns3:cad>
          </ns3:TrackPointExtension>
        </extensions>
      </trkpt>
      <trkpt lat="24.48888287879526615142822265625" lon="117.96856376342475414276123046875">
        <ele>21.799999237060546875</ele>
        <time>2026-09-19T07:18:28.000Z</time>
        <extensions>
          <ns3:TrackPointExtension>
            <ns3:hr>125</ns3:hr>
            <ns3:cad>0</ns3:cad>
          </ns3:TrackPointExtension>
        </extensions>
      </trkpt>
      <trkpt lat="24.488897882401943206787109375" lon="117.9685365222394466400146484375">
        <ele>21.799999237060546875</ele>
        <time>2026-09-19T07:18:29.000Z</time>
        <extensions>
          <ns3:TrackPointExtension>
            <ns3:hr>126</ns3:hr>
            <ns3:cad>0</ns3:cad>
          </ns3:TrackPointExtension>
        </extensions>
      </trkpt>
      <trkpt lat="24.4889111258089542388916015625" lon="117.9685113765299320220947265625">
        <ele>21.6000003814697265625</ele>
        <time>2026-09-19T07:18:30.000Z</time>
        <extensions>
          <ns3:TrackPointExtension>
            <ns3:hr>126</ns3:hr>
            <ns3:cad>0</ns3:cad>
          </ns3:TrackPointExtension>
        </extensions>
      </trkpt>
      <trkpt lat="24.488918669521808624267578125" lon="117.96849419362843036651611328125">
        <ele>21.6000003814697265625</ele>
        <time>2026-09-19T07:18:31.000Z</time>
        <extensions>
          <ns3:TrackPointExtension>
            <ns3:hr>126</ns3:hr>
            <ns3:cad>0</ns3:cad>
          </ns3:TrackPointExtension>
        </extensions>
      </trkpt>
      <trkpt lat="24.4889183342456817626953125" lon="117.968480698764324188232421875">
        <ele>21.6000003814697265625</ele>
        <time>2026-09-19T07:18:32.000Z</time>
        <extensions>
          <ns3:TrackPointExtension>
            <ns3:hr>128</ns3:hr>
            <ns3:cad>0</ns3:cad>
          </ns3:TrackPointExtension>
        </extensions>
      </trkpt>
      <trkpt lat="24.48892076499760150909423828125" lon="117.968471311032772064208984375">
        <ele>21.3999996185302734375</ele>
        <time>2026-09-19T07:18:33.000Z</time>
        <extensions>
          <ns3:TrackPointExtension>
            <ns3:hr>129</ns3:hr>
            <ns3:cad>0</ns3:cad>
          </ns3:TrackPointExtension>
        </extensions>
      </trkpt>
      <trkpt lat="24.4889195077121257781982421875" lon="117.9684664495289325714111328125">
        <ele>21.6000003814697265625</ele>
        <time>2026-09-19T07:18:34.000Z</time>
        <extensions>
          <ns3:TrackPointExtension>
            <ns3:hr>128</ns3:hr>
            <ns3:cad>0</ns3:cad>
          </ns3:TrackPointExtension>
        </extensions>
      </trkpt>
      <trkpt lat="24.4889178313314914703369140625" lon="117.9684661142528057098388671875">
        <ele>21.6000003814697265625</ele>
        <time>2026-09-19T07:18:35.000Z</time>
        <extensions>
          <ns3:TrackPointExtension>
            <ns3:hr>129</ns3:hr>
            <ns3:cad>53</ns3:cad>
          </ns3:TrackPointExtension>
        </extensions>
      </trkpt>
      <trkpt lat="24.48891674168407917022705078125" lon="117.96846334822475910186767578125">
        <ele>21.6000003814697265625</ele>
        <time>2026-09-19T07:18:36.000Z</time>
        <extensions>
          <ns3:TrackPointExtension>
            <ns3:hr>130</ns3:hr>
            <ns3:cad>55</ns3:cad>
          </ns3:TrackPointExtension>
        </extensions>
      </trkpt>
      <trkpt lat="24.48891556821763515472412109375" lon="117.9684637673199176788330078125">
        <ele>21.6000003814697265625</ele>
        <time>2026-09-19T07:18:37.000Z</time>
        <extensions>
          <ns3:TrackPointExtension>
            <ns3:hr>130</ns3:hr>
            <ns3:cad>55</ns3:cad>
          </ns3:TrackPointExtension>
        </extensions>
      </trkpt>
      <trkpt lat="24.48890618048608303070068359375" lon="117.968469969928264617919921875">
        <ele>21.6000003814697265625</ele>
        <time>2026-09-19T07:18:38.000Z</time>
        <extensions>
          <ns3:TrackPointExtension>
            <ns3:hr>130</ns3:hr>
            <ns3:cad>55</ns3:cad>
          </ns3:TrackPointExtension>
        </extensions>
      </trkpt>
      <trkpt lat="24.48890400119125843048095703125" lon="117.96846292912960052490234375">
        <ele>21.6000003814697265625</ele>
        <time>2026-09-19T07:18:39.000Z</time>
        <extensions>
          <ns3:TrackPointExtension>
            <ns3:hr>130</ns3:hr>
            <ns3:cad>52</ns3:cad>
          </ns3:TrackPointExtension>
        </extensions>
      </trkpt>
      <trkpt lat="24.4889049232006072998046875" lon="117.96845178119838237762451171875">
        <ele>21.6000003814697265625</ele>
        <time>2026-09-19T07:18:40.000Z</time>
        <extensions>
          <ns3:TrackPointExtension>
            <ns3:hr>130</ns3:hr>
            <ns3:cad>51</ns3:cad>
          </ns3:TrackPointExtension>
        </extensions>
      </trkpt>
      <trkpt lat="24.48890919797122478485107421875" lon="117.96843669377267360687255859375">
        <ele>21.6000003814697265625</ele>
        <time>2026-09-19T07:18:41.000Z</time>
        <extensions>
          <ns3:TrackPointExtension>
            <ns3:hr>130</ns3:hr>
            <ns3:cad>51</ns3:cad>
          </ns3:TrackPointExtension>
        </extensions>
      </trkpt>
      <trkpt lat="24.48891162872314453125" lon="117.96842965297400951385498046875">
        <ele>21.6000003814697265625</ele>
        <time>2026-09-19T07:18:42.000Z</time>
        <extensions>
          <ns3:TrackPointExtension>
            <ns3:hr>130</ns3:hr>
            <ns3:cad>52</ns3:cad>
          </ns3:TrackPointExtension>
        </extensions>
      </trkpt>
      <trkpt lat="24.48891389183700084686279296875" lon="117.968421019613742828369140625">
        <ele>22</ele>
        <time>2026-09-19T07:18:43.000Z</time>
        <extensions>
          <ns3:TrackPointExtension>
            <ns3:hr>128</ns3:hr>
            <ns3:cad>52</ns3:cad>
          </ns3:TrackPointExtension>
        </extensions>
      </trkpt>
      <trkpt lat="24.488917328417301177978515625" lon="117.96841506846249103546142578125">
        <ele>22.200000762939453125</ele>
        <time>2026-09-19T07:18:44.000Z</time>
        <extensions>
          <ns3:TrackPointExtension>
            <ns3:hr>128</ns3:hr>
            <ns3:cad>52</ns3:cad>
          </ns3:TrackPointExtension>
        </extensions>
      </trkpt>
      <trkpt lat="24.4889188371598720550537109375" lon="117.9684101231396198272705078125">
        <ele>22.6000003814697265625</ele>
        <time>2026-09-19T07:18:45.000Z</time>
        <extensions>
          <ns3:TrackPointExtension>
            <ns3:hr>127</ns3:hr>
            <ns3:cad>52</ns3:cad>
          </ns3:TrackPointExtension>
        </extensions>
      </trkpt>
      <trkpt lat="24.48892168700695037841796875" lon="117.96840266324579715728759765625">
        <ele>23</ele>
        <time>2026-09-19T07:18:46.000Z</time>
        <extensions>
          <ns3:TrackPointExtension>
            <ns3:hr>125</ns3:hr>
            <ns3:cad>52</ns3:cad>
          </ns3:TrackPointExtension>
        </extensions>
      </trkpt>
      <trkpt lat="24.4889236986637115478515625" lon="117.9683960415422916412353515625">
        <ele>23.3999996185302734375</ele>
        <time>2026-09-19T07:18:47.000Z</time>
        <extensions>
          <ns3:TrackPointExtension>
            <ns3:hr>125</ns3:hr>
            <ns3:cad>52</ns3:cad>
          </ns3:TrackPointExtension>
        </extensions>
      </trkpt>
      <trkpt lat="24.488928727805614471435546875" lon="117.9683940298855304718017578125">
        <ele>23.6000003814697265625</ele>
        <time>2026-09-19T07:18:48.000Z</time>
        <extensions>
          <ns3:TrackPointExtension>
            <ns3:hr>125</ns3:hr>
            <ns3:cad>52</ns3:cad>
          </ns3:TrackPointExtension>
        </extensions>
      </trkpt>
      <trkpt lat="24.4889402948319911956787109375" lon="117.9683812893927097320556640625">
        <ele>23.799999237060546875</ele>
        <time>2026-09-19T07:18:49.000Z</time>
        <extensions>
          <ns3:TrackPointExtension>
            <ns3:hr>124</ns3:hr>
            <ns3:cad>52</ns3:cad>
          </ns3:TrackPointExtension>
        </extensions>
      </trkpt>
      <trkpt lat="24.4889473356306552886962890625" lon="117.9683749191462993621826171875">
        <ele>24</ele>
        <time>2026-09-19T07:18:50.000Z</time>
        <extensions>
          <ns3:TrackPointExtension>
            <ns3:hr>125</ns3:hr>
            <ns3:cad>52</ns3:cad>
          </ns3:TrackPointExtension>
        </extensions>
      </trkpt>
      <trkpt lat="24.48895781300961971282958984375" lon="117.96836477704346179962158203125">
        <ele>24</ele>
        <time>2026-09-19T07:18:51.000Z</time>
        <extensions>
          <ns3:TrackPointExtension>
            <ns3:hr>125</ns3:hr>
            <ns3:cad>52</ns3:cad>
          </ns3:TrackPointExtension>
        </extensions>
      </trkpt>
      <trkpt lat="24.4889808632433414459228515625" lon="117.96833426691591739654541015625">
        <ele>24.200000762939453125</ele>
        <time>2026-09-19T07:18:52.000Z</time>
        <extensions>
          <ns3:TrackPointExtension>
            <ns3:hr>124</ns3:hr>
            <ns3:cad>43</ns3:cad>
          </ns3:TrackPointExtension>
        </extensions>
      </trkpt>
      <trkpt lat="24.48900676332414150238037109375" lon="117.968305014073848724365234375">
        <ele>24.200000762939453125</ele>
        <time>2026-09-19T07:18:53.000Z</time>
        <extensions>
          <ns3:TrackPointExtension>
            <ns3:hr>124</ns3:hr>
            <ns3:cad>0</ns3:cad>
          </ns3:TrackPointExtension>
        </extensions>
      </trkpt>
      <trkpt lat="24.48901715688407421112060546875" lon="117.96828749589622020721435546875">
        <ele>24.3999996185302734375</ele>
        <time>2026-09-19T07:18:54.000Z</time>
        <extensions>
          <ns3:TrackPointExtension>
            <ns3:hr>124</ns3:hr>
            <ns3:cad>0</ns3:cad>
          </ns3:TrackPointExtension>
        </extensions>
      </trkpt>
      <trkpt lat="24.4890247844159603118896484375" lon="117.96827408485114574432373046875">
        <ele>24.799999237060546875</ele>
        <time>2026-09-19T07:18:55.000Z</time>
        <extensions>
          <ns3:TrackPointExtension>
            <ns3:hr>124</ns3:hr>
            <ns3:cad>0</ns3:cad>
          </ns3:TrackPointExtension>
        </extensions>
      </trkpt>
      <trkpt lat="24.48903190903365612030029296875" lon="117.96826402656733989715576171875">
        <ele>25.200000762939453125</ele>
        <time>2026-09-19T07:18:56.000Z</time>
        <extensions>
          <ns3:TrackPointExtension>
            <ns3:hr>124</ns3:hr>
            <ns3:cad>0</ns3:cad>
          </ns3:TrackPointExtension>
        </extensions>
      </trkpt>
      <trkpt lat="24.489038027822971343994140625" lon="117.9682508669793605804443359375">
        <ele>25.6000003814697265625</ele>
        <time>2026-09-19T07:18:57.000Z</time>
        <extensions>
          <ns3:TrackPointExtension>
            <ns3:hr>125</ns3:hr>
            <ns3:cad>43</ns3:cad>
          </ns3:TrackPointExtension>
        </extensions>
      </trkpt>
      <trkpt lat="24.48904699645936489105224609375" lon="117.968233935534954071044921875">
        <ele>25.799999237060546875</ele>
        <time>2026-09-19T07:18:58.000Z</time>
        <extensions>
          <ns3:TrackPointExtension>
            <ns3:hr>126</ns3:hr>
            <ns3:cad>43</ns3:cad>
          </ns3:TrackPointExtension>
        </extensions>
      </trkpt>
      <trkpt lat="24.48905839584767818450927734375" lon="117.9682166688144207000732421875">
        <ele>26.200000762939453125</ele>
        <time>2026-09-19T07:18:59.000Z</time>
        <extensions>
          <ns3:TrackPointExtension>
            <ns3:hr>126</ns3:hr>
            <ns3:cad>43</ns3:cad>
          </ns3:TrackPointExtension>
        </extensions>
      </trkpt>
      <trkpt lat="24.48906384408473968505859375" lon="117.96819873154163360595703125">
        <ele>26.200000762939453125</ele>
        <time>2026-09-19T07:19:00.000Z</time>
        <extensions>
          <ns3:TrackPointExtension>
            <ns3:hr>126</ns3:hr>
            <ns3:cad>0</ns3:cad>
          </ns3:TrackPointExtension>
        </extensions>
      </trkpt>
      <trkpt lat="24.489068202674388885498046875" lon="117.9681942053139209747314453125">
        <ele>26.3999996185302734375</ele>
        <time>2026-09-19T07:19:01.000Z</time>
        <extensions>
          <ns3:TrackPointExtension>
            <ns3:hr>126</ns3:hr>
            <ns3:cad>0</ns3:cad>
          </ns3:TrackPointExtension>
        </extensions>
      </trkpt>
      <trkpt lat="24.4890710525214672088623046875" lon="117.968185655772686004638671875">
        <ele>26.3999996185302734375</ele>
        <time>2026-09-19T07:19:02.000Z</time>
        <extensions>
          <ns3:TrackPointExtension>
            <ns3:hr>127</ns3:hr>
            <ns3:cad>0</ns3:cad>
          </ns3:TrackPointExtension>
        </extensions>
      </trkpt>
      <trkpt lat="24.48907147161662578582763671875" lon="117.968173921108245849609375">
        <ele>26.6000003814697265625</ele>
        <time>2026-09-19T07:19:03.000Z</time>
        <extensions>
          <ns3:TrackPointExtension>
            <ns3:hr>127</ns3:hr>
            <ns3:cad>0</ns3:cad>
          </ns3:TrackPointExtension>
        </extensions>
      </trkpt>
      <trkpt lat="24.48907096870243549346923828125" lon="117.96816143207252025604248046875">
        <ele>27</ele>
        <time>2026-09-19T07:19:04.000Z</time>
        <extensions>
          <ns3:TrackPointExtension>
            <ns3:hr>127</ns3:hr>
            <ns3:cad>0</ns3:cad>
          </ns3:TrackPointExtension>
        </extensions>
      </trkpt>
      <trkpt lat="24.48906711302697658538818359375" lon="117.96815087087452411651611328125">
        <ele>27.3999996185302734375</ele>
        <time>2026-09-19T07:19:05.000Z</time>
        <extensions>
          <ns3:TrackPointExtension>
            <ns3:hr>128</ns3:hr>
            <ns3:cad>0</ns3:cad>
          </ns3:TrackPointExtension>
        </extensions>
      </trkpt>
      <trkpt lat="24.48906795121729373931884765625" lon="117.96813762746751308441162109375">
        <ele>27.799999237060546875</ele>
        <time>2026-09-19T07:19:06.000Z</time>
        <extensions>
          <ns3:TrackPointExtension>
            <ns3:hr>128</ns3:hr>
            <ns3:cad>0</ns3:cad>
          </ns3:TrackPointExtension>
        </extensions>
      </trkpt>
      <trkpt lat="24.48906912468373775482177734375" lon="117.968131341040134429931640625">
        <ele>28.200000762939453125</ele>
        <time>2026-09-19T07:19:07.000Z</time>
        <extensions>
          <ns3:TrackPointExtension>
            <ns3:hr>128</ns3:hr>
            <ns3:cad>40</ns3:cad>
          </ns3:TrackPointExtension>
        </extensions>
      </trkpt>
      <trkpt lat="24.48907113634049892425537109375" lon="117.96812036074697971343994140625">
        <ele>28.3999996185302734375</ele>
        <time>2026-09-19T07:19:08.000Z</time>
        <extensions>
          <ns3:TrackPointExtension>
            <ns3:hr>127</ns3:hr>
            <ns3:cad>41</ns3:cad>
          </ns3:TrackPointExtension>
        </extensions>
      </trkpt>
      <trkpt lat="24.489073567092418670654296875" lon="117.96810762025415897369384765625">
        <ele>28.6000003814697265625</ele>
        <time>2026-09-19T07:19:09.000Z</time>
        <extensions>
          <ns3:TrackPointExtension>
            <ns3:hr>128</ns3:hr>
            <ns3:cad>43</ns3:cad>
          </ns3:TrackPointExtension>
        </extensions>
      </trkpt>
      <trkpt lat="24.489074237644672393798828125" lon="117.96809907071292400360107421875">
        <ele>28.799999237060546875</ele>
        <time>2026-09-19T07:19:10.000Z</time>
        <extensions>
          <ns3:TrackPointExtension>
            <ns3:hr>128</ns3:hr>
            <ns3:cad>43</ns3:cad>
          </ns3:TrackPointExtension>
        </extensions>
      </trkpt>
      <trkpt lat="24.48907348327338695526123046875" lon="117.9680885933339595794677734375">
        <ele>29</ele>
        <time>2026-09-19T07:19:11.000Z</time>
        <extensions>
          <ns3:TrackPointExtension>
            <ns3:hr>128</ns3:hr>
            <ns3:cad>43</ns3:cad>
          </ns3:TrackPointExtension>
        </extensions>
      </trkpt>
      <trkpt lat="24.48907298035919666290283203125" lon="117.9680838994681835174560546875">
        <ele>29</ele>
        <time>2026-09-19T07:19:12.000Z</time>
        <extensions>
          <ns3:TrackPointExtension>
            <ns3:hr>129</ns3:hr>
            <ns3:cad>40</ns3:cad>
          </ns3:TrackPointExtension>
        </extensions>
      </trkpt>
      <trkpt lat="24.4890712201595306396484375" lon="117.9680835641920566558837890625">
        <ele>29</ele>
        <time>2026-09-19T07:19:13.000Z</time>
        <extensions>
          <ns3:TrackPointExtension>
            <ns3:hr>129</ns3:hr>
            <ns3:cad>40</ns3:cad>
          </ns3:TrackPointExtension>
        </extensions>
      </trkpt>
      <trkpt lat="24.4890713877975940704345703125" lon="117.9680867493152618408203125">
        <ele>29.200000762939453125</ele>
        <time>2026-09-19T07:19:14.000Z</time>
        <extensions>
          <ns3:TrackPointExtension>
            <ns3:hr>130</ns3:hr>
            <ns3:cad>40</ns3:cad>
          </ns3:TrackPointExtension>
        </extensions>
      </trkpt>
      <trkpt lat="24.4890723936259746551513671875" lon="117.9680815525352954864501953125">
        <ele>29.3999996185302734375</ele>
        <time>2026-09-19T07:19:15.000Z</time>
        <extensions>
          <ns3:TrackPointExtension>
            <ns3:hr>130</ns3:hr>
            <ns3:cad>48</ns3:cad>
          </ns3:TrackPointExtension>
        </extensions>
      </trkpt>
      <trkpt lat="24.48907591402530670166015625" lon="117.96807275153696537017822265625">
        <ele>29.6000003814697265625</ele>
        <time>2026-09-19T07:19:16.000Z</time>
        <extensions>
          <ns3:TrackPointExtension>
            <ns3:hr>130</ns3:hr>
            <ns3:cad>50</ns3:cad>
          </ns3:TrackPointExtension>
        </extensions>
      </trkpt>
      <trkpt lat="24.48907717131078243255615234375" lon="117.9680698178708553314208984375">
        <ele>30</ele>
        <time>2026-09-19T07:19:17.000Z</time>
        <extensions>
          <ns3:TrackPointExtension>
            <ns3:hr>131</ns3:hr>
            <ns3:cad>50</ns3:cad>
          </ns3:TrackPointExtension>
        </extensions>
      </trkpt>
      <trkpt lat="24.4890787638723850250244140625" lon="117.96806638129055500030517578125">
        <ele>30.200000762939453125</ele>
        <time>2026-09-19T07:19:18.000Z</time>
        <extensions>
          <ns3:TrackPointExtension>
            <ns3:hr>132</ns3:hr>
            <ns3:cad>50</ns3:cad>
          </ns3:TrackPointExtension>
        </extensions>
      </trkpt>
      <trkpt lat="24.48908220045268535614013671875" lon="117.96806470490992069244384765625">
        <ele>30.3999996185302734375</ele>
        <time>2026-09-19T07:19:19.000Z</time>
        <extensions>
          <ns3:TrackPointExtension>
            <ns3:hr>132</ns3:hr>
            <ns3:cad>49</ns3:cad>
          </ns3:TrackPointExtension>
        </extensions>
      </trkpt>
      <trkpt lat="24.48908672668039798736572265625" lon="117.96806068159639835357666015625">
        <ele>30.799999237060546875</ele>
        <time>2026-09-19T07:19:20.000Z</time>
        <extensions>
          <ns3:TrackPointExtension>
            <ns3:hr>133</ns3:hr>
            <ns3:cad>49</ns3:cad>
          </ns3:TrackPointExtension>
        </extensions>
      </trkpt>
      <trkpt lat="24.489093013107776641845703125" lon="117.96805816702544689178466796875">
        <ele>31</ele>
        <time>2026-09-19T07:19:21.000Z</time>
        <extensions>
          <ns3:TrackPointExtension>
            <ns3:hr>133</ns3:hr>
            <ns3:cad>48</ns3:cad>
          </ns3:TrackPointExtension>
        </extensions>
      </trkpt>
      <trkpt lat="24.4890995509922504425048828125" lon="117.968050874769687652587890625">
        <ele>31.200000762939453125</ele>
        <time>2026-09-19T07:19:22.000Z</time>
        <extensions>
          <ns3:TrackPointExtension>
            <ns3:hr>133</ns3:hr>
            <ns3:cad>45</ns3:cad>
          </ns3:TrackPointExtension>
        </extensions>
      </trkpt>
      <trkpt lat="24.4891087710857391357421875" lon="117.96804291196167469024658203125">
        <ele>31.200000762939453125</ele>
        <time>2026-09-19T07:19:23.000Z</time>
        <extensions>
          <ns3:TrackPointExtension>
            <ns3:hr>133</ns3:hr>
            <ns3:cad>45</ns3:cad>
          </ns3:TrackPointExtension>
        </extensions>
      </trkpt>
      <trkpt lat="24.48911539278924465179443359375" lon="117.96803888864815235137939453125">
        <ele>31.3999996185302734375</ele>
        <time>2026-09-19T07:19:24.000Z</time>
        <extensions>
          <ns3:TrackPointExtension>
            <ns3:hr>134</ns3:hr>
            <ns3:cad>0</ns3:cad>
          </ns3:TrackPointExtension>
        </extensions>
      </trkpt>
      <trkpt lat="24.48912494815886020660400390625" lon="117.96803872101008892059326171875">
        <ele>31.3999996185302734375</ele>
        <time>2026-09-19T07:19:25.000Z</time>
        <extensions>
          <ns3:TrackPointExtension>
            <ns3:hr>134</ns3:hr>
            <ns3:cad>0</ns3:cad>
          </ns3:TrackPointExtension>
        </extensions>
      </trkpt>
      <trkpt lat="24.48913349770009517669677734375" lon="117.968036793172359466552734375">
        <ele>31.3999996185302734375</ele>
        <time>2026-09-19T07:19:26.000Z</time>
        <extensions>
          <ns3:TrackPointExtension>
            <ns3:hr>134</ns3:hr>
            <ns3:cad>0</ns3:cad>
          </ns3:TrackPointExtension>
        </extensions>
      </trkpt>
      <trkpt lat="24.489144645631313323974609375" lon="117.96803184784948825836181640625">
        <ele>31.6000003814697265625</ele>
        <time>2026-09-19T07:19:27.000Z</time>
        <extensions>
          <ns3:TrackPointExtension>
            <ns3:hr>134</ns3:hr>
            <ns3:cad>0</ns3:cad>
          </ns3:TrackPointExtension>
        </extensions>
      </trkpt>
      <trkpt lat="24.48915344662964344024658203125" lon="117.9680322669446468353271484375">
        <ele>31.6000003814697265625</ele>
        <time>2026-09-19T07:19:28.000Z</time>
        <extensions>
          <ns3:TrackPointExtension>
            <ns3:hr>134</ns3:hr>
            <ns3:cad>0</ns3:cad>
          </ns3:TrackPointExtension>
        </extensions>
      </trkpt>
      <trkpt lat="24.48916333727538585662841796875" lon="117.96803084202110767364501953125">
        <ele>31.799999237060546875</ele>
        <time>2026-09-19T07:19:29.000Z</time>
        <extensions>
          <ns3:TrackPointExtension>
            <ns3:hr>134</ns3:hr>
            <ns3:cad>44</ns3:cad>
          </ns3:TrackPointExtension>
        </extensions>
      </trkpt>
      <trkpt lat="24.4891704618930816650390625" lon="117.9680223762989044189453125">
        <ele>32</ele>
        <time>2026-09-19T07:19:30.000Z</time>
        <extensions>
          <ns3:TrackPointExtension>
            <ns3:hr>133</ns3:hr>
            <ns3:cad>44</ns3:cad>
          </ns3:TrackPointExtension>
        </extensions>
      </trkpt>
      <trkpt lat="24.4891652651131153106689453125" lon="117.96801776625216007232666015625">
        <ele>32.200000762939453125</ele>
        <time>2026-09-19T07:19:31.000Z</time>
        <extensions>
          <ns3:TrackPointExtension>
            <ns3:hr>134</ns3:hr>
            <ns3:cad>44</ns3:cad>
          </ns3:TrackPointExtension>
        </extensions>
      </trkpt>
      <trkpt lat="24.4891709648072719573974609375" lon="117.96802095137536525726318359375">
        <ele>32.40000152587890625</ele>
        <time>2026-09-19T07:19:32.000Z</time>
        <extensions>
          <ns3:TrackPointExtension>
            <ns3:hr>134</ns3:hr>
            <ns3:cad>44</ns3:cad>
          </ns3:TrackPointExtension>
        </extensions>
      </trkpt>
      <trkpt lat="24.489171467721462249755859375" lon="117.968019358813762664794921875">
        <ele>32.799999237060546875</ele>
        <time>2026-09-19T07:19:33.000Z</time>
        <extensions>
          <ns3:TrackPointExtension>
            <ns3:hr>133</ns3:hr>
            <ns3:cad>44</ns3:cad>
          </ns3:TrackPointExtension>
        </extensions>
      </trkpt>
      <trkpt lat="24.48917272500693798065185546875" lon="117.9680128209292888641357421875">
        <ele>33</ele>
        <time>2026-09-19T07:19:34.000Z</time>
        <extensions>
          <ns3:TrackPointExtension>
            <ns3:hr>134</ns3:hr>
            <ns3:cad>46</ns3:cad>
          </ns3:TrackPointExtension>
        </extensions>
      </trkpt>
      <trkpt lat="24.48917758651077747344970703125" lon="117.968010641634464263916015625">
        <ele>33.200000762939453125</ele>
        <time>2026-09-19T07:19:35.000Z</time>
        <extensions>
          <ns3:TrackPointExtension>
            <ns3:hr>134</ns3:hr>
            <ns3:cad>48</ns3:cad>
          </ns3:TrackPointExtension>
        </extensions>
      </trkpt>
      <trkpt lat="24.489183537662029266357421875" lon="117.96800385229289531707763671875">
        <ele>33.59999847412109375</ele>
        <time>2026-09-19T07:19:36.000Z</time>
        <extensions>
          <ns3:TrackPointExtension>
            <ns3:hr>134</ns3:hr>
            <ns3:cad>48</ns3:cad>
          </ns3:TrackPointExtension>
        </extensions>
      </trkpt>
      <trkpt lat="24.48919049464166164398193359375" lon="117.96800318174064159393310546875">
        <ele>33.799999237060546875</ele>
        <time>2026-09-19T07:19:37.000Z</time>
        <extensions>
          <ns3:TrackPointExtension>
            <ns3:hr>133</ns3:hr>
            <ns3:cad>48</ns3:cad>
          </ns3:TrackPointExtension>
        </extensions>
      </trkpt>
      <trkpt lat="24.48920289985835552215576171875" lon="117.96799731440842151641845703125">
        <ele>33.799999237060546875</ele>
        <time>2026-09-19T07:19:38.000Z</time>
        <extensions>
          <ns3:TrackPointExtension>
            <ns3:hr>134</ns3:hr>
            <ns3:cad>48</ns3:cad>
          </ns3:TrackPointExtension>
        </extensions>
      </trkpt>
      <trkpt lat="24.489220418035984039306640625" lon="117.96798390336334705352783203125">
        <ele>34</ele>
        <time>2026-09-19T07:19:39.000Z</time>
        <extensions>
          <ns3:TrackPointExtension>
            <ns3:hr>134</ns3:hr>
            <ns3:cad>48</ns3:cad>
          </ns3:TrackPointExtension>
        </extensions>
      </trkpt>
      <trkpt lat="24.489227794110774993896484375" lon="117.9679759405553340911865234375">
        <ele>34.200000762939453125</ele>
        <time>2026-09-19T07:19:40.000Z</time>
        <extensions>
          <ns3:TrackPointExtension>
            <ns3:hr>134</ns3:hr>
            <ns3:cad>47</ns3:cad>
          </ns3:TrackPointExtension>
        </extensions>
      </trkpt>
      <trkpt lat="24.48922703973948955535888671875" lon="117.96797501854598522186279296875">
        <ele>34.200000762939453125</ele>
        <time>2026-09-19T07:19:41.000Z</time>
        <extensions>
          <ns3:TrackPointExtension>
            <ns3:hr>135</ns3:hr>
            <ns3:cad>45</ns3:cad>
          </ns3:TrackPointExtension>
        </extensions>
      </trkpt>
      <trkpt lat="24.4892333261668682098388671875" lon="117.96797133050858974456787109375">
        <ele>34.40000152587890625</ele>
        <time>2026-09-19T07:19:42.000Z</time>
        <extensions>
          <ns3:TrackPointExtension>
            <ns3:hr>136</ns3:hr>
            <ns3:cad>45</ns3:cad>
          </ns3:TrackPointExtension>
        </extensions>
      </trkpt>
      <trkpt lat="24.489241875708103179931640625" lon="117.9679685644805431365966796875">
        <ele>34.59999847412109375</ele>
        <time>2026-09-19T07:19:43.000Z</time>
        <extensions>
          <ns3:TrackPointExtension>
            <ns3:hr>138</ns3:hr>
            <ns3:cad>48</ns3:cad>
          </ns3:TrackPointExtension>
        </extensions>
      </trkpt>
      <trkpt lat="24.48924900032579898834228515625" lon="117.9679625295102596282958984375">
        <ele>34.799999237060546875</ele>
        <time>2026-09-19T07:19:44.000Z</time>
        <extensions>
          <ns3:TrackPointExtension>
            <ns3:hr>139</ns3:hr>
            <ns3:cad>48</ns3:cad>
          </ns3:TrackPointExtension>
        </extensions>
      </trkpt>
      <trkpt lat="24.4892527721822261810302734375" lon="117.967963702976703643798828125">
        <ele>35</ele>
        <time>2026-09-19T07:19:45.000Z</time>
        <extensions>
          <ns3:TrackPointExtension>
            <ns3:hr>140</ns3:hr>
            <ns3:cad>48</ns3:cad>
          </ns3:TrackPointExtension>
        </extensions>
      </trkpt>
      <trkpt lat="24.4892547838389873504638671875" lon="117.967961691319942474365234375">
        <ele>35.200000762939453125</ele>
        <time>2026-09-19T07:19:46.000Z</time>
        <extensions>
          <ns3:TrackPointExtension>
            <ns3:hr>140</ns3:hr>
            <ns3:cad>48</ns3:cad>
          </ns3:TrackPointExtension>
        </extensions>
      </trkpt>
      <trkpt lat="24.48925637640058994293212890625" lon="117.9679595120251178741455078125">
        <ele>35.40000152587890625</ele>
        <time>2026-09-19T07:19:47.000Z</time>
        <extensions>
          <ns3:TrackPointExtension>
            <ns3:hr>140</ns3:hr>
            <ns3:cad>47</ns3:cad>
          </ns3:TrackPointExtension>
        </extensions>
      </trkpt>
      <trkpt lat="24.48925989679992198944091796875" lon="117.9679554887115955352783203125">
        <ele>35.59999847412109375</ele>
        <time>2026-09-19T07:19:48.000Z</time>
        <extensions>
          <ns3:TrackPointExtension>
            <ns3:hr>139</ns3:hr>
            <ns3:cad>47</ns3:cad>
          </ns3:TrackPointExtension>
        </extensions>
      </trkpt>
      <trkpt lat="24.48926140554249286651611328125" lon="117.9679494537413120269775390625">
        <ele>36</ele>
        <time>2026-09-19T07:19:49.000Z</time>
        <extensions>
          <ns3:TrackPointExtension>
            <ns3:hr>139</ns3:hr>
            <ns3:cad>50</ns3:cad>
          </ns3:TrackPointExtension>
        </extensions>
      </trkpt>
      <trkpt lat="24.48926777578890323638916015625" lon="117.96794668771326541900634765625">
        <ele>36.200000762939453125</ele>
        <time>2026-09-19T07:19:50.000Z</time>
        <extensions>
          <ns3:TrackPointExtension>
            <ns3:hr>141</ns3:hr>
            <ns3:cad>50</ns3:cad>
          </ns3:TrackPointExtension>
        </extensions>
      </trkpt>
      <trkpt lat="24.48927381075918674468994140625" lon="117.9679430834949016571044921875">
        <ele>36.40000152587890625</ele>
        <time>2026-09-19T07:19:51.000Z</time>
        <extensions>
          <ns3:TrackPointExtension>
            <ns3:hr>141</ns3:hr>
            <ns3:cad>49</ns3:cad>
          </ns3:TrackPointExtension>
        </extensions>
      </trkpt>
      <trkpt lat="24.4892846234142780303955078125" lon="117.967936880886554718017578125">
        <ele>36.40000152587890625</ele>
        <time>2026-09-19T07:19:52.000Z</time>
        <extensions>
          <ns3:TrackPointExtension>
            <ns3:hr>141</ns3:hr>
            <ns3:cad>49</ns3:cad>
          </ns3:TrackPointExtension>
        </extensions>
      </trkpt>
      <trkpt lat="24.489290155470371246337890625" lon="117.9679338634014129638671875">
        <ele>36.40000152587890625</ele>
        <time>2026-09-19T07:19:53.000Z</time>
        <extensions>
          <ns3:TrackPointExtension>
            <ns3:hr>141</ns3:hr>
            <ns3:cad>49</ns3:cad>
          </ns3:TrackPointExtension>
        </extensions>
      </trkpt>
      <trkpt lat="24.48929929174482822418212890625" lon="117.967927157878875732421875">
        <ele>36.40000152587890625</ele>
        <time>2026-09-19T07:19:54.000Z</time>
        <extensions>
          <ns3:TrackPointExtension>
            <ns3:hr>142</ns3:hr>
            <ns3:cad>48</ns3:cad>
          </ns3:TrackPointExtension>
        </extensions>
      </trkpt>
      <trkpt lat="24.48930599726736545562744140625" lon="117.9679182730615139007568359375">
        <ele>36.40000152587890625</ele>
        <time>2026-09-19T07:19:55.000Z</time>
        <extensions>
          <ns3:TrackPointExtension>
            <ns3:hr>144</ns3:hr>
            <ns3:cad>48</ns3:cad>
          </ns3:TrackPointExtension>
        </extensions>
      </trkpt>
      <trkpt lat="24.489309601485729217529296875" lon="117.9679098911583423614501953125">
        <ele>36.40000152587890625</ele>
        <time>2026-09-19T07:19:56.000Z</time>
        <extensions>
          <ns3:TrackPointExtension>
            <ns3:hr>145</ns3:hr>
            <ns3:cad>48</ns3:cad>
          </ns3:TrackPointExtension>
        </extensions>
      </trkpt>
      <trkpt lat="24.4893144629895687103271484375" lon="117.9679041914641857147216796875">
        <ele>36.40000152587890625</ele>
        <time>2026-09-19T07:19:57.000Z</time>
        <extensions>
          <ns3:TrackPointExtension>
            <ns3:hr>145</ns3:hr>
            <ns3:cad>49</ns3:cad>
          </ns3:TrackPointExtension>
        </extensions>
      </trkpt>
      <trkpt lat="24.48931773193180561065673828125" lon="117.9678931273519992828369140625">
        <ele>36.40000152587890625</ele>
        <time>2026-09-19T07:19:58.000Z</time>
        <extensions>
          <ns3:TrackPointExtension>
            <ns3:hr>146</ns3:hr>
            <ns3:cad>49</ns3:cad>
          </ns3:TrackPointExtension>
        </extensions>
      </trkpt>
      <trkpt lat="24.48932058177888393402099609375" lon="117.9678880982100963592529296875">
        <ele>36.59999847412109375</ele>
        <time>2026-09-19T07:19:59.000Z</time>
        <extensions>
          <ns3:TrackPointExtension>
            <ns3:hr>147</ns3:hr>
            <ns3:cad>49</ns3:cad>
          </ns3:TrackPointExtension>
        </extensions>
      </trkpt>
      <trkpt lat="24.48932896368205547332763671875" lon="117.96787493862211704254150390625">
        <ele>36.59999847412109375</ele>
        <time>2026-09-19T07:20:00.000Z</time>
        <extensions>
          <ns3:TrackPointExtension>
            <ns3:hr>147</ns3:hr>
            <ns3:cad>49</ns3:cad>
          </ns3:TrackPointExtension>
        </extensions>
      </trkpt>
      <trkpt lat="24.48933097533881664276123046875" lon="117.967866472899913787841796875">
        <ele>36.59999847412109375</ele>
        <time>2026-09-19T07:20:01.000Z</time>
        <extensions>
          <ns3:TrackPointExtension>
            <ns3:hr>145</ns3:hr>
            <ns3:cad>49</ns3:cad>
          </ns3:TrackPointExtension>
        </extensions>
      </trkpt>
      <trkpt lat="24.489339105784893035888671875" lon="117.96784996055066585540771484375">
        <ele>36.799999237060546875</ele>
        <time>2026-09-19T07:20:02.000Z</time>
        <extensions>
          <ns3:TrackPointExtension>
            <ns3:hr>145</ns3:hr>
            <ns3:cad>52</ns3:cad>
          </ns3:TrackPointExtension>
        </extensions>
      </trkpt>
      <trkpt lat="24.4893429614603519439697265625" lon="117.96783403493463993072509765625">
        <ele>36.59999847412109375</ele>
        <time>2026-09-19T07:20:03.000Z</time>
        <extensions>
          <ns3:TrackPointExtension>
            <ns3:hr>141</ns3:hr>
            <ns3:cad>52</ns3:cad>
          </ns3:TrackPointExtension>
        </extensions>
      </trkpt>
      <trkpt lat="24.48935109190642833709716796875" lon="117.967822551727294921875">
        <ele>36.59999847412109375</ele>
        <time>2026-09-19T07:20:04.000Z</time>
        <extensions>
          <ns3:TrackPointExtension>
            <ns3:hr>138</ns3:hr>
            <ns3:cad>50</ns3:cad>
          </ns3:TrackPointExtension>
        </extensions>
      </trkpt>
      <trkpt lat="24.48935846798121929168701171875" lon="117.967814505100250244140625">
        <ele>36.59999847412109375</ele>
        <time>2026-09-19T07:20:05.000Z</time>
        <extensions>
          <ns3:TrackPointExtension>
            <ns3:hr>136</ns3:hr>
            <ns3:cad>52</ns3:cad>
          </ns3:TrackPointExtension>
        </extensions>
      </trkpt>
      <trkpt lat="24.4893647544085979461669921875" lon="117.9678089730441570281982421875">
        <ele>36.59999847412109375</ele>
        <time>2026-09-19T07:20:06.000Z</time>
        <extensions>
          <ns3:TrackPointExtension>
            <ns3:hr>134</ns3:hr>
            <ns3:cad>52</ns3:cad>
          </ns3:TrackPointExtension>
        </extensions>
      </trkpt>
      <trkpt lat="24.48937422595918178558349609375" lon="117.96779799275100231170654296875">
        <ele>36.799999237060546875</ele>
        <time>2026-09-19T07:20:07.000Z</time>
        <extensions>
          <ns3:TrackPointExtension>
            <ns3:hr>132</ns3:hr>
            <ns3:cad>51</ns3:cad>
          </ns3:TrackPointExtension>
        </extensions>
      </trkpt>
      <trkpt lat="24.4893818534910678863525390625" lon="117.9677878506481647491455078125">
        <ele>36.799999237060546875</ele>
        <time>2026-09-19T07:20:08.000Z</time>
        <extensions>
          <ns3:TrackPointExtension>
            <ns3:hr>131</ns3:hr>
            <ns3:cad>51</ns3:cad>
          </ns3:TrackPointExtension>
        </extensions>
      </trkpt>
      <trkpt lat="24.48938914574682712554931640625" lon="117.9677767865359783172607421875">
        <ele>36.799999237060546875</ele>
        <time>2026-09-19T07:20:09.000Z</time>
        <extensions>
          <ns3:TrackPointExtension>
            <ns3:hr>130</ns3:hr>
            <ns3:cad>51</ns3:cad>
          </ns3:TrackPointExtension>
        </extensions>
      </trkpt>
      <trkpt lat="24.4893962703645229339599609375" lon="117.96776614151895046234130859375">
        <ele>36.799999237060546875</ele>
        <time>2026-09-19T07:20:10.000Z</time>
        <extensions>
          <ns3:TrackPointExtension>
            <ns3:hr>129</ns3:hr>
            <ns3:cad>51</ns3:cad>
          </ns3:TrackPointExtension>
        </extensions>
      </trkpt>
      <trkpt lat="24.489402137696743011474609375" lon="117.96775809489190578460693359375">
        <ele>36.799999237060546875</ele>
        <time>2026-09-19T07:20:11.000Z</time>
        <extensions>
          <ns3:TrackPointExtension>
            <ns3:hr>128</ns3:hr>
            <ns3:cad>51</ns3:cad>
          </ns3:TrackPointExtension>
        </extensions>
      </trkpt>
      <trkpt lat="24.48940892703831195831298828125" lon="117.96775281429290771484375">
        <ele>36.799999237060546875</ele>
        <time>2026-09-19T07:20:12.000Z</time>
        <extensions>
          <ns3:TrackPointExtension>
            <ns3:hr>128</ns3:hr>
            <ns3:cad>51</ns3:cad>
          </ns3:TrackPointExtension>
        </extensions>
      </trkpt>
      <trkpt lat="24.4894210807979106903076171875" lon="117.967751808464527130126953125">
        <ele>37</ele>
        <time>2026-09-19T07:20:13.000Z</time>
        <extensions>
          <ns3:TrackPointExtension>
            <ns3:hr>128</ns3:hr>
            <ns3:cad>51</ns3:cad>
          </ns3:TrackPointExtension>
        </extensions>
      </trkpt>
      <trkpt lat="24.4894331507384777069091796875" lon="117.96774870716035366058349609375">
        <ele>37</ele>
        <time>2026-09-19T07:20:14.000Z</time>
        <extensions>
          <ns3:TrackPointExtension>
            <ns3:hr>127</ns3:hr>
            <ns3:cad>50</ns3:cad>
          </ns3:TrackPointExtension>
        </extensions>
      </trkpt>
      <trkpt lat="24.48944446630775928497314453125" lon="117.96774409711360931396484375">
        <ele>37</ele>
        <time>2026-09-19T07:20:15.000Z</time>
        <extensions>
          <ns3:TrackPointExtension>
            <ns3:hr>127</ns3:hr>
            <ns3:cad>50</ns3:cad>
          </ns3:TrackPointExtension>
        </extensions>
      </trkpt>
      <trkpt lat="24.4894556142389774322509765625" lon="117.96773278154432773590087890625">
        <ele>37</ele>
        <time>2026-09-19T07:20:16.000Z</time>
        <extensions>
          <ns3:TrackPointExtension>
            <ns3:hr>126</ns3:hr>
            <ns3:cad>49</ns3:cad>
          </ns3:TrackPointExtension>
        </extensions>
      </trkpt>
      <trkpt lat="24.489465169608592987060546875" lon="117.9677278362214565277099609375">
        <ele>37</ele>
        <time>2026-09-19T07:20:17.000Z</time>
        <extensions>
          <ns3:TrackPointExtension>
            <ns3:hr>126</ns3:hr>
            <ns3:cad>49</ns3:cad>
          </ns3:TrackPointExtension>
        </extensions>
      </trkpt>
      <trkpt lat="24.48947422206401824951171875" lon="117.9677219688892364501953125">
        <ele>37</ele>
        <time>2026-09-19T07:20:18.000Z</time>
        <extensions>
          <ns3:TrackPointExtension>
            <ns3:hr>125</ns3:hr>
            <ns3:cad>48</ns3:cad>
          </ns3:TrackPointExtension>
        </extensions>
      </trkpt>
      <trkpt lat="24.4894831068813800811767578125" lon="117.96771953813731670379638671875">
        <ele>37</ele>
        <time>2026-09-19T07:20:19.000Z</time>
        <extensions>
          <ns3:TrackPointExtension>
            <ns3:hr>124</ns3:hr>
            <ns3:cad>48</ns3:cad>
          </ns3:TrackPointExtension>
        </extensions>
      </trkpt>
      <trkpt lat="24.4894931651651859283447265625" lon="117.96771383844316005706787109375">
        <ele>37</ele>
        <time>2026-09-19T07:20:20.000Z</time>
        <extensions>
          <ns3:TrackPointExtension>
            <ns3:hr>122</ns3:hr>
            <ns3:cad>50</ns3:cad>
          </ns3:TrackPointExtension>
        </extensions>
      </trkpt>
      <trkpt lat="24.48950515128672122955322265625" lon="117.96770947985351085662841796875">
        <ele>37</ele>
        <time>2026-09-19T07:20:21.000Z</time>
        <extensions>
          <ns3:TrackPointExtension>
            <ns3:hr>121</ns3:hr>
            <ns3:cad>51</ns3:cad>
          </ns3:TrackPointExtension>
        </extensions>
      </trkpt>
      <trkpt lat="24.489518143236637115478515625" lon="117.96770260669291019439697265625">
        <ele>37.200000762939453125</ele>
        <time>2026-09-19T07:20:22.000Z</time>
        <extensions>
          <ns3:TrackPointExtension>
            <ns3:hr>121</ns3:hr>
            <ns3:cad>52</ns3:cad>
          </ns3:TrackPointExtension>
        </extensions>
      </trkpt>
      <trkpt lat="24.489529542624950408935546875" lon="117.96769590117037296295166015625">
        <ele>37.200000762939453125</ele>
        <time>2026-09-19T07:20:23.000Z</time>
        <extensions>
          <ns3:TrackPointExtension>
            <ns3:hr>120</ns3:hr>
            <ns3:cad>52</ns3:cad>
          </ns3:TrackPointExtension>
        </extensions>
      </trkpt>
      <trkpt lat="24.489540942013263702392578125" lon="117.9676902852952480316162109375">
        <ele>37.200000762939453125</ele>
        <time>2026-09-19T07:20:24.000Z</time>
        <extensions>
          <ns3:TrackPointExtension>
            <ns3:hr>120</ns3:hr>
            <ns3:cad>52</ns3:cad>
          </ns3:TrackPointExtension>
        </extensions>
      </trkpt>
      <trkpt lat="24.48954924009740352630615234375" lon="117.96768718399107456207275390625">
        <ele>37.200000762939453125</ele>
        <time>2026-09-19T07:20:25.000Z</time>
        <extensions>
          <ns3:TrackPointExtension>
            <ns3:hr>120</ns3:hr>
            <ns3:cad>52</ns3:cad>
          </ns3:TrackPointExtension>
        </extensions>
      </trkpt>
      <trkpt lat="24.4895595498383045196533203125" lon="117.9676862619817256927490234375">
        <ele>37.200000762939453125</ele>
        <time>2026-09-19T07:20:26.000Z</time>
        <extensions>
          <ns3:TrackPointExtension>
            <ns3:hr>120</ns3:hr>
            <ns3:cad>52</ns3:cad>
          </ns3:TrackPointExtension>
        </extensions>
      </trkpt>
      <trkpt lat="24.489567764103412628173828125" lon="117.96768450178205966949462890625">
        <ele>37.200000762939453125</ele>
        <time>2026-09-19T07:20:27.000Z</time>
        <extensions>
          <ns3:TrackPointExtension>
            <ns3:hr>120</ns3:hr>
            <ns3:cad>51</ns3:cad>
          </ns3:TrackPointExtension>
        </extensions>
      </trkpt>
      <trkpt lat="24.4895816780626773834228515625" lon="117.96767930500209331512451171875">
        <ele>37.40000152587890625</ele>
        <time>2026-09-19T07:20:28.000Z</time>
        <extensions>
          <ns3:TrackPointExtension>
            <ns3:hr>120</ns3:hr>
            <ns3:cad>51</ns3:cad>
          </ns3:TrackPointExtension>
        </extensions>
      </trkpt>
      <trkpt lat="24.4895914010703563690185546875" lon="117.96767729334533214569091796875">
        <ele>37.40000152587890625</ele>
        <time>2026-09-19T07:20:29.000Z</time>
        <extensions>
          <ns3:TrackPointExtension>
            <ns3:hr>120</ns3:hr>
            <ns3:cad>51</ns3:cad>
          </ns3:TrackPointExtension>
        </extensions>
      </trkpt>
      <trkpt lat="24.4895994476974010467529296875" lon="117.967674694955348968505859375">
        <ele>37.40000152587890625</ele>
        <time>2026-09-19T07:20:30.000Z</time>
        <extensions>
          <ns3:TrackPointExtension>
            <ns3:hr>119</ns3:hr>
            <ns3:cad>51</ns3:cad>
          </ns3:TrackPointExtension>
        </extensions>
      </trkpt>
      <trkpt lat="24.48960791341960430145263671875" lon="117.9676711745560169219970703125">
        <ele>37.40000152587890625</ele>
        <time>2026-09-19T07:20:31.000Z</time>
        <extensions>
          <ns3:TrackPointExtension>
            <ns3:hr>119</ns3:hr>
            <ns3:cad>51</ns3:cad>
          </ns3:TrackPointExtension>
        </extensions>
      </trkpt>
      <trkpt lat="24.4896168820559978485107421875" lon="117.96766673214733600616455078125">
        <ele>37.40000152587890625</ele>
        <time>2026-09-19T07:20:32.000Z</time>
        <extensions>
          <ns3:TrackPointExtension>
            <ns3:hr>119</ns3:hr>
            <ns3:cad>50</ns3:cad>
          </ns3:TrackPointExtension>
        </extensions>
      </trkpt>
      <trkpt lat="24.48962585069239139556884765625" lon="117.9676631279289722442626953125">
        <ele>37.59999847412109375</ele>
        <time>2026-09-19T07:20:33.000Z</time>
        <extensions>
          <ns3:TrackPointExtension>
            <ns3:hr>118</ns3:hr>
            <ns3:cad>50</ns3:cad>
          </ns3:TrackPointExtension>
        </extensions>
      </trkpt>
      <trkpt lat="24.48963808827102184295654296875" lon="117.9676584340631961822509765625">
        <ele>37.59999847412109375</ele>
        <time>2026-09-19T07:20:34.000Z</time>
        <extensions>
          <ns3:TrackPointExtension>
            <ns3:hr>117</ns3:hr>
            <ns3:cad>50</ns3:cad>
          </ns3:TrackPointExtension>
        </extensions>
      </trkpt>
      <trkpt lat="24.489648900926113128662109375" lon="117.96765449456870555877685546875">
        <ele>37.59999847412109375</ele>
        <time>2026-09-19T07:20:35.000Z</time>
        <extensions>
          <ns3:TrackPointExtension>
            <ns3:hr>116</ns3:hr>
            <ns3:cad>50</ns3:cad>
          </ns3:TrackPointExtension>
        </extensions>
      </trkpt>
      <trkpt lat="24.48965887539088726043701171875" lon="117.96765114180743694305419921875">
        <ele>37.59999847412109375</ele>
        <time>2026-09-19T07:20:36.000Z</time>
        <extensions>
          <ns3:TrackPointExtension>
            <ns3:hr>116</ns3:hr>
            <ns3:cad>50</ns3:cad>
          </ns3:TrackPointExtension>
        </extensions>
      </trkpt>
      <trkpt lat="24.4896691851317882537841796875" lon="117.96764963306486606597900390625">
        <ele>37.59999847412109375</ele>
        <time>2026-09-19T07:20:37.000Z</time>
        <extensions>
          <ns3:TrackPointExtension>
            <ns3:hr>116</ns3:hr>
            <ns3:cad>50</ns3:cad>
          </ns3:TrackPointExtension>
        </extensions>
      </trkpt>
      <trkpt lat="24.489676393568515777587890625" lon="117.96764661557972431182861328125">
        <ele>37.59999847412109375</ele>
        <time>2026-09-19T07:20:38.000Z</time>
        <extensions>
          <ns3:TrackPointExtension>
            <ns3:hr>116</ns3:hr>
            <ns3:cad>50</ns3:cad>
          </ns3:TrackPointExtension>
        </extensions>
      </trkpt>
      <trkpt lat="24.48968536220490932464599609375" lon="117.96764192171394824981689453125">
        <ele>37.59999847412109375</ele>
        <time>2026-09-19T07:20:39.000Z</time>
        <extensions>
          <ns3:TrackPointExtension>
            <ns3:hr>115</ns3:hr>
            <ns3:cad>50</ns3:cad>
          </ns3:TrackPointExtension>
        </extensions>
      </trkpt>
      <trkpt lat="24.48969525285065174102783203125" lon="117.96763320453464984893798828125">
        <ele>37.799999237060546875</ele>
        <time>2026-09-19T07:20:40.000Z</time>
        <extensions>
          <ns3:TrackPointExtension>
            <ns3:hr>115</ns3:hr>
            <ns3:cad>50</ns3:cad>
          </ns3:TrackPointExtension>
        </extensions>
      </trkpt>
      <trkpt lat="24.489705562591552734375" lon="117.96762482263147830963134765625">
        <ele>37.799999237060546875</ele>
        <time>2026-09-19T07:20:41.000Z</time>
        <extensions>
          <ns3:TrackPointExtension>
            <ns3:hr>115</ns3:hr>
            <ns3:cad>50</ns3:cad>
          </ns3:TrackPointExtension>
        </extensions>
      </trkpt>
      <trkpt lat="24.4897137768566608428955078125" lon="117.96761744655668735504150390625">
        <ele>37.799999237060546875</ele>
        <time>2026-09-19T07:20:42.000Z</time>
        <extensions>
          <ns3:TrackPointExtension>
            <ns3:hr>115</ns3:hr>
            <ns3:cad>50</ns3:cad>
          </ns3:TrackPointExtension>
        </extensions>
      </trkpt>
      <trkpt lat="24.48972224257886409759521484375" lon="117.9676135070621967315673828125">
        <ele>37.799999237060546875</ele>
        <time>2026-09-19T07:20:43.000Z</time>
        <extensions>
          <ns3:TrackPointExtension>
            <ns3:hr>114</ns3:hr>
            <ns3:cad>50</ns3:cad>
          </ns3:TrackPointExtension>
        </extensions>
      </trkpt>
      <trkpt lat="24.4897308759391307830810546875" lon="117.9676094837486743927001953125">
        <ele>38</ele>
        <time>2026-09-19T07:20:44.000Z</time>
        <extensions>
          <ns3:TrackPointExtension>
            <ns3:hr>114</ns3:hr>
            <ns3:cad>50</ns3:cad>
          </ns3:TrackPointExtension>
        </extensions>
      </trkpt>
      <trkpt lat="24.4897392578423023223876953125" lon="117.96760353259742259979248046875">
        <ele>38</ele>
        <time>2026-09-19T07:20:45.000Z</time>
        <extensions>
          <ns3:TrackPointExtension>
            <ns3:hr>113</ns3:hr>
            <ns3:cad>50</ns3:cad>
          </ns3:TrackPointExtension>
        </extensions>
      </trkpt>
      <trkpt lat="24.489746801555156707763671875" lon="117.96759665943682193756103515625">
        <ele>38</ele>
        <time>2026-09-19T07:20:46.000Z</time>
        <extensions>
          <ns3:TrackPointExtension>
            <ns3:hr>113</ns3:hr>
            <ns3:cad>50</ns3:cad>
          </ns3:TrackPointExtension>
        </extensions>
      </trkpt>
      <trkpt lat="24.4897553510963916778564453125" lon="117.96758718788623809814453125">
        <ele>38.200000762939453125</ele>
        <time>2026-09-19T07:20:47.000Z</time>
        <extensions>
          <ns3:TrackPointExtension>
            <ns3:hr>113</ns3:hr>
            <ns3:cad>50</ns3:cad>
          </ns3:TrackPointExtension>
        </extensions>
      </trkpt>
      <trkpt lat="24.48976331390440464019775390625" lon="117.9675786383450031280517578125">
        <ele>38.200000762939453125</ele>
        <time>2026-09-19T07:20:48.000Z</time>
        <extensions>
          <ns3:TrackPointExtension>
            <ns3:hr>113</ns3:hr>
            <ns3:cad>50</ns3:cad>
          </ns3:TrackPointExtension>
        </extensions>
      </trkpt>
      <trkpt lat="24.48977018706500530242919921875" lon="117.96756464056670665740966796875">
        <ele>38.200000762939453125</ele>
        <time>2026-09-19T07:20:49.000Z</time>
        <extensions>
          <ns3:TrackPointExtension>
            <ns3:hr>112</ns3:hr>
            <ns3:cad>50</ns3:cad>
          </ns3:TrackPointExtension>
        </extensions>
      </trkpt>
      <trkpt lat="24.48977555148303508758544921875" lon="117.967556677758693695068359375">
        <ele>38.40000152587890625</ele>
        <time>2026-09-19T07:20:50.000Z</time>
        <extensions>
          <ns3:TrackPointExtension>
            <ns3:hr>110</ns3:hr>
            <ns3:cad>50</ns3:cad>
          </ns3:TrackPointExtension>
        </extensions>
      </trkpt>
      <trkpt lat="24.48978125117719173431396484375" lon="117.96755240298807621002197265625">
        <ele>38.40000152587890625</ele>
        <time>2026-09-19T07:20:51.000Z</time>
        <extensions>
          <ns3:TrackPointExtension>
            <ns3:hr>108</ns3:hr>
            <ns3:cad>52</ns3:cad>
          </ns3:TrackPointExtension>
        </extensions>
      </trkpt>
      <trkpt lat="24.48978711850941181182861328125" lon="117.96754653565585613250732421875">
        <ele>38.59999847412109375</ele>
        <time>2026-09-19T07:20:52.000Z</time>
        <extensions>
          <ns3:TrackPointExtension>
            <ns3:hr>108</ns3:hr>
            <ns3:cad>52</ns3:cad>
          </ns3:TrackPointExtension>
        </extensions>
      </trkpt>
      <trkpt lat="24.48979650624096393585205078125" lon="117.967536561191082000732421875">
        <ele>38.59999847412109375</ele>
        <time>2026-09-19T07:20:53.000Z</time>
        <extensions>
          <ns3:TrackPointExtension>
            <ns3:hr>108</ns3:hr>
            <ns3:cad>51</ns3:cad>
          </ns3:TrackPointExtension>
        </extensions>
      </trkpt>
      <trkpt lat="24.4898053072392940521240234375" lon="117.96752952039241790771484375">
        <ele>38.799999237060546875</ele>
        <time>2026-09-19T07:20:54.000Z</time>
        <extensions>
          <ns3:TrackPointExtension>
            <ns3:hr>108</ns3:hr>
            <ns3:cad>51</ns3:cad>
          </ns3:TrackPointExtension>
        </extensions>
      </trkpt>
      <trkpt lat="24.489815197885036468505859375" lon="117.96752071939408779144287109375">
        <ele>38.799999237060546875</ele>
        <time>2026-09-19T07:20:55.000Z</time>
        <extensions>
          <ns3:TrackPointExtension>
            <ns3:hr>107</ns3:hr>
            <ns3:cad>51</ns3:cad>
          </ns3:TrackPointExtension>
        </extensions>
      </trkpt>
      <trkpt lat="24.48982517234981060028076171875" lon="117.9675139300525188446044921875">
        <ele>38.799999237060546875</ele>
        <time>2026-09-19T07:20:56.000Z</time>
        <extensions>
          <ns3:TrackPointExtension>
            <ns3:hr>107</ns3:hr>
            <ns3:cad>51</ns3:cad>
          </ns3:TrackPointExtension>
        </extensions>
      </trkpt>
      <trkpt lat="24.489832632243633270263671875" lon="117.96750864945352077484130859375">
        <ele>38.799999237060546875</ele>
        <time>2026-09-19T07:20:57.000Z</time>
        <extensions>
          <ns3:TrackPointExtension>
            <ns3:hr>107</ns3:hr>
            <ns3:cad>50</ns3:cad>
          </ns3:TrackPointExtension>
        </extensions>
      </trkpt>
      <trkpt lat="24.48984009213745594024658203125" lon="117.96750429086387157440185546875">
        <ele>39</ele>
        <time>2026-09-19T07:20:58.000Z</time>
        <extensions>
          <ns3:TrackPointExtension>
            <ns3:hr>107</ns3:hr>
            <ns3:cad>50</ns3:cad>
          </ns3:TrackPointExtension>
        </extensions>
      </trkpt>
      <trkpt lat="24.48985232971608638763427734375" lon="117.967498339712619781494140625">
        <ele>39</ele>
        <time>2026-09-19T07:20:59.000Z</time>
        <extensions>
          <ns3:TrackPointExtension>
            <ns3:hr>107</ns3:hr>
            <ns3:cad>50</ns3:cad>
          </ns3:TrackPointExtension>
        </extensions>
      </trkpt>
      <trkpt lat="24.4898609630763530731201171875" lon="117.9674939811229705810546875">
        <ele>39.200000762939453125</ele>
        <time>2026-09-19T07:21:00.000Z</time>
        <extensions>
          <ns3:TrackPointExtension>
            <ns3:hr>107</ns3:hr>
            <ns3:cad>49</ns3:cad>
          </ns3:TrackPointExtension>
        </extensions>
      </trkpt>
      <trkpt lat="24.4898656569421291351318359375" lon="117.96749104745686054229736328125">
        <ele>39.200000762939453125</ele>
        <time>2026-09-19T07:21:01.000Z</time>
        <extensions>
          <ns3:TrackPointExtension>
            <ns3:hr>108</ns3:hr>
            <ns3:cad>49</ns3:cad>
          </ns3:TrackPointExtension>
        </extensions>
      </trkpt>
      <trkpt lat="24.48986741714179515838623046875" lon="117.96748400665819644927978515625">
        <ele>39.200000762939453125</ele>
        <time>2026-09-19T07:21:02.000Z</time>
        <extensions>
          <ns3:TrackPointExtension>
            <ns3:hr>107</ns3:hr>
            <ns3:cad>50</ns3:cad>
          </ns3:TrackPointExtension>
        </extensions>
      </trkpt>
      <trkpt lat="24.4898706860840320587158203125" lon="117.96747880987823009490966796875">
        <ele>39.40000152587890625</ele>
        <time>2026-09-19T07:21:03.000Z</time>
        <extensions>
          <ns3:TrackPointExtension>
            <ns3:hr>107</ns3:hr>
            <ns3:cad>51</ns3:cad>
          </ns3:TrackPointExtension>
        </extensions>
      </trkpt>
      <trkpt lat="24.4898777268826961517333984375" lon="117.96747428365051746368408203125">
        <ele>39.40000152587890625</ele>
        <time>2026-09-19T07:21:04.000Z</time>
        <extensions>
          <ns3:TrackPointExtension>
            <ns3:hr>107</ns3:hr>
            <ns3:cad>51</ns3:cad>
          </ns3:TrackPointExtension>
        </extensions>
      </trkpt>
      <trkpt lat="24.48988451622426509857177734375" lon="117.967464812099933624267578125">
        <ele>39.59999847412109375</ele>
        <time>2026-09-19T07:21:05.000Z</time>
        <extensions>
          <ns3:TrackPointExtension>
            <ns3:hr>107</ns3:hr>
            <ns3:cad>51</ns3:cad>
          </ns3:TrackPointExtension>
        </extensions>
      </trkpt>
      <trkpt lat="24.489889629185199737548828125" lon="117.96745651401579380035400390625">
        <ele>39.59999847412109375</ele>
        <time>2026-09-19T07:21:06.000Z</time>
        <extensions>
          <ns3:TrackPointExtension>
            <ns3:hr>107</ns3:hr>
            <ns3:cad>51</ns3:cad>
          </ns3:TrackPointExtension>
        </extensions>
      </trkpt>
      <trkpt lat="24.4898961670696735382080078125" lon="117.9674492217600345611572265625">
        <ele>39.799999237060546875</ele>
        <time>2026-09-19T07:21:07.000Z</time>
        <extensions>
          <ns3:TrackPointExtension>
            <ns3:hr>107</ns3:hr>
            <ns3:cad>50</ns3:cad>
          </ns3:TrackPointExtension>
        </extensions>
      </trkpt>
      <trkpt lat="24.48990278877317905426025390625" lon="117.967440001666545867919921875">
        <ele>39.799999237060546875</ele>
        <time>2026-09-19T07:21:08.000Z</time>
        <extensions>
          <ns3:TrackPointExtension>
            <ns3:hr>107</ns3:hr>
            <ns3:cad>49</ns3:cad>
          </ns3:TrackPointExtension>
        </extensions>
      </trkpt>
      <trkpt lat="24.489911086857318878173828125" lon="117.96743421815335750579833984375">
        <ele>40</ele>
        <time>2026-09-19T07:21:09.000Z</time>
        <extensions>
          <ns3:TrackPointExtension>
            <ns3:hr>106</ns3:hr>
            <ns3:cad>48</ns3:cad>
          </ns3:TrackPointExtension>
        </extensions>
      </trkpt>
      <trkpt lat="24.4899186305701732635498046875" lon="117.96742818318307399749755859375">
        <ele>40</ele>
        <time>2026-09-19T07:21:10.000Z</time>
        <extensions>
          <ns3:TrackPointExtension>
            <ns3:hr>106</ns3:hr>
            <ns3:cad>48</ns3:cad>
          </ns3:TrackPointExtension>
        </extensions>
      </trkpt>
      <trkpt lat="24.4899307005107402801513671875" lon="117.96741963364183902740478515625">
        <ele>40.200000762939453125</ele>
        <time>2026-09-19T07:21:11.000Z</time>
        <extensions>
          <ns3:TrackPointExtension>
            <ns3:hr>106</ns3:hr>
            <ns3:cad>50</ns3:cad>
          </ns3:TrackPointExtension>
        </extensions>
      </trkpt>
      <trkpt lat="24.48993631638586521148681640625" lon="117.96740806661546230316162109375">
        <ele>40.40000152587890625</ele>
        <time>2026-09-19T07:21:12.000Z</time>
        <extensions>
          <ns3:TrackPointExtension>
            <ns3:hr>106</ns3:hr>
            <ns3:cad>49</ns3:cad>
          </ns3:TrackPointExtension>
        </extensions>
      </trkpt>
      <trkpt lat="24.48994033969938755035400390625" lon="117.9674027860164642333984375">
        <ele>40.59999847412109375</ele>
        <time>2026-09-19T07:21:13.000Z</time>
        <extensions>
          <ns3:TrackPointExtension>
            <ns3:hr>105</ns3:hr>
            <ns3:cad>49</ns3:cad>
          </ns3:TrackPointExtension>
        </extensions>
      </trkpt>
      <trkpt lat="24.48994670994579792022705078125" lon="117.9673955775797367095947265625">
        <ele>40.799999237060546875</ele>
        <time>2026-09-19T07:21:14.000Z</time>
        <extensions>
          <ns3:TrackPointExtension>
            <ns3:hr>106</ns3:hr>
            <ns3:cad>47</ns3:cad>
          </ns3:TrackPointExtension>
        </extensions>
      </trkpt>
      <trkpt lat="24.48995710350573062896728515625" lon="117.9673841781914234161376953125">
        <ele>41</ele>
        <time>2026-09-19T07:21:15.000Z</time>
        <extensions>
          <ns3:TrackPointExtension>
            <ns3:hr>106</ns3:hr>
            <ns3:cad>47</ns3:cad>
          </ns3:TrackPointExtension>
        </extensions>
      </trkpt>
      <trkpt lat="24.48996515013277530670166015625" lon="117.9673764668405055999755859375">
        <ele>41</ele>
        <time>2026-09-19T07:21:16.000Z</time>
        <extensions>
          <ns3:TrackPointExtension>
            <ns3:hr>107</ns3:hr>
            <ns3:cad>46</ns3:cad>
          </ns3:TrackPointExtension>
        </extensions>
      </trkpt>
      <trkpt lat="24.4899729453027248382568359375" lon="117.9673711024224758148193359375">
        <ele>41.200000762939453125</ele>
        <time>2026-09-19T07:21:17.000Z</time>
        <extensions>
          <ns3:TrackPointExtension>
            <ns3:hr>107</ns3:hr>
            <ns3:cad>46</ns3:cad>
          </ns3:TrackPointExtension>
        </extensions>
      </trkpt>
      <trkpt lat="24.48998291976749897003173828125" lon="117.96736464835703372955322265625">
        <ele>41.40000152587890625</ele>
        <time>2026-09-19T07:21:18.000Z</time>
        <extensions>
          <ns3:TrackPointExtension>
            <ns3:hr>108</ns3:hr>
            <ns3:cad>46</ns3:cad>
          </ns3:TrackPointExtension>
        </extensions>
      </trkpt>
      <trkpt lat="24.4899937324225902557373046875" lon="117.967357523739337921142578125">
        <ele>41.40000152587890625</ele>
        <time>2026-09-19T07:21:19.000Z</time>
        <extensions>
          <ns3:TrackPointExtension>
            <ns3:hr>108</ns3:hr>
            <ns3:cad>45</ns3:cad>
          </ns3:TrackPointExtension>
        </extensions>
      </trkpt>
      <trkpt lat="24.4900047965347766876220703125" lon="117.96735023148357868194580078125">
        <ele>41.59999847412109375</ele>
        <time>2026-09-19T07:21:20.000Z</time>
        <extensions>
          <ns3:TrackPointExtension>
            <ns3:hr>108</ns3:hr>
            <ns3:cad>46</ns3:cad>
          </ns3:TrackPointExtension>
        </extensions>
      </trkpt>
      <trkpt lat="24.4900141842663288116455078125" lon="117.967346124351024627685546875">
        <ele>41.799999237060546875</ele>
        <time>2026-09-19T07:21:21.000Z</time>
        <extensions>
          <ns3:TrackPointExtension>
            <ns3:hr>108</ns3:hr>
            <ns3:cad>47</ns3:cad>
          </ns3:TrackPointExtension>
        </extensions>
      </trkpt>
      <trkpt lat="24.49002600274980068206787109375" lon="117.967341430485248565673828125">
        <ele>42.200000762939453125</ele>
        <time>2026-09-19T07:21:22.000Z</time>
        <extensions>
          <ns3:TrackPointExtension>
            <ns3:hr>109</ns3:hr>
            <ns3:cad>48</ns3:cad>
          </ns3:TrackPointExtension>
        </extensions>
      </trkpt>
      <trkpt lat="24.490040503442287445068359375" lon="117.96733296476304531097412109375">
        <ele>42.40000152587890625</ele>
        <time>2026-09-19T07:21:23.000Z</time>
        <extensions>
          <ns3:TrackPointExtension>
            <ns3:hr>109</ns3:hr>
            <ns3:cad>48</ns3:cad>
          </ns3:TrackPointExtension>
        </extensions>
      </trkpt>
      <trkpt lat="24.49005492031574249267578125" lon="117.96732567250728607177734375">
        <ele>42.59999847412109375</ele>
        <time>2026-09-19T07:21:24.000Z</time>
        <extensions>
          <ns3:TrackPointExtension>
            <ns3:hr>109</ns3:hr>
            <ns3:cad>48</ns3:cad>
          </ns3:TrackPointExtension>
        </extensions>
      </trkpt>
      <trkpt lat="24.49006590060889720916748046875" lon="117.96732257120311260223388671875">
        <ele>42.799999237060546875</ele>
        <time>2026-09-19T07:21:25.000Z</time>
        <extensions>
          <ns3:TrackPointExtension>
            <ns3:hr>109</ns3:hr>
            <ns3:cad>48</ns3:cad>
          </ns3:TrackPointExtension>
        </extensions>
      </trkpt>
      <trkpt lat="24.4900755397975444793701171875" lon="117.9673194698989391326904296875">
        <ele>43</ele>
        <time>2026-09-19T07:21:26.000Z</time>
        <extensions>
          <ns3:TrackPointExtension>
            <ns3:hr>109</ns3:hr>
            <ns3:cad>47</ns3:cad>
          </ns3:TrackPointExtension>
        </extensions>
      </trkpt>
      <trkpt lat="24.49008534662425518035888671875" lon="117.96731871552765369415283203125">
        <ele>43.200000762939453125</ele>
        <time>2026-09-19T07:21:27.000Z</time>
        <extensions>
          <ns3:TrackPointExtension>
            <ns3:hr>110</ns3:hr>
            <ns3:cad>47</ns3:cad>
          </ns3:TrackPointExtension>
        </extensions>
      </trkpt>
      <trkpt lat="24.49009289033710956573486328125" lon="117.967319302260875701904296875">
        <ele>43.40000152587890625</ele>
        <time>2026-09-19T07:21:28.000Z</time>
        <extensions>
          <ns3:TrackPointExtension>
            <ns3:hr>110</ns3:hr>
            <ns3:cad>48</ns3:cad>
          </ns3:TrackPointExtension>
        </extensions>
      </trkpt>
      <trkpt lat="24.49010680429637432098388671875" lon="117.9673124291002750396728515625">
        <ele>43.59999847412109375</ele>
        <time>2026-09-19T07:21:29.000Z</time>
        <extensions>
          <ns3:TrackPointExtension>
            <ns3:hr>111</ns3:hr>
            <ns3:cad>48</ns3:cad>
          </ns3:TrackPointExtension>
        </extensions>
      </trkpt>
      <trkpt lat="24.49011485092341899871826171875" lon="117.96730396337807178497314453125">
        <ele>43.799999237060546875</ele>
        <time>2026-09-19T07:21:30.000Z</time>
        <extensions>
          <ns3:TrackPointExtension>
            <ns3:hr>113</ns3:hr>
            <ns3:cad>48</ns3:cad>
          </ns3:TrackPointExtension>
        </extensions>
      </trkpt>
      <trkpt lat="24.49012507684528827667236328125" lon="117.96730346046388149261474609375">
        <ele>44.200000762939453125</ele>
        <time>2026-09-19T07:21:31.000Z</time>
        <extensions>
          <ns3:TrackPointExtension>
            <ns3:hr>113</ns3:hr>
            <ns3:cad>48</ns3:cad>
          </ns3:TrackPointExtension>
        </extensions>
      </trkpt>
      <trkpt lat="24.4901342131197452545166015625" lon="117.96729994006454944610595703125">
        <ele>44.40000152587890625</ele>
        <time>2026-09-19T07:21:32.000Z</time>
        <extensions>
          <ns3:TrackPointExtension>
            <ns3:hr>114</ns3:hr>
            <ns3:cad>48</ns3:cad>
          </ns3:TrackPointExtension>
        </extensions>
      </trkpt>
      <trkpt lat="24.4901446066796779632568359375" lon="117.96730019152164459228515625">
        <ele>44.59999847412109375</ele>
        <time>2026-09-19T07:21:33.000Z</time>
        <extensions>
          <ns3:TrackPointExtension>
            <ns3:hr>114</ns3:hr>
            <ns3:cad>46</ns3:cad>
          </ns3:TrackPointExtension>
        </extensions>
      </trkpt>
      <trkpt lat="24.49015558697283267974853515625" lon="117.96729893423616886138916015625">
        <ele>44.799999237060546875</ele>
        <time>2026-09-19T07:21:34.000Z</time>
        <extensions>
          <ns3:TrackPointExtension>
            <ns3:hr>115</ns3:hr>
            <ns3:cad>46</ns3:cad>
          </ns3:TrackPointExtension>
        </extensions>
      </trkpt>
      <trkpt lat="24.4901647232472896575927734375" lon="117.96729725785553455352783203125">
        <ele>44.799999237060546875</ele>
        <time>2026-09-19T07:21:35.000Z</time>
        <extensions>
          <ns3:TrackPointExtension>
            <ns3:hr>116</ns3:hr>
            <ns3:cad>46</ns3:cad>
          </ns3:TrackPointExtension>
        </extensions>
      </trkpt>
      <trkpt lat="24.490171931684017181396484375" lon="117.96729574911296367645263671875">
        <ele>44.799999237060546875</ele>
        <time>2026-09-19T07:21:36.000Z</time>
        <extensions>
          <ns3:TrackPointExtension>
            <ns3:hr>117</ns3:hr>
            <ns3:cad>46</ns3:cad>
          </ns3:TrackPointExtension>
        </extensions>
      </trkpt>
      <trkpt lat="24.490179307758808135986328125" lon="117.96729759313166141510009765625">
        <ele>44.799999237060546875</ele>
        <time>2026-09-19T07:21:37.000Z</time>
        <extensions>
          <ns3:TrackPointExtension>
            <ns3:hr>117</ns3:hr>
            <ns3:cad>46</ns3:cad>
          </ns3:TrackPointExtension>
        </extensions>
      </trkpt>
      <trkpt lat="24.4901898689568042755126953125" lon="117.96729926951229572296142578125">
        <ele>45</ele>
        <time>2026-09-19T07:21:38.000Z</time>
        <extensions>
          <ns3:TrackPointExtension>
            <ns3:hr>118</ns3:hr>
            <ns3:cad>48</ns3:cad>
          </ns3:TrackPointExtension>
        </extensions>
      </trkpt>
      <trkpt lat="24.4901992566883563995361328125" lon="117.96729750931262969970703125">
        <ele>45.200000762939453125</ele>
        <time>2026-09-19T07:21:39.000Z</time>
        <extensions>
          <ns3:TrackPointExtension>
            <ns3:hr>118</ns3:hr>
            <ns3:cad>48</ns3:cad>
          </ns3:TrackPointExtension>
        </extensions>
      </trkpt>
      <trkpt lat="24.4902111589908599853515625" lon="117.96729541383683681488037109375">
        <ele>45.40000152587890625</ele>
        <time>2026-09-19T07:21:40.000Z</time>
        <extensions>
          <ns3:TrackPointExtension>
            <ns3:hr>119</ns3:hr>
            <ns3:cad>48</ns3:cad>
          </ns3:TrackPointExtension>
        </extensions>
      </trkpt>
      <trkpt lat="24.490219540894031524658203125" lon="117.96729482710361480712890625">
        <ele>45.59999847412109375</ele>
        <time>2026-09-19T07:21:41.000Z</time>
        <extensions>
          <ns3:TrackPointExtension>
            <ns3:hr>119</ns3:hr>
            <ns3:cad>48</ns3:cad>
          </ns3:TrackPointExtension>
        </extensions>
      </trkpt>
      <trkpt lat="24.4902274198830127716064453125" lon="117.96729482710361480712890625">
        <ele>45.799999237060546875</ele>
        <time>2026-09-19T07:21:42.000Z</time>
        <extensions>
          <ns3:TrackPointExtension>
            <ns3:hr>120</ns3:hr>
            <ns3:cad>47</ns3:cad>
          </ns3:TrackPointExtension>
        </extensions>
      </trkpt>
      <trkpt lat="24.49024091474711894989013671875" lon="117.96729440800845623016357421875">
        <ele>46</ele>
        <time>2026-09-19T07:21:43.000Z</time>
        <extensions>
          <ns3:TrackPointExtension>
            <ns3:hr>121</ns3:hr>
            <ns3:cad>47</ns3:cad>
          </ns3:TrackPointExtension>
        </extensions>
      </trkpt>
      <trkpt lat="24.4902540743350982666015625" lon="117.96729591675102710723876953125">
        <ele>46.200000762939453125</ele>
        <time>2026-09-19T07:21:44.000Z</time>
        <extensions>
          <ns3:TrackPointExtension>
            <ns3:hr>124</ns3:hr>
            <ns3:cad>49</ns3:cad>
          </ns3:TrackPointExtension>
        </extensions>
      </trkpt>
      <trkpt lat="24.49026522226631641387939453125" lon="117.9672973416745662689208984375">
        <ele>46.40000152587890625</ele>
        <time>2026-09-19T07:21:45.000Z</time>
        <extensions>
          <ns3:TrackPointExtension>
            <ns3:hr>125</ns3:hr>
            <ns3:cad>49</ns3:cad>
          </ns3:TrackPointExtension>
        </extensions>
      </trkpt>
      <trkpt lat="24.49027544818818569183349609375" lon="117.9673013649880886077880859375">
        <ele>46.59999847412109375</ele>
        <time>2026-09-19T07:21:46.000Z</time>
        <extensions>
          <ns3:TrackPointExtension>
            <ns3:hr>126</ns3:hr>
            <ns3:cad>49</ns3:cad>
          </ns3:TrackPointExtension>
        </extensions>
      </trkpt>
      <trkpt lat="24.49028500355780124664306640625" lon="117.96730530448257923126220703125">
        <ele>46.799999237060546875</ele>
        <time>2026-09-19T07:21:47.000Z</time>
        <extensions>
          <ns3:TrackPointExtension>
            <ns3:hr>126</ns3:hr>
            <ns3:cad>49</ns3:cad>
          </ns3:TrackPointExtension>
        </extensions>
      </trkpt>
      <trkpt lat="24.49029472656548023223876953125" lon="117.96730664558708667755126953125">
        <ele>47</ele>
        <time>2026-09-19T07:21:48.000Z</time>
        <extensions>
          <ns3:TrackPointExtension>
            <ns3:hr>127</ns3:hr>
            <ns3:cad>49</ns3:cad>
          </ns3:TrackPointExtension>
        </extensions>
      </trkpt>
      <trkpt lat="24.49030294083058834075927734375" lon="117.96730899251997470855712890625">
        <ele>47.200000762939453125</ele>
        <time>2026-09-19T07:21:49.000Z</time>
        <extensions>
          <ns3:TrackPointExtension>
            <ns3:hr>128</ns3:hr>
            <ns3:cad>47</ns3:cad>
          </ns3:TrackPointExtension>
        </extensions>
      </trkpt>
      <trkpt lat="24.4903088919818401336669921875" lon="117.9673080705106258392333984375">
        <ele>47.40000152587890625</ele>
        <time>2026-09-19T07:21:50.000Z</time>
        <extensions>
          <ns3:TrackPointExtension>
            <ns3:hr>128</ns3:hr>
            <ns3:cad>47</ns3:cad>
          </ns3:TrackPointExtension>
        </extensions>
      </trkpt>
      <trkpt lat="24.49031584896147251129150390625" lon="117.96730781905353069305419921875">
        <ele>47.40000152587890625</ele>
        <time>2026-09-19T07:21:51.000Z</time>
        <extensions>
          <ns3:TrackPointExtension>
            <ns3:hr>128</ns3:hr>
            <ns3:cad>47</ns3:cad>
          </ns3:TrackPointExtension>
        </extensions>
      </trkpt>
      <trkpt lat="24.4903290085494518280029296875" lon="117.96730513684451580047607421875">
        <ele>47.59999847412109375</ele>
        <time>2026-09-19T07:21:52.000Z</time>
        <extensions>
          <ns3:TrackPointExtension>
            <ns3:hr>129</ns3:hr>
            <ns3:cad>47</ns3:cad>
          </ns3:TrackPointExtension>
        </extensions>
      </trkpt>
      <trkpt lat="24.49033915065228939056396484375" lon="117.96730220317840576171875">
        <ele>47.59999847412109375</ele>
        <time>2026-09-19T07:21:53.000Z</time>
        <extensions>
          <ns3:TrackPointExtension>
            <ns3:hr>129</ns3:hr>
            <ns3:cad>46</ns3:cad>
          </ns3:TrackPointExtension>
        </extensions>
      </trkpt>
      <trkpt lat="24.49034786783158779144287109375" lon="117.96730211935937404632568359375">
        <ele>47.799999237060546875</ele>
        <time>2026-09-19T07:21:54.000Z</time>
        <extensions>
          <ns3:TrackPointExtension>
            <ns3:hr>129</ns3:hr>
            <ns3:cad>45</ns3:cad>
          </ns3:TrackPointExtension>
        </extensions>
      </trkpt>
      <trkpt lat="24.4903568364679813385009765625" lon="117.96730195172131061553955078125">
        <ele>48</ele>
        <time>2026-09-19T07:21:55.000Z</time>
        <extensions>
          <ns3:TrackPointExtension>
            <ns3:hr>129</ns3:hr>
            <ns3:cad>45</ns3:cad>
          </ns3:TrackPointExtension>
        </extensions>
      </trkpt>
      <trkpt lat="24.49036815203726291656494140625" lon="117.96730144880712032318115234375">
        <ele>48</ele>
        <time>2026-09-19T07:21:56.000Z</time>
        <extensions>
          <ns3:TrackPointExtension>
            <ns3:hr>130</ns3:hr>
            <ns3:cad>45</ns3:cad>
          </ns3:TrackPointExtension>
        </extensions>
      </trkpt>
      <trkpt lat="24.49038005433976650238037109375" lon="117.9673027060925960540771484375">
        <ele>48.200000762939453125</ele>
        <time>2026-09-19T07:21:57.000Z</time>
        <extensions>
          <ns3:TrackPointExtension>
            <ns3:hr>131</ns3:hr>
            <ns3:cad>45</ns3:cad>
          </ns3:TrackPointExtension>
        </extensions>
      </trkpt>
      <trkpt lat="24.490384496748447418212890625" lon="117.9673047177493572235107421875">
        <ele>48.40000152587890625</ele>
        <time>2026-09-19T07:21:58.000Z</time>
        <extensions>
          <ns3:TrackPointExtension>
            <ns3:hr>132</ns3:hr>
            <ns3:cad>45</ns3:cad>
          </ns3:TrackPointExtension>
        </extensions>
      </trkpt>
      <trkpt lat="24.4903896935284137725830078125" lon="117.9673062264919281005859375">
        <ele>48.40000152587890625</ele>
        <time>2026-09-19T07:21:59.000Z</time>
        <extensions>
          <ns3:TrackPointExtension>
            <ns3:hr>132</ns3:hr>
            <ns3:cad>45</ns3:cad>
          </ns3:TrackPointExtension>
        </extensions>
      </trkpt>
      <trkpt lat="24.4903990812599658966064453125" lon="117.96730044297873973846435546875">
        <ele>48.59999847412109375</ele>
        <time>2026-09-19T07:22:00.000Z</time>
        <extensions>
          <ns3:TrackPointExtension>
            <ns3:hr>132</ns3:hr>
            <ns3:cad>45</ns3:cad>
          </ns3:TrackPointExtension>
        </extensions>
      </trkpt>
      <trkpt lat="24.49040922336280345916748046875" lon="117.9672946594655513763427734375">
        <ele>48.59999847412109375</ele>
        <time>2026-09-19T07:22:01.000Z</time>
        <extensions>
          <ns3:TrackPointExtension>
            <ns3:hr>132</ns3:hr>
            <ns3:cad>45</ns3:cad>
          </ns3:TrackPointExtension>
        </extensions>
      </trkpt>
      <trkpt lat="24.4904158450663089752197265625" lon="117.9672923125326633453369140625">
        <ele>48.799999237060546875</ele>
        <time>2026-09-19T07:22:02.000Z</time>
        <extensions>
          <ns3:TrackPointExtension>
            <ns3:hr>133</ns3:hr>
            <ns3:cad>45</ns3:cad>
          </ns3:TrackPointExtension>
        </extensions>
      </trkpt>
      <trkpt lat="24.49042112566530704498291015625" lon="117.967292480170726776123046875">
        <ele>48.799999237060546875</ele>
        <time>2026-09-19T07:22:03.000Z</time>
        <extensions>
          <ns3:TrackPointExtension>
            <ns3:hr>132</ns3:hr>
            <ns3:cad>46</ns3:cad>
          </ns3:TrackPointExtension>
        </extensions>
      </trkpt>
      <trkpt lat="24.49042933993041515350341796875" lon="117.96729021705687046051025390625">
        <ele>48.799999237060546875</ele>
        <time>2026-09-19T07:22:04.000Z</time>
        <extensions>
          <ns3:TrackPointExtension>
            <ns3:hr>132</ns3:hr>
            <ns3:cad>46</ns3:cad>
          </ns3:TrackPointExtension>
        </extensions>
      </trkpt>
      <trkpt lat="24.49044115841388702392578125" lon="117.9672847688198089599609375">
        <ele>48.799999237060546875</ele>
        <time>2026-09-19T07:22:05.000Z</time>
        <extensions>
          <ns3:TrackPointExtension>
            <ns3:hr>132</ns3:hr>
            <ns3:cad>46</ns3:cad>
          </ns3:TrackPointExtension>
        </extensions>
      </trkpt>
      <trkpt lat="24.4904520548880100250244140625" lon="117.96728082932531833648681640625">
        <ele>49</ele>
        <time>2026-09-19T07:22:06.000Z</time>
        <extensions>
          <ns3:TrackPointExtension>
            <ns3:hr>131</ns3:hr>
            <ns3:cad>46</ns3:cad>
          </ns3:TrackPointExtension>
        </extensions>
      </trkpt>
      <trkpt lat="24.4904590956866741180419921875" lon="117.967276386916637420654296875">
        <ele>49</ele>
        <time>2026-09-19T07:22:07.000Z</time>
        <extensions>
          <ns3:TrackPointExtension>
            <ns3:hr>131</ns3:hr>
            <ns3:cad>47</ns3:cad>
          </ns3:TrackPointExtension>
        </extensions>
      </trkpt>
      <trkpt lat="24.4904686510562896728515625" lon="117.96727295033633708953857421875">
        <ele>49.200000762939453125</ele>
        <time>2026-09-19T07:22:08.000Z</time>
        <extensions>
          <ns3:TrackPointExtension>
            <ns3:hr>130</ns3:hr>
            <ns3:cad>47</ns3:cad>
          </ns3:TrackPointExtension>
        </extensions>
      </trkpt>
      <trkpt lat="24.4904793798923492431640625" lon="117.967270351946353912353515625">
        <ele>49.200000762939453125</ele>
        <time>2026-09-19T07:22:09.000Z</time>
        <extensions>
          <ns3:TrackPointExtension>
            <ns3:hr>130</ns3:hr>
            <ns3:cad>48</ns3:cad>
          </ns3:TrackPointExtension>
        </extensions>
      </trkpt>
      <trkpt lat="24.49049119837582111358642578125" lon="117.967267334461212158203125">
        <ele>49.200000762939453125</ele>
        <time>2026-09-19T07:22:10.000Z</time>
        <extensions>
          <ns3:TrackPointExtension>
            <ns3:hr>129</ns3:hr>
            <ns3:cad>49</ns3:cad>
          </ns3:TrackPointExtension>
        </extensions>
      </trkpt>
      <trkpt lat="24.49050159193575382232666015625" lon="117.9672618024051189422607421875">
        <ele>49.200000762939453125</ele>
        <time>2026-09-19T07:22:11.000Z</time>
        <extensions>
          <ns3:TrackPointExtension>
            <ns3:hr>129</ns3:hr>
            <ns3:cad>49</ns3:cad>
          </ns3:TrackPointExtension>
        </extensions>
      </trkpt>
      <trkpt lat="24.4905103929340839385986328125" lon="117.9672557674348354339599609375">
        <ele>49.200000762939453125</ele>
        <time>2026-09-19T07:22:12.000Z</time>
        <extensions>
          <ns3:TrackPointExtension>
            <ns3:hr>129</ns3:hr>
            <ns3:cad>49</ns3:cad>
          </ns3:TrackPointExtension>
        </extensions>
      </trkpt>
      <trkpt lat="24.49052162468433380126953125" lon="117.967251241207122802734375">
        <ele>49.40000152587890625</ele>
        <time>2026-09-19T07:22:13.000Z</time>
        <extensions>
          <ns3:TrackPointExtension>
            <ns3:hr>130</ns3:hr>
            <ns3:cad>49</ns3:cad>
          </ns3:TrackPointExtension>
        </extensions>
      </trkpt>
      <trkpt lat="24.4905305095016956329345703125" lon="117.96724830754101276397705078125">
        <ele>49.40000152587890625</ele>
        <time>2026-09-19T07:22:14.000Z</time>
        <extensions>
          <ns3:TrackPointExtension>
            <ns3:hr>130</ns3:hr>
            <ns3:cad>48</ns3:cad>
          </ns3:TrackPointExtension>
        </extensions>
      </trkpt>
      <trkpt lat="24.49054148979485034942626953125" lon="117.9672447033226490020751953125">
        <ele>49.40000152587890625</ele>
        <time>2026-09-19T07:22:15.000Z</time>
        <extensions>
          <ns3:TrackPointExtension>
            <ns3:hr>130</ns3:hr>
            <ns3:cad>47</ns3:cad>
          </ns3:TrackPointExtension>
        </extensions>
      </trkpt>
      <trkpt lat="24.49055070988833904266357421875" lon="117.96724093146622180938720703125">
        <ele>49.59999847412109375</ele>
        <time>2026-09-19T07:22:16.000Z</time>
        <extensions>
          <ns3:TrackPointExtension>
            <ns3:hr>130</ns3:hr>
            <ns3:cad>47</ns3:cad>
          </ns3:TrackPointExtension>
        </extensions>
      </trkpt>
      <trkpt lat="24.49056127108633518218994140625" lon="117.96723472885787487030029296875">
        <ele>49.59999847412109375</ele>
        <time>2026-09-19T07:22:17.000Z</time>
        <extensions>
          <ns3:TrackPointExtension>
            <ns3:hr>129</ns3:hr>
            <ns3:cad>50</ns3:cad>
          </ns3:TrackPointExtension>
        </extensions>
      </trkpt>
      <trkpt lat="24.49057166464626789093017578125" lon="117.96722852624952793121337890625">
        <ele>49.59999847412109375</ele>
        <time>2026-09-19T07:22:18.000Z</time>
        <extensions>
          <ns3:TrackPointExtension>
            <ns3:hr>129</ns3:hr>
            <ns3:cad>50</ns3:cad>
          </ns3:TrackPointExtension>
        </extensions>
      </trkpt>
      <trkpt lat="24.4905767776072025299072265625" lon="117.96722450293600559234619140625">
        <ele>49.799999237060546875</ele>
        <time>2026-09-19T07:22:19.000Z</time>
        <extensions>
          <ns3:TrackPointExtension>
            <ns3:hr>129</ns3:hr>
            <ns3:cad>50</ns3:cad>
          </ns3:TrackPointExtension>
        </extensions>
      </trkpt>
      <trkpt lat="24.4905754365026950836181640625" lon="117.96722165308892726898193359375">
        <ele>49.799999237060546875</ele>
        <time>2026-09-19T07:22:20.000Z</time>
        <extensions>
          <ns3:TrackPointExtension>
            <ns3:hr>129</ns3:hr>
            <ns3:cad>50</ns3:cad>
          </ns3:TrackPointExtension>
        </extensions>
      </trkpt>
      <trkpt lat="24.4905737601220607757568359375" lon="117.967222072184085845947265625">
        <ele>49.799999237060546875</ele>
        <time>2026-09-19T07:22:21.000Z</time>
        <extensions>
          <ns3:TrackPointExtension>
            <ns3:hr>128</ns3:hr>
            <ns3:cad>49</ns3:cad>
          </ns3:TrackPointExtension>
        </extensions>
      </trkpt>
      <trkpt lat="24.49057971127331256866455078125" lon="117.9672188870608806610107421875">
        <ele>49.799999237060546875</ele>
        <time>2026-09-19T07:22:22.000Z</time>
        <extensions>
          <ns3:TrackPointExtension>
            <ns3:hr>128</ns3:hr>
            <ns3:cad>48</ns3:cad>
          </ns3:TrackPointExtension>
        </extensions>
      </trkpt>
      <trkpt lat="24.49058658443391323089599609375" lon="117.96721494756639003753662109375">
        <ele>50</ele>
        <time>2026-09-19T07:22:23.000Z</time>
        <extensions>
          <ns3:TrackPointExtension>
            <ns3:hr>126</ns3:hr>
            <ns3:cad>48</ns3:cad>
          </ns3:TrackPointExtension>
        </extensions>
      </trkpt>
      <trkpt lat="24.49059404432773590087890625" lon="117.96720790676772594451904296875">
        <ele>50</ele>
        <time>2026-09-19T07:22:24.000Z</time>
        <extensions>
          <ns3:TrackPointExtension>
            <ns3:hr>125</ns3:hr>
            <ns3:cad>50</ns3:cad>
          </ns3:TrackPointExtension>
        </extensions>
      </trkpt>
      <trkpt lat="24.4905960559844970703125" lon="117.9672121815383434295654296875">
        <ele>50</ele>
        <time>2026-09-19T07:22:25.000Z</time>
        <extensions>
          <ns3:TrackPointExtension>
            <ns3:hr>124</ns3:hr>
            <ns3:cad>50</ns3:cad>
          </ns3:TrackPointExtension>
        </extensions>
      </trkpt>
      <trkpt lat="24.49060343205928802490234375" lon="117.96721142716705799102783203125">
        <ele>50.200000762939453125</ele>
        <time>2026-09-19T07:22:26.000Z</time>
        <extensions>
          <ns3:TrackPointExtension>
            <ns3:hr>123</ns3:hr>
            <ns3:cad>50</ns3:cad>
          </ns3:TrackPointExtension>
        </extensions>
      </trkpt>
      <trkpt lat="24.490615166723728179931640625" lon="117.9672069847583770751953125">
        <ele>50.200000762939453125</ele>
        <time>2026-09-19T07:22:27.000Z</time>
        <extensions>
          <ns3:TrackPointExtension>
            <ns3:hr>122</ns3:hr>
            <ns3:cad>50</ns3:cad>
          </ns3:TrackPointExtension>
        </extensions>
      </trkpt>
      <trkpt lat="24.4906240515410900115966796875" lon="117.96720254234969615936279296875">
        <ele>50.200000762939453125</ele>
        <time>2026-09-19T07:22:28.000Z</time>
        <extensions>
          <ns3:TrackPointExtension>
            <ns3:hr>121</ns3:hr>
            <ns3:cad>50</ns3:cad>
          </ns3:TrackPointExtension>
        </extensions>
      </trkpt>
      <trkpt lat="24.490633942186832427978515625" lon="117.9672001115977764129638671875">
        <ele>50.40000152587890625</ele>
        <time>2026-09-19T07:22:29.000Z</time>
        <extensions>
          <ns3:TrackPointExtension>
            <ns3:hr>121</ns3:hr>
            <ns3:cad>50</ns3:cad>
          </ns3:TrackPointExtension>
        </extensions>
      </trkpt>
      <trkpt lat="24.49064257554709911346435546875" lon="117.9672004468739032745361328125">
        <ele>50.40000152587890625</ele>
        <time>2026-09-19T07:22:30.000Z</time>
        <extensions>
          <ns3:TrackPointExtension>
            <ns3:hr>120</ns3:hr>
            <ns3:cad>0</ns3:cad>
          </ns3:TrackPointExtension>
        </extensions>
      </trkpt>
      <trkpt lat="24.49065313674509525299072265625" lon="117.96720069833099842071533203125">
        <ele>50.40000152587890625</ele>
        <time>2026-09-19T07:22:31.000Z</time>
        <extensions>
          <ns3:TrackPointExtension>
            <ns3:hr>119</ns3:hr>
            <ns3:cad>0</ns3:cad>
          </ns3:TrackPointExtension>
        </extensions>
      </trkpt>
      <trkpt lat="24.49066336266696453094482421875" lon="117.96720287762582302093505859375">
        <ele>50.59999847412109375</ele>
        <time>2026-09-19T07:22:32.000Z</time>
        <extensions>
          <ns3:TrackPointExtension>
            <ns3:hr>119</ns3:hr>
            <ns3:cad>0</ns3:cad>
          </ns3:TrackPointExtension>
        </extensions>
      </trkpt>
      <trkpt lat="24.49067207984626293182373046875" lon="117.96720354817807674407958984375">
        <ele>50.59999847412109375</ele>
        <time>2026-09-19T07:22:33.000Z</time>
        <extensions>
          <ns3:TrackPointExtension>
            <ns3:hr>119</ns3:hr>
            <ns3:cad>0</ns3:cad>
          </ns3:TrackPointExtension>
        </extensions>
      </trkpt>
      <trkpt lat="24.49067928828299045562744140625" lon="117.96720388345420360565185546875">
        <ele>50.59999847412109375</ele>
        <time>2026-09-19T07:22:34.000Z</time>
        <extensions>
          <ns3:TrackPointExtension>
            <ns3:hr>119</ns3:hr>
            <ns3:cad>0</ns3:cad>
          </ns3:TrackPointExtension>
        </extensions>
      </trkpt>
      <trkpt lat="24.4906939566135406494140625" lon="117.96720606274902820587158203125">
        <ele>50.799999237060546875</ele>
        <time>2026-09-19T07:22:35.000Z</time>
        <extensions>
          <ns3:TrackPointExtension>
            <ns3:hr>119</ns3:hr>
            <ns3:cad>0</ns3:cad>
          </ns3:TrackPointExtension>
        </extensions>
      </trkpt>
      <trkpt lat="24.4907082058489322662353515625" lon="117.967206649482250213623046875">
        <ele>50.799999237060546875</ele>
        <time>2026-09-19T07:22:36.000Z</time>
        <extensions>
          <ns3:TrackPointExtension>
            <ns3:hr>118</ns3:hr>
            <ns3:cad>0</ns3:cad>
          </ns3:TrackPointExtension>
        </extensions>
      </trkpt>
      <trkpt lat="24.49071918614208698272705078125" lon="117.9672074876725673675537109375">
        <ele>50.799999237060546875</ele>
        <time>2026-09-19T07:22:37.000Z</time>
        <extensions>
          <ns3:TrackPointExtension>
            <ns3:hr>117</ns3:hr>
            <ns3:cad>0</ns3:cad>
          </ns3:TrackPointExtension>
        </extensions>
      </trkpt>
      <trkpt lat="24.4907180964946746826171875" lon="117.96721058897674083709716796875">
        <ele>50.799999237060546875</ele>
        <time>2026-09-19T07:22:38.000Z</time>
        <extensions>
          <ns3:TrackPointExtension>
            <ns3:hr>117</ns3:hr>
            <ns3:cad>0</ns3:cad>
          </ns3:TrackPointExtension>
        </extensions>
      </trkpt>
      <trkpt lat="24.49073175899684429168701171875" lon="117.96721209771931171417236328125">
        <ele>51</ele>
        <time>2026-09-19T07:22:39.000Z</time>
        <extensions>
          <ns3:TrackPointExtension>
            <ns3:hr>117</ns3:hr>
            <ns3:cad>0</ns3:cad>
          </ns3:TrackPointExtension>
        </extensions>
      </trkpt>
      <trkpt lat="24.4907470978796482086181640625" lon="117.96721142716705799102783203125">
        <ele>51</ele>
        <time>2026-09-19T07:22:40.000Z</time>
        <extensions>
          <ns3:TrackPointExtension>
            <ns3:hr>116</ns3:hr>
            <ns3:cad>0</ns3:cad>
          </ns3:TrackPointExtension>
        </extensions>
      </trkpt>
      <trkpt lat="24.490758664906024932861328125" lon="117.96721025370061397552490234375">
        <ele>51</ele>
        <time>2026-09-19T07:22:41.000Z</time>
        <extensions>
          <ns3:TrackPointExtension>
            <ns3:hr>116</ns3:hr>
            <ns3:cad>0</ns3:cad>
          </ns3:TrackPointExtension>
        </extensions>
      </trkpt>
      <trkpt lat="24.49076713062822818756103515625" lon="117.96721310354769229888916015625">
        <ele>51</ele>
        <time>2026-09-19T07:22:42.000Z</time>
        <extensions>
          <ns3:TrackPointExtension>
            <ns3:hr>116</ns3:hr>
            <ns3:cad>0</ns3:cad>
          </ns3:TrackPointExtension>
        </extensions>
      </trkpt>
      <trkpt lat="24.49077668599784374237060546875" lon="117.96721025370061397552490234375">
        <ele>51.200000762939453125</ele>
        <time>2026-09-19T07:22:43.000Z</time>
        <extensions>
          <ns3:TrackPointExtension>
            <ns3:hr>115</ns3:hr>
            <ns3:cad>0</ns3:cad>
          </ns3:TrackPointExtension>
        </extensions>
      </trkpt>
      <trkpt lat="24.4907816313207149505615234375" lon="117.967215366661548614501953125">
        <ele>51.200000762939453125</ele>
        <time>2026-09-19T07:22:44.000Z</time>
        <extensions>
          <ns3:TrackPointExtension>
            <ns3:hr>115</ns3:hr>
            <ns3:cad>0</ns3:cad>
          </ns3:TrackPointExtension>
        </extensions>
      </trkpt>
      <trkpt lat="24.490791521966457366943359375" lon="117.967221401631832122802734375">
        <ele>51.40000152587890625</ele>
        <time>2026-09-19T07:22:45.000Z</time>
        <extensions>
          <ns3:TrackPointExtension>
            <ns3:hr>114</ns3:hr>
            <ns3:cad>0</ns3:cad>
          </ns3:TrackPointExtension>
        </extensions>
      </trkpt>
      <trkpt lat="24.49080300517380237579345703125" lon="117.967222742736339569091796875">
        <ele>51.40000152587890625</ele>
        <time>2026-09-19T07:22:46.000Z</time>
        <extensions>
          <ns3:TrackPointExtension>
            <ns3:hr>114</ns3:hr>
            <ns3:cad>0</ns3:cad>
          </ns3:TrackPointExtension>
        </extensions>
      </trkpt>
      <trkpt lat="24.49081440456211566925048828125" lon="117.96722584404051303863525390625">
        <ele>51.40000152587890625</ele>
        <time>2026-09-19T07:22:47.000Z</time>
        <extensions>
          <ns3:TrackPointExtension>
            <ns3:hr>114</ns3:hr>
            <ns3:cad>50</ns3:cad>
          </ns3:TrackPointExtension>
        </extensions>
      </trkpt>
      <trkpt lat="24.49082312174141407012939453125" lon="117.96722802333533763885498046875">
        <ele>51.59999847412109375</ele>
        <time>2026-09-19T07:22:48.000Z</time>
        <extensions>
          <ns3:TrackPointExtension>
            <ns3:hr>114</ns3:hr>
            <ns3:cad>50</ns3:cad>
          </ns3:TrackPointExtension>
        </extensions>
      </trkpt>
      <trkpt lat="24.49083049781620502471923828125" lon="117.9672299511730670928955078125">
        <ele>51.59999847412109375</ele>
        <time>2026-09-19T07:22:49.000Z</time>
        <extensions>
          <ns3:TrackPointExtension>
            <ns3:hr>113</ns3:hr>
            <ns3:cad>48</ns3:cad>
          </ns3:TrackPointExtension>
        </extensions>
      </trkpt>
      <trkpt lat="24.4908376224339008331298828125" lon="117.967230789363384246826171875">
        <ele>51.799999237060546875</ele>
        <time>2026-09-19T07:22:50.000Z</time>
        <extensions>
          <ns3:TrackPointExtension>
            <ns3:hr>114</ns3:hr>
            <ns3:cad>48</ns3:cad>
          </ns3:TrackPointExtension>
        </extensions>
      </trkpt>
      <trkpt lat="24.4908473454415798187255859375" lon="117.96723238192498683929443359375">
        <ele>51.799999237060546875</ele>
        <time>2026-09-19T07:22:51.000Z</time>
        <extensions>
          <ns3:TrackPointExtension>
            <ns3:hr>114</ns3:hr>
            <ns3:cad>49</ns3:cad>
          </ns3:TrackPointExtension>
        </extensions>
      </trkpt>
      <trkpt lat="24.49085824191570281982421875" lon="117.967234142124652862548828125">
        <ele>52</ele>
        <time>2026-09-19T07:22:52.000Z</time>
        <extensions>
          <ns3:TrackPointExtension>
            <ns3:hr>114</ns3:hr>
            <ns3:cad>50</ns3:cad>
          </ns3:TrackPointExtension>
        </extensions>
      </trkpt>
      <trkpt lat="24.49086704291403293609619140625" lon="117.967236153781414031982421875">
        <ele>52</ele>
        <time>2026-09-19T07:22:53.000Z</time>
        <extensions>
          <ns3:TrackPointExtension>
            <ns3:hr>114</ns3:hr>
            <ns3:cad>50</ns3:cad>
          </ns3:TrackPointExtension>
        </extensions>
      </trkpt>
      <trkpt lat="24.490875340998172760009765625" lon="117.9672391712665557861328125">
        <ele>52</ele>
        <time>2026-09-19T07:22:54.000Z</time>
        <extensions>
          <ns3:TrackPointExtension>
            <ns3:hr>114</ns3:hr>
            <ns3:cad>50</ns3:cad>
          </ns3:TrackPointExtension>
        </extensions>
      </trkpt>
      <trkpt lat="24.49088078923523426055908203125" lon="117.96724327839910984039306640625">
        <ele>52.200000762939453125</ele>
        <time>2026-09-19T07:22:55.000Z</time>
        <extensions>
          <ns3:TrackPointExtension>
            <ns3:hr>114</ns3:hr>
            <ns3:cad>49</ns3:cad>
          </ns3:TrackPointExtension>
        </extensions>
      </trkpt>
      <trkpt lat="24.4908905960619449615478515625" lon="117.96724730171263217926025390625">
        <ele>52.200000762939453125</ele>
        <time>2026-09-19T07:22:56.000Z</time>
        <extensions>
          <ns3:TrackPointExtension>
            <ns3:hr>114</ns3:hr>
            <ns3:cad>49</ns3:cad>
          </ns3:TrackPointExtension>
        </extensions>
      </trkpt>
      <trkpt lat="24.49090224690735340118408203125" lon="117.9672493971884250640869140625">
        <ele>52.200000762939453125</ele>
        <time>2026-09-19T07:22:57.000Z</time>
        <extensions>
          <ns3:TrackPointExtension>
            <ns3:hr>114</ns3:hr>
            <ns3:cad>50</ns3:cad>
          </ns3:TrackPointExtension>
        </extensions>
      </trkpt>
      <trkpt lat="24.4909113831818103790283203125" lon="117.967252917587757110595703125">
        <ele>52.40000152587890625</ele>
        <time>2026-09-19T07:22:58.000Z</time>
        <extensions>
          <ns3:TrackPointExtension>
            <ns3:hr>114</ns3:hr>
            <ns3:cad>49</ns3:cad>
          </ns3:TrackPointExtension>
        </extensions>
      </trkpt>
      <trkpt lat="24.49092186056077480316162109375" lon="117.96725484542548656463623046875">
        <ele>52.40000152587890625</ele>
        <time>2026-09-19T07:22:59.000Z</time>
        <extensions>
          <ns3:TrackPointExtension>
            <ns3:hr>115</ns3:hr>
            <ns3:cad>49</ns3:cad>
          </ns3:TrackPointExtension>
        </extensions>
      </trkpt>
      <trkpt lat="24.49092973954975605010986328125" lon="117.96725585125386714935302734375">
        <ele>52.59999847412109375</ele>
        <time>2026-09-19T07:23:00.000Z</time>
        <extensions>
          <ns3:TrackPointExtension>
            <ns3:hr>115</ns3:hr>
            <ns3:cad>49</ns3:cad>
          </ns3:TrackPointExtension>
        </extensions>
      </trkpt>
      <trkpt lat="24.49093736708164215087890625" lon="117.96725861728191375732421875">
        <ele>52.59999847412109375</ele>
        <time>2026-09-19T07:23:01.000Z</time>
        <extensions>
          <ns3:TrackPointExtension>
            <ns3:hr>115</ns3:hr>
            <ns3:cad>49</ns3:cad>
          </ns3:TrackPointExtension>
        </extensions>
      </trkpt>
      <trkpt lat="24.49094667099416255950927734375" lon="117.9672594554722309112548828125">
        <ele>52.799999237060546875</ele>
        <time>2026-09-19T07:23:02.000Z</time>
        <extensions>
          <ns3:TrackPointExtension>
            <ns3:hr>115</ns3:hr>
            <ns3:cad>50</ns3:cad>
          </ns3:TrackPointExtension>
        </extensions>
      </trkpt>
      <trkpt lat="24.49096226133406162261962890625" lon="117.96726020984351634979248046875">
        <ele>52.799999237060546875</ele>
        <time>2026-09-19T07:23:03.000Z</time>
        <extensions>
          <ns3:TrackPointExtension>
            <ns3:hr>115</ns3:hr>
            <ns3:cad>50</ns3:cad>
          </ns3:TrackPointExtension>
        </extensions>
      </trkpt>
      <trkpt lat="24.49097634293138980865478515625" lon="117.96725953929126262664794921875">
        <ele>53</ele>
        <time>2026-09-19T07:23:04.000Z</time>
        <extensions>
          <ns3:TrackPointExtension>
            <ns3:hr>115</ns3:hr>
            <ns3:cad>50</ns3:cad>
          </ns3:TrackPointExtension>
        </extensions>
      </trkpt>
      <trkpt lat="24.4909881614148616790771484375" lon="117.96725903637707233428955078125">
        <ele>53</ele>
        <time>2026-09-19T07:23:05.000Z</time>
        <extensions>
          <ns3:TrackPointExtension>
            <ns3:hr>115</ns3:hr>
            <ns3:cad>50</ns3:cad>
          </ns3:TrackPointExtension>
        </extensions>
      </trkpt>
      <trkpt lat="24.49099495075643062591552734375" lon="117.96725903637707233428955078125">
        <ele>53.200000762939453125</ele>
        <time>2026-09-19T07:23:06.000Z</time>
        <extensions>
          <ns3:TrackPointExtension>
            <ns3:hr>115</ns3:hr>
            <ns3:cad>49</ns3:cad>
          </ns3:TrackPointExtension>
        </extensions>
      </trkpt>
      <trkpt lat="24.4910012371838092803955078125" lon="117.96725920401513576507568359375">
        <ele>53.200000762939453125</ele>
        <time>2026-09-19T07:23:07.000Z</time>
        <extensions>
          <ns3:TrackPointExtension>
            <ns3:hr>115</ns3:hr>
            <ns3:cad>49</ns3:cad>
          </ns3:TrackPointExtension>
        </extensions>
      </trkpt>
      <trkpt lat="24.49101087637245655059814453125" lon="117.967257611453533172607421875">
        <ele>53.40000152587890625</ele>
        <time>2026-09-19T07:23:08.000Z</time>
        <extensions>
          <ns3:TrackPointExtension>
            <ns3:hr>116</ns3:hr>
            <ns3:cad>49</ns3:cad>
          </ns3:TrackPointExtension>
        </extensions>
      </trkpt>
      <trkpt lat="24.4910237006843090057373046875" lon="117.967256940901279449462890625">
        <ele>53.59999847412109375</ele>
        <time>2026-09-19T07:23:09.000Z</time>
        <extensions>
          <ns3:TrackPointExtension>
            <ns3:hr>114</ns3:hr>
            <ns3:cad>49</ns3:cad>
          </ns3:TrackPointExtension>
        </extensions>
      </trkpt>
      <trkpt lat="24.4910357706248760223388671875" lon="117.96725819818675518035888671875">
        <ele>53.59999847412109375</ele>
        <time>2026-09-19T07:23:10.000Z</time>
        <extensions>
          <ns3:TrackPointExtension>
            <ns3:hr>114</ns3:hr>
            <ns3:cad>49</ns3:cad>
          </ns3:TrackPointExtension>
        </extensions>
      </trkpt>
      <trkpt lat="24.49104021303355693817138671875" lon="117.9672564379870891571044921875">
        <ele>53.799999237060546875</ele>
        <time>2026-09-19T07:23:11.000Z</time>
        <extensions>
          <ns3:TrackPointExtension>
            <ns3:hr>114</ns3:hr>
            <ns3:cad>50</ns3:cad>
          </ns3:TrackPointExtension>
        </extensions>
      </trkpt>
      <trkpt lat="24.49105110950767993927001953125" lon="117.96725719235837459564208984375">
        <ele>53.799999237060546875</ele>
        <time>2026-09-19T07:23:12.000Z</time>
        <extensions>
          <ns3:TrackPointExtension>
            <ns3:hr>113</ns3:hr>
            <ns3:cad>48</ns3:cad>
          </ns3:TrackPointExtension>
        </extensions>
      </trkpt>
      <trkpt lat="24.49106334708631038665771484375" lon="117.96726339496672153472900390625">
        <ele>54</ele>
        <time>2026-09-19T07:23:13.000Z</time>
        <extensions>
          <ns3:TrackPointExtension>
            <ns3:hr>113</ns3:hr>
            <ns3:cad>45</ns3:cad>
          </ns3:TrackPointExtension>
        </extensions>
      </trkpt>
      <trkpt lat="24.491072483360767364501953125" lon="117.967266999185085296630859375">
        <ele>54</ele>
        <time>2026-09-19T07:23:14.000Z</time>
        <extensions>
          <ns3:TrackPointExtension>
            <ns3:hr>113</ns3:hr>
            <ns3:cad>45</ns3:cad>
          </ns3:TrackPointExtension>
        </extensions>
      </trkpt>
      <trkpt lat="24.4910827092826366424560546875" lon="117.96727336943149566650390625">
        <ele>54.200000762939453125</ele>
        <time>2026-09-19T07:23:15.000Z</time>
        <extensions>
          <ns3:TrackPointExtension>
            <ns3:hr>113</ns3:hr>
            <ns3:cad>45</ns3:cad>
          </ns3:TrackPointExtension>
        </extensions>
      </trkpt>
      <trkpt lat="24.4910977967083454132080078125" lon="117.96727781184017658233642578125">
        <ele>54.200000762939453125</ele>
        <time>2026-09-19T07:23:16.000Z</time>
        <extensions>
          <ns3:TrackPointExtension>
            <ns3:hr>113</ns3:hr>
            <ns3:cad>45</ns3:cad>
          </ns3:TrackPointExtension>
        </extensions>
      </trkpt>
      <trkpt lat="24.49112403206527233123779296875" lon="117.96729541383683681488037109375">
        <ele>54.40000152587890625</ele>
        <time>2026-09-19T07:23:17.000Z</time>
        <extensions>
          <ns3:TrackPointExtension>
            <ns3:hr>114</ns3:hr>
            <ns3:cad>45</ns3:cad>
          </ns3:TrackPointExtension>
        </extensions>
      </trkpt>
      <trkpt lat="24.4911430589854717254638671875" lon="117.96730010770261287689208984375">
        <ele>54.40000152587890625</ele>
        <time>2026-09-19T07:23:18.000Z</time>
        <extensions>
          <ns3:TrackPointExtension>
            <ns3:hr>113</ns3:hr>
            <ns3:cad>43</ns3:cad>
          </ns3:TrackPointExtension>
        </extensions>
      </trkpt>
      <trkpt lat="24.49115688912570476531982421875" lon="117.96730429865419864654541015625">
        <ele>54.59999847412109375</ele>
        <time>2026-09-19T07:23:19.000Z</time>
        <extensions>
          <ns3:TrackPointExtension>
            <ns3:hr>113</ns3:hr>
            <ns3:cad>43</ns3:cad>
          </ns3:TrackPointExtension>
        </extensions>
      </trkpt>
      <trkpt lat="24.4911687076091766357421875" lon="117.967311926186084747314453125">
        <ele>54.59999847412109375</ele>
        <time>2026-09-19T07:23:20.000Z</time>
        <extensions>
          <ns3:TrackPointExtension>
            <ns3:hr>114</ns3:hr>
            <ns3:cad>43</ns3:cad>
          </ns3:TrackPointExtension>
        </extensions>
      </trkpt>
      <trkpt lat="24.4911799393594264984130859375" lon="117.96732030808925628662109375">
        <ele>54.799999237060546875</ele>
        <time>2026-09-19T07:23:21.000Z</time>
        <extensions>
          <ns3:TrackPointExtension>
            <ns3:hr>113</ns3:hr>
            <ns3:cad>47</ns3:cad>
          </ns3:TrackPointExtension>
        </extensions>
      </trkpt>
      <trkpt lat="24.49119142256677150726318359375" lon="117.96733145602047443389892578125">
        <ele>55</ele>
        <time>2026-09-19T07:23:22.000Z</time>
        <extensions>
          <ns3:TrackPointExtension>
            <ns3:hr>113</ns3:hr>
            <ns3:cad>47</ns3:cad>
          </ns3:TrackPointExtension>
        </extensions>
      </trkpt>
      <trkpt lat="24.4911980442702770233154296875" lon="117.9673372395336627960205078125">
        <ele>55</ele>
        <time>2026-09-19T07:23:23.000Z</time>
        <extensions>
          <ns3:TrackPointExtension>
            <ns3:hr>114</ns3:hr>
            <ns3:cad>47</ns3:cad>
          </ns3:TrackPointExtension>
        </extensions>
      </trkpt>
      <trkpt lat="24.49120550416409969329833984375" lon="117.9673446156084537506103515625">
        <ele>55</ele>
        <time>2026-09-19T07:23:24.000Z</time>
        <extensions>
          <ns3:TrackPointExtension>
            <ns3:hr>114</ns3:hr>
            <ns3:cad>47</ns3:cad>
          </ns3:TrackPointExtension>
        </extensions>
      </trkpt>
      <trkpt lat="24.49121204204857349395751953125" lon="117.96735459007322788238525390625">
        <ele>55.200000762939453125</ele>
        <time>2026-09-19T07:23:25.000Z</time>
        <extensions>
          <ns3:TrackPointExtension>
            <ns3:hr>114</ns3:hr>
            <ns3:cad>47</ns3:cad>
          </ns3:TrackPointExtension>
        </extensions>
      </trkpt>
      <trkpt lat="24.49121925048530101776123046875" lon="117.967363893985748291015625">
        <ele>55.200000762939453125</ele>
        <time>2026-09-19T07:23:26.000Z</time>
        <extensions>
          <ns3:TrackPointExtension>
            <ns3:hr>114</ns3:hr>
            <ns3:cad>47</ns3:cad>
          </ns3:TrackPointExtension>
        </extensions>
      </trkpt>
      <trkpt lat="24.49122704565525054931640625" lon="117.96737520955502986907958984375">
        <ele>55.40000152587890625</ele>
        <time>2026-09-19T07:23:27.000Z</time>
        <extensions>
          <ns3:TrackPointExtension>
            <ns3:hr>114</ns3:hr>
            <ns3:cad>47</ns3:cad>
          </ns3:TrackPointExtension>
        </extensions>
      </trkpt>
      <trkpt lat="24.49123584665358066558837890625" lon="117.96738526783883571624755859375">
        <ele>55.40000152587890625</ele>
        <time>2026-09-19T07:23:28.000Z</time>
        <extensions>
          <ns3:TrackPointExtension>
            <ns3:hr>114</ns3:hr>
            <ns3:cad>47</ns3:cad>
          </ns3:TrackPointExtension>
        </extensions>
      </trkpt>
      <trkpt lat="24.4912433065474033355712890625" lon="117.967394404113292694091796875">
        <ele>55.59999847412109375</ele>
        <time>2026-09-19T07:23:29.000Z</time>
        <extensions>
          <ns3:TrackPointExtension>
            <ns3:hr>114</ns3:hr>
            <ns3:cad>50</ns3:cad>
          </ns3:TrackPointExtension>
        </extensions>
      </trkpt>
      <trkpt lat="24.49124808423221111297607421875" lon="117.9674049653112888336181640625">
        <ele>55.59999847412109375</ele>
        <time>2026-09-19T07:23:30.000Z</time>
        <extensions>
          <ns3:TrackPointExtension>
            <ns3:hr>115</ns3:hr>
            <ns3:cad>50</ns3:cad>
          </ns3:TrackPointExtension>
        </extensions>
      </trkpt>
      <trkpt lat="24.491256885230541229248046875" lon="117.9674163646996021270751953125">
        <ele>55.799999237060546875</ele>
        <time>2026-09-19T07:23:31.000Z</time>
        <extensions>
          <ns3:TrackPointExtension>
            <ns3:hr>115</ns3:hr>
            <ns3:cad>49</ns3:cad>
          </ns3:TrackPointExtension>
        </extensions>
      </trkpt>
      <trkpt lat="24.49126300401985645294189453125" lon="117.96742533333599567413330078125">
        <ele>56</ele>
        <time>2026-09-19T07:23:32.000Z</time>
        <extensions>
          <ns3:TrackPointExtension>
            <ns3:hr>115</ns3:hr>
            <ns3:cad>47</ns3:cad>
          </ns3:TrackPointExtension>
        </extensions>
      </trkpt>
      <trkpt lat="24.4912640936672687530517578125" lon="117.96743237413465976715087890625">
        <ele>56</ele>
        <time>2026-09-19T07:23:33.000Z</time>
        <extensions>
          <ns3:TrackPointExtension>
            <ns3:hr>115</ns3:hr>
            <ns3:cad>47</ns3:cad>
          </ns3:TrackPointExtension>
        </extensions>
      </trkpt>
      <trkpt lat="24.491266943514347076416015625" lon="117.9674428515136241912841796875">
        <ele>56.200000762939453125</ele>
        <time>2026-09-19T07:23:34.000Z</time>
        <extensions>
          <ns3:TrackPointExtension>
            <ns3:hr>116</ns3:hr>
            <ns3:cad>47</ns3:cad>
          </ns3:TrackPointExtension>
        </extensions>
      </trkpt>
      <trkpt lat="24.4912701286375522613525390625" lon="117.967453412711620330810546875">
        <ele>56.200000762939453125</ele>
        <time>2026-09-19T07:23:35.000Z</time>
        <extensions>
          <ns3:TrackPointExtension>
            <ns3:hr>116</ns3:hr>
            <ns3:cad>47</ns3:cad>
          </ns3:TrackPointExtension>
        </extensions>
      </trkpt>
      <trkpt lat="24.49127490632236003875732421875" lon="117.96746556647121906280517578125">
        <ele>56.40000152587890625</ele>
        <time>2026-09-19T07:23:36.000Z</time>
        <extensions>
          <ns3:TrackPointExtension>
            <ns3:hr>116</ns3:hr>
            <ns3:cad>44</ns3:cad>
          </ns3:TrackPointExtension>
        </extensions>
      </trkpt>
      <trkpt lat="24.4912785105407238006591796875" lon="117.967474870383739471435546875">
        <ele>56.40000152587890625</ele>
        <time>2026-09-19T07:23:37.000Z</time>
        <extensions>
          <ns3:TrackPointExtension>
            <ns3:hr>115</ns3:hr>
            <ns3:cad>44</ns3:cad>
          </ns3:TrackPointExtension>
        </extensions>
      </trkpt>
      <trkpt lat="24.4912818633019924163818359375" lon="117.967487610876560211181640625">
        <ele>56.59999847412109375</ele>
        <time>2026-09-19T07:23:38.000Z</time>
        <extensions>
          <ns3:TrackPointExtension>
            <ns3:hr>115</ns3:hr>
            <ns3:cad>47</ns3:cad>
          </ns3:TrackPointExtension>
        </extensions>
      </trkpt>
      <trkpt lat="24.49128513224422931671142578125" lon="117.96749792061746120452880859375">
        <ele>56.799999237060546875</ele>
        <time>2026-09-19T07:23:39.000Z</time>
        <extensions>
          <ns3:TrackPointExtension>
            <ns3:hr>115</ns3:hr>
            <ns3:cad>47</ns3:cad>
          </ns3:TrackPointExtension>
        </extensions>
      </trkpt>
      <trkpt lat="24.49128949083387851715087890625" lon="117.967512421309947967529296875">
        <ele>56.799999237060546875</ele>
        <time>2026-09-19T07:23:40.000Z</time>
        <extensions>
          <ns3:TrackPointExtension>
            <ns3:hr>115</ns3:hr>
            <ns3:cad>47</ns3:cad>
          </ns3:TrackPointExtension>
        </extensions>
      </trkpt>
      <trkpt lat="24.4912946037948131561279296875" lon="117.96752256341278553009033203125">
        <ele>57</ele>
        <time>2026-09-19T07:23:41.000Z</time>
        <extensions>
          <ns3:TrackPointExtension>
            <ns3:hr>115</ns3:hr>
            <ns3:cad>47</ns3:cad>
          </ns3:TrackPointExtension>
        </extensions>
      </trkpt>
      <trkpt lat="24.491296447813510894775390625" lon="117.96753086149692535400390625">
        <ele>57.200000762939453125</ele>
        <time>2026-09-19T07:23:42.000Z</time>
        <extensions>
          <ns3:TrackPointExtension>
            <ns3:hr>115</ns3:hr>
            <ns3:cad>47</ns3:cad>
          </ns3:TrackPointExtension>
        </extensions>
      </trkpt>
      <trkpt lat="24.49130474589765071868896484375" lon="117.96754586510360240936279296875">
        <ele>57.200000762939453125</ele>
        <time>2026-09-19T07:23:43.000Z</time>
        <extensions>
          <ns3:TrackPointExtension>
            <ns3:hr>115</ns3:hr>
            <ns3:cad>47</ns3:cad>
          </ns3:TrackPointExtension>
        </extensions>
      </trkpt>
      <trkpt lat="24.4913137145340442657470703125" lon="117.96755039133131504058837890625">
        <ele>57.40000152587890625</ele>
        <time>2026-09-19T07:23:44.000Z</time>
        <extensions>
          <ns3:TrackPointExtension>
            <ns3:hr>114</ns3:hr>
            <ns3:cad>45</ns3:cad>
          </ns3:TrackPointExtension>
        </extensions>
      </trkpt>
      <trkpt lat="24.49131689965724945068359375" lon="117.9675556719303131103515625">
        <ele>57.40000152587890625</ele>
        <time>2026-09-19T07:23:45.000Z</time>
        <extensions>
          <ns3:TrackPointExtension>
            <ns3:hr>114</ns3:hr>
            <ns3:cad>44</ns3:cad>
          </ns3:TrackPointExtension>
        </extensions>
      </trkpt>
      <trkpt lat="24.49131882749497890472412109375" lon="117.96755994670093059539794921875">
        <ele>57.59999847412109375</ele>
        <time>2026-09-19T07:23:46.000Z</time>
        <extensions>
          <ns3:TrackPointExtension>
            <ns3:hr>114</ns3:hr>
            <ns3:cad>0</ns3:cad>
          </ns3:TrackPointExtension>
        </extensions>
      </trkpt>
      <trkpt lat="24.4913214258849620819091796875" lon="117.967562712728977203369140625">
        <ele>57.59999847412109375</ele>
        <time>2026-09-19T07:23:47.000Z</time>
        <extensions>
          <ns3:TrackPointExtension>
            <ns3:hr>115</ns3:hr>
            <ns3:cad>0</ns3:cad>
          </ns3:TrackPointExtension>
        </extensions>
      </trkpt>
      <trkpt lat="24.4913288019597530364990234375" lon="117.96756816096603870391845703125">
        <ele>57.799999237060546875</ele>
        <time>2026-09-19T07:23:48.000Z</time>
        <extensions>
          <ns3:TrackPointExtension>
            <ns3:hr>117</ns3:hr>
            <ns3:cad>0</ns3:cad>
          </ns3:TrackPointExtension>
        </extensions>
      </trkpt>
      <trkpt lat="24.491336010396480560302734375" lon="117.96757536940276622772216796875">
        <ele>58</ele>
        <time>2026-09-19T07:23:49.000Z</time>
        <extensions>
          <ns3:TrackPointExtension>
            <ns3:hr>117</ns3:hr>
            <ns3:cad>0</ns3:cad>
          </ns3:TrackPointExtension>
        </extensions>
      </trkpt>
      <trkpt lat="24.49134196154773235321044921875" lon="117.96758106909692287445068359375">
        <ele>58</ele>
        <time>2026-09-19T07:23:50.000Z</time>
        <extensions>
          <ns3:TrackPointExtension>
            <ns3:hr>118</ns3:hr>
            <ns3:cad>0</ns3:cad>
          </ns3:TrackPointExtension>
        </extensions>
      </trkpt>
      <trkpt lat="24.49134866707026958465576171875" lon="117.967590875923633575439453125">
        <ele>58.200000762939453125</ele>
        <time>2026-09-19T07:23:51.000Z</time>
        <extensions>
          <ns3:TrackPointExtension>
            <ns3:hr>119</ns3:hr>
            <ns3:cad>0</ns3:cad>
          </ns3:TrackPointExtension>
        </extensions>
      </trkpt>
      <trkpt lat="24.49135579168796539306640625" lon="117.96760168857872486114501953125">
        <ele>58.200000762939453125</ele>
        <time>2026-09-19T07:23:52.000Z</time>
        <extensions>
          <ns3:TrackPointExtension>
            <ns3:hr>120</ns3:hr>
            <ns3:cad>47</ns3:cad>
          </ns3:TrackPointExtension>
        </extensions>
      </trkpt>
      <trkpt lat="24.49136383831501007080078125" lon="117.96761258505284786224365234375">
        <ele>58.40000152587890625</ele>
        <time>2026-09-19T07:23:53.000Z</time>
        <extensions>
          <ns3:TrackPointExtension>
            <ns3:hr>120</ns3:hr>
            <ns3:cad>47</ns3:cad>
          </ns3:TrackPointExtension>
        </extensions>
      </trkpt>
      <trkpt lat="24.49136928655207157135009765625" lon="117.9676225595176219940185546875">
        <ele>58.59999847412109375</ele>
        <time>2026-09-19T07:23:54.000Z</time>
        <extensions>
          <ns3:TrackPointExtension>
            <ns3:hr>121</ns3:hr>
            <ns3:cad>44</ns3:cad>
          </ns3:TrackPointExtension>
        </extensions>
      </trkpt>
      <trkpt lat="24.49137683026492595672607421875" lon="117.967632450163364410400390625">
        <ele>58.59999847412109375</ele>
        <time>2026-09-19T07:23:55.000Z</time>
        <extensions>
          <ns3:TrackPointExtension>
            <ns3:hr>121</ns3:hr>
            <ns3:cad>44</ns3:cad>
          </ns3:TrackPointExtension>
        </extensions>
      </trkpt>
      <trkpt lat="24.49138554744422435760498046875" lon="117.96764225699007511138916015625">
        <ele>58.799999237060546875</ele>
        <time>2026-09-19T07:23:56.000Z</time>
        <extensions>
          <ns3:TrackPointExtension>
            <ns3:hr>121</ns3:hr>
            <ns3:cad>47</ns3:cad>
          </ns3:TrackPointExtension>
        </extensions>
      </trkpt>
      <trkpt lat="24.4913938455283641815185546875" lon="117.9676493816077709197998046875">
        <ele>59</ele>
        <time>2026-09-19T07:23:57.000Z</time>
        <extensions>
          <ns3:TrackPointExtension>
            <ns3:hr>121</ns3:hr>
            <ns3:cad>47</ns3:cad>
          </ns3:TrackPointExtension>
        </extensions>
      </trkpt>
      <trkpt lat="24.49140566401183605194091796875" lon="117.96765902079641819000244140625">
        <ele>59.200000762939453125</ele>
        <time>2026-09-19T07:23:58.000Z</time>
        <extensions>
          <ns3:TrackPointExtension>
            <ns3:hr>121</ns3:hr>
            <ns3:cad>47</ns3:cad>
          </ns3:TrackPointExtension>
        </extensions>
      </trkpt>
      <trkpt lat="24.4914173148572444915771484375" lon="117.96766404993832111358642578125">
        <ele>59.200000762939453125</ele>
        <time>2026-09-19T07:23:59.000Z</time>
        <extensions>
          <ns3:TrackPointExtension>
            <ns3:hr>122</ns3:hr>
            <ns3:cad>48</ns3:cad>
          </ns3:TrackPointExtension>
        </extensions>
      </trkpt>
      <trkpt lat="24.4914270378649234771728515625" lon="117.9676684923470020294189453125">
        <ele>59.40000152587890625</ele>
        <time>2026-09-19T07:24:00.000Z</time>
        <extensions>
          <ns3:TrackPointExtension>
            <ns3:hr>122</ns3:hr>
            <ns3:cad>48</ns3:cad>
          </ns3:TrackPointExtension>
        </extensions>
      </trkpt>
      <trkpt lat="24.49143650941550731658935546875" lon="117.96767410822212696075439453125">
        <ele>59.59999847412109375</ele>
        <time>2026-09-19T07:24:01.000Z</time>
        <extensions>
          <ns3:TrackPointExtension>
            <ns3:hr>123</ns3:hr>
            <ns3:cad>48</ns3:cad>
          </ns3:TrackPointExtension>
        </extensions>
      </trkpt>
      <trkpt lat="24.4914448074996471405029296875" lon="117.96768106520175933837890625">
        <ele>59.799999237060546875</ele>
        <time>2026-09-19T07:24:02.000Z</time>
        <extensions>
          <ns3:TrackPointExtension>
            <ns3:hr>125</ns3:hr>
            <ns3:cad>48</ns3:cad>
          </ns3:TrackPointExtension>
        </extensions>
      </trkpt>
      <trkpt lat="24.4914557039737701416015625" lon="117.96768668107688426971435546875">
        <ele>59.799999237060546875</ele>
        <time>2026-09-19T07:24:03.000Z</time>
        <extensions>
          <ns3:TrackPointExtension>
            <ns3:hr>125</ns3:hr>
            <ns3:cad>48</ns3:cad>
          </ns3:TrackPointExtension>
        </extensions>
      </trkpt>
      <trkpt lat="24.4914645887911319732666015625" lon="117.9676897823810577392578125">
        <ele>60</ele>
        <time>2026-09-19T07:24:04.000Z</time>
        <extensions>
          <ns3:TrackPointExtension>
            <ns3:hr>126</ns3:hr>
            <ns3:cad>49</ns3:cad>
          </ns3:TrackPointExtension>
        </extensions>
      </trkpt>
      <trkpt lat="24.49147288687527179718017578125" lon="117.96769171021878719329833984375">
        <ele>60.200000762939453125</ele>
        <time>2026-09-19T07:24:05.000Z</time>
        <extensions>
          <ns3:TrackPointExtension>
            <ns3:hr>127</ns3:hr>
            <ns3:cad>49</ns3:cad>
          </ns3:TrackPointExtension>
        </extensions>
      </trkpt>
      <trkpt lat="24.4914783351123332977294921875" lon="117.967696487903594970703125">
        <ele>60.200000762939453125</ele>
        <time>2026-09-19T07:24:06.000Z</time>
        <extensions>
          <ns3:TrackPointExtension>
            <ns3:hr>127</ns3:hr>
            <ns3:cad>49</ns3:cad>
          </ns3:TrackPointExtension>
        </extensions>
      </trkpt>
      <trkpt lat="24.49148780666291713714599609375" lon="117.9677030257880687713623046875">
        <ele>60.40000152587890625</ele>
        <time>2026-09-19T07:24:07.000Z</time>
        <extensions>
          <ns3:TrackPointExtension>
            <ns3:hr>128</ns3:hr>
            <ns3:cad>49</ns3:cad>
          </ns3:TrackPointExtension>
        </extensions>
      </trkpt>
      <trkpt lat="24.49149887077510356903076171875" lon="117.9677077196538448333740234375">
        <ele>60.59999847412109375</ele>
        <time>2026-09-19T07:24:08.000Z</time>
        <extensions>
          <ns3:TrackPointExtension>
            <ns3:hr>127</ns3:hr>
            <ns3:cad>49</ns3:cad>
          </ns3:TrackPointExtension>
        </extensions>
      </trkpt>
      <trkpt lat="24.4915064983069896697998046875" lon="117.9677110724151134490966796875">
        <ele>60.799999237060546875</ele>
        <time>2026-09-19T07:24:09.000Z</time>
        <extensions>
          <ns3:TrackPointExtension>
            <ns3:hr>127</ns3:hr>
            <ns3:cad>49</ns3:cad>
          </ns3:TrackPointExtension>
        </extensions>
      </trkpt>
      <trkpt lat="24.49151261709630489349365234375" lon="117.9677140899002552032470703125">
        <ele>60.799999237060546875</ele>
        <time>2026-09-19T07:24:10.000Z</time>
        <extensions>
          <ns3:TrackPointExtension>
            <ns3:hr>127</ns3:hr>
            <ns3:cad>49</ns3:cad>
          </ns3:TrackPointExtension>
        </extensions>
      </trkpt>
      <trkpt lat="24.49152208864688873291015625" lon="117.967716939747333526611328125">
        <ele>61</ele>
        <time>2026-09-19T07:24:11.000Z</time>
        <extensions>
          <ns3:TrackPointExtension>
            <ns3:hr>127</ns3:hr>
            <ns3:cad>47</ns3:cad>
          </ns3:TrackPointExtension>
        </extensions>
      </trkpt>
      <trkpt lat="24.49152921326458454132080078125" lon="117.967719621956348419189453125">
        <ele>61.200000762939453125</ele>
        <time>2026-09-19T07:24:12.000Z</time>
        <extensions>
          <ns3:TrackPointExtension>
            <ns3:hr>126</ns3:hr>
            <ns3:cad>47</ns3:cad>
          </ns3:TrackPointExtension>
        </extensions>
      </trkpt>
      <trkpt lat="24.49153508059680461883544921875" lon="117.9677207954227924346923828125">
        <ele>61.40000152587890625</ele>
        <time>2026-09-19T07:24:13.000Z</time>
        <extensions>
          <ns3:TrackPointExtension>
            <ns3:hr>127</ns3:hr>
            <ns3:cad>46</ns3:cad>
          </ns3:TrackPointExtension>
        </extensions>
      </trkpt>
      <trkpt lat="24.49154220521450042724609375" lon="117.96772808767855167388916015625">
        <ele>61.59999847412109375</ele>
        <time>2026-09-19T07:24:14.000Z</time>
        <extensions>
          <ns3:TrackPointExtension>
            <ns3:hr>127</ns3:hr>
            <ns3:cad>46</ns3:cad>
          </ns3:TrackPointExtension>
        </extensions>
      </trkpt>
      <trkpt lat="24.49154899455606937408447265625" lon="117.967724315822124481201171875">
        <ele>61.799999237060546875</ele>
        <time>2026-09-19T07:24:15.000Z</time>
        <extensions>
          <ns3:TrackPointExtension>
            <ns3:hr>126</ns3:hr>
            <ns3:cad>46</ns3:cad>
          </ns3:TrackPointExtension>
        </extensions>
      </trkpt>
      <trkpt lat="24.49155754409730434417724609375" lon="117.967729009687900543212890625">
        <ele>62</ele>
        <time>2026-09-19T07:24:16.000Z</time>
        <extensions>
          <ns3:TrackPointExtension>
            <ns3:hr>127</ns3:hr>
            <ns3:cad>45</ns3:cad>
          </ns3:TrackPointExtension>
        </extensions>
      </trkpt>
      <trkpt lat="24.4915608130395412445068359375" lon="117.96772406436502933502197265625">
        <ele>62.200000762939453125</ele>
        <time>2026-09-19T07:24:17.000Z</time>
        <extensions>
          <ns3:TrackPointExtension>
            <ns3:hr>126</ns3:hr>
            <ns3:cad>42</ns3:cad>
          </ns3:TrackPointExtension>
        </extensions>
      </trkpt>
      <trkpt lat="24.49157305061817169189453125" lon="117.96772708185017108917236328125">
        <ele>62.40000152587890625</ele>
        <time>2026-09-19T07:24:18.000Z</time>
        <extensions>
          <ns3:TrackPointExtension>
            <ns3:hr>126</ns3:hr>
            <ns3:cad>42</ns3:cad>
          </ns3:TrackPointExtension>
        </extensions>
      </trkpt>
      <trkpt lat="24.49158855713903903961181640625" lon="117.96772934496402740478515625">
        <ele>62.59999847412109375</ele>
        <time>2026-09-19T07:24:19.000Z</time>
        <extensions>
          <ns3:TrackPointExtension>
            <ns3:hr>126</ns3:hr>
            <ns3:cad>48</ns3:cad>
          </ns3:TrackPointExtension>
        </extensions>
      </trkpt>
      <trkpt lat="24.4916027225553989410400390625" lon="117.96773009933531284332275390625">
        <ele>62.799999237060546875</ele>
        <time>2026-09-19T07:24:20.000Z</time>
        <extensions>
          <ns3:TrackPointExtension>
            <ns3:hr>126</ns3:hr>
            <ns3:cad>48</ns3:cad>
          </ns3:TrackPointExtension>
        </extensions>
      </trkpt>
      <trkpt lat="24.4916147924959659576416015625" lon="117.9677326977252960205078125">
        <ele>63</ele>
        <time>2026-09-19T07:24:21.000Z</time>
        <extensions>
          <ns3:TrackPointExtension>
            <ns3:hr>126</ns3:hr>
            <ns3:cad>48</ns3:cad>
          </ns3:TrackPointExtension>
        </extensions>
      </trkpt>
      <trkpt lat="24.4916305504739284515380859375" lon="117.96773429028689861297607421875">
        <ele>63</ele>
        <time>2026-09-19T07:24:22.000Z</time>
        <extensions>
          <ns3:TrackPointExtension>
            <ns3:hr>126</ns3:hr>
            <ns3:cad>48</ns3:cad>
          </ns3:TrackPointExtension>
        </extensions>
      </trkpt>
      <trkpt lat="24.4916416145861148834228515625" lon="117.96773412264883518218994140625">
        <ele>63.200000762939453125</ele>
        <time>2026-09-19T07:24:23.000Z</time>
        <extensions>
          <ns3:TrackPointExtension>
            <ns3:hr>127</ns3:hr>
            <ns3:cad>48</ns3:cad>
          </ns3:TrackPointExtension>
        </extensions>
      </trkpt>
      <trkpt lat="24.4916560314595699310302734375" lon="117.96773135662078857421875">
        <ele>63.200000762939453125</ele>
        <time>2026-09-19T07:24:24.000Z</time>
        <extensions>
          <ns3:TrackPointExtension>
            <ns3:hr>127</ns3:hr>
            <ns3:cad>46</ns3:cad>
          </ns3:TrackPointExtension>
        </extensions>
      </trkpt>
      <trkpt lat="24.49166801758110523223876953125" lon="117.96772775240242481231689453125">
        <ele>63.40000152587890625</ele>
        <time>2026-09-19T07:24:25.000Z</time>
        <extensions>
          <ns3:TrackPointExtension>
            <ns3:hr>127</ns3:hr>
            <ns3:cad>46</ns3:cad>
          </ns3:TrackPointExtension>
        </extensions>
      </trkpt>
      <trkpt lat="24.49168059043586254119873046875" lon="117.96772238798439502716064453125">
        <ele>63.59999847412109375</ele>
        <time>2026-09-19T07:24:26.000Z</time>
        <extensions>
          <ns3:TrackPointExtension>
            <ns3:hr>128</ns3:hr>
            <ns3:cad>46</ns3:cad>
          </ns3:TrackPointExtension>
        </extensions>
      </trkpt>
      <trkpt lat="24.4916902296245098114013671875" lon="117.96771937049925327301025390625">
        <ele>63.59999847412109375</ele>
        <time>2026-09-19T07:24:27.000Z</time>
        <extensions>
          <ns3:TrackPointExtension>
            <ns3:hr>128</ns3:hr>
            <ns3:cad>49</ns3:cad>
          </ns3:TrackPointExtension>
        </extensions>
      </trkpt>
      <trkpt lat="24.49169651605188846588134765625" lon="117.967715598642826080322265625">
        <ele>63.799999237060546875</ele>
        <time>2026-09-19T07:24:28.000Z</time>
        <extensions>
          <ns3:TrackPointExtension>
            <ns3:hr>128</ns3:hr>
            <ns3:cad>50</ns3:cad>
          </ns3:TrackPointExtension>
        </extensions>
      </trkpt>
      <trkpt lat="24.49170305393636226654052734375" lon="117.96770989894866943359375">
        <ele>63.799999237060546875</ele>
        <time>2026-09-19T07:24:29.000Z</time>
        <extensions>
          <ns3:TrackPointExtension>
            <ns3:hr>128</ns3:hr>
            <ns3:cad>50</ns3:cad>
          </ns3:TrackPointExtension>
        </extensions>
      </trkpt>
      <trkpt lat="24.4917106814682483673095703125" lon="117.9677030257880687713623046875">
        <ele>64</ele>
        <time>2026-09-19T07:24:30.000Z</time>
        <extensions>
          <ns3:TrackPointExtension>
            <ns3:hr>129</ns3:hr>
            <ns3:cad>49</ns3:cad>
          </ns3:TrackPointExtension>
        </extensions>
      </trkpt>
      <trkpt lat="24.491718895733356475830078125" lon="117.96769774518907070159912109375">
        <ele>64.1999969482421875</ele>
        <time>2026-09-19T07:24:31.000Z</time>
        <extensions>
          <ns3:TrackPointExtension>
            <ns3:hr>130</ns3:hr>
            <ns3:cad>49</ns3:cad>
          </ns3:TrackPointExtension>
        </extensions>
      </trkpt>
      <trkpt lat="24.49173088185489177703857421875" lon="117.9676933027803897857666015625">
        <ele>64.40000152587890625</ele>
        <time>2026-09-19T07:24:32.000Z</time>
        <extensions>
          <ns3:TrackPointExtension>
            <ns3:hr>130</ns3:hr>
            <ns3:cad>48</ns3:cad>
          </ns3:TrackPointExtension>
        </extensions>
      </trkpt>
      <trkpt lat="24.491741694509983062744140625" lon="117.9676902852952480316162109375">
        <ele>64.59999847412109375</ele>
        <time>2026-09-19T07:24:33.000Z</time>
        <extensions>
          <ns3:TrackPointExtension>
            <ns3:hr>131</ns3:hr>
            <ns3:cad>48</ns3:cad>
          </ns3:TrackPointExtension>
        </extensions>
      </trkpt>
      <trkpt lat="24.49174613691866397857666015625" lon="117.9676889441907405853271484375">
        <ele>64.59999847412109375</ele>
        <time>2026-09-19T07:24:34.000Z</time>
        <extensions>
          <ns3:TrackPointExtension>
            <ns3:hr>131</ns3:hr>
            <ns3:cad>49</ns3:cad>
          </ns3:TrackPointExtension>
        </extensions>
      </trkpt>
      <trkpt lat="24.49174873530864715576171875" lon="117.96768374741077423095703125">
        <ele>64.8000030517578125</ele>
        <time>2026-09-19T07:24:35.000Z</time>
        <extensions>
          <ns3:TrackPointExtension>
            <ns3:hr>131</ns3:hr>
            <ns3:cad>50</ns3:cad>
          </ns3:TrackPointExtension>
        </extensions>
      </trkpt>
      <trkpt lat="24.49175954796373844146728515625" lon="117.96767762862145900726318359375">
        <ele>65</ele>
        <time>2026-09-19T07:24:36.000Z</time>
        <extensions>
          <ns3:TrackPointExtension>
            <ns3:hr>131</ns3:hr>
            <ns3:cad>50</ns3:cad>
          </ns3:TrackPointExtension>
        </extensions>
      </trkpt>
      <trkpt lat="24.49177396483719348907470703125" lon="117.96766924671828746795654296875">
        <ele>65</ele>
        <time>2026-09-19T07:24:37.000Z</time>
        <extensions>
          <ns3:TrackPointExtension>
            <ns3:hr>131</ns3:hr>
            <ns3:cad>49</ns3:cad>
          </ns3:TrackPointExtension>
        </extensions>
      </trkpt>
      <trkpt lat="24.4917804189026355743408203125" lon="117.96766472049057483673095703125">
        <ele>65</ele>
        <time>2026-09-19T07:24:38.000Z</time>
        <extensions>
          <ns3:TrackPointExtension>
            <ns3:hr>131</ns3:hr>
            <ns3:cad>49</ns3:cad>
          </ns3:TrackPointExtension>
        </extensions>
      </trkpt>
      <trkpt lat="24.4917837716639041900634765625" lon="117.9676594398915767669677734375">
        <ele>65.1999969482421875</ele>
        <time>2026-09-19T07:24:39.000Z</time>
        <extensions>
          <ns3:TrackPointExtension>
            <ns3:hr>131</ns3:hr>
            <ns3:cad>49</ns3:cad>
          </ns3:TrackPointExtension>
        </extensions>
      </trkpt>
      <trkpt lat="24.4917882978916168212890625" lon="117.96765298582613468170166015625">
        <ele>65.40000152587890625</ele>
        <time>2026-09-19T07:24:40.000Z</time>
        <extensions>
          <ns3:TrackPointExtension>
            <ns3:hr>131</ns3:hr>
            <ns3:cad>46</ns3:cad>
          </ns3:TrackPointExtension>
        </extensions>
      </trkpt>
      <trkpt lat="24.49180128984153270721435546875" lon="117.96765424311161041259765625">
        <ele>65.40000152587890625</ele>
        <time>2026-09-19T07:24:41.000Z</time>
        <extensions>
          <ns3:TrackPointExtension>
            <ns3:hr>132</ns3:hr>
            <ns3:cad>46</ns3:cad>
          </ns3:TrackPointExtension>
        </extensions>
      </trkpt>
      <trkpt lat="24.49181688018143177032470703125" lon="117.9676575958728790283203125">
        <ele>65.59999847412109375</ele>
        <time>2026-09-19T07:24:42.000Z</time>
        <extensions>
          <ns3:TrackPointExtension>
            <ns3:hr>132</ns3:hr>
            <ns3:cad>46</ns3:cad>
          </ns3:TrackPointExtension>
        </extensions>
      </trkpt>
      <trkpt lat="24.49182777665555477142333984375" lon="117.96765952371060848236083984375">
        <ele>65.8000030517578125</ele>
        <time>2026-09-19T07:24:43.000Z</time>
        <extensions>
          <ns3:TrackPointExtension>
            <ns3:hr>132</ns3:hr>
            <ns3:cad>48</ns3:cad>
          </ns3:TrackPointExtension>
        </extensions>
      </trkpt>
      <trkpt lat="24.49183196760714054107666015625" lon="117.96765851788222789764404296875">
        <ele>66</ele>
        <time>2026-09-19T07:24:44.000Z</time>
        <extensions>
          <ns3:TrackPointExtension>
            <ns3:hr>132</ns3:hr>
            <ns3:cad>50</ns3:cad>
          </ns3:TrackPointExtension>
        </extensions>
      </trkpt>
      <trkpt lat="24.49184127151966094970703125" lon="117.96766120009124279022216796875">
        <ele>66.1999969482421875</ele>
        <time>2026-09-19T07:24:45.000Z</time>
        <extensions>
          <ns3:TrackPointExtension>
            <ns3:hr>132</ns3:hr>
            <ns3:cad>50</ns3:cad>
          </ns3:TrackPointExtension>
        </extensions>
      </trkpt>
      <trkpt lat="24.4918501563370227813720703125" lon="117.9676614515483379364013671875">
        <ele>66.40000152587890625</ele>
        <time>2026-09-19T07:24:46.000Z</time>
        <extensions>
          <ns3:TrackPointExtension>
            <ns3:hr>132</ns3:hr>
            <ns3:cad>48</ns3:cad>
          </ns3:TrackPointExtension>
        </extensions>
      </trkpt>
      <trkpt lat="24.49186432175338268280029296875" lon="117.967661283910274505615234375">
        <ele>66.59999847412109375</ele>
        <time>2026-09-19T07:24:47.000Z</time>
        <extensions>
          <ns3:TrackPointExtension>
            <ns3:hr>132</ns3:hr>
            <ns3:cad>48</ns3:cad>
          </ns3:TrackPointExtension>
        </extensions>
      </trkpt>
      <trkpt lat="24.4918722845613956451416015625" lon="117.96766639687120914459228515625">
        <ele>66.59999847412109375</ele>
        <time>2026-09-19T07:24:48.000Z</time>
        <extensions>
          <ns3:TrackPointExtension>
            <ns3:hr>131</ns3:hr>
            <ns3:cad>47</ns3:cad>
          </ns3:TrackPointExtension>
        </extensions>
      </trkpt>
      <trkpt lat="24.4918806664645671844482421875" lon="117.96766765415668487548828125">
        <ele>66.59999847412109375</ele>
        <time>2026-09-19T07:24:49.000Z</time>
        <extensions>
          <ns3:TrackPointExtension>
            <ns3:hr>131</ns3:hr>
            <ns3:cad>45</ns3:cad>
          </ns3:TrackPointExtension>
        </extensions>
      </trkpt>
      <trkpt lat="24.49189533479511737823486328125" lon="117.96767226420342922210693359375">
        <ele>66.59999847412109375</ele>
        <time>2026-09-19T07:24:50.000Z</time>
        <extensions>
          <ns3:TrackPointExtension>
            <ns3:hr>132</ns3:hr>
            <ns3:cad>45</ns3:cad>
          </ns3:TrackPointExtension>
        </extensions>
      </trkpt>
      <trkpt lat="24.49191159568727016448974609375" lon="117.9676778800785541534423828125">
        <ele>66.59999847412109375</ele>
        <time>2026-09-19T07:24:51.000Z</time>
        <extensions>
          <ns3:TrackPointExtension>
            <ns3:hr>133</ns3:hr>
            <ns3:cad>45</ns3:cad>
          </ns3:TrackPointExtension>
        </extensions>
      </trkpt>
      <trkpt lat="24.4919276051223278045654296875" lon="117.96768114902079105377197265625">
        <ele>66.59999847412109375</ele>
        <time>2026-09-19T07:24:52.000Z</time>
        <extensions>
          <ns3:TrackPointExtension>
            <ns3:hr>133</ns3:hr>
            <ns3:cad>45</ns3:cad>
          </ns3:TrackPointExtension>
        </extensions>
      </trkpt>
      <trkpt lat="24.49194076471030712127685546875" lon="117.96767980791628360748291015625">
        <ele>66.59999847412109375</ele>
        <time>2026-09-19T07:24:53.000Z</time>
        <extensions>
          <ns3:TrackPointExtension>
            <ns3:hr>133</ns3:hr>
            <ns3:cad>45</ns3:cad>
          </ns3:TrackPointExtension>
        </extensions>
      </trkpt>
      <trkpt lat="24.49194964952766895294189453125" lon="117.9676825739443302154541015625">
        <ele>66.59999847412109375</ele>
        <time>2026-09-19T07:24:54.000Z</time>
        <extensions>
          <ns3:TrackPointExtension>
            <ns3:hr>132</ns3:hr>
            <ns3:cad>45</ns3:cad>
          </ns3:TrackPointExtension>
        </extensions>
      </trkpt>
      <trkpt lat="24.491954259574413299560546875" lon="117.9676785506308078765869140625">
        <ele>66.8000030517578125</ele>
        <time>2026-09-19T07:24:55.000Z</time>
        <extensions>
          <ns3:TrackPointExtension>
            <ns3:hr>132</ns3:hr>
            <ns3:cad>45</ns3:cad>
          </ns3:TrackPointExtension>
        </extensions>
      </trkpt>
      <trkpt lat="24.491966664791107177734375" lon="117.9676825739443302154541015625">
        <ele>66.8000030517578125</ele>
        <time>2026-09-19T07:24:56.000Z</time>
        <extensions>
          <ns3:TrackPointExtension>
            <ns3:hr>132</ns3:hr>
            <ns3:cad>50</ns3:cad>
          </ns3:TrackPointExtension>
        </extensions>
      </trkpt>
      <trkpt lat="24.4919839315116405487060546875" lon="117.96768802218139171600341796875">
        <ele>66.8000030517578125</ele>
        <time>2026-09-19T07:24:57.000Z</time>
        <extensions>
          <ns3:TrackPointExtension>
            <ns3:hr>132</ns3:hr>
            <ns3:cad>50</ns3:cad>
          </ns3:TrackPointExtension>
        </extensions>
      </trkpt>
      <trkpt lat="24.4919993542134761810302734375" lon="117.9676956497132778167724609375">
        <ele>66.8000030517578125</ele>
        <time>2026-09-19T07:24:58.000Z</time>
        <extensions>
          <ns3:TrackPointExtension>
            <ns3:hr>131</ns3:hr>
            <ns3:cad>51</ns3:cad>
          </ns3:TrackPointExtension>
        </extensions>
      </trkpt>
      <trkpt lat="24.49200865812599658966064453125" lon="117.96770059503614902496337890625">
        <ele>66.8000030517578125</ele>
        <time>2026-09-19T07:24:59.000Z</time>
        <extensions>
          <ns3:TrackPointExtension>
            <ns3:hr>131</ns3:hr>
            <ns3:cad>51</ns3:cad>
          </ns3:TrackPointExtension>
        </extensions>
      </trkpt>
      <trkpt lat="24.49201159179210662841796875" lon="117.96770042739808559417724609375">
        <ele>67</ele>
        <time>2026-09-19T07:25:00.000Z</time>
        <extensions>
          <ns3:TrackPointExtension>
            <ns3:hr>131</ns3:hr>
            <ns3:cad>49</ns3:cad>
          </ns3:TrackPointExtension>
        </extensions>
      </trkpt>
      <trkpt lat="24.49201704002916812896728515625" lon="117.9677010141313076019287109375">
        <ele>67</ele>
        <time>2026-09-19T07:25:01.000Z</time>
        <extensions>
          <ns3:TrackPointExtension>
            <ns3:hr>132</ns3:hr>
            <ns3:cad>49</ns3:cad>
          </ns3:TrackPointExtension>
        </extensions>
      </trkpt>
      <trkpt lat="24.4920270144939422607421875" lon="117.9677085578441619873046875">
        <ele>67</ele>
        <time>2026-09-19T07:25:02.000Z</time>
        <extensions>
          <ns3:TrackPointExtension>
            <ns3:hr>131</ns3:hr>
            <ns3:cad>49</ns3:cad>
          </ns3:TrackPointExtension>
        </extensions>
      </trkpt>
      <trkpt lat="24.49203833006322383880615234375" lon="117.967720292508602142333984375">
        <ele>67</ele>
        <time>2026-09-19T07:25:03.000Z</time>
        <extensions>
          <ns3:TrackPointExtension>
            <ns3:hr>131</ns3:hr>
            <ns3:cad>49</ns3:cad>
          </ns3:TrackPointExtension>
        </extensions>
      </trkpt>
      <trkpt lat="24.49204788543283939361572265625" lon="117.9677273333072662353515625">
        <ele>67.1999969482421875</ele>
        <time>2026-09-19T07:25:04.000Z</time>
        <extensions>
          <ns3:TrackPointExtension>
            <ns3:hr>130</ns3:hr>
            <ns3:cad>49</ns3:cad>
          </ns3:TrackPointExtension>
        </extensions>
      </trkpt>
      <trkpt lat="24.49205609969794750213623046875" lon="117.9677325300872325897216796875">
        <ele>67.1999969482421875</ele>
        <time>2026-09-19T07:25:05.000Z</time>
        <extensions>
          <ns3:TrackPointExtension>
            <ns3:hr>130</ns3:hr>
            <ns3:cad>49</ns3:cad>
          </ns3:TrackPointExtension>
        </extensions>
      </trkpt>
      <trkpt lat="24.4920573569834232330322265625" lon="117.96773781068623065948486328125">
        <ele>67.40000152587890625</ele>
        <time>2026-09-19T07:25:06.000Z</time>
        <extensions>
          <ns3:TrackPointExtension>
            <ns3:hr>130</ns3:hr>
            <ns3:cad>48</ns3:cad>
          </ns3:TrackPointExtension>
        </extensions>
      </trkpt>
      <trkpt lat="24.49206464923918247222900390625" lon="117.9677461087703704833984375">
        <ele>67.40000152587890625</ele>
        <time>2026-09-19T07:25:07.000Z</time>
        <extensions>
          <ns3:TrackPointExtension>
            <ns3:hr>130</ns3:hr>
            <ns3:cad>51</ns3:cad>
          </ns3:TrackPointExtension>
        </extensions>
      </trkpt>
      <trkpt lat="24.49207873083651065826416015625" lon="117.9677533172070980072021484375">
        <ele>67.59999847412109375</ele>
        <time>2026-09-19T07:25:08.000Z</time>
        <extensions>
          <ns3:TrackPointExtension>
            <ns3:hr>130</ns3:hr>
            <ns3:cad>51</ns3:cad>
          </ns3:TrackPointExtension>
        </extensions>
      </trkpt>
      <trkpt lat="24.49209381826221942901611328125" lon="117.967758513987064361572265625">
        <ele>67.8000030517578125</ele>
        <time>2026-09-19T07:25:09.000Z</time>
        <extensions>
          <ns3:TrackPointExtension>
            <ns3:hr>130</ns3:hr>
            <ns3:cad>51</ns3:cad>
          </ns3:TrackPointExtension>
        </extensions>
      </trkpt>
      <trkpt lat="24.4921063072979450225830078125" lon="117.96776287257671356201171875">
        <ele>67.8000030517578125</ele>
        <time>2026-09-19T07:25:10.000Z</time>
        <extensions>
          <ns3:TrackPointExtension>
            <ns3:hr>129</ns3:hr>
            <ns3:cad>51</ns3:cad>
          </ns3:TrackPointExtension>
        </extensions>
      </trkpt>
      <trkpt lat="24.49211225844919681549072265625" lon="117.9677670635282993316650390625">
        <ele>68</ele>
        <time>2026-09-19T07:25:11.000Z</time>
        <extensions>
          <ns3:TrackPointExtension>
            <ns3:hr>127</ns3:hr>
            <ns3:cad>51</ns3:cad>
          </ns3:TrackPointExtension>
        </extensions>
      </trkpt>
      <trkpt lat="24.49211879633367061614990234375" lon="117.96776446513831615447998046875">
        <ele>68</ele>
        <time>2026-09-19T07:25:12.000Z</time>
        <extensions>
          <ns3:TrackPointExtension>
            <ns3:hr>127</ns3:hr>
            <ns3:cad>48</ns3:cad>
          </ns3:TrackPointExtension>
        </extensions>
      </trkpt>
      <trkpt lat="24.4921324588358402252197265625" lon="117.967761866748332977294921875">
        <ele>68.1999969482421875</ele>
        <time>2026-09-19T07:25:13.000Z</time>
        <extensions>
          <ns3:TrackPointExtension>
            <ns3:hr>127</ns3:hr>
            <ns3:cad>48</ns3:cad>
          </ns3:TrackPointExtension>
        </extensions>
      </trkpt>
      <trkpt lat="24.49214167892932891845703125" lon="117.9677600227296352386474609375">
        <ele>68.40000152587890625</ele>
        <time>2026-09-19T07:25:14.000Z</time>
        <extensions>
          <ns3:TrackPointExtension>
            <ns3:hr>126</ns3:hr>
            <ns3:cad>48</ns3:cad>
          </ns3:TrackPointExtension>
        </extensions>
      </trkpt>
      <trkpt lat="24.4921525754034519195556640625" lon="117.96776027418673038482666015625">
        <ele>68.59999847412109375</ele>
        <time>2026-09-19T07:25:15.000Z</time>
        <extensions>
          <ns3:TrackPointExtension>
            <ns3:hr>126</ns3:hr>
            <ns3:cad>50</ns3:cad>
          </ns3:TrackPointExtension>
        </extensions>
      </trkpt>
      <trkpt lat="24.492156766355037689208984375" lon="117.96776010654866695404052734375">
        <ele>68.59999847412109375</ele>
        <time>2026-09-19T07:25:16.000Z</time>
        <extensions>
          <ns3:TrackPointExtension>
            <ns3:hr>125</ns3:hr>
            <ns3:cad>50</ns3:cad>
          </ns3:TrackPointExtension>
        </extensions>
      </trkpt>
      <trkpt lat="24.49215735308825969696044921875" lon="117.9677627049386501312255859375">
        <ele>68.8000030517578125</ele>
        <time>2026-09-19T07:25:17.000Z</time>
        <extensions>
          <ns3:TrackPointExtension>
            <ns3:hr>125</ns3:hr>
            <ns3:cad>0</ns3:cad>
          </ns3:TrackPointExtension>
        </extensions>
      </trkpt>
      <trkpt lat="24.49216808192431926727294921875" lon="117.96775884926319122314453125">
        <ele>68.8000030517578125</ele>
        <time>2026-09-19T07:25:18.000Z</time>
        <extensions>
          <ns3:TrackPointExtension>
            <ns3:hr>124</ns3:hr>
            <ns3:cad>0</ns3:cad>
          </ns3:TrackPointExtension>
        </extensions>
      </trkpt>
      <trkpt lat="24.4921881146728992462158203125" lon="117.96775792725384235382080078125">
        <ele>68.8000030517578125</ele>
        <time>2026-09-19T07:25:19.000Z</time>
        <extensions>
          <ns3:TrackPointExtension>
            <ns3:hr>124</ns3:hr>
            <ns3:cad>0</ns3:cad>
          </ns3:TrackPointExtension>
        </extensions>
      </trkpt>
      <trkpt lat="24.492202363908290863037109375" lon="117.96775616705417633056640625">
        <ele>68.8000030517578125</ele>
        <time>2026-09-19T07:25:20.000Z</time>
        <extensions>
          <ns3:TrackPointExtension>
            <ns3:hr>125</ns3:hr>
            <ns3:cad>0</ns3:cad>
          </ns3:TrackPointExtension>
        </extensions>
      </trkpt>
      <trkpt lat="24.4922109134495258331298828125" lon="117.96775239519774913787841796875">
        <ele>69</ele>
        <time>2026-09-19T07:25:21.000Z</time>
        <extensions>
          <ns3:TrackPointExtension>
            <ns3:hr>125</ns3:hr>
            <ns3:cad>0</ns3:cad>
          </ns3:TrackPointExtension>
        </extensions>
      </trkpt>
      <trkpt lat="24.4922196306288242340087890625" lon="117.96775080263614654541015625">
        <ele>69</ele>
        <time>2026-09-19T07:25:22.000Z</time>
        <extensions>
          <ns3:TrackPointExtension>
            <ns3:hr>125</ns3:hr>
            <ns3:cad>0</ns3:cad>
          </ns3:TrackPointExtension>
        </extensions>
      </trkpt>
      <trkpt lat="24.49222826398909091949462890625" lon="117.9677509702742099761962890625">
        <ele>69.1999969482421875</ele>
        <time>2026-09-19T07:25:23.000Z</time>
        <extensions>
          <ns3:TrackPointExtension>
            <ns3:hr>124</ns3:hr>
            <ns3:cad>0</ns3:cad>
          </ns3:TrackPointExtension>
        </extensions>
      </trkpt>
      <trkpt lat="24.49223446659743785858154296875" lon="117.96775088645517826080322265625">
        <ele>69.40000152587890625</ele>
        <time>2026-09-19T07:25:24.000Z</time>
        <extensions>
          <ns3:TrackPointExtension>
            <ns3:hr>124</ns3:hr>
            <ns3:cad>0</ns3:cad>
          </ns3:TrackPointExtension>
        </extensions>
      </trkpt>
      <trkpt lat="24.49223999865353107452392578125" lon="117.9677516408264636993408203125">
        <ele>69.59999847412109375</ele>
        <time>2026-09-19T07:25:25.000Z</time>
        <extensions>
          <ns3:TrackPointExtension>
            <ns3:hr>124</ns3:hr>
            <ns3:cad>0</ns3:cad>
          </ns3:TrackPointExtension>
        </extensions>
      </trkpt>
      <trkpt lat="24.49224955402314662933349609375" lon="117.96774803660809993743896484375">
        <ele>69.59999847412109375</ele>
        <time>2026-09-19T07:25:26.000Z</time>
        <extensions>
          <ns3:TrackPointExtension>
            <ns3:hr>124</ns3:hr>
            <ns3:cad>0</ns3:cad>
          </ns3:TrackPointExtension>
        </extensions>
      </trkpt>
      <trkpt lat="24.4922531582415103912353515625" lon="117.96774853952229022979736328125">
        <ele>69.8000030517578125</ele>
        <time>2026-09-19T07:25:27.000Z</time>
        <extensions>
          <ns3:TrackPointExtension>
            <ns3:hr>123</ns3:hr>
            <ns3:cad>0</ns3:cad>
          </ns3:TrackPointExtension>
        </extensions>
      </trkpt>
      <trkpt lat="24.49225877411663532257080078125" lon="117.96774418093264102935791015625">
        <ele>69.8000030517578125</ele>
        <time>2026-09-19T07:25:28.000Z</time>
        <extensions>
          <ns3:TrackPointExtension>
            <ns3:hr>123</ns3:hr>
            <ns3:cad>0</ns3:cad>
          </ns3:TrackPointExtension>
        </extensions>
      </trkpt>
      <trkpt lat="24.49226967059075832366943359375" lon="117.96773663721978664398193359375">
        <ele>69.8000030517578125</ele>
        <time>2026-09-19T07:25:29.000Z</time>
        <extensions>
          <ns3:TrackPointExtension>
            <ns3:hr>122</ns3:hr>
            <ns3:cad>0</ns3:cad>
          </ns3:TrackPointExtension>
        </extensions>
      </trkpt>
      <trkpt lat="24.4922816567122936248779296875" lon="117.967729680240154266357421875">
        <ele>69.59999847412109375</ele>
        <time>2026-09-19T07:25:30.000Z</time>
        <extensions>
          <ns3:TrackPointExtension>
            <ns3:hr>122</ns3:hr>
            <ns3:cad>0</ns3:cad>
          </ns3:TrackPointExtension>
        </extensions>
      </trkpt>
      <trkpt lat="24.492288865149021148681640625" lon="117.96772473491728305816650390625">
        <ele>69.59999847412109375</ele>
        <time>2026-09-19T07:25:31.000Z</time>
        <extensions>
          <ns3:TrackPointExtension>
            <ns3:hr>122</ns3:hr>
            <ns3:cad>0</ns3:cad>
          </ns3:TrackPointExtension>
        </extensions>
      </trkpt>
      <trkpt lat="24.49229297228157520294189453125" lon="117.967720292508602142333984375">
        <ele>69.59999847412109375</ele>
        <time>2026-09-19T07:25:32.000Z</time>
        <extensions>
          <ns3:TrackPointExtension>
            <ns3:hr>122</ns3:hr>
            <ns3:cad>0</ns3:cad>
          </ns3:TrackPointExtension>
        </extensions>
      </trkpt>
      <trkpt lat="24.49229322373867034912109375" lon="117.96772054396569728851318359375">
        <ele>69.59999847412109375</ele>
        <time>2026-09-19T07:25:33.000Z</time>
        <extensions>
          <ns3:TrackPointExtension>
            <ns3:hr>122</ns3:hr>
            <ns3:cad>44</ns3:cad>
          </ns3:TrackPointExtension>
        </extensions>
      </trkpt>
      <trkpt lat="24.4923114962875843048095703125" lon="117.9677134193480014801025390625">
        <ele>69.40000152587890625</ele>
        <time>2026-09-19T07:25:34.000Z</time>
        <extensions>
          <ns3:TrackPointExtension>
            <ns3:hr>122</ns3:hr>
            <ns3:cad>46</ns3:cad>
          </ns3:TrackPointExtension>
        </extensions>
      </trkpt>
      <trkpt lat="24.49232649989426136016845703125" lon="117.96771434135735034942626953125">
        <ele>69.40000152587890625</ele>
        <time>2026-09-19T07:25:35.000Z</time>
        <extensions>
          <ns3:TrackPointExtension>
            <ns3:hr>123</ns3:hr>
            <ns3:cad>46</ns3:cad>
          </ns3:TrackPointExtension>
        </extensions>
      </trkpt>
      <trkpt lat="24.4923376478254795074462890625" lon="117.96771450899541378021240234375">
        <ele>69.59999847412109375</ele>
        <time>2026-09-19T07:25:36.000Z</time>
        <extensions>
          <ns3:TrackPointExtension>
            <ns3:hr>123</ns3:hr>
            <ns3:cad>46</ns3:cad>
          </ns3:TrackPointExtension>
        </extensions>
      </trkpt>
      <trkpt lat="24.4923467002809047698974609375" lon="117.96771450899541378021240234375">
        <ele>69.59999847412109375</ele>
        <time>2026-09-19T07:25:37.000Z</time>
        <extensions>
          <ns3:TrackPointExtension>
            <ns3:hr>123</ns3:hr>
            <ns3:cad>47</ns3:cad>
          </ns3:TrackPointExtension>
        </extensions>
      </trkpt>
      <trkpt lat="24.49235633946955204010009765625" lon="117.96771450899541378021240234375">
        <ele>69.8000030517578125</ele>
        <time>2026-09-19T07:25:38.000Z</time>
        <extensions>
          <ns3:TrackPointExtension>
            <ns3:hr>122</ns3:hr>
            <ns3:cad>47</ns3:cad>
          </ns3:TrackPointExtension>
        </extensions>
      </trkpt>
      <trkpt lat="24.49236698448657989501953125" lon="117.9677166044712066650390625">
        <ele>69.8000030517578125</ele>
        <time>2026-09-19T07:25:39.000Z</time>
        <extensions>
          <ns3:TrackPointExtension>
            <ns3:hr>122</ns3:hr>
            <ns3:cad>48</ns3:cad>
          </ns3:TrackPointExtension>
        </extensions>
      </trkpt>
      <trkpt lat="24.4923842512071132659912109375" lon="117.96771400608122348785400390625">
        <ele>70</ele>
        <time>2026-09-19T07:25:40.000Z</time>
        <extensions>
          <ns3:TrackPointExtension>
            <ns3:hr>123</ns3:hr>
            <ns3:cad>49</ns3:cad>
          </ns3:TrackPointExtension>
        </extensions>
      </trkpt>
      <trkpt lat="24.4923956505954265594482421875" lon="117.96771132387220859527587890625">
        <ele>70</ele>
        <time>2026-09-19T07:25:41.000Z</time>
        <extensions>
          <ns3:TrackPointExtension>
            <ns3:hr>123</ns3:hr>
            <ns3:cad>50</ns3:cad>
          </ns3:TrackPointExtension>
        </extensions>
      </trkpt>
      <trkpt lat="24.4924003444612026214599609375" lon="117.9677137546241283416748046875">
        <ele>70.1999969482421875</ele>
        <time>2026-09-19T07:25:42.000Z</time>
        <extensions>
          <ns3:TrackPointExtension>
            <ns3:hr>123</ns3:hr>
            <ns3:cad>50</ns3:cad>
          </ns3:TrackPointExtension>
        </extensions>
      </trkpt>
      <trkpt lat="24.4924134202301502227783203125" lon="117.96771333552896976470947265625">
        <ele>70.1999969482421875</ele>
        <time>2026-09-19T07:25:43.000Z</time>
        <extensions>
          <ns3:TrackPointExtension>
            <ns3:hr>123</ns3:hr>
            <ns3:cad>50</ns3:cad>
          </ns3:TrackPointExtension>
        </extensions>
      </trkpt>
      <trkpt lat="24.49242423288524150848388671875" lon="117.96771182678639888763427734375">
        <ele>70.40000152587890625</ele>
        <time>2026-09-19T07:25:44.000Z</time>
        <extensions>
          <ns3:TrackPointExtension>
            <ns3:hr>123</ns3:hr>
            <ns3:cad>50</ns3:cad>
          </ns3:TrackPointExtension>
        </extensions>
      </trkpt>
      <trkpt lat="24.4924355484545230865478515625" lon="117.96770746819674968719482421875">
        <ele>70.59999847412109375</ele>
        <time>2026-09-19T07:25:45.000Z</time>
        <extensions>
          <ns3:TrackPointExtension>
            <ns3:hr>123</ns3:hr>
            <ns3:cad>50</ns3:cad>
          </ns3:TrackPointExtension>
        </extensions>
      </trkpt>
      <trkpt lat="24.49244418181478977203369140625" lon="117.9677043668925762176513671875">
        <ele>70.8000030517578125</ele>
        <time>2026-09-19T07:25:46.000Z</time>
        <extensions>
          <ns3:TrackPointExtension>
            <ns3:hr>122</ns3:hr>
            <ns3:cad>50</ns3:cad>
          </ns3:TrackPointExtension>
        </extensions>
      </trkpt>
      <trkpt lat="24.49244384653866291046142578125" lon="117.96769984066486358642578125">
        <ele>71</ele>
        <time>2026-09-19T07:25:47.000Z</time>
        <extensions>
          <ns3:TrackPointExtension>
            <ns3:hr>122</ns3:hr>
            <ns3:cad>45</ns3:cad>
          </ns3:TrackPointExtension>
        </extensions>
      </trkpt>
      <trkpt lat="24.4924503006041049957275390625" lon="117.96769757755100727081298828125">
        <ele>71.1999969482421875</ele>
        <time>2026-09-19T07:25:48.000Z</time>
        <extensions>
          <ns3:TrackPointExtension>
            <ns3:hr>122</ns3:hr>
            <ns3:cad>48</ns3:cad>
          </ns3:TrackPointExtension>
        </extensions>
      </trkpt>
      <trkpt lat="24.49246446602046489715576171875" lon="117.96769841574132442474365234375">
        <ele>71.1999969482421875</ele>
        <time>2026-09-19T07:25:49.000Z</time>
        <extensions>
          <ns3:TrackPointExtension>
            <ns3:hr>122</ns3:hr>
            <ns3:cad>48</ns3:cad>
          </ns3:TrackPointExtension>
        </extensions>
      </trkpt>
      <trkpt lat="24.49248139746487140655517578125" lon="117.967694811522960662841796875">
        <ele>71.1999969482421875</ele>
        <time>2026-09-19T07:25:50.000Z</time>
        <extensions>
          <ns3:TrackPointExtension>
            <ns3:hr>121</ns3:hr>
            <ns3:cad>48</ns3:cad>
          </ns3:TrackPointExtension>
        </extensions>
      </trkpt>
      <trkpt lat="24.4924918748438358306884765625" lon="117.96769187785685062408447265625">
        <ele>71.1999969482421875</ele>
        <time>2026-09-19T07:25:51.000Z</time>
        <extensions>
          <ns3:TrackPointExtension>
            <ns3:hr>120</ns3:hr>
            <ns3:cad>48</ns3:cad>
          </ns3:TrackPointExtension>
        </extensions>
      </trkpt>
      <trkpt lat="24.4924982450902462005615234375" lon="117.967690117657184600830078125">
        <ele>71.1999969482421875</ele>
        <time>2026-09-19T07:25:52.000Z</time>
        <extensions>
          <ns3:TrackPointExtension>
            <ns3:hr>119</ns3:hr>
            <ns3:cad>48</ns3:cad>
          </ns3:TrackPointExtension>
        </extensions>
      </trkpt>
      <trkpt lat="24.49250042438507080078125" lon="117.96769187785685062408447265625">
        <ele>71.1999969482421875</ele>
        <time>2026-09-19T07:25:53.000Z</time>
        <extensions>
          <ns3:TrackPointExtension>
            <ns3:hr>119</ns3:hr>
            <ns3:cad>48</ns3:cad>
          </ns3:TrackPointExtension>
        </extensions>
      </trkpt>
      <trkpt lat="24.4925123266875743865966796875" lon="117.9676951467990875244140625">
        <ele>71.40000152587890625</ele>
        <time>2026-09-19T07:25:54.000Z</time>
        <extensions>
          <ns3:TrackPointExtension>
            <ns3:hr>118</ns3:hr>
            <ns3:cad>48</ns3:cad>
          </ns3:TrackPointExtension>
        </extensions>
      </trkpt>
      <trkpt lat="24.49252716265618801116943359375" lon="117.9676959849894046783447265625">
        <ele>71.59999847412109375</ele>
        <time>2026-09-19T07:25:55.000Z</time>
        <extensions>
          <ns3:TrackPointExtension>
            <ns3:hr>119</ns3:hr>
            <ns3:cad>48</ns3:cad>
          </ns3:TrackPointExtension>
        </extensions>
      </trkpt>
      <trkpt lat="24.4925414957106113433837890625" lon="117.96769489534199237823486328125">
        <ele>71.59999847412109375</ele>
        <time>2026-09-19T07:25:56.000Z</time>
        <extensions>
          <ns3:TrackPointExtension>
            <ns3:hr>119</ns3:hr>
            <ns3:cad>49</ns3:cad>
          </ns3:TrackPointExtension>
        </extensions>
      </trkpt>
      <trkpt lat="24.4925488717854022979736328125" lon="117.96769422478973865509033203125">
        <ele>71.8000030517578125</ele>
        <time>2026-09-19T07:25:57.000Z</time>
        <extensions>
          <ns3:TrackPointExtension>
            <ns3:hr>119</ns3:hr>
            <ns3:cad>49</ns3:cad>
          </ns3:TrackPointExtension>
        </extensions>
      </trkpt>
      <trkpt lat="24.49255180545151233673095703125" lon="117.96768886037170886993408203125">
        <ele>72</ele>
        <time>2026-09-19T07:25:58.000Z</time>
        <extensions>
          <ns3:TrackPointExtension>
            <ns3:hr>119</ns3:hr>
            <ns3:cad>49</ns3:cad>
          </ns3:TrackPointExtension>
        </extensions>
      </trkpt>
      <trkpt lat="24.49256144464015960693359375" lon="117.96768567524850368499755859375">
        <ele>72</ele>
        <time>2026-09-19T07:25:59.000Z</time>
        <extensions>
          <ns3:TrackPointExtension>
            <ns3:hr>119</ns3:hr>
            <ns3:cad>49</ns3:cad>
          </ns3:TrackPointExtension>
        </extensions>
      </trkpt>
      <trkpt lat="24.49257778935134410858154296875" lon="117.96768332831561565399169921875">
        <ele>72.1999969482421875</ele>
        <time>2026-09-19T07:26:00.000Z</time>
        <extensions>
          <ns3:TrackPointExtension>
            <ns3:hr>119</ns3:hr>
            <ns3:cad>49</ns3:cad>
          </ns3:TrackPointExtension>
        </extensions>
      </trkpt>
      <trkpt lat="24.49258751235902309417724609375" lon="117.96768601052463054656982421875">
        <ele>72.1999969482421875</ele>
        <time>2026-09-19T07:26:01.000Z</time>
        <extensions>
          <ns3:TrackPointExtension>
            <ns3:hr>119</ns3:hr>
            <ns3:cad>50</ns3:cad>
          </ns3:TrackPointExtension>
        </extensions>
      </trkpt>
      <trkpt lat="24.4925951398909091949462890625" lon="117.9676876030862331390380859375">
        <ele>72.40000152587890625</ele>
        <time>2026-09-19T07:26:02.000Z</time>
        <extensions>
          <ns3:TrackPointExtension>
            <ns3:hr>119</ns3:hr>
            <ns3:cad>50</ns3:cad>
          </ns3:TrackPointExtension>
        </extensions>
      </trkpt>
      <trkpt lat="24.4926055334508419036865234375" lon="117.96769087202847003936767578125">
        <ele>72.40000152587890625</ele>
        <time>2026-09-19T07:26:03.000Z</time>
        <extensions>
          <ns3:TrackPointExtension>
            <ns3:hr>119</ns3:hr>
            <ns3:cad>48</ns3:cad>
          </ns3:TrackPointExtension>
        </extensions>
      </trkpt>
      <trkpt lat="24.4926192797720432281494140625" lon="117.96769204549491405487060546875">
        <ele>72.59999847412109375</ele>
        <time>2026-09-19T07:26:04.000Z</time>
        <extensions>
          <ns3:TrackPointExtension>
            <ns3:hr>120</ns3:hr>
            <ns3:cad>46</ns3:cad>
          </ns3:TrackPointExtension>
        </extensions>
      </trkpt>
      <trkpt lat="24.49262925423681735992431640625" lon="117.96769422478973865509033203125">
        <ele>72.59999847412109375</ele>
        <time>2026-09-19T07:26:05.000Z</time>
        <extensions>
          <ns3:TrackPointExtension>
            <ns3:hr>120</ns3:hr>
            <ns3:cad>46</ns3:cad>
          </ns3:TrackPointExtension>
        </extensions>
      </trkpt>
      <trkpt lat="24.49263948015868663787841796875" lon="117.9676959849894046783447265625">
        <ele>72.8000030517578125</ele>
        <time>2026-09-19T07:26:06.000Z</time>
        <extensions>
          <ns3:TrackPointExtension>
            <ns3:hr>121</ns3:hr>
            <ns3:cad>46</ns3:cad>
          </ns3:TrackPointExtension>
        </extensions>
      </trkpt>
      <trkpt lat="24.492643587291240692138671875" lon="117.96769757755100727081298828125">
        <ele>73</ele>
        <time>2026-09-19T07:26:07.000Z</time>
        <extensions>
          <ns3:TrackPointExtension>
            <ns3:hr>121</ns3:hr>
            <ns3:cad>46</ns3:cad>
          </ns3:TrackPointExtension>
        </extensions>
      </trkpt>
      <trkpt lat="24.4926554895937442779541015625" lon="117.967700175940990447998046875">
        <ele>73</ele>
        <time>2026-09-19T07:26:08.000Z</time>
        <extensions>
          <ns3:TrackPointExtension>
            <ns3:hr>121</ns3:hr>
            <ns3:cad>46</ns3:cad>
          </ns3:TrackPointExtension>
        </extensions>
      </trkpt>
      <trkpt lat="24.4926689006388187408447265625" lon="117.96770545653998851776123046875">
        <ele>73</ele>
        <time>2026-09-19T07:26:09.000Z</time>
        <extensions>
          <ns3:TrackPointExtension>
            <ns3:hr>122</ns3:hr>
            <ns3:cad>46</ns3:cad>
          </ns3:TrackPointExtension>
        </extensions>
      </trkpt>
      <trkpt lat="24.49268340133130550384521484375" lon="117.96770696528255939483642578125">
        <ele>73</ele>
        <time>2026-09-19T07:26:10.000Z</time>
        <extensions>
          <ns3:TrackPointExtension>
            <ns3:hr>123</ns3:hr>
            <ns3:cad>46</ns3:cad>
          </ns3:TrackPointExtension>
        </extensions>
      </trkpt>
      <trkpt lat="24.4926927052438259124755859375" lon="117.96770964749157428741455078125">
        <ele>73</ele>
        <time>2026-09-19T07:26:11.000Z</time>
        <extensions>
          <ns3:TrackPointExtension>
            <ns3:hr>123</ns3:hr>
            <ns3:cad>46</ns3:cad>
          </ns3:TrackPointExtension>
        </extensions>
      </trkpt>
      <trkpt lat="24.4926997460424900054931640625" lon="117.96770914457738399505615234375">
        <ele>73</ele>
        <time>2026-09-19T07:26:12.000Z</time>
        <extensions>
          <ns3:TrackPointExtension>
            <ns3:hr>123</ns3:hr>
            <ns3:cad>47</ns3:cad>
          </ns3:TrackPointExtension>
        </extensions>
      </trkpt>
      <trkpt lat="24.49270494282245635986328125" lon="117.96770981512963771820068359375">
        <ele>73</ele>
        <time>2026-09-19T07:26:13.000Z</time>
        <extensions>
          <ns3:TrackPointExtension>
            <ns3:hr>122</ns3:hr>
            <ns3:cad>48</ns3:cad>
          </ns3:TrackPointExtension>
        </extensions>
      </trkpt>
      <trkpt lat="24.4927165098488330841064453125" lon="117.9677107371389865875244140625">
        <ele>73</ele>
        <time>2026-09-19T07:26:14.000Z</time>
        <extensions>
          <ns3:TrackPointExtension>
            <ns3:hr>123</ns3:hr>
            <ns3:cad>48</ns3:cad>
          </ns3:TrackPointExtension>
        </extensions>
      </trkpt>
      <trkpt lat="24.49272933416068553924560546875" lon="117.96770830638706684112548828125">
        <ele>73</ele>
        <time>2026-09-19T07:26:15.000Z</time>
        <extensions>
          <ns3:TrackPointExtension>
            <ns3:hr>123</ns3:hr>
            <ns3:cad>48</ns3:cad>
          </ns3:TrackPointExtension>
        </extensions>
      </trkpt>
      <trkpt lat="24.4927383027970790863037109375" lon="117.96771249733865261077880859375">
        <ele>73</ele>
        <time>2026-09-19T07:26:16.000Z</time>
        <extensions>
          <ns3:TrackPointExtension>
            <ns3:hr>123</ns3:hr>
            <ns3:cad>48</ns3:cad>
          </ns3:TrackPointExtension>
        </extensions>
      </trkpt>
      <trkpt lat="24.4927404820919036865234375" lon="117.96771769411861896514892578125">
        <ele>73</ele>
        <time>2026-09-19T07:26:17.000Z</time>
        <extensions>
          <ns3:TrackPointExtension>
            <ns3:hr>123</ns3:hr>
            <ns3:cad>50</ns3:cad>
          </ns3:TrackPointExtension>
        </extensions>
      </trkpt>
      <trkpt lat="24.4927463494241237640380859375" lon="117.9677238129079341888427734375">
        <ele>73.1999969482421875</ele>
        <time>2026-09-19T07:26:18.000Z</time>
        <extensions>
          <ns3:TrackPointExtension>
            <ns3:hr>123</ns3:hr>
            <ns3:cad>50</ns3:cad>
          </ns3:TrackPointExtension>
        </extensions>
      </trkpt>
      <trkpt lat="24.49275431223213672637939453125" lon="117.9677228070795536041259765625">
        <ele>73.1999969482421875</ele>
        <time>2026-09-19T07:26:19.000Z</time>
        <extensions>
          <ns3:TrackPointExtension>
            <ns3:hr>123</ns3:hr>
            <ns3:cad>49</ns3:cad>
          </ns3:TrackPointExtension>
        </extensions>
      </trkpt>
      <trkpt lat="24.49276529252529144287109375" lon="117.96772020868957042694091796875">
        <ele>73.1999969482421875</ele>
        <time>2026-09-19T07:26:20.000Z</time>
        <extensions>
          <ns3:TrackPointExtension>
            <ns3:hr>122</ns3:hr>
            <ns3:cad>49</ns3:cad>
          </ns3:TrackPointExtension>
        </extensions>
      </trkpt>
      <trkpt lat="24.49277602136135101318359375" lon="117.96771937049925327301025390625">
        <ele>73.1999969482421875</ele>
        <time>2026-09-19T07:26:21.000Z</time>
        <extensions>
          <ns3:TrackPointExtension>
            <ns3:hr>122</ns3:hr>
            <ns3:cad>50</ns3:cad>
          </ns3:TrackPointExtension>
        </extensions>
      </trkpt>
      <trkpt lat="24.49278817512094974517822265625" lon="117.96771920286118984222412109375">
        <ele>73.1999969482421875</ele>
        <time>2026-09-19T07:26:22.000Z</time>
        <extensions>
          <ns3:TrackPointExtension>
            <ns3:hr>122</ns3:hr>
            <ns3:cad>50</ns3:cad>
          </ns3:TrackPointExtension>
        </extensions>
      </trkpt>
      <trkpt lat="24.492798484861850738525390625" lon="117.967718280851840972900390625">
        <ele>73.1999969482421875</ele>
        <time>2026-09-19T07:26:23.000Z</time>
        <extensions>
          <ns3:TrackPointExtension>
            <ns3:hr>122</ns3:hr>
            <ns3:cad>46</ns3:cad>
          </ns3:TrackPointExtension>
        </extensions>
      </trkpt>
      <trkpt lat="24.4928061962127685546875" lon="117.96771719120442867279052734375">
        <ele>73.1999969482421875</ele>
        <time>2026-09-19T07:26:24.000Z</time>
        <extensions>
          <ns3:TrackPointExtension>
            <ns3:hr>122</ns3:hr>
            <ns3:cad>46</ns3:cad>
          </ns3:TrackPointExtension>
        </extensions>
      </trkpt>
      <trkpt lat="24.49281969107687473297119140625" lon="117.96771182678639888763427734375">
        <ele>73.1999969482421875</ele>
        <time>2026-09-19T07:26:25.000Z</time>
        <extensions>
          <ns3:TrackPointExtension>
            <ns3:hr>122</ns3:hr>
            <ns3:cad>46</ns3:cad>
          </ns3:TrackPointExtension>
        </extensions>
      </trkpt>
      <trkpt lat="24.492838382720947265625" lon="117.9677112400531768798828125">
        <ele>73.1999969482421875</ele>
        <time>2026-09-19T07:26:26.000Z</time>
        <extensions>
          <ns3:TrackPointExtension>
            <ns3:hr>122</ns3:hr>
            <ns3:cad>46</ns3:cad>
          </ns3:TrackPointExtension>
        </extensions>
      </trkpt>
      <trkpt lat="24.49285623617470264434814453125" lon="117.967711575329303741455078125">
        <ele>73.1999969482421875</ele>
        <time>2026-09-19T07:26:27.000Z</time>
        <extensions>
          <ns3:TrackPointExtension>
            <ns3:hr>122</ns3:hr>
            <ns3:cad>46</ns3:cad>
          </ns3:TrackPointExtension>
        </extensions>
      </trkpt>
      <trkpt lat="24.49287367053329944610595703125" lon="117.9677166044712066650390625">
        <ele>73</ele>
        <time>2026-09-19T07:26:28.000Z</time>
        <extensions>
          <ns3:TrackPointExtension>
            <ns3:hr>121</ns3:hr>
            <ns3:cad>51</ns3:cad>
          </ns3:TrackPointExtension>
        </extensions>
      </trkpt>
      <trkpt lat="24.4928871653974056243896484375" lon="117.96772255562245845794677734375">
        <ele>73</ele>
        <time>2026-09-19T07:26:29.000Z</time>
        <extensions>
          <ns3:TrackPointExtension>
            <ns3:hr>120</ns3:hr>
            <ns3:cad>52</ns3:cad>
          </ns3:TrackPointExtension>
        </extensions>
      </trkpt>
      <trkpt lat="24.492896385490894317626953125" lon="117.96772054396569728851318359375">
        <ele>73</ele>
        <time>2026-09-19T07:26:30.000Z</time>
        <extensions>
          <ns3:TrackPointExtension>
            <ns3:hr>120</ns3:hr>
            <ns3:cad>52</ns3:cad>
          </ns3:TrackPointExtension>
        </extensions>
      </trkpt>
      <trkpt lat="24.4929042644798755645751953125" lon="117.96771769411861896514892578125">
        <ele>73</ele>
        <time>2026-09-19T07:26:31.000Z</time>
        <extensions>
          <ns3:TrackPointExtension>
            <ns3:hr>120</ns3:hr>
            <ns3:cad>52</ns3:cad>
          </ns3:TrackPointExtension>
        </extensions>
      </trkpt>
      <trkpt lat="24.4929143227636814117431640625" lon="117.96772129833698272705078125">
        <ele>73</ele>
        <time>2026-09-19T07:26:32.000Z</time>
        <extensions>
          <ns3:TrackPointExtension>
            <ns3:hr>120</ns3:hr>
            <ns3:cad>52</ns3:cad>
          </ns3:TrackPointExtension>
        </extensions>
      </trkpt>
      <trkpt lat="24.492928571999073028564453125" lon="117.96772557310760021209716796875">
        <ele>73</ele>
        <time>2026-09-19T07:26:33.000Z</time>
        <extensions>
          <ns3:TrackPointExtension>
            <ns3:hr>119</ns3:hr>
            <ns3:cad>52</ns3:cad>
          </ns3:TrackPointExtension>
        </extensions>
      </trkpt>
      <trkpt lat="24.49294106103479862213134765625" lon="117.96772691421210765838623046875">
        <ele>73</ele>
        <time>2026-09-19T07:26:34.000Z</time>
        <extensions>
          <ns3:TrackPointExtension>
            <ns3:hr>119</ns3:hr>
            <ns3:cad>51</ns3:cad>
          </ns3:TrackPointExtension>
        </extensions>
      </trkpt>
      <trkpt lat="24.4929538853466510772705078125" lon="117.96772825531661510467529296875">
        <ele>73</ele>
        <time>2026-09-19T07:26:35.000Z</time>
        <extensions>
          <ns3:TrackPointExtension>
            <ns3:hr>119</ns3:hr>
            <ns3:cad>51</ns3:cad>
          </ns3:TrackPointExtension>
        </extensions>
      </trkpt>
      <trkpt lat="24.4929612614214420318603515625" lon="117.9677291773259639739990234375">
        <ele>73</ele>
        <time>2026-09-19T07:26:36.000Z</time>
        <extensions>
          <ns3:TrackPointExtension>
            <ns3:hr>119</ns3:hr>
            <ns3:cad>51</ns3:cad>
          </ns3:TrackPointExtension>
        </extensions>
      </trkpt>
      <trkpt lat="24.49296779930591583251953125" lon="117.96773110516369342803955078125">
        <ele>73</ele>
        <time>2026-09-19T07:26:37.000Z</time>
        <extensions>
          <ns3:TrackPointExtension>
            <ns3:hr>118</ns3:hr>
            <ns3:cad>51</ns3:cad>
          </ns3:TrackPointExtension>
        </extensions>
      </trkpt>
      <trkpt lat="24.49297777377068996429443359375" lon="117.9677342064678668975830078125">
        <ele>73</ele>
        <time>2026-09-19T07:26:38.000Z</time>
        <extensions>
          <ns3:TrackPointExtension>
            <ns3:hr>119</ns3:hr>
            <ns3:cad>51</ns3:cad>
          </ns3:TrackPointExtension>
        </extensions>
      </trkpt>
      <trkpt lat="24.49299135245382785797119140625" lon="117.96773881651461124420166015625">
        <ele>72.8000030517578125</ele>
        <time>2026-09-19T07:26:39.000Z</time>
        <extensions>
          <ns3:TrackPointExtension>
            <ns3:hr>118</ns3:hr>
            <ns3:cad>51</ns3:cad>
          </ns3:TrackPointExtension>
        </extensions>
      </trkpt>
      <trkpt lat="24.4930021651089191436767578125" lon="117.96774216927587985992431640625">
        <ele>72.8000030517578125</ele>
        <time>2026-09-19T07:26:40.000Z</time>
        <extensions>
          <ns3:TrackPointExtension>
            <ns3:hr>118</ns3:hr>
            <ns3:cad>51</ns3:cad>
          </ns3:TrackPointExtension>
        </extensions>
      </trkpt>
      <trkpt lat="24.49301448650658130645751953125" lon="117.96774652786552906036376953125">
        <ele>73</ele>
        <time>2026-09-19T07:26:41.000Z</time>
        <extensions>
          <ns3:TrackPointExtension>
            <ns3:hr>118</ns3:hr>
            <ns3:cad>51</ns3:cad>
          </ns3:TrackPointExtension>
        </extensions>
      </trkpt>
      <trkpt lat="24.4930246286094188690185546875" lon="117.96774703077971935272216796875">
        <ele>73</ele>
        <time>2026-09-19T07:26:42.000Z</time>
        <extensions>
          <ns3:TrackPointExtension>
            <ns3:hr>117</ns3:hr>
            <ns3:cad>50</ns3:cad>
          </ns3:TrackPointExtension>
        </extensions>
      </trkpt>
      <trkpt lat="24.493034519255161285400390625" lon="117.9677461087703704833984375">
        <ele>73</ele>
        <time>2026-09-19T07:26:43.000Z</time>
        <extensions>
          <ns3:TrackPointExtension>
            <ns3:hr>117</ns3:hr>
            <ns3:cad>51</ns3:cad>
          </ns3:TrackPointExtension>
        </extensions>
      </trkpt>
      <trkpt lat="24.4930462539196014404296875" lon="117.9677459411323070526123046875">
        <ele>73</ele>
        <time>2026-09-19T07:26:44.000Z</time>
        <extensions>
          <ns3:TrackPointExtension>
            <ns3:hr>117</ns3:hr>
            <ns3:cad>50</ns3:cad>
          </ns3:TrackPointExtension>
        </extensions>
      </trkpt>
      <trkpt lat="24.493060000240802764892578125" lon="117.967751808464527130126953125">
        <ele>73.1999969482421875</ele>
        <time>2026-09-19T07:26:45.000Z</time>
        <extensions>
          <ns3:TrackPointExtension>
            <ns3:hr>116</ns3:hr>
            <ns3:cad>50</ns3:cad>
          </ns3:TrackPointExtension>
        </extensions>
      </trkpt>
      <trkpt lat="24.49307114817202091217041015625" lon="117.96775138936936855316162109375">
        <ele>73.1999969482421875</ele>
        <time>2026-09-19T07:26:46.000Z</time>
        <extensions>
          <ns3:TrackPointExtension>
            <ns3:hr>116</ns3:hr>
            <ns3:cad>50</ns3:cad>
          </ns3:TrackPointExtension>
        </extensions>
      </trkpt>
      <trkpt lat="24.49308858253061771392822265625" lon="117.9677513055503368377685546875">
        <ele>73.40000152587890625</ele>
        <time>2026-09-19T07:26:47.000Z</time>
        <extensions>
          <ns3:TrackPointExtension>
            <ns3:hr>115</ns3:hr>
            <ns3:cad>49</ns3:cad>
          </ns3:TrackPointExtension>
        </extensions>
      </trkpt>
      <trkpt lat="24.49309797026216983795166015625" lon="117.967753149569034576416015625">
        <ele>73.40000152587890625</ele>
        <time>2026-09-19T07:26:48.000Z</time>
        <extensions>
          <ns3:TrackPointExtension>
            <ns3:hr>114</ns3:hr>
            <ns3:cad>49</ns3:cad>
          </ns3:TrackPointExtension>
        </extensions>
      </trkpt>
      <trkpt lat="24.4930998980998992919921875" lon="117.9677476175129413604736328125">
        <ele>73.40000152587890625</ele>
        <time>2026-09-19T07:26:49.000Z</time>
        <extensions>
          <ns3:TrackPointExtension>
            <ns3:hr>114</ns3:hr>
            <ns3:cad>49</ns3:cad>
          </ns3:TrackPointExtension>
        </extensions>
      </trkpt>
      <trkpt lat="24.49311205185949802398681640625" lon="117.96774535439908504486083984375">
        <ele>73.40000152587890625</ele>
        <time>2026-09-19T07:26:50.000Z</time>
        <extensions>
          <ns3:TrackPointExtension>
            <ns3:hr>112</ns3:hr>
            <ns3:cad>49</ns3:cad>
          </ns3:TrackPointExtension>
        </extensions>
      </trkpt>
      <trkpt lat="24.49312864802777767181396484375" lon="117.9677439294755458831787109375">
        <ele>73.40000152587890625</ele>
        <time>2026-09-19T07:26:51.000Z</time>
        <extensions>
          <ns3:TrackPointExtension>
            <ns3:hr>111</ns3:hr>
            <ns3:cad>49</ns3:cad>
          </ns3:TrackPointExtension>
        </extensions>
      </trkpt>
      <trkpt lat="24.4931439869105815887451171875" lon="117.9677409119904041290283203125">
        <ele>73.40000152587890625</ele>
        <time>2026-09-19T07:26:52.000Z</time>
        <extensions>
          <ns3:TrackPointExtension>
            <ns3:hr>110</ns3:hr>
            <ns3:cad>49</ns3:cad>
          </ns3:TrackPointExtension>
        </extensions>
      </trkpt>
      <trkpt lat="24.49315077625215053558349609375" lon="117.96773931942880153656005859375">
        <ele>73.59999847412109375</ele>
        <time>2026-09-19T07:26:53.000Z</time>
        <extensions>
          <ns3:TrackPointExtension>
            <ns3:hr>110</ns3:hr>
            <ns3:cad>49</ns3:cad>
          </ns3:TrackPointExtension>
        </extensions>
      </trkpt>
      <trkpt lat="24.49315664358437061309814453125" lon="117.96773496083915233612060546875">
        <ele>73.59999847412109375</ele>
        <time>2026-09-19T07:26:54.000Z</time>
        <extensions>
          <ns3:TrackPointExtension>
            <ns3:hr>110</ns3:hr>
            <ns3:cad>48</ns3:cad>
          </ns3:TrackPointExtension>
        </extensions>
      </trkpt>
      <trkpt lat="24.49316619895398616790771484375" lon="117.9677318595349788665771484375">
        <ele>73.59999847412109375</ele>
        <time>2026-09-19T07:26:55.000Z</time>
        <extensions>
          <ns3:TrackPointExtension>
            <ns3:hr>109</ns3:hr>
            <ns3:cad>0</ns3:cad>
          </ns3:TrackPointExtension>
        </extensions>
      </trkpt>
      <trkpt lat="24.4931808672845363616943359375" lon="117.96772666275501251220703125">
        <ele>73.8000030517578125</ele>
        <time>2026-09-19T07:26:56.000Z</time>
        <extensions>
          <ns3:TrackPointExtension>
            <ns3:hr>109</ns3:hr>
            <ns3:cad>0</ns3:cad>
          </ns3:TrackPointExtension>
        </extensions>
      </trkpt>
      <trkpt lat="24.4931937754154205322265625" lon="117.96772238798439502716064453125">
        <ele>73.8000030517578125</ele>
        <time>2026-09-19T07:26:57.000Z</time>
        <extensions>
          <ns3:TrackPointExtension>
            <ns3:hr>109</ns3:hr>
            <ns3:cad>0</ns3:cad>
          </ns3:TrackPointExtension>
        </extensions>
      </trkpt>
      <trkpt lat="24.49320324696600437164306640625" lon="117.9677191190421581268310546875">
        <ele>73.8000030517578125</ele>
        <time>2026-09-19T07:26:58.000Z</time>
        <extensions>
          <ns3:TrackPointExtension>
            <ns3:hr>110</ns3:hr>
            <ns3:cad>0</ns3:cad>
          </ns3:TrackPointExtension>
        </extensions>
      </trkpt>
      <trkpt lat="24.49320743791759014129638671875" lon="117.9677177779376506805419921875">
        <ele>73.8000030517578125</ele>
        <time>2026-09-19T07:26:59.000Z</time>
        <extensions>
          <ns3:TrackPointExtension>
            <ns3:hr>111</ns3:hr>
            <ns3:cad>47</ns3:cad>
          </ns3:TrackPointExtension>
        </extensions>
      </trkpt>
      <trkpt lat="24.49321950785815715789794921875" lon="117.9677150957286357879638671875">
        <ele>73.8000030517578125</ele>
        <time>2026-09-19T07:27:00.000Z</time>
        <extensions>
          <ns3:TrackPointExtension>
            <ns3:hr>110</ns3:hr>
            <ns3:cad>47</ns3:cad>
          </ns3:TrackPointExtension>
        </extensions>
      </trkpt>
      <trkpt lat="24.49323576875030994415283203125" lon="117.96771015040576457977294921875">
        <ele>73.8000030517578125</ele>
        <time>2026-09-19T07:27:01.000Z</time>
        <extensions>
          <ns3:TrackPointExtension>
            <ns3:hr>110</ns3:hr>
            <ns3:cad>47</ns3:cad>
          </ns3:TrackPointExtension>
        </extensions>
      </trkpt>
      <trkpt lat="24.49324767105281352996826171875" lon="117.967708222568035125732421875">
        <ele>73.8000030517578125</ele>
        <time>2026-09-19T07:27:02.000Z</time>
        <extensions>
          <ns3:TrackPointExtension>
            <ns3:hr>110</ns3:hr>
            <ns3:cad>49</ns3:cad>
          </ns3:TrackPointExtension>
        </extensions>
      </trkpt>
      <trkpt lat="24.49325420893728733062744140625" lon="117.9677067138254642486572265625">
        <ele>73.8000030517578125</ele>
        <time>2026-09-19T07:27:03.000Z</time>
        <extensions>
          <ns3:TrackPointExtension>
            <ns3:hr>110</ns3:hr>
            <ns3:cad>48</ns3:cad>
          </ns3:TrackPointExtension>
        </extensions>
      </trkpt>
      <trkpt lat="24.4932586513459682464599609375" lon="117.96770763583481311798095703125">
        <ele>74</ele>
        <time>2026-09-19T07:27:04.000Z</time>
        <extensions>
          <ns3:TrackPointExtension>
            <ns3:hr>111</ns3:hr>
            <ns3:cad>47</ns3:cad>
          </ns3:TrackPointExtension>
        </extensions>
      </trkpt>
      <trkpt lat="24.493267536163330078125" lon="117.96770981512963771820068359375">
        <ele>74</ele>
        <time>2026-09-19T07:27:05.000Z</time>
        <extensions>
          <ns3:TrackPointExtension>
            <ns3:hr>110</ns3:hr>
            <ns3:cad>47</ns3:cad>
          </ns3:TrackPointExtension>
        </extensions>
      </trkpt>
      <trkpt lat="24.49328287504613399505615234375" lon="117.9677107371389865875244140625">
        <ele>74</ele>
        <time>2026-09-19T07:27:06.000Z</time>
        <extensions>
          <ns3:TrackPointExtension>
            <ns3:hr>110</ns3:hr>
            <ns3:cad>47</ns3:cad>
          </ns3:TrackPointExtension>
        </extensions>
      </trkpt>
      <trkpt lat="24.4932956993579864501953125" lon="117.9677181132137775421142578125">
        <ele>74.1999969482421875</ele>
        <time>2026-09-19T07:27:07.000Z</time>
        <extensions>
          <ns3:TrackPointExtension>
            <ns3:hr>110</ns3:hr>
            <ns3:cad>48</ns3:cad>
          </ns3:TrackPointExtension>
        </extensions>
      </trkpt>
      <trkpt lat="24.4933037459850311279296875" lon="117.96771618537604808807373046875">
        <ele>74.1999969482421875</ele>
        <time>2026-09-19T07:27:08.000Z</time>
        <extensions>
          <ns3:TrackPointExtension>
            <ns3:hr>111</ns3:hr>
            <ns3:cad>48</ns3:cad>
          </ns3:TrackPointExtension>
        </extensions>
      </trkpt>
      <trkpt lat="24.493308104574680328369140625" lon="117.96771568246185779571533203125">
        <ele>74.40000152587890625</ele>
        <time>2026-09-19T07:27:09.000Z</time>
        <extensions>
          <ns3:TrackPointExtension>
            <ns3:hr>110</ns3:hr>
            <ns3:cad>47</ns3:cad>
          </ns3:TrackPointExtension>
        </extensions>
      </trkpt>
      <trkpt lat="24.49331573210656642913818359375" lon="117.96771526336669921875">
        <ele>74.40000152587890625</ele>
        <time>2026-09-19T07:27:10.000Z</time>
        <extensions>
          <ns3:TrackPointExtension>
            <ns3:hr>110</ns3:hr>
            <ns3:cad>47</ns3:cad>
          </ns3:TrackPointExtension>
        </extensions>
      </trkpt>
      <trkpt lat="24.493330903351306915283203125" lon="117.9677157662808895111083984375">
        <ele>74.40000152587890625</ele>
        <time>2026-09-19T07:27:11.000Z</time>
        <extensions>
          <ns3:TrackPointExtension>
            <ns3:hr>111</ns3:hr>
            <ns3:cad>50</ns3:cad>
          </ns3:TrackPointExtension>
        </extensions>
      </trkpt>
      <trkpt lat="24.4933468289673328399658203125" lon="117.96771635301411151885986328125">
        <ele>74.59999847412109375</ele>
        <time>2026-09-19T07:27:12.000Z</time>
        <extensions>
          <ns3:TrackPointExtension>
            <ns3:hr>112</ns3:hr>
            <ns3:cad>50</ns3:cad>
          </ns3:TrackPointExtension>
        </extensions>
      </trkpt>
      <trkpt lat="24.49336015619337558746337890625" lon="117.96771367080509662628173828125">
        <ele>74.59999847412109375</ele>
        <time>2026-09-19T07:27:13.000Z</time>
        <extensions>
          <ns3:TrackPointExtension>
            <ns3:hr>112</ns3:hr>
            <ns3:cad>50</ns3:cad>
          </ns3:TrackPointExtension>
        </extensions>
      </trkpt>
      <trkpt lat="24.49337088502943515777587890625" lon="117.96771836467087268829345703125">
        <ele>74.8000030517578125</ele>
        <time>2026-09-19T07:27:14.000Z</time>
        <extensions>
          <ns3:TrackPointExtension>
            <ns3:hr>112</ns3:hr>
            <ns3:cad>50</ns3:cad>
          </ns3:TrackPointExtension>
        </extensions>
      </trkpt>
      <trkpt lat="24.49336920864880084991455078125" lon="117.9677154310047626495361328125">
        <ele>74.8000030517578125</ele>
        <time>2026-09-19T07:27:15.000Z</time>
        <extensions>
          <ns3:TrackPointExtension>
            <ns3:hr>111</ns3:hr>
            <ns3:cad>0</ns3:cad>
          </ns3:TrackPointExtension>
        </extensions>
      </trkpt>
      <trkpt lat="24.49337742291390895843505859375" lon="117.967718280851840972900390625">
        <ele>75</ele>
        <time>2026-09-19T07:27:16.000Z</time>
        <extensions>
          <ns3:TrackPointExtension>
            <ns3:hr>111</ns3:hr>
            <ns3:cad>0</ns3:cad>
          </ns3:TrackPointExtension>
        </extensions>
      </trkpt>
      <trkpt lat="24.4933870621025562286376953125" lon="117.96772222034633159637451171875">
        <ele>75.1999969482421875</ele>
        <time>2026-09-19T07:27:17.000Z</time>
        <extensions>
          <ns3:TrackPointExtension>
            <ns3:hr>112</ns3:hr>
            <ns3:cad>0</ns3:cad>
          </ns3:TrackPointExtension>
        </extensions>
      </trkpt>
      <trkpt lat="24.4933944381773471832275390625" lon="117.96772724948823451995849609375">
        <ele>75.40000152587890625</ele>
        <time>2026-09-19T07:27:18.000Z</time>
        <extensions>
          <ns3:TrackPointExtension>
            <ns3:hr>112</ns3:hr>
            <ns3:cad>48</ns3:cad>
          </ns3:TrackPointExtension>
        </extensions>
      </trkpt>
      <trkpt lat="24.49339753948152065277099609375" lon="117.96773194335401058197021484375">
        <ele>75.59999847412109375</ele>
        <time>2026-09-19T07:27:19.000Z</time>
        <extensions>
          <ns3:TrackPointExtension>
            <ns3:hr>112</ns3:hr>
            <ns3:cad>48</ns3:cad>
          </ns3:TrackPointExtension>
        </extensions>
      </trkpt>
      <trkpt lat="24.493397958576679229736328125" lon="117.96773605048656463623046875">
        <ele>75.8000030517578125</ele>
        <time>2026-09-19T07:27:20.000Z</time>
        <extensions>
          <ns3:TrackPointExtension>
            <ns3:hr>112</ns3:hr>
            <ns3:cad>48</ns3:cad>
          </ns3:TrackPointExtension>
        </extensions>
      </trkpt>
      <trkpt lat="24.49340005405247211456298828125" lon="117.9677439294755458831787109375">
        <ele>76</ele>
        <time>2026-09-19T07:27:21.000Z</time>
        <extensions>
          <ns3:TrackPointExtension>
            <ns3:hr>112</ns3:hr>
            <ns3:cad>48</ns3:cad>
          </ns3:TrackPointExtension>
        </extensions>
      </trkpt>
      <trkpt lat="24.49340525083243846893310546875" lon="117.967750467360019683837890625">
        <ele>76.1999969482421875</ele>
        <time>2026-09-19T07:27:22.000Z</time>
        <extensions>
          <ns3:TrackPointExtension>
            <ns3:hr>111</ns3:hr>
            <ns3:cad>48</ns3:cad>
          </ns3:TrackPointExtension>
        </extensions>
      </trkpt>
      <trkpt lat="24.49341438710689544677734375" lon="117.96775373630225658416748046875">
        <ele>76.1999969482421875</ele>
        <time>2026-09-19T07:27:23.000Z</time>
        <extensions>
          <ns3:TrackPointExtension>
            <ns3:hr>111</ns3:hr>
            <ns3:cad>48</ns3:cad>
          </ns3:TrackPointExtension>
        </extensions>
      </trkpt>
      <trkpt lat="24.49342117644846439361572265625" lon="117.9677580110728740692138671875">
        <ele>76.40000152587890625</ele>
        <time>2026-09-19T07:27:24.000Z</time>
        <extensions>
          <ns3:TrackPointExtension>
            <ns3:hr>112</ns3:hr>
            <ns3:cad>48</ns3:cad>
          </ns3:TrackPointExtension>
        </extensions>
      </trkpt>
      <trkpt lat="24.49343157000839710235595703125" lon="117.96776144765317440032958984375">
        <ele>76.40000152587890625</ele>
        <time>2026-09-19T07:27:25.000Z</time>
        <extensions>
          <ns3:TrackPointExtension>
            <ns3:hr>112</ns3:hr>
            <ns3:cad>48</ns3:cad>
          </ns3:TrackPointExtension>
        </extensions>
      </trkpt>
      <trkpt lat="24.49344791471958160400390625" lon="117.96775759197771549224853515625">
        <ele>76.40000152587890625</ele>
        <time>2026-09-19T07:27:26.000Z</time>
        <extensions>
          <ns3:TrackPointExtension>
            <ns3:hr>112</ns3:hr>
            <ns3:cad>0</ns3:cad>
          </ns3:TrackPointExtension>
        </extensions>
      </trkpt>
      <trkpt lat="24.49346543289721012115478515625" lon="117.9677606932818889617919921875">
        <ele>76.40000152587890625</ele>
        <time>2026-09-19T07:27:27.000Z</time>
        <extensions>
          <ns3:TrackPointExtension>
            <ns3:hr>112</ns3:hr>
            <ns3:cad>0</ns3:cad>
          </ns3:TrackPointExtension>
        </extensions>
      </trkpt>
      <trkpt lat="24.49347800575196743011474609375" lon="117.96776597388088703155517578125">
        <ele>76.40000152587890625</ele>
        <time>2026-09-19T07:27:28.000Z</time>
        <extensions>
          <ns3:TrackPointExtension>
            <ns3:hr>112</ns3:hr>
            <ns3:cad>0</ns3:cad>
          </ns3:TrackPointExtension>
        </extensions>
      </trkpt>
      <trkpt lat="24.49348705820739269256591796875" lon="117.967768572270870208740234375">
        <ele>76.40000152587890625</ele>
        <time>2026-09-19T07:27:29.000Z</time>
        <extensions>
          <ns3:TrackPointExtension>
            <ns3:hr>112</ns3:hr>
            <ns3:cad>0</ns3:cad>
          </ns3:TrackPointExtension>
        </extensions>
      </trkpt>
      <trkpt lat="24.4934997148811817169189453125" lon="117.96776999719440937042236328125">
        <ele>76.59999847412109375</ele>
        <time>2026-09-19T07:27:30.000Z</time>
        <extensions>
          <ns3:TrackPointExtension>
            <ns3:hr>111</ns3:hr>
            <ns3:cad>0</ns3:cad>
          </ns3:TrackPointExtension>
        </extensions>
      </trkpt>
      <trkpt lat="24.4935134612023830413818359375" lon="117.96777351759374141693115234375">
        <ele>76.59999847412109375</ele>
        <time>2026-09-19T07:27:31.000Z</time>
        <extensions>
          <ns3:TrackPointExtension>
            <ns3:hr>112</ns3:hr>
            <ns3:cad>48</ns3:cad>
          </ns3:TrackPointExtension>
        </extensions>
      </trkpt>
      <trkpt lat="24.49352527968585491180419921875" lon="117.96777636744081974029541015625">
        <ele>76.8000030517578125</ele>
        <time>2026-09-19T07:27:32.000Z</time>
        <extensions>
          <ns3:TrackPointExtension>
            <ns3:hr>112</ns3:hr>
            <ns3:cad>48</ns3:cad>
          </ns3:TrackPointExtension>
        </extensions>
      </trkpt>
      <trkpt lat="24.49353449977934360504150390625" lon="117.967777289450168609619140625">
        <ele>76.8000030517578125</ele>
        <time>2026-09-19T07:27:33.000Z</time>
        <extensions>
          <ns3:TrackPointExtension>
            <ns3:hr>113</ns3:hr>
            <ns3:cad>48</ns3:cad>
          </ns3:TrackPointExtension>
        </extensions>
      </trkpt>
      <trkpt lat="24.4935439713299274444580078125" lon="117.96778030693531036376953125">
        <ele>77</ele>
        <time>2026-09-19T07:27:34.000Z</time>
        <extensions>
          <ns3:TrackPointExtension>
            <ns3:hr>114</ns3:hr>
            <ns3:cad>49</ns3:cad>
          </ns3:TrackPointExtension>
        </extensions>
      </trkpt>
      <trkpt lat="24.493550844490528106689453125" lon="117.9677841626107692718505859375">
        <ele>77.1999969482421875</ele>
        <time>2026-09-19T07:27:35.000Z</time>
        <extensions>
          <ns3:TrackPointExtension>
            <ns3:hr>117</ns3:hr>
            <ns3:cad>48</ns3:cad>
          </ns3:TrackPointExtension>
        </extensions>
      </trkpt>
      <trkpt lat="24.4935583882033824920654296875" lon="117.96778525225818157196044921875">
        <ele>77.40000152587890625</ele>
        <time>2026-09-19T07:27:36.000Z</time>
        <extensions>
          <ns3:TrackPointExtension>
            <ns3:hr>118</ns3:hr>
            <ns3:cad>48</ns3:cad>
          </ns3:TrackPointExtension>
        </extensions>
      </trkpt>
      <trkpt lat="24.49357129633426666259765625" lon="117.96778961084783077239990234375">
        <ele>77.40000152587890625</ele>
        <time>2026-09-19T07:27:37.000Z</time>
        <extensions>
          <ns3:TrackPointExtension>
            <ns3:hr>120</ns3:hr>
            <ns3:cad>48</ns3:cad>
          </ns3:TrackPointExtension>
        </extensions>
      </trkpt>
      <trkpt lat="24.493584372103214263916015625" lon="117.9677811451256275177001953125">
        <ele>77.59999847412109375</ele>
        <time>2026-09-19T07:27:38.000Z</time>
        <extensions>
          <ns3:TrackPointExtension>
            <ns3:hr>120</ns3:hr>
            <ns3:cad>48</ns3:cad>
          </ns3:TrackPointExtension>
        </extensions>
      </trkpt>
      <trkpt lat="24.49359283782541751861572265625" lon="117.96777787618339061737060546875">
        <ele>78</ele>
        <time>2026-09-19T07:27:39.000Z</time>
        <extensions>
          <ns3:TrackPointExtension>
            <ns3:hr>120</ns3:hr>
            <ns3:cad>50</ns3:cad>
          </ns3:TrackPointExtension>
        </extensions>
      </trkpt>
      <trkpt lat="24.4935986213386058807373046875" lon="117.96777100302278995513916015625">
        <ele>78.1999969482421875</ele>
        <time>2026-09-19T07:27:40.000Z</time>
        <extensions>
          <ns3:TrackPointExtension>
            <ns3:hr>121</ns3:hr>
            <ns3:cad>50</ns3:cad>
          </ns3:TrackPointExtension>
        </extensions>
      </trkpt>
      <trkpt lat="24.49360725469887256622314453125" lon="117.96776412986218929290771484375">
        <ele>78.59999847412109375</ele>
        <time>2026-09-19T07:27:41.000Z</time>
        <extensions>
          <ns3:TrackPointExtension>
            <ns3:hr>121</ns3:hr>
            <ns3:cad>48</ns3:cad>
          </ns3:TrackPointExtension>
        </extensions>
      </trkpt>
      <trkpt lat="24.49361463077366352081298828125" lon="117.96775407157838344573974609375">
        <ele>78.8000030517578125</ele>
        <time>2026-09-19T07:27:42.000Z</time>
        <extensions>
          <ns3:TrackPointExtension>
            <ns3:hr>121</ns3:hr>
            <ns3:cad>48</ns3:cad>
          </ns3:TrackPointExtension>
        </extensions>
      </trkpt>
      <trkpt lat="24.49362351559102535247802734375" lon="117.9677449353039264678955078125">
        <ele>79</ele>
        <time>2026-09-19T07:27:43.000Z</time>
        <extensions>
          <ns3:TrackPointExtension>
            <ns3:hr>122</ns3:hr>
            <ns3:cad>49</ns3:cad>
          </ns3:TrackPointExtension>
        </extensions>
      </trkpt>
      <trkpt lat="24.49363172985613346099853515625" lon="117.96774133108556270599365234375">
        <ele>79.1999969482421875</ele>
        <time>2026-09-19T07:27:44.000Z</time>
        <extensions>
          <ns3:TrackPointExtension>
            <ns3:hr>122</ns3:hr>
            <ns3:cad>47</ns3:cad>
          </ns3:TrackPointExtension>
        </extensions>
      </trkpt>
      <trkpt lat="24.49364296160638332366943359375" lon="117.9677415825426578521728515625">
        <ele>79.1999969482421875</ele>
        <time>2026-09-19T07:27:45.000Z</time>
        <extensions>
          <ns3:TrackPointExtension>
            <ns3:hr>122</ns3:hr>
            <ns3:cad>47</ns3:cad>
          </ns3:TrackPointExtension>
        </extensions>
      </trkpt>
      <trkpt lat="24.49365117587149143218994140625" lon="117.9677419178187847137451171875">
        <ele>79.40000152587890625</ele>
        <time>2026-09-19T07:27:46.000Z</time>
        <extensions>
          <ns3:TrackPointExtension>
            <ns3:hr>122</ns3:hr>
            <ns3:cad>47</ns3:cad>
          </ns3:TrackPointExtension>
        </extensions>
      </trkpt>
      <trkpt lat="24.49366140179336071014404296875" lon="117.96773797832429409027099609375">
        <ele>79.59999847412109375</ele>
        <time>2026-09-19T07:27:47.000Z</time>
        <extensions>
          <ns3:TrackPointExtension>
            <ns3:hr>123</ns3:hr>
            <ns3:cad>45</ns3:cad>
          </ns3:TrackPointExtension>
        </extensions>
      </trkpt>
      <trkpt lat="24.49367095716297626495361328125" lon="117.96773479320108890533447265625">
        <ele>79.59999847412109375</ele>
        <time>2026-09-19T07:27:48.000Z</time>
        <extensions>
          <ns3:TrackPointExtension>
            <ns3:hr>123</ns3:hr>
            <ns3:cad>44</ns3:cad>
          </ns3:TrackPointExtension>
        </extensions>
      </trkpt>
      <trkpt lat="24.493680261075496673583984375" lon="117.9677338711917400360107421875">
        <ele>79.8000030517578125</ele>
        <time>2026-09-19T07:27:49.000Z</time>
        <extensions>
          <ns3:TrackPointExtension>
            <ns3:hr>123</ns3:hr>
            <ns3:cad>44</ns3:cad>
          </ns3:TrackPointExtension>
        </extensions>
      </trkpt>
      <trkpt lat="24.49368956498801708221435546875" lon="117.96773429028689861297607421875">
        <ele>79.8000030517578125</ele>
        <time>2026-09-19T07:27:50.000Z</time>
        <extensions>
          <ns3:TrackPointExtension>
            <ns3:hr>123</ns3:hr>
            <ns3:cad>44</ns3:cad>
          </ns3:TrackPointExtension>
        </extensions>
      </trkpt>
      <trkpt lat="24.49369677342474460601806640625" lon="117.96773311682045459747314453125">
        <ele>79.8000030517578125</ele>
        <time>2026-09-19T07:27:51.000Z</time>
        <extensions>
          <ns3:TrackPointExtension>
            <ns3:hr>123</ns3:hr>
            <ns3:cad>45</ns3:cad>
          </ns3:TrackPointExtension>
        </extensions>
      </trkpt>
      <trkpt lat="24.4937008805572986602783203125" lon="117.96772859059274196624755859375">
        <ele>79.8000030517578125</ele>
        <time>2026-09-19T07:27:52.000Z</time>
        <extensions>
          <ns3:TrackPointExtension>
            <ns3:hr>123</ns3:hr>
            <ns3:cad>45</ns3:cad>
          </ns3:TrackPointExtension>
        </extensions>
      </trkpt>
      <trkpt lat="24.49371202848851680755615234375" lon="117.96773110516369342803955078125">
        <ele>79.8000030517578125</ele>
        <time>2026-09-19T07:27:53.000Z</time>
        <extensions>
          <ns3:TrackPointExtension>
            <ns3:hr>123</ns3:hr>
            <ns3:cad>43</ns3:cad>
          </ns3:TrackPointExtension>
        </extensions>
      </trkpt>
      <trkpt lat="24.49372661300003528594970703125" lon="117.967734038829803466796875">
        <ele>79.8000030517578125</ele>
        <time>2026-09-19T07:27:54.000Z</time>
        <extensions>
          <ns3:TrackPointExtension>
            <ns3:hr>123</ns3:hr>
            <ns3:cad>43</ns3:cad>
          </ns3:TrackPointExtension>
        </extensions>
      </trkpt>
      <trkpt lat="24.49373750947415828704833984375" lon="117.96773630194365978240966796875">
        <ele>80</ele>
        <time>2026-09-19T07:27:55.000Z</time>
        <extensions>
          <ns3:TrackPointExtension>
            <ns3:hr>123</ns3:hr>
            <ns3:cad>43</ns3:cad>
          </ns3:TrackPointExtension>
        </extensions>
      </trkpt>
      <trkpt lat="24.49374522082507610321044921875" lon="117.96773697249591350555419921875">
        <ele>80.1999969482421875</ele>
        <time>2026-09-19T07:27:56.000Z</time>
        <extensions>
          <ns3:TrackPointExtension>
            <ns3:hr>123</ns3:hr>
            <ns3:cad>47</ns3:cad>
          </ns3:TrackPointExtension>
        </extensions>
      </trkpt>
      <trkpt lat="24.4937498308718204498291015625" lon="117.9677342064678668975830078125">
        <ele>80.40000152587890625</ele>
        <time>2026-09-19T07:27:57.000Z</time>
        <extensions>
          <ns3:TrackPointExtension>
            <ns3:hr>123</ns3:hr>
            <ns3:cad>47</ns3:cad>
          </ns3:TrackPointExtension>
        </extensions>
      </trkpt>
      <trkpt lat="24.49376416392624378204345703125" lon="117.96773496083915233612060546875">
        <ele>80.8000030517578125</ele>
        <time>2026-09-19T07:27:58.000Z</time>
        <extensions>
          <ns3:TrackPointExtension>
            <ns3:hr>124</ns3:hr>
            <ns3:cad>47</ns3:cad>
          </ns3:TrackPointExtension>
        </extensions>
      </trkpt>
      <trkpt lat="24.49376986362040042877197265625" lon="117.967733033001422882080078125">
        <ele>81.1999969482421875</ele>
        <time>2026-09-19T07:27:59.000Z</time>
        <extensions>
          <ns3:TrackPointExtension>
            <ns3:hr>124</ns3:hr>
            <ns3:cad>50</ns3:cad>
          </ns3:TrackPointExtension>
        </extensions>
      </trkpt>
      <trkpt lat="24.4937756471335887908935546875" lon="117.96772775240242481231689453125">
        <ele>81.40000152587890625</ele>
        <time>2026-09-19T07:28:00.000Z</time>
        <extensions>
          <ns3:TrackPointExtension>
            <ns3:hr>124</ns3:hr>
            <ns3:cad>50</ns3:cad>
          </ns3:TrackPointExtension>
        </extensions>
      </trkpt>
      <trkpt lat="24.4937873817980289459228515625" lon="117.967727668583393096923828125">
        <ele>81.59999847412109375</ele>
        <time>2026-09-19T07:28:01.000Z</time>
        <extensions>
          <ns3:TrackPointExtension>
            <ns3:hr>124</ns3:hr>
            <ns3:cad>48</ns3:cad>
          </ns3:TrackPointExtension>
        </extensions>
      </trkpt>
      <trkpt lat="24.49379794299602508544921875" lon="117.96772398054599761962890625">
        <ele>81.8000030517578125</ele>
        <time>2026-09-19T07:28:02.000Z</time>
        <extensions>
          <ns3:TrackPointExtension>
            <ns3:hr>125</ns3:hr>
            <ns3:cad>48</ns3:cad>
          </ns3:TrackPointExtension>
        </extensions>
      </trkpt>
      <trkpt lat="24.49381076730787754058837890625" lon="117.967720963060855865478515625">
        <ele>82</ele>
        <time>2026-09-19T07:28:03.000Z</time>
        <extensions>
          <ns3:TrackPointExtension>
            <ns3:hr>126</ns3:hr>
            <ns3:cad>48</ns3:cad>
          </ns3:TrackPointExtension>
        </extensions>
      </trkpt>
      <trkpt lat="24.49381864629685878753662109375" lon="117.9677192866802215576171875">
        <ele>82</ele>
        <time>2026-09-19T07:28:04.000Z</time>
        <extensions>
          <ns3:TrackPointExtension>
            <ns3:hr>126</ns3:hr>
            <ns3:cad>48</ns3:cad>
          </ns3:TrackPointExtension>
        </extensions>
      </trkpt>
      <trkpt lat="24.49382417835295200347900390625" lon="117.967716939747333526611328125">
        <ele>82</ele>
        <time>2026-09-19T07:28:05.000Z</time>
        <extensions>
          <ns3:TrackPointExtension>
            <ns3:hr>126</ns3:hr>
            <ns3:cad>48</ns3:cad>
          </ns3:TrackPointExtension>
        </extensions>
      </trkpt>
      <trkpt lat="24.49383272789418697357177734375" lon="117.9677161015570163726806640625">
        <ele>82.40000152587890625</ele>
        <time>2026-09-19T07:28:06.000Z</time>
        <extensions>
          <ns3:TrackPointExtension>
            <ns3:hr>126</ns3:hr>
            <ns3:cad>48</ns3:cad>
          </ns3:TrackPointExtension>
        </extensions>
      </trkpt>
      <trkpt lat="24.49384513311088085174560546875" lon="117.96771727502346038818359375">
        <ele>82.59999847412109375</ele>
        <time>2026-09-19T07:28:07.000Z</time>
        <extensions>
          <ns3:TrackPointExtension>
            <ns3:hr>127</ns3:hr>
            <ns3:cad>47</ns3:cad>
          </ns3:TrackPointExtension>
        </extensions>
      </trkpt>
      <trkpt lat="24.49385787360370159149169921875" lon="117.96771836467087268829345703125">
        <ele>82.8000030517578125</ele>
        <time>2026-09-19T07:28:08.000Z</time>
        <extensions>
          <ns3:TrackPointExtension>
            <ns3:hr>127</ns3:hr>
            <ns3:cad>48</ns3:cad>
          </ns3:TrackPointExtension>
        </extensions>
      </trkpt>
      <trkpt lat="24.49386793188750743865966796875" lon="117.9677194543182849884033203125">
        <ele>83.1999969482421875</ele>
        <time>2026-09-19T07:28:09.000Z</time>
        <extensions>
          <ns3:TrackPointExtension>
            <ns3:hr>128</ns3:hr>
            <ns3:cad>49</ns3:cad>
          </ns3:TrackPointExtension>
        </extensions>
      </trkpt>
      <trkpt lat="24.49387731961905956268310546875" lon="117.967722304165363311767578125">
        <ele>83.40000152587890625</ele>
        <time>2026-09-19T07:28:10.000Z</time>
        <extensions>
          <ns3:TrackPointExtension>
            <ns3:hr>128</ns3:hr>
            <ns3:cad>49</ns3:cad>
          </ns3:TrackPointExtension>
        </extensions>
      </trkpt>
      <trkpt lat="24.4938906468451023101806640625" lon="117.96772532165050506591796875">
        <ele>83.59999847412109375</ele>
        <time>2026-09-19T07:28:11.000Z</time>
        <extensions>
          <ns3:TrackPointExtension>
            <ns3:hr>130</ns3:hr>
            <ns3:cad>49</ns3:cad>
          </ns3:TrackPointExtension>
        </extensions>
      </trkpt>
      <trkpt lat="24.4939030520617961883544921875" lon="117.96772540546953678131103515625">
        <ele>83.8000030517578125</ele>
        <time>2026-09-19T07:28:12.000Z</time>
        <extensions>
          <ns3:TrackPointExtension>
            <ns3:hr>130</ns3:hr>
            <ns3:cad>48</ns3:cad>
          </ns3:TrackPointExtension>
        </extensions>
      </trkpt>
      <trkpt lat="24.4939137808978557586669921875" lon="117.96772724948823451995849609375">
        <ele>84</ele>
        <time>2026-09-19T07:28:13.000Z</time>
        <extensions>
          <ns3:TrackPointExtension>
            <ns3:hr>130</ns3:hr>
            <ns3:cad>47</ns3:cad>
          </ns3:TrackPointExtension>
        </extensions>
      </trkpt>
      <trkpt lat="24.4939219951629638671875" lon="117.96772674657404422760009765625">
        <ele>84.40000152587890625</ele>
        <time>2026-09-19T07:28:14.000Z</time>
        <extensions>
          <ns3:TrackPointExtension>
            <ns3:hr>131</ns3:hr>
            <ns3:cad>46</ns3:cad>
          </ns3:TrackPointExtension>
        </extensions>
      </trkpt>
      <trkpt lat="24.49393029324710369110107421875" lon="117.96772289089858531951904296875">
        <ele>84.59999847412109375</ele>
        <time>2026-09-19T07:28:15.000Z</time>
        <extensions>
          <ns3:TrackPointExtension>
            <ns3:hr>132</ns3:hr>
            <ns3:cad>44</ns3:cad>
          </ns3:TrackPointExtension>
        </extensions>
      </trkpt>
      <trkpt lat="24.49394303373992443084716796875" lon="117.96772263944149017333984375">
        <ele>84.8000030517578125</ele>
        <time>2026-09-19T07:28:16.000Z</time>
        <extensions>
          <ns3:TrackPointExtension>
            <ns3:hr>133</ns3:hr>
            <ns3:cad>45</ns3:cad>
          </ns3:TrackPointExtension>
        </extensions>
      </trkpt>
      <trkpt lat="24.49395443312823772430419921875" lon="117.9677187837660312652587890625">
        <ele>85</ele>
        <time>2026-09-19T07:28:17.000Z</time>
        <extensions>
          <ns3:TrackPointExtension>
            <ns3:hr>133</ns3:hr>
            <ns3:cad>47</ns3:cad>
          </ns3:TrackPointExtension>
        </extensions>
      </trkpt>
      <trkpt lat="24.49396549724042415618896484375" lon="117.9677171073853969573974609375">
        <ele>85.1999969482421875</ele>
        <time>2026-09-19T07:28:18.000Z</time>
        <extensions>
          <ns3:TrackPointExtension>
            <ns3:hr>134</ns3:hr>
            <ns3:cad>48</ns3:cad>
          </ns3:TrackPointExtension>
        </extensions>
      </trkpt>
      <trkpt lat="24.4939724542200565338134765625" lon="117.96771115623414516448974609375">
        <ele>85.40000152587890625</ele>
        <time>2026-09-19T07:28:19.000Z</time>
        <extensions>
          <ns3:TrackPointExtension>
            <ns3:hr>134</ns3:hr>
            <ns3:cad>48</ns3:cad>
          </ns3:TrackPointExtension>
        </extensions>
      </trkpt>
      <trkpt lat="24.49397899210453033447265625" lon="117.9677077196538448333740234375">
        <ele>85.59999847412109375</ele>
        <time>2026-09-19T07:28:20.000Z</time>
        <extensions>
          <ns3:TrackPointExtension>
            <ns3:hr>135</ns3:hr>
            <ns3:cad>48</ns3:cad>
          </ns3:TrackPointExtension>
        </extensions>
      </trkpt>
      <trkpt lat="24.4939892180263996124267578125" lon="117.96770193614065647125244140625">
        <ele>85.8000030517578125</ele>
        <time>2026-09-19T07:28:21.000Z</time>
        <extensions>
          <ns3:TrackPointExtension>
            <ns3:hr>135</ns3:hr>
            <ns3:cad>48</ns3:cad>
          </ns3:TrackPointExtension>
        </extensions>
      </trkpt>
      <trkpt lat="24.49399910867214202880859375" lon="117.96769891865551471710205078125">
        <ele>86</ele>
        <time>2026-09-19T07:28:22.000Z</time>
        <extensions>
          <ns3:TrackPointExtension>
            <ns3:hr>136</ns3:hr>
            <ns3:cad>48</ns3:cad>
          </ns3:TrackPointExtension>
        </extensions>
      </trkpt>
      <trkpt lat="24.4940086640417575836181640625" lon="117.96769774518907070159912109375">
        <ele>86.1999969482421875</ele>
        <time>2026-09-19T07:28:23.000Z</time>
        <extensions>
          <ns3:TrackPointExtension>
            <ns3:hr>138</ns3:hr>
            <ns3:cad>49</ns3:cad>
          </ns3:TrackPointExtension>
        </extensions>
      </trkpt>
      <trkpt lat="24.49401411227881908416748046875" lon="117.967694140970706939697265625">
        <ele>86.40000152587890625</ele>
        <time>2026-09-19T07:28:24.000Z</time>
        <extensions>
          <ns3:TrackPointExtension>
            <ns3:hr>139</ns3:hr>
            <ns3:cad>50</ns3:cad>
          </ns3:TrackPointExtension>
        </extensions>
      </trkpt>
      <trkpt lat="24.49402567930519580841064453125" lon="117.967687435448169708251953125">
        <ele>86.59999847412109375</ele>
        <time>2026-09-19T07:28:25.000Z</time>
        <extensions>
          <ns3:TrackPointExtension>
            <ns3:hr>139</ns3:hr>
            <ns3:cad>47</ns3:cad>
          </ns3:TrackPointExtension>
        </extensions>
      </trkpt>
      <trkpt lat="24.4940391741693019866943359375" lon="117.96768081374466419219970703125">
        <ele>86.8000030517578125</ele>
        <time>2026-09-19T07:28:26.000Z</time>
        <extensions>
          <ns3:TrackPointExtension>
            <ns3:hr>140</ns3:hr>
            <ns3:cad>47</ns3:cad>
          </ns3:TrackPointExtension>
        </extensions>
      </trkpt>
      <trkpt lat="24.494055770337581634521484375" lon="117.9676705040037631988525390625">
        <ele>87.1999969482421875</ele>
        <time>2026-09-19T07:28:27.000Z</time>
        <extensions>
          <ns3:TrackPointExtension>
            <ns3:hr>139</ns3:hr>
            <ns3:cad>47</ns3:cad>
          </ns3:TrackPointExtension>
        </extensions>
      </trkpt>
      <trkpt lat="24.49406222440302371978759765625" lon="117.9676678217947483062744140625">
        <ele>87.40000152587890625</ele>
        <time>2026-09-19T07:28:28.000Z</time>
        <extensions>
          <ns3:TrackPointExtension>
            <ns3:hr>138</ns3:hr>
            <ns3:cad>47</ns3:cad>
          </ns3:TrackPointExtension>
        </extensions>
      </trkpt>
      <trkpt lat="24.49406482279300689697265625" lon="117.967659942805767059326171875">
        <ele>87.8000030517578125</ele>
        <time>2026-09-19T07:28:29.000Z</time>
        <extensions>
          <ns3:TrackPointExtension>
            <ns3:hr>138</ns3:hr>
            <ns3:cad>48</ns3:cad>
          </ns3:TrackPointExtension>
        </extensions>
      </trkpt>
      <trkpt lat="24.49407513253390789031982421875" lon="117.9676470346748828887939453125">
        <ele>88</ele>
        <time>2026-09-19T07:28:30.000Z</time>
        <extensions>
          <ns3:TrackPointExtension>
            <ns3:hr>138</ns3:hr>
            <ns3:cad>48</ns3:cad>
          </ns3:TrackPointExtension>
        </extensions>
      </trkpt>
      <trkpt lat="24.4940841011703014373779296875" lon="117.96763957478106021881103515625">
        <ele>88</ele>
        <time>2026-09-19T07:28:31.000Z</time>
        <extensions>
          <ns3:TrackPointExtension>
            <ns3:hr>138</ns3:hr>
            <ns3:cad>47</ns3:cad>
          </ns3:TrackPointExtension>
        </extensions>
      </trkpt>
      <trkpt lat="24.494088627398014068603515625" lon="117.96763035468757152557373046875">
        <ele>88.1999969482421875</ele>
        <time>2026-09-19T07:28:32.000Z</time>
        <extensions>
          <ns3:TrackPointExtension>
            <ns3:hr>138</ns3:hr>
            <ns3:cad>46</ns3:cad>
          </ns3:TrackPointExtension>
        </extensions>
      </trkpt>
      <trkpt lat="24.49409323744475841522216796875" lon="117.967625074088573455810546875">
        <ele>88.1999969482421875</ele>
        <time>2026-09-19T07:28:33.000Z</time>
        <extensions>
          <ns3:TrackPointExtension>
            <ns3:hr>139</ns3:hr>
            <ns3:cad>46</ns3:cad>
          </ns3:TrackPointExtension>
        </extensions>
      </trkpt>
      <trkpt lat="24.49409860186278820037841796875" lon="117.96762046404182910919189453125">
        <ele>88.1999969482421875</ele>
        <time>2026-09-19T07:28:34.000Z</time>
        <extensions>
          <ns3:TrackPointExtension>
            <ns3:hr>139</ns3:hr>
            <ns3:cad>46</ns3:cad>
          </ns3:TrackPointExtension>
        </extensions>
      </trkpt>
      <trkpt lat="24.4941072352230548858642578125" lon="117.9676138423383235931396484375">
        <ele>88.1999969482421875</ele>
        <time>2026-09-19T07:28:35.000Z</time>
        <extensions>
          <ns3:TrackPointExtension>
            <ns3:hr>139</ns3:hr>
            <ns3:cad>46</ns3:cad>
          </ns3:TrackPointExtension>
        </extensions>
      </trkpt>
      <trkpt lat="24.494117461144924163818359375" lon="117.96760537661612033843994140625">
        <ele>88.40000152587890625</ele>
        <time>2026-09-19T07:28:36.000Z</time>
        <extensions>
          <ns3:TrackPointExtension>
            <ns3:hr>139</ns3:hr>
            <ns3:cad>46</ns3:cad>
          </ns3:TrackPointExtension>
        </extensions>
      </trkpt>
      <trkpt lat="24.49412475340068340301513671875" lon="117.9675972461700439453125">
        <ele>88.59999847412109375</ele>
        <time>2026-09-19T07:28:37.000Z</time>
        <extensions>
          <ns3:TrackPointExtension>
            <ns3:hr>140</ns3:hr>
            <ns3:cad>46</ns3:cad>
          </ns3:TrackPointExtension>
        </extensions>
      </trkpt>
      <trkpt lat="24.4941273517906665802001953125" lon="117.9675930552184581756591796875">
        <ele>88.59999847412109375</ele>
        <time>2026-09-19T07:28:38.000Z</time>
        <extensions>
          <ns3:TrackPointExtension>
            <ns3:hr>140</ns3:hr>
            <ns3:cad>48</ns3:cad>
          </ns3:TrackPointExtension>
        </extensions>
      </trkpt>
      <trkpt lat="24.4941273517906665802001953125" lon="117.967590875923633575439453125">
        <ele>88.8000030517578125</ele>
        <time>2026-09-19T07:28:39.000Z</time>
        <extensions>
          <ns3:TrackPointExtension>
            <ns3:hr>140</ns3:hr>
            <ns3:cad>48</ns3:cad>
          </ns3:TrackPointExtension>
        </extensions>
      </trkpt>
      <trkpt lat="24.494129531085491180419921875" lon="117.96758475713431835174560546875">
        <ele>88.8000030517578125</ele>
        <time>2026-09-19T07:28:40.000Z</time>
        <extensions>
          <ns3:TrackPointExtension>
            <ns3:hr>140</ns3:hr>
            <ns3:cad>49</ns3:cad>
          </ns3:TrackPointExtension>
        </extensions>
      </trkpt>
      <trkpt lat="24.4941340573132038116455078125" lon="117.96757386066019535064697265625">
        <ele>89</ele>
        <time>2026-09-19T07:28:41.000Z</time>
        <extensions>
          <ns3:TrackPointExtension>
            <ns3:hr>139</ns3:hr>
            <ns3:cad>49</ns3:cad>
          </ns3:TrackPointExtension>
        </extensions>
      </trkpt>
      <trkpt lat="24.4941380806267261505126953125" lon="117.9675628803670406341552734375">
        <ele>89.1999969482421875</ele>
        <time>2026-09-19T07:28:42.000Z</time>
        <extensions>
          <ns3:TrackPointExtension>
            <ns3:hr>139</ns3:hr>
            <ns3:cad>49</ns3:cad>
          </ns3:TrackPointExtension>
        </extensions>
      </trkpt>
      <trkpt lat="24.4941444508731365203857421875" lon="117.96755692921578884124755859375">
        <ele>89.40000152587890625</ele>
        <time>2026-09-19T07:28:43.000Z</time>
        <extensions>
          <ns3:TrackPointExtension>
            <ns3:hr>139</ns3:hr>
            <ns3:cad>49</ns3:cad>
          </ns3:TrackPointExtension>
        </extensions>
      </trkpt>
      <trkpt lat="24.4941501505672931671142578125" lon="117.9675477929413318634033203125">
        <ele>89.59999847412109375</ele>
        <time>2026-09-19T07:28:44.000Z</time>
        <extensions>
          <ns3:TrackPointExtension>
            <ns3:hr>139</ns3:hr>
            <ns3:cad>49</ns3:cad>
          </ns3:TrackPointExtension>
        </extensions>
      </trkpt>
      <trkpt lat="24.49415643699467182159423828125" lon="117.967536561191082000732421875">
        <ele>89.8000030517578125</ele>
        <time>2026-09-19T07:28:45.000Z</time>
        <extensions>
          <ns3:TrackPointExtension>
            <ns3:hr>139</ns3:hr>
            <ns3:cad>47</ns3:cad>
          </ns3:TrackPointExtension>
        </extensions>
      </trkpt>
      <trkpt lat="24.4941647350788116455078125" lon="117.96752440743148326873779296875">
        <ele>90</ele>
        <time>2026-09-19T07:28:46.000Z</time>
        <extensions>
          <ns3:TrackPointExtension>
            <ns3:hr>138</ns3:hr>
            <ns3:cad>47</ns3:cad>
          </ns3:TrackPointExtension>
        </extensions>
      </trkpt>
      <trkpt lat="24.49416766874492168426513671875" lon="117.9675146006047725677490234375">
        <ele>90.1999969482421875</ele>
        <time>2026-09-19T07:28:47.000Z</time>
        <extensions>
          <ns3:TrackPointExtension>
            <ns3:hr>139</ns3:hr>
            <ns3:cad>47</ns3:cad>
          </ns3:TrackPointExtension>
        </extensions>
      </trkpt>
      <trkpt lat="24.49417253024876117706298828125" lon="117.96750747598707675933837890625">
        <ele>90.40000152587890625</ele>
        <time>2026-09-19T07:28:48.000Z</time>
        <extensions>
          <ns3:TrackPointExtension>
            <ns3:hr>138</ns3:hr>
            <ns3:cad>48</ns3:cad>
          </ns3:TrackPointExtension>
        </extensions>
      </trkpt>
      <trkpt lat="24.49417613446712493896484375" lon="117.96749909408390522003173828125">
        <ele>90.59999847412109375</ele>
        <time>2026-09-19T07:28:49.000Z</time>
        <extensions>
          <ns3:TrackPointExtension>
            <ns3:hr>138</ns3:hr>
            <ns3:cad>49</ns3:cad>
          </ns3:TrackPointExtension>
        </extensions>
      </trkpt>
      <trkpt lat="24.49418191798031330108642578125" lon="117.9674859344959259033203125">
        <ele>90.8000030517578125</ele>
        <time>2026-09-19T07:28:50.000Z</time>
        <extensions>
          <ns3:TrackPointExtension>
            <ns3:hr>138</ns3:hr>
            <ns3:cad>49</ns3:cad>
          </ns3:TrackPointExtension>
        </extensions>
      </trkpt>
      <trkpt lat="24.49418845586478710174560546875" lon="117.96747243963181972503662109375">
        <ele>91</ele>
        <time>2026-09-19T07:28:51.000Z</time>
        <extensions>
          <ns3:TrackPointExtension>
            <ns3:hr>138</ns3:hr>
            <ns3:cad>48</ns3:cad>
          </ns3:TrackPointExtension>
        </extensions>
      </trkpt>
      <trkpt lat="24.49419432319700717926025390625" lon="117.96746305190026760101318359375">
        <ele>91.40000152587890625</ele>
        <time>2026-09-19T07:28:52.000Z</time>
        <extensions>
          <ns3:TrackPointExtension>
            <ns3:hr>138</ns3:hr>
            <ns3:cad>48</ns3:cad>
          </ns3:TrackPointExtension>
        </extensions>
      </trkpt>
      <trkpt lat="24.494199268519878387451171875" lon="117.96745517291128635406494140625">
        <ele>91.59999847412109375</ele>
        <time>2026-09-19T07:28:53.000Z</time>
        <extensions>
          <ns3:TrackPointExtension>
            <ns3:hr>137</ns3:hr>
            <ns3:cad>48</ns3:cad>
          </ns3:TrackPointExtension>
        </extensions>
      </trkpt>
      <trkpt lat="24.49420337565243244171142578125" lon="117.9674510657787322998046875">
        <ele>91.8000030517578125</ele>
        <time>2026-09-19T07:28:54.000Z</time>
        <extensions>
          <ns3:TrackPointExtension>
            <ns3:hr>137</ns3:hr>
            <ns3:cad>47</ns3:cad>
          </ns3:TrackPointExtension>
        </extensions>
      </trkpt>
      <trkpt lat="24.49421226046979427337646484375" lon="117.96743840910494327545166015625">
        <ele>92</ele>
        <time>2026-09-19T07:28:55.000Z</time>
        <extensions>
          <ns3:TrackPointExtension>
            <ns3:hr>137</ns3:hr>
            <ns3:cad>46</ns3:cad>
          </ns3:TrackPointExtension>
        </extensions>
      </trkpt>
      <trkpt lat="24.4942242465913295745849609375" lon="117.96742432750761508941650390625">
        <ele>92.1999969482421875</ele>
        <time>2026-09-19T07:28:56.000Z</time>
        <extensions>
          <ns3:TrackPointExtension>
            <ns3:hr>136</ns3:hr>
            <ns3:cad>47</ns3:cad>
          </ns3:TrackPointExtension>
        </extensions>
      </trkpt>
      <trkpt lat="24.4942344725131988525390625" lon="117.96741292811930179595947265625">
        <ele>92.40000152587890625</ele>
        <time>2026-09-19T07:28:57.000Z</time>
        <extensions>
          <ns3:TrackPointExtension>
            <ns3:hr>136</ns3:hr>
            <ns3:cad>49</ns3:cad>
          </ns3:TrackPointExtension>
        </extensions>
      </trkpt>
      <trkpt lat="24.49423941783607006072998046875" lon="117.9674066416919231414794921875">
        <ele>92.59999847412109375</ele>
        <time>2026-09-19T07:28:58.000Z</time>
        <extensions>
          <ns3:TrackPointExtension>
            <ns3:hr>136</ns3:hr>
            <ns3:cad>49</ns3:cad>
          </ns3:TrackPointExtension>
        </extensions>
      </trkpt>
      <trkpt lat="24.49424109421670436859130859375" lon="117.967403121292591094970703125">
        <ele>92.8000030517578125</ele>
        <time>2026-09-19T07:28:59.000Z</time>
        <extensions>
          <ns3:TrackPointExtension>
            <ns3:hr>136</ns3:hr>
            <ns3:cad>49</ns3:cad>
          </ns3:TrackPointExtension>
        </extensions>
      </trkpt>
      <trkpt lat="24.4942490570247173309326171875" lon="117.96739499084651470184326171875">
        <ele>93</ele>
        <time>2026-09-19T07:29:00.000Z</time>
        <extensions>
          <ns3:TrackPointExtension>
            <ns3:hr>135</ns3:hr>
            <ns3:cad>49</ns3:cad>
          </ns3:TrackPointExtension>
        </extensions>
      </trkpt>
      <trkpt lat="24.4942591153085231781005859375" lon="117.967387028038501739501953125">
        <ele>93.1999969482421875</ele>
        <time>2026-09-19T07:29:01.000Z</time>
        <extensions>
          <ns3:TrackPointExtension>
            <ns3:hr>136</ns3:hr>
            <ns3:cad>48</ns3:cad>
          </ns3:TrackPointExtension>
        </extensions>
      </trkpt>
      <trkpt lat="24.4942666590213775634765625" lon="117.9673759639263153076171875">
        <ele>93.59999847412109375</ele>
        <time>2026-09-19T07:29:02.000Z</time>
        <extensions>
          <ns3:TrackPointExtension>
            <ns3:hr>136</ns3:hr>
            <ns3:cad>48</ns3:cad>
          </ns3:TrackPointExtension>
        </extensions>
      </trkpt>
      <trkpt lat="24.49426959268748760223388671875" lon="117.96736934222280979156494140625">
        <ele>93.8000030517578125</ele>
        <time>2026-09-19T07:29:03.000Z</time>
        <extensions>
          <ns3:TrackPointExtension>
            <ns3:hr>136</ns3:hr>
            <ns3:cad>48</ns3:cad>
          </ns3:TrackPointExtension>
        </extensions>
      </trkpt>
      <trkpt lat="24.4942738674581050872802734375" lon="117.967367582023143768310546875">
        <ele>94</ele>
        <time>2026-09-19T07:29:04.000Z</time>
        <extensions>
          <ns3:TrackPointExtension>
            <ns3:hr>136</ns3:hr>
            <ns3:cad>48</ns3:cad>
          </ns3:TrackPointExtension>
        </extensions>
      </trkpt>
      <trkpt lat="24.49427998624742031097412109375" lon="117.9673623852431774139404296875">
        <ele>94.1999969482421875</ele>
        <time>2026-09-19T07:29:05.000Z</time>
        <extensions>
          <ns3:TrackPointExtension>
            <ns3:hr>136</ns3:hr>
            <ns3:cad>48</ns3:cad>
          </ns3:TrackPointExtension>
        </extensions>
      </trkpt>
      <trkpt lat="24.49429088272154331207275390625" lon="117.967349477112293243408203125">
        <ele>94.40000152587890625</ele>
        <time>2026-09-19T07:29:06.000Z</time>
        <extensions>
          <ns3:TrackPointExtension>
            <ns3:hr>136</ns3:hr>
            <ns3:cad>49</ns3:cad>
          </ns3:TrackPointExtension>
        </extensions>
      </trkpt>
      <trkpt lat="24.49430219829082489013671875" lon="117.96734176576137542724609375">
        <ele>94.40000152587890625</ele>
        <time>2026-09-19T07:29:07.000Z</time>
        <extensions>
          <ns3:TrackPointExtension>
            <ns3:hr>136</ns3:hr>
            <ns3:cad>49</ns3:cad>
          </ns3:TrackPointExtension>
        </extensions>
      </trkpt>
      <trkpt lat="24.49430781416594982147216796875" lon="117.9673325456678867340087890625">
        <ele>94.59999847412109375</ele>
        <time>2026-09-19T07:29:08.000Z</time>
        <extensions>
          <ns3:TrackPointExtension>
            <ns3:hr>136</ns3:hr>
            <ns3:cad>49</ns3:cad>
          </ns3:TrackPointExtension>
        </extensions>
      </trkpt>
      <trkpt lat="24.49430479668080806732177734375" lon="117.96732692979276180267333984375">
        <ele>94.8000030517578125</ele>
        <time>2026-09-19T07:29:09.000Z</time>
        <extensions>
          <ns3:TrackPointExtension>
            <ns3:hr>136</ns3:hr>
            <ns3:cad>48</ns3:cad>
          </ns3:TrackPointExtension>
        </extensions>
      </trkpt>
      <trkpt lat="24.49431066401302814483642578125" lon="117.967317961156368255615234375">
        <ele>94.8000030517578125</ele>
        <time>2026-09-19T07:29:10.000Z</time>
        <extensions>
          <ns3:TrackPointExtension>
            <ns3:hr>135</ns3:hr>
            <ns3:cad>48</ns3:cad>
          </ns3:TrackPointExtension>
        </extensions>
      </trkpt>
      <trkpt lat="24.4943184591829776763916015625" lon="117.96730153262615203857421875">
        <ele>95</ele>
        <time>2026-09-19T07:29:11.000Z</time>
        <extensions>
          <ns3:TrackPointExtension>
            <ns3:hr>134</ns3:hr>
            <ns3:cad>48</ns3:cad>
          </ns3:TrackPointExtension>
        </extensions>
      </trkpt>
      <trkpt lat="24.4943238236010074615478515625" lon="117.9672866128385066986083984375">
        <ele>95.1999969482421875</ele>
        <time>2026-09-19T07:29:12.000Z</time>
        <extensions>
          <ns3:TrackPointExtension>
            <ns3:hr>134</ns3:hr>
            <ns3:cad>47</ns3:cad>
          </ns3:TrackPointExtension>
        </extensions>
      </trkpt>
      <trkpt lat="24.4943241588771343231201171875" lon="117.96728082932531833648681640625">
        <ele>95.1999969482421875</ele>
        <time>2026-09-19T07:29:13.000Z</time>
        <extensions>
          <ns3:TrackPointExtension>
            <ns3:hr>134</ns3:hr>
            <ns3:cad>47</ns3:cad>
          </ns3:TrackPointExtension>
        </extensions>
      </trkpt>
      <trkpt lat="24.4943254999816417694091796875" lon="117.96727546490728855133056640625">
        <ele>95.40000152587890625</ele>
        <time>2026-09-19T07:29:14.000Z</time>
        <extensions>
          <ns3:TrackPointExtension>
            <ns3:hr>134</ns3:hr>
            <ns3:cad>47</ns3:cad>
          </ns3:TrackPointExtension>
        </extensions>
      </trkpt>
      <trkpt lat="24.4943311996757984161376953125" lon="117.96727077104151248931884765625">
        <ele>95.59999847412109375</ele>
        <time>2026-09-19T07:29:15.000Z</time>
        <extensions>
          <ns3:TrackPointExtension>
            <ns3:hr>134</ns3:hr>
            <ns3:cad>47</ns3:cad>
          </ns3:TrackPointExtension>
        </extensions>
      </trkpt>
      <trkpt lat="24.494334720075130462646484375" lon="117.96726456843316555023193359375">
        <ele>96</ele>
        <time>2026-09-19T07:29:16.000Z</time>
        <extensions>
          <ns3:TrackPointExtension>
            <ns3:hr>134</ns3:hr>
            <ns3:cad>47</ns3:cad>
          </ns3:TrackPointExtension>
        </extensions>
      </trkpt>
      <trkpt lat="24.494336731731891632080078125" lon="117.9672579467296600341796875">
        <ele>96.1999969482421875</ele>
        <time>2026-09-19T07:29:17.000Z</time>
        <extensions>
          <ns3:TrackPointExtension>
            <ns3:hr>135</ns3:hr>
            <ns3:cad>47</ns3:cad>
          </ns3:TrackPointExtension>
        </extensions>
      </trkpt>
      <trkpt lat="24.494334049522876739501953125" lon="117.9672507382929325103759765625">
        <ele>96.59999847412109375</ele>
        <time>2026-09-19T07:29:18.000Z</time>
        <extensions>
          <ns3:TrackPointExtension>
            <ns3:hr>135</ns3:hr>
            <ns3:cad>47</ns3:cad>
          </ns3:TrackPointExtension>
        </extensions>
      </trkpt>
      <trkpt lat="24.4943348877131938934326171875" lon="117.96723942272365093231201171875">
        <ele>96.8000030517578125</ele>
        <time>2026-09-19T07:29:19.000Z</time>
        <extensions>
          <ns3:TrackPointExtension>
            <ns3:hr>135</ns3:hr>
            <ns3:cad>47</ns3:cad>
          </ns3:TrackPointExtension>
        </extensions>
      </trkpt>
      <trkpt lat="24.49434318579733371734619140625" lon="117.96722768805921077728271484375">
        <ele>96.8000030517578125</ele>
        <time>2026-09-19T07:29:20.000Z</time>
        <extensions>
          <ns3:TrackPointExtension>
            <ns3:hr>135</ns3:hr>
            <ns3:cad>47</ns3:cad>
          </ns3:TrackPointExtension>
        </extensions>
      </trkpt>
      <trkpt lat="24.4943493045866489410400390625" lon="117.96721167862415313720703125">
        <ele>96.8000030517578125</ele>
        <time>2026-09-19T07:29:21.000Z</time>
        <extensions>
          <ns3:TrackPointExtension>
            <ns3:hr>135</ns3:hr>
            <ns3:cad>48</ns3:cad>
          </ns3:TrackPointExtension>
        </extensions>
      </trkpt>
      <trkpt lat="24.4943499751389026641845703125" lon="117.96719986014068126678466796875">
        <ele>96.8000030517578125</ele>
        <time>2026-09-19T07:29:22.000Z</time>
        <extensions>
          <ns3:TrackPointExtension>
            <ns3:hr>135</ns3:hr>
            <ns3:cad>48</ns3:cad>
          </ns3:TrackPointExtension>
        </extensions>
      </trkpt>
      <trkpt lat="24.49434704147279262542724609375" lon="117.967189885675907135009765625">
        <ele>97</ele>
        <time>2026-09-19T07:29:23.000Z</time>
        <extensions>
          <ns3:TrackPointExtension>
            <ns3:hr>136</ns3:hr>
            <ns3:cad>48</ns3:cad>
          </ns3:TrackPointExtension>
        </extensions>
      </trkpt>
      <trkpt lat="24.49434972368180751800537109375" lon="117.9671749658882617950439453125">
        <ele>97.1999969482421875</ele>
        <time>2026-09-19T07:29:24.000Z</time>
        <extensions>
          <ns3:TrackPointExtension>
            <ns3:hr>137</ns3:hr>
            <ns3:cad>48</ns3:cad>
          </ns3:TrackPointExtension>
        </extensions>
      </trkpt>
      <trkpt lat="24.49435316026210784912109375" lon="117.9671655781567096710205078125">
        <ele>97.40000152587890625</ele>
        <time>2026-09-19T07:29:25.000Z</time>
        <extensions>
          <ns3:TrackPointExtension>
            <ns3:hr>137</ns3:hr>
            <ns3:cad>48</ns3:cad>
          </ns3:TrackPointExtension>
        </extensions>
      </trkpt>
      <trkpt lat="24.49435793794691562652587890625" lon="117.96715023927390575408935546875">
        <ele>97.59999847412109375</ele>
        <time>2026-09-19T07:29:26.000Z</time>
        <extensions>
          <ns3:TrackPointExtension>
            <ns3:hr>137</ns3:hr>
            <ns3:cad>48</ns3:cad>
          </ns3:TrackPointExtension>
        </extensions>
      </trkpt>
      <trkpt lat="24.49436078779399394989013671875" lon="117.9671400971710681915283203125">
        <ele>97.8000030517578125</ele>
        <time>2026-09-19T07:29:27.000Z</time>
        <extensions>
          <ns3:TrackPointExtension>
            <ns3:hr>137</ns3:hr>
            <ns3:cad>48</ns3:cad>
          </ns3:TrackPointExtension>
        </extensions>
      </trkpt>
      <trkpt lat="24.494362883269786834716796875" lon="117.9671292006969451904296875">
        <ele>97.8000030517578125</ele>
        <time>2026-09-19T07:29:28.000Z</time>
        <extensions>
          <ns3:TrackPointExtension>
            <ns3:hr>137</ns3:hr>
            <ns3:cad>47</ns3:cad>
          </ns3:TrackPointExtension>
        </extensions>
      </trkpt>
      <trkpt lat="24.49436430819332599639892578125" lon="117.9671216569840908050537109375">
        <ele>97.8000030517578125</ele>
        <time>2026-09-19T07:29:29.000Z</time>
        <extensions>
          <ns3:TrackPointExtension>
            <ns3:hr>136</ns3:hr>
            <ns3:cad>47</ns3:cad>
          </ns3:TrackPointExtension>
        </extensions>
      </trkpt>
      <trkpt lat="24.49437134899199008941650390625" lon="117.96711268834769725799560546875">
        <ele>97.8000030517578125</ele>
        <time>2026-09-19T07:29:30.000Z</time>
        <extensions>
          <ns3:TrackPointExtension>
            <ns3:hr>137</ns3:hr>
            <ns3:cad>47</ns3:cad>
          </ns3:TrackPointExtension>
        </extensions>
      </trkpt>
      <trkpt lat="24.4943754561245441436767578125" lon="117.96710665337741374969482421875">
        <ele>97.8000030517578125</ele>
        <time>2026-09-19T07:29:31.000Z</time>
        <extensions>
          <ns3:TrackPointExtension>
            <ns3:hr>137</ns3:hr>
            <ns3:cad>48</ns3:cad>
          </ns3:TrackPointExtension>
        </extensions>
      </trkpt>
      <trkpt lat="24.4943801499903202056884765625" lon="117.9670951701700687408447265625">
        <ele>98</ele>
        <time>2026-09-19T07:29:32.000Z</time>
        <extensions>
          <ns3:TrackPointExtension>
            <ns3:hr>136</ns3:hr>
            <ns3:cad>48</ns3:cad>
          </ns3:TrackPointExtension>
        </extensions>
      </trkpt>
      <trkpt lat="24.4943865202367305755615234375" lon="117.96707832254469394683837890625">
        <ele>98.1999969482421875</ele>
        <time>2026-09-19T07:29:33.000Z</time>
        <extensions>
          <ns3:TrackPointExtension>
            <ns3:hr>136</ns3:hr>
            <ns3:cad>48</ns3:cad>
          </ns3:TrackPointExtension>
        </extensions>
      </trkpt>
      <trkpt lat="24.49439079500734806060791015625" lon="117.96706424094736576080322265625">
        <ele>98.40000152587890625</ele>
        <time>2026-09-19T07:29:34.000Z</time>
        <extensions>
          <ns3:TrackPointExtension>
            <ns3:hr>136</ns3:hr>
            <ns3:cad>48</ns3:cad>
          </ns3:TrackPointExtension>
        </extensions>
      </trkpt>
      <trkpt lat="24.49439213611185550689697265625" lon="117.967055104672908782958984375">
        <ele>98.40000152587890625</ele>
        <time>2026-09-19T07:29:35.000Z</time>
        <extensions>
          <ns3:TrackPointExtension>
            <ns3:hr>136</ns3:hr>
            <ns3:cad>47</ns3:cad>
          </ns3:TrackPointExtension>
        </extensions>
      </trkpt>
      <trkpt lat="24.49439247138798236846923828125" lon="117.967050075531005859375">
        <ele>98.59999847412109375</ele>
        <time>2026-09-19T07:29:36.000Z</time>
        <extensions>
          <ns3:TrackPointExtension>
            <ns3:hr>136</ns3:hr>
            <ns3:cad>47</ns3:cad>
          </ns3:TrackPointExtension>
        </extensions>
      </trkpt>
      <trkpt lat="24.4943975843489170074462890625" lon="117.9670364968478679656982421875">
        <ele>98.59999847412109375</ele>
        <time>2026-09-19T07:29:37.000Z</time>
        <extensions>
          <ns3:TrackPointExtension>
            <ns3:hr>136</ns3:hr>
            <ns3:cad>46</ns3:cad>
          </ns3:TrackPointExtension>
        </extensions>
      </trkpt>
      <trkpt lat="24.494403786957263946533203125" lon="117.96702015213668346405029296875">
        <ele>98.59999847412109375</ele>
        <time>2026-09-19T07:29:38.000Z</time>
        <extensions>
          <ns3:TrackPointExtension>
            <ns3:hr>136</ns3:hr>
            <ns3:cad>46</ns3:cad>
          </ns3:TrackPointExtension>
        </extensions>
      </trkpt>
      <trkpt lat="24.494409821927547454833984375" lon="117.9670085012912750244140625">
        <ele>98.8000030517578125</ele>
        <time>2026-09-19T07:29:39.000Z</time>
        <extensions>
          <ns3:TrackPointExtension>
            <ns3:hr>135</ns3:hr>
            <ns3:cad>46</ns3:cad>
          </ns3:TrackPointExtension>
        </extensions>
      </trkpt>
      <trkpt lat="24.49441443197429180145263671875" lon="117.96699869446456432342529296875">
        <ele>98.8000030517578125</ele>
        <time>2026-09-19T07:29:40.000Z</time>
        <extensions>
          <ns3:TrackPointExtension>
            <ns3:hr>135</ns3:hr>
            <ns3:cad>46</ns3:cad>
          </ns3:TrackPointExtension>
        </extensions>
      </trkpt>
      <trkpt lat="24.49441879056394100189208984375" lon="117.96699316240847110748291015625">
        <ele>98.8000030517578125</ele>
        <time>2026-09-19T07:29:41.000Z</time>
        <extensions>
          <ns3:TrackPointExtension>
            <ns3:hr>135</ns3:hr>
            <ns3:cad>50</ns3:cad>
          </ns3:TrackPointExtension>
        </extensions>
      </trkpt>
      <trkpt lat="24.49442264623939990997314453125" lon="117.96699115075170993804931640625">
        <ele>99</ele>
        <time>2026-09-19T07:29:42.000Z</time>
        <extensions>
          <ns3:TrackPointExtension>
            <ns3:hr>134</ns3:hr>
            <ns3:cad>50</ns3:cad>
          </ns3:TrackPointExtension>
        </extensions>
      </trkpt>
      <trkpt lat="24.49443035759031772613525390625" lon="117.96698545105755329132080078125">
        <ele>99</ele>
        <time>2026-09-19T07:29:43.000Z</time>
        <extensions>
          <ns3:TrackPointExtension>
            <ns3:hr>134</ns3:hr>
            <ns3:cad>50</ns3:cad>
          </ns3:TrackPointExtension>
        </extensions>
      </trkpt>
      <trkpt lat="24.4944358058273792266845703125" lon="117.9669711180031299591064453125">
        <ele>99.1999969482421875</ele>
        <time>2026-09-19T07:29:44.000Z</time>
        <extensions>
          <ns3:TrackPointExtension>
            <ns3:hr>134</ns3:hr>
            <ns3:cad>51</ns3:cad>
          </ns3:TrackPointExtension>
        </extensions>
      </trkpt>
      <trkpt lat="24.49443873949348926544189453125" lon="117.966959215700626373291015625">
        <ele>99.1999969482421875</ele>
        <time>2026-09-19T07:29:45.000Z</time>
        <extensions>
          <ns3:TrackPointExtension>
            <ns3:hr>134</ns3:hr>
            <ns3:cad>51</ns3:cad>
          </ns3:TrackPointExtension>
        </extensions>
      </trkpt>
      <trkpt lat="24.494444020092487335205078125" lon="117.96694873832166194915771484375">
        <ele>99.40000152587890625</ele>
        <time>2026-09-19T07:29:46.000Z</time>
        <extensions>
          <ns3:TrackPointExtension>
            <ns3:hr>134</ns3:hr>
            <ns3:cad>49</ns3:cad>
          </ns3:TrackPointExtension>
        </extensions>
      </trkpt>
      <trkpt lat="24.49444745667278766632080078125" lon="117.96694320626556873321533203125">
        <ele>99.40000152587890625</ele>
        <time>2026-09-19T07:29:47.000Z</time>
        <extensions>
          <ns3:TrackPointExtension>
            <ns3:hr>133</ns3:hr>
            <ns3:cad>49</ns3:cad>
          </ns3:TrackPointExtension>
        </extensions>
      </trkpt>
      <trkpt lat="24.49445231817662715911865234375" lon="117.9669342376291751861572265625">
        <ele>99.40000152587890625</ele>
        <time>2026-09-19T07:29:48.000Z</time>
        <extensions>
          <ns3:TrackPointExtension>
            <ns3:hr>133</ns3:hr>
            <ns3:cad>49</ns3:cad>
          </ns3:TrackPointExtension>
        </extensions>
      </trkpt>
      <trkpt lat="24.49445642530918121337890625" lon="117.966922335326671600341796875">
        <ele>99.59999847412109375</ele>
        <time>2026-09-19T07:29:49.000Z</time>
        <extensions>
          <ns3:TrackPointExtension>
            <ns3:hr>133</ns3:hr>
            <ns3:cad>49</ns3:cad>
          </ns3:TrackPointExtension>
        </extensions>
      </trkpt>
      <trkpt lat="24.49445642530918121337890625" lon="117.96690967865288257598876953125">
        <ele>99.59999847412109375</ele>
        <time>2026-09-19T07:29:50.000Z</time>
        <extensions>
          <ns3:TrackPointExtension>
            <ns3:hr>131</ns3:hr>
            <ns3:cad>49</ns3:cad>
          </ns3:TrackPointExtension>
        </extensions>
      </trkpt>
      <trkpt lat="24.494458772242069244384765625" lon="117.966894842684268951416015625">
        <ele>99.59999847412109375</ele>
        <time>2026-09-19T07:29:51.000Z</time>
        <extensions>
          <ns3:TrackPointExtension>
            <ns3:hr>130</ns3:hr>
            <ns3:cad>49</ns3:cad>
          </ns3:TrackPointExtension>
        </extensions>
      </trkpt>
      <trkpt lat="24.49445835314691066741943359375" lon="117.9668822698295116424560546875">
        <ele>99.8000030517578125</ele>
        <time>2026-09-19T07:29:52.000Z</time>
        <extensions>
          <ns3:TrackPointExtension>
            <ns3:hr>129</ns3:hr>
            <ns3:cad>49</ns3:cad>
          </ns3:TrackPointExtension>
        </extensions>
      </trkpt>
      <trkpt lat="24.494456760585308074951171875" lon="117.96687237918376922607421875">
        <ele>99.8000030517578125</ele>
        <time>2026-09-19T07:29:53.000Z</time>
        <extensions>
          <ns3:TrackPointExtension>
            <ns3:hr>127</ns3:hr>
            <ns3:cad>50</ns3:cad>
          </ns3:TrackPointExtension>
        </extensions>
      </trkpt>
      <trkpt lat="24.49445483274757862091064453125" lon="117.96686056070029735565185546875">
        <ele>99.8000030517578125</ele>
        <time>2026-09-19T07:29:54.000Z</time>
        <extensions>
          <ns3:TrackPointExtension>
            <ns3:hr>126</ns3:hr>
            <ns3:cad>50</ns3:cad>
          </ns3:TrackPointExtension>
        </extensions>
      </trkpt>
      <trkpt lat="24.49445332400500774383544921875" lon="117.9668514244258403778076171875">
        <ele>99.8000030517578125</ele>
        <time>2026-09-19T07:29:55.000Z</time>
        <extensions>
          <ns3:TrackPointExtension>
            <ns3:hr>125</ns3:hr>
            <ns3:cad>50</ns3:cad>
          </ns3:TrackPointExtension>
        </extensions>
      </trkpt>
      <trkpt lat="24.49445198290050029754638671875" lon="117.96684086322784423828125">
        <ele>99.8000030517578125</ele>
        <time>2026-09-19T07:29:56.000Z</time>
        <extensions>
          <ns3:TrackPointExtension>
            <ns3:hr>125</ns3:hr>
            <ns3:cad>50</ns3:cad>
          </ns3:TrackPointExtension>
        </extensions>
      </trkpt>
      <trkpt lat="24.49445164762437343597412109375" lon="117.96682451851665973663330078125">
        <ele>100</ele>
        <time>2026-09-19T07:29:57.000Z</time>
        <extensions>
          <ns3:TrackPointExtension>
            <ns3:hr>125</ns3:hr>
            <ns3:cad>50</ns3:cad>
          </ns3:TrackPointExtension>
        </extensions>
      </trkpt>
      <trkpt lat="24.4944586046040058135986328125" lon="117.9668061621487140655517578125">
        <ele>100</ele>
        <time>2026-09-19T07:29:58.000Z</time>
        <extensions>
          <ns3:TrackPointExtension>
            <ns3:hr>125</ns3:hr>
            <ns3:cad>50</ns3:cad>
          </ns3:TrackPointExtension>
        </extensions>
      </trkpt>
      <trkpt lat="24.4944597780704498291015625" lon="117.96678797341883182525634765625">
        <ele>100.1999969482421875</ele>
        <time>2026-09-19T07:29:59.000Z</time>
        <extensions>
          <ns3:TrackPointExtension>
            <ns3:hr>124</ns3:hr>
            <ns3:cad>50</ns3:cad>
          </ns3:TrackPointExtension>
        </extensions>
      </trkpt>
      <trkpt lat="24.49446220882236957550048828125" lon="117.96677447855472564697265625">
        <ele>100.1999969482421875</ele>
        <time>2026-09-19T07:30:00.000Z</time>
        <extensions>
          <ns3:TrackPointExtension>
            <ns3:hr>123</ns3:hr>
            <ns3:cad>51</ns3:cad>
          </ns3:TrackPointExtension>
        </extensions>
      </trkpt>
      <trkpt lat="24.49446237646043300628662109375" lon="117.9667612351477146148681640625">
        <ele>100.1999969482421875</ele>
        <time>2026-09-19T07:30:01.000Z</time>
        <extensions>
          <ns3:TrackPointExtension>
            <ns3:hr>122</ns3:hr>
            <ns3:cad>53</ns3:cad>
          </ns3:TrackPointExtension>
        </extensions>
      </trkpt>
      <trkpt lat="24.49446539394557476043701171875" lon="117.9667536914348602294921875">
        <ele>100.40000152587890625</ele>
        <time>2026-09-19T07:30:02.000Z</time>
        <extensions>
          <ns3:TrackPointExtension>
            <ns3:hr>121</ns3:hr>
            <ns3:cad>53</ns3:cad>
          </ns3:TrackPointExtension>
        </extensions>
      </trkpt>
      <trkpt lat="24.494471512734889984130859375" lon="117.96674472279846668243408203125">
        <ele>100.40000152587890625</ele>
        <time>2026-09-19T07:30:03.000Z</time>
        <extensions>
          <ns3:TrackPointExtension>
            <ns3:hr>122</ns3:hr>
            <ns3:cad>53</ns3:cad>
          </ns3:TrackPointExtension>
        </extensions>
      </trkpt>
      <trkpt lat="24.4944760389626026153564453125" lon="117.96673349104821681976318359375">
        <ele>100.59999847412109375</ele>
        <time>2026-09-19T07:30:04.000Z</time>
        <extensions>
          <ns3:TrackPointExtension>
            <ns3:hr>121</ns3:hr>
            <ns3:cad>53</ns3:cad>
          </ns3:TrackPointExtension>
        </extensions>
      </trkpt>
      <trkpt lat="24.49448048137128353118896484375" lon="117.96672008000314235687255859375">
        <ele>100.59999847412109375</ele>
        <time>2026-09-19T07:30:05.000Z</time>
        <extensions>
          <ns3:TrackPointExtension>
            <ns3:hr>121</ns3:hr>
            <ns3:cad>53</ns3:cad>
          </ns3:TrackPointExtension>
        </extensions>
      </trkpt>
      <trkpt lat="24.4944839179515838623046875" lon="117.9667079262435436248779296875">
        <ele>100.8000030517578125</ele>
        <time>2026-09-19T07:30:06.000Z</time>
        <extensions>
          <ns3:TrackPointExtension>
            <ns3:hr>121</ns3:hr>
            <ns3:cad>53</ns3:cad>
          </ns3:TrackPointExtension>
        </extensions>
      </trkpt>
      <trkpt lat="24.49448752216994762420654296875" lon="117.96669845469295978546142578125">
        <ele>101</ele>
        <time>2026-09-19T07:30:07.000Z</time>
        <extensions>
          <ns3:TrackPointExtension>
            <ns3:hr>121</ns3:hr>
            <ns3:cad>53</ns3:cad>
          </ns3:TrackPointExtension>
        </extensions>
      </trkpt>
      <trkpt lat="24.49449263513088226318359375" lon="117.9666901566088199615478515625">
        <ele>101.1999969482421875</ele>
        <time>2026-09-19T07:30:08.000Z</time>
        <extensions>
          <ns3:TrackPointExtension>
            <ns3:hr>121</ns3:hr>
            <ns3:cad>53</ns3:cad>
          </ns3:TrackPointExtension>
        </extensions>
      </trkpt>
      <trkpt lat="24.4944995082914829254150390625" lon="117.9666785895824432373046875">
        <ele>101.59999847412109375</ele>
        <time>2026-09-19T07:30:09.000Z</time>
        <extensions>
          <ns3:TrackPointExtension>
            <ns3:hr>121</ns3:hr>
            <ns3:cad>53</ns3:cad>
          </ns3:TrackPointExtension>
        </extensions>
      </trkpt>
      <trkpt lat="24.49450864456593990325927734375" lon="117.96666408888995647430419921875">
        <ele>101.59999847412109375</ele>
        <time>2026-09-19T07:30:10.000Z</time>
        <extensions>
          <ns3:TrackPointExtension>
            <ns3:hr>121</ns3:hr>
            <ns3:cad>53</ns3:cad>
          </ns3:TrackPointExtension>
        </extensions>
      </trkpt>
      <trkpt lat="24.49451677501201629638671875" lon="117.96665386296808719635009765625">
        <ele>101.8000030517578125</ele>
        <time>2026-09-19T07:30:11.000Z</time>
        <extensions>
          <ns3:TrackPointExtension>
            <ns3:hr>120</ns3:hr>
            <ns3:cad>53</ns3:cad>
          </ns3:TrackPointExtension>
        </extensions>
      </trkpt>
      <trkpt lat="24.49452457018196582794189453125" lon="117.966647408902645111083984375">
        <ele>102.1999969482421875</ele>
        <time>2026-09-19T07:30:12.000Z</time>
        <extensions>
          <ns3:TrackPointExtension>
            <ns3:hr>121</ns3:hr>
            <ns3:cad>53</ns3:cad>
          </ns3:TrackPointExtension>
        </extensions>
      </trkpt>
      <trkpt lat="24.49453362263739109039306640625" lon="117.96663827262818813323974609375">
        <ele>102.40000152587890625</ele>
        <time>2026-09-19T07:30:13.000Z</time>
        <extensions>
          <ns3:TrackPointExtension>
            <ns3:hr>121</ns3:hr>
            <ns3:cad>53</ns3:cad>
          </ns3:TrackPointExtension>
        </extensions>
      </trkpt>
      <trkpt lat="24.4945427589118480682373046875" lon="117.96663139946758747100830078125">
        <ele>102.59999847412109375</ele>
        <time>2026-09-19T07:30:14.000Z</time>
        <extensions>
          <ns3:TrackPointExtension>
            <ns3:hr>121</ns3:hr>
            <ns3:cad>53</ns3:cad>
          </ns3:TrackPointExtension>
        </extensions>
      </trkpt>
      <trkpt lat="24.494549967348575592041015625" lon="117.96662368811666965484619140625">
        <ele>102.8000030517578125</ele>
        <time>2026-09-19T07:30:15.000Z</time>
        <extensions>
          <ns3:TrackPointExtension>
            <ns3:hr>121</ns3:hr>
            <ns3:cad>48</ns3:cad>
          </ns3:TrackPointExtension>
        </extensions>
      </trkpt>
      <trkpt lat="24.494560025632381439208984375" lon="117.96661329455673694610595703125">
        <ele>103</ele>
        <time>2026-09-19T07:30:16.000Z</time>
        <extensions>
          <ns3:TrackPointExtension>
            <ns3:hr>122</ns3:hr>
            <ns3:cad>48</ns3:cad>
          </ns3:TrackPointExtension>
        </extensions>
      </trkpt>
      <trkpt lat="24.49456949718296527862548828125" lon="117.96660390682518482208251953125">
        <ele>103</ele>
        <time>2026-09-19T07:30:17.000Z</time>
        <extensions>
          <ns3:TrackPointExtension>
            <ns3:hr>123</ns3:hr>
            <ns3:cad>49</ns3:cad>
          </ns3:TrackPointExtension>
        </extensions>
      </trkpt>
      <trkpt lat="24.49457687325775623321533203125" lon="117.96659753657877445220947265625">
        <ele>103</ele>
        <time>2026-09-19T07:30:18.000Z</time>
        <extensions>
          <ns3:TrackPointExtension>
            <ns3:hr>123</ns3:hr>
            <ns3:cad>50</ns3:cad>
          </ns3:TrackPointExtension>
        </extensions>
      </trkpt>
      <trkpt lat="24.49458441697061061859130859375" lon="117.9665954411029815673828125">
        <ele>103.1999969482421875</ele>
        <time>2026-09-19T07:30:19.000Z</time>
        <extensions>
          <ns3:TrackPointExtension>
            <ns3:hr>124</ns3:hr>
            <ns3:cad>51</ns3:cad>
          </ns3:TrackPointExtension>
        </extensions>
      </trkpt>
      <trkpt lat="24.4945886917412281036376953125" lon="117.96658404171466827392578125">
        <ele>103.40000152587890625</ele>
        <time>2026-09-19T07:30:20.000Z</time>
        <extensions>
          <ns3:TrackPointExtension>
            <ns3:hr>125</ns3:hr>
            <ns3:cad>51</ns3:cad>
          </ns3:TrackPointExtension>
        </extensions>
      </trkpt>
      <trkpt lat="24.49459866620600223541259765625" lon="117.9665766656398773193359375">
        <ele>103.40000152587890625</ele>
        <time>2026-09-19T07:30:21.000Z</time>
        <extensions>
          <ns3:TrackPointExtension>
            <ns3:hr>126</ns3:hr>
            <ns3:cad>51</ns3:cad>
          </ns3:TrackPointExtension>
        </extensions>
      </trkpt>
      <trkpt lat="24.49460788629949092864990234375" lon="117.96657088212668895721435546875">
        <ele>103.59999847412109375</ele>
        <time>2026-09-19T07:30:22.000Z</time>
        <extensions>
          <ns3:TrackPointExtension>
            <ns3:hr>127</ns3:hr>
            <ns3:cad>50</ns3:cad>
          </ns3:TrackPointExtension>
        </extensions>
      </trkpt>
      <trkpt lat="24.4946192018687725067138671875" lon="117.966566942632198333740234375">
        <ele>103.8000030517578125</ele>
        <time>2026-09-19T07:30:23.000Z</time>
        <extensions>
          <ns3:TrackPointExtension>
            <ns3:hr>128</ns3:hr>
            <ns3:cad>48</ns3:cad>
          </ns3:TrackPointExtension>
        </extensions>
      </trkpt>
      <trkpt lat="24.49462716467678546905517578125" lon="117.96656132675707340240478515625">
        <ele>103.8000030517578125</ele>
        <time>2026-09-19T07:30:24.000Z</time>
        <extensions>
          <ns3:TrackPointExtension>
            <ns3:hr>128</ns3:hr>
            <ns3:cad>48</ns3:cad>
          </ns3:TrackPointExtension>
        </extensions>
      </trkpt>
      <trkpt lat="24.49463688768446445465087890625" lon="117.96655914746224880218505859375">
        <ele>104.1999969482421875</ele>
        <time>2026-09-19T07:30:25.000Z</time>
        <extensions>
          <ns3:TrackPointExtension>
            <ns3:hr>128</ns3:hr>
            <ns3:cad>48</ns3:cad>
          </ns3:TrackPointExtension>
        </extensions>
      </trkpt>
      <trkpt lat="24.494643844664096832275390625" lon="117.96655512414872646331787109375">
        <ele>104.40000152587890625</ele>
        <time>2026-09-19T07:30:26.000Z</time>
        <extensions>
          <ns3:TrackPointExtension>
            <ns3:hr>128</ns3:hr>
            <ns3:cad>49</ns3:cad>
          </ns3:TrackPointExtension>
        </extensions>
      </trkpt>
      <trkpt lat="24.4946528971195220947265625" lon="117.96653919853270053863525390625">
        <ele>104.8000030517578125</ele>
        <time>2026-09-19T07:30:27.000Z</time>
        <extensions>
          <ns3:TrackPointExtension>
            <ns3:hr>128</ns3:hr>
            <ns3:cad>49</ns3:cad>
          </ns3:TrackPointExtension>
        </extensions>
      </trkpt>
      <trkpt lat="24.49465767480432987213134765625" lon="117.9665283858776092529296875">
        <ele>105</ele>
        <time>2026-09-19T07:30:28.000Z</time>
        <extensions>
          <ns3:TrackPointExtension>
            <ns3:hr>129</ns3:hr>
            <ns3:cad>46</ns3:cad>
          </ns3:TrackPointExtension>
        </extensions>
      </trkpt>
      <trkpt lat="24.49466069228947162628173828125" lon="117.96652411110699176788330078125">
        <ele>105</ele>
        <time>2026-09-19T07:30:29.000Z</time>
        <extensions>
          <ns3:TrackPointExtension>
            <ns3:hr>128</ns3:hr>
            <ns3:cad>46</ns3:cad>
          </ns3:TrackPointExtension>
        </extensions>
      </trkpt>
      <trkpt lat="24.49466153047978878021240234375" lon="117.966516651213169097900390625">
        <ele>105.1999969482421875</ele>
        <time>2026-09-19T07:30:30.000Z</time>
        <extensions>
          <ns3:TrackPointExtension>
            <ns3:hr>128</ns3:hr>
            <ns3:cad>46</ns3:cad>
          </ns3:TrackPointExtension>
        </extensions>
      </trkpt>
      <trkpt lat="24.49466672725975513458251953125" lon="117.96650349162518978118896484375">
        <ele>105.1999969482421875</ele>
        <time>2026-09-19T07:30:31.000Z</time>
        <extensions>
          <ns3:TrackPointExtension>
            <ns3:hr>129</ns3:hr>
            <ns3:cad>46</ns3:cad>
          </ns3:TrackPointExtension>
        </extensions>
      </trkpt>
      <trkpt lat="24.494673348963260650634765625" lon="117.9664869792759418487548828125">
        <ele>105.1999969482421875</ele>
        <time>2026-09-19T07:30:32.000Z</time>
        <extensions>
          <ns3:TrackPointExtension>
            <ns3:hr>129</ns3:hr>
            <ns3:cad>47</ns3:cad>
          </ns3:TrackPointExtension>
        </extensions>
      </trkpt>
      <trkpt lat="24.494673348963260650634765625" lon="117.9664775915443897247314453125">
        <ele>105.40000152587890625</ele>
        <time>2026-09-19T07:30:33.000Z</time>
        <extensions>
          <ns3:TrackPointExtension>
            <ns3:hr>129</ns3:hr>
            <ns3:cad>48</ns3:cad>
          </ns3:TrackPointExtension>
        </extensions>
      </trkpt>
      <trkpt lat="24.49467494152486324310302734375" lon="117.96646778471767902374267578125">
        <ele>105.40000152587890625</ele>
        <time>2026-09-19T07:30:34.000Z</time>
        <extensions>
          <ns3:TrackPointExtension>
            <ns3:hr>130</ns3:hr>
            <ns3:cad>48</ns3:cad>
          </ns3:TrackPointExtension>
        </extensions>
      </trkpt>
      <trkpt lat="24.494678042829036712646484375" lon="117.9664640128612518310546875">
        <ele>105.59999847412109375</ele>
        <time>2026-09-19T07:30:35.000Z</time>
        <extensions>
          <ns3:TrackPointExtension>
            <ns3:hr>131</ns3:hr>
            <ns3:cad>49</ns3:cad>
          </ns3:TrackPointExtension>
        </extensions>
      </trkpt>
      <trkpt lat="24.49467745609581470489501953125" lon="117.96645152382552623748779296875">
        <ele>105.59999847412109375</ele>
        <time>2026-09-19T07:30:36.000Z</time>
        <extensions>
          <ns3:TrackPointExtension>
            <ns3:hr>132</ns3:hr>
            <ns3:cad>49</ns3:cad>
          </ns3:TrackPointExtension>
        </extensions>
      </trkpt>
      <trkpt lat="24.49467812664806842803955078125" lon="117.96643476001918315887451171875">
        <ele>105.8000030517578125</ele>
        <time>2026-09-19T07:30:37.000Z</time>
        <extensions>
          <ns3:TrackPointExtension>
            <ns3:hr>132</ns3:hr>
            <ns3:cad>49</ns3:cad>
          </ns3:TrackPointExtension>
        </extensions>
      </trkpt>
      <trkpt lat="24.49467770755290985107421875" lon="117.96642118133604526519775390625">
        <ele>106</ele>
        <time>2026-09-19T07:30:38.000Z</time>
        <extensions>
          <ns3:TrackPointExtension>
            <ns3:hr>132</ns3:hr>
            <ns3:cad>49</ns3:cad>
          </ns3:TrackPointExtension>
        </extensions>
      </trkpt>
      <trkpt lat="24.494678042829036712646484375" lon="117.9664128832519054412841796875">
        <ele>106</ele>
        <time>2026-09-19T07:30:39.000Z</time>
        <extensions>
          <ns3:TrackPointExtension>
            <ns3:hr>132</ns3:hr>
            <ns3:cad>49</ns3:cad>
          </ns3:TrackPointExtension>
        </extensions>
      </trkpt>
      <trkpt lat="24.4946795515716075897216796875" lon="117.96640240587294101715087890625">
        <ele>106.1999969482421875</ele>
        <time>2026-09-19T07:30:40.000Z</time>
        <extensions>
          <ns3:TrackPointExtension>
            <ns3:hr>131</ns3:hr>
            <ns3:cad>48</ns3:cad>
          </ns3:TrackPointExtension>
        </extensions>
      </trkpt>
      <trkpt lat="24.494681060314178466796875" lon="117.96638765372335910797119140625">
        <ele>106.40000152587890625</ele>
        <time>2026-09-19T07:30:41.000Z</time>
        <extensions>
          <ns3:TrackPointExtension>
            <ns3:hr>132</ns3:hr>
            <ns3:cad>48</ns3:cad>
          </ns3:TrackPointExtension>
        </extensions>
      </trkpt>
      <trkpt lat="24.49468173086643218994140625" lon="117.96637390740215778350830078125">
        <ele>106.40000152587890625</ele>
        <time>2026-09-19T07:30:42.000Z</time>
        <extensions>
          <ns3:TrackPointExtension>
            <ns3:hr>132</ns3:hr>
            <ns3:cad>48</ns3:cad>
          </ns3:TrackPointExtension>
        </extensions>
      </trkpt>
      <trkpt lat="24.494680725038051605224609375" lon="117.9663629271090030670166015625">
        <ele>106.59999847412109375</ele>
        <time>2026-09-19T07:30:43.000Z</time>
        <extensions>
          <ns3:TrackPointExtension>
            <ns3:hr>133</ns3:hr>
            <ns3:cad>49</ns3:cad>
          </ns3:TrackPointExtension>
        </extensions>
      </trkpt>
      <trkpt lat="24.494680054485797882080078125" lon="117.96635806560516357421875">
        <ele>106.59999847412109375</ele>
        <time>2026-09-19T07:30:44.000Z</time>
        <extensions>
          <ns3:TrackPointExtension>
            <ns3:hr>133</ns3:hr>
            <ns3:cad>49</ns3:cad>
          </ns3:TrackPointExtension>
        </extensions>
      </trkpt>
      <trkpt lat="24.49467837810516357421875" lon="117.96634934842586517333984375">
        <ele>106.59999847412109375</ele>
        <time>2026-09-19T07:30:45.000Z</time>
        <extensions>
          <ns3:TrackPointExtension>
            <ns3:hr>134</ns3:hr>
            <ns3:cad>49</ns3:cad>
          </ns3:TrackPointExtension>
        </extensions>
      </trkpt>
      <trkpt lat="24.49467393569648265838623046875" lon="117.96633987687528133392333984375">
        <ele>106.59999847412109375</ele>
        <time>2026-09-19T07:30:46.000Z</time>
        <extensions>
          <ns3:TrackPointExtension>
            <ns3:hr>133</ns3:hr>
            <ns3:cad>49</ns3:cad>
          </ns3:TrackPointExtension>
        </extensions>
      </trkpt>
      <trkpt lat="24.4946715049445629119873046875" lon="117.96632562763988971710205078125">
        <ele>106.8000030517578125</ele>
        <time>2026-09-19T07:30:47.000Z</time>
        <extensions>
          <ns3:TrackPointExtension>
            <ns3:hr>133</ns3:hr>
            <ns3:cad>49</ns3:cad>
          </ns3:TrackPointExtension>
        </extensions>
      </trkpt>
      <trkpt lat="24.494672007858753204345703125" lon="117.9663116298615932464599609375">
        <ele>106.8000030517578125</ele>
        <time>2026-09-19T07:30:48.000Z</time>
        <extensions>
          <ns3:TrackPointExtension>
            <ns3:hr>133</ns3:hr>
            <ns3:cad>50</ns3:cad>
          </ns3:TrackPointExtension>
        </extensions>
      </trkpt>
      <trkpt lat="24.49467502534389495849609375" lon="117.9663029126822948455810546875">
        <ele>107</ele>
        <time>2026-09-19T07:30:49.000Z</time>
        <extensions>
          <ns3:TrackPointExtension>
            <ns3:hr>133</ns3:hr>
            <ns3:cad>50</ns3:cad>
          </ns3:TrackPointExtension>
        </extensions>
      </trkpt>
      <trkpt lat="24.49467527680099010467529296875" lon="117.9662958718836307525634765625">
        <ele>107</ele>
        <time>2026-09-19T07:30:50.000Z</time>
        <extensions>
          <ns3:TrackPointExtension>
            <ns3:hr>133</ns3:hr>
            <ns3:cad>50</ns3:cad>
          </ns3:TrackPointExtension>
        </extensions>
      </trkpt>
      <trkpt lat="24.49467561207711696624755859375" lon="117.96628204174339771270751953125">
        <ele>107.1999969482421875</ele>
        <time>2026-09-19T07:30:51.000Z</time>
        <extensions>
          <ns3:TrackPointExtension>
            <ns3:hr>133</ns3:hr>
            <ns3:cad>49</ns3:cad>
          </ns3:TrackPointExtension>
        </extensions>
      </trkpt>
      <trkpt lat="24.49467309750616550445556640625" lon="117.96626376919448375701904296875">
        <ele>107.1999969482421875</ele>
        <time>2026-09-19T07:30:52.000Z</time>
        <extensions>
          <ns3:TrackPointExtension>
            <ns3:hr>133</ns3:hr>
            <ns3:cad>49</ns3:cad>
          </ns3:TrackPointExtension>
        </extensions>
      </trkpt>
      <trkpt lat="24.49466857127845287322998046875" lon="117.9662489332258701324462890625">
        <ele>107.40000152587890625</ele>
        <time>2026-09-19T07:30:53.000Z</time>
        <extensions>
          <ns3:TrackPointExtension>
            <ns3:hr>134</ns3:hr>
            <ns3:cad>49</ns3:cad>
          </ns3:TrackPointExtension>
        </extensions>
      </trkpt>
      <trkpt lat="24.49466555379331111907958984375" lon="117.9662412218749523162841796875">
        <ele>107.40000152587890625</ele>
        <time>2026-09-19T07:30:54.000Z</time>
        <extensions>
          <ns3:TrackPointExtension>
            <ns3:hr>133</ns3:hr>
            <ns3:cad>49</ns3:cad>
          </ns3:TrackPointExtension>
        </extensions>
      </trkpt>
      <trkpt lat="24.494665302336215972900390625" lon="117.9662271402776241302490234375">
        <ele>107.59999847412109375</ele>
        <time>2026-09-19T07:30:55.000Z</time>
        <extensions>
          <ns3:TrackPointExtension>
            <ns3:hr>133</ns3:hr>
            <ns3:cad>48</ns3:cad>
          </ns3:TrackPointExtension>
        </extensions>
      </trkpt>
      <trkpt lat="24.494664967060089111328125" lon="117.96621196903288364410400390625">
        <ele>107.8000030517578125</ele>
        <time>2026-09-19T07:30:56.000Z</time>
        <extensions>
          <ns3:TrackPointExtension>
            <ns3:hr>133</ns3:hr>
            <ns3:cad>47</ns3:cad>
          </ns3:TrackPointExtension>
        </extensions>
      </trkpt>
      <trkpt lat="24.49466270394623279571533203125" lon="117.96619453467428684234619140625">
        <ele>107.8000030517578125</ele>
        <time>2026-09-19T07:30:57.000Z</time>
        <extensions>
          <ns3:TrackPointExtension>
            <ns3:hr>134</ns3:hr>
            <ns3:cad>0</ns3:cad>
          </ns3:TrackPointExtension>
        </extensions>
      </trkpt>
      <trkpt lat="24.494656585156917572021484375" lon="117.96617877669632434844970703125">
        <ele>108</ele>
        <time>2026-09-19T07:30:58.000Z</time>
        <extensions>
          <ns3:TrackPointExtension>
            <ns3:hr>133</ns3:hr>
            <ns3:cad>0</ns3:cad>
          </ns3:TrackPointExtension>
        </extensions>
      </trkpt>
      <trkpt lat="24.4946530647575855255126953125" lon="117.96616570092737674713134765625">
        <ele>108.1999969482421875</ele>
        <time>2026-09-19T07:30:59.000Z</time>
        <extensions>
          <ns3:TrackPointExtension>
            <ns3:hr>133</ns3:hr>
            <ns3:cad>0</ns3:cad>
          </ns3:TrackPointExtension>
        </extensions>
      </trkpt>
      <trkpt lat="24.4946507178246974945068359375" lon="117.96615622937679290771484375">
        <ele>108.1999969482421875</ele>
        <time>2026-09-19T07:31:00.000Z</time>
        <extensions>
          <ns3:TrackPointExtension>
            <ns3:hr>132</ns3:hr>
            <ns3:cad>47</ns3:cad>
          </ns3:TrackPointExtension>
        </extensions>
      </trkpt>
      <trkpt lat="24.4946477003395557403564453125" lon="117.9661475121974945068359375">
        <ele>108.40000152587890625</ele>
        <time>2026-09-19T07:31:01.000Z</time>
        <extensions>
          <ns3:TrackPointExtension>
            <ns3:hr>132</ns3:hr>
            <ns3:cad>47</ns3:cad>
          </ns3:TrackPointExtension>
        </extensions>
      </trkpt>
      <trkpt lat="24.4946436770260334014892578125" lon="117.9661339335143566131591796875">
        <ele>108.59999847412109375</ele>
        <time>2026-09-19T07:31:02.000Z</time>
        <extensions>
          <ns3:TrackPointExtension>
            <ns3:hr>132</ns3:hr>
            <ns3:cad>47</ns3:cad>
          </ns3:TrackPointExtension>
        </extensions>
      </trkpt>
      <trkpt lat="24.49464015662670135498046875" lon="117.96612278558313846588134765625">
        <ele>108.59999847412109375</ele>
        <time>2026-09-19T07:31:03.000Z</time>
        <extensions>
          <ns3:TrackPointExtension>
            <ns3:hr>132</ns3:hr>
            <ns3:cad>47</ns3:cad>
          </ns3:TrackPointExtension>
        </extensions>
      </trkpt>
      <trkpt lat="24.49463655240833759307861328125" lon="117.966112978756427764892578125">
        <ele>108.8000030517578125</ele>
        <time>2026-09-19T07:31:04.000Z</time>
        <extensions>
          <ns3:TrackPointExtension>
            <ns3:hr>131</ns3:hr>
            <ns3:cad>47</ns3:cad>
          </ns3:TrackPointExtension>
        </extensions>
      </trkpt>
      <trkpt lat="24.494633786380290985107421875" lon="117.96610518358647823333740234375">
        <ele>109</ele>
        <time>2026-09-19T07:31:05.000Z</time>
        <extensions>
          <ns3:TrackPointExtension>
            <ns3:hr>131</ns3:hr>
            <ns3:cad>47</ns3:cad>
          </ns3:TrackPointExtension>
        </extensions>
      </trkpt>
      <trkpt lat="24.49463118799030780792236328125" lon="117.96609546057879924774169921875">
        <ele>109</ele>
        <time>2026-09-19T07:31:06.000Z</time>
        <extensions>
          <ns3:TrackPointExtension>
            <ns3:hr>131</ns3:hr>
            <ns3:cad>52</ns3:cad>
          </ns3:TrackPointExtension>
        </extensions>
      </trkpt>
      <trkpt lat="24.49462967924773693084716796875" lon="117.96608523465692996978759765625">
        <ele>109.1999969482421875</ele>
        <time>2026-09-19T07:31:07.000Z</time>
        <extensions>
          <ns3:TrackPointExtension>
            <ns3:hr>131</ns3:hr>
            <ns3:cad>52</ns3:cad>
          </ns3:TrackPointExtension>
        </extensions>
      </trkpt>
      <trkpt lat="24.49462565593421459197998046875" lon="117.96606092713773250579833984375">
        <ele>109.1999969482421875</ele>
        <time>2026-09-19T07:31:08.000Z</time>
        <extensions>
          <ns3:TrackPointExtension>
            <ns3:hr>130</ns3:hr>
            <ns3:cad>49</ns3:cad>
          </ns3:TrackPointExtension>
        </extensions>
      </trkpt>
      <trkpt lat="24.49462297372519969940185546875" lon="117.966050617396831512451171875">
        <ele>109.1999969482421875</ele>
        <time>2026-09-19T07:31:09.000Z</time>
        <extensions>
          <ns3:TrackPointExtension>
            <ns3:hr>130</ns3:hr>
            <ns3:cad>49</ns3:cad>
          </ns3:TrackPointExtension>
        </extensions>
      </trkpt>
      <trkpt lat="24.4946208782494068145751953125" lon="117.96604081057012081146240234375">
        <ele>109.40000152587890625</ele>
        <time>2026-09-19T07:31:10.000Z</time>
        <extensions>
          <ns3:TrackPointExtension>
            <ns3:hr>130</ns3:hr>
            <ns3:cad>49</ns3:cad>
          </ns3:TrackPointExtension>
        </extensions>
      </trkpt>
      <trkpt lat="24.494617022573947906494140625" lon="117.96603779308497905731201171875">
        <ele>109.40000152587890625</ele>
        <time>2026-09-19T07:31:11.000Z</time>
        <extensions>
          <ns3:TrackPointExtension>
            <ns3:hr>130</ns3:hr>
            <ns3:cad>49</ns3:cad>
          </ns3:TrackPointExtension>
        </extensions>
      </trkpt>
      <trkpt lat="24.49461543001234531402587890625" lon="117.96602957881987094879150390625">
        <ele>109.59999847412109375</ele>
        <time>2026-09-19T07:31:12.000Z</time>
        <extensions>
          <ns3:TrackPointExtension>
            <ns3:hr>130</ns3:hr>
            <ns3:cad>49</ns3:cad>
          </ns3:TrackPointExtension>
        </extensions>
      </trkpt>
      <trkpt lat="24.49461392126977443695068359375" lon="117.96601566486060619354248046875">
        <ele>109.8000030517578125</ele>
        <time>2026-09-19T07:31:13.000Z</time>
        <extensions>
          <ns3:TrackPointExtension>
            <ns3:hr>130</ns3:hr>
            <ns3:cad>49</ns3:cad>
          </ns3:TrackPointExtension>
        </extensions>
      </trkpt>
      <trkpt lat="24.4946171902120113372802734375" lon="117.9659991525113582611083984375">
        <ele>109.8000030517578125</ele>
        <time>2026-09-19T07:31:14.000Z</time>
        <extensions>
          <ns3:TrackPointExtension>
            <ns3:hr>130</ns3:hr>
            <ns3:cad>48</ns3:cad>
          </ns3:TrackPointExtension>
        </extensions>
      </trkpt>
      <trkpt lat="24.494620375335216522216796875" lon="117.96598683111369609832763671875">
        <ele>110</ele>
        <time>2026-09-19T07:31:15.000Z</time>
        <extensions>
          <ns3:TrackPointExtension>
            <ns3:hr>131</ns3:hr>
            <ns3:cad>48</ns3:cad>
          </ns3:TrackPointExtension>
        </extensions>
      </trkpt>
      <trkpt lat="24.4946225546300411224365234375" lon="117.9659746773540973663330078125">
        <ele>110.1999969482421875</ele>
        <time>2026-09-19T07:31:16.000Z</time>
        <extensions>
          <ns3:TrackPointExtension>
            <ns3:hr>130</ns3:hr>
            <ns3:cad>48</ns3:cad>
          </ns3:TrackPointExtension>
        </extensions>
      </trkpt>
      <trkpt lat="24.4946249015629291534423828125" lon="117.96596453525125980377197265625">
        <ele>110.1999969482421875</ele>
        <time>2026-09-19T07:31:17.000Z</time>
        <extensions>
          <ns3:TrackPointExtension>
            <ns3:hr>131</ns3:hr>
            <ns3:cad>48</ns3:cad>
          </ns3:TrackPointExtension>
        </extensions>
      </trkpt>
      <trkpt lat="24.494627416133880615234375" lon="117.96594693325459957122802734375">
        <ele>110.40000152587890625</ele>
        <time>2026-09-19T07:31:18.000Z</time>
        <extensions>
          <ns3:TrackPointExtension>
            <ns3:hr>131</ns3:hr>
            <ns3:cad>47</ns3:cad>
          </ns3:TrackPointExtension>
        </extensions>
      </trkpt>
      <trkpt lat="24.494633115828037261962890625" lon="117.9659364558756351470947265625">
        <ele>110.40000152587890625</ele>
        <time>2026-09-19T07:31:19.000Z</time>
        <extensions>
          <ns3:TrackPointExtension>
            <ns3:hr>131</ns3:hr>
            <ns3:cad>47</ns3:cad>
          </ns3:TrackPointExtension>
        </extensions>
      </trkpt>
      <trkpt lat="24.49463604949414730072021484375" lon="117.9659274034202098846435546875">
        <ele>110.59999847412109375</ele>
        <time>2026-09-19T07:31:20.000Z</time>
        <extensions>
          <ns3:TrackPointExtension>
            <ns3:hr>131</ns3:hr>
            <ns3:cad>47</ns3:cad>
          </ns3:TrackPointExtension>
        </extensions>
      </trkpt>
      <trkpt lat="24.4946453534066677093505859375" lon="117.96591893769800662994384765625">
        <ele>110.8000030517578125</ele>
        <time>2026-09-19T07:31:21.000Z</time>
        <extensions>
          <ns3:TrackPointExtension>
            <ns3:hr>131</ns3:hr>
            <ns3:cad>47</ns3:cad>
          </ns3:TrackPointExtension>
        </extensions>
      </trkpt>
      <trkpt lat="24.494652561843395233154296875" lon="117.96591290272772312164306640625">
        <ele>111</ele>
        <time>2026-09-19T07:31:22.000Z</time>
        <extensions>
          <ns3:TrackPointExtension>
            <ns3:hr>130</ns3:hr>
            <ns3:cad>48</ns3:cad>
          </ns3:TrackPointExtension>
        </extensions>
      </trkpt>
      <trkpt lat="24.49466270394623279571533203125" lon="117.9659022577106952667236328125">
        <ele>111</ele>
        <time>2026-09-19T07:31:23.000Z</time>
        <extensions>
          <ns3:TrackPointExtension>
            <ns3:hr>131</ns3:hr>
            <ns3:cad>48</ns3:cad>
          </ns3:TrackPointExtension>
        </extensions>
      </trkpt>
      <trkpt lat="24.4946772046387195587158203125" lon="117.965888343751430511474609375">
        <ele>111</ele>
        <time>2026-09-19T07:31:24.000Z</time>
        <extensions>
          <ns3:TrackPointExtension>
            <ns3:hr>131</ns3:hr>
            <ns3:cad>48</ns3:cad>
          </ns3:TrackPointExtension>
        </extensions>
      </trkpt>
      <trkpt lat="24.4946865923702716827392578125" lon="117.9658808000385761260986328125">
        <ele>111</ele>
        <time>2026-09-19T07:31:25.000Z</time>
        <extensions>
          <ns3:TrackPointExtension>
            <ns3:hr>130</ns3:hr>
            <ns3:cad>0</ns3:cad>
          </ns3:TrackPointExtension>
        </extensions>
      </trkpt>
      <trkpt lat="24.49469472281634807586669921875" lon="117.96587451361119747161865234375">
        <ele>110.8000030517578125</ele>
        <time>2026-09-19T07:31:26.000Z</time>
        <extensions>
          <ns3:TrackPointExtension>
            <ns3:hr>130</ns3:hr>
            <ns3:cad>0</ns3:cad>
          </ns3:TrackPointExtension>
        </extensions>
      </trkpt>
      <trkpt lat="24.4947030209004878997802734375" lon="117.9658710770308971405029296875">
        <ele>110.8000030517578125</ele>
        <time>2026-09-19T07:31:27.000Z</time>
        <extensions>
          <ns3:TrackPointExtension>
            <ns3:hr>130</ns3:hr>
            <ns3:cad>0</ns3:cad>
          </ns3:TrackPointExtension>
        </extensions>
      </trkpt>
      <trkpt lat="24.494718611240386962890625" lon="117.9658633656799793243408203125">
        <ele>110.8000030517578125</ele>
        <time>2026-09-19T07:31:28.000Z</time>
        <extensions>
          <ns3:TrackPointExtension>
            <ns3:hr>130</ns3:hr>
            <ns3:cad>49</ns3:cad>
          </ns3:TrackPointExtension>
        </extensions>
      </trkpt>
      <trkpt lat="24.49473529122769832611083984375" lon="117.9658539779484272003173828125">
        <ele>111</ele>
        <time>2026-09-19T07:31:29.000Z</time>
        <extensions>
          <ns3:TrackPointExtension>
            <ns3:hr>130</ns3:hr>
            <ns3:cad>49</ns3:cad>
          </ns3:TrackPointExtension>
        </extensions>
      </trkpt>
      <trkpt lat="24.49474769644439220428466796875" lon="117.96584651805460453033447265625">
        <ele>111</ele>
        <time>2026-09-19T07:31:30.000Z</time>
        <extensions>
          <ns3:TrackPointExtension>
            <ns3:hr>129</ns3:hr>
            <ns3:cad>49</ns3:cad>
          </ns3:TrackPointExtension>
        </extensions>
      </trkpt>
      <trkpt lat="24.494756497442722320556640625" lon="117.96584702096879482269287109375">
        <ele>111</ele>
        <time>2026-09-19T07:31:31.000Z</time>
        <extensions>
          <ns3:TrackPointExtension>
            <ns3:hr>129</ns3:hr>
            <ns3:cad>48</ns3:cad>
          </ns3:TrackPointExtension>
        </extensions>
      </trkpt>
      <trkpt lat="24.49476982466876506805419921875" lon="117.96584869734942913055419921875">
        <ele>111.1999969482421875</ele>
        <time>2026-09-19T07:31:32.000Z</time>
        <extensions>
          <ns3:TrackPointExtension>
            <ns3:hr>129</ns3:hr>
            <ns3:cad>48</ns3:cad>
          </ns3:TrackPointExtension>
        </extensions>
      </trkpt>
      <trkpt lat="24.49477468617260456085205078125" lon="117.96584953553974628448486328125">
        <ele>111.40000152587890625</ele>
        <time>2026-09-19T07:31:33.000Z</time>
        <extensions>
          <ns3:TrackPointExtension>
            <ns3:hr>129</ns3:hr>
            <ns3:cad>47</ns3:cad>
          </ns3:TrackPointExtension>
        </extensions>
      </trkpt>
      <trkpt lat="24.4947881810367107391357421875" lon="117.96584836207330226898193359375">
        <ele>111.40000152587890625</ele>
        <time>2026-09-19T07:31:34.000Z</time>
        <extensions>
          <ns3:TrackPointExtension>
            <ns3:hr>129</ns3:hr>
            <ns3:cad>47</ns3:cad>
          </ns3:TrackPointExtension>
        </extensions>
      </trkpt>
      <trkpt lat="24.49480033479630947113037109375" lon="117.965847440063953399658203125">
        <ele>111.59999847412109375</ele>
        <time>2026-09-19T07:31:35.000Z</time>
        <extensions>
          <ns3:TrackPointExtension>
            <ns3:hr>129</ns3:hr>
            <ns3:cad>47</ns3:cad>
          </ns3:TrackPointExtension>
        </extensions>
      </trkpt>
      <trkpt lat="24.49481047689914703369140625" lon="117.96584400348365306854248046875">
        <ele>111.59999847412109375</ele>
        <time>2026-09-19T07:31:36.000Z</time>
        <extensions>
          <ns3:TrackPointExtension>
            <ns3:hr>129</ns3:hr>
            <ns3:cad>47</ns3:cad>
          </ns3:TrackPointExtension>
        </extensions>
      </trkpt>
      <trkpt lat="24.49481927789747714996337890625" lon="117.96584081836044788360595703125">
        <ele>111.59999847412109375</ele>
        <time>2026-09-19T07:31:37.000Z</time>
        <extensions>
          <ns3:TrackPointExtension>
            <ns3:hr>129</ns3:hr>
            <ns3:cad>47</ns3:cad>
          </ns3:TrackPointExtension>
        </extensions>
      </trkpt>
      <trkpt lat="24.4948277436196804046630859375" lon="117.96583713032305240631103515625">
        <ele>111.8000030517578125</ele>
        <time>2026-09-19T07:31:38.000Z</time>
        <extensions>
          <ns3:TrackPointExtension>
            <ns3:hr>129</ns3:hr>
            <ns3:cad>47</ns3:cad>
          </ns3:TrackPointExtension>
        </extensions>
      </trkpt>
      <trkpt lat="24.49484123848378658294677734375" lon="117.9658325202763080596923828125">
        <ele>111.8000030517578125</ele>
        <time>2026-09-19T07:31:39.000Z</time>
        <extensions>
          <ns3:TrackPointExtension>
            <ns3:hr>128</ns3:hr>
            <ns3:cad>50</ns3:cad>
          </ns3:TrackPointExtension>
        </extensions>
      </trkpt>
      <trkpt lat="24.49485733173787593841552734375" lon="117.96583176590502262115478515625">
        <ele>111.8000030517578125</ele>
        <time>2026-09-19T07:31:40.000Z</time>
        <extensions>
          <ns3:TrackPointExtension>
            <ns3:hr>129</ns3:hr>
            <ns3:cad>49</ns3:cad>
          </ns3:TrackPointExtension>
        </extensions>
      </trkpt>
      <trkpt lat="24.49487107805907726287841796875" lon="117.96582422219216823577880859375">
        <ele>112.1999969482421875</ele>
        <time>2026-09-19T07:31:41.000Z</time>
        <extensions>
          <ns3:TrackPointExtension>
            <ns3:hr>129</ns3:hr>
            <ns3:cad>49</ns3:cad>
          </ns3:TrackPointExtension>
        </extensions>
      </trkpt>
      <trkpt lat="24.49487627483904361724853515625" lon="117.96582170762121677398681640625">
        <ele>112.1999969482421875</ele>
        <time>2026-09-19T07:31:42.000Z</time>
        <extensions>
          <ns3:TrackPointExtension>
            <ns3:hr>129</ns3:hr>
            <ns3:cad>49</ns3:cad>
          </ns3:TrackPointExtension>
        </extensions>
      </trkpt>
      <trkpt lat="24.4948783703148365020751953125" lon="117.9658231325447559356689453125">
        <ele>112.40000152587890625</ele>
        <time>2026-09-19T07:31:43.000Z</time>
        <extensions>
          <ns3:TrackPointExtension>
            <ns3:hr>128</ns3:hr>
            <ns3:cad>49</ns3:cad>
          </ns3:TrackPointExtension>
        </extensions>
      </trkpt>
      <trkpt lat="24.49488691985607147216796875" lon="117.96581835485994815826416015625">
        <ele>112.40000152587890625</ele>
        <time>2026-09-19T07:31:44.000Z</time>
        <extensions>
          <ns3:TrackPointExtension>
            <ns3:hr>129</ns3:hr>
            <ns3:cad>49</ns3:cad>
          </ns3:TrackPointExtension>
        </extensions>
      </trkpt>
      <trkpt lat="24.4948998279869556427001953125" lon="117.9658127389848232269287109375">
        <ele>112.40000152587890625</ele>
        <time>2026-09-19T07:31:45.000Z</time>
        <extensions>
          <ns3:TrackPointExtension>
            <ns3:hr>130</ns3:hr>
            <ns3:cad>49</ns3:cad>
          </ns3:TrackPointExtension>
        </extensions>
      </trkpt>
      <trkpt lat="24.4949152506887912750244140625" lon="117.9658040218055248260498046875">
        <ele>112.40000152587890625</ele>
        <time>2026-09-19T07:31:46.000Z</time>
        <extensions>
          <ns3:TrackPointExtension>
            <ns3:hr>130</ns3:hr>
            <ns3:cad>49</ns3:cad>
          </ns3:TrackPointExtension>
        </extensions>
      </trkpt>
      <trkpt lat="24.4949264824390411376953125" lon="117.965798489749431610107421875">
        <ele>112.59999847412109375</ele>
        <time>2026-09-19T07:31:47.000Z</time>
        <extensions>
          <ns3:TrackPointExtension>
            <ns3:hr>130</ns3:hr>
            <ns3:cad>49</ns3:cad>
          </ns3:TrackPointExtension>
        </extensions>
      </trkpt>
      <trkpt lat="24.494930170476436614990234375" lon="117.96579320915043354034423828125">
        <ele>112.59999847412109375</ele>
        <time>2026-09-19T07:31:48.000Z</time>
        <extensions>
          <ns3:TrackPointExtension>
            <ns3:hr>130</ns3:hr>
            <ns3:cad>49</ns3:cad>
          </ns3:TrackPointExtension>
        </extensions>
      </trkpt>
      <trkpt lat="24.49493813328444957733154296875" lon="117.9657862521708011627197265625">
        <ele>112.59999847412109375</ele>
        <time>2026-09-19T07:31:49.000Z</time>
        <extensions>
          <ns3:TrackPointExtension>
            <ns3:hr>130</ns3:hr>
            <ns3:cad>49</ns3:cad>
          </ns3:TrackPointExtension>
        </extensions>
      </trkpt>
      <trkpt lat="24.49495003558695316314697265625" lon="117.9657800495624542236328125">
        <ele>112.8000030517578125</ele>
        <time>2026-09-19T07:31:50.000Z</time>
        <extensions>
          <ns3:TrackPointExtension>
            <ns3:hr>130</ns3:hr>
            <ns3:cad>50</ns3:cad>
          </ns3:TrackPointExtension>
        </extensions>
      </trkpt>
      <trkpt lat="24.4949613511562347412109375" lon="117.96577091328799724578857421875">
        <ele>112.8000030517578125</ele>
        <time>2026-09-19T07:31:51.000Z</time>
        <extensions>
          <ns3:TrackPointExtension>
            <ns3:hr>129</ns3:hr>
            <ns3:cad>50</ns3:cad>
          </ns3:TrackPointExtension>
        </extensions>
      </trkpt>
      <trkpt lat="24.49496881105005741119384765625" lon="117.9657718352973461151123046875">
        <ele>113</ele>
        <time>2026-09-19T07:31:52.000Z</time>
        <extensions>
          <ns3:TrackPointExtension>
            <ns3:hr>129</ns3:hr>
            <ns3:cad>50</ns3:cad>
          </ns3:TrackPointExtension>
        </extensions>
      </trkpt>
      <trkpt lat="24.4949792884290218353271484375" lon="117.96576906926929950714111328125">
        <ele>113</ele>
        <time>2026-09-19T07:31:53.000Z</time>
        <extensions>
          <ns3:TrackPointExtension>
            <ns3:hr>129</ns3:hr>
            <ns3:cad>50</ns3:cad>
          </ns3:TrackPointExtension>
        </extensions>
      </trkpt>
      <trkpt lat="24.4949883408844470977783203125" lon="117.96576194465160369873046875">
        <ele>113.1999969482421875</ele>
        <time>2026-09-19T07:31:54.000Z</time>
        <extensions>
          <ns3:TrackPointExtension>
            <ns3:hr>129</ns3:hr>
            <ns3:cad>50</ns3:cad>
          </ns3:TrackPointExtension>
        </extensions>
      </trkpt>
      <trkpt lat="24.49499881826341152191162109375" lon="117.96575498767197132110595703125">
        <ele>113.40000152587890625</ele>
        <time>2026-09-19T07:31:55.000Z</time>
        <extensions>
          <ns3:TrackPointExtension>
            <ns3:hr>128</ns3:hr>
            <ns3:cad>50</ns3:cad>
          </ns3:TrackPointExtension>
        </extensions>
      </trkpt>
      <trkpt lat="24.4950071163475513458251953125" lon="117.96574853360652923583984375">
        <ele>113.59999847412109375</ele>
        <time>2026-09-19T07:31:56.000Z</time>
        <extensions>
          <ns3:TrackPointExtension>
            <ns3:hr>128</ns3:hr>
            <ns3:cad>48</ns3:cad>
          </ns3:TrackPointExtension>
        </extensions>
      </trkpt>
      <trkpt lat="24.4950242154300212860107421875" lon="117.96573101542890071868896484375">
        <ele>113.59999847412109375</ele>
        <time>2026-09-19T07:31:57.000Z</time>
        <extensions>
          <ns3:TrackPointExtension>
            <ns3:hr>128</ns3:hr>
            <ns3:cad>48</ns3:cad>
          </ns3:TrackPointExtension>
        </extensions>
      </trkpt>
      <trkpt lat="24.49503184296190738677978515625" lon="117.9657218791544437408447265625">
        <ele>113.8000030517578125</ele>
        <time>2026-09-19T07:31:58.000Z</time>
        <extensions>
          <ns3:TrackPointExtension>
            <ns3:hr>127</ns3:hr>
            <ns3:cad>48</ns3:cad>
          </ns3:TrackPointExtension>
        </extensions>
      </trkpt>
      <trkpt lat="24.49504005722701549530029296875" lon="117.96571500599384307861328125">
        <ele>114</ele>
        <time>2026-09-19T07:31:59.000Z</time>
        <extensions>
          <ns3:TrackPointExtension>
            <ns3:hr>127</ns3:hr>
            <ns3:cad>48</ns3:cad>
          </ns3:TrackPointExtension>
        </extensions>
      </trkpt>
      <trkpt lat="24.49504475109279155731201171875" lon="117.96570855192840099334716796875">
        <ele>114.40000152587890625</ele>
        <time>2026-09-19T07:32:00.000Z</time>
        <extensions>
          <ns3:TrackPointExtension>
            <ns3:hr>126</ns3:hr>
            <ns3:cad>48</ns3:cad>
          </ns3:TrackPointExtension>
        </extensions>
      </trkpt>
      <trkpt lat="24.49505095370113849639892578125" lon="117.96570151112973690032958984375">
        <ele>114.8000030517578125</ele>
        <time>2026-09-19T07:32:01.000Z</time>
        <extensions>
          <ns3:TrackPointExtension>
            <ns3:hr>125</ns3:hr>
            <ns3:cad>48</ns3:cad>
          </ns3:TrackPointExtension>
        </extensions>
      </trkpt>
      <trkpt lat="24.49505480937659740447998046875" lon="117.96569715254008769989013671875">
        <ele>115</ele>
        <time>2026-09-19T07:32:02.000Z</time>
        <extensions>
          <ns3:TrackPointExtension>
            <ns3:hr>124</ns3:hr>
            <ns3:cad>48</ns3:cad>
          </ns3:TrackPointExtension>
        </extensions>
      </trkpt>
      <trkpt lat="24.49506402947008609771728515625" lon="117.96568776480853557586669921875">
        <ele>115.1999969482421875</ele>
        <time>2026-09-19T07:32:03.000Z</time>
        <extensions>
          <ns3:TrackPointExtension>
            <ns3:hr>124</ns3:hr>
            <ns3:cad>47</ns3:cad>
          </ns3:TrackPointExtension>
        </extensions>
      </trkpt>
      <trkpt lat="24.495071657001972198486328125" lon="117.96568089164793491363525390625">
        <ele>115.40000152587890625</ele>
        <time>2026-09-19T07:32:04.000Z</time>
        <extensions>
          <ns3:TrackPointExtension>
            <ns3:hr>124</ns3:hr>
            <ns3:cad>46</ns3:cad>
          </ns3:TrackPointExtension>
        </extensions>
      </trkpt>
      <trkpt lat="24.495078362524509429931640625" lon="117.96567200683057308197021484375">
        <ele>115.40000152587890625</ele>
        <time>2026-09-19T07:32:05.000Z</time>
        <extensions>
          <ns3:TrackPointExtension>
            <ns3:hr>124</ns3:hr>
            <ns3:cad>46</ns3:cad>
          </ns3:TrackPointExtension>
        </extensions>
      </trkpt>
      <trkpt lat="24.49508431367576122283935546875" lon="117.9656642116606235504150390625">
        <ele>115.59999847412109375</ele>
        <time>2026-09-19T07:32:06.000Z</time>
        <extensions>
          <ns3:TrackPointExtension>
            <ns3:hr>124</ns3:hr>
            <ns3:cad>45</ns3:cad>
          </ns3:TrackPointExtension>
        </extensions>
      </trkpt>
      <trkpt lat="24.49509018100798130035400390625" lon="117.96565624885261058807373046875">
        <ele>115.59999847412109375</ele>
        <time>2026-09-19T07:32:07.000Z</time>
        <extensions>
          <ns3:TrackPointExtension>
            <ns3:hr>124</ns3:hr>
            <ns3:cad>44</ns3:cad>
          </ns3:TrackPointExtension>
        </extensions>
      </trkpt>
      <trkpt lat="24.49510023929178714752197265625" lon="117.9656497947871685028076171875">
        <ele>115.8000030517578125</ele>
        <time>2026-09-19T07:32:08.000Z</time>
        <extensions>
          <ns3:TrackPointExtension>
            <ns3:hr>123</ns3:hr>
            <ns3:cad>44</ns3:cad>
          </ns3:TrackPointExtension>
        </extensions>
      </trkpt>
      <trkpt lat="24.49510979466140270233154296875" lon="117.965641580522060394287109375">
        <ele>115.8000030517578125</ele>
        <time>2026-09-19T07:32:09.000Z</time>
        <extensions>
          <ns3:TrackPointExtension>
            <ns3:hr>124</ns3:hr>
            <ns3:cad>44</ns3:cad>
          </ns3:TrackPointExtension>
        </extensions>
      </trkpt>
      <trkpt lat="24.495119266211986541748046875" lon="117.965633533895015716552734375">
        <ele>115.8000030517578125</ele>
        <time>2026-09-19T07:32:10.000Z</time>
        <extensions>
          <ns3:TrackPointExtension>
            <ns3:hr>124</ns3:hr>
            <ns3:cad>45</ns3:cad>
          </ns3:TrackPointExtension>
        </extensions>
      </trkpt>
      <trkpt lat="24.49512429535388946533203125" lon="117.96562875621020793914794921875">
        <ele>115.59999847412109375</ele>
        <time>2026-09-19T07:32:11.000Z</time>
        <extensions>
          <ns3:TrackPointExtension>
            <ns3:hr>125</ns3:hr>
            <ns3:cad>45</ns3:cad>
          </ns3:TrackPointExtension>
        </extensions>
      </trkpt>
      <trkpt lat="24.49512756429612636566162109375" lon="117.96562515199184417724609375">
        <ele>115.40000152587890625</ele>
        <time>2026-09-19T07:32:12.000Z</time>
        <extensions>
          <ns3:TrackPointExtension>
            <ns3:hr>125</ns3:hr>
            <ns3:cad>45</ns3:cad>
          </ns3:TrackPointExtension>
        </extensions>
      </trkpt>
      <trkpt lat="24.49513644911348819732666015625" lon="117.96561735682189464569091796875">
        <ele>115.40000152587890625</ele>
        <time>2026-09-19T07:32:13.000Z</time>
        <extensions>
          <ns3:TrackPointExtension>
            <ns3:hr>125</ns3:hr>
            <ns3:cad>47</ns3:cad>
          </ns3:TrackPointExtension>
        </extensions>
      </trkpt>
      <trkpt lat="24.4951482675969600677490234375" lon="117.96561266295611858367919921875">
        <ele>115.40000152587890625</ele>
        <time>2026-09-19T07:32:14.000Z</time>
        <extensions>
          <ns3:TrackPointExtension>
            <ns3:hr>124</ns3:hr>
            <ns3:cad>48</ns3:cad>
          </ns3:TrackPointExtension>
        </extensions>
      </trkpt>
      <trkpt lat="24.495152793824672698974609375" lon="117.9656075499951839447021484375">
        <ele>115.8000030517578125</ele>
        <time>2026-09-19T07:32:15.000Z</time>
        <extensions>
          <ns3:TrackPointExtension>
            <ns3:hr>125</ns3:hr>
            <ns3:cad>48</ns3:cad>
          </ns3:TrackPointExtension>
        </extensions>
      </trkpt>
      <trkpt lat="24.49515388347208499908447265625" lon="117.96559958718717098236083984375">
        <ele>116</ele>
        <time>2026-09-19T07:32:16.000Z</time>
        <extensions>
          <ns3:TrackPointExtension>
            <ns3:hr>126</ns3:hr>
            <ns3:cad>48</ns3:cad>
          </ns3:TrackPointExtension>
        </extensions>
      </trkpt>
      <trkpt lat="24.49516712687909603118896484375" lon="117.96559221111238002777099609375">
        <ele>116.1999969482421875</ele>
        <time>2026-09-19T07:32:17.000Z</time>
        <extensions>
          <ns3:TrackPointExtension>
            <ns3:hr>126</ns3:hr>
            <ns3:cad>48</ns3:cad>
          </ns3:TrackPointExtension>
        </extensions>
      </trkpt>
      <trkpt lat="24.49517550878226757049560546875" lon="117.9655914567410945892333984375">
        <ele>116.59999847412109375</ele>
        <time>2026-09-19T07:32:18.000Z</time>
        <extensions>
          <ns3:TrackPointExtension>
            <ns3:hr>127</ns3:hr>
            <ns3:cad>48</ns3:cad>
          </ns3:TrackPointExtension>
        </extensions>
      </trkpt>
      <trkpt lat="24.49518858455121517181396484375" lon="117.965585924685001373291015625">
        <ele>116.59999847412109375</ele>
        <time>2026-09-19T07:32:19.000Z</time>
        <extensions>
          <ns3:TrackPointExtension>
            <ns3:hr>128</ns3:hr>
            <ns3:cad>48</ns3:cad>
          </ns3:TrackPointExtension>
        </extensions>
      </trkpt>
      <trkpt lat="24.49519646354019641876220703125" lon="117.9655815660953521728515625">
        <ele>116.59999847412109375</ele>
        <time>2026-09-19T07:32:20.000Z</time>
        <extensions>
          <ns3:TrackPointExtension>
            <ns3:hr>128</ns3:hr>
            <ns3:cad>48</ns3:cad>
          </ns3:TrackPointExtension>
        </extensions>
      </trkpt>
      <trkpt lat="24.49520635418593883514404296875" lon="117.96557695604860782623291015625">
        <ele>116.8000030517578125</ele>
        <time>2026-09-19T07:32:21.000Z</time>
        <extensions>
          <ns3:TrackPointExtension>
            <ns3:hr>129</ns3:hr>
            <ns3:cad>48</ns3:cad>
          </ns3:TrackPointExtension>
        </extensions>
      </trkpt>
      <trkpt lat="24.49521557427942752838134765625" lon="117.96557008288800716400146484375">
        <ele>116.8000030517578125</ele>
        <time>2026-09-19T07:32:22.000Z</time>
        <extensions>
          <ns3:TrackPointExtension>
            <ns3:hr>129</ns3:hr>
            <ns3:cad>48</ns3:cad>
          </ns3:TrackPointExtension>
        </extensions>
      </trkpt>
      <trkpt lat="24.49522965587675571441650390625" lon="117.96556077897548675537109375">
        <ele>116.8000030517578125</ele>
        <time>2026-09-19T07:32:23.000Z</time>
        <extensions>
          <ns3:TrackPointExtension>
            <ns3:hr>129</ns3:hr>
            <ns3:cad>48</ns3:cad>
          </ns3:TrackPointExtension>
        </extensions>
      </trkpt>
      <trkpt lat="24.4952414743602275848388671875" lon="117.96555248089134693145751953125">
        <ele>117</ele>
        <time>2026-09-19T07:32:24.000Z</time>
        <extensions>
          <ns3:TrackPointExtension>
            <ns3:hr>129</ns3:hr>
            <ns3:cad>48</ns3:cad>
          </ns3:TrackPointExtension>
        </extensions>
      </trkpt>
      <trkpt lat="24.49524910189211368560791015625" lon="117.96554560773074626922607421875">
        <ele>117.1999969482421875</ele>
        <time>2026-09-19T07:32:25.000Z</time>
        <extensions>
          <ns3:TrackPointExtension>
            <ns3:hr>130</ns3:hr>
            <ns3:cad>48</ns3:cad>
          </ns3:TrackPointExtension>
        </extensions>
      </trkpt>
      <trkpt lat="24.495251365005970001220703125" lon="117.9655388183891773223876953125">
        <ele>117.40000152587890625</ele>
        <time>2026-09-19T07:32:26.000Z</time>
        <extensions>
          <ns3:TrackPointExtension>
            <ns3:hr>130</ns3:hr>
            <ns3:cad>48</ns3:cad>
          </ns3:TrackPointExtension>
        </extensions>
      </trkpt>
      <trkpt lat="24.49525698088109493255615234375" lon="117.96553119085729122161865234375">
        <ele>117.8000030517578125</ele>
        <time>2026-09-19T07:32:27.000Z</time>
        <extensions>
          <ns3:TrackPointExtension>
            <ns3:hr>131</ns3:hr>
            <ns3:cad>48</ns3:cad>
          </ns3:TrackPointExtension>
        </extensions>
      </trkpt>
      <trkpt lat="24.4952592439949512481689453125" lon="117.965518869459629058837890625">
        <ele>118</ele>
        <time>2026-09-19T07:32:28.000Z</time>
        <extensions>
          <ns3:TrackPointExtension>
            <ns3:hr>131</ns3:hr>
            <ns3:cad>48</ns3:cad>
          </ns3:TrackPointExtension>
        </extensions>
      </trkpt>
      <trkpt lat="24.4952666200697422027587890625" lon="117.96550470404326915740966796875">
        <ele>118</ele>
        <time>2026-09-19T07:32:29.000Z</time>
        <extensions>
          <ns3:TrackPointExtension>
            <ns3:hr>131</ns3:hr>
            <ns3:cad>49</ns3:cad>
          </ns3:TrackPointExtension>
        </extensions>
      </trkpt>
      <trkpt lat="24.49526921845972537994384765625" lon="117.9654955677688121795654296875">
        <ele>118.1999969482421875</ele>
        <time>2026-09-19T07:32:30.000Z</time>
        <extensions>
          <ns3:TrackPointExtension>
            <ns3:hr>131</ns3:hr>
            <ns3:cad>49</ns3:cad>
          </ns3:TrackPointExtension>
        </extensions>
      </trkpt>
      <trkpt lat="24.49527407996356487274169921875" lon="117.96549112536013126373291015625">
        <ele>118.40000152587890625</ele>
        <time>2026-09-19T07:32:31.000Z</time>
        <extensions>
          <ns3:TrackPointExtension>
            <ns3:hr>131</ns3:hr>
            <ns3:cad>49</ns3:cad>
          </ns3:TrackPointExtension>
        </extensions>
      </trkpt>
      <trkpt lat="24.4952780194580554962158203125" lon="117.965486347675323486328125">
        <ele>118.59999847412109375</ele>
        <time>2026-09-19T07:32:32.000Z</time>
        <extensions>
          <ns3:TrackPointExtension>
            <ns3:hr>131</ns3:hr>
            <ns3:cad>49</ns3:cad>
          </ns3:TrackPointExtension>
        </extensions>
      </trkpt>
      <trkpt lat="24.49528296478092670440673828125" lon="117.9654727689921855926513671875">
        <ele>118.8000030517578125</ele>
        <time>2026-09-19T07:32:33.000Z</time>
        <extensions>
          <ns3:TrackPointExtension>
            <ns3:hr>131</ns3:hr>
            <ns3:cad>49</ns3:cad>
          </ns3:TrackPointExtension>
        </extensions>
      </trkpt>
      <trkpt lat="24.495284222066402435302734375" lon="117.9654563404619693756103515625">
        <ele>118.8000030517578125</ele>
        <time>2026-09-19T07:32:34.000Z</time>
        <extensions>
          <ns3:TrackPointExtension>
            <ns3:hr>132</ns3:hr>
            <ns3:cad>48</ns3:cad>
          </ns3:TrackPointExtension>
        </extensions>
      </trkpt>
      <trkpt lat="24.49528682045638561248779296875" lon="117.9654425941407680511474609375">
        <ele>119</ele>
        <time>2026-09-19T07:32:35.000Z</time>
        <extensions>
          <ns3:TrackPointExtension>
            <ns3:hr>132</ns3:hr>
            <ns3:cad>48</ns3:cad>
          </ns3:TrackPointExtension>
        </extensions>
      </trkpt>
      <trkpt lat="24.49528698809444904327392578125" lon="117.965427674353122711181640625">
        <ele>119.1999969482421875</ele>
        <time>2026-09-19T07:32:36.000Z</time>
        <extensions>
          <ns3:TrackPointExtension>
            <ns3:hr>132</ns3:hr>
            <ns3:cad>48</ns3:cad>
          </ns3:TrackPointExtension>
        </extensions>
      </trkpt>
      <trkpt lat="24.49528656899929046630859375" lon="117.9654164426028728485107421875">
        <ele>119.1999969482421875</ele>
        <time>2026-09-19T07:32:37.000Z</time>
        <extensions>
          <ns3:TrackPointExtension>
            <ns3:hr>132</ns3:hr>
            <ns3:cad>48</ns3:cad>
          </ns3:TrackPointExtension>
        </extensions>
      </trkpt>
      <trkpt lat="24.49528648518025875091552734375" lon="117.96540512703359127044677734375">
        <ele>119.40000152587890625</ele>
        <time>2026-09-19T07:32:38.000Z</time>
        <extensions>
          <ns3:TrackPointExtension>
            <ns3:hr>133</ns3:hr>
            <ns3:cad>48</ns3:cad>
          </ns3:TrackPointExtension>
        </extensions>
      </trkpt>
      <trkpt lat="24.49528883211314678192138671875" lon="117.9653896205127239227294921875">
        <ele>119.40000152587890625</ele>
        <time>2026-09-19T07:32:39.000Z</time>
        <extensions>
          <ns3:TrackPointExtension>
            <ns3:hr>133</ns3:hr>
            <ns3:cad>49</ns3:cad>
          </ns3:TrackPointExtension>
        </extensions>
      </trkpt>
      <trkpt lat="24.495290927588939666748046875" lon="117.96537545509636402130126953125">
        <ele>119.59999847412109375</ele>
        <time>2026-09-19T07:32:40.000Z</time>
        <extensions>
          <ns3:TrackPointExtension>
            <ns3:hr>133</ns3:hr>
            <ns3:cad>49</ns3:cad>
          </ns3:TrackPointExtension>
        </extensions>
      </trkpt>
      <trkpt lat="24.49529469944536685943603515625" lon="117.9653643071651458740234375">
        <ele>119.59999847412109375</ele>
        <time>2026-09-19T07:32:41.000Z</time>
        <extensions>
          <ns3:TrackPointExtension>
            <ns3:hr>133</ns3:hr>
            <ns3:cad>49</ns3:cad>
          </ns3:TrackPointExtension>
        </extensions>
      </trkpt>
      <trkpt lat="24.49529050849378108978271484375" lon="117.96534888446331024169921875">
        <ele>119.8000030517578125</ele>
        <time>2026-09-19T07:32:42.000Z</time>
        <extensions>
          <ns3:TrackPointExtension>
            <ns3:hr>133</ns3:hr>
            <ns3:cad>50</ns3:cad>
          </ns3:TrackPointExtension>
        </extensions>
      </trkpt>
      <trkpt lat="24.495292268693447113037109375" lon="117.96533840708434581756591796875">
        <ele>120</ele>
        <time>2026-09-19T07:32:43.000Z</time>
        <extensions>
          <ns3:TrackPointExtension>
            <ns3:hr>134</ns3:hr>
            <ns3:cad>50</ns3:cad>
          </ns3:TrackPointExtension>
        </extensions>
      </trkpt>
      <trkpt lat="24.4952964596450328826904296875" lon="117.96532985754311084747314453125">
        <ele>120.1999969482421875</ele>
        <time>2026-09-19T07:32:44.000Z</time>
        <extensions>
          <ns3:TrackPointExtension>
            <ns3:hr>134</ns3:hr>
            <ns3:cad>49</ns3:cad>
          </ns3:TrackPointExtension>
        </extensions>
      </trkpt>
      <trkpt lat="24.4953008182346820831298828125" lon="117.96531862579286098480224609375">
        <ele>120.40000152587890625</ele>
        <time>2026-09-19T07:32:45.000Z</time>
        <extensions>
          <ns3:TrackPointExtension>
            <ns3:hr>134</ns3:hr>
            <ns3:cad>48</ns3:cad>
          </ns3:TrackPointExtension>
        </extensions>
      </trkpt>
      <trkpt lat="24.4953045062720775604248046875" lon="117.9653115011751651763916015625">
        <ele>120.59999847412109375</ele>
        <time>2026-09-19T07:32:46.000Z</time>
        <extensions>
          <ns3:TrackPointExtension>
            <ns3:hr>134</ns3:hr>
            <ns3:cad>48</ns3:cad>
          </ns3:TrackPointExtension>
        </extensions>
      </trkpt>
      <trkpt lat="24.4953092001378536224365234375" lon="117.96530454419553279876708984375">
        <ele>120.59999847412109375</ele>
        <time>2026-09-19T07:32:47.000Z</time>
        <extensions>
          <ns3:TrackPointExtension>
            <ns3:hr>133</ns3:hr>
            <ns3:cad>48</ns3:cad>
          </ns3:TrackPointExtension>
        </extensions>
      </trkpt>
      <trkpt lat="24.49531833641231060028076171875" lon="117.96529465354979038238525390625">
        <ele>120.8000030517578125</ele>
        <time>2026-09-19T07:32:48.000Z</time>
        <extensions>
          <ns3:TrackPointExtension>
            <ns3:hr>134</ns3:hr>
            <ns3:cad>48</ns3:cad>
          </ns3:TrackPointExtension>
        </extensions>
      </trkpt>
      <trkpt lat="24.4953262992203235626220703125" lon="117.96528191305696964263916015625">
        <ele>120.8000030517578125</ele>
        <time>2026-09-19T07:32:49.000Z</time>
        <extensions>
          <ns3:TrackPointExtension>
            <ns3:hr>134</ns3:hr>
            <ns3:cad>48</ns3:cad>
          </ns3:TrackPointExtension>
        </extensions>
      </trkpt>
      <trkpt lat="24.49533359147608280181884765625" lon="117.96527001075446605682373046875">
        <ele>121</ele>
        <time>2026-09-19T07:32:50.000Z</time>
        <extensions>
          <ns3:TrackPointExtension>
            <ns3:hr>134</ns3:hr>
            <ns3:cad>48</ns3:cad>
          </ns3:TrackPointExtension>
        </extensions>
      </trkpt>
      <trkpt lat="24.49533996172249317169189453125" lon="117.96526296995580196380615234375">
        <ele>121</ele>
        <time>2026-09-19T07:32:51.000Z</time>
        <extensions>
          <ns3:TrackPointExtension>
            <ns3:hr>134</ns3:hr>
            <ns3:cad>44</ns3:cad>
          </ns3:TrackPointExtension>
        </extensions>
      </trkpt>
      <trkpt lat="24.49534482322633266448974609375" lon="117.9652570188045501708984375">
        <ele>121.1999969482421875</ele>
        <time>2026-09-19T07:32:52.000Z</time>
        <extensions>
          <ns3:TrackPointExtension>
            <ns3:hr>134</ns3:hr>
            <ns3:cad>44</ns3:cad>
          </ns3:TrackPointExtension>
        </extensions>
      </trkpt>
      <trkpt lat="24.49535035528242588043212890625" lon="117.96525232493877410888671875">
        <ele>121.1999969482421875</ele>
        <time>2026-09-19T07:32:53.000Z</time>
        <extensions>
          <ns3:TrackPointExtension>
            <ns3:hr>133</ns3:hr>
            <ns3:cad>50</ns3:cad>
          </ns3:TrackPointExtension>
        </extensions>
      </trkpt>
      <trkpt lat="24.4953568093478679656982421875" lon="117.9652457870543003082275390625">
        <ele>121.1999969482421875</ele>
        <time>2026-09-19T07:32:54.000Z</time>
        <extensions>
          <ns3:TrackPointExtension>
            <ns3:hr>134</ns3:hr>
            <ns3:cad>50</ns3:cad>
          </ns3:TrackPointExtension>
        </extensions>
      </trkpt>
      <trkpt lat="24.49536527507007122039794921875" lon="117.96523354947566986083984375">
        <ele>121.40000152587890625</ele>
        <time>2026-09-19T07:32:55.000Z</time>
        <extensions>
          <ns3:TrackPointExtension>
            <ns3:hr>134</ns3:hr>
            <ns3:cad>51</ns3:cad>
          </ns3:TrackPointExtension>
        </extensions>
      </trkpt>
      <trkpt lat="24.49536996893584728240966796875" lon="117.96522684395313262939453125">
        <ele>121.59999847412109375</ele>
        <time>2026-09-19T07:32:56.000Z</time>
        <extensions>
          <ns3:TrackPointExtension>
            <ns3:hr>135</ns3:hr>
            <ns3:cad>51</ns3:cad>
          </ns3:TrackPointExtension>
        </extensions>
      </trkpt>
      <trkpt lat="24.49537508189678192138671875" lon="117.96522550284862518310546875">
        <ele>121.59999847412109375</ele>
        <time>2026-09-19T07:32:57.000Z</time>
        <extensions>
          <ns3:TrackPointExtension>
            <ns3:hr>135</ns3:hr>
            <ns3:cad>51</ns3:cad>
          </ns3:TrackPointExtension>
        </extensions>
      </trkpt>
      <trkpt lat="24.49538581073284149169921875" lon="117.96522240154445171356201171875">
        <ele>121.8000030517578125</ele>
        <time>2026-09-19T07:32:58.000Z</time>
        <extensions>
          <ns3:TrackPointExtension>
            <ns3:hr>135</ns3:hr>
            <ns3:cad>50</ns3:cad>
          </ns3:TrackPointExtension>
        </extensions>
      </trkpt>
      <trkpt lat="24.4953931868076324462890625" lon="117.965215779840946197509765625">
        <ele>121.8000030517578125</ele>
        <time>2026-09-19T07:32:59.000Z</time>
        <extensions>
          <ns3:TrackPointExtension>
            <ns3:hr>135</ns3:hr>
            <ns3:cad>49</ns3:cad>
          </ns3:TrackPointExtension>
        </extensions>
      </trkpt>
      <trkpt lat="24.49540249072015285491943359375" lon="117.96520966105163097381591796875">
        <ele>121.8000030517578125</ele>
        <time>2026-09-19T07:33:00.000Z</time>
        <extensions>
          <ns3:TrackPointExtension>
            <ns3:hr>136</ns3:hr>
            <ns3:cad>49</ns3:cad>
          </ns3:TrackPointExtension>
        </extensions>
      </trkpt>
      <trkpt lat="24.495410621166229248046875" lon="117.96520178206264972686767578125">
        <ele>122</ele>
        <time>2026-09-19T07:33:01.000Z</time>
        <extensions>
          <ns3:TrackPointExtension>
            <ns3:hr>136</ns3:hr>
            <ns3:cad>49</ns3:cad>
          </ns3:TrackPointExtension>
        </extensions>
      </trkpt>
      <trkpt lat="24.4954195059835910797119140625" lon="117.96519197523593902587890625">
        <ele>122</ele>
        <time>2026-09-19T07:33:02.000Z</time>
        <extensions>
          <ns3:TrackPointExtension>
            <ns3:hr>135</ns3:hr>
            <ns3:cad>0</ns3:cad>
          </ns3:TrackPointExtension>
        </extensions>
      </trkpt>
      <trkpt lat="24.49542612768709659576416015625" lon="117.96518526971340179443359375">
        <ele>122.1999969482421875</ele>
        <time>2026-09-19T07:33:03.000Z</time>
        <extensions>
          <ns3:TrackPointExtension>
            <ns3:hr>135</ns3:hr>
            <ns3:cad>0</ns3:cad>
          </ns3:TrackPointExtension>
        </extensions>
      </trkpt>
      <trkpt lat="24.4954295642673969268798828125" lon="117.965180911123752593994140625">
        <ele>122.40000152587890625</ele>
        <time>2026-09-19T07:33:04.000Z</time>
        <extensions>
          <ns3:TrackPointExtension>
            <ns3:hr>135</ns3:hr>
            <ns3:cad>0</ns3:cad>
          </ns3:TrackPointExtension>
        </extensions>
      </trkpt>
      <trkpt lat="24.4954372756183147430419921875" lon="117.965172864496707916259765625">
        <ele>122.40000152587890625</ele>
        <time>2026-09-19T07:33:05.000Z</time>
        <extensions>
          <ns3:TrackPointExtension>
            <ns3:hr>136</ns3:hr>
            <ns3:cad>0</ns3:cad>
          </ns3:TrackPointExtension>
        </extensions>
      </trkpt>
      <trkpt lat="24.49544456787407398223876953125" lon="117.9651649855077266693115234375">
        <ele>122.40000152587890625</ele>
        <time>2026-09-19T07:33:06.000Z</time>
        <extensions>
          <ns3:TrackPointExtension>
            <ns3:hr>135</ns3:hr>
            <ns3:cad>45</ns3:cad>
          </ns3:TrackPointExtension>
        </extensions>
      </trkpt>
      <trkpt lat="24.49545328505337238311767578125" lon="117.965156771242618560791015625">
        <ele>122.59999847412109375</ele>
        <time>2026-09-19T07:33:07.000Z</time>
        <extensions>
          <ns3:TrackPointExtension>
            <ns3:hr>135</ns3:hr>
            <ns3:cad>45</ns3:cad>
          </ns3:TrackPointExtension>
        </extensions>
      </trkpt>
      <trkpt lat="24.49546401388943195343017578125" lon="117.96514662913978099822998046875">
        <ele>122.59999847412109375</ele>
        <time>2026-09-19T07:33:08.000Z</time>
        <extensions>
          <ns3:TrackPointExtension>
            <ns3:hr>135</ns3:hr>
            <ns3:cad>45</ns3:cad>
          </ns3:TrackPointExtension>
        </extensions>
      </trkpt>
      <trkpt lat="24.495471306145191192626953125" lon="117.9651395045220851898193359375">
        <ele>122.8000030517578125</ele>
        <time>2026-09-19T07:33:09.000Z</time>
        <extensions>
          <ns3:TrackPointExtension>
            <ns3:hr>135</ns3:hr>
            <ns3:cad>45</ns3:cad>
          </ns3:TrackPointExtension>
        </extensions>
      </trkpt>
      <trkpt lat="24.4954808615148067474365234375" lon="117.9651281051337718963623046875">
        <ele>123</ele>
        <time>2026-09-19T07:33:10.000Z</time>
        <extensions>
          <ns3:TrackPointExtension>
            <ns3:hr>135</ns3:hr>
            <ns3:cad>49</ns3:cad>
          </ns3:TrackPointExtension>
        </extensions>
      </trkpt>
      <trkpt lat="24.49548932723701000213623046875" lon="117.9651190526783466339111328125">
        <ele>123</ele>
        <time>2026-09-19T07:33:11.000Z</time>
        <extensions>
          <ns3:TrackPointExtension>
            <ns3:hr>135</ns3:hr>
            <ns3:cad>49</ns3:cad>
          </ns3:TrackPointExtension>
        </extensions>
      </trkpt>
      <trkpt lat="24.4954956136643886566162109375" lon="117.9651110060513019561767578125">
        <ele>123.1999969482421875</ele>
        <time>2026-09-19T07:33:12.000Z</time>
        <extensions>
          <ns3:TrackPointExtension>
            <ns3:hr>134</ns3:hr>
            <ns3:cad>50</ns3:cad>
          </ns3:TrackPointExtension>
        </extensions>
      </trkpt>
      <trkpt lat="24.4955100305378437042236328125" lon="117.965095080435276031494140625">
        <ele>123.1999969482421875</ele>
        <time>2026-09-19T07:33:13.000Z</time>
        <extensions>
          <ns3:TrackPointExtension>
            <ns3:hr>134</ns3:hr>
            <ns3:cad>50</ns3:cad>
          </ns3:TrackPointExtension>
        </extensions>
      </trkpt>
      <trkpt lat="24.49552184902131557464599609375" lon="117.9650868661701679229736328125">
        <ele>123.40000152587890625</ele>
        <time>2026-09-19T07:33:14.000Z</time>
        <extensions>
          <ns3:TrackPointExtension>
            <ns3:hr>134</ns3:hr>
            <ns3:cad>50</ns3:cad>
          </ns3:TrackPointExtension>
        </extensions>
      </trkpt>
      <trkpt lat="24.495528973639011383056640625" lon="117.96508275903761386871337890625">
        <ele>123.59999847412109375</ele>
        <time>2026-09-19T07:33:15.000Z</time>
        <extensions>
          <ns3:TrackPointExtension>
            <ns3:hr>134</ns3:hr>
            <ns3:cad>50</ns3:cad>
          </ns3:TrackPointExtension>
        </extensions>
      </trkpt>
      <trkpt lat="24.4955345056951045989990234375" lon="117.96507756225764751434326171875">
        <ele>123.59999847412109375</ele>
        <time>2026-09-19T07:33:16.000Z</time>
        <extensions>
          <ns3:TrackPointExtension>
            <ns3:hr>134</ns3:hr>
            <ns3:cad>50</ns3:cad>
          </ns3:TrackPointExtension>
        </extensions>
      </trkpt>
      <trkpt lat="24.49554406106472015380859375" lon="117.96507127583026885986328125">
        <ele>123.8000030517578125</ele>
        <time>2026-09-19T07:33:17.000Z</time>
        <extensions>
          <ns3:TrackPointExtension>
            <ns3:hr>135</ns3:hr>
            <ns3:cad>50</ns3:cad>
          </ns3:TrackPointExtension>
        </extensions>
      </trkpt>
      <trkpt lat="24.49555286206305027008056640625" lon="117.96506063081324100494384765625">
        <ele>124</ele>
        <time>2026-09-19T07:33:18.000Z</time>
        <extensions>
          <ns3:TrackPointExtension>
            <ns3:hr>135</ns3:hr>
            <ns3:cad>47</ns3:cad>
          </ns3:TrackPointExtension>
        </extensions>
      </trkpt>
      <trkpt lat="24.49556090869009494781494140625" lon="117.96504688449203968048095703125">
        <ele>124.1999969482421875</ele>
        <time>2026-09-19T07:33:19.000Z</time>
        <extensions>
          <ns3:TrackPointExtension>
            <ns3:hr>135</ns3:hr>
            <ns3:cad>47</ns3:cad>
          </ns3:TrackPointExtension>
        </extensions>
      </trkpt>
      <trkpt lat="24.4955675303936004638671875" lon="117.96503934077918529510498046875">
        <ele>124.1999969482421875</ele>
        <time>2026-09-19T07:33:20.000Z</time>
        <extensions>
          <ns3:TrackPointExtension>
            <ns3:hr>135</ns3:hr>
            <ns3:cad>47</ns3:cad>
          </ns3:TrackPointExtension>
        </extensions>
      </trkpt>
      <trkpt lat="24.49557297863066196441650390625" lon="117.9650348983705043792724609375">
        <ele>124.40000152587890625</ele>
        <time>2026-09-19T07:33:21.000Z</time>
        <extensions>
          <ns3:TrackPointExtension>
            <ns3:hr>135</ns3:hr>
            <ns3:cad>47</ns3:cad>
          </ns3:TrackPointExtension>
        </extensions>
      </trkpt>
      <trkpt lat="24.49558052234351634979248046875" lon="117.96502458862960338592529296875">
        <ele>124.59999847412109375</ele>
        <time>2026-09-19T07:33:22.000Z</time>
        <extensions>
          <ns3:TrackPointExtension>
            <ns3:hr>134</ns3:hr>
            <ns3:cad>47</ns3:cad>
          </ns3:TrackPointExtension>
        </extensions>
      </trkpt>
      <trkpt lat="24.4955904968082904815673828125" lon="117.9650110937654972076416015625">
        <ele>124.8000030517578125</ele>
        <time>2026-09-19T07:33:23.000Z</time>
        <extensions>
          <ns3:TrackPointExtension>
            <ns3:hr>134</ns3:hr>
            <ns3:cad>47</ns3:cad>
          </ns3:TrackPointExtension>
        </extensions>
      </trkpt>
      <trkpt lat="24.4956002198159694671630859375" lon="117.9650007002055644989013671875">
        <ele>125</ele>
        <time>2026-09-19T07:33:24.000Z</time>
        <extensions>
          <ns3:TrackPointExtension>
            <ns3:hr>134</ns3:hr>
            <ns3:cad>47</ns3:cad>
          </ns3:TrackPointExtension>
        </extensions>
      </trkpt>
      <trkpt lat="24.49561354704201221466064453125" lon="117.96498854644596576690673828125">
        <ele>125</ele>
        <time>2026-09-19T07:33:25.000Z</time>
        <extensions>
          <ns3:TrackPointExtension>
            <ns3:hr>133</ns3:hr>
            <ns3:cad>0</ns3:cad>
          </ns3:TrackPointExtension>
        </extensions>
      </trkpt>
      <trkpt lat="24.4956206716597080230712890625" lon="117.96498133800923824310302734375">
        <ele>125.1999969482421875</ele>
        <time>2026-09-19T07:33:26.000Z</time>
        <extensions>
          <ns3:TrackPointExtension>
            <ns3:hr>133</ns3:hr>
            <ns3:cad>0</ns3:cad>
          </ns3:TrackPointExtension>
        </extensions>
      </trkpt>
      <trkpt lat="24.49562184512615203857421875" lon="117.96497798524796962738037109375">
        <ele>125.40000152587890625</ele>
        <time>2026-09-19T07:33:27.000Z</time>
        <extensions>
          <ns3:TrackPointExtension>
            <ns3:hr>133</ns3:hr>
            <ns3:cad>0</ns3:cad>
          </ns3:TrackPointExtension>
        </extensions>
      </trkpt>
      <trkpt lat="24.4956236891448497772216796875" lon="117.9649727046489715576171875">
        <ele>125.40000152587890625</ele>
        <time>2026-09-19T07:33:28.000Z</time>
        <extensions>
          <ns3:TrackPointExtension>
            <ns3:hr>134</ns3:hr>
            <ns3:cad>0</ns3:cad>
          </ns3:TrackPointExtension>
        </extensions>
      </trkpt>
      <trkpt lat="24.4956270419061183929443359375" lon="117.96496591530740261077880859375">
        <ele>125.40000152587890625</ele>
        <time>2026-09-19T07:33:29.000Z</time>
        <extensions>
          <ns3:TrackPointExtension>
            <ns3:hr>133</ns3:hr>
            <ns3:cad>48</ns3:cad>
          </ns3:TrackPointExtension>
        </extensions>
      </trkpt>
      <trkpt lat="24.49563014321029186248779296875" lon="117.9649566113948822021484375">
        <ele>125.40000152587890625</ele>
        <time>2026-09-19T07:33:30.000Z</time>
        <extensions>
          <ns3:TrackPointExtension>
            <ns3:hr>132</ns3:hr>
            <ns3:cad>48</ns3:cad>
          </ns3:TrackPointExtension>
        </extensions>
      </trkpt>
      <trkpt lat="24.49563282541930675506591796875" lon="117.96494915150105953216552734375">
        <ele>125.40000152587890625</ele>
        <time>2026-09-19T07:33:31.000Z</time>
        <extensions>
          <ns3:TrackPointExtension>
            <ns3:hr>132</ns3:hr>
            <ns3:cad>48</ns3:cad>
          </ns3:TrackPointExtension>
        </extensions>
      </trkpt>
      <trkpt lat="24.49563701637089252471923828125" lon="117.96493859030306339263916015625">
        <ele>125.40000152587890625</ele>
        <time>2026-09-19T07:33:32.000Z</time>
        <extensions>
          <ns3:TrackPointExtension>
            <ns3:hr>133</ns3:hr>
            <ns3:cad>48</ns3:cad>
          </ns3:TrackPointExtension>
        </extensions>
      </trkpt>
      <trkpt lat="24.49564238078892230987548828125" lon="117.9649259336292743682861328125">
        <ele>125.59999847412109375</ele>
        <time>2026-09-19T07:33:33.000Z</time>
        <extensions>
          <ns3:TrackPointExtension>
            <ns3:hr>133</ns3:hr>
            <ns3:cad>48</ns3:cad>
          </ns3:TrackPointExtension>
        </extensions>
      </trkpt>
      <trkpt lat="24.49564858339726924896240234375" lon="117.96491302549839019775390625">
        <ele>125.59999847412109375</ele>
        <time>2026-09-19T07:33:34.000Z</time>
        <extensions>
          <ns3:TrackPointExtension>
            <ns3:hr>132</ns3:hr>
            <ns3:cad>51</ns3:cad>
          </ns3:TrackPointExtension>
        </extensions>
      </trkpt>
      <trkpt lat="24.4956548698246479034423828125" lon="117.96490095555782318115234375">
        <ele>125.8000030517578125</ele>
        <time>2026-09-19T07:33:35.000Z</time>
        <extensions>
          <ns3:TrackPointExtension>
            <ns3:hr>132</ns3:hr>
            <ns3:cad>51</ns3:cad>
          </ns3:TrackPointExtension>
        </extensions>
      </trkpt>
      <trkpt lat="24.49566082097589969635009765625" lon="117.96488846652209758758544921875">
        <ele>125.8000030517578125</ele>
        <time>2026-09-19T07:33:36.000Z</time>
        <extensions>
          <ns3:TrackPointExtension>
            <ns3:hr>131</ns3:hr>
            <ns3:cad>49</ns3:cad>
          </ns3:TrackPointExtension>
        </extensions>
      </trkpt>
      <trkpt lat="24.4956642575562000274658203125" lon="117.96488008461892604827880859375">
        <ele>126</ele>
        <time>2026-09-19T07:33:37.000Z</time>
        <extensions>
          <ns3:TrackPointExtension>
            <ns3:hr>131</ns3:hr>
            <ns3:cad>49</ns3:cad>
          </ns3:TrackPointExtension>
        </extensions>
      </trkpt>
      <trkpt lat="24.49566744267940521240234375" lon="117.96487371437251567840576171875">
        <ele>126</ele>
        <time>2026-09-19T07:33:38.000Z</time>
        <extensions>
          <ns3:TrackPointExtension>
            <ns3:hr>131</ns3:hr>
            <ns3:cad>49</ns3:cad>
          </ns3:TrackPointExtension>
        </extensions>
      </trkpt>
      <trkpt lat="24.49566802941262722015380859375" lon="117.9648652486503124237060546875">
        <ele>126</ele>
        <time>2026-09-19T07:33:39.000Z</time>
        <extensions>
          <ns3:TrackPointExtension>
            <ns3:hr>131</ns3:hr>
            <ns3:cad>50</ns3:cad>
          </ns3:TrackPointExtension>
        </extensions>
      </trkpt>
      <trkpt lat="24.49567490257322788238525390625" lon="117.96484337188303470611572265625">
        <ele>126.1999969482421875</ele>
        <time>2026-09-19T07:33:40.000Z</time>
        <extensions>
          <ns3:TrackPointExtension>
            <ns3:hr>131</ns3:hr>
            <ns3:cad>50</ns3:cad>
          </ns3:TrackPointExtension>
        </extensions>
      </trkpt>
      <trkpt lat="24.49567557312548160552978515625" lon="117.96483046375215053558349609375">
        <ele>126.40000152587890625</ele>
        <time>2026-09-19T07:33:41.000Z</time>
        <extensions>
          <ns3:TrackPointExtension>
            <ns3:hr>131</ns3:hr>
            <ns3:cad>48</ns3:cad>
          </ns3:TrackPointExtension>
        </extensions>
      </trkpt>
      <trkpt lat="24.4956743158400058746337890625" lon="117.96481621451675891876220703125">
        <ele>126.40000152587890625</ele>
        <time>2026-09-19T07:33:42.000Z</time>
        <extensions>
          <ns3:TrackPointExtension>
            <ns3:hr>131</ns3:hr>
            <ns3:cad>48</ns3:cad>
          </ns3:TrackPointExtension>
        </extensions>
      </trkpt>
      <trkpt lat="24.49567523784935474395751953125" lon="117.96480297110974788665771484375">
        <ele>126.59999847412109375</ele>
        <time>2026-09-19T07:33:43.000Z</time>
        <extensions>
          <ns3:TrackPointExtension>
            <ns3:hr>131</ns3:hr>
            <ns3:cad>48</ns3:cad>
          </ns3:TrackPointExtension>
        </extensions>
      </trkpt>
      <trkpt lat="24.49568412266671657562255859375" lon="117.9647998698055744171142578125">
        <ele>126.59999847412109375</ele>
        <time>2026-09-19T07:33:44.000Z</time>
        <extensions>
          <ns3:TrackPointExtension>
            <ns3:hr>131</ns3:hr>
            <ns3:cad>49</ns3:cad>
          </ns3:TrackPointExtension>
        </extensions>
      </trkpt>
      <trkpt lat="24.49569116346538066864013671875" lon="117.96478922478854656219482421875">
        <ele>126.59999847412109375</ele>
        <time>2026-09-19T07:33:45.000Z</time>
        <extensions>
          <ns3:TrackPointExtension>
            <ns3:hr>130</ns3:hr>
            <ns3:cad>49</ns3:cad>
          </ns3:TrackPointExtension>
        </extensions>
      </trkpt>
      <trkpt lat="24.495691917836666107177734375" lon="117.9647814296185970306396484375">
        <ele>126.59999847412109375</ele>
        <time>2026-09-19T07:33:46.000Z</time>
        <extensions>
          <ns3:TrackPointExtension>
            <ns3:hr>130</ns3:hr>
            <ns3:cad>49</ns3:cad>
          </ns3:TrackPointExtension>
        </extensions>
      </trkpt>
      <trkpt lat="24.4956910796463489532470703125" lon="117.964772544801235198974609375">
        <ele>126.59999847412109375</ele>
        <time>2026-09-19T07:33:47.000Z</time>
        <extensions>
          <ns3:TrackPointExtension>
            <ns3:hr>130</ns3:hr>
            <ns3:cad>48</ns3:cad>
          </ns3:TrackPointExtension>
        </extensions>
      </trkpt>
      <trkpt lat="24.49569049291312694549560546875" lon="117.96476324088871479034423828125">
        <ele>126.59999847412109375</ele>
        <time>2026-09-19T07:33:48.000Z</time>
        <extensions>
          <ns3:TrackPointExtension>
            <ns3:hr>130</ns3:hr>
            <ns3:cad>0</ns3:cad>
          </ns3:TrackPointExtension>
        </extensions>
      </trkpt>
      <trkpt lat="24.4956904090940952301025390625" lon="117.96475075185298919677734375">
        <ele>126.59999847412109375</ele>
        <time>2026-09-19T07:33:49.000Z</time>
        <extensions>
          <ns3:TrackPointExtension>
            <ns3:hr>129</ns3:hr>
            <ns3:cad>0</ns3:cad>
          </ns3:TrackPointExtension>
        </extensions>
      </trkpt>
      <trkpt lat="24.49569015763700008392333984375" lon="117.96473977155983448028564453125">
        <ele>126.59999847412109375</ele>
        <time>2026-09-19T07:33:50.000Z</time>
        <extensions>
          <ns3:TrackPointExtension>
            <ns3:hr>129</ns3:hr>
            <ns3:cad>0</ns3:cad>
          </ns3:TrackPointExtension>
        </extensions>
      </trkpt>
      <trkpt lat="24.4956894032657146453857421875" lon="117.9647291265428066253662109375">
        <ele>126.59999847412109375</ele>
        <time>2026-09-19T07:33:51.000Z</time>
        <extensions>
          <ns3:TrackPointExtension>
            <ns3:hr>128</ns3:hr>
            <ns3:cad>0</ns3:cad>
          </ns3:TrackPointExtension>
        </extensions>
      </trkpt>
      <trkpt lat="24.4956882297992706298828125" lon="117.96471630223095417022705078125">
        <ele>126.59999847412109375</ele>
        <time>2026-09-19T07:33:52.000Z</time>
        <extensions>
          <ns3:TrackPointExtension>
            <ns3:hr>128</ns3:hr>
            <ns3:cad>47</ns3:cad>
          </ns3:TrackPointExtension>
        </extensions>
      </trkpt>
      <trkpt lat="24.49568714015185832977294921875" lon="117.964706160128116607666015625">
        <ele>126.59999847412109375</ele>
        <time>2026-09-19T07:33:53.000Z</time>
        <extensions>
          <ns3:TrackPointExtension>
            <ns3:hr>128</ns3:hr>
            <ns3:cad>48</ns3:cad>
          </ns3:TrackPointExtension>
        </extensions>
      </trkpt>
      <trkpt lat="24.49568487703800201416015625" lon="117.9646945931017398834228515625">
        <ele>126.59999847412109375</ele>
        <time>2026-09-19T07:33:54.000Z</time>
        <extensions>
          <ns3:TrackPointExtension>
            <ns3:hr>128</ns3:hr>
            <ns3:cad>47</ns3:cad>
          </ns3:TrackPointExtension>
        </extensions>
      </trkpt>
      <trkpt lat="24.49568311683833599090576171875" lon="117.96468562446534633636474609375">
        <ele>126.40000152587890625</ele>
        <time>2026-09-19T07:33:55.000Z</time>
        <extensions>
          <ns3:TrackPointExtension>
            <ns3:hr>128</ns3:hr>
            <ns3:cad>47</ns3:cad>
          </ns3:TrackPointExtension>
        </extensions>
      </trkpt>
      <trkpt lat="24.4956810213625431060791015625" lon="117.9646754823625087738037109375">
        <ele>126.40000152587890625</ele>
        <time>2026-09-19T07:33:56.000Z</time>
        <extensions>
          <ns3:TrackPointExtension>
            <ns3:hr>127</ns3:hr>
            <ns3:cad>0</ns3:cad>
          </ns3:TrackPointExtension>
        </extensions>
      </trkpt>
      <trkpt lat="24.49568211100995540618896484375" lon="117.964669950306415557861328125">
        <ele>126.40000152587890625</ele>
        <time>2026-09-19T07:33:57.000Z</time>
        <extensions>
          <ns3:TrackPointExtension>
            <ns3:hr>127</ns3:hr>
            <ns3:cad>0</ns3:cad>
          </ns3:TrackPointExtension>
        </extensions>
      </trkpt>
      <trkpt lat="24.49568378739058971405029296875" lon="117.9646600596606731414794921875">
        <ele>126.1999969482421875</ele>
        <time>2026-09-19T07:33:58.000Z</time>
        <extensions>
          <ns3:TrackPointExtension>
            <ns3:hr>125</ns3:hr>
            <ns3:cad>50</ns3:cad>
          </ns3:TrackPointExtension>
        </extensions>
      </trkpt>
      <trkpt lat="24.4956830330193042755126953125" lon="117.96464690007269382476806640625">
        <ele>126.1999969482421875</ele>
        <time>2026-09-19T07:33:59.000Z</time>
        <extensions>
          <ns3:TrackPointExtension>
            <ns3:hr>124</ns3:hr>
            <ns3:cad>49</ns3:cad>
          </ns3:TrackPointExtension>
        </extensions>
      </trkpt>
      <trkpt lat="24.495681859552860260009765625" lon="117.9646325670182704925537109375">
        <ele>126.1999969482421875</ele>
        <time>2026-09-19T07:34:00.000Z</time>
        <extensions>
          <ns3:TrackPointExtension>
            <ns3:hr>122</ns3:hr>
            <ns3:cad>49</ns3:cad>
          </ns3:TrackPointExtension>
        </extensions>
      </trkpt>
      <trkpt lat="24.49567909352481365203857421875" lon="117.96462141908705234527587890625">
        <ele>126.1999969482421875</ele>
        <time>2026-09-19T07:34:01.000Z</time>
        <extensions>
          <ns3:TrackPointExtension>
            <ns3:hr>120</ns3:hr>
            <ns3:cad>49</ns3:cad>
          </ns3:TrackPointExtension>
        </extensions>
      </trkpt>
      <trkpt lat="24.4956756569445133209228515625" lon="117.9646127857267856597900390625">
        <ele>126.1999969482421875</ele>
        <time>2026-09-19T07:34:02.000Z</time>
        <extensions>
          <ns3:TrackPointExtension>
            <ns3:hr>120</ns3:hr>
            <ns3:cad>49</ns3:cad>
          </ns3:TrackPointExtension>
        </extensions>
      </trkpt>
      <trkpt lat="24.49567339383065700531005859375" lon="117.96460063196718692779541015625">
        <ele>126.1999969482421875</ele>
        <time>2026-09-19T07:34:03.000Z</time>
        <extensions>
          <ns3:TrackPointExtension>
            <ns3:hr>119</ns3:hr>
            <ns3:cad>49</ns3:cad>
          </ns3:TrackPointExtension>
        </extensions>
      </trkpt>
      <trkpt lat="24.495673477649688720703125" lon="117.9645893163979053497314453125">
        <ele>126.1999969482421875</ele>
        <time>2026-09-19T07:34:04.000Z</time>
        <extensions>
          <ns3:TrackPointExtension>
            <ns3:hr>119</ns3:hr>
            <ns3:cad>48</ns3:cad>
          </ns3:TrackPointExtension>
        </extensions>
      </trkpt>
      <trkpt lat="24.49567087925970554351806640625" lon="117.9645816050469875335693359375">
        <ele>126</ele>
        <time>2026-09-19T07:34:05.000Z</time>
        <extensions>
          <ns3:TrackPointExtension>
            <ns3:hr>120</ns3:hr>
            <ns3:cad>47</ns3:cad>
          </ns3:TrackPointExtension>
        </extensions>
      </trkpt>
      <trkpt lat="24.4956689514219760894775390625" lon="117.96456878073513507843017578125">
        <ele>126</ele>
        <time>2026-09-19T07:34:06.000Z</time>
        <extensions>
          <ns3:TrackPointExtension>
            <ns3:hr>122</ns3:hr>
            <ns3:cad>0</ns3:cad>
          </ns3:TrackPointExtension>
        </extensions>
      </trkpt>
      <trkpt lat="24.4956676103174686431884765625" lon="117.96455536969006061553955078125">
        <ele>126</ele>
        <time>2026-09-19T07:34:07.000Z</time>
        <extensions>
          <ns3:TrackPointExtension>
            <ns3:hr>122</ns3:hr>
            <ns3:cad>50</ns3:cad>
          </ns3:TrackPointExtension>
        </extensions>
      </trkpt>
      <trkpt lat="24.495668113231658935546875" lon="117.964542210102081298828125">
        <ele>126</ele>
        <time>2026-09-19T07:34:08.000Z</time>
        <extensions>
          <ns3:TrackPointExtension>
            <ns3:hr>121</ns3:hr>
            <ns3:cad>50</ns3:cad>
          </ns3:TrackPointExtension>
        </extensions>
      </trkpt>
      <trkpt lat="24.49566467665135860443115234375" lon="117.96452854759991168975830078125">
        <ele>126</ele>
        <time>2026-09-19T07:34:09.000Z</time>
        <extensions>
          <ns3:TrackPointExtension>
            <ns3:hr>121</ns3:hr>
            <ns3:cad>49</ns3:cad>
          </ns3:TrackPointExtension>
        </extensions>
      </trkpt>
      <trkpt lat="24.49566400609910488128662109375" lon="117.96451798640191555023193359375">
        <ele>126</ele>
        <time>2026-09-19T07:34:10.000Z</time>
        <extensions>
          <ns3:TrackPointExtension>
            <ns3:hr>121</ns3:hr>
            <ns3:cad>0</ns3:cad>
          </ns3:TrackPointExtension>
        </extensions>
      </trkpt>
      <trkpt lat="24.49566367082297801971435546875" lon="117.9645088501274585723876953125">
        <ele>126</ele>
        <time>2026-09-19T07:34:11.000Z</time>
        <extensions>
          <ns3:TrackPointExtension>
            <ns3:hr>120</ns3:hr>
            <ns3:cad>0</ns3:cad>
          </ns3:TrackPointExtension>
        </extensions>
      </trkpt>
      <trkpt lat="24.495663084089756011962890625" lon="117.9645001329481601715087890625">
        <ele>126</ele>
        <time>2026-09-19T07:34:12.000Z</time>
        <extensions>
          <ns3:TrackPointExtension>
            <ns3:hr>119</ns3:hr>
            <ns3:cad>0</ns3:cad>
          </ns3:TrackPointExtension>
        </extensions>
      </trkpt>
      <trkpt lat="24.49566132389008998870849609375" lon="117.96449191868305206298828125">
        <ele>126</ele>
        <time>2026-09-19T07:34:13.000Z</time>
        <extensions>
          <ns3:TrackPointExtension>
            <ns3:hr>118</ns3:hr>
            <ns3:cad>49</ns3:cad>
          </ns3:TrackPointExtension>
        </extensions>
      </trkpt>
      <trkpt lat="24.49565964750945568084716796875" lon="117.96448295004665851593017578125">
        <ele>126</ele>
        <time>2026-09-19T07:34:14.000Z</time>
        <extensions>
          <ns3:TrackPointExtension>
            <ns3:hr>117</ns3:hr>
            <ns3:cad>49</ns3:cad>
          </ns3:TrackPointExtension>
        </extensions>
      </trkpt>
      <trkpt lat="24.49565830640494823455810546875" lon="117.9644746519625186920166015625">
        <ele>126</ele>
        <time>2026-09-19T07:34:15.000Z</time>
        <extensions>
          <ns3:TrackPointExtension>
            <ns3:hr>116</ns3:hr>
            <ns3:cad>49</ns3:cad>
          </ns3:TrackPointExtension>
        </extensions>
      </trkpt>
      <trkpt lat="24.495656378567218780517578125" lon="117.96446534804999828338623046875">
        <ele>126</ele>
        <time>2026-09-19T07:34:16.000Z</time>
        <extensions>
          <ns3:TrackPointExtension>
            <ns3:hr>116</ns3:hr>
            <ns3:cad>48</ns3:cad>
          </ns3:TrackPointExtension>
        </extensions>
      </trkpt>
      <trkpt lat="24.4956535287201404571533203125" lon="117.9644592292606830596923828125">
        <ele>126</ele>
        <time>2026-09-19T07:34:17.000Z</time>
        <extensions>
          <ns3:TrackPointExtension>
            <ns3:hr>116</ns3:hr>
            <ns3:cad>48</ns3:cad>
          </ns3:TrackPointExtension>
        </extensions>
      </trkpt>
      <trkpt lat="24.49565059505403041839599609375" lon="117.96444942243397235870361328125">
        <ele>126</ele>
        <time>2026-09-19T07:34:18.000Z</time>
        <extensions>
          <ns3:TrackPointExtension>
            <ns3:hr>115</ns3:hr>
            <ns3:cad>47</ns3:cad>
          </ns3:TrackPointExtension>
        </extensions>
      </trkpt>
      <trkpt lat="24.49565059505403041839599609375" lon="117.96443953178822994232177734375">
        <ele>126</ele>
        <time>2026-09-19T07:34:19.000Z</time>
        <extensions>
          <ns3:TrackPointExtension>
            <ns3:hr>115</ns3:hr>
            <ns3:cad>47</ns3:cad>
          </ns3:TrackPointExtension>
        </extensions>
      </trkpt>
      <trkpt lat="24.4956484995782375335693359375" lon="117.96443031169474124908447265625">
        <ele>126</ele>
        <time>2026-09-19T07:34:20.000Z</time>
        <extensions>
          <ns3:TrackPointExtension>
            <ns3:hr>115</ns3:hr>
            <ns3:cad>45</ns3:cad>
          </ns3:TrackPointExtension>
        </extensions>
      </trkpt>
      <trkpt lat="24.4956453144550323486328125" lon="117.96441924758255481719970703125">
        <ele>125.8000030517578125</ele>
        <time>2026-09-19T07:34:21.000Z</time>
        <extensions>
          <ns3:TrackPointExtension>
            <ns3:hr>114</ns3:hr>
            <ns3:cad>45</ns3:cad>
          </ns3:TrackPointExtension>
        </extensions>
      </trkpt>
      <trkpt lat="24.49564187787473201751708984375" lon="117.9644069261848926544189453125">
        <ele>125.8000030517578125</ele>
        <time>2026-09-19T07:34:22.000Z</time>
        <extensions>
          <ns3:TrackPointExtension>
            <ns3:hr>113</ns3:hr>
            <ns3:cad>45</ns3:cad>
          </ns3:TrackPointExtension>
        </extensions>
      </trkpt>
      <trkpt lat="24.49563902802765369415283203125" lon="117.9643965326249599456787109375">
        <ele>125.8000030517578125</ele>
        <time>2026-09-19T07:34:23.000Z</time>
        <extensions>
          <ns3:TrackPointExtension>
            <ns3:hr>112</ns3:hr>
            <ns3:cad>44</ns3:cad>
          </ns3:TrackPointExtension>
        </extensions>
      </trkpt>
      <trkpt lat="24.4956347532570362091064453125" lon="117.96438789926469326019287109375">
        <ele>125.8000030517578125</ele>
        <time>2026-09-19T07:34:24.000Z</time>
        <extensions>
          <ns3:TrackPointExtension>
            <ns3:hr>112</ns3:hr>
            <ns3:cad>44</ns3:cad>
          </ns3:TrackPointExtension>
        </extensions>
      </trkpt>
      <trkpt lat="24.4956300593912601470947265625" lon="117.96437700279057025909423828125">
        <ele>126</ele>
        <time>2026-09-19T07:34:25.000Z</time>
        <extensions>
          <ns3:TrackPointExtension>
            <ns3:hr>112</ns3:hr>
            <ns3:cad>48</ns3:cad>
          </ns3:TrackPointExtension>
        </extensions>
      </trkpt>
      <trkpt lat="24.495626203715801239013671875" lon="117.96436660923063755035400390625">
        <ele>126</ele>
        <time>2026-09-19T07:34:26.000Z</time>
        <extensions>
          <ns3:TrackPointExtension>
            <ns3:hr>111</ns3:hr>
            <ns3:cad>49</ns3:cad>
          </ns3:TrackPointExtension>
        </extensions>
      </trkpt>
      <trkpt lat="24.49562142603099346160888671875" lon="117.9643569700419902801513671875">
        <ele>126</ele>
        <time>2026-09-19T07:34:27.000Z</time>
        <extensions>
          <ns3:TrackPointExtension>
            <ns3:hr>111</ns3:hr>
            <ns3:cad>49</ns3:cad>
          </ns3:TrackPointExtension>
        </extensions>
      </trkpt>
      <trkpt lat="24.49561513960361480712890625" lon="117.96434900723397731781005859375">
        <ele>126.1999969482421875</ele>
        <time>2026-09-19T07:34:28.000Z</time>
        <extensions>
          <ns3:TrackPointExtension>
            <ns3:hr>110</ns3:hr>
            <ns3:cad>49</ns3:cad>
          </ns3:TrackPointExtension>
        </extensions>
      </trkpt>
      <trkpt lat="24.4956149719655513763427734375" lon="117.964338697493076324462890625">
        <ele>126.1999969482421875</ele>
        <time>2026-09-19T07:34:29.000Z</time>
        <extensions>
          <ns3:TrackPointExtension>
            <ns3:hr>110</ns3:hr>
            <ns3:cad>49</ns3:cad>
          </ns3:TrackPointExtension>
        </extensions>
      </trkpt>
      <trkpt lat="24.49561069719493389129638671875" lon="117.96432469971477985382080078125">
        <ele>126.1999969482421875</ele>
        <time>2026-09-19T07:34:30.000Z</time>
        <extensions>
          <ns3:TrackPointExtension>
            <ns3:hr>110</ns3:hr>
            <ns3:cad>48</ns3:cad>
          </ns3:TrackPointExtension>
        </extensions>
      </trkpt>
      <trkpt lat="24.49560784734785556793212890625" lon="117.964312545955181121826171875">
        <ele>126.1999969482421875</ele>
        <time>2026-09-19T07:34:31.000Z</time>
        <extensions>
          <ns3:TrackPointExtension>
            <ns3:hr>110</ns3:hr>
            <ns3:cad>48</ns3:cad>
          </ns3:TrackPointExtension>
        </extensions>
      </trkpt>
      <trkpt lat="24.49560382403433322906494140625" lon="117.96430055983364582061767578125">
        <ele>126.40000152587890625</ele>
        <time>2026-09-19T07:34:32.000Z</time>
        <extensions>
          <ns3:TrackPointExtension>
            <ns3:hr>110</ns3:hr>
            <ns3:cad>48</ns3:cad>
          </ns3:TrackPointExtension>
        </extensions>
      </trkpt>
      <trkpt lat="24.49559980072081089019775390625" lon="117.96429083682596683502197265625">
        <ele>126.1999969482421875</ele>
        <time>2026-09-19T07:34:33.000Z</time>
        <extensions>
          <ns3:TrackPointExtension>
            <ns3:hr>110</ns3:hr>
            <ns3:cad>48</ns3:cad>
          </ns3:TrackPointExtension>
        </extensions>
      </trkpt>
      <trkpt lat="24.4955995492637157440185546875" lon="117.96428128145635128021240234375">
        <ele>126.1999969482421875</ele>
        <time>2026-09-19T07:34:34.000Z</time>
        <extensions>
          <ns3:TrackPointExtension>
            <ns3:hr>110</ns3:hr>
            <ns3:cad>48</ns3:cad>
          </ns3:TrackPointExtension>
        </extensions>
      </trkpt>
      <trkpt lat="24.4955997169017791748046875" lon="117.96426921151578426361083984375">
        <ele>126.1999969482421875</ele>
        <time>2026-09-19T07:34:35.000Z</time>
        <extensions>
          <ns3:TrackPointExtension>
            <ns3:hr>111</ns3:hr>
            <ns3:cad>48</ns3:cad>
          </ns3:TrackPointExtension>
        </extensions>
      </trkpt>
      <trkpt lat="24.49559862725436687469482421875" lon="117.96426015906035900115966796875">
        <ele>126.40000152587890625</ele>
        <time>2026-09-19T07:34:36.000Z</time>
        <extensions>
          <ns3:TrackPointExtension>
            <ns3:hr>111</ns3:hr>
            <ns3:cad>48</ns3:cad>
          </ns3:TrackPointExtension>
        </extensions>
      </trkpt>
      <trkpt lat="24.49559510685503482818603515625" lon="117.9642496816813945770263671875">
        <ele>126.40000152587890625</ele>
        <time>2026-09-19T07:34:37.000Z</time>
        <extensions>
          <ns3:TrackPointExtension>
            <ns3:hr>111</ns3:hr>
            <ns3:cad>48</ns3:cad>
          </ns3:TrackPointExtension>
        </extensions>
      </trkpt>
      <trkpt lat="24.49559628032147884368896484375" lon="117.9642392881214618682861328125">
        <ele>126.59999847412109375</ele>
        <time>2026-09-19T07:34:38.000Z</time>
        <extensions>
          <ns3:TrackPointExtension>
            <ns3:hr>111</ns3:hr>
            <ns3:cad>47</ns3:cad>
          </ns3:TrackPointExtension>
        </extensions>
      </trkpt>
      <trkpt lat="24.4956002198159694671630859375" lon="117.96422713436186313629150390625">
        <ele>126.59999847412109375</ele>
        <time>2026-09-19T07:34:39.000Z</time>
        <extensions>
          <ns3:TrackPointExtension>
            <ns3:hr>110</ns3:hr>
            <ns3:cad>47</ns3:cad>
          </ns3:TrackPointExtension>
        </extensions>
      </trkpt>
      <trkpt lat="24.49560214765369892120361328125" lon="117.96421699225902557373046875">
        <ele>126.8000030517578125</ele>
        <time>2026-09-19T07:34:40.000Z</time>
        <extensions>
          <ns3:TrackPointExtension>
            <ns3:hr>110</ns3:hr>
            <ns3:cad>47</ns3:cad>
          </ns3:TrackPointExtension>
        </extensions>
      </trkpt>
      <trkpt lat="24.49560231529176235198974609375" lon="117.96420450322329998016357421875">
        <ele>126.8000030517578125</ele>
        <time>2026-09-19T07:34:41.000Z</time>
        <extensions>
          <ns3:TrackPointExtension>
            <ns3:hr>110</ns3:hr>
            <ns3:cad>48</ns3:cad>
          </ns3:TrackPointExtension>
        </extensions>
      </trkpt>
      <trkpt lat="24.49560617096722126007080078125" lon="117.96419419348239898681640625">
        <ele>126.8000030517578125</ele>
        <time>2026-09-19T07:34:42.000Z</time>
        <extensions>
          <ns3:TrackPointExtension>
            <ns3:hr>111</ns3:hr>
            <ns3:cad>48</ns3:cad>
          </ns3:TrackPointExtension>
        </extensions>
      </trkpt>
      <trkpt lat="24.4956052489578723907470703125" lon="117.964184470474720001220703125">
        <ele>126.8000030517578125</ele>
        <time>2026-09-19T07:34:43.000Z</time>
        <extensions>
          <ns3:TrackPointExtension>
            <ns3:hr>111</ns3:hr>
            <ns3:cad>48</ns3:cad>
          </ns3:TrackPointExtension>
        </extensions>
      </trkpt>
      <trkpt lat="24.49560667388141155242919921875" lon="117.9641705565154552459716796875">
        <ele>126.8000030517578125</ele>
        <time>2026-09-19T07:34:44.000Z</time>
        <extensions>
          <ns3:TrackPointExtension>
            <ns3:hr>111</ns3:hr>
            <ns3:cad>48</ns3:cad>
          </ns3:TrackPointExtension>
        </extensions>
      </trkpt>
      <trkpt lat="24.4956096075475215911865234375" lon="117.96416544355452060699462890625">
        <ele>126.8000030517578125</ele>
        <time>2026-09-19T07:34:45.000Z</time>
        <extensions>
          <ns3:TrackPointExtension>
            <ns3:hr>112</ns3:hr>
            <ns3:cad>47</ns3:cad>
          </ns3:TrackPointExtension>
        </extensions>
      </trkpt>
      <trkpt lat="24.49560952372848987579345703125" lon="117.96415689401328563690185546875">
        <ele>126.8000030517578125</ele>
        <time>2026-09-19T07:34:46.000Z</time>
        <extensions>
          <ns3:TrackPointExtension>
            <ns3:hr>114</ns3:hr>
            <ns3:cad>47</ns3:cad>
          </ns3:TrackPointExtension>
        </extensions>
      </trkpt>
      <trkpt lat="24.49561379849910736083984375" lon="117.9641465842723846435546875">
        <ele>126.8000030517578125</ele>
        <time>2026-09-19T07:34:47.000Z</time>
        <extensions>
          <ns3:TrackPointExtension>
            <ns3:hr>114</ns3:hr>
            <ns3:cad>47</ns3:cad>
          </ns3:TrackPointExtension>
        </extensions>
      </trkpt>
      <trkpt lat="24.49561706744134426116943359375" lon="117.9641387052834033966064453125">
        <ele>126.8000030517578125</ele>
        <time>2026-09-19T07:34:48.000Z</time>
        <extensions>
          <ns3:TrackPointExtension>
            <ns3:hr>113</ns3:hr>
            <ns3:cad>48</ns3:cad>
          </ns3:TrackPointExtension>
        </extensions>
      </trkpt>
      <trkpt lat="24.49562025256454944610595703125" lon="117.9641279764473438262939453125">
        <ele>126.8000030517578125</ele>
        <time>2026-09-19T07:34:49.000Z</time>
        <extensions>
          <ns3:TrackPointExtension>
            <ns3:hr>113</ns3:hr>
            <ns3:cad>49</ns3:cad>
          </ns3:TrackPointExtension>
        </extensions>
      </trkpt>
      <trkpt lat="24.49562192894518375396728515625" lon="117.96411909162998199462890625">
        <ele>126.8000030517578125</ele>
        <time>2026-09-19T07:34:50.000Z</time>
        <extensions>
          <ns3:TrackPointExtension>
            <ns3:hr>113</ns3:hr>
            <ns3:cad>49</ns3:cad>
          </ns3:TrackPointExtension>
        </extensions>
      </trkpt>
      <trkpt lat="24.495624192059040069580078125" lon="117.9641075246036052703857421875">
        <ele>126.8000030517578125</ele>
        <time>2026-09-19T07:34:51.000Z</time>
        <extensions>
          <ns3:TrackPointExtension>
            <ns3:hr>113</ns3:hr>
            <ns3:cad>49</ns3:cad>
          </ns3:TrackPointExtension>
        </extensions>
      </trkpt>
      <trkpt lat="24.49562695808708667755126953125" lon="117.96409755013883113861083984375">
        <ele>126.8000030517578125</ele>
        <time>2026-09-19T07:34:52.000Z</time>
        <extensions>
          <ns3:TrackPointExtension>
            <ns3:hr>112</ns3:hr>
            <ns3:cad>49</ns3:cad>
          </ns3:TrackPointExtension>
        </extensions>
      </trkpt>
      <trkpt lat="24.49563165195286273956298828125" lon="117.9640897549688816070556640625">
        <ele>127</ele>
        <time>2026-09-19T07:34:53.000Z</time>
        <extensions>
          <ns3:TrackPointExtension>
            <ns3:hr>112</ns3:hr>
            <ns3:cad>48</ns3:cad>
          </ns3:TrackPointExtension>
        </extensions>
      </trkpt>
      <trkpt lat="24.495636261999607086181640625" lon="117.9640781879425048828125">
        <ele>127</ele>
        <time>2026-09-19T07:34:54.000Z</time>
        <extensions>
          <ns3:TrackPointExtension>
            <ns3:hr>111</ns3:hr>
            <ns3:cad>48</ns3:cad>
          </ns3:TrackPointExtension>
        </extensions>
      </trkpt>
      <trkpt lat="24.4956431351602077484130859375" lon="117.96406544744968414306640625">
        <ele>127</ele>
        <time>2026-09-19T07:34:55.000Z</time>
        <extensions>
          <ns3:TrackPointExtension>
            <ns3:hr>110</ns3:hr>
            <ns3:cad>48</ns3:cad>
          </ns3:TrackPointExtension>
        </extensions>
      </trkpt>
      <trkpt lat="24.49564992450177669525146484375" lon="117.9640545509755611419677734375">
        <ele>127</ele>
        <time>2026-09-19T07:34:56.000Z</time>
        <extensions>
          <ns3:TrackPointExtension>
            <ns3:hr>109</ns3:hr>
            <ns3:cad>49</ns3:cad>
          </ns3:TrackPointExtension>
        </extensions>
      </trkpt>
      <trkpt lat="24.49565243907272815704345703125" lon="117.96404725871980190277099609375">
        <ele>127</ele>
        <time>2026-09-19T07:34:57.000Z</time>
        <extensions>
          <ns3:TrackPointExtension>
            <ns3:hr>108</ns3:hr>
            <ns3:cad>49</ns3:cad>
          </ns3:TrackPointExtension>
        </extensions>
      </trkpt>
      <trkpt lat="24.4956533610820770263671875" lon="117.96404776163399219512939453125">
        <ele>127</ele>
        <time>2026-09-19T07:34:58.000Z</time>
        <extensions>
          <ns3:TrackPointExtension>
            <ns3:hr>107</ns3:hr>
            <ns3:cad>50</ns3:cad>
          </ns3:TrackPointExtension>
        </extensions>
      </trkpt>
      <trkpt lat="24.49565780349075794219970703125" lon="117.96404139138758182525634765625">
        <ele>127</ele>
        <time>2026-09-19T07:34:59.000Z</time>
        <extensions>
          <ns3:TrackPointExtension>
            <ns3:hr>105</ns3:hr>
            <ns3:cad>50</ns3:cad>
          </ns3:TrackPointExtension>
        </extensions>
      </trkpt>
      <trkpt lat="24.49566568247973918914794921875" lon="117.964033596217632293701171875">
        <ele>127</ele>
        <time>2026-09-19T07:35:00.000Z</time>
        <extensions>
          <ns3:TrackPointExtension>
            <ns3:hr>105</ns3:hr>
            <ns3:cad>50</ns3:cad>
          </ns3:TrackPointExtension>
        </extensions>
      </trkpt>
      <trkpt lat="24.49567205272614955902099609375" lon="117.964021526277065277099609375">
        <ele>127</ele>
        <time>2026-09-19T07:35:01.000Z</time>
        <extensions>
          <ns3:TrackPointExtension>
            <ns3:hr>105</ns3:hr>
            <ns3:cad>50</ns3:cad>
          </ns3:TrackPointExtension>
        </extensions>
      </trkpt>
      <trkpt lat="24.495677836239337921142578125" lon="117.96400987543165683746337890625">
        <ele>127</ele>
        <time>2026-09-19T07:35:02.000Z</time>
        <extensions>
          <ns3:TrackPointExtension>
            <ns3:hr>105</ns3:hr>
            <ns3:cad>49</ns3:cad>
          </ns3:TrackPointExtension>
        </extensions>
      </trkpt>
      <trkpt lat="24.4956820271909236907958984375" lon="117.96399780549108982086181640625">
        <ele>127</ele>
        <time>2026-09-19T07:35:03.000Z</time>
        <extensions>
          <ns3:TrackPointExtension>
            <ns3:hr>105</ns3:hr>
            <ns3:cad>47</ns3:cad>
          </ns3:TrackPointExtension>
        </extensions>
      </trkpt>
      <trkpt lat="24.49568781070411205291748046875" lon="117.9639888368546962738037109375">
        <ele>127</ele>
        <time>2026-09-19T07:35:04.000Z</time>
        <extensions>
          <ns3:TrackPointExtension>
            <ns3:hr>107</ns3:hr>
            <ns3:cad>47</ns3:cad>
          </ns3:TrackPointExtension>
        </extensions>
      </trkpt>
      <trkpt lat="24.49569250456988811492919921875" lon="117.96397685073316097259521484375">
        <ele>127</ele>
        <time>2026-09-19T07:35:05.000Z</time>
        <extensions>
          <ns3:TrackPointExtension>
            <ns3:hr>108</ns3:hr>
            <ns3:cad>47</ns3:cad>
          </ns3:TrackPointExtension>
        </extensions>
      </trkpt>
      <trkpt lat="24.495693258941173553466796875" lon="117.96396729536354541778564453125">
        <ele>127</ele>
        <time>2026-09-19T07:35:06.000Z</time>
        <extensions>
          <ns3:TrackPointExtension>
            <ns3:hr>109</ns3:hr>
            <ns3:cad>50</ns3:cad>
          </ns3:TrackPointExtension>
        </extensions>
      </trkpt>
      <trkpt lat="24.49569501914083957672119140625" lon="117.963957153260707855224609375">
        <ele>127.1999969482421875</ele>
        <time>2026-09-19T07:35:07.000Z</time>
        <extensions>
          <ns3:TrackPointExtension>
            <ns3:hr>110</ns3:hr>
            <ns3:cad>50</ns3:cad>
          </ns3:TrackPointExtension>
        </extensions>
      </trkpt>
      <trkpt lat="24.49569703079760074615478515625" lon="117.96394432894885540008544921875">
        <ele>127</ele>
        <time>2026-09-19T07:35:08.000Z</time>
        <extensions>
          <ns3:TrackPointExtension>
            <ns3:hr>110</ns3:hr>
            <ns3:cad>50</ns3:cad>
          </ns3:TrackPointExtension>
        </extensions>
      </trkpt>
      <trkpt lat="24.49569853954017162322998046875" lon="117.9639341868460178375244140625">
        <ele>127</ele>
        <time>2026-09-19T07:35:09.000Z</time>
        <extensions>
          <ns3:TrackPointExtension>
            <ns3:hr>109</ns3:hr>
            <ns3:cad>49</ns3:cad>
          </ns3:TrackPointExtension>
        </extensions>
      </trkpt>
      <trkpt lat="24.4956974498927593231201171875" lon="117.96392505057156085968017578125">
        <ele>127</ele>
        <time>2026-09-19T07:35:10.000Z</time>
        <extensions>
          <ns3:TrackPointExtension>
            <ns3:hr>108</ns3:hr>
            <ns3:cad>48</ns3:cad>
          </ns3:TrackPointExtension>
        </extensions>
      </trkpt>
      <trkpt lat="24.49570055119693279266357421875" lon="117.9639087058603763580322265625">
        <ele>126.8000030517578125</ele>
        <time>2026-09-19T07:35:11.000Z</time>
        <extensions>
          <ns3:TrackPointExtension>
            <ns3:hr>108</ns3:hr>
            <ns3:cad>48</ns3:cad>
          </ns3:TrackPointExtension>
        </extensions>
      </trkpt>
      <trkpt lat="24.49570138938724994659423828125" lon="117.96389386989176273345947265625">
        <ele>126.8000030517578125</ele>
        <time>2026-09-19T07:35:12.000Z</time>
        <extensions>
          <ns3:TrackPointExtension>
            <ns3:hr>108</ns3:hr>
            <ns3:cad>48</ns3:cad>
          </ns3:TrackPointExtension>
        </extensions>
      </trkpt>
      <trkpt lat="24.49570055119693279266357421875" lon="117.96388448216021060943603515625">
        <ele>127</ele>
        <time>2026-09-19T07:35:13.000Z</time>
        <extensions>
          <ns3:TrackPointExtension>
            <ns3:hr>109</ns3:hr>
            <ns3:cad>50</ns3:cad>
          </ns3:TrackPointExtension>
        </extensions>
      </trkpt>
      <trkpt lat="24.49570189230144023895263671875" lon="117.96387526206672191619873046875">
        <ele>127</ele>
        <time>2026-09-19T07:35:14.000Z</time>
        <extensions>
          <ns3:TrackPointExtension>
            <ns3:hr>109</ns3:hr>
            <ns3:cad>50</ns3:cad>
          </ns3:TrackPointExtension>
        </extensions>
      </trkpt>
      <trkpt lat="24.49570356868207454681396484375" lon="117.96386562287807464599609375">
        <ele>127</ele>
        <time>2026-09-19T07:35:15.000Z</time>
        <extensions>
          <ns3:TrackPointExtension>
            <ns3:hr>109</ns3:hr>
            <ns3:cad>46</ns3:cad>
          </ns3:TrackPointExtension>
        </extensions>
      </trkpt>
      <trkpt lat="24.49570499360561370849609375" lon="117.96385623514652252197265625">
        <ele>127.1999969482421875</ele>
        <time>2026-09-19T07:35:16.000Z</time>
        <extensions>
          <ns3:TrackPointExtension>
            <ns3:hr>109</ns3:hr>
            <ns3:cad>46</ns3:cad>
          </ns3:TrackPointExtension>
        </extensions>
      </trkpt>
      <trkpt lat="24.49570742435753345489501953125" lon="117.96384609304368495941162109375">
        <ele>127.1999969482421875</ele>
        <time>2026-09-19T07:35:17.000Z</time>
        <extensions>
          <ns3:TrackPointExtension>
            <ns3:hr>110</ns3:hr>
            <ns3:cad>46</ns3:cad>
          </ns3:TrackPointExtension>
        </extensions>
      </trkpt>
      <trkpt lat="24.49571211822330951690673828125" lon="117.9638322629034519195556640625">
        <ele>127</ele>
        <time>2026-09-19T07:35:18.000Z</time>
        <extensions>
          <ns3:TrackPointExtension>
            <ns3:hr>110</ns3:hr>
            <ns3:cad>50</ns3:cad>
          </ns3:TrackPointExtension>
        </extensions>
      </trkpt>
      <trkpt lat="24.49571463279426097869873046875" lon="117.96381868422031402587890625">
        <ele>127</ele>
        <time>2026-09-19T07:35:19.000Z</time>
        <extensions>
          <ns3:TrackPointExtension>
            <ns3:hr>110</ns3:hr>
            <ns3:cad>50</ns3:cad>
          </ns3:TrackPointExtension>
        </extensions>
      </trkpt>
      <trkpt lat="24.49571714736521244049072265625" lon="117.9638064466416835784912109375">
        <ele>127</ele>
        <time>2026-09-19T07:35:20.000Z</time>
        <extensions>
          <ns3:TrackPointExtension>
            <ns3:hr>110</ns3:hr>
            <ns3:cad>50</ns3:cad>
          </ns3:TrackPointExtension>
        </extensions>
      </trkpt>
      <trkpt lat="24.4957179017364978790283203125" lon="117.96379596926271915435791015625">
        <ele>127.1999969482421875</ele>
        <time>2026-09-19T07:35:21.000Z</time>
        <extensions>
          <ns3:TrackPointExtension>
            <ns3:hr>111</ns3:hr>
            <ns3:cad>50</ns3:cad>
          </ns3:TrackPointExtension>
        </extensions>
      </trkpt>
      <trkpt lat="24.4957202486693859100341796875" lon="117.963786832988262176513671875">
        <ele>127.1999969482421875</ele>
        <time>2026-09-19T07:35:22.000Z</time>
        <extensions>
          <ns3:TrackPointExtension>
            <ns3:hr>110</ns3:hr>
            <ns3:cad>50</ns3:cad>
          </ns3:TrackPointExtension>
        </extensions>
      </trkpt>
      <trkpt lat="24.49572133831679821014404296875" lon="117.96377518214285373687744140625">
        <ele>127.1999969482421875</ele>
        <time>2026-09-19T07:35:23.000Z</time>
        <extensions>
          <ns3:TrackPointExtension>
            <ns3:hr>109</ns3:hr>
            <ns3:cad>50</ns3:cad>
          </ns3:TrackPointExtension>
        </extensions>
      </trkpt>
      <trkpt lat="24.49572251178324222564697265625" lon="117.96376428566873073577880859375">
        <ele>127.1999969482421875</ele>
        <time>2026-09-19T07:35:24.000Z</time>
        <extensions>
          <ns3:TrackPointExtension>
            <ns3:hr>109</ns3:hr>
            <ns3:cad>49</ns3:cad>
          </ns3:TrackPointExtension>
        </extensions>
      </trkpt>
      <trkpt lat="24.4957229308784008026123046875" lon="117.96375489793717861175537109375">
        <ele>127</ele>
        <time>2026-09-19T07:35:25.000Z</time>
        <extensions>
          <ns3:TrackPointExtension>
            <ns3:hr>109</ns3:hr>
            <ns3:cad>49</ns3:cad>
          </ns3:TrackPointExtension>
        </extensions>
      </trkpt>
      <trkpt lat="24.495725445449352264404296875" lon="117.96374467201530933380126953125">
        <ele>127</ele>
        <time>2026-09-19T07:35:26.000Z</time>
        <extensions>
          <ns3:TrackPointExtension>
            <ns3:hr>109</ns3:hr>
            <ns3:cad>48</ns3:cad>
          </ns3:TrackPointExtension>
        </extensions>
      </trkpt>
      <trkpt lat="24.49572754092514514923095703125" lon="117.96373109333217144012451171875">
        <ele>127</ele>
        <time>2026-09-19T07:35:27.000Z</time>
        <extensions>
          <ns3:TrackPointExtension>
            <ns3:hr>110</ns3:hr>
            <ns3:cad>48</ns3:cad>
          </ns3:TrackPointExtension>
        </extensions>
      </trkpt>
      <trkpt lat="24.49573072604835033416748046875" lon="117.96371969394385814666748046875">
        <ele>127</ele>
        <time>2026-09-19T07:35:28.000Z</time>
        <extensions>
          <ns3:TrackPointExtension>
            <ns3:hr>109</ns3:hr>
            <ns3:cad>48</ns3:cad>
          </ns3:TrackPointExtension>
        </extensions>
      </trkpt>
      <trkpt lat="24.49573106132447719573974609375" lon="117.96371030621230602264404296875">
        <ele>127</ele>
        <time>2026-09-19T07:35:29.000Z</time>
        <extensions>
          <ns3:TrackPointExtension>
            <ns3:hr>109</ns3:hr>
            <ns3:cad>47</ns3:cad>
          </ns3:TrackPointExtension>
        </extensions>
      </trkpt>
      <trkpt lat="24.49573106132447719573974609375" lon="117.96369798481464385986328125">
        <ele>127</ele>
        <time>2026-09-19T07:35:30.000Z</time>
        <extensions>
          <ns3:TrackPointExtension>
            <ns3:hr>109</ns3:hr>
            <ns3:cad>47</ns3:cad>
          </ns3:TrackPointExtension>
        </extensions>
      </trkpt>
      <trkpt lat="24.49572955258190631866455078125" lon="117.9636879265308380126953125">
        <ele>127</ele>
        <time>2026-09-19T07:35:31.000Z</time>
        <extensions>
          <ns3:TrackPointExtension>
            <ns3:hr>108</ns3:hr>
            <ns3:cad>47</ns3:cad>
          </ns3:TrackPointExtension>
        </extensions>
      </trkpt>
      <trkpt lat="24.49572552926838397979736328125" lon="117.96367828734219074249267578125">
        <ele>127.1999969482421875</ele>
        <time>2026-09-19T07:35:32.000Z</time>
        <extensions>
          <ns3:TrackPointExtension>
            <ns3:hr>108</ns3:hr>
            <ns3:cad>48</ns3:cad>
          </ns3:TrackPointExtension>
        </extensions>
      </trkpt>
      <trkpt lat="24.4957205839455127716064453125" lon="117.963668145239353179931640625">
        <ele>127.1999969482421875</ele>
        <time>2026-09-19T07:35:33.000Z</time>
        <extensions>
          <ns3:TrackPointExtension>
            <ns3:hr>107</ns3:hr>
            <ns3:cad>48</ns3:cad>
          </ns3:TrackPointExtension>
        </extensions>
      </trkpt>
      <trkpt lat="24.49571840465068817138671875" lon="117.9636579193174839019775390625">
        <ele>127.40000152587890625</ele>
        <time>2026-09-19T07:35:34.000Z</time>
        <extensions>
          <ns3:TrackPointExtension>
            <ns3:hr>107</ns3:hr>
            <ns3:cad>48</ns3:cad>
          </ns3:TrackPointExtension>
        </extensions>
      </trkpt>
      <trkpt lat="24.495720751583576202392578125" lon="117.96364861540496349334716796875">
        <ele>127.40000152587890625</ele>
        <time>2026-09-19T07:35:35.000Z</time>
        <extensions>
          <ns3:TrackPointExtension>
            <ns3:hr>107</ns3:hr>
            <ns3:cad>48</ns3:cad>
          </ns3:TrackPointExtension>
        </extensions>
      </trkpt>
      <trkpt lat="24.49572267942130565643310546875" lon="117.96363922767341136932373046875">
        <ele>127.40000152587890625</ele>
        <time>2026-09-19T07:35:36.000Z</time>
        <extensions>
          <ns3:TrackPointExtension>
            <ns3:hr>106</ns3:hr>
            <ns3:cad>49</ns3:cad>
          </ns3:TrackPointExtension>
        </extensions>
      </trkpt>
      <trkpt lat="24.4957244396209716796875" lon="117.9636300913989543914794921875">
        <ele>127.40000152587890625</ele>
        <time>2026-09-19T07:35:37.000Z</time>
        <extensions>
          <ns3:TrackPointExtension>
            <ns3:hr>107</ns3:hr>
            <ns3:cad>48</ns3:cad>
          </ns3:TrackPointExtension>
        </extensions>
      </trkpt>
      <trkpt lat="24.49572645127773284912109375" lon="117.96362422406673431396484375">
        <ele>127.40000152587890625</ele>
        <time>2026-09-19T07:35:38.000Z</time>
        <extensions>
          <ns3:TrackPointExtension>
            <ns3:hr>107</ns3:hr>
            <ns3:cad>47</ns3:cad>
          </ns3:TrackPointExtension>
        </extensions>
      </trkpt>
      <trkpt lat="24.4957296364009380340576171875" lon="117.9636170156300067901611328125">
        <ele>127.40000152587890625</ele>
        <time>2026-09-19T07:35:39.000Z</time>
        <extensions>
          <ns3:TrackPointExtension>
            <ns3:hr>107</ns3:hr>
            <ns3:cad>47</ns3:cad>
          </ns3:TrackPointExtension>
        </extensions>
      </trkpt>
      <trkpt lat="24.4957309775054454803466796875" lon="117.963611148297786712646484375">
        <ele>127.40000152587890625</ele>
        <time>2026-09-19T07:35:40.000Z</time>
        <extensions>
          <ns3:TrackPointExtension>
            <ns3:hr>106</ns3:hr>
            <ns3:cad>48</ns3:cad>
          </ns3:TrackPointExtension>
        </extensions>
      </trkpt>
      <trkpt lat="24.49573315680027008056640625" lon="117.96359874308109283447265625">
        <ele>127.40000152587890625</ele>
        <time>2026-09-19T07:35:41.000Z</time>
        <extensions>
          <ns3:TrackPointExtension>
            <ns3:hr>106</ns3:hr>
            <ns3:cad>48</ns3:cad>
          </ns3:TrackPointExtension>
        </extensions>
      </trkpt>
      <trkpt lat="24.49573491699993610382080078125" lon="117.9635871760547161102294921875">
        <ele>127.40000152587890625</ele>
        <time>2026-09-19T07:35:42.000Z</time>
        <extensions>
          <ns3:TrackPointExtension>
            <ns3:hr>106</ns3:hr>
            <ns3:cad>48</ns3:cad>
          </ns3:TrackPointExtension>
        </extensions>
      </trkpt>
      <trkpt lat="24.49573541991412639617919921875" lon="117.963575609028339385986328125">
        <ele>127.59999847412109375</ele>
        <time>2026-09-19T07:35:43.000Z</time>
        <extensions>
          <ns3:TrackPointExtension>
            <ns3:hr>107</ns3:hr>
            <ns3:cad>48</ns3:cad>
          </ns3:TrackPointExtension>
        </extensions>
      </trkpt>
      <trkpt lat="24.49573558755218982696533203125" lon="117.9635672271251678466796875">
        <ele>127.59999847412109375</ele>
        <time>2026-09-19T07:35:44.000Z</time>
        <extensions>
          <ns3:TrackPointExtension>
            <ns3:hr>107</ns3:hr>
            <ns3:cad>48</ns3:cad>
          </ns3:TrackPointExtension>
        </extensions>
      </trkpt>
      <trkpt lat="24.495736844837665557861328125" lon="117.96355490572750568389892578125">
        <ele>127.59999847412109375</ele>
        <time>2026-09-19T07:35:45.000Z</time>
        <extensions>
          <ns3:TrackPointExtension>
            <ns3:hr>107</ns3:hr>
            <ns3:cad>48</ns3:cad>
          </ns3:TrackPointExtension>
        </extensions>
      </trkpt>
      <trkpt lat="24.4957346655428409576416015625" lon="117.96354752965271472930908203125">
        <ele>127.59999847412109375</ele>
        <time>2026-09-19T07:35:46.000Z</time>
        <extensions>
          <ns3:TrackPointExtension>
            <ns3:hr>107</ns3:hr>
            <ns3:cad>47</ns3:cad>
          </ns3:TrackPointExtension>
        </extensions>
      </trkpt>
      <trkpt lat="24.495734162628650665283203125" lon="117.96353629790246486663818359375">
        <ele>127.59999847412109375</ele>
        <time>2026-09-19T07:35:47.000Z</time>
        <extensions>
          <ns3:TrackPointExtension>
            <ns3:hr>106</ns3:hr>
            <ns3:cad>47</ns3:cad>
          </ns3:TrackPointExtension>
        </extensions>
      </trkpt>
      <trkpt lat="24.4957350008189678192138671875" lon="117.96352456323802471160888671875">
        <ele>127.59999847412109375</ele>
        <time>2026-09-19T07:35:48.000Z</time>
        <extensions>
          <ns3:TrackPointExtension>
            <ns3:hr>106</ns3:hr>
            <ns3:cad>46</ns3:cad>
          </ns3:TrackPointExtension>
        </extensions>
      </trkpt>
      <trkpt lat="24.49573793448507785797119140625" lon="117.9635164327919483184814453125">
        <ele>127.59999847412109375</ele>
        <time>2026-09-19T07:35:49.000Z</time>
        <extensions>
          <ns3:TrackPointExtension>
            <ns3:hr>106</ns3:hr>
            <ns3:cad>46</ns3:cad>
          </ns3:TrackPointExtension>
        </extensions>
      </trkpt>
      <trkpt lat="24.4957430474460124969482421875" lon="117.96350679360330104827880859375">
        <ele>127.8000030517578125</ele>
        <time>2026-09-19T07:35:50.000Z</time>
        <extensions>
          <ns3:TrackPointExtension>
            <ns3:hr>106</ns3:hr>
            <ns3:cad>46</ns3:cad>
          </ns3:TrackPointExtension>
        </extensions>
      </trkpt>
      <trkpt lat="24.49574313126504421234130859375" lon="117.9634963162243366241455078125">
        <ele>127.8000030517578125</ele>
        <time>2026-09-19T07:35:51.000Z</time>
        <extensions>
          <ns3:TrackPointExtension>
            <ns3:hr>107</ns3:hr>
            <ns3:cad>46</ns3:cad>
          </ns3:TrackPointExtension>
        </extensions>
      </trkpt>
      <trkpt lat="24.49574782513082027435302734375" lon="117.9634825699031352996826171875">
        <ele>127.8000030517578125</ele>
        <time>2026-09-19T07:35:52.000Z</time>
        <extensions>
          <ns3:TrackPointExtension>
            <ns3:hr>106</ns3:hr>
            <ns3:cad>46</ns3:cad>
          </ns3:TrackPointExtension>
        </extensions>
      </trkpt>
      <trkpt lat="24.49575084261596202850341796875" lon="117.96347276307642459869384765625">
        <ele>127.8000030517578125</ele>
        <time>2026-09-19T07:35:53.000Z</time>
        <extensions>
          <ns3:TrackPointExtension>
            <ns3:hr>106</ns3:hr>
            <ns3:cad>46</ns3:cad>
          </ns3:TrackPointExtension>
        </extensions>
      </trkpt>
      <trkpt lat="24.4957567937672138214111328125" lon="117.96346622519195079803466796875">
        <ele>127.8000030517578125</ele>
        <time>2026-09-19T07:35:54.000Z</time>
        <extensions>
          <ns3:TrackPointExtension>
            <ns3:hr>107</ns3:hr>
            <ns3:cad>47</ns3:cad>
          </ns3:TrackPointExtension>
        </extensions>
      </trkpt>
      <trkpt lat="24.49576291255652904510498046875" lon="117.96345784328877925872802734375">
        <ele>127.59999847412109375</ele>
        <time>2026-09-19T07:35:55.000Z</time>
        <extensions>
          <ns3:TrackPointExtension>
            <ns3:hr>107</ns3:hr>
            <ns3:cad>48</ns3:cad>
          </ns3:TrackPointExtension>
        </extensions>
      </trkpt>
      <trkpt lat="24.495770037174224853515625" lon="117.963451556861400604248046875">
        <ele>127.59999847412109375</ele>
        <time>2026-09-19T07:35:56.000Z</time>
        <extensions>
          <ns3:TrackPointExtension>
            <ns3:hr>109</ns3:hr>
            <ns3:cad>48</ns3:cad>
          </ns3:TrackPointExtension>
        </extensions>
      </trkpt>
      <trkpt lat="24.4957752339541912078857421875" lon="117.963443510234355926513671875">
        <ele>127.59999847412109375</ele>
        <time>2026-09-19T07:35:57.000Z</time>
        <extensions>
          <ns3:TrackPointExtension>
            <ns3:hr>109</ns3:hr>
            <ns3:cad>48</ns3:cad>
          </ns3:TrackPointExtension>
        </extensions>
      </trkpt>
      <trkpt lat="24.49577598832547664642333984375" lon="117.963440157473087310791015625">
        <ele>127.59999847412109375</ele>
        <time>2026-09-19T07:35:58.000Z</time>
        <extensions>
          <ns3:TrackPointExtension>
            <ns3:hr>109</ns3:hr>
            <ns3:cad>48</ns3:cad>
          </ns3:TrackPointExtension>
        </extensions>
      </trkpt>
      <trkpt lat="24.49577833525836467742919921875" lon="117.96343512833118438720703125">
        <ele>127.59999847412109375</ele>
        <time>2026-09-19T07:35:59.000Z</time>
        <extensions>
          <ns3:TrackPointExtension>
            <ns3:hr>109</ns3:hr>
            <ns3:cad>48</ns3:cad>
          </ns3:TrackPointExtension>
        </extensions>
      </trkpt>
      <trkpt lat="24.49578353203833103179931640625" lon="117.963428758084774017333984375">
        <ele>127.59999847412109375</ele>
        <time>2026-09-19T07:36:00.000Z</time>
        <extensions>
          <ns3:TrackPointExtension>
            <ns3:hr>109</ns3:hr>
            <ns3:cad>47</ns3:cad>
          </ns3:TrackPointExtension>
        </extensions>
      </trkpt>
      <trkpt lat="24.4957963563501834869384765625" lon="117.9634195379912853240966796875">
        <ele>127.59999847412109375</ele>
        <time>2026-09-19T07:36:01.000Z</time>
        <extensions>
          <ns3:TrackPointExtension>
            <ns3:hr>109</ns3:hr>
            <ns3:cad>47</ns3:cad>
          </ns3:TrackPointExtension>
        </extensions>
      </trkpt>
      <trkpt lat="24.4958104379475116729736328125" lon="117.96340922825038433074951171875">
        <ele>127.40000152587890625</ele>
        <time>2026-09-19T07:36:02.000Z</time>
        <extensions>
          <ns3:TrackPointExtension>
            <ns3:hr>108</ns3:hr>
            <ns3:cad>48</ns3:cad>
          </ns3:TrackPointExtension>
        </extensions>
      </trkpt>
      <trkpt lat="24.49581907130777835845947265625" lon="117.9633984155952930450439453125">
        <ele>127.40000152587890625</ele>
        <time>2026-09-19T07:36:03.000Z</time>
        <extensions>
          <ns3:TrackPointExtension>
            <ns3:hr>109</ns3:hr>
            <ns3:cad>48</ns3:cad>
          </ns3:TrackPointExtension>
        </extensions>
      </trkpt>
      <trkpt lat="24.49582359753549098968505859375" lon="117.96339246444404125213623046875">
        <ele>127.40000152587890625</ele>
        <time>2026-09-19T07:36:04.000Z</time>
        <extensions>
          <ns3:TrackPointExtension>
            <ns3:hr>110</ns3:hr>
            <ns3:cad>48</ns3:cad>
          </ns3:TrackPointExtension>
        </extensions>
      </trkpt>
      <trkpt lat="24.49582879431545734405517578125" lon="117.9633848369121551513671875">
        <ele>127.40000152587890625</ele>
        <time>2026-09-19T07:36:05.000Z</time>
        <extensions>
          <ns3:TrackPointExtension>
            <ns3:hr>110</ns3:hr>
            <ns3:cad>48</ns3:cad>
          </ns3:TrackPointExtension>
        </extensions>
      </trkpt>
      <trkpt lat="24.49583700858056545257568359375" lon="117.9633752815425395965576171875">
        <ele>127.40000152587890625</ele>
        <time>2026-09-19T07:36:06.000Z</time>
        <extensions>
          <ns3:TrackPointExtension>
            <ns3:hr>110</ns3:hr>
            <ns3:cad>50</ns3:cad>
          </ns3:TrackPointExtension>
        </extensions>
      </trkpt>
      <trkpt lat="24.495845139026641845703125" lon="117.963365055620670318603515625">
        <ele>127.40000152587890625</ele>
        <time>2026-09-19T07:36:07.000Z</time>
        <extensions>
          <ns3:TrackPointExtension>
            <ns3:hr>111</ns3:hr>
            <ns3:cad>50</ns3:cad>
          </ns3:TrackPointExtension>
        </extensions>
      </trkpt>
      <trkpt lat="24.495850503444671630859375" lon="117.96335759572684764862060546875">
        <ele>127.40000152587890625</ele>
        <time>2026-09-19T07:36:08.000Z</time>
        <extensions>
          <ns3:TrackPointExtension>
            <ns3:hr>111</ns3:hr>
            <ns3:cad>50</ns3:cad>
          </ns3:TrackPointExtension>
        </extensions>
      </trkpt>
      <trkpt lat="24.49585880152881145477294921875" lon="117.96334753744304180145263671875">
        <ele>127.40000152587890625</ele>
        <time>2026-09-19T07:36:09.000Z</time>
        <extensions>
          <ns3:TrackPointExtension>
            <ns3:hr>111</ns3:hr>
            <ns3:cad>50</ns3:cad>
          </ns3:TrackPointExtension>
        </extensions>
      </trkpt>
      <trkpt lat="24.49586466886103153228759765625" lon="117.96333882026374340057373046875">
        <ele>127.40000152587890625</ele>
        <time>2026-09-19T07:36:10.000Z</time>
        <extensions>
          <ns3:TrackPointExtension>
            <ns3:hr>111</ns3:hr>
            <ns3:cad>50</ns3:cad>
          </ns3:TrackPointExtension>
        </extensions>
      </trkpt>
      <trkpt lat="24.4958711229264736175537109375" lon="117.96333211474120616912841796875">
        <ele>127.1999969482421875</ele>
        <time>2026-09-19T07:36:11.000Z</time>
        <extensions>
          <ns3:TrackPointExtension>
            <ns3:hr>111</ns3:hr>
            <ns3:cad>51</ns3:cad>
          </ns3:TrackPointExtension>
        </extensions>
      </trkpt>
      <trkpt lat="24.49587891809642314910888671875" lon="117.9633236490190029144287109375">
        <ele>127.1999969482421875</ele>
        <time>2026-09-19T07:36:12.000Z</time>
        <extensions>
          <ns3:TrackPointExtension>
            <ns3:hr>111</ns3:hr>
            <ns3:cad>51</ns3:cad>
          </ns3:TrackPointExtension>
        </extensions>
      </trkpt>
      <trkpt lat="24.495887048542499542236328125" lon="117.96331233344972133636474609375">
        <ele>127.1999969482421875</ele>
        <time>2026-09-19T07:36:13.000Z</time>
        <extensions>
          <ns3:TrackPointExtension>
            <ns3:hr>110</ns3:hr>
            <ns3:cad>50</ns3:cad>
          </ns3:TrackPointExtension>
        </extensions>
      </trkpt>
      <trkpt lat="24.49589735828340053558349609375" lon="117.96330663375556468963623046875">
        <ele>127.1999969482421875</ele>
        <time>2026-09-19T07:36:14.000Z</time>
        <extensions>
          <ns3:TrackPointExtension>
            <ns3:hr>111</ns3:hr>
            <ns3:cad>50</ns3:cad>
          </ns3:TrackPointExtension>
        </extensions>
      </trkpt>
      <trkpt lat="24.49591026641428470611572265625" lon="117.9632938094437122344970703125">
        <ele>127.1999969482421875</ele>
        <time>2026-09-19T07:36:15.000Z</time>
        <extensions>
          <ns3:TrackPointExtension>
            <ns3:hr>110</ns3:hr>
            <ns3:cad>50</ns3:cad>
          </ns3:TrackPointExtension>
        </extensions>
      </trkpt>
      <trkpt lat="24.49592267163097858428955078125" lon="117.9632884450256824493408203125">
        <ele>127.1999969482421875</ele>
        <time>2026-09-19T07:36:16.000Z</time>
        <extensions>
          <ns3:TrackPointExtension>
            <ns3:hr>109</ns3:hr>
            <ns3:cad>50</ns3:cad>
          </ns3:TrackPointExtension>
        </extensions>
      </trkpt>
      <trkpt lat="24.49592870660126209259033203125" lon="117.96328383497893810272216796875">
        <ele>127.1999969482421875</ele>
        <time>2026-09-19T07:36:17.000Z</time>
        <extensions>
          <ns3:TrackPointExtension>
            <ns3:hr>108</ns3:hr>
            <ns3:cad>50</ns3:cad>
          </ns3:TrackPointExtension>
        </extensions>
      </trkpt>
      <trkpt lat="24.495934657752513885498046875" lon="117.96327763237059116363525390625">
        <ele>127.1999969482421875</ele>
        <time>2026-09-19T07:36:18.000Z</time>
        <extensions>
          <ns3:TrackPointExtension>
            <ns3:hr>108</ns3:hr>
            <ns3:cad>52</ns3:cad>
          </ns3:TrackPointExtension>
        </extensions>
      </trkpt>
      <trkpt lat="24.49593968689441680908203125" lon="117.96327176503837108612060546875">
        <ele>127.1999969482421875</ele>
        <time>2026-09-19T07:36:19.000Z</time>
        <extensions>
          <ns3:TrackPointExtension>
            <ns3:hr>108</ns3:hr>
            <ns3:cad>53</ns3:cad>
          </ns3:TrackPointExtension>
        </extensions>
      </trkpt>
      <trkpt lat="24.4959522597491741180419921875" lon="117.96326455660164356231689453125">
        <ele>127.1999969482421875</ele>
        <time>2026-09-19T07:36:20.000Z</time>
        <extensions>
          <ns3:TrackPointExtension>
            <ns3:hr>108</ns3:hr>
            <ns3:cad>55</ns3:cad>
          </ns3:TrackPointExtension>
        </extensions>
      </trkpt>
      <trkpt lat="24.49596206657588481903076171875" lon="117.963258437812328338623046875">
        <ele>127.40000152587890625</ele>
        <time>2026-09-19T07:36:21.000Z</time>
        <extensions>
          <ns3:TrackPointExtension>
            <ns3:hr>107</ns3:hr>
            <ns3:cad>55</ns3:cad>
          </ns3:TrackPointExtension>
        </extensions>
      </trkpt>
      <trkpt lat="24.49597380124032497406005859375" lon="117.96325064264237880706787109375">
        <ele>127.40000152587890625</ele>
        <time>2026-09-19T07:36:22.000Z</time>
        <extensions>
          <ns3:TrackPointExtension>
            <ns3:hr>107</ns3:hr>
            <ns3:cad>55</ns3:cad>
          </ns3:TrackPointExtension>
        </extensions>
      </trkpt>
      <trkpt lat="24.4959837757050991058349609375" lon="117.96324376948177814483642578125">
        <ele>127.40000152587890625</ele>
        <time>2026-09-19T07:36:23.000Z</time>
        <extensions>
          <ns3:TrackPointExtension>
            <ns3:hr>106</ns3:hr>
            <ns3:cad>55</ns3:cad>
          </ns3:TrackPointExtension>
        </extensions>
      </trkpt>
      <trkpt lat="24.49599039740860462188720703125" lon="117.96323798596858978271484375">
        <ele>127.40000152587890625</ele>
        <time>2026-09-19T07:36:24.000Z</time>
        <extensions>
          <ns3:TrackPointExtension>
            <ns3:hr>106</ns3:hr>
            <ns3:cad>55</ns3:cad>
          </ns3:TrackPointExtension>
        </extensions>
      </trkpt>
      <trkpt lat="24.49599743820726871490478515625" lon="117.9632334597408771514892578125">
        <ele>127.1999969482421875</ele>
        <time>2026-09-19T07:36:25.000Z</time>
        <extensions>
          <ns3:TrackPointExtension>
            <ns3:hr>106</ns3:hr>
            <ns3:cad>55</ns3:cad>
          </ns3:TrackPointExtension>
        </extensions>
      </trkpt>
      <trkpt lat="24.49600716121494770050048828125" lon="117.9632265865802764892578125">
        <ele>127.1999969482421875</ele>
        <time>2026-09-19T07:36:26.000Z</time>
        <extensions>
          <ns3:TrackPointExtension>
            <ns3:hr>106</ns3:hr>
            <ns3:cad>0</ns3:cad>
          </ns3:TrackPointExtension>
        </extensions>
      </trkpt>
      <trkpt lat="24.4960169680416584014892578125" lon="117.96322113834321498870849609375">
        <ele>127.1999969482421875</ele>
        <time>2026-09-19T07:36:27.000Z</time>
        <extensions>
          <ns3:TrackPointExtension>
            <ns3:hr>106</ns3:hr>
            <ns3:cad>0</ns3:cad>
          </ns3:TrackPointExtension>
        </extensions>
      </trkpt>
      <trkpt lat="24.49602945707738399505615234375" lon="117.96321116387844085693359375">
        <ele>127.40000152587890625</ele>
        <time>2026-09-19T07:36:28.000Z</time>
        <extensions>
          <ns3:TrackPointExtension>
            <ns3:hr>106</ns3:hr>
            <ns3:cad>0</ns3:cad>
          </ns3:TrackPointExtension>
        </extensions>
      </trkpt>
      <trkpt lat="24.4960350729525089263916015625" lon="117.9632022790610790252685546875">
        <ele>127.59999847412109375</ele>
        <time>2026-09-19T07:36:29.000Z</time>
        <extensions>
          <ns3:TrackPointExtension>
            <ns3:hr>106</ns3:hr>
            <ns3:cad>0</ns3:cad>
          </ns3:TrackPointExtension>
        </extensions>
      </trkpt>
      <trkpt lat="24.4960441254079341888427734375" lon="117.96319247223436832427978515625">
        <ele>127.8000030517578125</ele>
        <time>2026-09-19T07:36:30.000Z</time>
        <extensions>
          <ns3:TrackPointExtension>
            <ns3:hr>106</ns3:hr>
            <ns3:cad>0</ns3:cad>
          </ns3:TrackPointExtension>
        </extensions>
      </trkpt>
      <trkpt lat="24.4960511662065982818603515625" lon="117.96318107284605503082275390625">
        <ele>128</ele>
        <time>2026-09-19T07:36:31.000Z</time>
        <extensions>
          <ns3:TrackPointExtension>
            <ns3:hr>107</ns3:hr>
            <ns3:cad>0</ns3:cad>
          </ns3:TrackPointExtension>
        </extensions>
      </trkpt>
      <trkpt lat="24.496057033538818359375" lon="117.96317185275256633758544921875">
        <ele>128</ele>
        <time>2026-09-19T07:36:32.000Z</time>
        <extensions>
          <ns3:TrackPointExtension>
            <ns3:hr>107</ns3:hr>
            <ns3:cad>0</ns3:cad>
          </ns3:TrackPointExtension>
        </extensions>
      </trkpt>
      <trkpt lat="24.49606231413781642913818359375" lon="117.96316112391650676727294921875">
        <ele>128</ele>
        <time>2026-09-19T07:36:33.000Z</time>
        <extensions>
          <ns3:TrackPointExtension>
            <ns3:hr>108</ns3:hr>
            <ns3:cad>0</ns3:cad>
          </ns3:TrackPointExtension>
        </extensions>
      </trkpt>
      <trkpt lat="24.49606382288038730621337890625" lon="117.9631509818136692047119140625">
        <ele>128</ele>
        <time>2026-09-19T07:36:34.000Z</time>
        <extensions>
          <ns3:TrackPointExtension>
            <ns3:hr>108</ns3:hr>
            <ns3:cad>0</ns3:cad>
          </ns3:TrackPointExtension>
        </extensions>
      </trkpt>
      <trkpt lat="24.496059715747833251953125" lon="117.96312709338963031768798828125">
        <ele>127.8000030517578125</ele>
        <time>2026-09-19T07:36:35.000Z</time>
        <extensions>
          <ns3:TrackPointExtension>
            <ns3:hr>108</ns3:hr>
            <ns3:cad>49</ns3:cad>
          </ns3:TrackPointExtension>
        </extensions>
      </trkpt>
      <trkpt lat="24.49605292640626430511474609375" lon="117.96310932375490665435791015625">
        <ele>127.8000030517578125</ele>
        <time>2026-09-19T07:36:36.000Z</time>
        <extensions>
          <ns3:TrackPointExtension>
            <ns3:hr>109</ns3:hr>
            <ns3:cad>49</ns3:cad>
          </ns3:TrackPointExtension>
        </extensions>
      </trkpt>
      <trkpt lat="24.49605074711143970489501953125" lon="117.963091470301151275634765625">
        <ele>128</ele>
        <time>2026-09-19T07:36:37.000Z</time>
        <extensions>
          <ns3:TrackPointExtension>
            <ns3:hr>109</ns3:hr>
            <ns3:cad>0</ns3:cad>
          </ns3:TrackPointExtension>
        </extensions>
      </trkpt>
      <trkpt lat="24.49604538269340991973876953125" lon="117.96308040618896484375">
        <ele>128</ele>
        <time>2026-09-19T07:36:38.000Z</time>
        <extensions>
          <ns3:TrackPointExtension>
            <ns3:hr>109</ns3:hr>
            <ns3:cad>0</ns3:cad>
          </ns3:TrackPointExtension>
        </extensions>
      </trkpt>
      <trkpt lat="24.496042616665363311767578125" lon="117.96307168900966644287109375">
        <ele>128</ele>
        <time>2026-09-19T07:36:39.000Z</time>
        <extensions>
          <ns3:TrackPointExtension>
            <ns3:hr>110</ns3:hr>
            <ns3:cad>0</ns3:cad>
          </ns3:TrackPointExtension>
        </extensions>
      </trkpt>
      <trkpt lat="24.496040605008602142333984375" lon="117.96306037344038486480712890625">
        <ele>128.1999969482421875</ele>
        <time>2026-09-19T07:36:40.000Z</time>
        <extensions>
          <ns3:TrackPointExtension>
            <ns3:hr>110</ns3:hr>
            <ns3:cad>0</ns3:cad>
          </ns3:TrackPointExtension>
        </extensions>
      </trkpt>
      <trkpt lat="24.49603800661861896514892578125" lon="117.9630473814904689788818359375">
        <ele>128.1999969482421875</ele>
        <time>2026-09-19T07:36:41.000Z</time>
        <extensions>
          <ns3:TrackPointExtension>
            <ns3:hr>110</ns3:hr>
            <ns3:cad>50</ns3:cad>
          </ns3:TrackPointExtension>
        </extensions>
      </trkpt>
      <trkpt lat="24.49603532440960407257080078125" lon="117.96303573064506053924560546875">
        <ele>128.399993896484375</ele>
        <time>2026-09-19T07:36:42.000Z</time>
        <extensions>
          <ns3:TrackPointExtension>
            <ns3:hr>110</ns3:hr>
            <ns3:cad>50</ns3:cad>
          </ns3:TrackPointExtension>
        </extensions>
      </trkpt>
      <trkpt lat="24.49603264220058917999267578125" lon="117.9630227386951446533203125">
        <ele>128.600006103515625</ele>
        <time>2026-09-19T07:36:43.000Z</time>
        <extensions>
          <ns3:TrackPointExtension>
            <ns3:hr>111</ns3:hr>
            <ns3:cad>50</ns3:cad>
          </ns3:TrackPointExtension>
        </extensions>
      </trkpt>
      <trkpt lat="24.49603012762963771820068359375" lon="117.96301259659230709075927734375">
        <ele>128.600006103515625</ele>
        <time>2026-09-19T07:36:44.000Z</time>
        <extensions>
          <ns3:TrackPointExtension>
            <ns3:hr>111</ns3:hr>
            <ns3:cad>50</ns3:cad>
          </ns3:TrackPointExtension>
        </extensions>
      </trkpt>
      <trkpt lat="24.49602878652513027191162109375" lon="117.96300304122269153594970703125">
        <ele>128.8000030517578125</ele>
        <time>2026-09-19T07:36:45.000Z</time>
        <extensions>
          <ns3:TrackPointExtension>
            <ns3:hr>111</ns3:hr>
            <ns3:cad>49</ns3:cad>
          </ns3:TrackPointExtension>
        </extensions>
      </trkpt>
      <trkpt lat="24.496025182306766510009765625" lon="117.96299046836793422698974609375">
        <ele>128.8000030517578125</ele>
        <time>2026-09-19T07:36:46.000Z</time>
        <extensions>
          <ns3:TrackPointExtension>
            <ns3:hr>111</ns3:hr>
            <ns3:cad>49</ns3:cad>
          </ns3:TrackPointExtension>
        </extensions>
      </trkpt>
      <trkpt lat="24.49602157808840274810791015625" lon="117.9629746265709400177001953125">
        <ele>128.8000030517578125</ele>
        <time>2026-09-19T07:36:47.000Z</time>
        <extensions>
          <ns3:TrackPointExtension>
            <ns3:hr>111</ns3:hr>
            <ns3:cad>49</ns3:cad>
          </ns3:TrackPointExtension>
        </extensions>
      </trkpt>
      <trkpt lat="24.4960196502506732940673828125" lon="117.962965071201324462890625">
        <ele>129</ele>
        <time>2026-09-19T07:36:48.000Z</time>
        <extensions>
          <ns3:TrackPointExtension>
            <ns3:hr>111</ns3:hr>
            <ns3:cad>49</ns3:cad>
          </ns3:TrackPointExtension>
        </extensions>
      </trkpt>
      <trkpt lat="24.49601612985134124755859375" lon="117.96296012587845325469970703125">
        <ele>129</ele>
        <time>2026-09-19T07:36:49.000Z</time>
        <extensions>
          <ns3:TrackPointExtension>
            <ns3:hr>112</ns3:hr>
            <ns3:cad>48</ns3:cad>
          </ns3:TrackPointExtension>
        </extensions>
      </trkpt>
      <trkpt lat="24.49601017870008945465087890625" lon="117.9629528336226940155029296875">
        <ele>129.1999969482421875</ele>
        <time>2026-09-19T07:36:50.000Z</time>
        <extensions>
          <ns3:TrackPointExtension>
            <ns3:hr>112</ns3:hr>
            <ns3:cad>48</ns3:cad>
          </ns3:TrackPointExtension>
        </extensions>
      </trkpt>
      <trkpt lat="24.49600196443498134613037109375" lon="117.9629409313201904296875">
        <ele>129.1999969482421875</ele>
        <time>2026-09-19T07:36:51.000Z</time>
        <extensions>
          <ns3:TrackPointExtension>
            <ns3:hr>112</ns3:hr>
            <ns3:cad>48</ns3:cad>
          </ns3:TrackPointExtension>
        </extensions>
      </trkpt>
      <trkpt lat="24.49599810875952243804931640625" lon="117.96292475424706935882568359375">
        <ele>129.1999969482421875</ele>
        <time>2026-09-19T07:36:52.000Z</time>
        <extensions>
          <ns3:TrackPointExtension>
            <ns3:hr>113</ns3:hr>
            <ns3:cad>48</ns3:cad>
          </ns3:TrackPointExtension>
        </extensions>
      </trkpt>
      <trkpt lat="24.49599676765501499176025390625" lon="117.96291033737361431121826171875">
        <ele>129.1999969482421875</ele>
        <time>2026-09-19T07:36:53.000Z</time>
        <extensions>
          <ns3:TrackPointExtension>
            <ns3:hr>113</ns3:hr>
            <ns3:cad>48</ns3:cad>
          </ns3:TrackPointExtension>
        </extensions>
      </trkpt>
      <trkpt lat="24.495995678007602691650390625" lon="117.962897680699825286865234375">
        <ele>129.1999969482421875</ele>
        <time>2026-09-19T07:36:54.000Z</time>
        <extensions>
          <ns3:TrackPointExtension>
            <ns3:hr>113</ns3:hr>
            <ns3:cad>48</ns3:cad>
          </ns3:TrackPointExtension>
        </extensions>
      </trkpt>
      <trkpt lat="24.49599509127438068389892578125" lon="117.96288686804473400115966796875">
        <ele>129.1999969482421875</ele>
        <time>2026-09-19T07:36:55.000Z</time>
        <extensions>
          <ns3:TrackPointExtension>
            <ns3:hr>113</ns3:hr>
            <ns3:cad>49</ns3:cad>
          </ns3:TrackPointExtension>
        </extensions>
      </trkpt>
      <trkpt lat="24.49599442072212696075439453125" lon="117.9628784023225307464599609375">
        <ele>129.399993896484375</ele>
        <time>2026-09-19T07:36:56.000Z</time>
        <extensions>
          <ns3:TrackPointExtension>
            <ns3:hr>113</ns3:hr>
            <ns3:cad>49</ns3:cad>
          </ns3:TrackPointExtension>
        </extensions>
      </trkpt>
      <trkpt lat="24.49599727056920528411865234375" lon="117.96286792494356632232666015625">
        <ele>129.399993896484375</ele>
        <time>2026-09-19T07:36:57.000Z</time>
        <extensions>
          <ns3:TrackPointExtension>
            <ns3:hr>113</ns3:hr>
            <ns3:cad>49</ns3:cad>
          </ns3:TrackPointExtension>
        </extensions>
      </trkpt>
      <trkpt lat="24.49600405991077423095703125" lon="117.96285334043204784393310546875">
        <ele>129.399993896484375</ele>
        <time>2026-09-19T07:36:58.000Z</time>
        <extensions>
          <ns3:TrackPointExtension>
            <ns3:hr>114</ns3:hr>
            <ns3:cad>49</ns3:cad>
          </ns3:TrackPointExtension>
        </extensions>
      </trkpt>
      <trkpt lat="24.4960099272429943084716796875" lon="117.962840013206005096435546875">
        <ele>129.399993896484375</ele>
        <time>2026-09-19T07:36:59.000Z</time>
        <extensions>
          <ns3:TrackPointExtension>
            <ns3:hr>114</ns3:hr>
            <ns3:cad>49</ns3:cad>
          </ns3:TrackPointExtension>
        </extensions>
      </trkpt>
      <trkpt lat="24.4960116036236286163330078125" lon="117.9628281109035015106201171875">
        <ele>129.399993896484375</ele>
        <time>2026-09-19T07:37:00.000Z</time>
        <extensions>
          <ns3:TrackPointExtension>
            <ns3:hr>115</ns3:hr>
            <ns3:cad>49</ns3:cad>
          </ns3:TrackPointExtension>
        </extensions>
      </trkpt>
      <trkpt lat="24.4960127770900726318359375" lon="117.9628220759332180023193359375">
        <ele>129.600006103515625</ele>
        <time>2026-09-19T07:37:01.000Z</time>
        <extensions>
          <ns3:TrackPointExtension>
            <ns3:hr>116</ns3:hr>
            <ns3:cad>49</ns3:cad>
          </ns3:TrackPointExtension>
        </extensions>
      </trkpt>
      <trkpt lat="24.49601487256586551666259765625" lon="117.962816543877124786376953125">
        <ele>129.600006103515625</ele>
        <time>2026-09-19T07:37:02.000Z</time>
        <extensions>
          <ns3:TrackPointExtension>
            <ns3:hr>119</ns3:hr>
            <ns3:cad>48</ns3:cad>
          </ns3:TrackPointExtension>
        </extensions>
      </trkpt>
      <trkpt lat="24.4960219971835613250732421875" lon="117.96280723996460437774658203125">
        <ele>129.600006103515625</ele>
        <time>2026-09-19T07:37:03.000Z</time>
        <extensions>
          <ns3:TrackPointExtension>
            <ns3:hr>130</ns3:hr>
            <ns3:cad>48</ns3:cad>
          </ns3:TrackPointExtension>
        </extensions>
      </trkpt>
      <trkpt lat="24.49602928943932056427001953125" lon="117.96279885806143283843994140625">
        <ele>129.600006103515625</ele>
        <time>2026-09-19T07:37:04.000Z</time>
        <extensions>
          <ns3:TrackPointExtension>
            <ns3:hr>147</ns3:hr>
            <ns3:cad>48</ns3:cad>
          </ns3:TrackPointExtension>
        </extensions>
      </trkpt>
      <trkpt lat="24.49603800661861896514892578125" lon="117.96278947032988071441650390625">
        <ele>129.600006103515625</ele>
        <time>2026-09-19T07:37:05.000Z</time>
        <extensions>
          <ns3:TrackPointExtension>
            <ns3:hr>149</ns3:hr>
            <ns3:cad>49</ns3:cad>
          </ns3:TrackPointExtension>
        </extensions>
      </trkpt>
      <trkpt lat="24.4960474781692028045654296875" lon="117.96278603374958038330078125">
        <ele>129.8000030517578125</ele>
        <time>2026-09-19T07:37:06.000Z</time>
        <extensions>
          <ns3:TrackPointExtension>
            <ns3:hr>149</ns3:hr>
            <ns3:cad>49</ns3:cad>
          </ns3:TrackPointExtension>
        </extensions>
      </trkpt>
      <trkpt lat="24.496054016053676605224609375" lon="117.9627831839025020599365234375">
        <ele>129.8000030517578125</ele>
        <time>2026-09-19T07:37:07.000Z</time>
        <extensions>
          <ns3:TrackPointExtension>
            <ns3:hr>149</ns3:hr>
            <ns3:cad>50</ns3:cad>
          </ns3:TrackPointExtension>
        </extensions>
      </trkpt>
      <trkpt lat="24.4960629008710384368896484375" lon="117.96277672983705997467041015625">
        <ele>130</ele>
        <time>2026-09-19T07:37:08.000Z</time>
        <extensions>
          <ns3:TrackPointExtension>
            <ns3:hr>149</ns3:hr>
            <ns3:cad>50</ns3:cad>
          </ns3:TrackPointExtension>
        </extensions>
      </trkpt>
      <trkpt lat="24.49606977403163909912109375" lon="117.96276868321001529693603515625">
        <ele>130</ele>
        <time>2026-09-19T07:37:09.000Z</time>
        <extensions>
          <ns3:TrackPointExtension>
            <ns3:hr>149</ns3:hr>
            <ns3:cad>50</ns3:cad>
          </ns3:TrackPointExtension>
        </extensions>
      </trkpt>
      <trkpt lat="24.49607790447771549224853515625" lon="117.96276046894490718841552734375">
        <ele>130</ele>
        <time>2026-09-19T07:37:10.000Z</time>
        <extensions>
          <ns3:TrackPointExtension>
            <ns3:hr>150</ns3:hr>
            <ns3:cad>50</ns3:cad>
          </ns3:TrackPointExtension>
        </extensions>
      </trkpt>
      <trkpt lat="24.4960853643715381622314453125" lon="117.96275611035525798797607421875">
        <ele>130.1999969482421875</ele>
        <time>2026-09-19T07:37:11.000Z</time>
        <extensions>
          <ns3:TrackPointExtension>
            <ns3:hr>150</ns3:hr>
            <ns3:cad>50</ns3:cad>
          </ns3:TrackPointExtension>
        </extensions>
      </trkpt>
      <trkpt lat="24.496091902256011962890625" lon="117.96275191940367221832275390625">
        <ele>130.1999969482421875</ele>
        <time>2026-09-19T07:37:12.000Z</time>
        <extensions>
          <ns3:TrackPointExtension>
            <ns3:hr>150</ns3:hr>
            <ns3:cad>45</ns3:cad>
          </ns3:TrackPointExtension>
        </extensions>
      </trkpt>
      <trkpt lat="24.496106989681720733642578125" lon="117.962737418711185455322265625">
        <ele>130.399993896484375</ele>
        <time>2026-09-19T07:37:13.000Z</time>
        <extensions>
          <ns3:TrackPointExtension>
            <ns3:hr>150</ns3:hr>
            <ns3:cad>45</ns3:cad>
          </ns3:TrackPointExtension>
        </extensions>
      </trkpt>
      <trkpt lat="24.49611763469874858856201171875" lon="117.96273297630250453948974609375">
        <ele>130.600006103515625</ele>
        <time>2026-09-19T07:37:14.000Z</time>
        <extensions>
          <ns3:TrackPointExtension>
            <ns3:hr>150</ns3:hr>
            <ns3:cad>45</ns3:cad>
          </ns3:TrackPointExtension>
        </extensions>
      </trkpt>
      <trkpt lat="24.4961266033351421356201171875" lon="117.96272358857095241546630859375">
        <ele>130.600006103515625</ele>
        <time>2026-09-19T07:37:15.000Z</time>
        <extensions>
          <ns3:TrackPointExtension>
            <ns3:hr>150</ns3:hr>
            <ns3:cad>48</ns3:cad>
          </ns3:TrackPointExtension>
        </extensions>
      </trkpt>
      <trkpt lat="24.49613280594348907470703125" lon="117.96272006817162036895751953125">
        <ele>130.8000030517578125</ele>
        <time>2026-09-19T07:37:16.000Z</time>
        <extensions>
          <ns3:TrackPointExtension>
            <ns3:hr>150</ns3:hr>
            <ns3:cad>48</ns3:cad>
          </ns3:TrackPointExtension>
        </extensions>
      </trkpt>
      <trkpt lat="24.4961507432162761688232421875" lon="117.96271503902971744537353515625">
        <ele>131</ele>
        <time>2026-09-19T07:37:17.000Z</time>
        <extensions>
          <ns3:TrackPointExtension>
            <ns3:hr>151</ns3:hr>
            <ns3:cad>0</ns3:cad>
          </ns3:TrackPointExtension>
        </extensions>
      </trkpt>
      <trkpt lat="24.4961547665297985076904296875" lon="117.96270514838397502899169921875">
        <ele>131.1999969482421875</ele>
        <time>2026-09-19T07:37:18.000Z</time>
        <extensions>
          <ns3:TrackPointExtension>
            <ns3:hr>151</ns3:hr>
            <ns3:cad>0</ns3:cad>
          </ns3:TrackPointExtension>
        </extensions>
      </trkpt>
      <trkpt lat="24.49616792611777782440185546875" lon="117.96269592829048633575439453125">
        <ele>131.1999969482421875</ele>
        <time>2026-09-19T07:37:19.000Z</time>
        <extensions>
          <ns3:TrackPointExtension>
            <ns3:hr>151</ns3:hr>
            <ns3:cad>0</ns3:cad>
          </ns3:TrackPointExtension>
        </extensions>
      </trkpt>
      <trkpt lat="24.4961799122393131256103515625" lon="117.962691150605678558349609375">
        <ele>131.1999969482421875</ele>
        <time>2026-09-19T07:37:20.000Z</time>
        <extensions>
          <ns3:TrackPointExtension>
            <ns3:hr>151</ns3:hr>
            <ns3:cad>0</ns3:cad>
          </ns3:TrackPointExtension>
        </extensions>
      </trkpt>
      <trkpt lat="24.4961906410753726959228515625" lon="117.9626852832734584808349609375">
        <ele>131.399993896484375</ele>
        <time>2026-09-19T07:37:21.000Z</time>
        <extensions>
          <ns3:TrackPointExtension>
            <ns3:hr>151</ns3:hr>
            <ns3:cad>0</ns3:cad>
          </ns3:TrackPointExtension>
        </extensions>
      </trkpt>
      <trkpt lat="24.49620145373046398162841796875" lon="117.96268033795058727264404296875">
        <ele>131.600006103515625</ele>
        <time>2026-09-19T07:37:22.000Z</time>
        <extensions>
          <ns3:TrackPointExtension>
            <ns3:hr>151</ns3:hr>
            <ns3:cad>0</ns3:cad>
          </ns3:TrackPointExtension>
        </extensions>
      </trkpt>
      <trkpt lat="24.49621050618588924407958984375" lon="117.96267698518931865692138671875">
        <ele>131.600006103515625</ele>
        <time>2026-09-19T07:37:23.000Z</time>
        <extensions>
          <ns3:TrackPointExtension>
            <ns3:hr>151</ns3:hr>
            <ns3:cad>48</ns3:cad>
          </ns3:TrackPointExtension>
        </extensions>
      </trkpt>
      <trkpt lat="24.49621754698455333709716796875" lon="117.96267480589449405670166015625">
        <ele>131.8000030517578125</ele>
        <time>2026-09-19T07:37:24.000Z</time>
        <extensions>
          <ns3:TrackPointExtension>
            <ns3:hr>151</ns3:hr>
            <ns3:cad>48</ns3:cad>
          </ns3:TrackPointExtension>
        </extensions>
      </trkpt>
      <trkpt lat="24.49622509069740772247314453125" lon="117.962672710418701171875">
        <ele>131.8000030517578125</ele>
        <time>2026-09-19T07:37:25.000Z</time>
        <extensions>
          <ns3:TrackPointExtension>
            <ns3:hr>151</ns3:hr>
            <ns3:cad>48</ns3:cad>
          </ns3:TrackPointExtension>
        </extensions>
      </trkpt>
      <trkpt lat="24.49623338878154754638671875" lon="117.96266675926744937896728515625">
        <ele>132</ele>
        <time>2026-09-19T07:37:26.000Z</time>
        <extensions>
          <ns3:TrackPointExtension>
            <ns3:hr>151</ns3:hr>
            <ns3:cad>50</ns3:cad>
          </ns3:TrackPointExtension>
        </extensions>
      </trkpt>
      <trkpt lat="24.4962426088750362396240234375" lon="117.96265888027846813201904296875">
        <ele>132</ele>
        <time>2026-09-19T07:37:27.000Z</time>
        <extensions>
          <ns3:TrackPointExtension>
            <ns3:hr>152</ns3:hr>
            <ns3:cad>50</ns3:cad>
          </ns3:TrackPointExtension>
        </extensions>
      </trkpt>
      <trkpt lat="24.49624688364565372467041015625" lon="117.96265435405075550079345703125">
        <ele>132.1999969482421875</ele>
        <time>2026-09-19T07:37:28.000Z</time>
        <extensions>
          <ns3:TrackPointExtension>
            <ns3:hr>152</ns3:hr>
            <ns3:cad>50</ns3:cad>
          </ns3:TrackPointExtension>
        </extensions>
      </trkpt>
      <trkpt lat="24.4962513260543346405029296875" lon="117.96265183947980403900146484375">
        <ele>132.1999969482421875</ele>
        <time>2026-09-19T07:37:29.000Z</time>
        <extensions>
          <ns3:TrackPointExtension>
            <ns3:hr>152</ns3:hr>
            <ns3:cad>51</ns3:cad>
          </ns3:TrackPointExtension>
        </extensions>
      </trkpt>
      <trkpt lat="24.496256522834300994873046875" lon="117.96264613978564739227294921875">
        <ele>132.399993896484375</ele>
        <time>2026-09-19T07:37:30.000Z</time>
        <extensions>
          <ns3:TrackPointExtension>
            <ns3:hr>153</ns3:hr>
            <ns3:cad>51</ns3:cad>
          </ns3:TrackPointExtension>
        </extensions>
      </trkpt>
      <trkpt lat="24.496270604431629180908203125" lon="117.962635494768619537353515625">
        <ele>132.399993896484375</ele>
        <time>2026-09-19T07:37:31.000Z</time>
        <extensions>
          <ns3:TrackPointExtension>
            <ns3:hr>153</ns3:hr>
            <ns3:cad>51</ns3:cad>
          </ns3:TrackPointExtension>
        </extensions>
      </trkpt>
      <trkpt lat="24.49628192000091075897216796875" lon="117.9626353271305561065673828125">
        <ele>132.399993896484375</ele>
        <time>2026-09-19T07:37:32.000Z</time>
        <extensions>
          <ns3:TrackPointExtension>
            <ns3:hr>153</ns3:hr>
            <ns3:cad>50</ns3:cad>
          </ns3:TrackPointExtension>
        </extensions>
      </trkpt>
      <trkpt lat="24.49628812260925769805908203125" lon="117.96262887306511402130126953125">
        <ele>132.600006103515625</ele>
        <time>2026-09-19T07:37:33.000Z</time>
        <extensions>
          <ns3:TrackPointExtension>
            <ns3:hr>153</ns3:hr>
            <ns3:cad>50</ns3:cad>
          </ns3:TrackPointExtension>
        </extensions>
      </trkpt>
      <trkpt lat="24.49629432521760463714599609375" lon="117.9626296274363994598388671875">
        <ele>132.600006103515625</ele>
        <time>2026-09-19T07:37:34.000Z</time>
        <extensions>
          <ns3:TrackPointExtension>
            <ns3:hr>153</ns3:hr>
            <ns3:cad>50</ns3:cad>
          </ns3:TrackPointExtension>
        </extensions>
      </trkpt>
      <trkpt lat="24.49630522169172763824462890625" lon="117.96262686140835285186767578125">
        <ele>132.8000030517578125</ele>
        <time>2026-09-19T07:37:35.000Z</time>
        <extensions>
          <ns3:TrackPointExtension>
            <ns3:hr>153</ns3:hr>
            <ns3:cad>50</ns3:cad>
          </ns3:TrackPointExtension>
        </extensions>
      </trkpt>
      <trkpt lat="24.49631377123296260833740234375" lon="117.9626225866377353668212890625">
        <ele>133</ele>
        <time>2026-09-19T07:37:36.000Z</time>
        <extensions>
          <ns3:TrackPointExtension>
            <ns3:hr>153</ns3:hr>
            <ns3:cad>52</ns3:cad>
          </ns3:TrackPointExtension>
        </extensions>
      </trkpt>
      <trkpt lat="24.49632382951676845550537109375" lon="117.96261445619165897369384765625">
        <ele>133.1999969482421875</ele>
        <time>2026-09-19T07:37:37.000Z</time>
        <extensions>
          <ns3:TrackPointExtension>
            <ns3:hr>153</ns3:hr>
            <ns3:cad>52</ns3:cad>
          </ns3:TrackPointExtension>
        </extensions>
      </trkpt>
      <trkpt lat="24.49633070267736911773681640625" lon="117.96260657720267772674560546875">
        <ele>133.1999969482421875</ele>
        <time>2026-09-19T07:37:38.000Z</time>
        <extensions>
          <ns3:TrackPointExtension>
            <ns3:hr>153</ns3:hr>
            <ns3:cad>51</ns3:cad>
          </ns3:TrackPointExtension>
        </extensions>
      </trkpt>
      <trkpt lat="24.49634260497987270355224609375" lon="117.96259786002337932586669921875">
        <ele>133.399993896484375</ele>
        <time>2026-09-19T07:37:39.000Z</time>
        <extensions>
          <ns3:TrackPointExtension>
            <ns3:hr>153</ns3:hr>
            <ns3:cad>50</ns3:cad>
          </ns3:TrackPointExtension>
        </extensions>
      </trkpt>
      <trkpt lat="24.4963509030640125274658203125" lon="117.96258679591119289398193359375">
        <ele>133.600006103515625</ele>
        <time>2026-09-19T07:37:40.000Z</time>
        <extensions>
          <ns3:TrackPointExtension>
            <ns3:hr>153</ns3:hr>
            <ns3:cad>49</ns3:cad>
          </ns3:TrackPointExtension>
        </extensions>
      </trkpt>
      <trkpt lat="24.4963587820529937744140625" lon="117.9625749774277210235595703125">
        <ele>133.600006103515625</ele>
        <time>2026-09-19T07:37:41.000Z</time>
        <extensions>
          <ns3:TrackPointExtension>
            <ns3:hr>153</ns3:hr>
            <ns3:cad>48</ns3:cad>
          </ns3:TrackPointExtension>
        </extensions>
      </trkpt>
      <trkpt lat="24.496367163956165313720703125" lon="117.9625622369349002838134765625">
        <ele>133.600006103515625</ele>
        <time>2026-09-19T07:37:42.000Z</time>
        <extensions>
          <ns3:TrackPointExtension>
            <ns3:hr>153</ns3:hr>
            <ns3:cad>47</ns3:cad>
          </ns3:TrackPointExtension>
        </extensions>
      </trkpt>
      <trkpt lat="24.4963777251541614532470703125" lon="117.96254731714725494384765625">
        <ele>133.8000030517578125</ele>
        <time>2026-09-19T07:37:43.000Z</time>
        <extensions>
          <ns3:TrackPointExtension>
            <ns3:hr>153</ns3:hr>
            <ns3:cad>47</ns3:cad>
          </ns3:TrackPointExtension>
        </extensions>
      </trkpt>
      <trkpt lat="24.49638535268604755401611328125" lon="117.96253348700702190399169921875">
        <ele>133.8000030517578125</ele>
        <time>2026-09-19T07:37:44.000Z</time>
        <extensions>
          <ns3:TrackPointExtension>
            <ns3:hr>153</ns3:hr>
            <ns3:cad>47</ns3:cad>
          </ns3:TrackPointExtension>
        </extensions>
      </trkpt>
      <trkpt lat="24.4963936507701873779296875" lon="117.9625230096280574798583984375">
        <ele>134</ele>
        <time>2026-09-19T07:37:45.000Z</time>
        <extensions>
          <ns3:TrackPointExtension>
            <ns3:hr>153</ns3:hr>
            <ns3:cad>47</ns3:cad>
          </ns3:TrackPointExtension>
        </extensions>
      </trkpt>
      <trkpt lat="24.49640027247369289398193359375" lon="117.96251018531620502471923828125">
        <ele>134</ele>
        <time>2026-09-19T07:37:46.000Z</time>
        <extensions>
          <ns3:TrackPointExtension>
            <ns3:hr>153</ns3:hr>
            <ns3:cad>47</ns3:cad>
          </ns3:TrackPointExtension>
        </extensions>
      </trkpt>
      <trkpt lat="24.49640647508203983306884765625" lon="117.962500043213367462158203125">
        <ele>134.1999969482421875</ele>
        <time>2026-09-19T07:37:47.000Z</time>
        <extensions>
          <ns3:TrackPointExtension>
            <ns3:hr>152</ns3:hr>
            <ns3:cad>47</ns3:cad>
          </ns3:TrackPointExtension>
        </extensions>
      </trkpt>
      <trkpt lat="24.49641401879489421844482421875" lon="117.962489314377307891845703125">
        <ele>134.1999969482421875</ele>
        <time>2026-09-19T07:37:48.000Z</time>
        <extensions>
          <ns3:TrackPointExtension>
            <ns3:hr>152</ns3:hr>
            <ns3:cad>46</ns3:cad>
          </ns3:TrackPointExtension>
        </extensions>
      </trkpt>
      <trkpt lat="24.49642156250774860382080078125" lon="117.96248034574091434478759765625">
        <ele>134.1999969482421875</ele>
        <time>2026-09-19T07:37:49.000Z</time>
        <extensions>
          <ns3:TrackPointExtension>
            <ns3:hr>152</ns3:hr>
            <ns3:cad>46</ns3:cad>
          </ns3:TrackPointExtension>
        </extensions>
      </trkpt>
      <trkpt lat="24.49642692692577838897705078125" lon="117.96247280202805995941162109375">
        <ele>134.1999969482421875</ele>
        <time>2026-09-19T07:37:50.000Z</time>
        <extensions>
          <ns3:TrackPointExtension>
            <ns3:hr>151</ns3:hr>
            <ns3:cad>46</ns3:cad>
          </ns3:TrackPointExtension>
        </extensions>
      </trkpt>
      <trkpt lat="24.49642919003963470458984375" lon="117.96246576122939586639404296875">
        <ele>134.1999969482421875</ele>
        <time>2026-09-19T07:37:51.000Z</time>
        <extensions>
          <ns3:TrackPointExtension>
            <ns3:hr>146</ns3:hr>
            <ns3:cad>46</ns3:cad>
          </ns3:TrackPointExtension>
        </extensions>
      </trkpt>
      <trkpt lat="24.49643128551542758941650390625" lon="117.96245872043073177337646484375">
        <ele>134.1999969482421875</ele>
        <time>2026-09-19T07:37:52.000Z</time>
        <extensions>
          <ns3:TrackPointExtension>
            <ns3:hr>134</ns3:hr>
            <ns3:cad>44</ns3:cad>
          </ns3:TrackPointExtension>
        </extensions>
      </trkpt>
      <trkpt lat="24.49643514119088649749755859375" lon="117.9624532721936702728271484375">
        <ele>134.1999969482421875</ele>
        <time>2026-09-19T07:37:53.000Z</time>
        <extensions>
          <ns3:TrackPointExtension>
            <ns3:hr>120</ns3:hr>
            <ns3:cad>44</ns3:cad>
          </ns3:TrackPointExtension>
        </extensions>
      </trkpt>
      <trkpt lat="24.49643832631409168243408203125" lon="117.96244178898632526397705078125">
        <ele>134.399993896484375</ele>
        <time>2026-09-19T07:37:54.000Z</time>
        <extensions>
          <ns3:TrackPointExtension>
            <ns3:hr>119</ns3:hr>
            <ns3:cad>44</ns3:cad>
          </ns3:TrackPointExtension>
        </extensions>
      </trkpt>
      <trkpt lat="24.49644050560891628265380859375" lon="117.96243173070251941680908203125">
        <ele>134.399993896484375</ele>
        <time>2026-09-19T07:37:55.000Z</time>
        <extensions>
          <ns3:TrackPointExtension>
            <ns3:hr>119</ns3:hr>
            <ns3:cad>45</ns3:cad>
          </ns3:TrackPointExtension>
        </extensions>
      </trkpt>
      <trkpt lat="24.49644167907536029815673828125" lon="117.9624244384467601776123046875">
        <ele>134.399993896484375</ele>
        <time>2026-09-19T07:37:56.000Z</time>
        <extensions>
          <ns3:TrackPointExtension>
            <ns3:hr>119</ns3:hr>
            <ns3:cad>45</ns3:cad>
          </ns3:TrackPointExtension>
        </extensions>
      </trkpt>
      <trkpt lat="24.49644503183662891387939453125" lon="117.9624180682003498077392578125">
        <ele>134.600006103515625</ele>
        <time>2026-09-19T07:37:57.000Z</time>
        <extensions>
          <ns3:TrackPointExtension>
            <ns3:hr>119</ns3:hr>
            <ns3:cad>50</ns3:cad>
          </ns3:TrackPointExtension>
        </extensions>
      </trkpt>
      <trkpt lat="24.49644620530307292938232421875" lon="117.96240440569818019866943359375">
        <ele>134.600006103515625</ele>
        <time>2026-09-19T07:37:58.000Z</time>
        <extensions>
          <ns3:TrackPointExtension>
            <ns3:hr>119</ns3:hr>
            <ns3:cad>51</ns3:cad>
          </ns3:TrackPointExtension>
        </extensions>
      </trkpt>
      <trkpt lat="24.4964494742453098297119140625" lon="117.96238697133958339691162109375">
        <ele>134.8000030517578125</ele>
        <time>2026-09-19T07:37:59.000Z</time>
        <extensions>
          <ns3:TrackPointExtension>
            <ns3:hr>119</ns3:hr>
            <ns3:cad>51</ns3:cad>
          </ns3:TrackPointExtension>
        </extensions>
      </trkpt>
      <trkpt lat="24.4964508153498172760009765625" lon="117.962374649941921234130859375">
        <ele>135</ele>
        <time>2026-09-19T07:38:00.000Z</time>
        <extensions>
          <ns3:TrackPointExtension>
            <ns3:hr>120</ns3:hr>
            <ns3:cad>51</ns3:cad>
          </ns3:TrackPointExtension>
        </extensions>
      </trkpt>
      <trkpt lat="24.496454335749149322509765625" lon="117.9623661004006862640380859375">
        <ele>135</ele>
        <time>2026-09-19T07:38:01.000Z</time>
        <extensions>
          <ns3:TrackPointExtension>
            <ns3:hr>120</ns3:hr>
            <ns3:cad>48</ns3:cad>
          </ns3:TrackPointExtension>
        </extensions>
      </trkpt>
      <trkpt lat="24.496460370719432830810546875" lon="117.9623597301542758941650390625">
        <ele>135</ele>
        <time>2026-09-19T07:38:02.000Z</time>
        <extensions>
          <ns3:TrackPointExtension>
            <ns3:hr>120</ns3:hr>
            <ns3:cad>48</ns3:cad>
          </ns3:TrackPointExtension>
        </extensions>
      </trkpt>
      <trkpt lat="24.49647151865065097808837890625" lon="117.96234774403274059295654296875">
        <ele>135.1999969482421875</ele>
        <time>2026-09-19T07:38:03.000Z</time>
        <extensions>
          <ns3:TrackPointExtension>
            <ns3:hr>120</ns3:hr>
            <ns3:cad>47</ns3:cad>
          </ns3:TrackPointExtension>
        </extensions>
      </trkpt>
      <trkpt lat="24.49648006819188594818115234375" lon="117.96233676373958587646484375">
        <ele>135.1999969482421875</ele>
        <time>2026-09-19T07:38:04.000Z</time>
        <extensions>
          <ns3:TrackPointExtension>
            <ns3:hr>120</ns3:hr>
            <ns3:cad>47</ns3:cad>
          </ns3:TrackPointExtension>
        </extensions>
      </trkpt>
      <trkpt lat="24.496488533914089202880859375" lon="117.96232813037931919097900390625">
        <ele>135.399993896484375</ele>
        <time>2026-09-19T07:38:05.000Z</time>
        <extensions>
          <ns3:TrackPointExtension>
            <ns3:hr>121</ns3:hr>
            <ns3:cad>47</ns3:cad>
          </ns3:TrackPointExtension>
        </extensions>
      </trkpt>
      <trkpt lat="24.49649800546467304229736328125" lon="117.96232276596128940582275390625">
        <ele>135.600006103515625</ele>
        <time>2026-09-19T07:38:06.000Z</time>
        <extensions>
          <ns3:TrackPointExtension>
            <ns3:hr>122</ns3:hr>
            <ns3:cad>48</ns3:cad>
          </ns3:TrackPointExtension>
        </extensions>
      </trkpt>
      <trkpt lat="24.49650655500590801239013671875" lon="117.96231823973357677459716796875">
        <ele>135.8000030517578125</ele>
        <time>2026-09-19T07:38:07.000Z</time>
        <extensions>
          <ns3:TrackPointExtension>
            <ns3:hr>122</ns3:hr>
            <ns3:cad>48</ns3:cad>
          </ns3:TrackPointExtension>
        </extensions>
      </trkpt>
      <trkpt lat="24.49651577509939670562744140625" lon="117.96231438405811786651611328125">
        <ele>136</ele>
        <time>2026-09-19T07:38:08.000Z</time>
        <extensions>
          <ns3:TrackPointExtension>
            <ns3:hr>122</ns3:hr>
            <ns3:cad>48</ns3:cad>
          </ns3:TrackPointExtension>
        </extensions>
      </trkpt>
      <trkpt lat="24.4965225644409656524658203125" lon="117.9623070918023586273193359375">
        <ele>136</ele>
        <time>2026-09-19T07:38:09.000Z</time>
        <extensions>
          <ns3:TrackPointExtension>
            <ns3:hr>122</ns3:hr>
            <ns3:cad>48</ns3:cad>
          </ns3:TrackPointExtension>
        </extensions>
      </trkpt>
      <trkpt lat="24.49652784503996372222900390625" lon="117.9623047448694705963134765625">
        <ele>136</ele>
        <time>2026-09-19T07:38:10.000Z</time>
        <extensions>
          <ns3:TrackPointExtension>
            <ns3:hr>122</ns3:hr>
            <ns3:cad>47</ns3:cad>
          </ns3:TrackPointExtension>
        </extensions>
      </trkpt>
      <trkpt lat="24.496531784534454345703125" lon="117.9623010568320751190185546875">
        <ele>136</ele>
        <time>2026-09-19T07:38:11.000Z</time>
        <extensions>
          <ns3:TrackPointExtension>
            <ns3:hr>122</ns3:hr>
            <ns3:cad>46</ns3:cad>
          </ns3:TrackPointExtension>
        </extensions>
      </trkpt>
      <trkpt lat="24.49653656221926212310791015625" lon="117.96229996718466281890869140625">
        <ele>136</ele>
        <time>2026-09-19T07:38:12.000Z</time>
        <extensions>
          <ns3:TrackPointExtension>
            <ns3:hr>122</ns3:hr>
            <ns3:cad>46</ns3:cad>
          </ns3:TrackPointExtension>
        </extensions>
      </trkpt>
      <trkpt lat="24.49654846452176570892333984375" lon="117.9622950218617916107177734375">
        <ele>136</ele>
        <time>2026-09-19T07:38:13.000Z</time>
        <extensions>
          <ns3:TrackPointExtension>
            <ns3:hr>122</ns3:hr>
            <ns3:cad>46</ns3:cad>
          </ns3:TrackPointExtension>
        </extensions>
      </trkpt>
      <trkpt lat="24.49656003154814243316650390625" lon="117.96228982508182525634765625">
        <ele>136.1999969482421875</ele>
        <time>2026-09-19T07:38:14.000Z</time>
        <extensions>
          <ns3:TrackPointExtension>
            <ns3:hr>122</ns3:hr>
            <ns3:cad>47</ns3:cad>
          </ns3:TrackPointExtension>
        </extensions>
      </trkpt>
      <trkpt lat="24.496564976871013641357421875" lon="117.962286137044429779052734375">
        <ele>136.1999969482421875</ele>
        <time>2026-09-19T07:38:15.000Z</time>
        <extensions>
          <ns3:TrackPointExtension>
            <ns3:hr>122</ns3:hr>
            <ns3:cad>47</ns3:cad>
          </ns3:TrackPointExtension>
        </extensions>
      </trkpt>
      <trkpt lat="24.49657293967902660369873046875" lon="117.96228186227381229400634765625">
        <ele>136.399993896484375</ele>
        <time>2026-09-19T07:38:16.000Z</time>
        <extensions>
          <ns3:TrackPointExtension>
            <ns3:hr>122</ns3:hr>
            <ns3:cad>47</ns3:cad>
          </ns3:TrackPointExtension>
        </extensions>
      </trkpt>
      <trkpt lat="24.496575035154819488525390625" lon="117.9622816108167171478271484375">
        <ele>136.600006103515625</ele>
        <time>2026-09-19T07:38:17.000Z</time>
        <extensions>
          <ns3:TrackPointExtension>
            <ns3:hr>122</ns3:hr>
            <ns3:cad>47</ns3:cad>
          </ns3:TrackPointExtension>
        </extensions>
      </trkpt>
      <trkpt lat="24.49657914228737354278564453125" lon="117.96227431856095790863037109375">
        <ele>136.600006103515625</ele>
        <time>2026-09-19T07:38:18.000Z</time>
        <extensions>
          <ns3:TrackPointExtension>
            <ns3:hr>122</ns3:hr>
            <ns3:cad>48</ns3:cad>
          </ns3:TrackPointExtension>
        </extensions>
      </trkpt>
      <trkpt lat="24.496584422886371612548828125" lon="117.96226392500102519989013671875">
        <ele>136.600006103515625</ele>
        <time>2026-09-19T07:38:19.000Z</time>
        <extensions>
          <ns3:TrackPointExtension>
            <ns3:hr>122</ns3:hr>
            <ns3:cad>48</ns3:cad>
          </ns3:TrackPointExtension>
        </extensions>
      </trkpt>
      <trkpt lat="24.49659414589405059814453125" lon="117.96224716119468212127685546875">
        <ele>136.600006103515625</ele>
        <time>2026-09-19T07:38:20.000Z</time>
        <extensions>
          <ns3:TrackPointExtension>
            <ns3:hr>122</ns3:hr>
            <ns3:cad>48</ns3:cad>
          </ns3:TrackPointExtension>
        </extensions>
      </trkpt>
      <trkpt lat="24.496601186692714691162109375" lon="117.9622353427112102508544921875">
        <ele>136.8000030517578125</ele>
        <time>2026-09-19T07:38:21.000Z</time>
        <extensions>
          <ns3:TrackPointExtension>
            <ns3:hr>122</ns3:hr>
            <ns3:cad>48</ns3:cad>
          </ns3:TrackPointExtension>
        </extensions>
      </trkpt>
      <trkpt lat="24.49660864658653736114501953125" lon="117.9622286371886730194091796875">
        <ele>136.8000030517578125</ele>
        <time>2026-09-19T07:38:22.000Z</time>
        <extensions>
          <ns3:TrackPointExtension>
            <ns3:hr>122</ns3:hr>
            <ns3:cad>50</ns3:cad>
          </ns3:TrackPointExtension>
        </extensions>
      </trkpt>
      <trkpt lat="24.49661468155682086944580078125" lon="117.96222235076129436492919921875">
        <ele>136.8000030517578125</ele>
        <time>2026-09-19T07:38:23.000Z</time>
        <extensions>
          <ns3:TrackPointExtension>
            <ns3:hr>122</ns3:hr>
            <ns3:cad>50</ns3:cad>
          </ns3:TrackPointExtension>
        </extensions>
      </trkpt>
      <trkpt lat="24.49661853723227977752685546875" lon="117.9622125439345836639404296875">
        <ele>137</ele>
        <time>2026-09-19T07:38:24.000Z</time>
        <extensions>
          <ns3:TrackPointExtension>
            <ns3:hr>122</ns3:hr>
            <ns3:cad>50</ns3:cad>
          </ns3:TrackPointExtension>
        </extensions>
      </trkpt>
      <trkpt lat="24.49662406928837299346923828125" lon="117.96219854615628719329833984375">
        <ele>137</ele>
        <time>2026-09-19T07:38:25.000Z</time>
        <extensions>
          <ns3:TrackPointExtension>
            <ns3:hr>122</ns3:hr>
            <ns3:cad>50</ns3:cad>
          </ns3:TrackPointExtension>
        </extensions>
      </trkpt>
      <trkpt lat="24.49663102626800537109375" lon="117.96218194998800754547119140625">
        <ele>137.1999969482421875</ele>
        <time>2026-09-19T07:38:26.000Z</time>
        <extensions>
          <ns3:TrackPointExtension>
            <ns3:hr>122</ns3:hr>
            <ns3:cad>50</ns3:cad>
          </ns3:TrackPointExtension>
        </extensions>
      </trkpt>
      <trkpt lat="24.49663077481091022491455078125" lon="117.96216669492423534393310546875">
        <ele>137.1999969482421875</ele>
        <time>2026-09-19T07:38:27.000Z</time>
        <extensions>
          <ns3:TrackPointExtension>
            <ns3:hr>121</ns3:hr>
            <ns3:cad>49</ns3:cad>
          </ns3:TrackPointExtension>
        </extensions>
      </trkpt>
      <trkpt lat="24.49663303792476654052734375" lon="117.96215512789785861968994140625">
        <ele>137.399993896484375</ele>
        <time>2026-09-19T07:38:28.000Z</time>
        <extensions>
          <ns3:TrackPointExtension>
            <ns3:hr>121</ns3:hr>
            <ns3:cad>49</ns3:cad>
          </ns3:TrackPointExtension>
        </extensions>
      </trkpt>
      <trkpt lat="24.496636055409908294677734375" lon="117.96214456669986248016357421875">
        <ele>137.399993896484375</ele>
        <time>2026-09-19T07:38:29.000Z</time>
        <extensions>
          <ns3:TrackPointExtension>
            <ns3:hr>120</ns3:hr>
            <ns3:cad>49</ns3:cad>
          </ns3:TrackPointExtension>
        </extensions>
      </trkpt>
      <trkpt lat="24.49663781560957431793212890625" lon="117.96213316731154918670654296875">
        <ele>137.600006103515625</ele>
        <time>2026-09-19T07:38:30.000Z</time>
        <extensions>
          <ns3:TrackPointExtension>
            <ns3:hr>120</ns3:hr>
            <ns3:cad>49</ns3:cad>
          </ns3:TrackPointExtension>
        </extensions>
      </trkpt>
      <trkpt lat="24.4966377317905426025390625" lon="117.96211657114326953887939453125">
        <ele>137.600006103515625</ele>
        <time>2026-09-19T07:38:31.000Z</time>
        <extensions>
          <ns3:TrackPointExtension>
            <ns3:hr>120</ns3:hr>
            <ns3:cad>49</ns3:cad>
          </ns3:TrackPointExtension>
        </extensions>
      </trkpt>
      <trkpt lat="24.49663479812443256378173828125" lon="117.9621015675365924835205078125">
        <ele>137.8000030517578125</ele>
        <time>2026-09-19T07:38:32.000Z</time>
        <extensions>
          <ns3:TrackPointExtension>
            <ns3:hr>120</ns3:hr>
            <ns3:cad>49</ns3:cad>
          </ns3:TrackPointExtension>
        </extensions>
      </trkpt>
      <trkpt lat="24.49662909843027591705322265625" lon="117.96208689920604228973388671875">
        <ele>137.8000030517578125</ele>
        <time>2026-09-19T07:38:33.000Z</time>
        <extensions>
          <ns3:TrackPointExtension>
            <ns3:hr>120</ns3:hr>
            <ns3:cad>49</ns3:cad>
          </ns3:TrackPointExtension>
        </extensions>
      </trkpt>
      <trkpt lat="24.49662272818386554718017578125" lon="117.962080277502536773681640625">
        <ele>137.8000030517578125</ele>
        <time>2026-09-19T07:38:34.000Z</time>
        <extensions>
          <ns3:TrackPointExtension>
            <ns3:hr>119</ns3:hr>
            <ns3:cad>49</ns3:cad>
          </ns3:TrackPointExtension>
        </extensions>
      </trkpt>
      <trkpt lat="24.49661585502326488494873046875" lon="117.9620754159986972808837890625">
        <ele>138</ele>
        <time>2026-09-19T07:38:35.000Z</time>
        <extensions>
          <ns3:TrackPointExtension>
            <ns3:hr>120</ns3:hr>
            <ns3:cad>49</ns3:cad>
          </ns3:TrackPointExtension>
        </extensions>
      </trkpt>
      <trkpt lat="24.49660780839622020721435546875" lon="117.96206627972424030303955078125">
        <ele>138.1999969482421875</ele>
        <time>2026-09-19T07:38:36.000Z</time>
        <extensions>
          <ns3:TrackPointExtension>
            <ns3:hr>120</ns3:hr>
            <ns3:cad>49</ns3:cad>
          </ns3:TrackPointExtension>
        </extensions>
      </trkpt>
      <trkpt lat="24.496599845588207244873046875" lon="117.96205504797399044036865234375">
        <ele>138.1999969482421875</ele>
        <time>2026-09-19T07:38:37.000Z</time>
        <extensions>
          <ns3:TrackPointExtension>
            <ns3:hr>119</ns3:hr>
            <ns3:cad>52</ns3:cad>
          </ns3:TrackPointExtension>
        </extensions>
      </trkpt>
      <trkpt lat="24.49659205041825771331787109375" lon="117.96204364858567714691162109375">
        <ele>138.399993896484375</ele>
        <time>2026-09-19T07:38:38.000Z</time>
        <extensions>
          <ns3:TrackPointExtension>
            <ns3:hr>119</ns3:hr>
            <ns3:cad>52</ns3:cad>
          </ns3:TrackPointExtension>
        </extensions>
      </trkpt>
      <trkpt lat="24.4965829141438007354736328125" lon="117.9620321653783321380615234375">
        <ele>138.399993896484375</ele>
        <time>2026-09-19T07:38:39.000Z</time>
        <extensions>
          <ns3:TrackPointExtension>
            <ns3:hr>119</ns3:hr>
            <ns3:cad>52</ns3:cad>
          </ns3:TrackPointExtension>
        </extensions>
      </trkpt>
      <trkpt lat="24.49657461605966091156005859375" lon="117.96202562749385833740234375">
        <ele>138.399993896484375</ele>
        <time>2026-09-19T07:38:40.000Z</time>
        <extensions>
          <ns3:TrackPointExtension>
            <ns3:hr>119</ns3:hr>
            <ns3:cad>52</ns3:cad>
          </ns3:TrackPointExtension>
        </extensions>
      </trkpt>
      <trkpt lat="24.496568329632282257080078125" lon="117.9620190896093845367431640625">
        <ele>138.600006103515625</ele>
        <time>2026-09-19T07:38:41.000Z</time>
        <extensions>
          <ns3:TrackPointExtension>
            <ns3:hr>118</ns3:hr>
            <ns3:cad>52</ns3:cad>
          </ns3:TrackPointExtension>
        </extensions>
      </trkpt>
      <trkpt lat="24.49656137265264987945556640625" lon="117.962009869515895843505859375">
        <ele>138.600006103515625</ele>
        <time>2026-09-19T07:38:42.000Z</time>
        <extensions>
          <ns3:TrackPointExtension>
            <ns3:hr>118</ns3:hr>
            <ns3:cad>48</ns3:cad>
          </ns3:TrackPointExtension>
        </extensions>
      </trkpt>
      <trkpt lat="24.4965524040162563323974609375" lon="117.96199478209018707275390625">
        <ele>138.600006103515625</ele>
        <time>2026-09-19T07:38:43.000Z</time>
        <extensions>
          <ns3:TrackPointExtension>
            <ns3:hr>118</ns3:hr>
            <ns3:cad>48</ns3:cad>
          </ns3:TrackPointExtension>
        </extensions>
      </trkpt>
      <trkpt lat="24.4965460337698459625244140625" lon="117.96197910793125629425048828125">
        <ele>138.600006103515625</ele>
        <time>2026-09-19T07:38:44.000Z</time>
        <extensions>
          <ns3:TrackPointExtension>
            <ns3:hr>118</ns3:hr>
            <ns3:cad>48</ns3:cad>
          </ns3:TrackPointExtension>
        </extensions>
      </trkpt>
      <trkpt lat="24.496543519198894500732421875" lon="117.961964942514896392822265625">
        <ele>138.8000030517578125</ele>
        <time>2026-09-19T07:38:45.000Z</time>
        <extensions>
          <ns3:TrackPointExtension>
            <ns3:hr>119</ns3:hr>
            <ns3:cad>50</ns3:cad>
          </ns3:TrackPointExtension>
        </extensions>
      </trkpt>
      <trkpt lat="24.49653916060924530029296875" lon="117.96195630915462970733642578125">
        <ele>138.8000030517578125</ele>
        <time>2026-09-19T07:38:46.000Z</time>
        <extensions>
          <ns3:TrackPointExtension>
            <ns3:hr>118</ns3:hr>
            <ns3:cad>50</ns3:cad>
          </ns3:TrackPointExtension>
        </extensions>
      </trkpt>
      <trkpt lat="24.496536143124103546142578125" lon="117.961949519813060760498046875">
        <ele>139</ele>
        <time>2026-09-19T07:38:47.000Z</time>
        <extensions>
          <ns3:TrackPointExtension>
            <ns3:hr>118</ns3:hr>
            <ns3:cad>50</ns3:cad>
          </ns3:TrackPointExtension>
        </extensions>
      </trkpt>
      <trkpt lat="24.49653538875281810760498046875" lon="117.961942814290523529052734375">
        <ele>139</ele>
        <time>2026-09-19T07:38:48.000Z</time>
        <extensions>
          <ns3:TrackPointExtension>
            <ns3:hr>119</ns3:hr>
            <ns3:cad>50</ns3:cad>
          </ns3:TrackPointExtension>
        </extensions>
      </trkpt>
      <trkpt lat="24.49653304181993007659912109375" lon="117.961928062140941619873046875">
        <ele>139</ele>
        <time>2026-09-19T07:38:49.000Z</time>
        <extensions>
          <ns3:TrackPointExtension>
            <ns3:hr>118</ns3:hr>
            <ns3:cad>50</ns3:cad>
          </ns3:TrackPointExtension>
        </extensions>
      </trkpt>
      <trkpt lat="24.49653086252510547637939453125" lon="117.9619149863719940185546875">
        <ele>139.1999969482421875</ele>
        <time>2026-09-19T07:38:50.000Z</time>
        <extensions>
          <ns3:TrackPointExtension>
            <ns3:hr>117</ns3:hr>
            <ns3:cad>50</ns3:cad>
          </ns3:TrackPointExtension>
        </extensions>
      </trkpt>
      <trkpt lat="24.49652801267802715301513671875" lon="117.96189864166080951690673828125">
        <ele>139.1999969482421875</ele>
        <time>2026-09-19T07:38:51.000Z</time>
        <extensions>
          <ns3:TrackPointExtension>
            <ns3:hr>117</ns3:hr>
            <ns3:cad>50</ns3:cad>
          </ns3:TrackPointExtension>
        </extensions>
      </trkpt>
      <trkpt lat="24.49652843177318572998046875" lon="117.96188556589186191558837890625">
        <ele>139.399993896484375</ele>
        <time>2026-09-19T07:38:52.000Z</time>
        <extensions>
          <ns3:TrackPointExtension>
            <ns3:hr>116</ns3:hr>
            <ns3:cad>50</ns3:cad>
          </ns3:TrackPointExtension>
        </extensions>
      </trkpt>
      <trkpt lat="24.496532119810581207275390625" lon="117.961881123483180999755859375">
        <ele>139.600006103515625</ele>
        <time>2026-09-19T07:38:53.000Z</time>
        <extensions>
          <ns3:TrackPointExtension>
            <ns3:hr>116</ns3:hr>
            <ns3:cad>50</ns3:cad>
          </ns3:TrackPointExtension>
        </extensions>
      </trkpt>
      <trkpt lat="24.49653622694313526153564453125" lon="117.96186394058167934417724609375">
        <ele>139.600006103515625</ele>
        <time>2026-09-19T07:38:54.000Z</time>
        <extensions>
          <ns3:TrackPointExtension>
            <ns3:hr>116</ns3:hr>
            <ns3:cad>50</ns3:cad>
          </ns3:TrackPointExtension>
        </extensions>
      </trkpt>
      <trkpt lat="24.49653513729572296142578125" lon="117.96185505576431751251220703125">
        <ele>139.8000030517578125</ele>
        <time>2026-09-19T07:38:55.000Z</time>
        <extensions>
          <ns3:TrackPointExtension>
            <ns3:hr>116</ns3:hr>
            <ns3:cad>50</ns3:cad>
          </ns3:TrackPointExtension>
        </extensions>
      </trkpt>
      <trkpt lat="24.49653555639088153839111328125" lon="117.96183778904378414154052734375">
        <ele>140</ele>
        <time>2026-09-19T07:38:56.000Z</time>
        <extensions>
          <ns3:TrackPointExtension>
            <ns3:hr>116</ns3:hr>
            <ns3:cad>50</ns3:cad>
          </ns3:TrackPointExtension>
        </extensions>
      </trkpt>
      <trkpt lat="24.4965353049337863922119140625" lon="117.96182672493159770965576171875">
        <ele>140</ele>
        <time>2026-09-19T07:38:57.000Z</time>
        <extensions>
          <ns3:TrackPointExtension>
            <ns3:hr>116</ns3:hr>
            <ns3:cad>50</ns3:cad>
          </ns3:TrackPointExtension>
        </extensions>
      </trkpt>
      <trkpt lat="24.4965346343815326690673828125" lon="117.9618165828287601470947265625">
        <ele>140.1999969482421875</ele>
        <time>2026-09-19T07:38:58.000Z</time>
        <extensions>
          <ns3:TrackPointExtension>
            <ns3:hr>116</ns3:hr>
            <ns3:cad>48</ns3:cad>
          </ns3:TrackPointExtension>
        </extensions>
      </trkpt>
      <trkpt lat="24.496532790362834930419921875" lon="117.96180577017366886138916015625">
        <ele>140.1999969482421875</ele>
        <time>2026-09-19T07:38:59.000Z</time>
        <extensions>
          <ns3:TrackPointExtension>
            <ns3:hr>116</ns3:hr>
            <ns3:cad>48</ns3:cad>
          </ns3:TrackPointExtension>
        </extensions>
      </trkpt>
      <trkpt lat="24.49653471820056438446044921875" lon="117.96179420314729213714599609375">
        <ele>140.1999969482421875</ele>
        <time>2026-09-19T07:39:00.000Z</time>
        <extensions>
          <ns3:TrackPointExtension>
            <ns3:hr>116</ns3:hr>
            <ns3:cad>51</ns3:cad>
          </ns3:TrackPointExtension>
        </extensions>
      </trkpt>
      <trkpt lat="24.49654192663729190826416015625" lon="117.9617760144174098968505859375">
        <ele>140.399993896484375</ele>
        <time>2026-09-19T07:39:01.000Z</time>
        <extensions>
          <ns3:TrackPointExtension>
            <ns3:hr>115</ns3:hr>
            <ns3:cad>51</ns3:cad>
          </ns3:TrackPointExtension>
        </extensions>
      </trkpt>
      <trkpt lat="24.496544860303401947021484375" lon="117.96175581403076648712158203125">
        <ele>140.399993896484375</ele>
        <time>2026-09-19T07:39:02.000Z</time>
        <extensions>
          <ns3:TrackPointExtension>
            <ns3:hr>116</ns3:hr>
            <ns3:cad>50</ns3:cad>
          </ns3:TrackPointExtension>
        </extensions>
      </trkpt>
      <trkpt lat="24.496549554169178009033203125" lon="117.96174206770956516265869140625">
        <ele>140.600006103515625</ele>
        <time>2026-09-19T07:39:03.000Z</time>
        <extensions>
          <ns3:TrackPointExtension>
            <ns3:hr>116</ns3:hr>
            <ns3:cad>49</ns3:cad>
          </ns3:TrackPointExtension>
        </extensions>
      </trkpt>
      <trkpt lat="24.49655550532042980194091796875" lon="117.961732931435108184814453125">
        <ele>140.8000030517578125</ele>
        <time>2026-09-19T07:39:04.000Z</time>
        <extensions>
          <ns3:TrackPointExtension>
            <ns3:hr>116</ns3:hr>
            <ns3:cad>49</ns3:cad>
          </ns3:TrackPointExtension>
        </extensions>
      </trkpt>
      <trkpt lat="24.4965594448149204254150390625" lon="117.961725890636444091796875">
        <ele>140.8000030517578125</ele>
        <time>2026-09-19T07:39:05.000Z</time>
        <extensions>
          <ns3:TrackPointExtension>
            <ns3:hr>115</ns3:hr>
            <ns3:cad>49</ns3:cad>
          </ns3:TrackPointExtension>
        </extensions>
      </trkpt>
      <trkpt lat="24.49656472541391849517822265625" lon="117.96172245405614376068115234375">
        <ele>140.8000030517578125</ele>
        <time>2026-09-19T07:39:06.000Z</time>
        <extensions>
          <ns3:TrackPointExtension>
            <ns3:hr>116</ns3:hr>
            <ns3:cad>49</ns3:cad>
          </ns3:TrackPointExtension>
        </extensions>
      </trkpt>
      <trkpt lat="24.49657159857451915740966796875" lon="117.96171021647751331329345703125">
        <ele>141</ele>
        <time>2026-09-19T07:39:07.000Z</time>
        <extensions>
          <ns3:TrackPointExtension>
            <ns3:hr>117</ns3:hr>
            <ns3:cad>50</ns3:cad>
          </ns3:TrackPointExtension>
        </extensions>
      </trkpt>
      <trkpt lat="24.49658081866800785064697265625" lon="117.9616921953856945037841796875">
        <ele>141.1999969482421875</ele>
        <time>2026-09-19T07:39:08.000Z</time>
        <extensions>
          <ns3:TrackPointExtension>
            <ns3:hr>117</ns3:hr>
            <ns3:cad>51</ns3:cad>
          </ns3:TrackPointExtension>
        </extensions>
      </trkpt>
      <trkpt lat="24.496588446199893951416015625" lon="117.9616794548928737640380859375">
        <ele>141.399993896484375</ele>
        <time>2026-09-19T07:39:09.000Z</time>
        <extensions>
          <ns3:TrackPointExtension>
            <ns3:hr>117</ns3:hr>
            <ns3:cad>51</ns3:cad>
          </ns3:TrackPointExtension>
        </extensions>
      </trkpt>
      <trkpt lat="24.49659473262727260589599609375" lon="117.96166746877133846282958984375">
        <ele>141.600006103515625</ele>
        <time>2026-09-19T07:39:10.000Z</time>
        <extensions>
          <ns3:TrackPointExtension>
            <ns3:hr>117</ns3:hr>
            <ns3:cad>50</ns3:cad>
          </ns3:TrackPointExtension>
        </extensions>
      </trkpt>
      <trkpt lat="24.4966000132262706756591796875" lon="117.96166093088686466217041015625">
        <ele>141.8000030517578125</ele>
        <time>2026-09-19T07:39:11.000Z</time>
        <extensions>
          <ns3:TrackPointExtension>
            <ns3:hr>118</ns3:hr>
            <ns3:cad>50</ns3:cad>
          </ns3:TrackPointExtension>
        </extensions>
      </trkpt>
      <trkpt lat="24.4966057129204273223876953125" lon="117.9616553150117397308349609375">
        <ele>141.8000030517578125</ele>
        <time>2026-09-19T07:39:12.000Z</time>
        <extensions>
          <ns3:TrackPointExtension>
            <ns3:hr>118</ns3:hr>
            <ns3:cad>50</ns3:cad>
          </ns3:TrackPointExtension>
        </extensions>
      </trkpt>
      <trkpt lat="24.49661158025264739990234375" lon="117.9616472683846950531005859375">
        <ele>142</ele>
        <time>2026-09-19T07:39:13.000Z</time>
        <extensions>
          <ns3:TrackPointExtension>
            <ns3:hr>118</ns3:hr>
            <ns3:cad>50</ns3:cad>
          </ns3:TrackPointExtension>
        </extensions>
      </trkpt>
      <trkpt lat="24.4966204650700092315673828125" lon="117.9616311751306056976318359375">
        <ele>142.1999969482421875</ele>
        <time>2026-09-19T07:39:14.000Z</time>
        <extensions>
          <ns3:TrackPointExtension>
            <ns3:hr>118</ns3:hr>
            <ns3:cad>51</ns3:cad>
          </ns3:TrackPointExtension>
        </extensions>
      </trkpt>
      <trkpt lat="24.49662893079221248626708984375" lon="117.96161784790456295013427734375">
        <ele>142.1999969482421875</ele>
        <time>2026-09-19T07:39:15.000Z</time>
        <extensions>
          <ns3:TrackPointExtension>
            <ns3:hr>118</ns3:hr>
            <ns3:cad>51</ns3:cad>
          </ns3:TrackPointExtension>
        </extensions>
      </trkpt>
      <trkpt lat="24.4966422580182552337646484375" lon="117.9616010002791881561279296875">
        <ele>142.399993896484375</ele>
        <time>2026-09-19T07:39:16.000Z</time>
        <extensions>
          <ns3:TrackPointExtension>
            <ns3:hr>118</ns3:hr>
            <ns3:cad>49</ns3:cad>
          </ns3:TrackPointExtension>
        </extensions>
      </trkpt>
      <trkpt lat="24.49665038846433162689208984375" lon="117.96159069053828716278076171875">
        <ele>142.600006103515625</ele>
        <time>2026-09-19T07:39:17.000Z</time>
        <extensions>
          <ns3:TrackPointExtension>
            <ns3:hr>119</ns3:hr>
            <ns3:cad>49</ns3:cad>
          </ns3:TrackPointExtension>
        </extensions>
      </trkpt>
      <trkpt lat="24.496659524738788604736328125" lon="117.9615899361670017242431640625">
        <ele>142.8000030517578125</ele>
        <time>2026-09-19T07:39:18.000Z</time>
        <extensions>
          <ns3:TrackPointExtension>
            <ns3:hr>120</ns3:hr>
            <ns3:cad>49</ns3:cad>
          </ns3:TrackPointExtension>
        </extensions>
      </trkpt>
      <trkpt lat="24.49666924774646759033203125" lon="117.96158432029187679290771484375">
        <ele>142.8000030517578125</ele>
        <time>2026-09-19T07:39:19.000Z</time>
        <extensions>
          <ns3:TrackPointExtension>
            <ns3:hr>121</ns3:hr>
            <ns3:cad>49</ns3:cad>
          </ns3:TrackPointExtension>
        </extensions>
      </trkpt>
      <trkpt lat="24.49668190442025661468505859375" lon="117.9615684784948825836181640625">
        <ele>143</ele>
        <time>2026-09-19T07:39:20.000Z</time>
        <extensions>
          <ns3:TrackPointExtension>
            <ns3:hr>122</ns3:hr>
            <ns3:cad>50</ns3:cad>
          </ns3:TrackPointExtension>
        </extensions>
      </trkpt>
      <trkpt lat="24.496692717075347900390625" lon="117.96155246905982494354248046875">
        <ele>143.1999969482421875</ele>
        <time>2026-09-19T07:39:21.000Z</time>
        <extensions>
          <ns3:TrackPointExtension>
            <ns3:hr>122</ns3:hr>
            <ns3:cad>50</ns3:cad>
          </ns3:TrackPointExtension>
        </extensions>
      </trkpt>
      <trkpt lat="24.4966979138553142547607421875" lon="117.96154375188052654266357421875">
        <ele>143.600006103515625</ele>
        <time>2026-09-19T07:39:22.000Z</time>
        <extensions>
          <ns3:TrackPointExtension>
            <ns3:hr>123</ns3:hr>
            <ns3:cad>51</ns3:cad>
          </ns3:TrackPointExtension>
        </extensions>
      </trkpt>
      <trkpt lat="24.49670386500656604766845703125" lon="117.961534447968006134033203125">
        <ele>143.8000030517578125</ele>
        <time>2026-09-19T07:39:23.000Z</time>
        <extensions>
          <ns3:TrackPointExtension>
            <ns3:hr>123</ns3:hr>
            <ns3:cad>51</ns3:cad>
          </ns3:TrackPointExtension>
        </extensions>
      </trkpt>
      <trkpt lat="24.4967062957584857940673828125" lon="117.9615299217402935028076171875">
        <ele>144</ele>
        <time>2026-09-19T07:39:24.000Z</time>
        <extensions>
          <ns3:TrackPointExtension>
            <ns3:hr>123</ns3:hr>
            <ns3:cad>51</ns3:cad>
          </ns3:TrackPointExtension>
        </extensions>
      </trkpt>
      <trkpt lat="24.4967096485197544097900390625" lon="117.9615212045609951019287109375">
        <ele>144</ele>
        <time>2026-09-19T07:39:25.000Z</time>
        <extensions>
          <ns3:TrackPointExtension>
            <ns3:hr>123</ns3:hr>
            <ns3:cad>0</ns3:cad>
          </ns3:TrackPointExtension>
        </extensions>
      </trkpt>
      <trkpt lat="24.4967163540422916412353515625" lon="117.9615064524114131927490234375">
        <ele>144</ele>
        <time>2026-09-19T07:39:26.000Z</time>
        <extensions>
          <ns3:TrackPointExtension>
            <ns3:hr>123</ns3:hr>
            <ns3:cad>0</ns3:cad>
          </ns3:TrackPointExtension>
        </extensions>
      </trkpt>
      <trkpt lat="24.4967227242887020111083984375" lon="117.9614923708140850067138671875">
        <ele>144</ele>
        <time>2026-09-19T07:39:27.000Z</time>
        <extensions>
          <ns3:TrackPointExtension>
            <ns3:hr>124</ns3:hr>
            <ns3:cad>51</ns3:cad>
          </ns3:TrackPointExtension>
        </extensions>
      </trkpt>
      <trkpt lat="24.49672582559287548065185546875" lon="117.96148248016834259033203125">
        <ele>144</ele>
        <time>2026-09-19T07:39:28.000Z</time>
        <extensions>
          <ns3:TrackPointExtension>
            <ns3:hr>124</ns3:hr>
            <ns3:cad>51</ns3:cad>
          </ns3:TrackPointExtension>
        </extensions>
      </trkpt>
      <trkpt lat="24.49672783724963665008544921875" lon="117.96147267334163188934326171875">
        <ele>144</ele>
        <time>2026-09-19T07:39:29.000Z</time>
        <extensions>
          <ns3:TrackPointExtension>
            <ns3:hr>124</ns3:hr>
            <ns3:cad>51</ns3:cad>
          </ns3:TrackPointExtension>
        </extensions>
      </trkpt>
      <trkpt lat="24.4967287592589855194091796875" lon="117.96146370470523834228515625">
        <ele>144</ele>
        <time>2026-09-19T07:39:30.000Z</time>
        <extensions>
          <ns3:TrackPointExtension>
            <ns3:hr>124</ns3:hr>
            <ns3:cad>51</ns3:cad>
          </ns3:TrackPointExtension>
        </extensions>
      </trkpt>
      <trkpt lat="24.4967297650873661041259765625" lon="117.9614531435072422027587890625">
        <ele>144.1999969482421875</ele>
        <time>2026-09-19T07:39:31.000Z</time>
        <extensions>
          <ns3:TrackPointExtension>
            <ns3:hr>125</ns3:hr>
            <ns3:cad>50</ns3:cad>
          </ns3:TrackPointExtension>
        </extensions>
      </trkpt>
      <trkpt lat="24.4967331178486347198486328125" lon="117.9614350385963916778564453125">
        <ele>144.1999969482421875</ele>
        <time>2026-09-19T07:39:32.000Z</time>
        <extensions>
          <ns3:TrackPointExtension>
            <ns3:hr>125</ns3:hr>
            <ns3:cad>50</ns3:cad>
          </ns3:TrackPointExtension>
        </extensions>
      </trkpt>
      <trkpt lat="24.49673630297183990478515625" lon="117.96141785569489002227783203125">
        <ele>144.399993896484375</ele>
        <time>2026-09-19T07:39:33.000Z</time>
        <extensions>
          <ns3:TrackPointExtension>
            <ns3:hr>126</ns3:hr>
            <ns3:cad>52</ns3:cad>
          </ns3:TrackPointExtension>
        </extensions>
      </trkpt>
      <trkpt lat="24.49673756025731563568115234375" lon="117.96140343882143497467041015625">
        <ele>144.399993896484375</ele>
        <time>2026-09-19T07:39:34.000Z</time>
        <extensions>
          <ns3:TrackPointExtension>
            <ns3:hr>125</ns3:hr>
            <ns3:cad>52</ns3:cad>
          </ns3:TrackPointExtension>
        </extensions>
      </trkpt>
      <trkpt lat="24.49673823080956935882568359375" lon="117.96138918958604335784912109375">
        <ele>144.399993896484375</ele>
        <time>2026-09-19T07:39:35.000Z</time>
        <extensions>
          <ns3:TrackPointExtension>
            <ns3:hr>125</ns3:hr>
            <ns3:cad>51</ns3:cad>
          </ns3:TrackPointExtension>
        </extensions>
      </trkpt>
      <trkpt lat="24.49673764407634735107421875" lon="117.96137728728353977203369140625">
        <ele>144.399993896484375</ele>
        <time>2026-09-19T07:39:36.000Z</time>
        <extensions>
          <ns3:TrackPointExtension>
            <ns3:hr>125</ns3:hr>
            <ns3:cad>51</ns3:cad>
          </ns3:TrackPointExtension>
        </extensions>
      </trkpt>
      <trkpt lat="24.4967418350279331207275390625" lon="117.96136907301843166351318359375">
        <ele>144.399993896484375</ele>
        <time>2026-09-19T07:39:37.000Z</time>
        <extensions>
          <ns3:TrackPointExtension>
            <ns3:hr>126</ns3:hr>
            <ns3:cad>51</ns3:cad>
          </ns3:TrackPointExtension>
        </extensions>
      </trkpt>
      <trkpt lat="24.496742673218250274658203125" lon="117.961363457143306732177734375">
        <ele>144.600006103515625</ele>
        <time>2026-09-19T07:39:38.000Z</time>
        <extensions>
          <ns3:TrackPointExtension>
            <ns3:hr>126</ns3:hr>
            <ns3:cad>51</ns3:cad>
          </ns3:TrackPointExtension>
        </extensions>
      </trkpt>
      <trkpt lat="24.4967438466846942901611328125" lon="117.96135415323078632354736328125">
        <ele>144.600006103515625</ele>
        <time>2026-09-19T07:39:39.000Z</time>
        <extensions>
          <ns3:TrackPointExtension>
            <ns3:hr>125</ns3:hr>
            <ns3:cad>51</ns3:cad>
          </ns3:TrackPointExtension>
        </extensions>
      </trkpt>
      <trkpt lat="24.49674443341791629791259765625" lon="117.9613391496241092681884765625">
        <ele>144.8000030517578125</ele>
        <time>2026-09-19T07:39:40.000Z</time>
        <extensions>
          <ns3:TrackPointExtension>
            <ns3:hr>125</ns3:hr>
            <ns3:cad>51</ns3:cad>
          </ns3:TrackPointExtension>
        </extensions>
      </trkpt>
      <trkpt lat="24.4967418350279331207275390625" lon="117.96132163144648075103759765625">
        <ele>144.8000030517578125</ele>
        <time>2026-09-19T07:39:41.000Z</time>
        <extensions>
          <ns3:TrackPointExtension>
            <ns3:hr>125</ns3:hr>
            <ns3:cad>51</ns3:cad>
          </ns3:TrackPointExtension>
        </extensions>
      </trkpt>
      <trkpt lat="24.4967391528189182281494140625" lon="117.9613066278398036956787109375">
        <ele>144.8000030517578125</ele>
        <time>2026-09-19T07:39:42.000Z</time>
        <extensions>
          <ns3:TrackPointExtension>
            <ns3:hr>125</ns3:hr>
            <ns3:cad>51</ns3:cad>
          </ns3:TrackPointExtension>
        </extensions>
      </trkpt>
      <trkpt lat="24.49673764407634735107421875" lon="117.96129229478538036346435546875">
        <ele>145</ele>
        <time>2026-09-19T07:39:43.000Z</time>
        <extensions>
          <ns3:TrackPointExtension>
            <ns3:hr>125</ns3:hr>
            <ns3:cad>51</ns3:cad>
          </ns3:TrackPointExtension>
        </extensions>
      </trkpt>
      <trkpt lat="24.4967364706099033355712890625" lon="117.96128575690090656280517578125">
        <ele>145</ele>
        <time>2026-09-19T07:39:44.000Z</time>
        <extensions>
          <ns3:TrackPointExtension>
            <ns3:hr>124</ns3:hr>
            <ns3:cad>51</ns3:cad>
          </ns3:TrackPointExtension>
        </extensions>
      </trkpt>
      <trkpt lat="24.49673739261925220489501953125" lon="117.96127586625516414642333984375">
        <ele>145</ele>
        <time>2026-09-19T07:39:45.000Z</time>
        <extensions>
          <ns3:TrackPointExtension>
            <ns3:hr>124</ns3:hr>
            <ns3:cad>51</ns3:cad>
          </ns3:TrackPointExtension>
        </extensions>
      </trkpt>
      <trkpt lat="24.49673387221992015838623046875" lon="117.96126010827720165252685546875">
        <ele>145</ele>
        <time>2026-09-19T07:39:46.000Z</time>
        <extensions>
          <ns3:TrackPointExtension>
            <ns3:hr>124</ns3:hr>
            <ns3:cad>51</ns3:cad>
          </ns3:TrackPointExtension>
        </extensions>
      </trkpt>
      <trkpt lat="24.4967280887067317962646484375" lon="117.9612446017563343048095703125">
        <ele>145.1999969482421875</ele>
        <time>2026-09-19T07:39:47.000Z</time>
        <extensions>
          <ns3:TrackPointExtension>
            <ns3:hr>124</ns3:hr>
            <ns3:cad>51</ns3:cad>
          </ns3:TrackPointExtension>
        </extensions>
      </trkpt>
      <trkpt lat="24.4967217184603214263916015625" lon="117.96122708357870578765869140625">
        <ele>145.1999969482421875</ele>
        <time>2026-09-19T07:39:48.000Z</time>
        <extensions>
          <ns3:TrackPointExtension>
            <ns3:hr>124</ns3:hr>
            <ns3:cad>51</ns3:cad>
          </ns3:TrackPointExtension>
        </extensions>
      </trkpt>
      <trkpt lat="24.4967166893184185028076171875" lon="117.96121417544782161712646484375">
        <ele>145.1999969482421875</ele>
        <time>2026-09-19T07:39:49.000Z</time>
        <extensions>
          <ns3:TrackPointExtension>
            <ns3:hr>124</ns3:hr>
            <ns3:cad>51</ns3:cad>
          </ns3:TrackPointExtension>
        </extensions>
      </trkpt>
      <trkpt lat="24.49671459384262561798095703125" lon="117.9612040333449840545654296875">
        <ele>145.1999969482421875</ele>
        <time>2026-09-19T07:39:50.000Z</time>
        <extensions>
          <ns3:TrackPointExtension>
            <ns3:hr>123</ns3:hr>
            <ns3:cad>51</ns3:cad>
          </ns3:TrackPointExtension>
        </extensions>
      </trkpt>
      <trkpt lat="24.49671216309070587158203125" lon="117.9612015187740325927734375">
        <ele>145.399993896484375</ele>
        <time>2026-09-19T07:39:51.000Z</time>
        <extensions>
          <ns3:TrackPointExtension>
            <ns3:hr>123</ns3:hr>
            <ns3:cad>51</ns3:cad>
          </ns3:TrackPointExtension>
        </extensions>
      </trkpt>
      <trkpt lat="24.4967039488255977630615234375" lon="117.9611933045089244842529296875">
        <ele>145.399993896484375</ele>
        <time>2026-09-19T07:39:52.000Z</time>
        <extensions>
          <ns3:TrackPointExtension>
            <ns3:hr>122</ns3:hr>
            <ns3:cad>50</ns3:cad>
          </ns3:TrackPointExtension>
        </extensions>
      </trkpt>
      <trkpt lat="24.49670034460723400115966796875" lon="117.96118416823446750640869140625">
        <ele>145.600006103515625</ele>
        <time>2026-09-19T07:39:53.000Z</time>
        <extensions>
          <ns3:TrackPointExtension>
            <ns3:hr>122</ns3:hr>
            <ns3:cad>50</ns3:cad>
          </ns3:TrackPointExtension>
        </extensions>
      </trkpt>
      <trkpt lat="24.49669330380856990814208984375" lon="117.96117126010358333587646484375">
        <ele>145.600006103515625</ele>
        <time>2026-09-19T07:39:54.000Z</time>
        <extensions>
          <ns3:TrackPointExtension>
            <ns3:hr>122</ns3:hr>
            <ns3:cad>50</ns3:cad>
          </ns3:TrackPointExtension>
        </extensions>
      </trkpt>
      <trkpt lat="24.49668542481958866119384765625" lon="117.9611611180007457733154296875">
        <ele>145.600006103515625</ele>
        <time>2026-09-19T07:39:55.000Z</time>
        <extensions>
          <ns3:TrackPointExtension>
            <ns3:hr>121</ns3:hr>
            <ns3:cad>50</ns3:cad>
          </ns3:TrackPointExtension>
        </extensions>
      </trkpt>
      <trkpt lat="24.4966818206012248992919921875" lon="117.96115449629724025726318359375">
        <ele>145.8000030517578125</ele>
        <time>2026-09-19T07:39:56.000Z</time>
        <extensions>
          <ns3:TrackPointExtension>
            <ns3:hr>121</ns3:hr>
            <ns3:cad>49</ns3:cad>
          </ns3:TrackPointExtension>
        </extensions>
      </trkpt>
      <trkpt lat="24.4966777972877025604248046875" lon="117.9611453600227832794189453125">
        <ele>145.8000030517578125</ele>
        <time>2026-09-19T07:39:57.000Z</time>
        <extensions>
          <ns3:TrackPointExtension>
            <ns3:hr>121</ns3:hr>
            <ns3:cad>49</ns3:cad>
          </ns3:TrackPointExtension>
        </extensions>
      </trkpt>
      <trkpt lat="24.4966720975935459136962890625" lon="117.9611346311867237091064453125">
        <ele>146</ele>
        <time>2026-09-19T07:39:58.000Z</time>
        <extensions>
          <ns3:TrackPointExtension>
            <ns3:hr>121</ns3:hr>
            <ns3:cad>50</ns3:cad>
          </ns3:TrackPointExtension>
        </extensions>
      </trkpt>
      <trkpt lat="24.49666413478553295135498046875" lon="117.96112013049423694610595703125">
        <ele>146</ele>
        <time>2026-09-19T07:39:59.000Z</time>
        <extensions>
          <ns3:TrackPointExtension>
            <ns3:hr>121</ns3:hr>
            <ns3:cad>50</ns3:cad>
          </ns3:TrackPointExtension>
        </extensions>
      </trkpt>
      <trkpt lat="24.49665491469204425811767578125" lon="117.96110420487821102142333984375">
        <ele>146.1999969482421875</ele>
        <time>2026-09-19T07:40:00.000Z</time>
        <extensions>
          <ns3:TrackPointExtension>
            <ns3:hr>120</ns3:hr>
            <ns3:cad>50</ns3:cad>
          </ns3:TrackPointExtension>
        </extensions>
      </trkpt>
      <trkpt lat="24.49664703570306301116943359375" lon="117.96108894981443881988525390625">
        <ele>146.1999969482421875</ele>
        <time>2026-09-19T07:40:01.000Z</time>
        <extensions>
          <ns3:TrackPointExtension>
            <ns3:hr>120</ns3:hr>
            <ns3:cad>50</ns3:cad>
          </ns3:TrackPointExtension>
        </extensions>
      </trkpt>
      <trkpt lat="24.49664167128503322601318359375" lon="117.9610793106257915496826171875">
        <ele>146.1999969482421875</ele>
        <time>2026-09-19T07:40:02.000Z</time>
        <extensions>
          <ns3:TrackPointExtension>
            <ns3:hr>120</ns3:hr>
            <ns3:cad>50</ns3:cad>
          </ns3:TrackPointExtension>
        </extensions>
      </trkpt>
      <trkpt lat="24.4966389052569866180419921875" lon="117.9610702581703662872314453125">
        <ele>146.399993896484375</ele>
        <time>2026-09-19T07:40:03.000Z</time>
        <extensions>
          <ns3:TrackPointExtension>
            <ns3:hr>120</ns3:hr>
            <ns3:cad>50</ns3:cad>
          </ns3:TrackPointExtension>
        </extensions>
      </trkpt>
      <trkpt lat="24.496634043753147125244140625" lon="117.96106539666652679443359375">
        <ele>146.399993896484375</ele>
        <time>2026-09-19T07:40:04.000Z</time>
        <extensions>
          <ns3:TrackPointExtension>
            <ns3:hr>120</ns3:hr>
            <ns3:cad>50</ns3:cad>
          </ns3:TrackPointExtension>
        </extensions>
      </trkpt>
      <trkpt lat="24.496628344058990478515625" lon="117.96105600893497467041015625">
        <ele>146.399993896484375</ele>
        <time>2026-09-19T07:40:05.000Z</time>
        <extensions>
          <ns3:TrackPointExtension>
            <ns3:hr>119</ns3:hr>
            <ns3:cad>50</ns3:cad>
          </ns3:TrackPointExtension>
        </extensions>
      </trkpt>
      <trkpt lat="24.4966181181371212005615234375" lon="117.961043603718280792236328125">
        <ele>146.600006103515625</ele>
        <time>2026-09-19T07:40:06.000Z</time>
        <extensions>
          <ns3:TrackPointExtension>
            <ns3:hr>119</ns3:hr>
            <ns3:cad>50</ns3:cad>
          </ns3:TrackPointExtension>
        </extensions>
      </trkpt>
      <trkpt lat="24.49661015532910823822021484375" lon="117.9610323719680309295654296875">
        <ele>146.600006103515625</ele>
        <time>2026-09-19T07:40:07.000Z</time>
        <extensions>
          <ns3:TrackPointExtension>
            <ns3:hr>119</ns3:hr>
            <ns3:cad>50</ns3:cad>
          </ns3:TrackPointExtension>
        </extensions>
      </trkpt>
      <trkpt lat="24.49660059995949268341064453125" lon="117.9610182903707027435302734375">
        <ele>146.8000030517578125</ele>
        <time>2026-09-19T07:40:08.000Z</time>
        <extensions>
          <ns3:TrackPointExtension>
            <ns3:hr>118</ns3:hr>
            <ns3:cad>52</ns3:cad>
          </ns3:TrackPointExtension>
        </extensions>
      </trkpt>
      <trkpt lat="24.496593810617923736572265625" lon="117.96100731007754802703857421875">
        <ele>146.8000030517578125</ele>
        <time>2026-09-19T07:40:09.000Z</time>
        <extensions>
          <ns3:TrackPointExtension>
            <ns3:hr>118</ns3:hr>
            <ns3:cad>52</ns3:cad>
          </ns3:TrackPointExtension>
        </extensions>
      </trkpt>
      <trkpt lat="24.496586434543132781982421875" lon="117.96099540777504444122314453125">
        <ele>146.8000030517578125</ele>
        <time>2026-09-19T07:40:10.000Z</time>
        <extensions>
          <ns3:TrackPointExtension>
            <ns3:hr>117</ns3:hr>
            <ns3:cad>0</ns3:cad>
          </ns3:TrackPointExtension>
        </extensions>
      </trkpt>
      <trkpt lat="24.49658014811575412750244140625" lon="117.96098652295768260955810546875">
        <ele>146.8000030517578125</ele>
        <time>2026-09-19T07:40:11.000Z</time>
        <extensions>
          <ns3:TrackPointExtension>
            <ns3:hr>117</ns3:hr>
            <ns3:cad>0</ns3:cad>
          </ns3:TrackPointExtension>
        </extensions>
      </trkpt>
      <trkpt lat="24.49657377786934375762939453125" lon="117.96097696758806705474853515625">
        <ele>146.8000030517578125</ele>
        <time>2026-09-19T07:40:12.000Z</time>
        <extensions>
          <ns3:TrackPointExtension>
            <ns3:hr>117</ns3:hr>
            <ns3:cad>51</ns3:cad>
          </ns3:TrackPointExtension>
        </extensions>
      </trkpt>
      <trkpt lat="24.4965651445090770721435546875" lon="117.96095886267721652984619140625">
        <ele>147</ele>
        <time>2026-09-19T07:40:13.000Z</time>
        <extensions>
          <ns3:TrackPointExtension>
            <ns3:hr>117</ns3:hr>
            <ns3:cad>52</ns3:cad>
          </ns3:TrackPointExtension>
        </extensions>
      </trkpt>
      <trkpt lat="24.496556930243968963623046875" lon="117.960951738059520721435546875">
        <ele>147.1999969482421875</ele>
        <time>2026-09-19T07:40:14.000Z</time>
        <extensions>
          <ns3:TrackPointExtension>
            <ns3:hr>117</ns3:hr>
            <ns3:cad>52</ns3:cad>
          </ns3:TrackPointExtension>
        </extensions>
      </trkpt>
      <trkpt lat="24.4965507276356220245361328125" lon="117.9609395004808902740478515625">
        <ele>147.399993896484375</ele>
        <time>2026-09-19T07:40:15.000Z</time>
        <extensions>
          <ns3:TrackPointExtension>
            <ns3:hr>116</ns3:hr>
            <ns3:cad>52</ns3:cad>
          </ns3:TrackPointExtension>
        </extensions>
      </trkpt>
      <trkpt lat="24.49654695577919483184814453125" lon="117.96092952601611614227294921875">
        <ele>147.399993896484375</ele>
        <time>2026-09-19T07:40:16.000Z</time>
        <extensions>
          <ns3:TrackPointExtension>
            <ns3:hr>117</ns3:hr>
            <ns3:cad>52</ns3:cad>
          </ns3:TrackPointExtension>
        </extensions>
      </trkpt>
      <trkpt lat="24.49654318392276763916015625" lon="117.96091997064650058746337890625">
        <ele>147.600006103515625</ele>
        <time>2026-09-19T07:40:17.000Z</time>
        <extensions>
          <ns3:TrackPointExtension>
            <ns3:hr>117</ns3:hr>
            <ns3:cad>52</ns3:cad>
          </ns3:TrackPointExtension>
        </extensions>
      </trkpt>
      <trkpt lat="24.4965416751801967620849609375" lon="117.96091611497104167938232421875">
        <ele>147.600006103515625</ele>
        <time>2026-09-19T07:40:18.000Z</time>
        <extensions>
          <ns3:TrackPointExtension>
            <ns3:hr>117</ns3:hr>
            <ns3:cad>52</ns3:cad>
          </ns3:TrackPointExtension>
        </extensions>
      </trkpt>
      <trkpt lat="24.4965398311614990234375" lon="117.9609086550772190093994140625">
        <ele>147.399993896484375</ele>
        <time>2026-09-19T07:40:19.000Z</time>
        <extensions>
          <ns3:TrackPointExtension>
            <ns3:hr>117</ns3:hr>
            <ns3:cad>52</ns3:cad>
          </ns3:TrackPointExtension>
        </extensions>
      </trkpt>
      <trkpt lat="24.496536143124103546142578125" lon="117.9608972556889057159423828125">
        <ele>147.399993896484375</ele>
        <time>2026-09-19T07:40:20.000Z</time>
        <extensions>
          <ns3:TrackPointExtension>
            <ns3:hr>117</ns3:hr>
            <ns3:cad>52</ns3:cad>
          </ns3:TrackPointExtension>
        </extensions>
      </trkpt>
      <trkpt lat="24.49653253890573978424072265625" lon="117.9608845151960849761962890625">
        <ele>147.600006103515625</ele>
        <time>2026-09-19T07:40:21.000Z</time>
        <extensions>
          <ns3:TrackPointExtension>
            <ns3:hr>117</ns3:hr>
            <ns3:cad>52</ns3:cad>
          </ns3:TrackPointExtension>
        </extensions>
      </trkpt>
      <trkpt lat="24.49652885086834430694580078125" lon="117.9608721099793910980224609375">
        <ele>147.600006103515625</ele>
        <time>2026-09-19T07:40:22.000Z</time>
        <extensions>
          <ns3:TrackPointExtension>
            <ns3:hr>117</ns3:hr>
            <ns3:cad>50</ns3:cad>
          </ns3:TrackPointExtension>
        </extensions>
      </trkpt>
      <trkpt lat="24.49652600102126598358154296875" lon="117.96086146496236324310302734375">
        <ele>147.600006103515625</ele>
        <time>2026-09-19T07:40:23.000Z</time>
        <extensions>
          <ns3:TrackPointExtension>
            <ns3:hr>118</ns3:hr>
            <ns3:cad>50</ns3:cad>
          </ns3:TrackPointExtension>
        </extensions>
      </trkpt>
      <trkpt lat="24.496522732079029083251953125" lon="117.96084872446954250335693359375">
        <ele>147.8000030517578125</ele>
        <time>2026-09-19T07:40:24.000Z</time>
        <extensions>
          <ns3:TrackPointExtension>
            <ns3:hr>118</ns3:hr>
            <ns3:cad>50</ns3:cad>
          </ns3:TrackPointExtension>
        </extensions>
      </trkpt>
      <trkpt lat="24.496520720422267913818359375" lon="117.9608379118144512176513671875">
        <ele>147.8000030517578125</ele>
        <time>2026-09-19T07:40:25.000Z</time>
        <extensions>
          <ns3:TrackPointExtension>
            <ns3:hr>118</ns3:hr>
            <ns3:cad>50</ns3:cad>
          </ns3:TrackPointExtension>
        </extensions>
      </trkpt>
      <trkpt lat="24.49652063660323619842529296875" lon="117.9608218185603618621826171875">
        <ele>148</ele>
        <time>2026-09-19T07:40:26.000Z</time>
        <extensions>
          <ns3:TrackPointExtension>
            <ns3:hr>118</ns3:hr>
            <ns3:cad>50</ns3:cad>
          </ns3:TrackPointExtension>
        </extensions>
      </trkpt>
      <trkpt lat="24.496521390974521636962890625" lon="117.9607996903359889984130859375">
        <ele>148.1999969482421875</ele>
        <time>2026-09-19T07:40:27.000Z</time>
        <extensions>
          <ns3:TrackPointExtension>
            <ns3:hr>118</ns3:hr>
            <ns3:cad>50</ns3:cad>
          </ns3:TrackPointExtension>
        </extensions>
      </trkpt>
      <trkpt lat="24.4965198822319507598876953125" lon="117.96078753657639026641845703125">
        <ele>148.1999969482421875</ele>
        <time>2026-09-19T07:40:28.000Z</time>
        <extensions>
          <ns3:TrackPointExtension>
            <ns3:hr>117</ns3:hr>
            <ns3:cad>51</ns3:cad>
          </ns3:TrackPointExtension>
        </extensions>
      </trkpt>
      <trkpt lat="24.496515691280364990234375" lon="117.96077362261712551116943359375">
        <ele>148.399993896484375</ele>
        <time>2026-09-19T07:40:29.000Z</time>
        <extensions>
          <ns3:TrackPointExtension>
            <ns3:hr>117</ns3:hr>
            <ns3:cad>50</ns3:cad>
          </ns3:TrackPointExtension>
        </extensions>
      </trkpt>
      <trkpt lat="24.4965111650526523590087890625" lon="117.96076507307589054107666015625">
        <ele>148.600006103515625</ele>
        <time>2026-09-19T07:40:30.000Z</time>
        <extensions>
          <ns3:TrackPointExtension>
            <ns3:hr>117</ns3:hr>
            <ns3:cad>50</ns3:cad>
          </ns3:TrackPointExtension>
        </extensions>
      </trkpt>
      <trkpt lat="24.496509321033954620361328125" lon="117.9607589542865753173828125">
        <ele>148.600006103515625</ele>
        <time>2026-09-19T07:40:31.000Z</time>
        <extensions>
          <ns3:TrackPointExtension>
            <ns3:hr>117</ns3:hr>
            <ns3:cad>50</ns3:cad>
          </ns3:TrackPointExtension>
        </extensions>
      </trkpt>
      <trkpt lat="24.49650588445365428924560546875" lon="117.9607455432415008544921875">
        <ele>148.8000030517578125</ele>
        <time>2026-09-19T07:40:32.000Z</time>
        <extensions>
          <ns3:TrackPointExtension>
            <ns3:hr>118</ns3:hr>
            <ns3:cad>50</ns3:cad>
          </ns3:TrackPointExtension>
        </extensions>
      </trkpt>
      <trkpt lat="24.49650605209171772003173828125" lon="117.96073154546320438385009765625">
        <ele>148.8000030517578125</ele>
        <time>2026-09-19T07:40:33.000Z</time>
        <extensions>
          <ns3:TrackPointExtension>
            <ns3:hr>117</ns3:hr>
            <ns3:cad>50</ns3:cad>
          </ns3:TrackPointExtension>
        </extensions>
      </trkpt>
      <trkpt lat="24.49650336988270282745361328125" lon="117.96072266064584255218505859375">
        <ele>148.8000030517578125</ele>
        <time>2026-09-19T07:40:34.000Z</time>
        <extensions>
          <ns3:TrackPointExtension>
            <ns3:hr>118</ns3:hr>
            <ns3:cad>49</ns3:cad>
          </ns3:TrackPointExtension>
        </extensions>
      </trkpt>
      <trkpt lat="24.49650152586400508880615234375" lon="117.9607138596475124359130859375">
        <ele>149</ele>
        <time>2026-09-19T07:40:35.000Z</time>
        <extensions>
          <ns3:TrackPointExtension>
            <ns3:hr>119</ns3:hr>
            <ns3:cad>49</ns3:cad>
          </ns3:TrackPointExtension>
        </extensions>
      </trkpt>
      <trkpt lat="24.496499262750148773193359375" lon="117.960703633725643157958984375">
        <ele>149</ele>
        <time>2026-09-19T07:40:36.000Z</time>
        <extensions>
          <ns3:TrackPointExtension>
            <ns3:hr>121</ns3:hr>
            <ns3:cad>49</ns3:cad>
          </ns3:TrackPointExtension>
        </extensions>
      </trkpt>
      <trkpt lat="24.49649465270340442657470703125" lon="117.960695587098598480224609375">
        <ele>149</ele>
        <time>2026-09-19T07:40:37.000Z</time>
        <extensions>
          <ns3:TrackPointExtension>
            <ns3:hr>121</ns3:hr>
            <ns3:cad>50</ns3:cad>
          </ns3:TrackPointExtension>
        </extensions>
      </trkpt>
      <trkpt lat="24.4964866898953914642333984375" lon="117.96068527735769748687744140625">
        <ele>149.1999969482421875</ele>
        <time>2026-09-19T07:40:38.000Z</time>
        <extensions>
          <ns3:TrackPointExtension>
            <ns3:hr>121</ns3:hr>
            <ns3:cad>50</ns3:cad>
          </ns3:TrackPointExtension>
        </extensions>
      </trkpt>
      <trkpt lat="24.49648476205766201019287109375" lon="117.96067639254033565521240234375">
        <ele>149.1999969482421875</ele>
        <time>2026-09-19T07:40:39.000Z</time>
        <extensions>
          <ns3:TrackPointExtension>
            <ns3:hr>121</ns3:hr>
            <ns3:cad>50</ns3:cad>
          </ns3:TrackPointExtension>
        </extensions>
      </trkpt>
      <trkpt lat="24.49648526497185230255126953125" lon="117.96067303977906703948974609375">
        <ele>149.1999969482421875</ele>
        <time>2026-09-19T07:40:40.000Z</time>
        <extensions>
          <ns3:TrackPointExtension>
            <ns3:hr>121</ns3:hr>
            <ns3:cad>0</ns3:cad>
          </ns3:TrackPointExtension>
        </extensions>
      </trkpt>
      <trkpt lat="24.49648593552410602569580078125" lon="117.96066935174167156219482421875">
        <ele>149.1999969482421875</ele>
        <time>2026-09-19T07:40:41.000Z</time>
        <extensions>
          <ns3:TrackPointExtension>
            <ns3:hr>121</ns3:hr>
            <ns3:cad>0</ns3:cad>
          </ns3:TrackPointExtension>
        </extensions>
      </trkpt>
      <trkpt lat="24.49648492969572544097900390625" lon="117.96066666953265666961669921875">
        <ele>149.1999969482421875</ele>
        <time>2026-09-19T07:40:42.000Z</time>
        <extensions>
          <ns3:TrackPointExtension>
            <ns3:hr>121</ns3:hr>
            <ns3:cad>0</ns3:cad>
          </ns3:TrackPointExtension>
        </extensions>
      </trkpt>
      <trkpt lat="24.496484510600566864013671875" lon="117.9606650769710540771484375">
        <ele>149.1999969482421875</ele>
        <time>2026-09-19T07:40:43.000Z</time>
        <extensions>
          <ns3:TrackPointExtension>
            <ns3:hr>121</ns3:hr>
            <ns3:cad>0</ns3:cad>
          </ns3:TrackPointExtension>
        </extensions>
      </trkpt>
      <trkpt lat="24.49648375622928142547607421875" lon="117.96066449023783206939697265625">
        <ele>149.1999969482421875</ele>
        <time>2026-09-19T07:40:44.000Z</time>
        <extensions>
          <ns3:TrackPointExtension>
            <ns3:hr>121</ns3:hr>
            <ns3:cad>0</ns3:cad>
          </ns3:TrackPointExtension>
        </extensions>
      </trkpt>
      <trkpt lat="24.4964823313057422637939453125" lon="117.96066381968557834625244140625">
        <ele>149</ele>
        <time>2026-09-19T07:40:45.000Z</time>
        <extensions>
          <ns3:TrackPointExtension>
            <ns3:hr>121</ns3:hr>
            <ns3:cad>0</ns3:cad>
          </ns3:TrackPointExtension>
        </extensions>
      </trkpt>
      <trkpt lat="24.4964826665818691253662109375" lon="117.96066650189459323883056640625">
        <ele>149</ele>
        <time>2026-09-19T07:40:46.000Z</time>
        <extensions>
          <ns3:TrackPointExtension>
            <ns3:hr>121</ns3:hr>
            <ns3:cad>0</ns3:cad>
          </ns3:TrackPointExtension>
        </extensions>
      </trkpt>
      <trkpt lat="24.4964823313057422637939453125" lon="117.960666082799434661865234375">
        <ele>149</ele>
        <time>2026-09-19T07:40:47.000Z</time>
        <extensions>
          <ns3:TrackPointExtension>
            <ns3:hr>120</ns3:hr>
            <ns3:cad>0</ns3:cad>
          </ns3:TrackPointExtension>
        </extensions>
      </trkpt>
      <trkpt lat="24.4964796490967273712158203125" lon="117.9606652446091175079345703125">
        <ele>149</ele>
        <time>2026-09-19T07:40:48.000Z</time>
        <extensions>
          <ns3:TrackPointExtension>
            <ns3:hr>119</ns3:hr>
            <ns3:cad>0</ns3:cad>
          </ns3:TrackPointExtension>
        </extensions>
      </trkpt>
      <trkpt lat="24.496479816734790802001953125" lon="117.9606655798852443695068359375">
        <ele>149</ele>
        <time>2026-09-19T07:40:49.000Z</time>
        <extensions>
          <ns3:TrackPointExtension>
            <ns3:hr>118</ns3:hr>
            <ns3:cad>0</ns3:cad>
          </ns3:TrackPointExtension>
        </extensions>
      </trkpt>
      <trkpt lat="24.49647855944931507110595703125" lon="117.96066574752330780029296875">
        <ele>149</ele>
        <time>2026-09-19T07:40:50.000Z</time>
        <extensions>
          <ns3:TrackPointExtension>
            <ns3:hr>117</ns3:hr>
            <ns3:cad>0</ns3:cad>
          </ns3:TrackPointExtension>
        </extensions>
      </trkpt>
      <trkpt lat="24.4964786432683467864990234375" lon="117.96066574752330780029296875">
        <ele>149.1999969482421875</ele>
        <time>2026-09-19T07:40:51.000Z</time>
        <extensions>
          <ns3:TrackPointExtension>
            <ns3:hr>117</ns3:hr>
            <ns3:cad>0</ns3:cad>
          </ns3:TrackPointExtension>
        </extensions>
      </trkpt>
      <trkpt lat="24.4964786432683467864990234375" lon="117.96066574752330780029296875">
        <ele>149</ele>
        <time>2026-09-19T07:40:52.000Z</time>
        <extensions>
          <ns3:TrackPointExtension>
            <ns3:hr>116</ns3:hr>
            <ns3:cad>0</ns3:cad>
          </ns3:TrackPointExtension>
        </extensions>
      </trkpt>
      <trkpt lat="24.4964786432683467864990234375" lon="117.96066574752330780029296875">
        <ele>149.1999969482421875</ele>
        <time>2026-09-19T07:40:53.000Z</time>
        <extensions>
          <ns3:TrackPointExtension>
            <ns3:hr>116</ns3:hr>
            <ns3:cad>0</ns3:cad>
          </ns3:TrackPointExtension>
        </extensions>
      </trkpt>
      <trkpt lat="24.49648325331509113311767578125" lon="117.9606602154672145843505859375">
        <ele>148.8000030517578125</ele>
        <time>2026-09-19T07:41:26.000Z</time>
        <extensions>
          <ns3:TrackPointExtension>
            <ns3:hr>118</ns3:hr>
            <ns3:cad>0</ns3:cad>
          </ns3:TrackPointExtension>
        </extensions>
      </trkpt>
      <trkpt lat="24.49648560024797916412353515625" lon="117.96065309084951877593994140625">
        <ele>148.8000030517578125</ele>
        <time>2026-09-19T07:41:27.000Z</time>
        <extensions>
          <ns3:TrackPointExtension>
            <ns3:hr>118</ns3:hr>
            <ns3:cad>0</ns3:cad>
          </ns3:TrackPointExtension>
        </extensions>
      </trkpt>
      <trkpt lat="24.4964887015521526336669921875" lon="117.96064202673733234405517578125">
        <ele>148.8000030517578125</ele>
        <time>2026-09-19T07:41:28.000Z</time>
        <extensions>
          <ns3:TrackPointExtension>
            <ns3:hr>118</ns3:hr>
            <ns3:cad>0</ns3:cad>
          </ns3:TrackPointExtension>
        </extensions>
      </trkpt>
      <trkpt lat="24.49648794718086719512939453125" lon="117.9606328904628753662109375">
        <ele>148.8000030517578125</ele>
        <time>2026-09-19T07:41:29.000Z</time>
        <extensions>
          <ns3:TrackPointExtension>
            <ns3:hr>118</ns3:hr>
            <ns3:cad>0</ns3:cad>
          </ns3:TrackPointExtension>
        </extensions>
      </trkpt>
      <trkpt lat="24.49648761190474033355712890625" lon="117.9606270231306552886962890625">
        <ele>148.8000030517578125</ele>
        <time>2026-09-19T07:41:30.000Z</time>
        <extensions>
          <ns3:TrackPointExtension>
            <ns3:hr>117</ns3:hr>
            <ns3:cad>0</ns3:cad>
          </ns3:TrackPointExtension>
        </extensions>
      </trkpt>
      <trkpt lat="24.4964819960296154022216796875" lon="117.9606142826378345489501953125">
        <ele>148.8000030517578125</ele>
        <time>2026-09-19T07:41:31.000Z</time>
        <extensions>
          <ns3:TrackPointExtension>
            <ns3:hr>116</ns3:hr>
            <ns3:cad>0</ns3:cad>
          </ns3:TrackPointExtension>
        </extensions>
      </trkpt>
      <trkpt lat="24.49647889472544193267822265625" lon="117.96060405671596527099609375">
        <ele>148.8000030517578125</ele>
        <time>2026-09-19T07:41:32.000Z</time>
        <extensions>
          <ns3:TrackPointExtension>
            <ns3:hr>116</ns3:hr>
            <ns3:cad>0</ns3:cad>
          </ns3:TrackPointExtension>
        </extensions>
      </trkpt>
      <trkpt lat="24.4964783079922199249267578125" lon="117.9605968482792377471923828125">
        <ele>148.8000030517578125</ele>
        <time>2026-09-19T07:41:33.000Z</time>
        <extensions>
          <ns3:TrackPointExtension>
            <ns3:hr>117</ns3:hr>
            <ns3:cad>49</ns3:cad>
          </ns3:TrackPointExtension>
        </extensions>
      </trkpt>
      <trkpt lat="24.49647738598287105560302734375" lon="117.9605871252715587615966796875">
        <ele>148.8000030517578125</ele>
        <time>2026-09-19T07:41:34.000Z</time>
        <extensions>
          <ns3:TrackPointExtension>
            <ns3:hr>117</ns3:hr>
            <ns3:cad>50</ns3:cad>
          </ns3:TrackPointExtension>
        </extensions>
      </trkpt>
      <trkpt lat="24.496475122869014739990234375" lon="117.960577905178070068359375">
        <ele>148.8000030517578125</ele>
        <time>2026-09-19T07:41:35.000Z</time>
        <extensions>
          <ns3:TrackPointExtension>
            <ns3:hr>117</ns3:hr>
            <ns3:cad>50</ns3:cad>
          </ns3:TrackPointExtension>
        </extensions>
      </trkpt>
      <trkpt lat="24.49647336266934871673583984375" lon="117.9605666734278202056884765625">
        <ele>148.8000030517578125</ele>
        <time>2026-09-19T07:41:36.000Z</time>
        <extensions>
          <ns3:TrackPointExtension>
            <ns3:hr>117</ns3:hr>
            <ns3:cad>50</ns3:cad>
          </ns3:TrackPointExtension>
        </extensions>
      </trkpt>
      <trkpt lat="24.49647084809839725494384765625" lon="117.960550077259540557861328125">
        <ele>148.8000030517578125</ele>
        <time>2026-09-19T07:41:37.000Z</time>
        <extensions>
          <ns3:TrackPointExtension>
            <ns3:hr>116</ns3:hr>
            <ns3:cad>50</ns3:cad>
          </ns3:TrackPointExtension>
        </extensions>
      </trkpt>
      <trkpt lat="24.496468417346477508544921875" lon="117.9605371691286563873291015625">
        <ele>148.8000030517578125</ele>
        <time>2026-09-19T07:41:38.000Z</time>
        <extensions>
          <ns3:TrackPointExtension>
            <ns3:hr>116</ns3:hr>
            <ns3:cad>48</ns3:cad>
          </ns3:TrackPointExtension>
        </extensions>
      </trkpt>
      <trkpt lat="24.496467746794223785400390625" lon="117.96053021214902400970458984375">
        <ele>148.8000030517578125</ele>
        <time>2026-09-19T07:41:39.000Z</time>
        <extensions>
          <ns3:TrackPointExtension>
            <ns3:hr>116</ns3:hr>
            <ns3:cad>48</ns3:cad>
          </ns3:TrackPointExtension>
        </extensions>
      </trkpt>
      <trkpt lat="24.49646699242293834686279296875" lon="117.96051981858909130096435546875">
        <ele>148.8000030517578125</ele>
        <time>2026-09-19T07:41:40.000Z</time>
        <extensions>
          <ns3:TrackPointExtension>
            <ns3:hr>115</ns3:hr>
            <ns3:cad>48</ns3:cad>
          </ns3:TrackPointExtension>
        </extensions>
      </trkpt>
      <trkpt lat="24.49647000990808010101318359375" lon="117.960503138601779937744140625">
        <ele>149</ele>
        <time>2026-09-19T07:41:41.000Z</time>
        <extensions>
          <ns3:TrackPointExtension>
            <ns3:hr>115</ns3:hr>
            <ns3:cad>48</ns3:cad>
          </ns3:TrackPointExtension>
        </extensions>
      </trkpt>
      <trkpt lat="24.4964699260890483856201171875" lon="117.960487045347690582275390625">
        <ele>149</ele>
        <time>2026-09-19T07:41:42.000Z</time>
        <extensions>
          <ns3:TrackPointExtension>
            <ns3:hr>115</ns3:hr>
            <ns3:cad>50</ns3:cad>
          </ns3:TrackPointExtension>
        </extensions>
      </trkpt>
      <trkpt lat="24.496469087898731231689453125" lon="117.960466928780078887939453125">
        <ele>149</ele>
        <time>2026-09-19T07:41:43.000Z</time>
        <extensions>
          <ns3:TrackPointExtension>
            <ns3:hr>115</ns3:hr>
            <ns3:cad>50</ns3:cad>
          </ns3:TrackPointExtension>
        </extensions>
      </trkpt>
      <trkpt lat="24.49647068046033382415771484375" lon="117.96045544557273387908935546875">
        <ele>149</ele>
        <time>2026-09-19T07:41:44.000Z</time>
        <extensions>
          <ns3:TrackPointExtension>
            <ns3:hr>115</ns3:hr>
            <ns3:cad>50</ns3:cad>
          </ns3:TrackPointExtension>
        </extensions>
      </trkpt>
      <trkpt lat="24.496471770107746124267578125" lon="117.9604442976415157318115234375">
        <ele>149</ele>
        <time>2026-09-19T07:41:45.000Z</time>
        <extensions>
          <ns3:TrackPointExtension>
            <ns3:hr>115</ns3:hr>
            <ns3:cad>50</ns3:cad>
          </ns3:TrackPointExtension>
        </extensions>
      </trkpt>
      <trkpt lat="24.49647478759288787841796875" lon="117.96043566428124904632568359375">
        <ele>149</ele>
        <time>2026-09-19T07:41:46.000Z</time>
        <extensions>
          <ns3:TrackPointExtension>
            <ns3:hr>114</ns3:hr>
            <ns3:cad>51</ns3:cad>
          </ns3:TrackPointExtension>
        </extensions>
      </trkpt>
      <trkpt lat="24.4964749552309513092041015625" lon="117.960424683988094329833984375">
        <ele>149</ele>
        <time>2026-09-19T07:41:47.000Z</time>
        <extensions>
          <ns3:TrackPointExtension>
            <ns3:hr>114</ns3:hr>
            <ns3:cad>51</ns3:cad>
          </ns3:TrackPointExtension>
        </extensions>
      </trkpt>
      <trkpt lat="24.49647487141191959381103515625" lon="117.96041504479944705963134765625">
        <ele>149</ele>
        <time>2026-09-19T07:41:48.000Z</time>
        <extensions>
          <ns3:TrackPointExtension>
            <ns3:hr>114</ns3:hr>
            <ns3:cad>51</ns3:cad>
          </ns3:TrackPointExtension>
        </extensions>
      </trkpt>
      <trkpt lat="24.49647721834480762481689453125" lon="117.96040699817240238189697265625">
        <ele>149.1999969482421875</ele>
        <time>2026-09-19T07:41:49.000Z</time>
        <extensions>
          <ns3:TrackPointExtension>
            <ns3:hr>114</ns3:hr>
            <ns3:cad>51</ns3:cad>
          </ns3:TrackPointExtension>
        </extensions>
      </trkpt>
      <trkpt lat="24.49648124165832996368408203125" lon="117.960390150547027587890625">
        <ele>149.1999969482421875</ele>
        <time>2026-09-19T07:41:50.000Z</time>
        <extensions>
          <ns3:TrackPointExtension>
            <ns3:hr>114</ns3:hr>
            <ns3:cad>50</ns3:cad>
          </ns3:TrackPointExtension>
        </extensions>
      </trkpt>
      <trkpt lat="24.49648241512477397918701171875" lon="117.96037782914936542510986328125">
        <ele>149.1999969482421875</ele>
        <time>2026-09-19T07:41:51.000Z</time>
        <extensions>
          <ns3:TrackPointExtension>
            <ns3:hr>115</ns3:hr>
            <ns3:cad>50</ns3:cad>
          </ns3:TrackPointExtension>
        </extensions>
      </trkpt>
      <trkpt lat="24.4964846782386302947998046875" lon="117.96036978252232074737548828125">
        <ele>149.1999969482421875</ele>
        <time>2026-09-19T07:41:52.000Z</time>
        <extensions>
          <ns3:TrackPointExtension>
            <ns3:hr>114</ns3:hr>
            <ns3:cad>50</ns3:cad>
          </ns3:TrackPointExtension>
        </extensions>
      </trkpt>
      <trkpt lat="24.49648677371442317962646484375" lon="117.9603618197143077850341796875">
        <ele>149.1999969482421875</ele>
        <time>2026-09-19T07:41:53.000Z</time>
        <extensions>
          <ns3:TrackPointExtension>
            <ns3:hr>112</ns3:hr>
            <ns3:cad>50</ns3:cad>
          </ns3:TrackPointExtension>
        </extensions>
      </trkpt>
      <trkpt lat="24.49648777954280376434326171875" lon="117.96035452745854854583740234375">
        <ele>149.1999969482421875</ele>
        <time>2026-09-19T07:41:54.000Z</time>
        <extensions>
          <ns3:TrackPointExtension>
            <ns3:hr>111</ns3:hr>
            <ns3:cad>50</ns3:cad>
          </ns3:TrackPointExtension>
        </extensions>
      </trkpt>
      <trkpt lat="24.4964903779327869415283203125" lon="117.9603445529937744140625">
        <ele>149.399993896484375</ele>
        <time>2026-09-19T07:41:55.000Z</time>
        <extensions>
          <ns3:TrackPointExtension>
            <ns3:hr>111</ns3:hr>
            <ns3:cad>50</ns3:cad>
          </ns3:TrackPointExtension>
        </extensions>
      </trkpt>
      <trkpt lat="24.4964957423508167266845703125" lon="117.96032954938709735870361328125">
        <ele>149.399993896484375</ele>
        <time>2026-09-19T07:41:56.000Z</time>
        <extensions>
          <ns3:TrackPointExtension>
            <ns3:hr>112</ns3:hr>
            <ns3:cad>50</ns3:cad>
          </ns3:TrackPointExtension>
        </extensions>
      </trkpt>
      <trkpt lat="24.49650026857852935791015625" lon="117.96031027100980281829833984375">
        <ele>149.399993896484375</ele>
        <time>2026-09-19T07:41:57.000Z</time>
        <extensions>
          <ns3:TrackPointExtension>
            <ns3:hr>112</ns3:hr>
            <ns3:cad>50</ns3:cad>
          </ns3:TrackPointExtension>
        </extensions>
      </trkpt>
      <trkpt lat="24.49650605209171772003173828125" lon="117.96029300428926944732666015625">
        <ele>149.399993896484375</ele>
        <time>2026-09-19T07:41:58.000Z</time>
        <extensions>
          <ns3:TrackPointExtension>
            <ns3:hr>112</ns3:hr>
            <ns3:cad>50</ns3:cad>
          </ns3:TrackPointExtension>
        </extensions>
      </trkpt>
      <trkpt lat="24.4965111650526523590087890625" lon="117.96027741394937038421630859375">
        <ele>149.600006103515625</ele>
        <time>2026-09-19T07:41:59.000Z</time>
        <extensions>
          <ns3:TrackPointExtension>
            <ns3:hr>111</ns3:hr>
            <ns3:cad>50</ns3:cad>
          </ns3:TrackPointExtension>
        </extensions>
      </trkpt>
      <trkpt lat="24.49651636183261871337890625" lon="117.96026735566556453704833984375">
        <ele>149.8000030517578125</ele>
        <time>2026-09-19T07:42:00.000Z</time>
        <extensions>
          <ns3:TrackPointExtension>
            <ns3:hr>111</ns3:hr>
            <ns3:cad>51</ns3:cad>
          </ns3:TrackPointExtension>
        </extensions>
      </trkpt>
      <trkpt lat="24.4965197145938873291015625" lon="117.96026215888559818267822265625">
        <ele>150</ele>
        <time>2026-09-19T07:42:01.000Z</time>
        <extensions>
          <ns3:TrackPointExtension>
            <ns3:hr>111</ns3:hr>
            <ns3:cad>51</ns3:cad>
          </ns3:TrackPointExtension>
        </extensions>
      </trkpt>
      <trkpt lat="24.49652499519288539886474609375" lon="117.96025335788726806640625">
        <ele>150.1999969482421875</ele>
        <time>2026-09-19T07:42:02.000Z</time>
        <extensions>
          <ns3:TrackPointExtension>
            <ns3:hr>111</ns3:hr>
            <ns3:cad>51</ns3:cad>
          </ns3:TrackPointExtension>
        </extensions>
      </trkpt>
      <trkpt lat="24.496529437601566314697265625" lon="117.96023885719478130340576171875">
        <ele>150.399993896484375</ele>
        <time>2026-09-19T07:42:03.000Z</time>
        <extensions>
          <ns3:TrackPointExtension>
            <ns3:hr>110</ns3:hr>
            <ns3:cad>51</ns3:cad>
          </ns3:TrackPointExtension>
        </extensions>
      </trkpt>
      <trkpt lat="24.4965342991054058074951171875" lon="117.9602243565022945404052734375">
        <ele>150.600006103515625</ele>
        <time>2026-09-19T07:42:04.000Z</time>
        <extensions>
          <ns3:TrackPointExtension>
            <ns3:hr>110</ns3:hr>
            <ns3:cad>52</ns3:cad>
          </ns3:TrackPointExtension>
        </extensions>
      </trkpt>
      <trkpt lat="24.49653706513345241546630859375" lon="117.96021153219044208526611328125">
        <ele>150.8000030517578125</ele>
        <time>2026-09-19T07:42:05.000Z</time>
        <extensions>
          <ns3:TrackPointExtension>
            <ns3:hr>110</ns3:hr>
            <ns3:cad>52</ns3:cad>
          </ns3:TrackPointExtension>
        </extensions>
      </trkpt>
      <trkpt lat="24.49654175899922847747802734375" lon="117.960200048983097076416015625">
        <ele>151</ele>
        <time>2026-09-19T07:42:06.000Z</time>
        <extensions>
          <ns3:TrackPointExtension>
            <ns3:hr>110</ns3:hr>
            <ns3:cad>52</ns3:cad>
          </ns3:TrackPointExtension>
        </extensions>
      </trkpt>
      <trkpt lat="24.49654611758887767791748046875" lon="117.960189990699291229248046875">
        <ele>151.1999969482421875</ele>
        <time>2026-09-19T07:42:07.000Z</time>
        <extensions>
          <ns3:TrackPointExtension>
            <ns3:hr>105</ns3:hr>
            <ns3:cad>52</ns3:cad>
          </ns3:TrackPointExtension>
        </extensions>
      </trkpt>
      <trkpt lat="24.49655030854046344757080078125" lon="117.96018026769161224365234375">
        <ele>151.1999969482421875</ele>
        <time>2026-09-19T07:42:08.000Z</time>
        <extensions>
          <ns3:TrackPointExtension>
            <ns3:hr>104</ns3:hr>
            <ns3:cad>52</ns3:cad>
          </ns3:TrackPointExtension>
        </extensions>
      </trkpt>
      <trkpt lat="24.49655449949204921722412109375" lon="117.960171215236186981201171875">
        <ele>151.399993896484375</ele>
        <time>2026-09-19T07:42:09.000Z</time>
        <extensions>
          <ns3:TrackPointExtension>
            <ns3:hr>103</ns3:hr>
            <ns3:cad>51</ns3:cad>
          </ns3:TrackPointExtension>
        </extensions>
      </trkpt>
      <trkpt lat="24.4965644739568233489990234375" lon="117.96015805564820766448974609375">
        <ele>151.600006103515625</ele>
        <time>2026-09-19T07:42:10.000Z</time>
        <extensions>
          <ns3:TrackPointExtension>
            <ns3:hr>103</ns3:hr>
            <ns3:cad>51</ns3:cad>
          </ns3:TrackPointExtension>
        </extensions>
      </trkpt>
      <trkpt lat="24.49657243676483631134033203125" lon="117.9601448960602283477783203125">
        <ele>151.600006103515625</ele>
        <time>2026-09-19T07:42:11.000Z</time>
        <extensions>
          <ns3:TrackPointExtension>
            <ns3:hr>104</ns3:hr>
            <ns3:cad>51</ns3:cad>
          </ns3:TrackPointExtension>
        </extensions>
      </trkpt>
      <trkpt lat="24.49657863937318325042724609375" lon="117.96013290993869304656982421875">
        <ele>151.8000030517578125</ele>
        <time>2026-09-19T07:42:12.000Z</time>
        <extensions>
          <ns3:TrackPointExtension>
            <ns3:hr>105</ns3:hr>
            <ns3:cad>51</ns3:cad>
          </ns3:TrackPointExtension>
        </extensions>
      </trkpt>
      <trkpt lat="24.4965840876102447509765625" lon="117.96012301929295063018798828125">
        <ele>152</ele>
        <time>2026-09-19T07:42:13.000Z</time>
        <extensions>
          <ns3:TrackPointExtension>
            <ns3:hr>105</ns3:hr>
            <ns3:cad>51</ns3:cad>
          </ns3:TrackPointExtension>
        </extensions>
      </trkpt>
      <trkpt lat="24.49659137986600399017333984375" lon="117.96011279337108135223388671875">
        <ele>152.1999969482421875</ele>
        <time>2026-09-19T07:42:14.000Z</time>
        <extensions>
          <ns3:TrackPointExtension>
            <ns3:hr>106</ns3:hr>
            <ns3:cad>51</ns3:cad>
          </ns3:TrackPointExtension>
        </extensions>
      </trkpt>
      <trkpt lat="24.49659657664597034454345703125" lon="117.96010223217308521270751953125">
        <ele>152.1999969482421875</ele>
        <time>2026-09-19T07:42:15.000Z</time>
        <extensions>
          <ns3:TrackPointExtension>
            <ns3:hr>106</ns3:hr>
            <ns3:cad>51</ns3:cad>
          </ns3:TrackPointExtension>
        </extensions>
      </trkpt>
      <trkpt lat="24.49659992940723896026611328125" lon="117.9600889049470424652099609375">
        <ele>152.399993896484375</ele>
        <time>2026-09-19T07:42:16.000Z</time>
        <extensions>
          <ns3:TrackPointExtension>
            <ns3:hr>107</ns3:hr>
            <ns3:cad>51</ns3:cad>
          </ns3:TrackPointExtension>
        </extensions>
      </trkpt>
      <trkpt lat="24.49660311453044414520263671875" lon="117.96007557772099971771240234375">
        <ele>152.399993896484375</ele>
        <time>2026-09-19T07:42:17.000Z</time>
        <extensions>
          <ns3:TrackPointExtension>
            <ns3:hr>107</ns3:hr>
            <ns3:cad>51</ns3:cad>
          </ns3:TrackPointExtension>
        </extensions>
      </trkpt>
      <trkpt lat="24.4966083951294422149658203125" lon="117.96005881391465663909912109375">
        <ele>152.600006103515625</ele>
        <time>2026-09-19T07:42:18.000Z</time>
        <extensions>
          <ns3:TrackPointExtension>
            <ns3:hr>107</ns3:hr>
            <ns3:cad>51</ns3:cad>
          </ns3:TrackPointExtension>
        </extensions>
      </trkpt>
      <trkpt lat="24.496613256633281707763671875" lon="117.9600500129163265228271484375">
        <ele>152.8000030517578125</ele>
        <time>2026-09-19T07:42:19.000Z</time>
        <extensions>
          <ns3:TrackPointExtension>
            <ns3:hr>108</ns3:hr>
            <ns3:cad>51</ns3:cad>
          </ns3:TrackPointExtension>
        </extensions>
      </trkpt>
      <trkpt lat="24.49661635793745517730712890625" lon="117.96004422940313816070556640625">
        <ele>152.8000030517578125</ele>
        <time>2026-09-19T07:42:20.000Z</time>
        <extensions>
          <ns3:TrackPointExtension>
            <ns3:hr>109</ns3:hr>
            <ns3:cad>49</ns3:cad>
          </ns3:TrackPointExtension>
        </extensions>
      </trkpt>
      <trkpt lat="24.4966197945177555084228515625" lon="117.96003702096641063690185546875">
        <ele>153</ele>
        <time>2026-09-19T07:42:21.000Z</time>
        <extensions>
          <ns3:TrackPointExtension>
            <ns3:hr>110</ns3:hr>
            <ns3:cad>48</ns3:cad>
          </ns3:TrackPointExtension>
        </extensions>
      </trkpt>
      <trkpt lat="24.4966261647641658782958984375" lon="117.9600252024829387664794921875">
        <ele>153</ele>
        <time>2026-09-19T07:42:22.000Z</time>
        <extensions>
          <ns3:TrackPointExtension>
            <ns3:hr>112</ns3:hr>
            <ns3:cad>48</ns3:cad>
          </ns3:TrackPointExtension>
        </extensions>
      </trkpt>
      <trkpt lat="24.496636725962162017822265625" lon="117.9600114561617374420166015625">
        <ele>153.1999969482421875</ele>
        <time>2026-09-19T07:42:23.000Z</time>
        <extensions>
          <ns3:TrackPointExtension>
            <ns3:hr>113</ns3:hr>
            <ns3:cad>48</ns3:cad>
          </ns3:TrackPointExtension>
        </extensions>
      </trkpt>
      <trkpt lat="24.49664837680757045745849609375" lon="117.9599967040121555328369140625">
        <ele>153.1999969482421875</ele>
        <time>2026-09-19T07:42:24.000Z</time>
        <extensions>
          <ns3:TrackPointExtension>
            <ns3:hr>113</ns3:hr>
            <ns3:cad>48</ns3:cad>
          </ns3:TrackPointExtension>
        </extensions>
      </trkpt>
      <trkpt lat="24.496657848358154296875" lon="117.9599863104522228240966796875">
        <ele>153.399993896484375</ele>
        <time>2026-09-19T07:42:25.000Z</time>
        <extensions>
          <ns3:TrackPointExtension>
            <ns3:hr>114</ns3:hr>
            <ns3:cad>48</ns3:cad>
          </ns3:TrackPointExtension>
        </extensions>
      </trkpt>
      <trkpt lat="24.49666497297585010528564453125" lon="117.9599784314632415771484375">
        <ele>153.399993896484375</ele>
        <time>2026-09-19T07:42:26.000Z</time>
        <extensions>
          <ns3:TrackPointExtension>
            <ns3:hr>115</ns3:hr>
            <ns3:cad>49</ns3:cad>
          </ns3:TrackPointExtension>
        </extensions>
      </trkpt>
      <trkpt lat="24.4966690801084041595458984375" lon="117.9599712230265140533447265625">
        <ele>153.600006103515625</ele>
        <time>2026-09-19T07:42:27.000Z</time>
        <extensions>
          <ns3:TrackPointExtension>
            <ns3:hr>116</ns3:hr>
            <ns3:cad>50</ns3:cad>
          </ns3:TrackPointExtension>
        </extensions>
      </trkpt>
      <trkpt lat="24.496676959097385406494140625" lon="117.959968037903308868408203125">
        <ele>153.8000030517578125</ele>
        <time>2026-09-19T07:42:28.000Z</time>
        <extensions>
          <ns3:TrackPointExtension>
            <ns3:hr>117</ns3:hr>
            <ns3:cad>50</ns3:cad>
          </ns3:TrackPointExtension>
        </extensions>
      </trkpt>
      <trkpt lat="24.49669011868536472320556640625" lon="117.9599621705710887908935546875">
        <ele>153.8000030517578125</ele>
        <time>2026-09-19T07:42:29.000Z</time>
        <extensions>
          <ns3:TrackPointExtension>
            <ns3:hr>118</ns3:hr>
            <ns3:cad>50</ns3:cad>
          </ns3:TrackPointExtension>
        </extensions>
      </trkpt>
      <trkpt lat="24.496707133948802947998046875" lon="117.9599527828395366668701171875">
        <ele>154</ele>
        <time>2026-09-19T07:42:30.000Z</time>
        <extensions>
          <ns3:TrackPointExtension>
            <ns3:hr>118</ns3:hr>
            <ns3:cad>0</ns3:cad>
          </ns3:TrackPointExtension>
        </extensions>
      </trkpt>
      <trkpt lat="24.49671627022325992584228515625" lon="117.95994666405022144317626953125">
        <ele>154</ele>
        <time>2026-09-19T07:42:31.000Z</time>
        <extensions>
          <ns3:TrackPointExtension>
            <ns3:hr>119</ns3:hr>
            <ns3:cad>0</ns3:cad>
          </ns3:TrackPointExtension>
        </extensions>
      </trkpt>
      <trkpt lat="24.49672297574579715728759765625" lon="117.959941886365413665771484375">
        <ele>154</ele>
        <time>2026-09-19T07:42:32.000Z</time>
        <extensions>
          <ns3:TrackPointExtension>
            <ns3:hr>119</ns3:hr>
            <ns3:cad>0</ns3:cad>
          </ns3:TrackPointExtension>
        </extensions>
      </trkpt>
      <trkpt lat="24.49672758579254150390625" lon="117.95993727631866931915283203125">
        <ele>154.1999969482421875</ele>
        <time>2026-09-19T07:42:33.000Z</time>
        <extensions>
          <ns3:TrackPointExtension>
            <ns3:hr>119</ns3:hr>
            <ns3:cad>0</ns3:cad>
          </ns3:TrackPointExtension>
        </extensions>
      </trkpt>
      <trkpt lat="24.4967381469905376434326171875" lon="117.9599313251674175262451171875">
        <ele>154.1999969482421875</ele>
        <time>2026-09-19T07:42:34.000Z</time>
        <extensions>
          <ns3:TrackPointExtension>
            <ns3:hr>119</ns3:hr>
            <ns3:cad>0</ns3:cad>
          </ns3:TrackPointExtension>
        </extensions>
      </trkpt>
      <trkpt lat="24.49674971401691436767578125" lon="117.95992654748260974884033203125">
        <ele>154.399993896484375</ele>
        <time>2026-09-19T07:42:35.000Z</time>
        <extensions>
          <ns3:TrackPointExtension>
            <ns3:hr>120</ns3:hr>
            <ns3:cad>47</ns3:cad>
          </ns3:TrackPointExtension>
        </extensions>
      </trkpt>
      <trkpt lat="24.4967582635581493377685546875" lon="117.95992487110197544097900390625">
        <ele>154.600006103515625</ele>
        <time>2026-09-19T07:42:36.000Z</time>
        <extensions>
          <ns3:TrackPointExtension>
            <ns3:hr>120</ns3:hr>
            <ns3:cad>48</ns3:cad>
          </ns3:TrackPointExtension>
        </extensions>
      </trkpt>
      <trkpt lat="24.496770836412906646728515625" lon="117.95992151834070682525634765625">
        <ele>154.8000030517578125</ele>
        <time>2026-09-19T07:42:37.000Z</time>
        <extensions>
          <ns3:TrackPointExtension>
            <ns3:hr>120</ns3:hr>
            <ns3:cad>48</ns3:cad>
          </ns3:TrackPointExtension>
        </extensions>
      </trkpt>
      <trkpt lat="24.49677712284028530120849609375" lon="117.95992101542651653289794921875">
        <ele>155</ele>
        <time>2026-09-19T07:42:38.000Z</time>
        <extensions>
          <ns3:TrackPointExtension>
            <ns3:hr>121</ns3:hr>
            <ns3:cad>48</ns3:cad>
          </ns3:TrackPointExtension>
        </extensions>
      </trkpt>
      <trkpt lat="24.496786259114742279052734375" lon="117.95991833321750164031982421875">
        <ele>155.1999969482421875</ele>
        <time>2026-09-19T07:42:39.000Z</time>
        <extensions>
          <ns3:TrackPointExtension>
            <ns3:hr>121</ns3:hr>
            <ns3:cad>48</ns3:cad>
          </ns3:TrackPointExtension>
        </extensions>
      </trkpt>
      <trkpt lat="24.4967991672456264495849609375" lon="117.95991933904588222503662109375">
        <ele>155.399993896484375</ele>
        <time>2026-09-19T07:42:40.000Z</time>
        <extensions>
          <ns3:TrackPointExtension>
            <ns3:hr>121</ns3:hr>
            <ns3:cad>48</ns3:cad>
          </ns3:TrackPointExtension>
        </extensions>
      </trkpt>
      <trkpt lat="24.4968095608055591583251953125" lon="117.9599229432642459869384765625">
        <ele>155.399993896484375</ele>
        <time>2026-09-19T07:42:41.000Z</time>
        <extensions>
          <ns3:TrackPointExtension>
            <ns3:hr>122</ns3:hr>
            <ns3:cad>48</ns3:cad>
          </ns3:TrackPointExtension>
        </extensions>
      </trkpt>
      <trkpt lat="24.49682615697383880615234375" lon="117.95993484556674957275390625">
        <ele>155.8000030517578125</ele>
        <time>2026-09-19T07:42:42.000Z</time>
        <extensions>
          <ns3:TrackPointExtension>
            <ns3:hr>122</ns3:hr>
            <ns3:cad>48</ns3:cad>
          </ns3:TrackPointExtension>
        </extensions>
      </trkpt>
      <trkpt lat="24.4968407414853572845458984375" lon="117.9599407128989696502685546875">
        <ele>156</ele>
        <time>2026-09-19T07:42:43.000Z</time>
        <extensions>
          <ns3:TrackPointExtension>
            <ns3:hr>123</ns3:hr>
            <ns3:cad>48</ns3:cad>
          </ns3:TrackPointExtension>
        </extensions>
      </trkpt>
      <trkpt lat="24.49685323052108287811279296875" lon="117.95994465239346027374267578125">
        <ele>156.399993896484375</ele>
        <time>2026-09-19T07:42:44.000Z</time>
        <extensions>
          <ns3:TrackPointExtension>
            <ns3:hr>124</ns3:hr>
            <ns3:cad>53</ns3:cad>
          </ns3:TrackPointExtension>
        </extensions>
      </trkpt>
      <trkpt lat="24.4968658871948719024658203125" lon="117.95994666405022144317626953125">
        <ele>156.8000030517578125</ele>
        <time>2026-09-19T07:42:45.000Z</time>
        <extensions>
          <ns3:TrackPointExtension>
            <ns3:hr>125</ns3:hr>
            <ns3:cad>53</ns3:cad>
          </ns3:TrackPointExtension>
        </extensions>
      </trkpt>
      <trkpt lat="24.49687250889837741851806640625" lon="117.95994800515472888946533203125">
        <ele>157</ele>
        <time>2026-09-19T07:42:46.000Z</time>
        <extensions>
          <ns3:TrackPointExtension>
            <ns3:hr>126</ns3:hr>
            <ns3:cad>53</ns3:cad>
          </ns3:TrackPointExtension>
        </extensions>
      </trkpt>
      <trkpt lat="24.49687954969704151153564453125" lon="117.95994968153536319732666015625">
        <ele>157.399993896484375</ele>
        <time>2026-09-19T07:42:47.000Z</time>
        <extensions>
          <ns3:TrackPointExtension>
            <ns3:hr>127</ns3:hr>
            <ns3:cad>52</ns3:cad>
          </ns3:TrackPointExtension>
        </extensions>
      </trkpt>
      <trkpt lat="24.49689052999019622802734375" lon="117.95995085500180721282958984375">
        <ele>157.600006103515625</ele>
        <time>2026-09-19T07:42:48.000Z</time>
        <extensions>
          <ns3:TrackPointExtension>
            <ns3:hr>127</ns3:hr>
            <ns3:cad>52</ns3:cad>
          </ns3:TrackPointExtension>
        </extensions>
      </trkpt>
      <trkpt lat="24.49690050445497035980224609375" lon="117.95995496213436126708984375">
        <ele>157.8000030517578125</ele>
        <time>2026-09-19T07:42:49.000Z</time>
        <extensions>
          <ns3:TrackPointExtension>
            <ns3:hr>128</ns3:hr>
            <ns3:cad>52</ns3:cad>
          </ns3:TrackPointExtension>
        </extensions>
      </trkpt>
      <trkpt lat="24.4969151727855205535888671875" lon="117.959956638514995574951171875">
        <ele>158</ele>
        <time>2026-09-19T07:42:50.000Z</time>
        <extensions>
          <ns3:TrackPointExtension>
            <ns3:hr>128</ns3:hr>
            <ns3:cad>51</ns3:cad>
          </ns3:TrackPointExtension>
        </extensions>
      </trkpt>
      <trkpt lat="24.496926404535770416259765625" lon="117.9599583148956298828125">
        <ele>158.1999969482421875</ele>
        <time>2026-09-19T07:42:51.000Z</time>
        <extensions>
          <ns3:TrackPointExtension>
            <ns3:hr>129</ns3:hr>
            <ns3:cad>51</ns3:cad>
          </ns3:TrackPointExtension>
        </extensions>
      </trkpt>
      <trkpt lat="24.49693637900054454803466796875" lon="117.9599591530859470367431640625">
        <ele>158.399993896484375</ele>
        <time>2026-09-19T07:42:52.000Z</time>
        <extensions>
          <ns3:TrackPointExtension>
            <ns3:hr>129</ns3:hr>
            <ns3:cad>54</ns3:cad>
          </ns3:TrackPointExtension>
        </extensions>
      </trkpt>
      <trkpt lat="24.496943838894367218017578125" lon="117.95996041037142276763916015625">
        <ele>158.600006103515625</ele>
        <time>2026-09-19T07:42:53.000Z</time>
        <extensions>
          <ns3:TrackPointExtension>
            <ns3:hr>132</ns3:hr>
            <ns3:cad>54</ns3:cad>
          </ns3:TrackPointExtension>
        </extensions>
      </trkpt>
      <trkpt lat="24.49694828130304813385009765625" lon="117.95996074564754962921142578125">
        <ele>158.8000030517578125</ele>
        <time>2026-09-19T07:42:54.000Z</time>
        <extensions>
          <ns3:TrackPointExtension>
            <ns3:hr>134</ns3:hr>
            <ns3:cad>53</ns3:cad>
          </ns3:TrackPointExtension>
        </extensions>
      </trkpt>
      <trkpt lat="24.49696420691907405853271484375" lon="117.959962673485279083251953125">
        <ele>159</ele>
        <time>2026-09-19T07:42:55.000Z</time>
        <extensions>
          <ns3:TrackPointExtension>
            <ns3:hr>135</ns3:hr>
            <ns3:cad>53</ns3:cad>
          </ns3:TrackPointExtension>
        </extensions>
      </trkpt>
      <trkpt lat="24.496980719268321990966796875" lon="117.95996460132300853729248046875">
        <ele>159.399993896484375</ele>
        <time>2026-09-19T07:42:56.000Z</time>
        <extensions>
          <ns3:TrackPointExtension>
            <ns3:hr>135</ns3:hr>
            <ns3:cad>53</ns3:cad>
          </ns3:TrackPointExtension>
        </extensions>
      </trkpt>
      <trkpt lat="24.49699589051306247711181640625" lon="117.95997063629329204559326171875">
        <ele>159.600006103515625</ele>
        <time>2026-09-19T07:42:57.000Z</time>
        <extensions>
          <ns3:TrackPointExtension>
            <ns3:hr>136</ns3:hr>
            <ns3:cad>53</ns3:cad>
          </ns3:TrackPointExtension>
        </extensions>
      </trkpt>
      <trkpt lat="24.49701081030070781707763671875" lon="117.95997398905456066131591796875">
        <ele>159.8000030517578125</ele>
        <time>2026-09-19T07:42:58.000Z</time>
        <extensions>
          <ns3:TrackPointExtension>
            <ns3:hr>136</ns3:hr>
            <ns3:cad>50</ns3:cad>
          </ns3:TrackPointExtension>
        </extensions>
      </trkpt>
      <trkpt lat="24.497019946575164794921875" lon="117.95997315086424350738525390625">
        <ele>160</ele>
        <time>2026-09-19T07:42:59.000Z</time>
        <extensions>
          <ns3:TrackPointExtension>
            <ns3:hr>137</ns3:hr>
            <ns3:cad>50</ns3:cad>
          </ns3:TrackPointExtension>
        </extensions>
      </trkpt>
      <trkpt lat="24.497028999030590057373046875" lon="117.95997365377843379974365234375">
        <ele>160</ele>
        <time>2026-09-19T07:43:00.000Z</time>
        <extensions>
          <ns3:TrackPointExtension>
            <ns3:hr>137</ns3:hr>
            <ns3:cad>50</ns3:cad>
          </ns3:TrackPointExtension>
        </extensions>
      </trkpt>
      <trkpt lat="24.49703939259052276611328125" lon="117.9599757492542266845703125">
        <ele>160</ele>
        <time>2026-09-19T07:43:01.000Z</time>
        <extensions>
          <ns3:TrackPointExtension>
            <ns3:hr>138</ns3:hr>
            <ns3:cad>50</ns3:cad>
          </ns3:TrackPointExtension>
        </extensions>
      </trkpt>
      <trkpt lat="24.49704970233142375946044921875" lon="117.95997868292033672332763671875">
        <ele>160.1999969482421875</ele>
        <time>2026-09-19T07:43:02.000Z</time>
        <extensions>
          <ns3:TrackPointExtension>
            <ns3:hr>138</ns3:hr>
            <ns3:cad>52</ns3:cad>
          </ns3:TrackPointExtension>
        </extensions>
      </trkpt>
      <trkpt lat="24.49706713669002056121826171875" lon="117.95998354442417621612548828125">
        <ele>160.399993896484375</ele>
        <time>2026-09-19T07:43:03.000Z</time>
        <extensions>
          <ns3:TrackPointExtension>
            <ns3:hr>139</ns3:hr>
            <ns3:cad>52</ns3:cad>
          </ns3:TrackPointExtension>
        </extensions>
      </trkpt>
      <trkpt lat="24.4970831461250782012939453125" lon="117.95998723246157169342041015625">
        <ele>160.600006103515625</ele>
        <time>2026-09-19T07:43:04.000Z</time>
        <extensions>
          <ns3:TrackPointExtension>
            <ns3:hr>139</ns3:hr>
            <ns3:cad>52</ns3:cad>
          </ns3:TrackPointExtension>
        </extensions>
      </trkpt>
      <trkpt lat="24.4970963895320892333984375" lon="117.95998983085155487060546875">
        <ele>161</ele>
        <time>2026-09-19T07:43:05.000Z</time>
        <extensions>
          <ns3:TrackPointExtension>
            <ns3:hr>140</ns3:hr>
            <ns3:cad>53</ns3:cad>
          </ns3:TrackPointExtension>
        </extensions>
      </trkpt>
      <trkpt lat="24.49711047112941741943359375" lon="117.95999259687960147857666015625">
        <ele>161.1999969482421875</ele>
        <time>2026-09-19T07:43:06.000Z</time>
        <extensions>
          <ns3:TrackPointExtension>
            <ns3:hr>140</ns3:hr>
            <ns3:cad>53</ns3:cad>
          </ns3:TrackPointExtension>
        </extensions>
      </trkpt>
      <trkpt lat="24.49712254106998443603515625" lon="117.95999385416507720947265625">
        <ele>161.399993896484375</ele>
        <time>2026-09-19T07:43:07.000Z</time>
        <extensions>
          <ns3:TrackPointExtension>
            <ns3:hr>140</ns3:hr>
            <ns3:cad>53</ns3:cad>
          </ns3:TrackPointExtension>
        </extensions>
      </trkpt>
      <trkpt lat="24.497130922973155975341796875" lon="117.959992848336696624755859375">
        <ele>161.600006103515625</ele>
        <time>2026-09-19T07:43:08.000Z</time>
        <extensions>
          <ns3:TrackPointExtension>
            <ns3:hr>139</ns3:hr>
            <ns3:cad>51</ns3:cad>
          </ns3:TrackPointExtension>
        </extensions>
      </trkpt>
      <trkpt lat="24.4971366226673126220703125" lon="117.95999527908861637115478515625">
        <ele>162</ele>
        <time>2026-09-19T07:43:09.000Z</time>
        <extensions>
          <ns3:TrackPointExtension>
            <ns3:hr>140</ns3:hr>
            <ns3:cad>51</ns3:cad>
          </ns3:TrackPointExtension>
        </extensions>
      </trkpt>
      <trkpt lat="24.497145004570484161376953125" lon="117.95999511145055294036865234375">
        <ele>162.1999969482421875</ele>
        <time>2026-09-19T07:43:10.000Z</time>
        <extensions>
          <ns3:TrackPointExtension>
            <ns3:hr>140</ns3:hr>
            <ns3:cad>51</ns3:cad>
          </ns3:TrackPointExtension>
        </extensions>
      </trkpt>
      <trkpt lat="24.49716411530971527099609375" lon="117.95998974703252315521240234375">
        <ele>162.399993896484375</ele>
        <time>2026-09-19T07:43:11.000Z</time>
        <extensions>
          <ns3:TrackPointExtension>
            <ns3:hr>139</ns3:hr>
            <ns3:cad>51</ns3:cad>
          </ns3:TrackPointExtension>
        </extensions>
      </trkpt>
      <trkpt lat="24.497185908257961273193359375" lon="117.959985472261905670166015625">
        <ele>162.600006103515625</ele>
        <time>2026-09-19T07:43:12.000Z</time>
        <extensions>
          <ns3:TrackPointExtension>
            <ns3:hr>140</ns3:hr>
            <ns3:cad>51</ns3:cad>
          </ns3:TrackPointExtension>
        </extensions>
      </trkpt>
      <trkpt lat="24.49720309115946292877197265625" lon="117.95998052693903446197509765625">
        <ele>162.600006103515625</ele>
        <time>2026-09-19T07:43:13.000Z</time>
        <extensions>
          <ns3:TrackPointExtension>
            <ns3:hr>140</ns3:hr>
            <ns3:cad>51</ns3:cad>
          </ns3:TrackPointExtension>
        </extensions>
      </trkpt>
      <trkpt lat="24.4972149096429347991943359375" lon="117.95997566543519496917724609375">
        <ele>162.600006103515625</ele>
        <time>2026-09-19T07:43:14.000Z</time>
        <extensions>
          <ns3:TrackPointExtension>
            <ns3:hr>140</ns3:hr>
            <ns3:cad>50</ns3:cad>
          </ns3:TrackPointExtension>
        </extensions>
      </trkpt>
      <trkpt lat="24.4972232915461063385009765625" lon="117.95997331850230693817138671875">
        <ele>162.8000030517578125</ele>
        <time>2026-09-19T07:43:15.000Z</time>
        <extensions>
          <ns3:TrackPointExtension>
            <ns3:hr>140</ns3:hr>
            <ns3:cad>49</ns3:cad>
          </ns3:TrackPointExtension>
        </extensions>
      </trkpt>
      <trkpt lat="24.4972286559641361236572265625" lon="117.9599715583026409149169921875">
        <ele>162.8000030517578125</ele>
        <time>2026-09-19T07:43:16.000Z</time>
        <extensions>
          <ns3:TrackPointExtension>
            <ns3:hr>140</ns3:hr>
            <ns3:cad>48</ns3:cad>
          </ns3:TrackPointExtension>
        </extensions>
      </trkpt>
      <trkpt lat="24.49723578058183193206787109375" lon="117.9599641822278499603271484375">
        <ele>163</ele>
        <time>2026-09-19T07:43:17.000Z</time>
        <extensions>
          <ns3:TrackPointExtension>
            <ns3:hr>140</ns3:hr>
            <ns3:cad>48</ns3:cad>
          </ns3:TrackPointExtension>
        </extensions>
      </trkpt>
      <trkpt lat="24.49724416248500347137451171875" lon="117.9599494300782680511474609375">
        <ele>163</ele>
        <time>2026-09-19T07:43:18.000Z</time>
        <extensions>
          <ns3:TrackPointExtension>
            <ns3:hr>141</ns3:hr>
            <ns3:cad>48</ns3:cad>
          </ns3:TrackPointExtension>
        </extensions>
      </trkpt>
      <trkpt lat="24.497248940169811248779296875" lon="117.95993861742317676544189453125">
        <ele>163</ele>
        <time>2026-09-19T07:43:19.000Z</time>
        <extensions>
          <ns3:TrackPointExtension>
            <ns3:hr>141</ns3:hr>
            <ns3:cad>48</ns3:cad>
          </ns3:TrackPointExtension>
        </extensions>
      </trkpt>
      <trkpt lat="24.49725002981722354888916015625" lon="117.95993006788194179534912109375">
        <ele>163</ele>
        <time>2026-09-19T07:43:20.000Z</time>
        <extensions>
          <ns3:TrackPointExtension>
            <ns3:hr>141</ns3:hr>
            <ns3:cad>48</ns3:cad>
          </ns3:TrackPointExtension>
        </extensions>
      </trkpt>
      <trkpt lat="24.49724919162690639495849609375" lon="117.9599293135106563568115234375">
        <ele>163</ele>
        <time>2026-09-19T07:43:21.000Z</time>
        <extensions>
          <ns3:TrackPointExtension>
            <ns3:hr>141</ns3:hr>
            <ns3:cad>48</ns3:cad>
          </ns3:TrackPointExtension>
        </extensions>
      </trkpt>
      <trkpt lat="24.4972517900168895721435546875" lon="117.959918081760406494140625">
        <ele>163</ele>
        <time>2026-09-19T07:43:22.000Z</time>
        <extensions>
          <ns3:TrackPointExtension>
            <ns3:hr>140</ns3:hr>
            <ns3:cad>47</ns3:cad>
          </ns3:TrackPointExtension>
        </extensions>
      </trkpt>
      <trkpt lat="24.49725287966430187225341796875" lon="117.959902323782444000244140625">
        <ele>162.8000030517578125</ele>
        <time>2026-09-19T07:43:23.000Z</time>
        <extensions>
          <ns3:TrackPointExtension>
            <ns3:hr>140</ns3:hr>
            <ns3:cad>46</ns3:cad>
          </ns3:TrackPointExtension>
        </extensions>
      </trkpt>
      <trkpt lat="24.49725355021655559539794921875" lon="117.95988522469997406005859375">
        <ele>162.8000030517578125</ele>
        <time>2026-09-19T07:43:24.000Z</time>
        <extensions>
          <ns3:TrackPointExtension>
            <ns3:hr>140</ns3:hr>
            <ns3:cad>46</ns3:cad>
          </ns3:TrackPointExtension>
        </extensions>
      </trkpt>
      <trkpt lat="24.4972519576549530029296875" lon="117.95986686833202838897705078125">
        <ele>162.600006103515625</ele>
        <time>2026-09-19T07:43:25.000Z</time>
        <extensions>
          <ns3:TrackPointExtension>
            <ns3:hr>140</ns3:hr>
            <ns3:cad>49</ns3:cad>
          </ns3:TrackPointExtension>
        </extensions>
      </trkpt>
      <trkpt lat="24.49725321494042873382568359375" lon="117.959850020706653594970703125">
        <ele>162.600006103515625</ele>
        <time>2026-09-19T07:43:26.000Z</time>
        <extensions>
          <ns3:TrackPointExtension>
            <ns3:hr>142</ns3:hr>
            <ns3:cad>50</ns3:cad>
          </ns3:TrackPointExtension>
        </extensions>
      </trkpt>
      <trkpt lat="24.4972527958452701568603515625" lon="117.959831915795803070068359375">
        <ele>162.399993896484375</ele>
        <time>2026-09-19T07:43:27.000Z</time>
        <extensions>
          <ns3:TrackPointExtension>
            <ns3:hr>143</ns3:hr>
            <ns3:cad>50</ns3:cad>
          </ns3:TrackPointExtension>
        </extensions>
      </trkpt>
      <trkpt lat="24.4972521252930164337158203125" lon="117.9598139785230159759521484375">
        <ele>162.399993896484375</ele>
        <time>2026-09-19T07:43:28.000Z</time>
        <extensions>
          <ns3:TrackPointExtension>
            <ns3:hr>143</ns3:hr>
            <ns3:cad>50</ns3:cad>
          </ns3:TrackPointExtension>
        </extensions>
      </trkpt>
      <trkpt lat="24.49725187383592128753662109375" lon="117.95980249531567096710205078125">
        <ele>162.1999969482421875</ele>
        <time>2026-09-19T07:43:29.000Z</time>
        <extensions>
          <ns3:TrackPointExtension>
            <ns3:hr>142</ns3:hr>
            <ns3:cad>53</ns3:cad>
          </ns3:TrackPointExtension>
        </extensions>
      </trkpt>
      <trkpt lat="24.49725220911204814910888671875" lon="117.9597925208508968353271484375">
        <ele>162</ele>
        <time>2026-09-19T07:43:30.000Z</time>
        <extensions>
          <ns3:TrackPointExtension>
            <ns3:hr>141</ns3:hr>
            <ns3:cad>54</ns3:cad>
          </ns3:TrackPointExtension>
        </extensions>
      </trkpt>
      <trkpt lat="24.49725438840687274932861328125" lon="117.9597915150225162506103515625">
        <ele>162</ele>
        <time>2026-09-19T07:43:31.000Z</time>
        <extensions>
          <ns3:TrackPointExtension>
            <ns3:hr>140</ns3:hr>
            <ns3:cad>54</ns3:cad>
          </ns3:TrackPointExtension>
        </extensions>
      </trkpt>
      <trkpt lat="24.49725723825395107269287109375" lon="117.9597764275968074798583984375">
        <ele>161.8000030517578125</ele>
        <time>2026-09-19T07:43:32.000Z</time>
        <extensions>
          <ns3:TrackPointExtension>
            <ns3:hr>140</ns3:hr>
            <ns3:cad>54</ns3:cad>
          </ns3:TrackPointExtension>
        </extensions>
      </trkpt>
      <trkpt lat="24.49726159684360027313232421875" lon="117.95976259745657444000244140625">
        <ele>161.8000030517578125</ele>
        <time>2026-09-19T07:43:33.000Z</time>
        <extensions>
          <ns3:TrackPointExtension>
            <ns3:hr>139</ns3:hr>
            <ns3:cad>55</ns3:cad>
          </ns3:TrackPointExtension>
        </extensions>
      </trkpt>
      <trkpt lat="24.49726494960486888885498046875" lon="117.95974415726959705352783203125">
        <ele>161.8000030517578125</ele>
        <time>2026-09-19T07:43:34.000Z</time>
        <extensions>
          <ns3:TrackPointExtension>
            <ns3:hr>139</ns3:hr>
            <ns3:cad>55</ns3:cad>
          </ns3:TrackPointExtension>
        </extensions>
      </trkpt>
      <trkpt lat="24.49726914055645465850830078125" lon="117.95972554944455623626708984375">
        <ele>161.600006103515625</ele>
        <time>2026-09-19T07:43:35.000Z</time>
        <extensions>
          <ns3:TrackPointExtension>
            <ns3:hr>139</ns3:hr>
            <ns3:cad>55</ns3:cad>
          </ns3:TrackPointExtension>
        </extensions>
      </trkpt>
      <trkpt lat="24.49727148748934268951416015625" lon="117.9597127251327037811279296875">
        <ele>161.600006103515625</ele>
        <time>2026-09-19T07:43:36.000Z</time>
        <extensions>
          <ns3:TrackPointExtension>
            <ns3:hr>139</ns3:hr>
            <ns3:cad>55</ns3:cad>
          </ns3:TrackPointExtension>
        </extensions>
      </trkpt>
      <trkpt lat="24.49727316386997699737548828125" lon="117.95969956554472446441650390625">
        <ele>161.8000030517578125</ele>
        <time>2026-09-19T07:43:37.000Z</time>
        <extensions>
          <ns3:TrackPointExtension>
            <ns3:hr>138</ns3:hr>
            <ns3:cad>55</ns3:cad>
          </ns3:TrackPointExtension>
        </extensions>
      </trkpt>
      <trkpt lat="24.4972745887935161590576171875" lon="117.9596889205276966094970703125">
        <ele>161.8000030517578125</ele>
        <time>2026-09-19T07:43:38.000Z</time>
        <extensions>
          <ns3:TrackPointExtension>
            <ns3:hr>138</ns3:hr>
            <ns3:cad>55</ns3:cad>
          </ns3:TrackPointExtension>
        </extensions>
      </trkpt>
      <trkpt lat="24.49727701954543590545654296875" lon="117.95967676676809787750244140625">
        <ele>161.8000030517578125</ele>
        <time>2026-09-19T07:43:39.000Z</time>
        <extensions>
          <ns3:TrackPointExtension>
            <ns3:hr>136</ns3:hr>
            <ns3:cad>55</ns3:cad>
          </ns3:TrackPointExtension>
        </extensions>
      </trkpt>
      <trkpt lat="24.49728003703057765960693359375" lon="117.959665618836879730224609375">
        <ele>161.8000030517578125</ele>
        <time>2026-09-19T07:43:40.000Z</time>
        <extensions>
          <ns3:TrackPointExtension>
            <ns3:hr>135</ns3:hr>
            <ns3:cad>55</ns3:cad>
          </ns3:TrackPointExtension>
        </extensions>
      </trkpt>
      <trkpt lat="24.4972819648683071136474609375" lon="117.95965011231601238250732421875">
        <ele>162</ele>
        <time>2026-09-19T07:43:41.000Z</time>
        <extensions>
          <ns3:TrackPointExtension>
            <ns3:hr>133</ns3:hr>
            <ns3:cad>53</ns3:cad>
          </ns3:TrackPointExtension>
        </extensions>
      </trkpt>
      <trkpt lat="24.4972833059728145599365234375" lon="117.95963385142385959625244140625">
        <ele>162</ele>
        <time>2026-09-19T07:43:42.000Z</time>
        <extensions>
          <ns3:TrackPointExtension>
            <ns3:hr>131</ns3:hr>
            <ns3:cad>53</ns3:cad>
          </ns3:TrackPointExtension>
        </extensions>
      </trkpt>
      <trkpt lat="24.4972843118011951446533203125" lon="117.959619350731372833251953125">
        <ele>162</ele>
        <time>2026-09-19T07:43:43.000Z</time>
        <extensions>
          <ns3:TrackPointExtension>
            <ns3:hr>130</ns3:hr>
            <ns3:cad>53</ns3:cad>
          </ns3:TrackPointExtension>
        </extensions>
      </trkpt>
      <trkpt lat="24.49728422798216342926025390625" lon="117.95960602350533008575439453125">
        <ele>162.1999969482421875</ele>
        <time>2026-09-19T07:43:44.000Z</time>
        <extensions>
          <ns3:TrackPointExtension>
            <ns3:hr>130</ns3:hr>
            <ns3:cad>53</ns3:cad>
          </ns3:TrackPointExtension>
        </extensions>
      </trkpt>
      <trkpt lat="24.49728372506797313690185546875" lon="117.9595970548689365386962890625">
        <ele>162.1999969482421875</ele>
        <time>2026-09-19T07:43:45.000Z</time>
        <extensions>
          <ns3:TrackPointExtension>
            <ns3:hr>129</ns3:hr>
            <ns3:cad>50</ns3:cad>
          </ns3:TrackPointExtension>
        </extensions>
      </trkpt>
      <trkpt lat="24.49728355742990970611572265625" lon="117.959589175879955291748046875">
        <ele>162.1999969482421875</ele>
        <time>2026-09-19T07:43:46.000Z</time>
        <extensions>
          <ns3:TrackPointExtension>
            <ns3:hr>128</ns3:hr>
            <ns3:cad>0</ns3:cad>
          </ns3:TrackPointExtension>
        </extensions>
      </trkpt>
      <trkpt lat="24.49728255160152912139892578125" lon="117.95958020724356174468994140625">
        <ele>162.1999969482421875</ele>
        <time>2026-09-19T07:43:47.000Z</time>
        <extensions>
          <ns3:TrackPointExtension>
            <ns3:hr>128</ns3:hr>
            <ns3:cad>0</ns3:cad>
          </ns3:TrackPointExtension>
        </extensions>
      </trkpt>
      <trkpt lat="24.49728037230670452117919921875" lon="117.95956461690366268157958984375">
        <ele>162.399993896484375</ele>
        <time>2026-09-19T07:43:48.000Z</time>
        <extensions>
          <ns3:TrackPointExtension>
            <ns3:hr>127</ns3:hr>
            <ns3:cad>0</ns3:cad>
          </ns3:TrackPointExtension>
        </extensions>
      </trkpt>
      <trkpt lat="24.497279785573482513427734375" lon="117.95954902656376361846923828125">
        <ele>162.399993896484375</ele>
        <time>2026-09-19T07:43:49.000Z</time>
        <extensions>
          <ns3:TrackPointExtension>
            <ns3:hr>127</ns3:hr>
            <ns3:cad>0</ns3:cad>
          </ns3:TrackPointExtension>
        </extensions>
      </trkpt>
      <trkpt lat="24.49727945029735565185546875" lon="117.95953678898513317108154296875">
        <ele>162.600006103515625</ele>
        <time>2026-09-19T07:43:50.000Z</time>
        <extensions>
          <ns3:TrackPointExtension>
            <ns3:hr>127</ns3:hr>
            <ns3:cad>0</ns3:cad>
          </ns3:TrackPointExtension>
        </extensions>
      </trkpt>
      <trkpt lat="24.49727970175445079803466796875" lon="117.9595279879868030548095703125">
        <ele>162.8000030517578125</ele>
        <time>2026-09-19T07:43:51.000Z</time>
        <extensions>
          <ns3:TrackPointExtension>
            <ns3:hr>127</ns3:hr>
            <ns3:cad>51</ns3:cad>
          </ns3:TrackPointExtension>
        </extensions>
      </trkpt>
      <trkpt lat="24.497281797230243682861328125" lon="117.9595232941210269927978515625">
        <ele>163</ele>
        <time>2026-09-19T07:43:52.000Z</time>
        <extensions>
          <ns3:TrackPointExtension>
            <ns3:hr>127</ns3:hr>
            <ns3:cad>51</ns3:cad>
          </ns3:TrackPointExtension>
        </extensions>
      </trkpt>
      <trkpt lat="24.4971156679093837738037109375" lon="117.95974683947861194610595703125">
        <ele>163.399993896484375</ele>
        <time>2026-09-19T08:29:48.000Z</time>
        <extensions>
          <ns3:TrackPointExtension>
            <ns3:hr>81</ns3:hr>
            <ns3:cad>0</ns3:cad>
          </ns3:TrackPointExtension>
        </extensions>
      </trkpt>
      <trkpt lat="24.49736184440553188323974609375" lon="117.960426695644855499267578125">
        <ele>163.399993896484375</ele>
        <time>2026-09-19T08:29:49.000Z</time>
        <extensions>
          <ns3:TrackPointExtension>
            <ns3:hr>81</ns3:hr>
            <ns3:cad>0</ns3:cad>
          </ns3:TrackPointExtension>
        </extensions>
      </trkpt>
      <trkpt lat="24.49711591936647891998291015625" lon="117.96055049635469913482666015625">
        <ele>163.1999969482421875</ele>
        <time>2026-09-19T08:29:50.000Z</time>
        <extensions>
          <ns3:TrackPointExtension>
            <ns3:hr>83</ns3:hr>
            <ns3:cad>0</ns3:cad>
          </ns3:TrackPointExtension>
        </extensions>
      </trkpt>
      <trkpt lat="24.497016929090023040771484375" lon="117.96057145111262798309326171875">
        <ele>163</ele>
        <time>2026-09-19T08:29:51.000Z</time>
        <extensions>
          <ns3:TrackPointExtension>
            <ns3:hr>84</ns3:hr>
            <ns3:cad>0</ns3:cad>
          </ns3:TrackPointExtension>
        </extensions>
      </trkpt>
      <trkpt lat="24.49701483361423015594482421875" lon="117.9605214111506938934326171875">
        <ele>162.600006103515625</ele>
        <time>2026-09-19T08:29:52.000Z</time>
        <extensions>
          <ns3:TrackPointExtension>
            <ns3:hr>85</ns3:hr>
            <ns3:cad>0</ns3:cad>
          </ns3:TrackPointExtension>
        </extensions>
      </trkpt>
      <trkpt lat="24.49710887856781482696533203125" lon="117.960416637361049652099609375">
        <ele>162.399993896484375</ele>
        <time>2026-09-19T08:29:53.000Z</time>
        <extensions>
          <ns3:TrackPointExtension>
            <ns3:hr>86</ns3:hr>
            <ns3:cad>0</ns3:cad>
          </ns3:TrackPointExtension>
        </extensions>
      </trkpt>
      <trkpt lat="24.497118182480335235595703125" lon="117.96038218773901462554931640625">
        <ele>162.399993896484375</ele>
        <time>2026-09-19T08:29:54.000Z</time>
        <extensions>
          <ns3:TrackPointExtension>
            <ns3:hr>86</ns3:hr>
            <ns3:cad>83</ns3:cad>
          </ns3:TrackPointExtension>
        </extensions>
      </trkpt>
      <trkpt lat="24.49712648056447505950927734375" lon="117.96036492101848125457763671875">
        <ele>162.399993896484375</ele>
        <time>2026-09-19T08:29:55.000Z</time>
        <extensions>
          <ns3:TrackPointExtension>
            <ns3:hr>86</ns3:hr>
            <ns3:cad>83</ns3:cad>
          </ns3:TrackPointExtension>
        </extensions>
      </trkpt>
      <trkpt lat="24.49712924659252166748046875" lon="117.96035737730562686920166015625">
        <ele>162.1999969482421875</ele>
        <time>2026-09-19T08:29:56.000Z</time>
        <extensions>
          <ns3:TrackPointExtension>
            <ns3:hr>87</ns3:hr>
            <ns3:cad>83</ns3:cad>
          </ns3:TrackPointExtension>
        </extensions>
      </trkpt>
      <trkpt lat="24.49713595211505889892578125" lon="117.9603524319827556610107421875">
        <ele>162.1999969482421875</ele>
        <time>2026-09-19T08:29:57.000Z</time>
        <extensions>
          <ns3:TrackPointExtension>
            <ns3:hr>87</ns3:hr>
            <ns3:cad>83</ns3:cad>
          </ns3:TrackPointExtension>
        </extensions>
      </trkpt>
      <trkpt lat="24.49714626185595989227294921875" lon="117.96035067178308963775634765625">
        <ele>162</ele>
        <time>2026-09-19T08:29:58.000Z</time>
        <extensions>
          <ns3:TrackPointExtension>
            <ns3:hr>88</ns3:hr>
            <ns3:cad>84</ns3:cad>
          </ns3:TrackPointExtension>
        </extensions>
      </trkpt>
      <trkpt lat="24.49716000817716121673583984375" lon="117.96034648083150386810302734375">
        <ele>162</ele>
        <time>2026-09-19T08:29:59.000Z</time>
        <extensions>
          <ns3:TrackPointExtension>
            <ns3:hr>89</ns3:hr>
            <ns3:cad>85</ns3:cad>
          </ns3:TrackPointExtension>
        </extensions>
      </trkpt>
      <trkpt lat="24.4971473515033721923828125" lon="117.96035922132432460784912109375">
        <ele>162</ele>
        <time>2026-09-19T08:30:00.000Z</time>
        <extensions>
          <ns3:TrackPointExtension>
            <ns3:hr>91</ns3:hr>
            <ns3:cad>86</ns3:cad>
          </ns3:TrackPointExtension>
        </extensions>
      </trkpt>
      <trkpt lat="24.497148692607879638671875" lon="117.960338853299617767333984375">
        <ele>162</ele>
        <time>2026-09-19T08:30:01.000Z</time>
        <extensions>
          <ns3:TrackPointExtension>
            <ns3:hr>92</ns3:hr>
            <ns3:cad>86</ns3:cad>
          </ns3:TrackPointExtension>
        </extensions>
      </trkpt>
      <trkpt lat="24.49715078808367252349853515625" lon="117.96031412668526172637939453125">
        <ele>162</ele>
        <time>2026-09-19T08:30:02.000Z</time>
        <extensions>
          <ns3:TrackPointExtension>
            <ns3:hr>93</ns3:hr>
            <ns3:cad>86</ns3:cad>
          </ns3:TrackPointExtension>
        </extensions>
      </trkpt>
      <trkpt lat="24.4971714913845062255859375" lon="117.960269115865230560302734375">
        <ele>162.1999969482421875</ele>
        <time>2026-09-19T08:30:03.000Z</time>
        <extensions>
          <ns3:TrackPointExtension>
            <ns3:hr>95</ns3:hr>
            <ns3:cad>86</ns3:cad>
          </ns3:TrackPointExtension>
        </extensions>
      </trkpt>
      <trkpt lat="24.49718029238283634185791015625" lon="117.96025511808693408966064453125">
        <ele>162.399993896484375</ele>
        <time>2026-09-19T08:30:04.000Z</time>
        <extensions>
          <ns3:TrackPointExtension>
            <ns3:hr>96</ns3:hr>
            <ns3:cad>87</ns3:cad>
          </ns3:TrackPointExtension>
        </extensions>
      </trkpt>
      <trkpt lat="24.49717107228934764862060546875" lon="117.96023835428059101104736328125">
        <ele>162.600006103515625</ele>
        <time>2026-09-19T08:30:05.000Z</time>
        <extensions>
          <ns3:TrackPointExtension>
            <ns3:hr>97</ns3:hr>
            <ns3:cad>87</ns3:cad>
          </ns3:TrackPointExtension>
        </extensions>
      </trkpt>
      <trkpt lat="24.497168473899364471435546875" lon="117.960233576595783233642578125">
        <ele>162.8000030517578125</ele>
        <time>2026-09-19T08:30:06.000Z</time>
        <extensions>
          <ns3:TrackPointExtension>
            <ns3:hr>98</ns3:hr>
            <ns3:cad>86</ns3:cad>
          </ns3:TrackPointExtension>
        </extensions>
      </trkpt>
      <trkpt lat="24.49716017581522464752197265625" lon="117.96022108756005764007568359375">
        <ele>163</ele>
        <time>2026-09-19T08:30:07.000Z</time>
        <extensions>
          <ns3:TrackPointExtension>
            <ns3:hr>99</ns3:hr>
            <ns3:cad>84</ns3:cad>
          </ns3:TrackPointExtension>
        </extensions>
      </trkpt>
      <trkpt lat="24.49717744253575801849365234375" lon="117.96011866070330142974853515625">
        <ele>163.1999969482421875</ele>
        <time>2026-09-19T08:30:08.000Z</time>
        <extensions>
          <ns3:TrackPointExtension>
            <ns3:hr>100</ns3:hr>
            <ns3:cad>83</ns3:cad>
          </ns3:TrackPointExtension>
        </extensions>
      </trkpt>
      <trkpt lat="24.49718029238283634185791015625" lon="117.96005026437342166900634765625">
        <ele>163.399993896484375</ele>
        <time>2026-09-19T08:30:09.000Z</time>
        <extensions>
          <ns3:TrackPointExtension>
            <ns3:hr>103</ns3:hr>
            <ns3:cad>83</ns3:cad>
          </ns3:TrackPointExtension>
        </extensions>
      </trkpt>
      <trkpt lat="24.49714458547532558441162109375" lon="117.960016317665576934814453125">
        <ele>163.1999969482421875</ele>
        <time>2026-09-19T08:30:10.000Z</time>
        <extensions>
          <ns3:TrackPointExtension>
            <ns3:hr>105</ns3:hr>
            <ns3:cad>83</ns3:cad>
          </ns3:TrackPointExtension>
        </extensions>
      </trkpt>
      <trkpt lat="24.497116841375827789306640625" lon="117.9600064270198345184326171875">
        <ele>163</ele>
        <time>2026-09-19T08:30:11.000Z</time>
        <extensions>
          <ns3:TrackPointExtension>
            <ns3:hr>108</ns3:hr>
            <ns3:cad>84</ns3:cad>
          </ns3:TrackPointExtension>
        </extensions>
      </trkpt>
      <trkpt lat="24.49708499014377593994140625" lon="117.95999209396541118621826171875">
        <ele>162.8000030517578125</ele>
        <time>2026-09-19T08:30:12.000Z</time>
        <extensions>
          <ns3:TrackPointExtension>
            <ns3:hr>109</ns3:hr>
            <ns3:cad>84</ns3:cad>
          </ns3:TrackPointExtension>
        </extensions>
      </trkpt>
      <trkpt lat="24.497070573270320892333984375" lon="117.95997180975973606109619140625">
        <ele>162.399993896484375</ele>
        <time>2026-09-19T08:30:13.000Z</time>
        <extensions>
          <ns3:TrackPointExtension>
            <ns3:hr>111</ns3:hr>
            <ns3:cad>85</ns3:cad>
          </ns3:TrackPointExtension>
        </extensions>
      </trkpt>
      <trkpt lat="24.49703444726765155792236328125" lon="117.9599638469517230987548828125">
        <ele>161.8000030517578125</ele>
        <time>2026-09-19T08:30:14.000Z</time>
        <extensions>
          <ns3:TrackPointExtension>
            <ns3:hr>112</ns3:hr>
            <ns3:cad>85</ns3:cad>
          </ns3:TrackPointExtension>
        </extensions>
      </trkpt>
      <trkpt lat="24.49701215140521526336669921875" lon="117.9599454067647457122802734375">
        <ele>161.399993896484375</ele>
        <time>2026-09-19T08:30:15.000Z</time>
        <extensions>
          <ns3:TrackPointExtension>
            <ns3:hr>112</ns3:hr>
            <ns3:cad>85</ns3:cad>
          </ns3:TrackPointExtension>
        </extensions>
      </trkpt>
      <trkpt lat="24.4969756901264190673828125" lon="117.9599360190331935882568359375">
        <ele>160.8000030517578125</ele>
        <time>2026-09-19T08:30:16.000Z</time>
        <extensions>
          <ns3:TrackPointExtension>
            <ns3:hr>112</ns3:hr>
            <ns3:cad>85</ns3:cad>
          </ns3:TrackPointExtension>
        </extensions>
      </trkpt>
      <trkpt lat="24.496943838894367218017578125" lon="117.95991363935172557830810546875">
        <ele>160.399993896484375</ele>
        <time>2026-09-19T08:30:17.000Z</time>
        <extensions>
          <ns3:TrackPointExtension>
            <ns3:hr>114</ns3:hr>
            <ns3:cad>86</ns3:cad>
          </ns3:TrackPointExtension>
        </extensions>
      </trkpt>
      <trkpt lat="24.49691425077617168426513671875" lon="117.9598981328308582305908203125">
        <ele>160</ele>
        <time>2026-09-19T08:30:18.000Z</time>
        <extensions>
          <ns3:TrackPointExtension>
            <ns3:hr>115</ns3:hr>
            <ns3:cad>86</ns3:cad>
          </ns3:TrackPointExtension>
        </extensions>
      </trkpt>
      <trkpt lat="24.496890865266323089599609375" lon="117.95988597907125949859619140625">
        <ele>159.600006103515625</ele>
        <time>2026-09-19T08:30:19.000Z</time>
        <extensions>
          <ns3:TrackPointExtension>
            <ns3:hr>116</ns3:hr>
            <ns3:cad>86</ns3:cad>
          </ns3:TrackPointExtension>
        </extensions>
      </trkpt>
      <trkpt lat="24.49686731211841106414794921875" lon="117.9598738253116607666015625">
        <ele>159</ele>
        <time>2026-09-19T08:30:20.000Z</time>
        <extensions>
          <ns3:TrackPointExtension>
            <ns3:hr>117</ns3:hr>
            <ns3:cad>86</ns3:cad>
          </ns3:TrackPointExtension>
        </extensions>
      </trkpt>
      <trkpt lat="24.496843256056308746337890625" lon="117.959864437580108642578125">
        <ele>158.600006103515625</ele>
        <time>2026-09-19T08:30:21.000Z</time>
        <extensions>
          <ns3:TrackPointExtension>
            <ns3:hr>118</ns3:hr>
            <ns3:cad>86</ns3:cad>
          </ns3:TrackPointExtension>
        </extensions>
      </trkpt>
      <trkpt lat="24.49682020582258701324462890625" lon="117.95986385084688663482666015625">
        <ele>158.1999969482421875</ele>
        <time>2026-09-19T08:30:22.000Z</time>
        <extensions>
          <ns3:TrackPointExtension>
            <ns3:hr>119</ns3:hr>
            <ns3:cad>86</ns3:cad>
          </ns3:TrackPointExtension>
        </extensions>
      </trkpt>
      <trkpt lat="24.49678785167634487152099609375" lon="117.9598505236208438873291015625">
        <ele>157.600006103515625</ele>
        <time>2026-09-19T08:30:23.000Z</time>
        <extensions>
          <ns3:TrackPointExtension>
            <ns3:hr>118</ns3:hr>
            <ns3:cad>86</ns3:cad>
          </ns3:TrackPointExtension>
        </extensions>
      </trkpt>
      <trkpt lat="24.4967686571180820465087890625" lon="117.959848344326019287109375">
        <ele>157.1999969482421875</ele>
        <time>2026-09-19T08:30:24.000Z</time>
        <extensions>
          <ns3:TrackPointExtension>
            <ns3:hr>118</ns3:hr>
            <ns3:cad>89</ns3:cad>
          </ns3:TrackPointExtension>
        </extensions>
      </trkpt>
      <trkpt lat="24.49673336930572986602783203125" lon="117.9598538763821125030517578125">
        <ele>156.8000030517578125</ele>
        <time>2026-09-19T08:30:25.000Z</time>
        <extensions>
          <ns3:TrackPointExtension>
            <ns3:hr>119</ns3:hr>
            <ns3:cad>89</ns3:cad>
          </ns3:TrackPointExtension>
        </extensions>
      </trkpt>
      <trkpt lat="24.4967136718332767486572265625" lon="117.959854044020175933837890625">
        <ele>156.1999969482421875</ele>
        <time>2026-09-19T08:30:26.000Z</time>
        <extensions>
          <ns3:TrackPointExtension>
            <ns3:hr>119</ns3:hr>
            <ns3:cad>86</ns3:cad>
          </ns3:TrackPointExtension>
        </extensions>
      </trkpt>
      <trkpt lat="24.49668844230473041534423828125" lon="117.9598548822104930877685546875">
        <ele>155.600006103515625</ele>
        <time>2026-09-19T08:30:27.000Z</time>
        <extensions>
          <ns3:TrackPointExtension>
            <ns3:hr>119</ns3:hr>
            <ns3:cad>86</ns3:cad>
          </ns3:TrackPointExtension>
        </extensions>
      </trkpt>
      <trkpt lat="24.4966647215187549591064453125" lon="117.95985345728695392608642578125">
        <ele>155</ele>
        <time>2026-09-19T08:30:28.000Z</time>
        <extensions>
          <ns3:TrackPointExtension>
            <ns3:hr>119</ns3:hr>
            <ns3:cad>87</ns3:cad>
          </ns3:TrackPointExtension>
        </extensions>
      </trkpt>
      <trkpt lat="24.496649801731109619140625" lon="117.9598692990839481353759765625">
        <ele>154.8000030517578125</ele>
        <time>2026-09-19T08:30:29.000Z</time>
        <extensions>
          <ns3:TrackPointExtension>
            <ns3:hr>119</ns3:hr>
            <ns3:cad>87</ns3:cad>
          </ns3:TrackPointExtension>
        </extensions>
      </trkpt>
      <trkpt lat="24.49662876315414905548095703125" lon="117.95988379977643489837646484375">
        <ele>154.600006103515625</ele>
        <time>2026-09-19T08:30:30.000Z</time>
        <extensions>
          <ns3:TrackPointExtension>
            <ns3:hr>119</ns3:hr>
            <ns3:cad>87</ns3:cad>
          </ns3:TrackPointExtension>
        </extensions>
      </trkpt>
      <trkpt lat="24.49661233462393283843994140625" lon="117.95989058911800384521484375">
        <ele>154.399993896484375</ele>
        <time>2026-09-19T08:30:31.000Z</time>
        <extensions>
          <ns3:TrackPointExtension>
            <ns3:hr>119</ns3:hr>
            <ns3:cad>86</ns3:cad>
          </ns3:TrackPointExtension>
        </extensions>
      </trkpt>
      <trkpt lat="24.49659808538854122161865234375" lon="117.95989134348928928375244140625">
        <ele>154.1999969482421875</ele>
        <time>2026-09-19T08:30:32.000Z</time>
        <extensions>
          <ns3:TrackPointExtension>
            <ns3:hr>119</ns3:hr>
            <ns3:cad>85</ns3:cad>
          </ns3:TrackPointExtension>
        </extensions>
      </trkpt>
      <trkpt lat="24.4965825788676738739013671875" lon="117.959921099245548248291015625">
        <ele>154</ele>
        <time>2026-09-19T08:30:33.000Z</time>
        <extensions>
          <ns3:TrackPointExtension>
            <ns3:hr>119</ns3:hr>
            <ns3:cad>85</ns3:cad>
          </ns3:TrackPointExtension>
        </extensions>
      </trkpt>
      <trkpt lat="24.49657076038420200347900390625" lon="117.95993886888027191162109375">
        <ele>153.600006103515625</ele>
        <time>2026-09-19T08:30:34.000Z</time>
        <extensions>
          <ns3:TrackPointExtension>
            <ns3:hr>119</ns3:hr>
            <ns3:cad>85</ns3:cad>
          </ns3:TrackPointExtension>
        </extensions>
      </trkpt>
      <trkpt lat="24.496561624109745025634765625" lon="117.95996393077075481414794921875">
        <ele>153.399993896484375</ele>
        <time>2026-09-19T08:30:35.000Z</time>
        <extensions>
          <ns3:TrackPointExtension>
            <ns3:hr>120</ns3:hr>
            <ns3:cad>83</ns3:cad>
          </ns3:TrackPointExtension>
        </extensions>
      </trkpt>
      <trkpt lat="24.49655030854046344757080078125" lon="117.95998907648026943206787109375">
        <ele>153.1999969482421875</ele>
        <time>2026-09-19T08:30:36.000Z</time>
        <extensions>
          <ns3:TrackPointExtension>
            <ns3:hr>120</ns3:hr>
            <ns3:cad>82</ns3:cad>
          </ns3:TrackPointExtension>
        </extensions>
      </trkpt>
      <trkpt lat="24.49654226191341876983642578125" lon="117.96002059243619441986083984375">
        <ele>153</ele>
        <time>2026-09-19T08:30:37.000Z</time>
        <extensions>
          <ns3:TrackPointExtension>
            <ns3:hr>121</ns3:hr>
            <ns3:cad>80</ns3:cad>
          </ns3:TrackPointExtension>
        </extensions>
      </trkpt>
      <trkpt lat="24.496532790362834930419921875" lon="117.96005227603018283843994140625">
        <ele>152.600006103515625</ele>
        <time>2026-09-19T08:30:38.000Z</time>
        <extensions>
          <ns3:TrackPointExtension>
            <ns3:hr>121</ns3:hr>
            <ns3:cad>80</ns3:cad>
          </ns3:TrackPointExtension>
        </extensions>
      </trkpt>
      <trkpt lat="24.496520720422267913818359375" lon="117.9600858874619007110595703125">
        <ele>152.399993896484375</ele>
        <time>2026-09-19T08:30:39.000Z</time>
        <extensions>
          <ns3:TrackPointExtension>
            <ns3:hr>121</ns3:hr>
            <ns3:cad>81</ns3:cad>
          </ns3:TrackPointExtension>
        </extensions>
      </trkpt>
      <trkpt lat="24.496520720422267913818359375" lon="117.9600858874619007110595703125">
        <ele>152.1999969482421875</ele>
        <time>2026-09-19T08:30:40.000Z</time>
        <extensions>
          <ns3:TrackPointExtension>
            <ns3:hr>122</ns3:hr>
            <ns3:cad>81</ns3:cad>
          </ns3:TrackPointExtension>
        </extensions>
      </trkpt>
      <trkpt lat="24.49649247340857982635498046875" lon="117.96014967374503612518310546875">
        <ele>151.8000030517578125</ele>
        <time>2026-09-19T08:30:41.000Z</time>
        <extensions>
          <ns3:TrackPointExtension>
            <ns3:hr>121</ns3:hr>
            <ns3:cad>82</ns3:cad>
          </ns3:TrackPointExtension>
        </extensions>
      </trkpt>
      <trkpt lat="24.49647721834480762481689453125" lon="117.9601811058819293975830078125">
        <ele>151.600006103515625</ele>
        <time>2026-09-19T08:30:42.000Z</time>
        <extensions>
          <ns3:TrackPointExtension>
            <ns3:hr>121</ns3:hr>
            <ns3:cad>82</ns3:cad>
          </ns3:TrackPointExtension>
        </extensions>
      </trkpt>
      <trkpt lat="24.49647612869739532470703125" lon="117.96022184193134307861328125">
        <ele>151</ele>
        <time>2026-09-19T08:30:43.000Z</time>
        <extensions>
          <ns3:TrackPointExtension>
            <ns3:hr>121</ns3:hr>
            <ns3:cad>82</ns3:cad>
          </ns3:TrackPointExtension>
        </extensions>
      </trkpt>
      <trkpt lat="24.49647084809839725494384765625" lon="117.96026743948459625244140625">
        <ele>150.600006103515625</ele>
        <time>2026-09-19T08:30:44.000Z</time>
        <extensions>
          <ns3:TrackPointExtension>
            <ns3:hr>120</ns3:hr>
            <ns3:cad>82</ns3:cad>
          </ns3:TrackPointExtension>
        </extensions>
      </trkpt>
      <trkpt lat="24.49646648950874805450439453125" lon="117.9602940939366817474365234375">
        <ele>150.1999969482421875</ele>
        <time>2026-09-19T08:30:45.000Z</time>
        <extensions>
          <ns3:TrackPointExtension>
            <ns3:hr>120</ns3:hr>
            <ns3:cad>82</ns3:cad>
          </ns3:TrackPointExtension>
        </extensions>
      </trkpt>
      <trkpt lat="24.496454335749149322509765625" lon="117.960331141948699951171875">
        <ele>150</ele>
        <time>2026-09-19T08:30:46.000Z</time>
        <extensions>
          <ns3:TrackPointExtension>
            <ns3:hr>120</ns3:hr>
            <ns3:cad>82</ns3:cad>
          </ns3:TrackPointExtension>
        </extensions>
      </trkpt>
      <trkpt lat="24.49644972570240497589111328125" lon="117.96036073006689548492431640625">
        <ele>149.600006103515625</ele>
        <time>2026-09-19T08:30:47.000Z</time>
        <extensions>
          <ns3:TrackPointExtension>
            <ns3:hr>119</ns3:hr>
            <ns3:cad>82</ns3:cad>
          </ns3:TrackPointExtension>
        </extensions>
      </trkpt>
      <trkpt lat="24.4964434392750263214111328125" lon="117.96038989908993244171142578125">
        <ele>149.600006103515625</ele>
        <time>2026-09-19T08:30:48.000Z</time>
        <extensions>
          <ns3:TrackPointExtension>
            <ns3:hr>117</ns3:hr>
            <ns3:cad>83</ns3:cad>
          </ns3:TrackPointExtension>
        </extensions>
      </trkpt>
      <trkpt lat="24.496440589427947998046875" lon="117.96042242087423801422119140625">
        <ele>149.399993896484375</ele>
        <time>2026-09-19T08:30:49.000Z</time>
        <extensions>
          <ns3:TrackPointExtension>
            <ns3:hr>115</ns3:hr>
            <ns3:cad>84</ns3:cad>
          </ns3:TrackPointExtension>
        </extensions>
      </trkpt>
      <trkpt lat="24.4964384101331233978271484375" lon="117.96045393683016300201416015625">
        <ele>149.399993896484375</ele>
        <time>2026-09-19T08:30:50.000Z</time>
        <extensions>
          <ns3:TrackPointExtension>
            <ns3:hr>115</ns3:hr>
            <ns3:cad>84</ns3:cad>
          </ns3:TrackPointExtension>
        </extensions>
      </trkpt>
      <trkpt lat="24.49644570238888263702392578125" lon="117.9604835249483585357666015625">
        <ele>149.1999969482421875</ele>
        <time>2026-09-19T08:30:51.000Z</time>
        <extensions>
          <ns3:TrackPointExtension>
            <ns3:hr>116</ns3:hr>
            <ns3:cad>83</ns3:cad>
          </ns3:TrackPointExtension>
        </extensions>
      </trkpt>
      <trkpt lat="24.4964451156556606292724609375" lon="117.9605110175907611846923828125">
        <ele>149.1999969482421875</ele>
        <time>2026-09-19T08:30:52.000Z</time>
        <extensions>
          <ns3:TrackPointExtension>
            <ns3:hr>116</ns3:hr>
            <ns3:cad>83</ns3:cad>
          </ns3:TrackPointExtension>
        </extensions>
      </trkpt>
      <trkpt lat="24.4964441098272800445556640625" lon="117.96053507365286350250244140625">
        <ele>149.1999969482421875</ele>
        <time>2026-09-19T08:30:53.000Z</time>
        <extensions>
          <ns3:TrackPointExtension>
            <ns3:hr>117</ns3:hr>
            <ns3:cad>84</ns3:cad>
          </ns3:TrackPointExtension>
        </extensions>
      </trkpt>
      <trkpt lat="24.49644905515015125274658203125" lon="117.96056441031396389007568359375">
        <ele>149.1999969482421875</ele>
        <time>2026-09-19T08:30:54.000Z</time>
        <extensions>
          <ns3:TrackPointExtension>
            <ns3:hr>117</ns3:hr>
            <ns3:cad>84</ns3:cad>
          </ns3:TrackPointExtension>
        </extensions>
      </trkpt>
      <trkpt lat="24.49645341373980045318603515625" lon="117.96058637090027332305908203125">
        <ele>149.1999969482421875</ele>
        <time>2026-09-19T08:30:55.000Z</time>
        <extensions>
          <ns3:TrackPointExtension>
            <ns3:hr>117</ns3:hr>
            <ns3:cad>84</ns3:cad>
          </ns3:TrackPointExtension>
        </extensions>
      </trkpt>
      <trkpt lat="24.49645978398621082305908203125" lon="117.9606246761977672576904296875">
        <ele>149.1999969482421875</ele>
        <time>2026-09-19T08:30:56.000Z</time>
        <extensions>
          <ns3:TrackPointExtension>
            <ns3:hr>117</ns3:hr>
            <ns3:cad>84</ns3:cad>
          </ns3:TrackPointExtension>
        </extensions>
      </trkpt>
      <trkpt lat="24.496462047100067138671875" lon="117.960652671754360198974609375">
        <ele>149.1999969482421875</ele>
        <time>2026-09-19T08:30:57.000Z</time>
        <extensions>
          <ns3:TrackPointExtension>
            <ns3:hr>117</ns3:hr>
            <ns3:cad>84</ns3:cad>
          </ns3:TrackPointExtension>
        </extensions>
      </trkpt>
      <trkpt lat="24.49646866880357265472412109375" lon="117.960685528814792633056640625">
        <ele>149</ele>
        <time>2026-09-19T08:30:58.000Z</time>
        <extensions>
          <ns3:TrackPointExtension>
            <ns3:hr>118</ns3:hr>
            <ns3:cad>83</ns3:cad>
          </ns3:TrackPointExtension>
        </extensions>
      </trkpt>
      <trkpt lat="24.49647386558353900909423828125" lon="117.9607219062745571136474609375">
        <ele>149</ele>
        <time>2026-09-19T08:30:59.000Z</time>
        <extensions>
          <ns3:TrackPointExtension>
            <ns3:hr>118</ns3:hr>
            <ns3:cad>83</ns3:cad>
          </ns3:TrackPointExtension>
        </extensions>
      </trkpt>
      <trkpt lat="24.49649767018854618072509765625" lon="117.96073724515736103057861328125">
        <ele>148.8000030517578125</ele>
        <time>2026-09-19T08:31:00.000Z</time>
        <extensions>
          <ns3:TrackPointExtension>
            <ns3:hr>119</ns3:hr>
            <ns3:cad>83</ns3:cad>
          </ns3:TrackPointExtension>
        </extensions>
      </trkpt>
      <trkpt lat="24.49650269933044910430908203125" lon="117.96075954101979732513427734375">
        <ele>148.8000030517578125</ele>
        <time>2026-09-19T08:31:01.000Z</time>
        <extensions>
          <ns3:TrackPointExtension>
            <ns3:hr>119</ns3:hr>
            <ns3:cad>84</ns3:cad>
          </ns3:TrackPointExtension>
        </extensions>
      </trkpt>
      <trkpt lat="24.4965138472616672515869140625" lon="117.96078787185251712799072265625">
        <ele>148.600006103515625</ele>
        <time>2026-09-19T08:31:02.000Z</time>
        <extensions>
          <ns3:TrackPointExtension>
            <ns3:hr>119</ns3:hr>
            <ns3:cad>84</ns3:cad>
          </ns3:TrackPointExtension>
        </extensions>
      </trkpt>
      <trkpt lat="24.4965289346873760223388671875" lon="117.9608161188662052154541015625">
        <ele>148.399993896484375</ele>
        <time>2026-09-19T08:31:03.000Z</time>
        <extensions>
          <ns3:TrackPointExtension>
            <ns3:hr>120</ns3:hr>
            <ns3:cad>84</ns3:cad>
          </ns3:TrackPointExtension>
        </extensions>
      </trkpt>
      <trkpt lat="24.49654108844697475433349609375" lon="117.96085081994533538818359375">
        <ele>148.1999969482421875</ele>
        <time>2026-09-19T08:31:04.000Z</time>
        <extensions>
          <ns3:TrackPointExtension>
            <ns3:hr>121</ns3:hr>
            <ns3:cad>84</ns3:cad>
          </ns3:TrackPointExtension>
        </extensions>
      </trkpt>
      <trkpt lat="24.4965497218072414398193359375" lon="117.960873283445835113525390625">
        <ele>147.8000030517578125</ele>
        <time>2026-09-19T08:31:05.000Z</time>
        <extensions>
          <ns3:TrackPointExtension>
            <ns3:hr>122</ns3:hr>
            <ns3:cad>84</ns3:cad>
          </ns3:TrackPointExtension>
        </extensions>
      </trkpt>
      <trkpt lat="24.49655919335782527923583984375" lon="117.96090622432529926300048828125">
        <ele>147.399993896484375</ele>
        <time>2026-09-19T08:31:06.000Z</time>
        <extensions>
          <ns3:TrackPointExtension>
            <ns3:hr>122</ns3:hr>
            <ns3:cad>82</ns3:cad>
          </ns3:TrackPointExtension>
        </extensions>
      </trkpt>
      <trkpt lat="24.496569000184535980224609375" lon="117.9609297774732112884521484375">
        <ele>147.1999969482421875</ele>
        <time>2026-09-19T08:31:07.000Z</time>
        <extensions>
          <ns3:TrackPointExtension>
            <ns3:hr>123</ns3:hr>
            <ns3:cad>82</ns3:cad>
          </ns3:TrackPointExtension>
        </extensions>
      </trkpt>
      <trkpt lat="24.496577717363834381103515625" lon="117.96095182187855243682861328125">
        <ele>147</ele>
        <time>2026-09-19T08:31:08.000Z</time>
        <extensions>
          <ns3:TrackPointExtension>
            <ns3:hr>123</ns3:hr>
            <ns3:cad>83</ns3:cad>
          </ns3:TrackPointExtension>
        </extensions>
      </trkpt>
      <trkpt lat="24.4965896196663379669189453125" lon="117.960969507694244384765625">
        <ele>147</ele>
        <time>2026-09-19T08:31:09.000Z</time>
        <extensions>
          <ns3:TrackPointExtension>
            <ns3:hr>124</ns3:hr>
            <ns3:cad>84</ns3:cad>
          </ns3:TrackPointExtension>
        </extensions>
      </trkpt>
      <trkpt lat="24.49659557081758975982666015625" lon="117.96098585240542888641357421875">
        <ele>146.8000030517578125</ele>
        <time>2026-09-19T08:31:10.000Z</time>
        <extensions>
          <ns3:TrackPointExtension>
            <ns3:hr>124</ns3:hr>
            <ns3:cad>85</ns3:cad>
          </ns3:TrackPointExtension>
        </extensions>
      </trkpt>
      <trkpt lat="24.4966042041778564453125" lon="117.96100999228656291961669921875">
        <ele>146.8000030517578125</ele>
        <time>2026-09-19T08:31:11.000Z</time>
        <extensions>
          <ns3:TrackPointExtension>
            <ns3:hr>125</ns3:hr>
            <ns3:cad>85</ns3:cad>
          </ns3:TrackPointExtension>
        </extensions>
      </trkpt>
      <trkpt lat="24.49661250226199626922607421875" lon="117.96102390624582767486572265625">
        <ele>146.600006103515625</ele>
        <time>2026-09-19T08:31:12.000Z</time>
        <extensions>
          <ns3:TrackPointExtension>
            <ns3:hr>125</ns3:hr>
            <ns3:cad>85</ns3:cad>
          </ns3:TrackPointExtension>
        </extensions>
      </trkpt>
      <trkpt lat="24.49662423692643642425537109375" lon="117.9610467888414859771728515625">
        <ele>146.399993896484375</ele>
        <time>2026-09-19T08:31:13.000Z</time>
        <extensions>
          <ns3:TrackPointExtension>
            <ns3:hr>125</ns3:hr>
            <ns3:cad>85</ns3:cad>
          </ns3:TrackPointExtension>
        </extensions>
      </trkpt>
      <trkpt lat="24.49663680978119373321533203125" lon="117.96107620932161808013916015625">
        <ele>146.399993896484375</ele>
        <time>2026-09-19T08:31:14.000Z</time>
        <extensions>
          <ns3:TrackPointExtension>
            <ns3:hr>125</ns3:hr>
            <ns3:cad>83</ns3:cad>
          </ns3:TrackPointExtension>
        </extensions>
      </trkpt>
      <trkpt lat="24.49665089137852191925048828125" lon="117.96111023984849452972412109375">
        <ele>146.1999969482421875</ele>
        <time>2026-09-19T08:31:15.000Z</time>
        <extensions>
          <ns3:TrackPointExtension>
            <ns3:hr>125</ns3:hr>
            <ns3:cad>82</ns3:cad>
          </ns3:TrackPointExtension>
        </extensions>
      </trkpt>
      <trkpt lat="24.4966606982052326202392578125" lon="117.96113756485283374786376953125">
        <ele>146</ele>
        <time>2026-09-19T08:31:16.000Z</time>
        <extensions>
          <ns3:TrackPointExtension>
            <ns3:hr>126</ns3:hr>
            <ns3:cad>82</ns3:cad>
          </ns3:TrackPointExtension>
        </extensions>
      </trkpt>
      <trkpt lat="24.49666832573711872100830078125" lon="117.9611641354858875274658203125">
        <ele>145.8000030517578125</ele>
        <time>2026-09-19T08:31:17.000Z</time>
        <extensions>
          <ns3:TrackPointExtension>
            <ns3:hr>125</ns3:hr>
            <ns3:cad>83</ns3:cad>
          </ns3:TrackPointExtension>
        </extensions>
      </trkpt>
      <trkpt lat="24.496674947440624237060546875" lon="117.96118500642478466033935546875">
        <ele>145.600006103515625</ele>
        <time>2026-09-19T08:31:18.000Z</time>
        <extensions>
          <ns3:TrackPointExtension>
            <ns3:hr>125</ns3:hr>
            <ns3:cad>84</ns3:cad>
          </ns3:TrackPointExtension>
        </extensions>
      </trkpt>
      <trkpt lat="24.49667670764029026031494140625" lon="117.9612147621810436248779296875">
        <ele>145.399993896484375</ele>
        <time>2026-09-19T08:31:19.000Z</time>
        <extensions>
          <ns3:TrackPointExtension>
            <ns3:hr>126</ns3:hr>
            <ns3:cad>84</ns3:cad>
          </ns3:TrackPointExtension>
        </extensions>
      </trkpt>
      <trkpt lat="24.4966808147728443145751953125" lon="117.96123228035867214202880859375">
        <ele>145.1999969482421875</ele>
        <time>2026-09-19T08:31:20.000Z</time>
        <extensions>
          <ns3:TrackPointExtension>
            <ns3:hr>126</ns3:hr>
            <ns3:cad>84</ns3:cad>
          </ns3:TrackPointExtension>
        </extensions>
      </trkpt>
      <trkpt lat="24.49668441899120807647705078125" lon="117.9612546600401401519775390625">
        <ele>145</ele>
        <time>2026-09-19T08:31:21.000Z</time>
        <extensions>
          <ns3:TrackPointExtension>
            <ns3:hr>126</ns3:hr>
            <ns3:cad>83</ns3:cad>
          </ns3:TrackPointExtension>
        </extensions>
      </trkpt>
      <trkpt lat="24.496687687933444976806640625" lon="117.96128190122544765472412109375">
        <ele>144.8000030517578125</ele>
        <time>2026-09-19T08:31:22.000Z</time>
        <extensions>
          <ns3:TrackPointExtension>
            <ns3:hr>125</ns3:hr>
            <ns3:cad>82</ns3:cad>
          </ns3:TrackPointExtension>
        </extensions>
      </trkpt>
      <trkpt lat="24.496689699590206146240234375" lon="117.96130545437335968017578125">
        <ele>144.8000030517578125</ele>
        <time>2026-09-19T08:31:23.000Z</time>
        <extensions>
          <ns3:TrackPointExtension>
            <ns3:hr>125</ns3:hr>
            <ns3:cad>81</ns3:cad>
          </ns3:TrackPointExtension>
        </extensions>
      </trkpt>
      <trkpt lat="24.4966886937618255615234375" lon="117.961336635053157806396484375">
        <ele>144.600006103515625</ele>
        <time>2026-09-19T08:31:24.000Z</time>
        <extensions>
          <ns3:TrackPointExtension>
            <ns3:hr>126</ns3:hr>
            <ns3:cad>81</ns3:cad>
          </ns3:TrackPointExtension>
        </extensions>
      </trkpt>
      <trkpt lat="24.49668760411441326141357421875" lon="117.96135884709656238555908203125">
        <ele>144.600006103515625</ele>
        <time>2026-09-19T08:31:25.000Z</time>
        <extensions>
          <ns3:TrackPointExtension>
            <ns3:hr>126</ns3:hr>
            <ns3:cad>82</ns3:cad>
          </ns3:TrackPointExtension>
        </extensions>
      </trkpt>
      <trkpt lat="24.49668726883828639984130859375" lon="117.961372174322605133056640625">
        <ele>144.600006103515625</ele>
        <time>2026-09-19T08:31:26.000Z</time>
        <extensions>
          <ns3:TrackPointExtension>
            <ns3:hr>126</ns3:hr>
            <ns3:cad>82</ns3:cad>
          </ns3:TrackPointExtension>
        </extensions>
      </trkpt>
      <trkpt lat="24.4966767914593219757080078125" lon="117.96139455400407314300537109375">
        <ele>144.399993896484375</ele>
        <time>2026-09-19T08:31:27.000Z</time>
        <extensions>
          <ns3:TrackPointExtension>
            <ns3:hr>126</ns3:hr>
            <ns3:cad>83</ns3:cad>
          </ns3:TrackPointExtension>
        </extensions>
      </trkpt>
      <trkpt lat="24.49666480533778667449951171875" lon="117.96142020262777805328369140625">
        <ele>144.399993896484375</ele>
        <time>2026-09-19T08:31:28.000Z</time>
        <extensions>
          <ns3:TrackPointExtension>
            <ns3:hr>125</ns3:hr>
            <ns3:cad>83</ns3:cad>
          </ns3:TrackPointExtension>
        </extensions>
      </trkpt>
      <trkpt lat="24.49665508233010768890380859375" lon="117.96144685707986354827880859375">
        <ele>144.1999969482421875</ele>
        <time>2026-09-19T08:31:29.000Z</time>
        <extensions>
          <ns3:TrackPointExtension>
            <ns3:hr>126</ns3:hr>
            <ns3:cad>83</ns3:cad>
          </ns3:TrackPointExtension>
        </extensions>
      </trkpt>
      <trkpt lat="24.49664401821792125701904296875" lon="117.9614782892167568206787109375">
        <ele>144</ele>
        <time>2026-09-19T08:31:30.000Z</time>
        <extensions>
          <ns3:TrackPointExtension>
            <ns3:hr>126</ns3:hr>
            <ns3:cad>83</ns3:cad>
          </ns3:TrackPointExtension>
        </extensions>
      </trkpt>
      <trkpt lat="24.49663161300122737884521484375" lon="117.96150804497301578521728515625">
        <ele>143.8000030517578125</ele>
        <time>2026-09-19T08:31:31.000Z</time>
        <extensions>
          <ns3:TrackPointExtension>
            <ns3:hr>125</ns3:hr>
            <ns3:cad>82</ns3:cad>
          </ns3:TrackPointExtension>
        </extensions>
      </trkpt>
      <trkpt lat="24.49662188999354839324951171875" lon="117.96153218485414981842041015625">
        <ele>143.399993896484375</ele>
        <time>2026-09-19T08:31:32.000Z</time>
        <extensions>
          <ns3:TrackPointExtension>
            <ns3:hr>126</ns3:hr>
            <ns3:cad>80</ns3:cad>
          </ns3:TrackPointExtension>
        </extensions>
      </trkpt>
      <trkpt lat="24.49661023914813995361328125" lon="117.96156068332493305206298828125">
        <ele>143.1999969482421875</ele>
        <time>2026-09-19T08:31:33.000Z</time>
        <extensions>
          <ns3:TrackPointExtension>
            <ns3:hr>126</ns3:hr>
            <ns3:cad>77</ns3:cad>
          </ns3:TrackPointExtension>
        </extensions>
      </trkpt>
      <trkpt lat="24.49659624136984348297119140625" lon="117.96158440411090850830078125">
        <ele>142.8000030517578125</ele>
        <time>2026-09-19T08:31:34.000Z</time>
        <extensions>
          <ns3:TrackPointExtension>
            <ns3:hr>126</ns3:hr>
            <ns3:cad>77</ns3:cad>
          </ns3:TrackPointExtension>
        </extensions>
      </trkpt>
      <trkpt lat="24.496588446199893951416015625" lon="117.96160426922142505645751953125">
        <ele>142.600006103515625</ele>
        <time>2026-09-19T08:31:35.000Z</time>
        <extensions>
          <ns3:TrackPointExtension>
            <ns3:hr>126</ns3:hr>
            <ns3:cad>78</ns3:cad>
          </ns3:TrackPointExtension>
        </extensions>
      </trkpt>
      <trkpt lat="24.49657738208770751953125" lon="117.96163243241608142852783203125">
        <ele>142.1999969482421875</ele>
        <time>2026-09-19T08:31:36.000Z</time>
        <extensions>
          <ns3:TrackPointExtension>
            <ns3:hr>126</ns3:hr>
            <ns3:cad>79</ns3:cad>
          </ns3:TrackPointExtension>
        </extensions>
      </trkpt>
      <trkpt lat="24.49656405486166477203369140625" lon="117.96166218817234039306640625">
        <ele>141.8000030517578125</ele>
        <time>2026-09-19T08:31:37.000Z</time>
        <extensions>
          <ns3:TrackPointExtension>
            <ns3:hr>127</ns3:hr>
            <ns3:cad>81</ns3:cad>
          </ns3:TrackPointExtension>
        </extensions>
      </trkpt>
      <trkpt lat="24.4965604506433010101318359375" lon="117.961687333881855010986328125">
        <ele>141.600006103515625</ele>
        <time>2026-09-19T08:31:38.000Z</time>
        <extensions>
          <ns3:TrackPointExtension>
            <ns3:hr>127</ns3:hr>
            <ns3:cad>81</ns3:cad>
          </ns3:TrackPointExtension>
        </extensions>
      </trkpt>
      <trkpt lat="24.49655055999755859375" lon="117.9617136530578136444091796875">
        <ele>141.399993896484375</ele>
        <time>2026-09-19T08:31:39.000Z</time>
        <extensions>
          <ns3:TrackPointExtension>
            <ns3:hr>127</ns3:hr>
            <ns3:cad>80</ns3:cad>
          </ns3:TrackPointExtension>
        </extensions>
      </trkpt>
      <trkpt lat="24.49654025025665760040283203125" lon="117.96173435635864734649658203125">
        <ele>141.1999969482421875</ele>
        <time>2026-09-19T08:31:40.000Z</time>
        <extensions>
          <ns3:TrackPointExtension>
            <ns3:hr>126</ns3:hr>
            <ns3:cad>80</ns3:cad>
          </ns3:TrackPointExtension>
        </extensions>
      </trkpt>
      <trkpt lat="24.49653035961091518402099609375" lon="117.961750365793704986572265625">
        <ele>141</ele>
        <time>2026-09-19T08:31:41.000Z</time>
        <extensions>
          <ns3:TrackPointExtension>
            <ns3:hr>126</ns3:hr>
            <ns3:cad>80</ns3:cad>
          </ns3:TrackPointExtension>
        </extensions>
      </trkpt>
      <trkpt lat="24.49651862494647502899169921875" lon="117.96177676878869533538818359375">
        <ele>140.8000030517578125</ele>
        <time>2026-09-19T08:31:42.000Z</time>
        <extensions>
          <ns3:TrackPointExtension>
            <ns3:hr>126</ns3:hr>
            <ns3:cad>81</ns3:cad>
          </ns3:TrackPointExtension>
        </extensions>
      </trkpt>
      <trkpt lat="24.4965091533958911895751953125" lon="117.96180174686014652252197265625">
        <ele>140.600006103515625</ele>
        <time>2026-09-19T08:31:43.000Z</time>
        <extensions>
          <ns3:TrackPointExtension>
            <ns3:hr>126</ns3:hr>
            <ns3:cad>81</ns3:cad>
          </ns3:TrackPointExtension>
        </extensions>
      </trkpt>
      <trkpt lat="24.49650839902460575103759765625" lon="117.96182580292224884033203125">
        <ele>140.1999969482421875</ele>
        <time>2026-09-19T08:31:44.000Z</time>
        <extensions>
          <ns3:TrackPointExtension>
            <ns3:hr>125</ns3:hr>
            <ns3:cad>80</ns3:cad>
          </ns3:TrackPointExtension>
        </extensions>
      </trkpt>
      <trkpt lat="24.49650672264397144317626953125" lon="117.96185203827917575836181640625">
        <ele>140</ele>
        <time>2026-09-19T08:31:45.000Z</time>
        <extensions>
          <ns3:TrackPointExtension>
            <ns3:hr>126</ns3:hr>
            <ns3:cad>80</ns3:cad>
          </ns3:TrackPointExtension>
        </extensions>
      </trkpt>
      <trkpt lat="24.49650990776717662811279296875" lon="117.9618735797703266143798828125">
        <ele>139.8000030517578125</ele>
        <time>2026-09-19T08:31:46.000Z</time>
        <extensions>
          <ns3:TrackPointExtension>
            <ns3:hr>126</ns3:hr>
            <ns3:cad>79</ns3:cad>
          </ns3:TrackPointExtension>
        </extensions>
      </trkpt>
      <trkpt lat="24.49651493690907955169677734375" lon="117.96189822256565093994140625">
        <ele>139.600006103515625</ele>
        <time>2026-09-19T08:31:47.000Z</time>
        <extensions>
          <ns3:TrackPointExtension>
            <ns3:hr>126</ns3:hr>
            <ns3:cad>79</ns3:cad>
          </ns3:TrackPointExtension>
        </extensions>
      </trkpt>
      <trkpt lat="24.4965262524783611297607421875" lon="117.9619366116821765899658203125">
        <ele>139.600006103515625</ele>
        <time>2026-09-19T08:31:48.000Z</time>
        <extensions>
          <ns3:TrackPointExtension>
            <ns3:hr>126</ns3:hr>
            <ns3:cad>80</ns3:cad>
          </ns3:TrackPointExtension>
        </extensions>
      </trkpt>
      <trkpt lat="24.49653740040957927703857421875" lon="117.96196150593459606170654296875">
        <ele>139.399993896484375</ele>
        <time>2026-09-19T08:31:49.000Z</time>
        <extensions>
          <ns3:TrackPointExtension>
            <ns3:hr>126</ns3:hr>
            <ns3:cad>80</ns3:cad>
          </ns3:TrackPointExtension>
        </extensions>
      </trkpt>
      <trkpt lat="24.4965530745685100555419921875" lon="117.961990423500537872314453125">
        <ele>139.1999969482421875</ele>
        <time>2026-09-19T08:31:50.000Z</time>
        <extensions>
          <ns3:TrackPointExtension>
            <ns3:hr>125</ns3:hr>
            <ns3:cad>82</ns3:cad>
          </ns3:TrackPointExtension>
        </extensions>
      </trkpt>
      <trkpt lat="24.49657109566032886505126953125" lon="117.962016575038433074951171875">
        <ele>139.1999969482421875</ele>
        <time>2026-09-19T08:31:51.000Z</time>
        <extensions>
          <ns3:TrackPointExtension>
            <ns3:hr>124</ns3:hr>
            <ns3:cad>82</ns3:cad>
          </ns3:TrackPointExtension>
        </extensions>
      </trkpt>
      <trkpt lat="24.4965852610766887664794921875" lon="117.9620415531098842620849609375">
        <ele>139</ele>
        <time>2026-09-19T08:31:52.000Z</time>
        <extensions>
          <ns3:TrackPointExtension>
            <ns3:hr>124</ns3:hr>
            <ns3:cad>82</ns3:cad>
          </ns3:TrackPointExtension>
        </extensions>
      </trkpt>
      <trkpt lat="24.49659523554146289825439453125" lon="117.96206577681005001068115234375">
        <ele>139</ele>
        <time>2026-09-19T08:31:53.000Z</time>
        <extensions>
          <ns3:TrackPointExtension>
            <ns3:hr>124</ns3:hr>
            <ns3:cad>80</ns3:cad>
          </ns3:TrackPointExtension>
        </extensions>
      </trkpt>
      <trkpt lat="24.49659456498920917510986328125" lon="117.96208924613893032073974609375">
        <ele>138.8000030517578125</ele>
        <time>2026-09-19T08:31:54.000Z</time>
        <extensions>
          <ns3:TrackPointExtension>
            <ns3:hr>124</ns3:hr>
            <ns3:cad>80</ns3:cad>
          </ns3:TrackPointExtension>
        </extensions>
      </trkpt>
      <trkpt lat="24.4966028630733489990234375" lon="117.96210299246013164520263671875">
        <ele>138.600006103515625</ele>
        <time>2026-09-19T08:31:55.000Z</time>
        <extensions>
          <ns3:TrackPointExtension>
            <ns3:hr>124</ns3:hr>
            <ns3:cad>80</ns3:cad>
          </ns3:TrackPointExtension>
        </extensions>
      </trkpt>
      <trkpt lat="24.49659640900790691375732421875" lon="117.96213098801672458648681640625">
        <ele>138.399993896484375</ele>
        <time>2026-09-19T08:31:56.000Z</time>
        <extensions>
          <ns3:TrackPointExtension>
            <ns3:hr>125</ns3:hr>
            <ns3:cad>80</ns3:cad>
          </ns3:TrackPointExtension>
        </extensions>
      </trkpt>
      <trkpt lat="24.49658811092376708984375" lon="117.96214976347982883453369140625">
        <ele>138.1999969482421875</ele>
        <time>2026-09-19T08:31:57.000Z</time>
        <extensions>
          <ns3:TrackPointExtension>
            <ns3:hr>125</ns3:hr>
            <ns3:cad>80</ns3:cad>
          </ns3:TrackPointExtension>
        </extensions>
      </trkpt>
      <trkpt lat="24.4965741969645023345947265625" lon="117.96217557974159717559814453125">
        <ele>138</ele>
        <time>2026-09-19T08:31:58.000Z</time>
        <extensions>
          <ns3:TrackPointExtension>
            <ns3:hr>125</ns3:hr>
            <ns3:cad>81</ns3:cad>
          </ns3:TrackPointExtension>
        </extensions>
      </trkpt>
      <trkpt lat="24.49655164964497089385986328125" lon="117.96220173127949237823486328125">
        <ele>137.8000030517578125</ele>
        <time>2026-09-19T08:31:59.000Z</time>
        <extensions>
          <ns3:TrackPointExtension>
            <ns3:hr>125</ns3:hr>
            <ns3:cad>81</ns3:cad>
          </ns3:TrackPointExtension>
        </extensions>
      </trkpt>
      <trkpt lat="24.49653304181993007659912109375" lon="117.96221866272389888763427734375">
        <ele>137.399993896484375</ele>
        <time>2026-09-19T08:32:00.000Z</time>
        <extensions>
          <ns3:TrackPointExtension>
            <ns3:hr>125</ns3:hr>
            <ns3:cad>81</ns3:cad>
          </ns3:TrackPointExtension>
        </extensions>
      </trkpt>
      <trkpt lat="24.49651376344263553619384765625" lon="117.9622447304427623748779296875">
        <ele>137.399993896484375</ele>
        <time>2026-09-19T08:32:01.000Z</time>
        <extensions>
          <ns3:TrackPointExtension>
            <ns3:hr>125</ns3:hr>
            <ns3:cad>81</ns3:cad>
          </ns3:TrackPointExtension>
        </extensions>
      </trkpt>
      <trkpt lat="24.49649314396083354949951171875" lon="117.96226727776229381561279296875">
        <ele>137.1999969482421875</ele>
        <time>2026-09-19T08:32:02.000Z</time>
        <extensions>
          <ns3:TrackPointExtension>
            <ns3:hr>125</ns3:hr>
            <ns3:cad>82</ns3:cad>
          </ns3:TrackPointExtension>
        </extensions>
      </trkpt>
      <trkpt lat="24.4964789785444736480712890625" lon="117.9622829519212245941162109375">
        <ele>137</ele>
        <time>2026-09-19T08:32:03.000Z</time>
        <extensions>
          <ns3:TrackPointExtension>
            <ns3:hr>124</ns3:hr>
            <ns3:cad>82</ns3:cad>
          </ns3:TrackPointExtension>
        </extensions>
      </trkpt>
      <trkpt lat="24.4964628852903842926025390625" lon="117.96230231411755084991455078125">
        <ele>136.8000030517578125</ele>
        <time>2026-09-19T08:32:04.000Z</time>
        <extensions>
          <ns3:TrackPointExtension>
            <ns3:hr>124</ns3:hr>
            <ns3:cad>83</ns3:cad>
          </ns3:TrackPointExtension>
        </extensions>
      </trkpt>
      <trkpt lat="24.49645341373980045318603515625" lon="117.96232226304709911346435546875">
        <ele>136.600006103515625</ele>
        <time>2026-09-19T08:32:05.000Z</time>
        <extensions>
          <ns3:TrackPointExtension>
            <ns3:hr>125</ns3:hr>
            <ns3:cad>83</ns3:cad>
          </ns3:TrackPointExtension>
        </extensions>
      </trkpt>
      <trkpt lat="24.496440589427947998046875" lon="117.96233567409217357635498046875">
        <ele>136.399993896484375</ele>
        <time>2026-09-19T08:32:06.000Z</time>
        <extensions>
          <ns3:TrackPointExtension>
            <ns3:hr>125</ns3:hr>
            <ns3:cad>83</ns3:cad>
          </ns3:TrackPointExtension>
        </extensions>
      </trkpt>
      <trkpt lat="24.49642994441092014312744140625" lon="117.96235746704041957855224609375">
        <ele>136.1999969482421875</ele>
        <time>2026-09-19T08:32:07.000Z</time>
        <extensions>
          <ns3:TrackPointExtension>
            <ns3:hr>125</ns3:hr>
            <ns3:cad>82</ns3:cad>
          </ns3:TrackPointExtension>
        </extensions>
      </trkpt>
      <trkpt lat="24.49641535989940166473388671875" lon="117.96238060109317302703857421875">
        <ele>136</ele>
        <time>2026-09-19T08:32:08.000Z</time>
        <extensions>
          <ns3:TrackPointExtension>
            <ns3:hr>125</ns3:hr>
            <ns3:cad>82</ns3:cad>
          </ns3:TrackPointExtension>
        </extensions>
      </trkpt>
      <trkpt lat="24.49640312232077121734619140625" lon="117.96239577233791351318359375">
        <ele>135.600006103515625</ele>
        <time>2026-09-19T08:32:09.000Z</time>
        <extensions>
          <ns3:TrackPointExtension>
            <ns3:hr>125</ns3:hr>
            <ns3:cad>82</ns3:cad>
          </ns3:TrackPointExtension>
        </extensions>
      </trkpt>
      <trkpt lat="24.496385939419269561767578125" lon="117.9624261148273944854736328125">
        <ele>135.399993896484375</ele>
        <time>2026-09-19T08:32:10.000Z</time>
        <extensions>
          <ns3:TrackPointExtension>
            <ns3:hr>125</ns3:hr>
            <ns3:cad>81</ns3:cad>
          </ns3:TrackPointExtension>
        </extensions>
      </trkpt>
      <trkpt lat="24.496372528374195098876953125" lon="117.962451092898845672607421875">
        <ele>135</ele>
        <time>2026-09-19T08:32:11.000Z</time>
        <extensions>
          <ns3:TrackPointExtension>
            <ns3:hr>125</ns3:hr>
            <ns3:cad>79</ns3:cad>
          </ns3:TrackPointExtension>
        </extensions>
      </trkpt>
      <trkpt lat="24.4963612966239452362060546875" lon="117.96247489750385284423828125">
        <ele>134.600006103515625</ele>
        <time>2026-09-19T08:32:12.000Z</time>
        <extensions>
          <ns3:TrackPointExtension>
            <ns3:hr>125</ns3:hr>
            <ns3:cad>79</ns3:cad>
          </ns3:TrackPointExtension>
        </extensions>
      </trkpt>
      <trkpt lat="24.4963448680937290191650390625" lon="117.96250632964074611663818359375">
        <ele>134.399993896484375</ele>
        <time>2026-09-19T08:32:13.000Z</time>
        <extensions>
          <ns3:TrackPointExtension>
            <ns3:hr>125</ns3:hr>
            <ns3:cad>80</ns3:cad>
          </ns3:TrackPointExtension>
        </extensions>
      </trkpt>
      <trkpt lat="24.4963264279067516326904296875" lon="117.9625277034938335418701171875">
        <ele>134.1999969482421875</ele>
        <time>2026-09-19T08:32:14.000Z</time>
        <extensions>
          <ns3:TrackPointExtension>
            <ns3:hr>125</ns3:hr>
            <ns3:cad>81</ns3:cad>
          </ns3:TrackPointExtension>
        </extensions>
      </trkpt>
      <trkpt lat="24.4963086582720279693603515625" lon="117.9625431261956691741943359375">
        <ele>134</ele>
        <time>2026-09-19T08:32:15.000Z</time>
        <extensions>
          <ns3:TrackPointExtension>
            <ns3:hr>125</ns3:hr>
            <ns3:cad>81</ns3:cad>
          </ns3:TrackPointExtension>
        </extensions>
      </trkpt>
      <trkpt lat="24.4962818361818790435791015625" lon="117.962563075125217437744140625">
        <ele>133.8000030517578125</ele>
        <time>2026-09-19T08:32:16.000Z</time>
        <extensions>
          <ns3:TrackPointExtension>
            <ns3:hr>124</ns3:hr>
            <ns3:cad>81</ns3:cad>
          </ns3:TrackPointExtension>
        </extensions>
      </trkpt>
      <trkpt lat="24.4962649047374725341796875" lon="117.9625763185322284698486328125">
        <ele>133.600006103515625</ele>
        <time>2026-09-19T08:32:17.000Z</time>
        <extensions>
          <ns3:TrackPointExtension>
            <ns3:hr>124</ns3:hr>
            <ns3:cad>81</ns3:cad>
          </ns3:TrackPointExtension>
        </extensions>
      </trkpt>
      <trkpt lat="24.49624369852244853973388671875" lon="117.9625957645475864410400390625">
        <ele>133.399993896484375</ele>
        <time>2026-09-19T08:32:18.000Z</time>
        <extensions>
          <ns3:TrackPointExtension>
            <ns3:hr>124</ns3:hr>
            <ns3:cad>81</ns3:cad>
          </ns3:TrackPointExtension>
        </extensions>
      </trkpt>
      <trkpt lat="24.49621997773647308349609375" lon="117.96260959468781948089599609375">
        <ele>133.1999969482421875</ele>
        <time>2026-09-19T08:32:19.000Z</time>
        <extensions>
          <ns3:TrackPointExtension>
            <ns3:hr>124</ns3:hr>
            <ns3:cad>80</ns3:cad>
          </ns3:TrackPointExtension>
        </extensions>
      </trkpt>
      <trkpt lat="24.4962032139301300048828125" lon="117.96262484975159168243408203125">
        <ele>133</ele>
        <time>2026-09-19T08:32:20.000Z</time>
        <extensions>
          <ns3:TrackPointExtension>
            <ns3:hr>125</ns3:hr>
            <ns3:cad>80</ns3:cad>
          </ns3:TrackPointExtension>
        </extensions>
      </trkpt>
      <trkpt lat="24.49618108570575714111328125" lon="117.96263423748314380645751953125">
        <ele>132.8000030517578125</ele>
        <time>2026-09-19T08:32:21.000Z</time>
        <extensions>
          <ns3:TrackPointExtension>
            <ns3:hr>124</ns3:hr>
            <ns3:cad>81</ns3:cad>
          </ns3:TrackPointExtension>
        </extensions>
      </trkpt>
      <trkpt lat="24.49615719728171825408935546875" lon="117.96264211647212505340576171875">
        <ele>132.600006103515625</ele>
        <time>2026-09-19T08:32:22.000Z</time>
        <extensions>
          <ns3:TrackPointExtension>
            <ns3:hr>125</ns3:hr>
            <ns3:cad>82</ns3:cad>
          </ns3:TrackPointExtension>
        </extensions>
      </trkpt>
      <trkpt lat="24.49613749980926513671875" lon="117.96265661716461181640625">
        <ele>132.1999969482421875</ele>
        <time>2026-09-19T08:32:23.000Z</time>
        <extensions>
          <ns3:TrackPointExtension>
            <ns3:hr>125</ns3:hr>
            <ns3:cad>83</ns3:cad>
          </ns3:TrackPointExtension>
        </extensions>
      </trkpt>
      <trkpt lat="24.49611126445233821868896484375" lon="117.962675727903842926025390625">
        <ele>132</ele>
        <time>2026-09-19T08:32:24.000Z</time>
        <extensions>
          <ns3:TrackPointExtension>
            <ns3:hr>124</ns3:hr>
            <ns3:cad>83</ns3:cad>
          </ns3:TrackPointExtension>
        </extensions>
      </trkpt>
      <trkpt lat="24.49608863331377506256103515625" lon="117.96268285252153873443603515625">
        <ele>131.600006103515625</ele>
        <time>2026-09-19T08:32:25.000Z</time>
        <extensions>
          <ns3:TrackPointExtension>
            <ns3:hr>124</ns3:hr>
            <ns3:cad>81</ns3:cad>
          </ns3:TrackPointExtension>
        </extensions>
      </trkpt>
      <trkpt lat="24.49606684036552906036376953125" lon="117.962697185575962066650390625">
        <ele>131.1999969482421875</ele>
        <time>2026-09-19T08:32:26.000Z</time>
        <extensions>
          <ns3:TrackPointExtension>
            <ns3:hr>124</ns3:hr>
            <ns3:cad>81</ns3:cad>
          </ns3:TrackPointExtension>
        </extensions>
      </trkpt>
      <trkpt lat="24.49604202993214130401611328125" lon="117.9627151228487491607666015625">
        <ele>131</ele>
        <time>2026-09-19T08:32:27.000Z</time>
        <extensions>
          <ns3:TrackPointExtension>
            <ns3:hr>125</ns3:hr>
            <ns3:cad>80</ns3:cad>
          </ns3:TrackPointExtension>
        </extensions>
      </trkpt>
      <trkpt lat="24.49602811597287654876708984375" lon="117.9627312161028385162353515625">
        <ele>130.8000030517578125</ele>
        <time>2026-09-19T08:32:28.000Z</time>
        <extensions>
          <ns3:TrackPointExtension>
            <ns3:hr>124</ns3:hr>
            <ns3:cad>80</ns3:cad>
          </ns3:TrackPointExtension>
        </extensions>
      </trkpt>
      <trkpt lat="24.4960126094520092010498046875" lon="117.96275510452687740325927734375">
        <ele>130.600006103515625</ele>
        <time>2026-09-19T08:32:29.000Z</time>
        <extensions>
          <ns3:TrackPointExtension>
            <ns3:hr>124</ns3:hr>
            <ns3:cad>80</ns3:cad>
          </ns3:TrackPointExtension>
        </extensions>
      </trkpt>
      <trkpt lat="24.49600012041628360748291015625" lon="117.96277455054223537445068359375">
        <ele>130.399993896484375</ele>
        <time>2026-09-19T08:32:30.000Z</time>
        <extensions>
          <ns3:TrackPointExtension>
            <ns3:hr>125</ns3:hr>
            <ns3:cad>81</ns3:cad>
          </ns3:TrackPointExtension>
        </extensions>
      </trkpt>
      <trkpt lat="24.49599022977054119110107421875" lon="117.96279517002403736114501953125">
        <ele>130.399993896484375</ele>
        <time>2026-09-19T08:32:31.000Z</time>
        <extensions>
          <ns3:TrackPointExtension>
            <ns3:hr>124</ns3:hr>
            <ns3:cad>82</ns3:cad>
          </ns3:TrackPointExtension>
        </extensions>
      </trkpt>
      <trkpt lat="24.4959831051528453826904296875" lon="117.96282333321869373321533203125">
        <ele>130.1999969482421875</ele>
        <time>2026-09-19T08:32:32.000Z</time>
        <extensions>
          <ns3:TrackPointExtension>
            <ns3:hr>124</ns3:hr>
            <ns3:cad>82</ns3:cad>
          </ns3:TrackPointExtension>
        </extensions>
      </trkpt>
      <trkpt lat="24.49597950093448162078857421875" lon="117.96285015530884265899658203125">
        <ele>130.1999969482421875</ele>
        <time>2026-09-19T08:32:33.000Z</time>
        <extensions>
          <ns3:TrackPointExtension>
            <ns3:hr>125</ns3:hr>
            <ns3:cad>83</ns3:cad>
          </ns3:TrackPointExtension>
        </extensions>
      </trkpt>
      <trkpt lat="24.49598050676286220550537109375" lon="117.962880916893482208251953125">
        <ele>130.1999969482421875</ele>
        <time>2026-09-19T08:32:34.000Z</time>
        <extensions>
          <ns3:TrackPointExtension>
            <ns3:hr>125</ns3:hr>
            <ns3:cad>83</ns3:cad>
          </ns3:TrackPointExtension>
        </extensions>
      </trkpt>
      <trkpt lat="24.49598528444766998291015625" lon="117.96291536651551723480224609375">
        <ele>130</ele>
        <time>2026-09-19T08:32:35.000Z</time>
        <extensions>
          <ns3:TrackPointExtension>
            <ns3:hr>126</ns3:hr>
            <ns3:cad>82</ns3:cad>
          </ns3:TrackPointExtension>
        </extensions>
      </trkpt>
      <trkpt lat="24.4959874637424945831298828125" lon="117.9629451222717761993408203125">
        <ele>130</ele>
        <time>2026-09-19T08:32:36.000Z</time>
        <extensions>
          <ns3:TrackPointExtension>
            <ns3:hr>126</ns3:hr>
            <ns3:cad>82</ns3:cad>
          </ns3:TrackPointExtension>
        </extensions>
      </trkpt>
      <trkpt lat="24.4959948398172855377197265625" lon="117.96297102235257625579833984375">
        <ele>130</ele>
        <time>2026-09-19T08:32:37.000Z</time>
        <extensions>
          <ns3:TrackPointExtension>
            <ns3:hr>126</ns3:hr>
            <ns3:cad>82</ns3:cad>
          </ns3:TrackPointExtension>
        </extensions>
      </trkpt>
      <trkpt lat="24.49600531719624996185302734375" lon="117.96301092021167278289794921875">
        <ele>130</ele>
        <time>2026-09-19T08:32:38.000Z</time>
        <extensions>
          <ns3:TrackPointExtension>
            <ns3:hr>126</ns3:hr>
            <ns3:cad>83</ns3:cad>
          </ns3:TrackPointExtension>
        </extensions>
      </trkpt>
      <trkpt lat="24.49601386673748493194580078125" lon="117.96303858049213886260986328125">
        <ele>130</ele>
        <time>2026-09-19T08:32:39.000Z</time>
        <extensions>
          <ns3:TrackPointExtension>
            <ns3:hr>126</ns3:hr>
            <ns3:cad>82</ns3:cad>
          </ns3:TrackPointExtension>
        </extensions>
      </trkpt>
      <trkpt lat="24.49602149426937103271484375" lon="117.963074035942554473876953125">
        <ele>130</ele>
        <time>2026-09-19T08:32:40.000Z</time>
        <extensions>
          <ns3:TrackPointExtension>
            <ns3:hr>126</ns3:hr>
            <ns3:cad>82</ns3:cad>
          </ns3:TrackPointExtension>
        </extensions>
      </trkpt>
      <trkpt lat="24.496021158993244171142578125" lon="117.96309758909046649932861328125">
        <ele>129.8000030517578125</ele>
        <time>2026-09-19T08:32:41.000Z</time>
        <extensions>
          <ns3:TrackPointExtension>
            <ns3:hr>125</ns3:hr>
            <ns3:cad>82</ns3:cad>
          </ns3:TrackPointExtension>
        </extensions>
      </trkpt>
      <trkpt lat="24.496013782918453216552734375" lon="117.9631211422383785247802734375">
        <ele>129.600006103515625</ele>
        <time>2026-09-19T08:32:42.000Z</time>
        <extensions>
          <ns3:TrackPointExtension>
            <ns3:hr>126</ns3:hr>
            <ns3:cad>82</ns3:cad>
          </ns3:TrackPointExtension>
        </extensions>
      </trkpt>
      <trkpt lat="24.49600179679691791534423828125" lon="117.96314218081533908843994140625">
        <ele>129.399993896484375</ele>
        <time>2026-09-19T08:32:43.000Z</time>
        <extensions>
          <ns3:TrackPointExtension>
            <ns3:hr>126</ns3:hr>
            <ns3:cad>82</ns3:cad>
          </ns3:TrackPointExtension>
        </extensions>
      </trkpt>
      <trkpt lat="24.4959861226379871368408203125" lon="117.96315408311784267425537109375">
        <ele>129.1999969482421875</ele>
        <time>2026-09-19T08:32:44.000Z</time>
        <extensions>
          <ns3:TrackPointExtension>
            <ns3:hr>126</ns3:hr>
            <ns3:cad>82</ns3:cad>
          </ns3:TrackPointExtension>
        </extensions>
      </trkpt>
      <trkpt lat="24.49597061611711978912353515625" lon="117.9631653986871242523193359375">
        <ele>129</ele>
        <time>2026-09-19T08:32:45.000Z</time>
        <extensions>
          <ns3:TrackPointExtension>
            <ns3:hr>126</ns3:hr>
            <ns3:cad>83</ns3:cad>
          </ns3:TrackPointExtension>
        </extensions>
      </trkpt>
      <trkpt lat="24.49595301412045955657958984375" lon="117.9631771333515644073486328125">
        <ele>129</ele>
        <time>2026-09-19T08:32:46.000Z</time>
        <extensions>
          <ns3:TrackPointExtension>
            <ns3:hr>126</ns3:hr>
            <ns3:cad>83</ns3:cad>
          </ns3:TrackPointExtension>
        </extensions>
      </trkpt>
      <trkpt lat="24.49593432247638702392578125" lon="117.963186018168926239013671875">
        <ele>128.8000030517578125</ele>
        <time>2026-09-19T08:32:47.000Z</time>
        <extensions>
          <ns3:TrackPointExtension>
            <ns3:hr>126</ns3:hr>
            <ns3:cad>82</ns3:cad>
          </ns3:TrackPointExtension>
        </extensions>
      </trkpt>
      <trkpt lat="24.495907835662364959716796875" lon="117.96319305896759033203125">
        <ele>128.8000030517578125</ele>
        <time>2026-09-19T08:32:48.000Z</time>
        <extensions>
          <ns3:TrackPointExtension>
            <ns3:hr>125</ns3:hr>
            <ns3:cad>81</ns3:cad>
          </ns3:TrackPointExtension>
        </extensions>
      </trkpt>
      <trkpt lat="24.4958915747702121734619140625" lon="117.96320018358528614044189453125">
        <ele>128.600006103515625</ele>
        <time>2026-09-19T08:32:49.000Z</time>
        <extensions>
          <ns3:TrackPointExtension>
            <ns3:hr>125</ns3:hr>
            <ns3:cad>81</ns3:cad>
          </ns3:TrackPointExtension>
        </extensions>
      </trkpt>
      <trkpt lat="24.49587523005902767181396484375" lon="117.9632109962403774261474609375">
        <ele>128.399993896484375</ele>
        <time>2026-09-19T08:32:50.000Z</time>
        <extensions>
          <ns3:TrackPointExtension>
            <ns3:hr>125</ns3:hr>
            <ns3:cad>82</ns3:cad>
          </ns3:TrackPointExtension>
        </extensions>
      </trkpt>
      <trkpt lat="24.49586081318557262420654296875" lon="117.9632207192480564117431640625">
        <ele>128.399993896484375</ele>
        <time>2026-09-19T08:32:51.000Z</time>
        <extensions>
          <ns3:TrackPointExtension>
            <ns3:hr>125</ns3:hr>
            <ns3:cad>83</ns3:cad>
          </ns3:TrackPointExtension>
        </extensions>
      </trkpt>
      <trkpt lat="24.4958483241498470306396484375" lon="117.96323304064571857452392578125">
        <ele>128.399993896484375</ele>
        <time>2026-09-19T08:32:52.000Z</time>
        <extensions>
          <ns3:TrackPointExtension>
            <ns3:hr>125</ns3:hr>
            <ns3:cad>83</ns3:cad>
          </ns3:TrackPointExtension>
        </extensions>
      </trkpt>
      <trkpt lat="24.495835416018962860107421875" lon="117.96324762515723705291748046875">
        <ele>128.600006103515625</ele>
        <time>2026-09-19T08:32:53.000Z</time>
        <extensions>
          <ns3:TrackPointExtension>
            <ns3:hr>125</ns3:hr>
            <ns3:cad>84</ns3:cad>
          </ns3:TrackPointExtension>
        </extensions>
      </trkpt>
      <trkpt lat="24.4958191551268100738525390625" lon="117.96326824463903903961181640625">
        <ele>128.600006103515625</ele>
        <time>2026-09-19T08:32:54.000Z</time>
        <extensions>
          <ns3:TrackPointExtension>
            <ns3:hr>125</ns3:hr>
            <ns3:cad>84</ns3:cad>
          </ns3:TrackPointExtension>
        </extensions>
      </trkpt>
      <trkpt lat="24.4958080910146236419677734375" lon="117.9632834158837795257568359375">
        <ele>128.600006103515625</ele>
        <time>2026-09-19T08:32:55.000Z</time>
        <extensions>
          <ns3:TrackPointExtension>
            <ns3:hr>124</ns3:hr>
            <ns3:cad>84</ns3:cad>
          </ns3:TrackPointExtension>
        </extensions>
      </trkpt>
      <trkpt lat="24.4957896508276462554931640625" lon="117.9633048735558986663818359375">
        <ele>128.8000030517578125</ele>
        <time>2026-09-19T08:32:56.000Z</time>
        <extensions>
          <ns3:TrackPointExtension>
            <ns3:hr>124</ns3:hr>
            <ns3:cad>84</ns3:cad>
          </ns3:TrackPointExtension>
        </extensions>
      </trkpt>
      <trkpt lat="24.4957759045064449310302734375" lon="117.963322140276432037353515625">
        <ele>128.8000030517578125</ele>
        <time>2026-09-19T08:32:57.000Z</time>
        <extensions>
          <ns3:TrackPointExtension>
            <ns3:hr>124</ns3:hr>
            <ns3:cad>83</ns3:cad>
          </ns3:TrackPointExtension>
        </extensions>
      </trkpt>
      <trkpt lat="24.495762325823307037353515625" lon="117.9633441008627414703369140625">
        <ele>128.8000030517578125</ele>
        <time>2026-09-19T08:32:58.000Z</time>
        <extensions>
          <ns3:TrackPointExtension>
            <ns3:hr>122</ns3:hr>
            <ns3:cad>83</ns3:cad>
          </ns3:TrackPointExtension>
        </extensions>
      </trkpt>
      <trkpt lat="24.49575101025402545928955078125" lon="117.96336296014487743377685546875">
        <ele>128.8000030517578125</ele>
        <time>2026-09-19T08:32:59.000Z</time>
        <extensions>
          <ns3:TrackPointExtension>
            <ns3:hr>121</ns3:hr>
            <ns3:cad>82</ns3:cad>
          </ns3:TrackPointExtension>
        </extensions>
      </trkpt>
      <trkpt lat="24.49573726393282413482666015625" lon="117.9633836634457111358642578125">
        <ele>128.8000030517578125</ele>
        <time>2026-09-19T08:33:00.000Z</time>
        <extensions>
          <ns3:TrackPointExtension>
            <ns3:hr>121</ns3:hr>
            <ns3:cad>82</ns3:cad>
          </ns3:TrackPointExtension>
        </extensions>
      </trkpt>
      <trkpt lat="24.4957256130874156951904296875" lon="117.96340989880263805389404296875">
        <ele>128.8000030517578125</ele>
        <time>2026-09-19T08:33:01.000Z</time>
        <extensions>
          <ns3:TrackPointExtension>
            <ns3:hr>121</ns3:hr>
            <ns3:cad>84</ns3:cad>
          </ns3:TrackPointExtension>
        </extensions>
      </trkpt>
      <trkpt lat="24.49571765027940273284912109375" lon="117.9634302668273448944091796875">
        <ele>128.8000030517578125</ele>
        <time>2026-09-19T08:33:02.000Z</time>
        <extensions>
          <ns3:TrackPointExtension>
            <ns3:hr>122</ns3:hr>
            <ns3:cad>84</ns3:cad>
          </ns3:TrackPointExtension>
        </extensions>
      </trkpt>
      <trkpt lat="24.49570625089108943939208984375" lon="117.96346304006874561309814453125">
        <ele>128.8000030517578125</ele>
        <time>2026-09-19T08:33:03.000Z</time>
        <extensions>
          <ns3:TrackPointExtension>
            <ns3:hr>122</ns3:hr>
            <ns3:cad>84</ns3:cad>
          </ns3:TrackPointExtension>
        </extensions>
      </trkpt>
      <trkpt lat="24.495702646672725677490234375" lon="117.963503189384937286376953125">
        <ele>128.8000030517578125</ele>
        <time>2026-09-19T08:33:04.000Z</time>
        <extensions>
          <ns3:TrackPointExtension>
            <ns3:hr>123</ns3:hr>
            <ns3:cad>84</ns3:cad>
          </ns3:TrackPointExtension>
        </extensions>
      </trkpt>
      <trkpt lat="24.4957075081765651702880859375" lon="117.963540740311145782470703125">
        <ele>128.8000030517578125</ele>
        <time>2026-09-19T08:33:05.000Z</time>
        <extensions>
          <ns3:TrackPointExtension>
            <ns3:hr>123</ns3:hr>
            <ns3:cad>84</ns3:cad>
          </ns3:TrackPointExtension>
        </extensions>
      </trkpt>
      <trkpt lat="24.49570767581462860107421875" lon="117.9635757766664028167724609375">
        <ele>128.8000030517578125</ele>
        <time>2026-09-19T08:33:06.000Z</time>
        <extensions>
          <ns3:TrackPointExtension>
            <ns3:hr>125</ns3:hr>
            <ns3:cad>84</ns3:cad>
          </ns3:TrackPointExtension>
        </extensions>
      </trkpt>
      <trkpt lat="24.49570901691913604736328125" lon="117.96360318548977375030517578125">
        <ele>128.8000030517578125</ele>
        <time>2026-09-19T08:33:07.000Z</time>
        <extensions>
          <ns3:TrackPointExtension>
            <ns3:hr>126</ns3:hr>
            <ns3:cad>83</ns3:cad>
          </ns3:TrackPointExtension>
        </extensions>
      </trkpt>
      <trkpt lat="24.49570960365235805511474609375" lon="117.963637299835681915283203125">
        <ele>128.8000030517578125</ele>
        <time>2026-09-19T08:33:08.000Z</time>
        <extensions>
          <ns3:TrackPointExtension>
            <ns3:hr>127</ns3:hr>
            <ns3:cad>83</ns3:cad>
          </ns3:TrackPointExtension>
        </extensions>
      </trkpt>
      <trkpt lat="24.49570809490978717803955078125" lon="117.9636673070490360260009765625">
        <ele>128.600006103515625</ele>
        <time>2026-09-19T08:33:09.000Z</time>
        <extensions>
          <ns3:TrackPointExtension>
            <ns3:hr>129</ns3:hr>
            <ns3:cad>83</ns3:cad>
          </ns3:TrackPointExtension>
        </extensions>
      </trkpt>
      <trkpt lat="24.49571060948073863983154296875" lon="117.96369354240596294403076171875">
        <ele>128.600006103515625</ele>
        <time>2026-09-19T08:33:10.000Z</time>
        <extensions>
          <ns3:TrackPointExtension>
            <ns3:hr>130</ns3:hr>
            <ns3:cad>83</ns3:cad>
          </ns3:TrackPointExtension>
        </extensions>
      </trkpt>
      <trkpt lat="24.49570524506270885467529296875" lon="117.96372807584702968597412109375">
        <ele>128.600006103515625</ele>
        <time>2026-09-19T08:33:11.000Z</time>
        <extensions>
          <ns3:TrackPointExtension>
            <ns3:hr>131</ns3:hr>
            <ns3:cad>83</ns3:cad>
          </ns3:TrackPointExtension>
        </extensions>
      </trkpt>
      <trkpt lat="24.4957051612436771392822265625" lon="117.96375758014619350433349609375">
        <ele>128.399993896484375</ele>
        <time>2026-09-19T08:33:12.000Z</time>
        <extensions>
          <ns3:TrackPointExtension>
            <ns3:hr>132</ns3:hr>
            <ns3:cad>83</ns3:cad>
          </ns3:TrackPointExtension>
        </extensions>
      </trkpt>
      <trkpt lat="24.49570340104401111602783203125" lon="117.96378121711313724517822265625">
        <ele>128.399993896484375</ele>
        <time>2026-09-19T08:33:13.000Z</time>
        <extensions>
          <ns3:TrackPointExtension>
            <ns3:hr>133</ns3:hr>
            <ns3:cad>83</ns3:cad>
          </ns3:TrackPointExtension>
        </extensions>
      </trkpt>
      <trkpt lat="24.495697282254695892333984375" lon="117.96380636282265186309814453125">
        <ele>128.399993896484375</ele>
        <time>2026-09-19T08:33:14.000Z</time>
        <extensions>
          <ns3:TrackPointExtension>
            <ns3:hr>134</ns3:hr>
            <ns3:cad>83</ns3:cad>
          </ns3:TrackPointExtension>
        </extensions>
      </trkpt>
      <trkpt lat="24.495694600045680999755859375" lon="117.96382228843867778778076171875">
        <ele>128.399993896484375</ele>
        <time>2026-09-19T08:33:15.000Z</time>
        <extensions>
          <ns3:TrackPointExtension>
            <ns3:hr>135</ns3:hr>
            <ns3:cad>83</ns3:cad>
          </ns3:TrackPointExtension>
        </extensions>
      </trkpt>
      <trkpt lat="24.49568848125636577606201171875" lon="117.96384911052882671356201171875">
        <ele>128.399993896484375</ele>
        <time>2026-09-19T08:33:16.000Z</time>
        <extensions>
          <ns3:TrackPointExtension>
            <ns3:hr>135</ns3:hr>
            <ns3:cad>83</ns3:cad>
          </ns3:TrackPointExtension>
        </extensions>
      </trkpt>
      <trkpt lat="24.49567993171513080596923828125" lon="117.9638714902102947235107421875">
        <ele>128.399993896484375</ele>
        <time>2026-09-19T08:33:17.000Z</time>
        <extensions>
          <ns3:TrackPointExtension>
            <ns3:hr>135</ns3:hr>
            <ns3:cad>83</ns3:cad>
          </ns3:TrackPointExtension>
        </extensions>
      </trkpt>
      <trkpt lat="24.49566920287907123565673828125" lon="117.9639006592333316802978515625">
        <ele>128.399993896484375</ele>
        <time>2026-09-19T08:33:18.000Z</time>
        <extensions>
          <ns3:TrackPointExtension>
            <ns3:hr>135</ns3:hr>
            <ns3:cad>83</ns3:cad>
          </ns3:TrackPointExtension>
        </extensions>
      </trkpt>
      <trkpt lat="24.49565595947206020355224609375" lon="117.9639271460473537445068359375">
        <ele>128.399993896484375</ele>
        <time>2026-09-19T08:33:19.000Z</time>
        <extensions>
          <ns3:TrackPointExtension>
            <ns3:hr>135</ns3:hr>
            <ns3:cad>84</ns3:cad>
          </ns3:TrackPointExtension>
        </extensions>
      </trkpt>
      <trkpt lat="24.4956493377685546875" lon="117.963950447738170623779296875">
        <ele>128.399993896484375</ele>
        <time>2026-09-19T08:33:20.000Z</time>
        <extensions>
          <ns3:TrackPointExtension>
            <ns3:hr>135</ns3:hr>
            <ns3:cad>84</ns3:cad>
          </ns3:TrackPointExtension>
        </extensions>
      </trkpt>
      <trkpt lat="24.49563332833349704742431640625" lon="117.9639776051044464111328125">
        <ele>128.399993896484375</ele>
        <time>2026-09-19T08:33:21.000Z</time>
        <extensions>
          <ns3:TrackPointExtension>
            <ns3:hr>135</ns3:hr>
            <ns3:cad>84</ns3:cad>
          </ns3:TrackPointExtension>
        </extensions>
      </trkpt>
      <trkpt lat="24.4956216774880886077880859375" lon="117.9640022478997707366943359375">
        <ele>128.399993896484375</ele>
        <time>2026-09-19T08:33:22.000Z</time>
        <extensions>
          <ns3:TrackPointExtension>
            <ns3:hr>135</ns3:hr>
            <ns3:cad>84</ns3:cad>
          </ns3:TrackPointExtension>
        </extensions>
      </trkpt>
      <trkpt lat="24.49561019428074359893798828125" lon="117.9640280641615390777587890625">
        <ele>128.399993896484375</ele>
        <time>2026-09-19T08:33:23.000Z</time>
        <extensions>
          <ns3:TrackPointExtension>
            <ns3:hr>134</ns3:hr>
            <ns3:cad>83</ns3:cad>
          </ns3:TrackPointExtension>
        </extensions>
      </trkpt>
      <trkpt lat="24.4955997169017791748046875" lon="117.9640568979084491729736328125">
        <ele>128.399993896484375</ele>
        <time>2026-09-19T08:33:24.000Z</time>
        <extensions>
          <ns3:TrackPointExtension>
            <ns3:hr>135</ns3:hr>
            <ns3:cad>83</ns3:cad>
          </ns3:TrackPointExtension>
        </extensions>
      </trkpt>
      <trkpt lat="24.49559058062732219696044921875" lon="117.9640770144760608673095703125">
        <ele>128.1999969482421875</ele>
        <time>2026-09-19T08:33:25.000Z</time>
        <extensions>
          <ns3:TrackPointExtension>
            <ns3:hr>135</ns3:hr>
            <ns3:cad>83</ns3:cad>
          </ns3:TrackPointExtension>
        </extensions>
      </trkpt>
      <trkpt lat="24.4955797679722309112548828125" lon="117.9641021601855754852294921875">
        <ele>128.1999969482421875</ele>
        <time>2026-09-19T08:33:26.000Z</time>
        <extensions>
          <ns3:TrackPointExtension>
            <ns3:hr>135</ns3:hr>
            <ns3:cad>83</ns3:cad>
          </ns3:TrackPointExtension>
        </extensions>
      </trkpt>
      <trkpt lat="24.495568536221981048583984375" lon="117.964123450219631195068359375">
        <ele>128.1999969482421875</ele>
        <time>2026-09-19T08:33:27.000Z</time>
        <extensions>
          <ns3:TrackPointExtension>
            <ns3:hr>135</ns3:hr>
            <ns3:cad>83</ns3:cad>
          </ns3:TrackPointExtension>
        </extensions>
      </trkpt>
      <trkpt lat="24.495561830699443817138671875" lon="117.964144237339496612548828125">
        <ele>128.1999969482421875</ele>
        <time>2026-09-19T08:33:28.000Z</time>
        <extensions>
          <ns3:TrackPointExtension>
            <ns3:hr>135</ns3:hr>
            <ns3:cad>83</ns3:cad>
          </ns3:TrackPointExtension>
        </extensions>
      </trkpt>
      <trkpt lat="24.49555336497724056243896484375" lon="117.96417365781962871551513671875">
        <ele>128</ele>
        <time>2026-09-19T08:33:29.000Z</time>
        <extensions>
          <ns3:TrackPointExtension>
            <ns3:hr>134</ns3:hr>
            <ns3:cad>83</ns3:cad>
          </ns3:TrackPointExtension>
        </extensions>
      </trkpt>
      <trkpt lat="24.49554716236889362335205078125" lon="117.96419695951044559478759765625">
        <ele>128</ele>
        <time>2026-09-19T08:33:30.000Z</time>
        <extensions>
          <ns3:TrackPointExtension>
            <ns3:hr>134</ns3:hr>
            <ns3:cad>82</ns3:cad>
          </ns3:TrackPointExtension>
        </extensions>
      </trkpt>
      <trkpt lat="24.49554934166371822357177734375" lon="117.9642324149608612060546875">
        <ele>128</ele>
        <time>2026-09-19T08:33:31.000Z</time>
        <extensions>
          <ns3:TrackPointExtension>
            <ns3:hr>134</ns3:hr>
            <ns3:cad>82</ns3:cad>
          </ns3:TrackPointExtension>
        </extensions>
      </trkpt>
      <trkpt lat="24.49555613100528717041015625" lon="117.9642619192600250244140625">
        <ele>128</ele>
        <time>2026-09-19T08:33:32.000Z</time>
        <extensions>
          <ns3:TrackPointExtension>
            <ns3:hr>134</ns3:hr>
            <ns3:cad>82</ns3:cad>
          </ns3:TrackPointExtension>
        </extensions>
      </trkpt>
      <trkpt lat="24.4955593161284923553466796875" lon="117.9642875678837299346923828125">
        <ele>127.8000030517578125</ele>
        <time>2026-09-19T08:33:33.000Z</time>
        <extensions>
          <ns3:TrackPointExtension>
            <ns3:hr>134</ns3:hr>
            <ns3:cad>82</ns3:cad>
          </ns3:TrackPointExtension>
        </extensions>
      </trkpt>
      <trkpt lat="24.49557046405971050262451171875" lon="117.9643251188099384307861328125">
        <ele>127.8000030517578125</ele>
        <time>2026-09-19T08:33:34.000Z</time>
        <extensions>
          <ns3:TrackPointExtension>
            <ns3:hr>133</ns3:hr>
            <ns3:cad>83</ns3:cad>
          </ns3:TrackPointExtension>
        </extensions>
      </trkpt>
      <trkpt lat="24.49558052234351634979248046875" lon="117.9643462412059307098388671875">
        <ele>127.59999847412109375</ele>
        <time>2026-09-19T08:33:35.000Z</time>
        <extensions>
          <ns3:TrackPointExtension>
            <ns3:hr>133</ns3:hr>
            <ns3:cad>83</ns3:cad>
          </ns3:TrackPointExtension>
        </extensions>
      </trkpt>
      <trkpt lat="24.49558965861797332763671875" lon="117.9643740691244602203369140625">
        <ele>127.59999847412109375</ele>
        <time>2026-09-19T08:33:36.000Z</time>
        <extensions>
          <ns3:TrackPointExtension>
            <ns3:hr>133</ns3:hr>
            <ns3:cad>83</ns3:cad>
          </ns3:TrackPointExtension>
        </extensions>
      </trkpt>
      <trkpt lat="24.49559376575052738189697265625" lon="117.964403741061687469482421875">
        <ele>127.40000152587890625</ele>
        <time>2026-09-19T08:33:37.000Z</time>
        <extensions>
          <ns3:TrackPointExtension>
            <ns3:hr>134</ns3:hr>
            <ns3:cad>83</ns3:cad>
          </ns3:TrackPointExtension>
        </extensions>
      </trkpt>
      <trkpt lat="24.4955988787114620208740234375" lon="117.96442084014415740966796875">
        <ele>127.40000152587890625</ele>
        <time>2026-09-19T08:33:38.000Z</time>
        <extensions>
          <ns3:TrackPointExtension>
            <ns3:hr>134</ns3:hr>
            <ns3:cad>83</ns3:cad>
          </ns3:TrackPointExtension>
        </extensions>
      </trkpt>
      <trkpt lat="24.49560449458658695220947265625" lon="117.96444338746368885040283203125">
        <ele>127.40000152587890625</ele>
        <time>2026-09-19T08:33:39.000Z</time>
        <extensions>
          <ns3:TrackPointExtension>
            <ns3:hr>134</ns3:hr>
            <ns3:cad>83</ns3:cad>
          </ns3:TrackPointExtension>
        </extensions>
      </trkpt>
      <trkpt lat="24.495606087148189544677734375" lon="117.9644645936787128448486328125">
        <ele>127.40000152587890625</ele>
        <time>2026-09-19T08:33:40.000Z</time>
        <extensions>
          <ns3:TrackPointExtension>
            <ns3:hr>134</ns3:hr>
            <ns3:cad>83</ns3:cad>
          </ns3:TrackPointExtension>
        </extensions>
      </trkpt>
      <trkpt lat="24.49560843408107757568359375" lon="117.96449133194983005523681640625">
        <ele>127.40000152587890625</ele>
        <time>2026-09-19T08:33:41.000Z</time>
        <extensions>
          <ns3:TrackPointExtension>
            <ns3:hr>134</ns3:hr>
            <ns3:cad>83</ns3:cad>
          </ns3:TrackPointExtension>
        </extensions>
      </trkpt>
      <trkpt lat="24.49562159366905689239501953125" lon="117.96450524590909481048583984375">
        <ele>127.40000152587890625</ele>
        <time>2026-09-19T08:33:42.000Z</time>
        <extensions>
          <ns3:TrackPointExtension>
            <ns3:hr>134</ns3:hr>
            <ns3:cad>83</ns3:cad>
          </ns3:TrackPointExtension>
        </extensions>
      </trkpt>
      <trkpt lat="24.49562930501997470855712890625" lon="117.96453357674181461334228515625">
        <ele>127.40000152587890625</ele>
        <time>2026-09-19T08:33:43.000Z</time>
        <extensions>
          <ns3:TrackPointExtension>
            <ns3:hr>134</ns3:hr>
            <ns3:cad>83</ns3:cad>
          </ns3:TrackPointExtension>
        </extensions>
      </trkpt>
      <trkpt lat="24.4956384412944316864013671875" lon="117.964574396610260009765625">
        <ele>127.40000152587890625</ele>
        <time>2026-09-19T08:33:44.000Z</time>
        <extensions>
          <ns3:TrackPointExtension>
            <ns3:hr>135</ns3:hr>
            <ns3:cad>83</ns3:cad>
          </ns3:TrackPointExtension>
        </extensions>
      </trkpt>
      <trkpt lat="24.49564422480762004852294921875" lon="117.96460532583296298980712890625">
        <ele>127.59999847412109375</ele>
        <time>2026-09-19T08:33:45.000Z</time>
        <extensions>
          <ns3:TrackPointExtension>
            <ns3:hr>135</ns3:hr>
            <ns3:cad>83</ns3:cad>
          </ns3:TrackPointExtension>
        </extensions>
      </trkpt>
      <trkpt lat="24.49564866721630096435546875" lon="117.96463399194180965423583984375">
        <ele>127.59999847412109375</ele>
        <time>2026-09-19T08:33:46.000Z</time>
        <extensions>
          <ns3:TrackPointExtension>
            <ns3:hr>135</ns3:hr>
            <ns3:cad>83</ns3:cad>
          </ns3:TrackPointExtension>
        </extensions>
      </trkpt>
      <trkpt lat="24.49564875103533267974853515625" lon="117.96466265805065631866455078125">
        <ele>127.8000030517578125</ele>
        <time>2026-09-19T08:33:47.000Z</time>
        <extensions>
          <ns3:TrackPointExtension>
            <ns3:hr>135</ns3:hr>
            <ns3:cad>83</ns3:cad>
          </ns3:TrackPointExtension>
        </extensions>
      </trkpt>
      <trkpt lat="24.49565411545336246490478515625" lon="117.96468906104564666748046875">
        <ele>127.8000030517578125</ele>
        <time>2026-09-19T08:33:48.000Z</time>
        <extensions>
          <ns3:TrackPointExtension>
            <ns3:hr>135</ns3:hr>
            <ns3:cad>83</ns3:cad>
          </ns3:TrackPointExtension>
        </extensions>
      </trkpt>
      <trkpt lat="24.49565277434885501861572265625" lon="117.96471814624965190887451171875">
        <ele>128</ele>
        <time>2026-09-19T08:33:49.000Z</time>
        <extensions>
          <ns3:TrackPointExtension>
            <ns3:hr>135</ns3:hr>
            <ns3:cad>83</ns3:cad>
          </ns3:TrackPointExtension>
        </extensions>
      </trkpt>
      <trkpt lat="24.4956498406827449798583984375" lon="117.96474060975015163421630859375">
        <ele>128.1999969482421875</ele>
        <time>2026-09-19T08:33:50.000Z</time>
        <extensions>
          <ns3:TrackPointExtension>
            <ns3:hr>135</ns3:hr>
            <ns3:cad>83</ns3:cad>
          </ns3:TrackPointExtension>
        </extensions>
      </trkpt>
      <trkpt lat="24.49564732611179351806640625" lon="117.96476575545966625213623046875">
        <ele>128.1999969482421875</ele>
        <time>2026-09-19T08:33:51.000Z</time>
        <extensions>
          <ns3:TrackPointExtension>
            <ns3:hr>135</ns3:hr>
            <ns3:cad>83</ns3:cad>
          </ns3:TrackPointExtension>
        </extensions>
      </trkpt>
      <trkpt lat="24.49564271606504917144775390625" lon="117.96480246819555759429931640625">
        <ele>128.1999969482421875</ele>
        <time>2026-09-19T08:33:52.000Z</time>
        <extensions>
          <ns3:TrackPointExtension>
            <ns3:hr>136</ns3:hr>
            <ns3:cad>84</ns3:cad>
          </ns3:TrackPointExtension>
        </extensions>
      </trkpt>
      <trkpt lat="24.49563198722898960113525390625" lon="117.96482912264764308929443359375">
        <ele>128</ele>
        <time>2026-09-19T08:33:53.000Z</time>
        <extensions>
          <ns3:TrackPointExtension>
            <ns3:hr>136</ns3:hr>
            <ns3:cad>84</ns3:cad>
          </ns3:TrackPointExtension>
        </extensions>
      </trkpt>
      <trkpt lat="24.49562293477356433868408203125" lon="117.96485410071909427642822265625">
        <ele>127.8000030517578125</ele>
        <time>2026-09-19T08:33:54.000Z</time>
        <extensions>
          <ns3:TrackPointExtension>
            <ns3:hr>136</ns3:hr>
            <ns3:cad>84</ns3:cad>
          </ns3:TrackPointExtension>
        </extensions>
      </trkpt>
      <trkpt lat="24.495609439909458160400390625" lon="117.9648840241134166717529296875">
        <ele>127.59999847412109375</ele>
        <time>2026-09-19T08:33:55.000Z</time>
        <extensions>
          <ns3:TrackPointExtension>
            <ns3:hr>135</ns3:hr>
            <ns3:cad>82</ns3:cad>
          </ns3:TrackPointExtension>
        </extensions>
      </trkpt>
      <trkpt lat="24.49560415931046009063720703125" lon="117.96490791253745555877685546875">
        <ele>127.1999969482421875</ele>
        <time>2026-09-19T08:33:56.000Z</time>
        <extensions>
          <ns3:TrackPointExtension>
            <ns3:hr>135</ns3:hr>
            <ns3:cad>81</ns3:cad>
          </ns3:TrackPointExtension>
        </extensions>
      </trkpt>
      <trkpt lat="24.4955951906740665435791015625" lon="117.96493205241858959197998046875">
        <ele>127</ele>
        <time>2026-09-19T08:33:57.000Z</time>
        <extensions>
          <ns3:TrackPointExtension>
            <ns3:hr>135</ns3:hr>
            <ns3:cad>81</ns3:cad>
          </ns3:TrackPointExtension>
        </extensions>
      </trkpt>
      <trkpt lat="24.495573900640010833740234375" lon="117.9649601317942142486572265625">
        <ele>126.8000030517578125</ele>
        <time>2026-09-19T08:33:58.000Z</time>
        <extensions>
          <ns3:TrackPointExtension>
            <ns3:hr>135</ns3:hr>
            <ns3:cad>81</ns3:cad>
          </ns3:TrackPointExtension>
        </extensions>
      </trkpt>
      <trkpt lat="24.495560489594936370849609375" lon="117.96497764997184276580810546875">
        <ele>126.59999847412109375</ele>
        <time>2026-09-19T08:33:59.000Z</time>
        <extensions>
          <ns3:TrackPointExtension>
            <ns3:hr>136</ns3:hr>
            <ns3:cad>82</ns3:cad>
          </ns3:TrackPointExtension>
        </extensions>
      </trkpt>
      <trkpt lat="24.495541043579578399658203125" lon="117.9649960063397884368896484375">
        <ele>126.40000152587890625</ele>
        <time>2026-09-19T08:34:00.000Z</time>
        <extensions>
          <ns3:TrackPointExtension>
            <ns3:hr>136</ns3:hr>
            <ns3:cad>82</ns3:cad>
          </ns3:TrackPointExtension>
        </extensions>
      </trkpt>
      <trkpt lat="24.49552352540194988250732421875" lon="117.96502567827701568603515625">
        <ele>126.1999969482421875</ele>
        <time>2026-09-19T08:34:01.000Z</time>
        <extensions>
          <ns3:TrackPointExtension>
            <ns3:hr>136</ns3:hr>
            <ns3:cad>81</ns3:cad>
          </ns3:TrackPointExtension>
        </extensions>
      </trkpt>
      <trkpt lat="24.495508186519145965576171875" lon="117.96504177153110504150390625">
        <ele>125.8000030517578125</ele>
        <time>2026-09-19T08:34:02.000Z</time>
        <extensions>
          <ns3:TrackPointExtension>
            <ns3:hr>136</ns3:hr>
            <ns3:cad>81</ns3:cad>
          </ns3:TrackPointExtension>
        </extensions>
      </trkpt>
      <trkpt lat="24.49548815377056598663330078125" lon="117.9650576971471309661865234375">
        <ele>125.59999847412109375</ele>
        <time>2026-09-19T08:34:03.000Z</time>
        <extensions>
          <ns3:TrackPointExtension>
            <ns3:hr>136</ns3:hr>
            <ns3:cad>80</ns3:cad>
          </ns3:TrackPointExtension>
        </extensions>
      </trkpt>
      <trkpt lat="24.49546770192682743072509765625" lon="117.96507655642926692962646484375">
        <ele>125.1999969482421875</ele>
        <time>2026-09-19T08:34:04.000Z</time>
        <extensions>
          <ns3:TrackPointExtension>
            <ns3:hr>136</ns3:hr>
            <ns3:cad>80</ns3:cad>
          </ns3:TrackPointExtension>
        </extensions>
      </trkpt>
      <trkpt lat="24.495456553995609283447265625" lon="117.96508410014212131500244140625">
        <ele>125</ele>
        <time>2026-09-19T08:34:05.000Z</time>
        <extensions>
          <ns3:TrackPointExtension>
            <ns3:hr>136</ns3:hr>
            <ns3:cad>80</ns3:cad>
          </ns3:TrackPointExtension>
        </extensions>
      </trkpt>
      <trkpt lat="24.49543853290379047393798828125" lon="117.9651068150997161865234375">
        <ele>124.59999847412109375</ele>
        <time>2026-09-19T08:34:06.000Z</time>
        <extensions>
          <ns3:TrackPointExtension>
            <ns3:hr>136</ns3:hr>
            <ns3:cad>80</ns3:cad>
          </ns3:TrackPointExtension>
        </extensions>
      </trkpt>
      <trkpt lat="24.49541908688843250274658203125" lon="117.965126596391201019287109375">
        <ele>124.40000152587890625</ele>
        <time>2026-09-19T08:34:07.000Z</time>
        <extensions>
          <ns3:TrackPointExtension>
            <ns3:hr>136</ns3:hr>
            <ns3:cad>80</ns3:cad>
          </ns3:TrackPointExtension>
        </extensions>
      </trkpt>
      <trkpt lat="24.49539897032082080841064453125" lon="117.9651458747684955596923828125">
        <ele>124</ele>
        <time>2026-09-19T08:34:08.000Z</time>
        <extensions>
          <ns3:TrackPointExtension>
            <ns3:hr>136</ns3:hr>
            <ns3:cad>81</ns3:cad>
          </ns3:TrackPointExtension>
        </extensions>
      </trkpt>
      <trkpt lat="24.49537298642098903656005859375" lon="117.965168841183185577392578125">
        <ele>123.8000030517578125</ele>
        <time>2026-09-19T08:34:09.000Z</time>
        <extensions>
          <ns3:TrackPointExtension>
            <ns3:hr>135</ns3:hr>
            <ns3:cad>82</ns3:cad>
          </ns3:TrackPointExtension>
        </extensions>
      </trkpt>
      <trkpt lat="24.4953531213104724884033203125" lon="117.96518468298017978668212890625">
        <ele>123.40000152587890625</ele>
        <time>2026-09-19T08:34:10.000Z</time>
        <extensions>
          <ns3:TrackPointExtension>
            <ns3:hr>135</ns3:hr>
            <ns3:cad>82</ns3:cad>
          </ns3:TrackPointExtension>
        </extensions>
      </trkpt>
      <trkpt lat="24.49533107690513134002685546875" lon="117.96520429663360118865966796875">
        <ele>123.1999969482421875</ele>
        <time>2026-09-19T08:34:11.000Z</time>
        <extensions>
          <ns3:TrackPointExtension>
            <ns3:hr>135</ns3:hr>
            <ns3:cad>81</ns3:cad>
          </ns3:TrackPointExtension>
        </extensions>
      </trkpt>
      <trkpt lat="24.495311714708805084228515625" lon="117.96522491611540317535400390625">
        <ele>123</ele>
        <time>2026-09-19T08:34:12.000Z</time>
        <extensions>
          <ns3:TrackPointExtension>
            <ns3:hr>135</ns3:hr>
            <ns3:cad>81</ns3:cad>
          </ns3:TrackPointExtension>
        </extensions>
      </trkpt>
      <trkpt lat="24.49529922567307949066162109375" lon="117.96524486504495143890380859375">
        <ele>122.8000030517578125</ele>
        <time>2026-09-19T08:34:13.000Z</time>
        <extensions>
          <ns3:TrackPointExtension>
            <ns3:hr>135</ns3:hr>
            <ns3:cad>81</ns3:cad>
          </ns3:TrackPointExtension>
        </extensions>
      </trkpt>
      <trkpt lat="24.49528547935187816619873046875" lon="117.96526883728802204132080078125">
        <ele>122.59999847412109375</ele>
        <time>2026-09-19T08:34:14.000Z</time>
        <extensions>
          <ns3:TrackPointExtension>
            <ns3:hr>135</ns3:hr>
            <ns3:cad>81</ns3:cad>
          </ns3:TrackPointExtension>
        </extensions>
      </trkpt>
      <trkpt lat="24.49527206830680370330810546875" lon="117.96529280953109264373779296875">
        <ele>122.40000152587890625</ele>
        <time>2026-09-19T08:34:15.000Z</time>
        <extensions>
          <ns3:TrackPointExtension>
            <ns3:hr>135</ns3:hr>
            <ns3:cad>82</ns3:cad>
          </ns3:TrackPointExtension>
        </extensions>
      </trkpt>
      <trkpt lat="24.49526703916490077972412109375" lon="117.96531644649803638458251953125">
        <ele>122</ele>
        <time>2026-09-19T08:34:16.000Z</time>
        <extensions>
          <ns3:TrackPointExtension>
            <ns3:hr>135</ns3:hr>
            <ns3:cad>82</ns3:cad>
          </ns3:TrackPointExtension>
        </extensions>
      </trkpt>
      <trkpt lat="24.49526636861264705657958984375" lon="117.9653507284820079803466796875">
        <ele>121.59999847412109375</ele>
        <time>2026-09-19T08:34:17.000Z</time>
        <extensions>
          <ns3:TrackPointExtension>
            <ns3:hr>134</ns3:hr>
            <ns3:cad>82</ns3:cad>
          </ns3:TrackPointExtension>
        </extensions>
      </trkpt>
      <trkpt lat="24.4952612556517124176025390625" lon="117.965379059314727783203125">
        <ele>121.1999969482421875</ele>
        <time>2026-09-19T08:34:18.000Z</time>
        <extensions>
          <ns3:TrackPointExtension>
            <ns3:hr>134</ns3:hr>
            <ns3:cad>82</ns3:cad>
          </ns3:TrackPointExtension>
        </extensions>
      </trkpt>
      <trkpt lat="24.495256729423999786376953125" lon="117.965406216681003570556640625">
        <ele>120.8000030517578125</ele>
        <time>2026-09-19T08:34:19.000Z</time>
        <extensions>
          <ns3:TrackPointExtension>
            <ns3:hr>134</ns3:hr>
            <ns3:cad>81</ns3:cad>
          </ns3:TrackPointExtension>
        </extensions>
      </trkpt>
      <trkpt lat="24.4952456653118133544921875" lon="117.96543211676180362701416015625">
        <ele>120.40000152587890625</ele>
        <time>2026-09-19T08:34:20.000Z</time>
        <extensions>
          <ns3:TrackPointExtension>
            <ns3:hr>134</ns3:hr>
            <ns3:cad>80</ns3:cad>
          </ns3:TrackPointExtension>
        </extensions>
      </trkpt>
      <trkpt lat="24.495237283408641815185546875" lon="117.965449802577495574951171875">
        <ele>120.1999969482421875</ele>
        <time>2026-09-19T08:34:21.000Z</time>
        <extensions>
          <ns3:TrackPointExtension>
            <ns3:hr>133</ns3:hr>
            <ns3:cad>80</ns3:cad>
          </ns3:TrackPointExtension>
        </extensions>
      </trkpt>
      <trkpt lat="24.4952243752777576446533203125" lon="117.9654689133167266845703125">
        <ele>120</ele>
        <time>2026-09-19T08:34:22.000Z</time>
        <extensions>
          <ns3:TrackPointExtension>
            <ns3:hr>133</ns3:hr>
            <ns3:cad>82</ns3:cad>
          </ns3:TrackPointExtension>
        </extensions>
      </trkpt>
      <trkpt lat="24.49520383961498737335205078125" lon="117.96548777259886264801025390625">
        <ele>119.59999847412109375</ele>
        <time>2026-09-19T08:34:23.000Z</time>
        <extensions>
          <ns3:TrackPointExtension>
            <ns3:hr>132</ns3:hr>
            <ns3:cad>83</ns3:cad>
          </ns3:TrackPointExtension>
        </extensions>
      </trkpt>
      <trkpt lat="24.49518741108477115631103515625" lon="117.96549967490136623382568359375">
        <ele>119.1999969482421875</ele>
        <time>2026-09-19T08:34:24.000Z</time>
        <extensions>
          <ns3:TrackPointExtension>
            <ns3:hr>131</ns3:hr>
            <ns3:cad>83</ns3:cad>
          </ns3:TrackPointExtension>
        </extensions>
      </trkpt>
      <trkpt lat="24.49516310356557369232177734375" lon="117.9655190370976924896240234375">
        <ele>118.8000030517578125</ele>
        <time>2026-09-19T08:34:25.000Z</time>
        <extensions>
          <ns3:TrackPointExtension>
            <ns3:hr>131</ns3:hr>
            <ns3:cad>83</ns3:cad>
          </ns3:TrackPointExtension>
        </extensions>
      </trkpt>
      <trkpt lat="24.49514097534120082855224609375" lon="117.9655317775905132293701171875">
        <ele>118.40000152587890625</ele>
        <time>2026-09-19T08:34:26.000Z</time>
        <extensions>
          <ns3:TrackPointExtension>
            <ns3:hr>131</ns3:hr>
            <ns3:cad>81</ns3:cad>
          </ns3:TrackPointExtension>
        </extensions>
      </trkpt>
      <trkpt lat="24.49512563645839691162109375" lon="117.96554342843592166900634765625">
        <ele>118</ele>
        <time>2026-09-19T08:34:27.000Z</time>
        <extensions>
          <ns3:TrackPointExtension>
            <ns3:hr>130</ns3:hr>
            <ns3:cad>81</ns3:cad>
          </ns3:TrackPointExtension>
        </extensions>
      </trkpt>
      <trkpt lat="24.4950966350734233856201171875" lon="117.96556186862289905548095703125">
        <ele>117.59999847412109375</ele>
        <time>2026-09-19T08:34:28.000Z</time>
        <extensions>
          <ns3:TrackPointExtension>
            <ns3:hr>130</ns3:hr>
            <ns3:cad>81</ns3:cad>
          </ns3:TrackPointExtension>
        </extensions>
      </trkpt>
      <trkpt lat="24.49507744051516056060791015625" lon="117.9655756987631320953369140625">
        <ele>117.1999969482421875</ele>
        <time>2026-09-19T08:34:29.000Z</time>
        <extensions>
          <ns3:TrackPointExtension>
            <ns3:hr>130</ns3:hr>
            <ns3:cad>82</ns3:cad>
          </ns3:TrackPointExtension>
        </extensions>
      </trkpt>
      <trkpt lat="24.495056569576263427734375" lon="117.96559120528399944305419921875">
        <ele>116.8000030517578125</ele>
        <time>2026-09-19T08:34:30.000Z</time>
        <extensions>
          <ns3:TrackPointExtension>
            <ns3:hr>130</ns3:hr>
            <ns3:cad>82</ns3:cad>
          </ns3:TrackPointExtension>
        </extensions>
      </trkpt>
      <trkpt lat="24.49503150768578052520751953125" lon="117.96561735682189464569091796875">
        <ele>116.40000152587890625</ele>
        <time>2026-09-19T08:34:31.000Z</time>
        <extensions>
          <ns3:TrackPointExtension>
            <ns3:hr>130</ns3:hr>
            <ns3:cad>82</ns3:cad>
          </ns3:TrackPointExtension>
        </extensions>
      </trkpt>
      <trkpt lat="24.495013654232025146484375" lon="117.96563160605728626251220703125">
        <ele>116.1999969482421875</ele>
        <time>2026-09-19T08:34:32.000Z</time>
        <extensions>
          <ns3:TrackPointExtension>
            <ns3:hr>129</ns3:hr>
            <ns3:cad>82</ns3:cad>
          </ns3:TrackPointExtension>
        </extensions>
      </trkpt>
      <trkpt lat="24.49500082992017269134521484375" lon="117.96565088443458080291748046875">
        <ele>115.8000030517578125</ele>
        <time>2026-09-19T08:34:33.000Z</time>
        <extensions>
          <ns3:TrackPointExtension>
            <ns3:hr>129</ns3:hr>
            <ns3:cad>82</ns3:cad>
          </ns3:TrackPointExtension>
        </extensions>
      </trkpt>
      <trkpt lat="24.4949776120483875274658203125" lon="117.96567150391638278961181640625">
        <ele>115.59999847412109375</ele>
        <time>2026-09-19T08:34:34.000Z</time>
        <extensions>
          <ns3:TrackPointExtension>
            <ns3:hr>128</ns3:hr>
            <ns3:cad>82</ns3:cad>
          </ns3:TrackPointExtension>
        </extensions>
      </trkpt>
      <trkpt lat="24.49495665729045867919921875" lon="117.96569078229367733001708984375">
        <ele>115.40000152587890625</ele>
        <time>2026-09-19T08:34:35.000Z</time>
        <extensions>
          <ns3:TrackPointExtension>
            <ns3:hr>128</ns3:hr>
            <ns3:cad>80</ns3:cad>
          </ns3:TrackPointExtension>
        </extensions>
      </trkpt>
      <trkpt lat="24.494932852685451507568359375" lon="117.96571324579417705535888671875">
        <ele>115</ele>
        <time>2026-09-19T08:34:36.000Z</time>
        <extensions>
          <ns3:TrackPointExtension>
            <ns3:hr>128</ns3:hr>
            <ns3:cad>80</ns3:cad>
          </ns3:TrackPointExtension>
        </extensions>
      </trkpt>
      <trkpt lat="24.494906365871429443359375" lon="117.96573068015277385711669921875">
        <ele>114.59999847412109375</ele>
        <time>2026-09-19T08:34:37.000Z</time>
        <extensions>
          <ns3:TrackPointExtension>
            <ns3:hr>128</ns3:hr>
            <ns3:cad>80</ns3:cad>
          </ns3:TrackPointExtension>
        </extensions>
      </trkpt>
      <trkpt lat="24.4948887638747692108154296875" lon="117.965739481151103973388671875">
        <ele>114.40000152587890625</ele>
        <time>2026-09-19T08:34:38.000Z</time>
        <extensions>
          <ns3:TrackPointExtension>
            <ns3:hr>128</ns3:hr>
            <ns3:cad>81</ns3:cad>
          </ns3:TrackPointExtension>
        </extensions>
      </trkpt>
      <trkpt lat="24.4948686473071575164794921875" lon="117.96574459411203861236572265625">
        <ele>114.1999969482421875</ele>
        <time>2026-09-19T08:34:39.000Z</time>
        <extensions>
          <ns3:TrackPointExtension>
            <ns3:hr>127</ns3:hr>
            <ns3:cad>81</ns3:cad>
          </ns3:TrackPointExtension>
        </extensions>
      </trkpt>
      <trkpt lat="24.4948495365679264068603515625" lon="117.96575230546295642852783203125">
        <ele>113.8000030517578125</ele>
        <time>2026-09-19T08:34:40.000Z</time>
        <extensions>
          <ns3:TrackPointExtension>
            <ns3:hr>127</ns3:hr>
            <ns3:cad>81</ns3:cad>
          </ns3:TrackPointExtension>
        </extensions>
      </trkpt>
      <trkpt lat="24.4948381371796131134033203125" lon="117.96575834043323993682861328125">
        <ele>113.59999847412109375</ele>
        <time>2026-09-19T08:34:41.000Z</time>
        <extensions>
          <ns3:TrackPointExtension>
            <ns3:hr>127</ns3:hr>
            <ns3:cad>81</ns3:cad>
          </ns3:TrackPointExtension>
        </extensions>
      </trkpt>
      <trkpt lat="24.49480913579463958740234375" lon="117.96576135791838169097900390625">
        <ele>113.40000152587890625</ele>
        <time>2026-09-19T08:34:42.000Z</time>
        <extensions>
          <ns3:TrackPointExtension>
            <ns3:hr>127</ns3:hr>
            <ns3:cad>80</ns3:cad>
          </ns3:TrackPointExtension>
        </extensions>
      </trkpt>
      <trkpt lat="24.494783319532871246337890625" lon="117.96576655469834804534912109375">
        <ele>113.40000152587890625</ele>
        <time>2026-09-19T08:34:43.000Z</time>
        <extensions>
          <ns3:TrackPointExtension>
            <ns3:hr>127</ns3:hr>
            <ns3:cad>80</ns3:cad>
          </ns3:TrackPointExtension>
        </extensions>
      </trkpt>
      <trkpt lat="24.4947616942226886749267578125" lon="117.9657728411257266998291015625">
        <ele>113.1999969482421875</ele>
        <time>2026-09-19T08:34:44.000Z</time>
        <extensions>
          <ns3:TrackPointExtension>
            <ns3:hr>126</ns3:hr>
            <ns3:cad>81</ns3:cad>
          </ns3:TrackPointExtension>
        </extensions>
      </trkpt>
      <trkpt lat="24.49473747052252292633056640625" lon="117.96578432433307170867919921875">
        <ele>113.1999969482421875</ele>
        <time>2026-09-19T08:34:45.000Z</time>
        <extensions>
          <ns3:TrackPointExtension>
            <ns3:hr>126</ns3:hr>
            <ns3:cad>81</ns3:cad>
          </ns3:TrackPointExtension>
        </extensions>
      </trkpt>
      <trkpt lat="24.49471618048846721649169921875" lon="117.965797483921051025390625">
        <ele>113</ele>
        <time>2026-09-19T08:34:46.000Z</time>
        <extensions>
          <ns3:TrackPointExtension>
            <ns3:hr>126</ns3:hr>
            <ns3:cad>81</ns3:cad>
          </ns3:TrackPointExtension>
        </extensions>
      </trkpt>
      <trkpt lat="24.49469841085374355316162109375" lon="117.96581433154642581939697265625">
        <ele>112.8000030517578125</ele>
        <time>2026-09-19T08:34:47.000Z</time>
        <extensions>
          <ns3:TrackPointExtension>
            <ns3:hr>126</ns3:hr>
            <ns3:cad>81</ns3:cad>
          </ns3:TrackPointExtension>
        </extensions>
      </trkpt>
      <trkpt lat="24.49468307197093963623046875" lon="117.96583511866629123687744140625">
        <ele>112.59999847412109375</ele>
        <time>2026-09-19T08:34:48.000Z</time>
        <extensions>
          <ns3:TrackPointExtension>
            <ns3:hr>126</ns3:hr>
            <ns3:cad>81</ns3:cad>
          </ns3:TrackPointExtension>
        </extensions>
      </trkpt>
      <trkpt lat="24.49466966092586517333984375" lon="117.96585774980485439300537109375">
        <ele>112.59999847412109375</ele>
        <time>2026-09-19T08:34:49.000Z</time>
        <extensions>
          <ns3:TrackPointExtension>
            <ns3:hr>126</ns3:hr>
            <ns3:cad>81</ns3:cad>
          </ns3:TrackPointExtension>
        </extensions>
      </trkpt>
      <trkpt lat="24.49465616606175899505615234375" lon="117.9658854939043521881103515625">
        <ele>112.40000152587890625</ele>
        <time>2026-09-19T08:34:50.000Z</time>
        <extensions>
          <ns3:TrackPointExtension>
            <ns3:hr>126</ns3:hr>
            <ns3:cad>82</ns3:cad>
          </ns3:TrackPointExtension>
        </extensions>
      </trkpt>
      <trkpt lat="24.49465147219598293304443359375" lon="117.96590745449066162109375">
        <ele>112.40000152587890625</ele>
        <time>2026-09-19T08:34:51.000Z</time>
        <extensions>
          <ns3:TrackPointExtension>
            <ns3:hr>126</ns3:hr>
            <ns3:cad>81</ns3:cad>
          </ns3:TrackPointExtension>
        </extensions>
      </trkpt>
      <trkpt lat="24.49464711360633373260498046875" lon="117.96593318693339824676513671875">
        <ele>112.1999969482421875</ele>
        <time>2026-09-19T08:34:52.000Z</time>
        <extensions>
          <ns3:TrackPointExtension>
            <ns3:hr>126</ns3:hr>
            <ns3:cad>82</ns3:cad>
          </ns3:TrackPointExtension>
        </extensions>
      </trkpt>
      <trkpt lat="24.49464526958763599395751953125" lon="117.965959422290325164794921875">
        <ele>112</ele>
        <time>2026-09-19T08:34:53.000Z</time>
        <extensions>
          <ns3:TrackPointExtension>
            <ns3:hr>126</ns3:hr>
            <ns3:cad>82</ns3:cad>
          </ns3:TrackPointExtension>
        </extensions>
      </trkpt>
      <trkpt lat="24.4946448504924774169921875" lon="117.96598817221820354461669921875">
        <ele>111.59999847412109375</ele>
        <time>2026-09-19T08:34:54.000Z</time>
        <extensions>
          <ns3:TrackPointExtension>
            <ns3:hr>126</ns3:hr>
            <ns3:cad>83</ns3:cad>
          </ns3:TrackPointExtension>
        </extensions>
      </trkpt>
      <trkpt lat="24.49464677833020687103271484375" lon="117.966017425060272216796875">
        <ele>111.40000152587890625</ele>
        <time>2026-09-19T08:34:55.000Z</time>
        <extensions>
          <ns3:TrackPointExtension>
            <ns3:hr>126</ns3:hr>
            <ns3:cad>83</ns3:cad>
          </ns3:TrackPointExtension>
        </extensions>
      </trkpt>
      <trkpt lat="24.4946497119963169097900390625" lon="117.9660481028258800506591796875">
        <ele>111</ele>
        <time>2026-09-19T08:34:56.000Z</time>
        <extensions>
          <ns3:TrackPointExtension>
            <ns3:hr>126</ns3:hr>
            <ns3:cad>82</ns3:cad>
          </ns3:TrackPointExtension>
        </extensions>
      </trkpt>
      <trkpt lat="24.49464686214923858642578125" lon="117.966078780591487884521484375">
        <ele>110.8000030517578125</ele>
        <time>2026-09-19T08:34:57.000Z</time>
        <extensions>
          <ns3:TrackPointExtension>
            <ns3:hr>126</ns3:hr>
            <ns3:cad>81</ns3:cad>
          </ns3:TrackPointExtension>
        </extensions>
      </trkpt>
      <trkpt lat="24.4946507178246974945068359375" lon="117.96611624769866466522216796875">
        <ele>110.59999847412109375</ele>
        <time>2026-09-19T08:34:58.000Z</time>
        <extensions>
          <ns3:TrackPointExtension>
            <ns3:hr>127</ns3:hr>
            <ns3:cad>80</ns3:cad>
          </ns3:TrackPointExtension>
        </extensions>
      </trkpt>
      <trkpt lat="24.4946502149105072021484375" lon="117.96615027822554111480712890625">
        <ele>110.59999847412109375</ele>
        <time>2026-09-19T08:34:59.000Z</time>
        <extensions>
          <ns3:TrackPointExtension>
            <ns3:hr>127</ns3:hr>
            <ns3:cad>80</ns3:cad>
          </ns3:TrackPointExtension>
        </extensions>
      </trkpt>
      <trkpt lat="24.49464895762503147125244140625" lon="117.96617575921118259429931640625">
        <ele>110.1999969482421875</ele>
        <time>2026-09-19T08:35:00.000Z</time>
        <extensions>
          <ns3:TrackPointExtension>
            <ns3:hr>127</ns3:hr>
            <ns3:cad>81</ns3:cad>
          </ns3:TrackPointExtension>
        </extensions>
      </trkpt>
      <trkpt lat="24.49464677833020687103271484375" lon="117.9662137292325496673583984375">
        <ele>110</ele>
        <time>2026-09-19T08:35:01.000Z</time>
        <extensions>
          <ns3:TrackPointExtension>
            <ns3:hr>127</ns3:hr>
            <ns3:cad>81</ns3:cad>
          </ns3:TrackPointExtension>
        </extensions>
      </trkpt>
      <trkpt lat="24.4946420006453990936279296875" lon="117.96624432317912578582763671875">
        <ele>109.59999847412109375</ele>
        <time>2026-09-19T08:35:02.000Z</time>
        <extensions>
          <ns3:TrackPointExtension>
            <ns3:hr>127</ns3:hr>
            <ns3:cad>81</ns3:cad>
          </ns3:TrackPointExtension>
        </extensions>
      </trkpt>
      <trkpt lat="24.49463956989347934722900390625" lon="117.96627131290733814239501953125">
        <ele>109.40000152587890625</ele>
        <time>2026-09-19T08:35:03.000Z</time>
        <extensions>
          <ns3:TrackPointExtension>
            <ns3:hr>127</ns3:hr>
            <ns3:cad>81</ns3:cad>
          </ns3:TrackPointExtension>
        </extensions>
      </trkpt>
      <trkpt lat="24.49464091099798679351806640625" lon="117.96630752272903919219970703125">
        <ele>109</ele>
        <time>2026-09-19T08:35:04.000Z</time>
        <extensions>
          <ns3:TrackPointExtension>
            <ns3:hr>127</ns3:hr>
            <ns3:cad>81</ns3:cad>
          </ns3:TrackPointExtension>
        </extensions>
      </trkpt>
      <trkpt lat="24.494643509387969970703125" lon="117.9663314111530780792236328125">
        <ele>108.8000030517578125</ele>
        <time>2026-09-19T08:35:05.000Z</time>
        <extensions>
          <ns3:TrackPointExtension>
            <ns3:hr>127</ns3:hr>
            <ns3:cad>81</ns3:cad>
          </ns3:TrackPointExtension>
        </extensions>
      </trkpt>
      <trkpt lat="24.49464493431150913238525390625" lon="117.96635060571134090423583984375">
        <ele>108.59999847412109375</ele>
        <time>2026-09-19T08:35:06.000Z</time>
        <extensions>
          <ns3:TrackPointExtension>
            <ns3:hr>128</ns3:hr>
            <ns3:cad>81</ns3:cad>
          </ns3:TrackPointExtension>
        </extensions>
      </trkpt>
      <trkpt lat="24.494646526873111724853515625" lon="117.96637709252536296844482421875">
        <ele>108.40000152587890625</ele>
        <time>2026-09-19T08:35:07.000Z</time>
        <extensions>
          <ns3:TrackPointExtension>
            <ns3:hr>127</ns3:hr>
            <ns3:cad>81</ns3:cad>
          </ns3:TrackPointExtension>
        </extensions>
      </trkpt>
      <trkpt lat="24.49463806115090847015380859375" lon="117.9664021544158458709716796875">
        <ele>108.1999969482421875</ele>
        <time>2026-09-19T08:35:08.000Z</time>
        <extensions>
          <ns3:TrackPointExtension>
            <ns3:hr>127</ns3:hr>
            <ns3:cad>80</ns3:cad>
          </ns3:TrackPointExtension>
        </extensions>
      </trkpt>
      <trkpt lat="24.4946319423615932464599609375" lon="117.96642235480248928070068359375">
        <ele>108</ele>
        <time>2026-09-19T08:35:09.000Z</time>
        <extensions>
          <ns3:TrackPointExtension>
            <ns3:hr>128</ns3:hr>
            <ns3:cad>80</ns3:cad>
          </ns3:TrackPointExtension>
        </extensions>
      </trkpt>
      <trkpt lat="24.49462347663938999176025390625" lon="117.96643660403788089752197265625">
        <ele>107.8000030517578125</ele>
        <time>2026-09-19T08:35:10.000Z</time>
        <extensions>
          <ns3:TrackPointExtension>
            <ns3:hr>127</ns3:hr>
            <ns3:cad>80</ns3:cad>
          </ns3:TrackPointExtension>
        </extensions>
      </trkpt>
      <trkpt lat="24.4946098141372203826904296875" lon="117.9664521105587482452392578125">
        <ele>107.59999847412109375</ele>
        <time>2026-09-19T08:35:11.000Z</time>
        <extensions>
          <ns3:TrackPointExtension>
            <ns3:hr>127</ns3:hr>
            <ns3:cad>80</ns3:cad>
          </ns3:TrackPointExtension>
        </extensions>
      </trkpt>
      <trkpt lat="24.494597911834716796875" lon="117.96647013165056705474853515625">
        <ele>107.40000152587890625</ele>
        <time>2026-09-19T08:35:12.000Z</time>
        <extensions>
          <ns3:TrackPointExtension>
            <ns3:hr>128</ns3:hr>
            <ns3:cad>80</ns3:cad>
          </ns3:TrackPointExtension>
        </extensions>
      </trkpt>
      <trkpt lat="24.494580812752246856689453125" lon="117.96649494208395481109619140625">
        <ele>107</ele>
        <time>2026-09-19T08:35:13.000Z</time>
        <extensions>
          <ns3:TrackPointExtension>
            <ns3:hr>127</ns3:hr>
            <ns3:cad>80</ns3:cad>
          </ns3:TrackPointExtension>
        </extensions>
      </trkpt>
      <trkpt lat="24.4945595227181911468505859375" lon="117.96652176417410373687744140625">
        <ele>106.59999847412109375</ele>
        <time>2026-09-19T08:35:14.000Z</time>
        <extensions>
          <ns3:TrackPointExtension>
            <ns3:hr>128</ns3:hr>
            <ns3:cad>80</ns3:cad>
          </ns3:TrackPointExtension>
        </extensions>
      </trkpt>
      <trkpt lat="24.4945456087589263916015625" lon="117.9665406234562397003173828125">
        <ele>106.40000152587890625</ele>
        <time>2026-09-19T08:35:15.000Z</time>
        <extensions>
          <ns3:TrackPointExtension>
            <ns3:hr>128</ns3:hr>
            <ns3:cad>80</ns3:cad>
          </ns3:TrackPointExtension>
        </extensions>
      </trkpt>
      <trkpt lat="24.4945276714861392974853515625" lon="117.96657624654471874237060546875">
        <ele>106</ele>
        <time>2026-09-19T08:35:16.000Z</time>
        <extensions>
          <ns3:TrackPointExtension>
            <ns3:hr>128</ns3:hr>
            <ns3:cad>79</ns3:cad>
          </ns3:TrackPointExtension>
        </extensions>
      </trkpt>
      <trkpt lat="24.4945132546126842498779296875" lon="117.96660440973937511444091796875">
        <ele>105.59999847412109375</ele>
        <time>2026-09-19T08:35:17.000Z</time>
        <extensions>
          <ns3:TrackPointExtension>
            <ns3:hr>129</ns3:hr>
            <ns3:cad>79</ns3:cad>
          </ns3:TrackPointExtension>
        </extensions>
      </trkpt>
      <trkpt lat="24.49450193904340267181396484375" lon="117.96663056127727031707763671875">
        <ele>105.1999969482421875</ele>
        <time>2026-09-19T08:35:18.000Z</time>
        <extensions>
          <ns3:TrackPointExtension>
            <ns3:hr>129</ns3:hr>
            <ns3:cad>80</ns3:cad>
          </ns3:TrackPointExtension>
        </extensions>
      </trkpt>
      <trkpt lat="24.49448282830417156219482421875" lon="117.96665788628160953521728515625">
        <ele>104.8000030517578125</ele>
        <time>2026-09-19T08:35:19.000Z</time>
        <extensions>
          <ns3:TrackPointExtension>
            <ns3:hr>129</ns3:hr>
            <ns3:cad>80</ns3:cad>
          </ns3:TrackPointExtension>
        </extensions>
      </trkpt>
      <trkpt lat="24.49447243474423885345458984375" lon="117.96668269671499729156494140625">
        <ele>104.40000152587890625</ele>
        <time>2026-09-19T08:35:20.000Z</time>
        <extensions>
          <ns3:TrackPointExtension>
            <ns3:hr>130</ns3:hr>
            <ns3:cad>80</ns3:cad>
          </ns3:TrackPointExtension>
        </extensions>
      </trkpt>
      <trkpt lat="24.49446623213589191436767578125" lon="117.96671404503285884857177734375">
        <ele>104</ele>
        <time>2026-09-19T08:35:21.000Z</time>
        <extensions>
          <ns3:TrackPointExtension>
            <ns3:hr>130</ns3:hr>
            <ns3:cad>80</ns3:cad>
          </ns3:TrackPointExtension>
        </extensions>
      </trkpt>
      <trkpt lat="24.49445902369916439056396484375" lon="117.96674271114170551300048828125">
        <ele>103.40000152587890625</ele>
        <time>2026-09-19T08:35:22.000Z</time>
        <extensions>
          <ns3:TrackPointExtension>
            <ns3:hr>130</ns3:hr>
            <ns3:cad>80</ns3:cad>
          </ns3:TrackPointExtension>
        </extensions>
      </trkpt>
      <trkpt lat="24.49446044862270355224609375" lon="117.966770790517330169677734375">
        <ele>103.1999969482421875</ele>
        <time>2026-09-19T08:35:23.000Z</time>
        <extensions>
          <ns3:TrackPointExtension>
            <ns3:hr>130</ns3:hr>
            <ns3:cad>82</ns3:cad>
          </ns3:TrackPointExtension>
        </extensions>
      </trkpt>
      <trkpt lat="24.49446187354624271392822265625" lon="117.96680171974003314971923828125">
        <ele>102.8000030517578125</ele>
        <time>2026-09-19T08:35:24.000Z</time>
        <extensions>
          <ns3:TrackPointExtension>
            <ns3:hr>131</ns3:hr>
            <ns3:cad>83</ns3:cad>
          </ns3:TrackPointExtension>
        </extensions>
      </trkpt>
      <trkpt lat="24.4944629631936550140380859375" lon="117.96683013439178466796875">
        <ele>102.59999847412109375</ele>
        <time>2026-09-19T08:35:25.000Z</time>
        <extensions>
          <ns3:TrackPointExtension>
            <ns3:hr>130</ns3:hr>
            <ns3:cad>84</ns3:cad>
          </ns3:TrackPointExtension>
        </extensions>
      </trkpt>
      <trkpt lat="24.4944651424884796142578125" lon="117.96685972250998020172119140625">
        <ele>102.40000152587890625</ele>
        <time>2026-09-19T08:35:26.000Z</time>
        <extensions>
          <ns3:TrackPointExtension>
            <ns3:hr>130</ns3:hr>
            <ns3:cad>84</ns3:cad>
          </ns3:TrackPointExtension>
        </extensions>
      </trkpt>
      <trkpt lat="24.494459442794322967529296875" lon="117.966894842684268951416015625">
        <ele>102.40000152587890625</ele>
        <time>2026-09-19T08:35:27.000Z</time>
        <extensions>
          <ns3:TrackPointExtension>
            <ns3:hr>130</ns3:hr>
            <ns3:cad>83</ns3:cad>
          </ns3:TrackPointExtension>
        </extensions>
      </trkpt>
      <trkpt lat="24.49445801787078380584716796875" lon="117.96691420488059520721435546875">
        <ele>102.40000152587890625</ele>
        <time>2026-09-19T08:35:28.000Z</time>
        <extensions>
          <ns3:TrackPointExtension>
            <ns3:hr>130</ns3:hr>
            <ns3:cad>83</ns3:cad>
          </ns3:TrackPointExtension>
        </extensions>
      </trkpt>
      <trkpt lat="24.494441337883472442626953125" lon="117.9669483192265033721923828125">
        <ele>102.40000152587890625</ele>
        <time>2026-09-19T08:35:29.000Z</time>
        <extensions>
          <ns3:TrackPointExtension>
            <ns3:hr>129</ns3:hr>
            <ns3:cad>82</ns3:cad>
          </ns3:TrackPointExtension>
        </extensions>
      </trkpt>
      <trkpt lat="24.4944297708570957183837890625" lon="117.96697698533535003662109375">
        <ele>102.40000152587890625</ele>
        <time>2026-09-19T08:35:30.000Z</time>
        <extensions>
          <ns3:TrackPointExtension>
            <ns3:hr>129</ns3:hr>
            <ns3:cad>81</ns3:cad>
          </ns3:TrackPointExtension>
        </extensions>
      </trkpt>
      <trkpt lat="24.49441594071686267852783203125" lon="117.9670036397874355316162109375">
        <ele>102.40000152587890625</ele>
        <time>2026-09-19T08:35:31.000Z</time>
        <extensions>
          <ns3:TrackPointExtension>
            <ns3:hr>129</ns3:hr>
            <ns3:cad>81</ns3:cad>
          </ns3:TrackPointExtension>
        </extensions>
      </trkpt>
      <trkpt lat="24.4943945668637752532958984375" lon="117.96703054569661617279052734375">
        <ele>102.1999969482421875</ele>
        <time>2026-09-19T08:35:32.000Z</time>
        <extensions>
          <ns3:TrackPointExtension>
            <ns3:hr>129</ns3:hr>
            <ns3:cad>83</ns3:cad>
          </ns3:TrackPointExtension>
        </extensions>
      </trkpt>
      <trkpt lat="24.49438157491385936737060546875" lon="117.96705585904419422149658203125">
        <ele>102</ele>
        <time>2026-09-19T08:35:33.000Z</time>
        <extensions>
          <ns3:TrackPointExtension>
            <ns3:hr>129</ns3:hr>
            <ns3:cad>84</ns3:cad>
          </ns3:TrackPointExtension>
        </extensions>
      </trkpt>
      <trkpt lat="24.4943670742213726043701171875" lon="117.96708821319043636322021484375">
        <ele>101.8000030517578125</ele>
        <time>2026-09-19T08:35:34.000Z</time>
        <extensions>
          <ns3:TrackPointExtension>
            <ns3:hr>129</ns3:hr>
            <ns3:cad>84</ns3:cad>
          </ns3:TrackPointExtension>
        </extensions>
      </trkpt>
      <trkpt lat="24.49435450136661529541015625" lon="117.967114783823490142822265625">
        <ele>101.59999847412109375</ele>
        <time>2026-09-19T08:35:35.000Z</time>
        <extensions>
          <ns3:TrackPointExtension>
            <ns3:hr>129</ns3:hr>
            <ns3:cad>84</ns3:cad>
          </ns3:TrackPointExtension>
        </extensions>
      </trkpt>
      <trkpt lat="24.4943503104150295257568359375" lon="117.96714018099009990692138671875">
        <ele>101.40000152587890625</ele>
        <time>2026-09-19T08:35:36.000Z</time>
        <extensions>
          <ns3:TrackPointExtension>
            <ns3:hr>129</ns3:hr>
            <ns3:cad>84</ns3:cad>
          </ns3:TrackPointExtension>
        </extensions>
      </trkpt>
      <trkpt lat="24.49433312751352787017822265625" lon="117.96717152930796146392822265625">
        <ele>101.1999969482421875</ele>
        <time>2026-09-19T08:35:37.000Z</time>
        <extensions>
          <ns3:TrackPointExtension>
            <ns3:hr>129</ns3:hr>
            <ns3:cad>83</ns3:cad>
          </ns3:TrackPointExtension>
        </extensions>
      </trkpt>
      <trkpt lat="24.49432088993489742279052734375" lon="117.9671957530081272125244140625">
        <ele>101</ele>
        <time>2026-09-19T08:35:38.000Z</time>
        <extensions>
          <ns3:TrackPointExtension>
            <ns3:hr>129</ns3:hr>
            <ns3:cad>82</ns3:cad>
          </ns3:TrackPointExtension>
        </extensions>
      </trkpt>
      <trkpt lat="24.49431359767913818359375" lon="117.967226766049861907958984375">
        <ele>100.59999847412109375</ele>
        <time>2026-09-19T08:35:39.000Z</time>
        <extensions>
          <ns3:TrackPointExtension>
            <ns3:hr>130</ns3:hr>
            <ns3:cad>82</ns3:cad>
          </ns3:TrackPointExtension>
        </extensions>
      </trkpt>
      <trkpt lat="24.49430353939533233642578125" lon="117.96725132502615451812744140625">
        <ele>100.40000152587890625</ele>
        <time>2026-09-19T08:35:40.000Z</time>
        <extensions>
          <ns3:TrackPointExtension>
            <ns3:hr>130</ns3:hr>
            <ns3:cad>82</ns3:cad>
          </ns3:TrackPointExtension>
        </extensions>
      </trkpt>
      <trkpt lat="24.4942956604063510894775390625" lon="117.96727412380278110504150390625">
        <ele>100</ele>
        <time>2026-09-19T08:35:41.000Z</time>
        <extensions>
          <ns3:TrackPointExtension>
            <ns3:hr>130</ns3:hr>
            <ns3:cad>82</ns3:cad>
          </ns3:TrackPointExtension>
        </extensions>
      </trkpt>
      <trkpt lat="24.49428451247513294219970703125" lon="117.9673043824732303619384765625">
        <ele>99.59999847412109375</ele>
        <time>2026-09-19T08:35:42.000Z</time>
        <extensions>
          <ns3:TrackPointExtension>
            <ns3:hr>130</ns3:hr>
            <ns3:cad>82</ns3:cad>
          </ns3:TrackPointExtension>
        </extensions>
      </trkpt>
      <trkpt lat="24.49426473118364810943603515625" lon="117.96732776798307895660400390625">
        <ele>99.1999969482421875</ele>
        <time>2026-09-19T08:35:43.000Z</time>
        <extensions>
          <ns3:TrackPointExtension>
            <ns3:hr>130</ns3:hr>
            <ns3:cad>81</ns3:cad>
          </ns3:TrackPointExtension>
        </extensions>
      </trkpt>
      <trkpt lat="24.494244195520877838134765625" lon="117.9673464596271514892578125">
        <ele>99</ele>
        <time>2026-09-19T08:35:44.000Z</time>
        <extensions>
          <ns3:TrackPointExtension>
            <ns3:hr>130</ns3:hr>
            <ns3:cad>81</ns3:cad>
          </ns3:TrackPointExtension>
        </extensions>
      </trkpt>
      <trkpt lat="24.4942245818674564361572265625" lon="117.9673647321760654449462890625">
        <ele>98.59999847412109375</ele>
        <time>2026-09-19T08:35:45.000Z</time>
        <extensions>
          <ns3:TrackPointExtension>
            <ns3:hr>130</ns3:hr>
            <ns3:cad>83</ns3:cad>
          </ns3:TrackPointExtension>
        </extensions>
      </trkpt>
      <trkpt lat="24.49420706368982791900634765625" lon="117.96738074161112308502197265625">
        <ele>98.40000152587890625</ele>
        <time>2026-09-19T08:35:46.000Z</time>
        <extensions>
          <ns3:TrackPointExtension>
            <ns3:hr>129</ns3:hr>
            <ns3:cad>83</ns3:cad>
          </ns3:TrackPointExtension>
        </extensions>
      </trkpt>
      <trkpt lat="24.4941893778741359710693359375" lon="117.9674009419977664947509765625">
        <ele>98</ele>
        <time>2026-09-19T08:35:47.000Z</time>
        <extensions>
          <ns3:TrackPointExtension>
            <ns3:hr>129</ns3:hr>
            <ns3:cad>83</ns3:cad>
          </ns3:TrackPointExtension>
        </extensions>
      </trkpt>
      <trkpt lat="24.49417077004909515380859375" lon="117.967420555651187896728515625">
        <ele>97.59999847412109375</ele>
        <time>2026-09-19T08:35:48.000Z</time>
        <extensions>
          <ns3:TrackPointExtension>
            <ns3:hr>127</ns3:hr>
            <ns3:cad>83</ns3:cad>
          </ns3:TrackPointExtension>
        </extensions>
      </trkpt>
      <trkpt lat="24.49415576644241809844970703125" lon="117.96744880266487598419189453125">
        <ele>97.1999969482421875</ele>
        <time>2026-09-19T08:35:49.000Z</time>
        <extensions>
          <ns3:TrackPointExtension>
            <ns3:hr>125</ns3:hr>
            <ns3:cad>83</ns3:cad>
          </ns3:TrackPointExtension>
        </extensions>
      </trkpt>
      <trkpt lat="24.4941397570073604583740234375" lon="117.9674752056598663330078125">
        <ele>96.59999847412109375</ele>
        <time>2026-09-19T08:35:50.000Z</time>
        <extensions>
          <ns3:TrackPointExtension>
            <ns3:hr>123</ns3:hr>
            <ns3:cad>83</ns3:cad>
          </ns3:TrackPointExtension>
        </extensions>
      </trkpt>
      <trkpt lat="24.4941256754100322723388671875" lon="117.9674985073506832122802734375">
        <ele>95.8000030517578125</ele>
        <time>2026-09-19T08:35:51.000Z</time>
        <extensions>
          <ns3:TrackPointExtension>
            <ns3:hr>123</ns3:hr>
            <ns3:cad>83</ns3:cad>
          </ns3:TrackPointExtension>
        </extensions>
      </trkpt>
      <trkpt lat="24.49410765431821346282958984375" lon="117.96752013266086578369140625">
        <ele>95.1999969482421875</ele>
        <time>2026-09-19T08:35:52.000Z</time>
        <extensions>
          <ns3:TrackPointExtension>
            <ns3:hr>123</ns3:hr>
            <ns3:cad>83</ns3:cad>
          </ns3:TrackPointExtension>
        </extensions>
      </trkpt>
      <trkpt lat="24.4940921477973461151123046875" lon="117.96754385344684123992919921875">
        <ele>94.59999847412109375</ele>
        <time>2026-09-19T08:35:53.000Z</time>
        <extensions>
          <ns3:TrackPointExtension>
            <ns3:hr>123</ns3:hr>
            <ns3:cad>88</ns3:cad>
          </ns3:TrackPointExtension>
        </extensions>
      </trkpt>
      <trkpt lat="24.4940721988677978515625" lon="117.96757511794567108154296875">
        <ele>94</ele>
        <time>2026-09-19T08:35:54.000Z</time>
        <extensions>
          <ns3:TrackPointExtension>
            <ns3:hr>122</ns3:hr>
            <ns3:cad>89</ns3:cad>
          </ns3:TrackPointExtension>
        </extensions>
      </trkpt>
      <trkpt lat="24.49405551888048648834228515625" lon="117.967598922550678253173828125">
        <ele>93.59999847412109375</ele>
        <time>2026-09-19T08:35:55.000Z</time>
        <extensions>
          <ns3:TrackPointExtension>
            <ns3:hr>122</ns3:hr>
            <ns3:cad>89</ns3:cad>
          </ns3:TrackPointExtension>
        </extensions>
      </trkpt>
      <trkpt lat="24.49404210783541202545166015625" lon="117.96761962585151195526123046875">
        <ele>93</ele>
        <time>2026-09-19T08:35:56.000Z</time>
        <extensions>
          <ns3:TrackPointExtension>
            <ns3:hr>122</ns3:hr>
            <ns3:cad>87</ns3:cad>
          </ns3:TrackPointExtension>
        </extensions>
      </trkpt>
      <trkpt lat="24.49401880614459514617919921875" lon="117.96763991005718708038330078125">
        <ele>92.8000030517578125</ele>
        <time>2026-09-19T08:35:57.000Z</time>
        <extensions>
          <ns3:TrackPointExtension>
            <ns3:hr>122</ns3:hr>
            <ns3:cad>86</ns3:cad>
          </ns3:TrackPointExtension>
        </extensions>
      </trkpt>
      <trkpt lat="24.49399986304342746734619140625" lon="117.96765197999775409698486328125">
        <ele>92.40000152587890625</ele>
        <time>2026-09-19T08:35:58.000Z</time>
        <extensions>
          <ns3:TrackPointExtension>
            <ns3:hr>122</ns3:hr>
            <ns3:cad>85</ns3:cad>
          </ns3:TrackPointExtension>
        </extensions>
      </trkpt>
      <trkpt lat="24.49397605843842029571533203125" lon="117.9676627926528453826904296875">
        <ele>92.1999969482421875</ele>
        <time>2026-09-19T08:35:59.000Z</time>
        <extensions>
          <ns3:TrackPointExtension>
            <ns3:hr>123</ns3:hr>
            <ns3:cad>84</ns3:cad>
          </ns3:TrackPointExtension>
        </extensions>
      </trkpt>
      <trkpt lat="24.49395711533725261688232421875" lon="117.96766505576670169830322265625">
        <ele>91.8000030517578125</ele>
        <time>2026-09-19T08:36:00.000Z</time>
        <extensions>
          <ns3:TrackPointExtension>
            <ns3:hr>125</ns3:hr>
            <ns3:cad>83</ns3:cad>
          </ns3:TrackPointExtension>
        </extensions>
      </trkpt>
      <trkpt lat="24.49393766932189464569091796875" lon="117.96766757033765316009521484375">
        <ele>91.40000152587890625</ele>
        <time>2026-09-19T08:36:01.000Z</time>
        <extensions>
          <ns3:TrackPointExtension>
            <ns3:hr>128</ns3:hr>
            <ns3:cad>83</ns3:cad>
          </ns3:TrackPointExtension>
        </extensions>
      </trkpt>
      <trkpt lat="24.493920989334583282470703125" lon="117.967665977776050567626953125">
        <ele>91</ele>
        <time>2026-09-19T08:36:02.000Z</time>
        <extensions>
          <ns3:TrackPointExtension>
            <ns3:hr>128</ns3:hr>
            <ns3:cad>83</ns3:cad>
          </ns3:TrackPointExtension>
        </extensions>
      </trkpt>
      <trkpt lat="24.493895508348941802978515625" lon="117.96767075546085834503173828125">
        <ele>90.40000152587890625</ele>
        <time>2026-09-19T08:36:03.000Z</time>
        <extensions>
          <ns3:TrackPointExtension>
            <ns3:hr>129</ns3:hr>
            <ns3:cad>83</ns3:cad>
          </ns3:TrackPointExtension>
        </extensions>
      </trkpt>
      <trkpt lat="24.49387514032423496246337890625" lon="117.967670671641826629638671875">
        <ele>90</ele>
        <time>2026-09-19T08:36:04.000Z</time>
        <extensions>
          <ns3:TrackPointExtension>
            <ns3:hr>129</ns3:hr>
            <ns3:cad>85</ns3:cad>
          </ns3:TrackPointExtension>
        </extensions>
      </trkpt>
      <trkpt lat="24.4938484020531177520751953125" lon="117.96766891144216060638427734375">
        <ele>89.40000152587890625</ele>
        <time>2026-09-19T08:36:05.000Z</time>
        <extensions>
          <ns3:TrackPointExtension>
            <ns3:hr>129</ns3:hr>
            <ns3:cad>86</ns3:cad>
          </ns3:TrackPointExtension>
        </extensions>
      </trkpt>
      <trkpt lat="24.49382216669619083404541015625" lon="117.96767058782279491424560546875">
        <ele>88.8000030517578125</ele>
        <time>2026-09-19T08:36:06.000Z</time>
        <extensions>
          <ns3:TrackPointExtension>
            <ns3:hr>130</ns3:hr>
            <ns3:cad>87</ns3:cad>
          </ns3:TrackPointExtension>
        </extensions>
      </trkpt>
      <trkpt lat="24.49379433877766132354736328125" lon="117.967674694955348968505859375">
        <ele>88.1999969482421875</ele>
        <time>2026-09-19T08:36:07.000Z</time>
        <extensions>
          <ns3:TrackPointExtension>
            <ns3:hr>131</ns3:hr>
            <ns3:cad>88</ns3:cad>
          </ns3:TrackPointExtension>
        </extensions>
      </trkpt>
      <trkpt lat="24.4937692768871784210205078125" lon="117.96767578460276126861572265625">
        <ele>87.40000152587890625</ele>
        <time>2026-09-19T08:36:08.000Z</time>
        <extensions>
          <ns3:TrackPointExtension>
            <ns3:hr>131</ns3:hr>
            <ns3:cad>89</ns3:cad>
          </ns3:TrackPointExtension>
        </extensions>
      </trkpt>
      <trkpt lat="24.493741281330585479736328125" lon="117.9676802270114421844482421875">
        <ele>86.8000030517578125</ele>
        <time>2026-09-19T08:36:09.000Z</time>
        <extensions>
          <ns3:TrackPointExtension>
            <ns3:hr>132</ns3:hr>
            <ns3:cad>88</ns3:cad>
          </ns3:TrackPointExtension>
        </extensions>
      </trkpt>
      <trkpt lat="24.49370716698467731475830078125" lon="117.96768701635301113128662109375">
        <ele>86</ele>
        <time>2026-09-19T08:36:10.000Z</time>
        <extensions>
          <ns3:TrackPointExtension>
            <ns3:hr>132</ns3:hr>
            <ns3:cad>89</ns3:cad>
          </ns3:TrackPointExtension>
        </extensions>
      </trkpt>
      <trkpt lat="24.49367866851389408111572265625" lon="117.96769355423748493194580078125">
        <ele>85.40000152587890625</ele>
        <time>2026-09-19T08:36:11.000Z</time>
        <extensions>
          <ns3:TrackPointExtension>
            <ns3:hr>132</ns3:hr>
            <ns3:cad>89</ns3:cad>
          </ns3:TrackPointExtension>
        </extensions>
      </trkpt>
      <trkpt lat="24.4936391897499561309814453125" lon="117.96770654618740081787109375">
        <ele>84.8000030517578125</ele>
        <time>2026-09-19T08:36:12.000Z</time>
        <extensions>
          <ns3:TrackPointExtension>
            <ns3:hr>132</ns3:hr>
            <ns3:cad>89</ns3:cad>
          </ns3:TrackPointExtension>
        </extensions>
      </trkpt>
      <trkpt lat="24.4936106912791728973388671875" lon="117.96771526336669921875">
        <ele>84.1999969482421875</ele>
        <time>2026-09-19T08:36:13.000Z</time>
        <extensions>
          <ns3:TrackPointExtension>
            <ns3:hr>132</ns3:hr>
            <ns3:cad>89</ns3:cad>
          </ns3:TrackPointExtension>
        </extensions>
      </trkpt>
      <trkpt lat="24.4935855455696582794189453125" lon="117.96772020868957042694091796875">
        <ele>83.8000030517578125</ele>
        <time>2026-09-19T08:36:14.000Z</time>
        <extensions>
          <ns3:TrackPointExtension>
            <ns3:hr>132</ns3:hr>
            <ns3:cad>89</ns3:cad>
          </ns3:TrackPointExtension>
        </extensions>
      </trkpt>
      <trkpt lat="24.49355662800371646881103515625" lon="117.96771987341344356536865234375">
        <ele>83.1999969482421875</ele>
        <time>2026-09-19T08:36:15.000Z</time>
        <extensions>
          <ns3:TrackPointExtension>
            <ns3:hr>132</ns3:hr>
            <ns3:cad>89</ns3:cad>
          </ns3:TrackPointExtension>
        </extensions>
      </trkpt>
      <trkpt lat="24.49353215284645557403564453125" lon="117.96771886758506298065185546875">
        <ele>83</ele>
        <time>2026-09-19T08:36:16.000Z</time>
        <extensions>
          <ns3:TrackPointExtension>
            <ns3:hr>132</ns3:hr>
            <ns3:cad>84</ns3:cad>
          </ns3:TrackPointExtension>
        </extensions>
      </trkpt>
      <trkpt lat="24.49350558221340179443359375" lon="117.9677167721092700958251953125">
        <ele>82.59999847412109375</ele>
        <time>2026-09-19T08:36:17.000Z</time>
        <extensions>
          <ns3:TrackPointExtension>
            <ns3:hr>132</ns3:hr>
            <ns3:cad>83</ns3:cad>
          </ns3:TrackPointExtension>
        </extensions>
      </trkpt>
      <trkpt lat="24.49347607791423797607421875" lon="117.96770864166319370269775390625">
        <ele>82.1999969482421875</ele>
        <time>2026-09-19T08:36:18.000Z</time>
        <extensions>
          <ns3:TrackPointExtension>
            <ns3:hr>132</ns3:hr>
            <ns3:cad>82</ns3:cad>
          </ns3:TrackPointExtension>
        </extensions>
      </trkpt>
      <trkpt lat="24.49345168657600879669189453125" lon="117.96771065331995487213134765625">
        <ele>81.8000030517578125</ele>
        <time>2026-09-19T08:36:19.000Z</time>
        <extensions>
          <ns3:TrackPointExtension>
            <ns3:hr>132</ns3:hr>
            <ns3:cad>82</ns3:cad>
          </ns3:TrackPointExtension>
        </extensions>
      </trkpt>
      <trkpt lat="24.49342184700071811676025390625" lon="117.96770528890192508697509765625">
        <ele>81.59999847412109375</ele>
        <time>2026-09-19T08:36:20.000Z</time>
        <extensions>
          <ns3:TrackPointExtension>
            <ns3:hr>132</ns3:hr>
            <ns3:cad>82</ns3:cad>
          </ns3:TrackPointExtension>
        </extensions>
      </trkpt>
      <trkpt lat="24.49339720420539379119873046875" lon="117.96769849956035614013671875">
        <ele>81.40000152587890625</ele>
        <time>2026-09-19T08:36:21.000Z</time>
        <extensions>
          <ns3:TrackPointExtension>
            <ns3:hr>132</ns3:hr>
            <ns3:cad>82</ns3:cad>
          </ns3:TrackPointExtension>
        </extensions>
      </trkpt>
      <trkpt lat="24.493375830352306365966796875" lon="117.96770009212195873260498046875">
        <ele>81.1999969482421875</ele>
        <time>2026-09-19T08:36:22.000Z</time>
        <extensions>
          <ns3:TrackPointExtension>
            <ns3:hr>132</ns3:hr>
            <ns3:cad>82</ns3:cad>
          </ns3:TrackPointExtension>
        </extensions>
      </trkpt>
      <trkpt lat="24.49334599077701568603515625" lon="117.96769539825618267059326171875">
        <ele>81</ele>
        <time>2026-09-19T08:36:23.000Z</time>
        <extensions>
          <ns3:TrackPointExtension>
            <ns3:hr>131</ns3:hr>
            <ns3:cad>82</ns3:cad>
          </ns3:TrackPointExtension>
        </extensions>
      </trkpt>
      <trkpt lat="24.49332411400973796844482421875" lon="117.96769841574132442474365234375">
        <ele>80.59999847412109375</ele>
        <time>2026-09-19T08:36:24.000Z</time>
        <extensions>
          <ns3:TrackPointExtension>
            <ns3:hr>131</ns3:hr>
            <ns3:cad>82</ns3:cad>
          </ns3:TrackPointExtension>
        </extensions>
      </trkpt>
      <trkpt lat="24.49329762719571590423583984375" lon="117.96770260669291019439697265625">
        <ele>80.40000152587890625</ele>
        <time>2026-09-19T08:36:25.000Z</time>
        <extensions>
          <ns3:TrackPointExtension>
            <ns3:hr>130</ns3:hr>
            <ns3:cad>82</ns3:cad>
          </ns3:TrackPointExtension>
        </extensions>
      </trkpt>
      <trkpt lat="24.49327164329588413238525390625" lon="117.96770126558840274810791015625">
        <ele>80</ele>
        <time>2026-09-19T08:36:26.000Z</time>
        <extensions>
          <ns3:TrackPointExtension>
            <ns3:hr>129</ns3:hr>
            <ns3:cad>82</ns3:cad>
          </ns3:TrackPointExtension>
        </extensions>
      </trkpt>
      <trkpt lat="24.49324683286249637603759765625" lon="117.96770545653998851776123046875">
        <ele>79.59999847412109375</ele>
        <time>2026-09-19T08:36:27.000Z</time>
        <extensions>
          <ns3:TrackPointExtension>
            <ns3:hr>129</ns3:hr>
            <ns3:cad>82</ns3:cad>
          </ns3:TrackPointExtension>
        </extensions>
      </trkpt>
      <trkpt lat="24.49322051368653774261474609375" lon="117.96770696528255939483642578125">
        <ele>79.1999969482421875</ele>
        <time>2026-09-19T08:36:28.000Z</time>
        <extensions>
          <ns3:TrackPointExtension>
            <ns3:hr>129</ns3:hr>
            <ns3:cad>83</ns3:cad>
          </ns3:TrackPointExtension>
        </extensions>
      </trkpt>
      <trkpt lat="24.49319771490991115570068359375" lon="117.9677104018628597259521484375">
        <ele>79</ele>
        <time>2026-09-19T08:36:29.000Z</time>
        <extensions>
          <ns3:TrackPointExtension>
            <ns3:hr>128</ns3:hr>
            <ns3:cad>83</ns3:cad>
          </ns3:TrackPointExtension>
        </extensions>
      </trkpt>
      <trkpt lat="24.493173323571681976318359375" lon="117.967712916433811187744140625">
        <ele>78.8000030517578125</ele>
        <time>2026-09-19T08:36:30.000Z</time>
        <extensions>
          <ns3:TrackPointExtension>
            <ns3:hr>128</ns3:hr>
            <ns3:cad>83</ns3:cad>
          </ns3:TrackPointExtension>
        </extensions>
      </trkpt>
      <trkpt lat="24.493149183690547943115234375" lon="117.9677112400531768798828125">
        <ele>78.8000030517578125</ele>
        <time>2026-09-19T08:36:31.000Z</time>
        <extensions>
          <ns3:TrackPointExtension>
            <ns3:hr>128</ns3:hr>
            <ns3:cad>83</ns3:cad>
          </ns3:TrackPointExtension>
        </extensions>
      </trkpt>
      <trkpt lat="24.49312965385615825653076171875" lon="117.967714257538318634033203125">
        <ele>78.59999847412109375</ele>
        <time>2026-09-19T08:36:32.000Z</time>
        <extensions>
          <ns3:TrackPointExtension>
            <ns3:hr>128</ns3:hr>
            <ns3:cad>83</ns3:cad>
          </ns3:TrackPointExtension>
        </extensions>
      </trkpt>
      <trkpt lat="24.49310668744146823883056640625" lon="117.9677140899002552032470703125">
        <ele>78.59999847412109375</ele>
        <time>2026-09-19T08:36:33.000Z</time>
        <extensions>
          <ns3:TrackPointExtension>
            <ns3:hr>128</ns3:hr>
            <ns3:cad>82</ns3:cad>
          </ns3:TrackPointExtension>
        </extensions>
      </trkpt>
      <trkpt lat="24.49308388866484165191650390625" lon="117.9677120782434940338134765625">
        <ele>78.59999847412109375</ele>
        <time>2026-09-19T08:36:34.000Z</time>
        <extensions>
          <ns3:TrackPointExtension>
            <ns3:hr>127</ns3:hr>
            <ns3:cad>82</ns3:cad>
          </ns3:TrackPointExtension>
        </extensions>
      </trkpt>
      <trkpt lat="24.4930611737072467803955078125" lon="117.96770797111093997955322265625">
        <ele>78.40000152587890625</ele>
        <time>2026-09-19T08:36:35.000Z</time>
        <extensions>
          <ns3:TrackPointExtension>
            <ns3:hr>127</ns3:hr>
            <ns3:cad>82</ns3:cad>
          </ns3:TrackPointExtension>
        </extensions>
      </trkpt>
      <trkpt lat="24.49304063804447650909423828125" lon="117.96770378015935420989990234375">
        <ele>78.40000152587890625</ele>
        <time>2026-09-19T08:36:36.000Z</time>
        <extensions>
          <ns3:TrackPointExtension>
            <ns3:hr>127</ns3:hr>
            <ns3:cad>83</ns3:cad>
          </ns3:TrackPointExtension>
        </extensions>
      </trkpt>
      <trkpt lat="24.493019767105579376220703125" lon="117.96770520508289337158203125">
        <ele>78.1999969482421875</ele>
        <time>2026-09-19T08:36:37.000Z</time>
        <extensions>
          <ns3:TrackPointExtension>
            <ns3:hr>127</ns3:hr>
            <ns3:cad>83</ns3:cad>
          </ns3:TrackPointExtension>
        </extensions>
      </trkpt>
      <trkpt lat="24.4929978065192699432373046875" lon="117.96770143322646617889404296875">
        <ele>78.1999969482421875</ele>
        <time>2026-09-19T08:36:38.000Z</time>
        <extensions>
          <ns3:TrackPointExtension>
            <ns3:hr>126</ns3:hr>
            <ns3:cad>84</ns3:cad>
          </ns3:TrackPointExtension>
        </extensions>
      </trkpt>
      <trkpt lat="24.492980539798736572265625" lon="117.96769791282713413238525390625">
        <ele>78</ele>
        <time>2026-09-19T08:36:39.000Z</time>
        <extensions>
          <ns3:TrackPointExtension>
            <ns3:hr>126</ns3:hr>
            <ns3:cad>84</ns3:cad>
          </ns3:TrackPointExtension>
        </extensions>
      </trkpt>
      <trkpt lat="24.4929639436304569244384765625" lon="117.96769204549491405487060546875">
        <ele>78</ele>
        <time>2026-09-19T08:36:40.000Z</time>
        <extensions>
          <ns3:TrackPointExtension>
            <ns3:hr>125</ns3:hr>
            <ns3:cad>84</ns3:cad>
          </ns3:TrackPointExtension>
        </extensions>
      </trkpt>
      <trkpt lat="24.49294357560575008392333984375" lon="117.96768399886786937713623046875">
        <ele>77.8000030517578125</ele>
        <time>2026-09-19T08:36:41.000Z</time>
        <extensions>
          <ns3:TrackPointExtension>
            <ns3:hr>125</ns3:hr>
            <ns3:cad>83</ns3:cad>
          </ns3:TrackPointExtension>
        </extensions>
      </trkpt>
      <trkpt lat="24.49292748235166072845458984375" lon="117.9676817357540130615234375">
        <ele>77.8000030517578125</ele>
        <time>2026-09-19T08:36:42.000Z</time>
        <extensions>
          <ns3:TrackPointExtension>
            <ns3:hr>125</ns3:hr>
            <ns3:cad>83</ns3:cad>
          </ns3:TrackPointExtension>
        </extensions>
      </trkpt>
      <trkpt lat="24.49290744960308074951171875" lon="117.96767880208790302276611328125">
        <ele>77.59999847412109375</ele>
        <time>2026-09-19T08:36:43.000Z</time>
        <extensions>
          <ns3:TrackPointExtension>
            <ns3:hr>124</ns3:hr>
            <ns3:cad>83</ns3:cad>
          </ns3:TrackPointExtension>
        </extensions>
      </trkpt>
      <trkpt lat="24.4928848184645175933837890625" lon="117.967675030231475830078125">
        <ele>77.59999847412109375</ele>
        <time>2026-09-19T08:36:44.000Z</time>
        <extensions>
          <ns3:TrackPointExtension>
            <ns3:hr>124</ns3:hr>
            <ns3:cad>83</ns3:cad>
          </ns3:TrackPointExtension>
        </extensions>
      </trkpt>
      <trkpt lat="24.492864198982715606689453125" lon="117.96767293475568294525146484375">
        <ele>77.59999847412109375</ele>
        <time>2026-09-19T08:36:45.000Z</time>
        <extensions>
          <ns3:TrackPointExtension>
            <ns3:hr>124</ns3:hr>
            <ns3:cad>83</ns3:cad>
          </ns3:TrackPointExtension>
        </extensions>
      </trkpt>
      <trkpt lat="24.49283947236835956573486328125" lon="117.9676731862127780914306640625">
        <ele>77.8000030517578125</ele>
        <time>2026-09-19T08:36:46.000Z</time>
        <extensions>
          <ns3:TrackPointExtension>
            <ns3:hr>124</ns3:hr>
            <ns3:cad>83</ns3:cad>
          </ns3:TrackPointExtension>
        </extensions>
      </trkpt>
      <trkpt lat="24.4928187690675258636474609375" lon="117.96767209656536579132080078125">
        <ele>78</ele>
        <time>2026-09-19T08:36:47.000Z</time>
        <extensions>
          <ns3:TrackPointExtension>
            <ns3:hr>125</ns3:hr>
            <ns3:cad>83</ns3:cad>
          </ns3:TrackPointExtension>
        </extensions>
      </trkpt>
      <trkpt lat="24.49279555119574069976806640625" lon="117.96767628751695156097412109375">
        <ele>78</ele>
        <time>2026-09-19T08:36:48.000Z</time>
        <extensions>
          <ns3:TrackPointExtension>
            <ns3:hr>125</ns3:hr>
            <ns3:cad>82</ns3:cad>
          </ns3:TrackPointExtension>
        </extensions>
      </trkpt>
      <trkpt lat="24.49276856146752834320068359375" lon="117.96767528168857097625732421875">
        <ele>78</ele>
        <time>2026-09-19T08:36:49.000Z</time>
        <extensions>
          <ns3:TrackPointExtension>
            <ns3:hr>125</ns3:hr>
            <ns3:cad>82</ns3:cad>
          </ns3:TrackPointExtension>
        </extensions>
      </trkpt>
      <trkpt lat="24.4927473552525043487548828125" lon="117.96767595224082469940185546875">
        <ele>78</ele>
        <time>2026-09-19T08:36:50.000Z</time>
        <extensions>
          <ns3:TrackPointExtension>
            <ns3:hr>125</ns3:hr>
            <ns3:cad>82</ns3:cad>
          </ns3:TrackPointExtension>
        </extensions>
      </trkpt>
      <trkpt lat="24.49272246100008487701416015625" lon="117.96767042018473148345947265625">
        <ele>77.8000030517578125</ele>
        <time>2026-09-19T08:36:51.000Z</time>
        <extensions>
          <ns3:TrackPointExtension>
            <ns3:hr>124</ns3:hr>
            <ns3:cad>83</ns3:cad>
          </ns3:TrackPointExtension>
        </extensions>
      </trkpt>
      <trkpt lat="24.4926940463483333587646484375" lon="117.9676658101379871368408203125">
        <ele>77.59999847412109375</ele>
        <time>2026-09-19T08:36:52.000Z</time>
        <extensions>
          <ns3:TrackPointExtension>
            <ns3:hr>125</ns3:hr>
            <ns3:cad>84</ns3:cad>
          </ns3:TrackPointExtension>
        </extensions>
      </trkpt>
      <trkpt lat="24.49266563169658184051513671875" lon="117.96765835024416446685791015625">
        <ele>77.59999847412109375</ele>
        <time>2026-09-19T08:36:53.000Z</time>
        <extensions>
          <ns3:TrackPointExtension>
            <ns3:hr>125</ns3:hr>
            <ns3:cad>85</ns3:cad>
          </ns3:TrackPointExtension>
        </extensions>
      </trkpt>
      <trkpt lat="24.49264350347220897674560546875" lon="117.96765717677772045135498046875">
        <ele>77.40000152587890625</ele>
        <time>2026-09-19T08:36:54.000Z</time>
        <extensions>
          <ns3:TrackPointExtension>
            <ns3:hr>124</ns3:hr>
            <ns3:cad>86</ns3:cad>
          </ns3:TrackPointExtension>
        </extensions>
      </trkpt>
      <trkpt lat="24.492616765201091766357421875" lon="117.96765080653131008148193359375">
        <ele>77.40000152587890625</ele>
        <time>2026-09-19T08:36:55.000Z</time>
        <extensions>
          <ns3:TrackPointExtension>
            <ns3:hr>125</ns3:hr>
            <ns3:cad>86</ns3:cad>
          </ns3:TrackPointExtension>
        </extensions>
      </trkpt>
      <trkpt lat="24.49258499778807163238525390625" lon="117.9676487110555171966552734375">
        <ele>77.1999969482421875</ele>
        <time>2026-09-19T08:36:56.000Z</time>
        <extensions>
          <ns3:TrackPointExtension>
            <ns3:hr>126</ns3:hr>
            <ns3:cad>85</ns3:cad>
          </ns3:TrackPointExtension>
        </extensions>
      </trkpt>
      <trkpt lat="24.492557756602764129638671875" lon="117.96764896251261234283447265625">
        <ele>77</ele>
        <time>2026-09-19T08:36:57.000Z</time>
        <extensions>
          <ns3:TrackPointExtension>
            <ns3:hr>126</ns3:hr>
            <ns3:cad>84</ns3:cad>
          </ns3:TrackPointExtension>
        </extensions>
      </trkpt>
      <trkpt lat="24.49252414517104625701904296875" lon="117.9676517285406589508056640625">
        <ele>76.59999847412109375</ele>
        <time>2026-09-19T08:36:58.000Z</time>
        <extensions>
          <ns3:TrackPointExtension>
            <ns3:hr>127</ns3:hr>
            <ns3:cad>83</ns3:cad>
          </ns3:TrackPointExtension>
        </extensions>
      </trkpt>
      <trkpt lat="24.4924858398735523223876953125" lon="117.96765197999775409698486328125">
        <ele>76.40000152587890625</ele>
        <time>2026-09-19T08:36:59.000Z</time>
        <extensions>
          <ns3:TrackPointExtension>
            <ns3:hr>128</ns3:hr>
            <ns3:cad>83</ns3:cad>
          </ns3:TrackPointExtension>
        </extensions>
      </trkpt>
      <trkpt lat="24.4924610294401645660400390625" lon="117.96765952371060848236083984375">
        <ele>76.1999969482421875</ele>
        <time>2026-09-19T08:37:00.000Z</time>
        <extensions>
          <ns3:TrackPointExtension>
            <ns3:hr>129</ns3:hr>
            <ns3:cad>83</ns3:cad>
          </ns3:TrackPointExtension>
        </extensions>
      </trkpt>
      <trkpt lat="24.49242238886654376983642578125" lon="117.96766958199441432952880859375">
        <ele>75.8000030517578125</ele>
        <time>2026-09-19T08:37:01.000Z</time>
        <extensions>
          <ns3:TrackPointExtension>
            <ns3:hr>129</ns3:hr>
            <ns3:cad>83</ns3:cad>
          </ns3:TrackPointExtension>
        </extensions>
      </trkpt>
      <trkpt lat="24.4923959858715534210205078125" lon="117.96767209656536579132080078125">
        <ele>75.59999847412109375</ele>
        <time>2026-09-19T08:37:02.000Z</time>
        <extensions>
          <ns3:TrackPointExtension>
            <ns3:hr>130</ns3:hr>
            <ns3:cad>83</ns3:cad>
          </ns3:TrackPointExtension>
        </extensions>
      </trkpt>
      <trkpt lat="24.49236472137272357940673828125" lon="117.96767964027822017669677734375">
        <ele>75.1999969482421875</ele>
        <time>2026-09-19T08:37:03.000Z</time>
        <extensions>
          <ns3:TrackPointExtension>
            <ns3:hr>130</ns3:hr>
            <ns3:cad>83</ns3:cad>
          </ns3:TrackPointExtension>
        </extensions>
      </trkpt>
      <trkpt lat="24.4923302717506885528564453125" lon="117.96768265776336193084716796875">
        <ele>74.8000030517578125</ele>
        <time>2026-09-19T08:37:04.000Z</time>
        <extensions>
          <ns3:TrackPointExtension>
            <ns3:hr>131</ns3:hr>
            <ns3:cad>83</ns3:cad>
          </ns3:TrackPointExtension>
        </extensions>
      </trkpt>
      <trkpt lat="24.49230663478374481201171875" lon="117.96768374741077423095703125">
        <ele>74.59999847412109375</ele>
        <time>2026-09-19T08:37:05.000Z</time>
        <extensions>
          <ns3:TrackPointExtension>
            <ns3:hr>131</ns3:hr>
            <ns3:cad>83</ns3:cad>
          </ns3:TrackPointExtension>
        </extensions>
      </trkpt>
      <trkpt lat="24.4922769628465175628662109375" lon="117.9676889441907405853271484375">
        <ele>74.40000152587890625</ele>
        <time>2026-09-19T08:37:06.000Z</time>
        <extensions>
          <ns3:TrackPointExtension>
            <ns3:hr>131</ns3:hr>
            <ns3:cad>83</ns3:cad>
          </ns3:TrackPointExtension>
        </extensions>
      </trkpt>
      <trkpt lat="24.4922481290996074676513671875" lon="117.96769171021878719329833984375">
        <ele>74</ele>
        <time>2026-09-19T08:37:07.000Z</time>
        <extensions>
          <ns3:TrackPointExtension>
            <ns3:hr>131</ns3:hr>
            <ns3:cad>83</ns3:cad>
          </ns3:TrackPointExtension>
        </extensions>
      </trkpt>
      <trkpt lat="24.49222256429493427276611328125" lon="117.9676986671984195709228515625">
        <ele>73.8000030517578125</ele>
        <time>2026-09-19T08:37:08.000Z</time>
        <extensions>
          <ns3:TrackPointExtension>
            <ns3:hr>131</ns3:hr>
            <ns3:cad>83</ns3:cad>
          </ns3:TrackPointExtension>
        </extensions>
      </trkpt>
      <trkpt lat="24.4921958260238170623779296875" lon="117.96770914457738399505615234375">
        <ele>73.8000030517578125</ele>
        <time>2026-09-19T08:37:09.000Z</time>
        <extensions>
          <ns3:TrackPointExtension>
            <ns3:hr>131</ns3:hr>
            <ns3:cad>83</ns3:cad>
          </ns3:TrackPointExtension>
        </extensions>
      </trkpt>
      <trkpt lat="24.49217713437974452972412109375" lon="117.96771970577538013458251953125">
        <ele>73.59999847412109375</ele>
        <time>2026-09-19T08:37:10.000Z</time>
        <extensions>
          <ns3:TrackPointExtension>
            <ns3:hr>131</ns3:hr>
            <ns3:cad>84</ns3:cad>
          </ns3:TrackPointExtension>
        </extensions>
      </trkpt>
      <trkpt lat="24.49215332977473735809326171875" lon="117.9677268303930759429931640625">
        <ele>73.40000152587890625</ele>
        <time>2026-09-19T08:37:11.000Z</time>
        <extensions>
          <ns3:TrackPointExtension>
            <ns3:hr>131</ns3:hr>
            <ns3:cad>84</ns3:cad>
          </ns3:TrackPointExtension>
        </extensions>
      </trkpt>
      <trkpt lat="24.4921250827610492706298828125" lon="117.96773127280175685882568359375">
        <ele>73.1999969482421875</ele>
        <time>2026-09-19T08:37:12.000Z</time>
        <extensions>
          <ns3:TrackPointExtension>
            <ns3:hr>131</ns3:hr>
            <ns3:cad>83</ns3:cad>
          </ns3:TrackPointExtension>
        </extensions>
      </trkpt>
      <trkpt lat="24.49210018850862979888916015625" lon="117.9677338711917400360107421875">
        <ele>72.8000030517578125</ele>
        <time>2026-09-19T08:37:13.000Z</time>
        <extensions>
          <ns3:TrackPointExtension>
            <ns3:hr>131</ns3:hr>
            <ns3:cad>83</ns3:cad>
          </ns3:TrackPointExtension>
        </extensions>
      </trkpt>
      <trkpt lat="24.492068924009799957275390625" lon="117.9677301831543445587158203125">
        <ele>72.40000152587890625</ele>
        <time>2026-09-19T08:37:14.000Z</time>
        <extensions>
          <ns3:TrackPointExtension>
            <ns3:hr>131</ns3:hr>
            <ns3:cad>83</ns3:cad>
          </ns3:TrackPointExtension>
        </extensions>
      </trkpt>
      <trkpt lat="24.49204604141414165496826171875" lon="117.96772062778472900390625">
        <ele>72.1999969482421875</ele>
        <time>2026-09-19T08:37:15.000Z</time>
        <extensions>
          <ns3:TrackPointExtension>
            <ns3:hr>132</ns3:hr>
            <ns3:cad>82</ns3:cad>
          </ns3:TrackPointExtension>
        </extensions>
      </trkpt>
      <trkpt lat="24.4920248351991176605224609375" lon="117.96771216206252574920654296875">
        <ele>71.8000030517578125</ele>
        <time>2026-09-19T08:37:16.000Z</time>
        <extensions>
          <ns3:TrackPointExtension>
            <ns3:hr>131</ns3:hr>
            <ns3:cad>83</ns3:cad>
          </ns3:TrackPointExtension>
        </extensions>
      </trkpt>
      <trkpt lat="24.492003209888935089111328125" lon="117.96768852509558200836181640625">
        <ele>71.40000152587890625</ele>
        <time>2026-09-19T08:37:17.000Z</time>
        <extensions>
          <ns3:TrackPointExtension>
            <ns3:hr>131</ns3:hr>
            <ns3:cad>83</ns3:cad>
          </ns3:TrackPointExtension>
        </extensions>
      </trkpt>
      <trkpt lat="24.49198351241648197174072265625" lon="117.9676763713359832763671875">
        <ele>71</ele>
        <time>2026-09-19T08:37:18.000Z</time>
        <extensions>
          <ns3:TrackPointExtension>
            <ns3:hr>132</ns3:hr>
            <ns3:cad>83</ns3:cad>
          </ns3:TrackPointExtension>
        </extensions>
      </trkpt>
      <trkpt lat="24.4919561035931110382080078125" lon="117.96766388230025768280029296875">
        <ele>70.8000030517578125</ele>
        <time>2026-09-19T08:37:19.000Z</time>
        <extensions>
          <ns3:TrackPointExtension>
            <ns3:hr>131</ns3:hr>
            <ns3:cad>83</ns3:cad>
          </ns3:TrackPointExtension>
        </extensions>
      </trkpt>
      <trkpt lat="24.49192986823618412017822265625" lon="117.967655248939990997314453125">
        <ele>70.59999847412109375</ele>
        <time>2026-09-19T08:37:20.000Z</time>
        <extensions>
          <ns3:TrackPointExtension>
            <ns3:hr>131</ns3:hr>
            <ns3:cad>82</ns3:cad>
          </ns3:TrackPointExtension>
        </extensions>
      </trkpt>
      <trkpt lat="24.4919009506702423095703125" lon="117.9676446877419948577880859375">
        <ele>70.40000152587890625</ele>
        <time>2026-09-19T08:37:21.000Z</time>
        <extensions>
          <ns3:TrackPointExtension>
            <ns3:hr>131</ns3:hr>
            <ns3:cad>82</ns3:cad>
          </ns3:TrackPointExtension>
        </extensions>
      </trkpt>
      <trkpt lat="24.4918719492852687835693359375" lon="117.967638485133647918701171875">
        <ele>70.1999969482421875</ele>
        <time>2026-09-19T08:37:22.000Z</time>
        <extensions>
          <ns3:TrackPointExtension>
            <ns3:hr>131</ns3:hr>
            <ns3:cad>82</ns3:cad>
          </ns3:TrackPointExtension>
        </extensions>
      </trkpt>
      <trkpt lat="24.4918525032699108123779296875" lon="117.96763538382947444915771484375">
        <ele>70.1999969482421875</ele>
        <time>2026-09-19T08:37:23.000Z</time>
        <extensions>
          <ns3:TrackPointExtension>
            <ns3:hr>131</ns3:hr>
            <ns3:cad>82</ns3:cad>
          </ns3:TrackPointExtension>
        </extensions>
      </trkpt>
      <trkpt lat="24.4918280281126499176025390625" lon="117.96763546764850616455078125">
        <ele>70.1999969482421875</ele>
        <time>2026-09-19T08:37:24.000Z</time>
        <extensions>
          <ns3:TrackPointExtension>
            <ns3:hr>131</ns3:hr>
            <ns3:cad>84</ns3:cad>
          </ns3:TrackPointExtension>
        </extensions>
      </trkpt>
      <trkpt lat="24.4918018765747547149658203125" lon="117.96763873659074306488037109375">
        <ele>70.1999969482421875</ele>
        <time>2026-09-19T08:37:25.000Z</time>
        <extensions>
          <ns3:TrackPointExtension>
            <ns3:hr>131</ns3:hr>
            <ns3:cad>84</ns3:cad>
          </ns3:TrackPointExtension>
        </extensions>
      </trkpt>
      <trkpt lat="24.49178402312099933624267578125" lon="117.96764108352363109588623046875">
        <ele>70.1999969482421875</ele>
        <time>2026-09-19T08:37:26.000Z</time>
        <extensions>
          <ns3:TrackPointExtension>
            <ns3:hr>132</ns3:hr>
            <ns3:cad>84</ns3:cad>
          </ns3:TrackPointExtension>
        </extensions>
      </trkpt>
      <trkpt lat="24.49176223017275333404541015625" lon="117.9676466993987560272216796875">
        <ele>70</ele>
        <time>2026-09-19T08:37:27.000Z</time>
        <extensions>
          <ns3:TrackPointExtension>
            <ns3:hr>131</ns3:hr>
            <ns3:cad>83</ns3:cad>
          </ns3:TrackPointExtension>
        </extensions>
      </trkpt>
      <trkpt lat="24.49173775501549243927001953125" lon="117.967656590044498443603515625">
        <ele>69.8000030517578125</ele>
        <time>2026-09-19T08:37:28.000Z</time>
        <extensions>
          <ns3:TrackPointExtension>
            <ns3:hr>131</ns3:hr>
            <ns3:cad>83</ns3:cad>
          </ns3:TrackPointExtension>
        </extensions>
      </trkpt>
      <trkpt lat="24.49171847663819789886474609375" lon="117.9676631279289722442626953125">
        <ele>69.40000152587890625</ele>
        <time>2026-09-19T08:37:29.000Z</time>
        <extensions>
          <ns3:TrackPointExtension>
            <ns3:hr>131</ns3:hr>
            <ns3:cad>81</ns3:cad>
          </ns3:TrackPointExtension>
        </extensions>
      </trkpt>
      <trkpt lat="24.49170053936541080474853515625" lon="117.9676798917353153228759765625">
        <ele>69</ele>
        <time>2026-09-19T08:37:30.000Z</time>
        <extensions>
          <ns3:TrackPointExtension>
            <ns3:hr>131</ns3:hr>
            <ns3:cad>79</ns3:cad>
          </ns3:TrackPointExtension>
        </extensions>
      </trkpt>
      <trkpt lat="24.491679668426513671875" lon="117.96769439242780208587646484375">
        <ele>68.8000030517578125</ele>
        <time>2026-09-19T08:37:31.000Z</time>
        <extensions>
          <ns3:TrackPointExtension>
            <ns3:hr>131</ns3:hr>
            <ns3:cad>79</ns3:cad>
          </ns3:TrackPointExtension>
        </extensions>
      </trkpt>
      <trkpt lat="24.491661228239536285400390625" lon="117.96771115623414516448974609375">
        <ele>68.40000152587890625</ele>
        <time>2026-09-19T08:37:32.000Z</time>
        <extensions>
          <ns3:TrackPointExtension>
            <ns3:hr>130</ns3:hr>
            <ns3:cad>79</ns3:cad>
          </ns3:TrackPointExtension>
        </extensions>
      </trkpt>
      <trkpt lat="24.4916409440338611602783203125" lon="117.967724986374378204345703125">
        <ele>68.1999969482421875</ele>
        <time>2026-09-19T08:37:33.000Z</time>
        <extensions>
          <ns3:TrackPointExtension>
            <ns3:hr>130</ns3:hr>
            <ns3:cad>78</ns3:cad>
          </ns3:TrackPointExtension>
        </extensions>
      </trkpt>
      <trkpt lat="24.491613619029521942138671875" lon="117.96773395501077175140380859375">
        <ele>67.8000030517578125</ele>
        <time>2026-09-19T08:37:34.000Z</time>
        <extensions>
          <ns3:TrackPointExtension>
            <ns3:hr>130</ns3:hr>
            <ns3:cad>77</ns3:cad>
          </ns3:TrackPointExtension>
        </extensions>
      </trkpt>
      <trkpt lat="24.4915933348238468170166015625" lon="117.9677338711917400360107421875">
        <ele>67.59999847412109375</ele>
        <time>2026-09-19T08:37:35.000Z</time>
        <extensions>
          <ns3:TrackPointExtension>
            <ns3:hr>130</ns3:hr>
            <ns3:cad>77</ns3:cad>
          </ns3:TrackPointExtension>
        </extensions>
      </trkpt>
      <trkpt lat="24.491568692028522491455078125" lon="117.96772657893598079681396484375">
        <ele>67.40000152587890625</ele>
        <time>2026-09-19T08:37:36.000Z</time>
        <extensions>
          <ns3:TrackPointExtension>
            <ns3:hr>129</ns3:hr>
            <ns3:cad>80</ns3:cad>
          </ns3:TrackPointExtension>
        </extensions>
      </trkpt>
      <trkpt lat="24.49155184440314769744873046875" lon="117.9677238129079341888427734375">
        <ele>67</ele>
        <time>2026-09-19T08:37:37.000Z</time>
        <extensions>
          <ns3:TrackPointExtension>
            <ns3:hr>129</ns3:hr>
            <ns3:cad>81</ns3:cad>
          </ns3:TrackPointExtension>
        </extensions>
      </trkpt>
      <trkpt lat="24.49153088964521884918212890625" lon="117.9677221365272998809814453125">
        <ele>66.8000030517578125</ele>
        <time>2026-09-19T08:37:38.000Z</time>
        <extensions>
          <ns3:TrackPointExtension>
            <ns3:hr>129</ns3:hr>
            <ns3:cad>81</ns3:cad>
          </ns3:TrackPointExtension>
        </extensions>
      </trkpt>
      <trkpt lat="24.49150775559246540069580078125" lon="117.9677085578441619873046875">
        <ele>66.40000152587890625</ele>
        <time>2026-09-19T08:37:39.000Z</time>
        <extensions>
          <ns3:TrackPointExtension>
            <ns3:hr>129</ns3:hr>
            <ns3:cad>81</ns3:cad>
          </ns3:TrackPointExtension>
        </extensions>
      </trkpt>
      <trkpt lat="24.49148814193904399871826171875" lon="117.96770344488322734832763671875">
        <ele>66.1999969482421875</ele>
        <time>2026-09-19T08:37:40.000Z</time>
        <extensions>
          <ns3:TrackPointExtension>
            <ns3:hr>129</ns3:hr>
            <ns3:cad>83</ns3:cad>
          </ns3:TrackPointExtension>
        </extensions>
      </trkpt>
      <trkpt lat="24.491465091705322265625" lon="117.967693470418453216552734375">
        <ele>65.8000030517578125</ele>
        <time>2026-09-19T08:37:41.000Z</time>
        <extensions>
          <ns3:TrackPointExtension>
            <ns3:hr>129</ns3:hr>
            <ns3:cad>83</ns3:cad>
          </ns3:TrackPointExtension>
        </extensions>
      </trkpt>
      <trkpt lat="24.4914414547383785247802734375" lon="117.96768014319241046905517578125">
        <ele>65.40000152587890625</ele>
        <time>2026-09-19T08:37:42.000Z</time>
        <extensions>
          <ns3:TrackPointExtension>
            <ns3:hr>129</ns3:hr>
            <ns3:cad>83</ns3:cad>
          </ns3:TrackPointExtension>
        </extensions>
      </trkpt>
      <trkpt lat="24.4914203323423862457275390625" lon="117.96766991727054119110107421875">
        <ele>64.8000030517578125</ele>
        <time>2026-09-19T08:37:43.000Z</time>
        <extensions>
          <ns3:TrackPointExtension>
            <ns3:hr>129</ns3:hr>
            <ns3:cad>83</ns3:cad>
          </ns3:TrackPointExtension>
        </extensions>
      </trkpt>
      <trkpt lat="24.4914005510509014129638671875" lon="117.9676540754735469818115234375">
        <ele>64.59999847412109375</ele>
        <time>2026-09-19T08:37:44.000Z</time>
        <extensions>
          <ns3:TrackPointExtension>
            <ns3:hr>129</ns3:hr>
            <ns3:cad>83</ns3:cad>
          </ns3:TrackPointExtension>
        </extensions>
      </trkpt>
      <trkpt lat="24.4913831166923046112060546875" lon="117.9676255770027637481689453125">
        <ele>64</ele>
        <time>2026-09-19T08:37:45.000Z</time>
        <extensions>
          <ns3:TrackPointExtension>
            <ns3:hr>129</ns3:hr>
            <ns3:cad>83</ns3:cad>
          </ns3:TrackPointExtension>
        </extensions>
      </trkpt>
      <trkpt lat="24.49136744253337383270263671875" lon="117.9676104895770549774169921875">
        <ele>63.799999237060546875</ele>
        <time>2026-09-19T08:37:46.000Z</time>
        <extensions>
          <ns3:TrackPointExtension>
            <ns3:hr>129</ns3:hr>
            <ns3:cad>83</ns3:cad>
          </ns3:TrackPointExtension>
        </extensions>
      </trkpt>
      <trkpt lat="24.4913435541093349456787109375" lon="117.96759079210460186004638671875">
        <ele>63.40000152587890625</ele>
        <time>2026-09-19T08:37:47.000Z</time>
        <extensions>
          <ns3:TrackPointExtension>
            <ns3:hr>129</ns3:hr>
            <ns3:cad>81</ns3:cad>
          </ns3:TrackPointExtension>
        </extensions>
      </trkpt>
      <trkpt lat="24.49133257381618022918701171875" lon="117.96757553704082965850830078125">
        <ele>63</ele>
        <time>2026-09-19T08:37:48.000Z</time>
        <extensions>
          <ns3:TrackPointExtension>
            <ns3:hr>128</ns3:hr>
            <ns3:cad>80</ns3:cad>
          </ns3:TrackPointExtension>
        </extensions>
      </trkpt>
      <trkpt lat="24.49131564237177371978759765625" lon="117.9675575159490108489990234375">
        <ele>62.799999237060546875</ele>
        <time>2026-09-19T08:37:49.000Z</time>
        <extensions>
          <ns3:TrackPointExtension>
            <ns3:hr>129</ns3:hr>
            <ns3:cad>80</ns3:cad>
          </ns3:TrackPointExtension>
        </extensions>
      </trkpt>
      <trkpt lat="24.491302482783794403076171875" lon="117.96753278933465480804443359375">
        <ele>62.40000152587890625</ele>
        <time>2026-09-19T08:37:50.000Z</time>
        <extensions>
          <ns3:TrackPointExtension>
            <ns3:hr>129</ns3:hr>
            <ns3:cad>80</ns3:cad>
          </ns3:TrackPointExtension>
        </extensions>
      </trkpt>
      <trkpt lat="24.49129141867160797119140625" lon="117.96751619316637516021728515625">
        <ele>62.200000762939453125</ele>
        <time>2026-09-19T08:37:51.000Z</time>
        <extensions>
          <ns3:TrackPointExtension>
            <ns3:hr>129</ns3:hr>
            <ns3:cad>80</ns3:cad>
          </ns3:TrackPointExtension>
        </extensions>
      </trkpt>
      <trkpt lat="24.4912788458168506622314453125" lon="117.9675028659403324127197265625">
        <ele>62</ele>
        <time>2026-09-19T08:37:52.000Z</time>
        <extensions>
          <ns3:TrackPointExtension>
            <ns3:hr>128</ns3:hr>
            <ns3:cad>80</ns3:cad>
          </ns3:TrackPointExtension>
        </extensions>
      </trkpt>
      <trkpt lat="24.4912664406001567840576171875" lon="117.967487610876560211181640625">
        <ele>61.799999237060546875</ele>
        <time>2026-09-19T08:37:53.000Z</time>
        <extensions>
          <ns3:TrackPointExtension>
            <ns3:hr>128</ns3:hr>
            <ns3:cad>80</ns3:cad>
          </ns3:TrackPointExtension>
        </extensions>
      </trkpt>
      <trkpt lat="24.49125646613538265228271484375" lon="117.967468835413455963134765625">
        <ele>61.40000152587890625</ele>
        <time>2026-09-19T08:37:54.000Z</time>
        <extensions>
          <ns3:TrackPointExtension>
            <ns3:hr>128</ns3:hr>
            <ns3:cad>80</ns3:cad>
          </ns3:TrackPointExtension>
        </extensions>
      </trkpt>
      <trkpt lat="24.49124556966125965118408203125" lon="117.96745567582547664642333984375">
        <ele>61.200000762939453125</ele>
        <time>2026-09-19T08:37:55.000Z</time>
        <extensions>
          <ns3:TrackPointExtension>
            <ns3:hr>127</ns3:hr>
            <ns3:cad>80</ns3:cad>
          </ns3:TrackPointExtension>
        </extensions>
      </trkpt>
      <trkpt lat="24.49123165570199489593505859375" lon="117.9674317874014377593994140625">
        <ele>61</ele>
        <time>2026-09-19T08:37:56.000Z</time>
        <extensions>
          <ns3:TrackPointExtension>
            <ns3:hr>127</ns3:hr>
            <ns3:cad>79</ns3:cad>
          </ns3:TrackPointExtension>
        </extensions>
      </trkpt>
      <trkpt lat="24.49122109450399875640869140625" lon="117.96740488149225711822509765625">
        <ele>60.799999237060546875</ele>
        <time>2026-09-19T08:37:57.000Z</time>
        <extensions>
          <ns3:TrackPointExtension>
            <ns3:hr>127</ns3:hr>
            <ns3:cad>79</ns3:cad>
          </ns3:TrackPointExtension>
        </extensions>
      </trkpt>
      <trkpt lat="24.491212628781795501708984375" lon="117.96739046461880207061767578125">
        <ele>60.40000152587890625</ele>
        <time>2026-09-19T08:37:58.000Z</time>
        <extensions>
          <ns3:TrackPointExtension>
            <ns3:hr>126</ns3:hr>
            <ns3:cad>79</ns3:cad>
          </ns3:TrackPointExtension>
        </extensions>
      </trkpt>
      <trkpt lat="24.491196535527706146240234375" lon="117.96736297197639942169189453125">
        <ele>60.200000762939453125</ele>
        <time>2026-09-19T08:37:59.000Z</time>
        <extensions>
          <ns3:TrackPointExtension>
            <ns3:hr>127</ns3:hr>
            <ns3:cad>80</ns3:cad>
          </ns3:TrackPointExtension>
        </extensions>
      </trkpt>
      <trkpt lat="24.4911819510161876678466796875" lon="117.96734520234167575836181640625">
        <ele>60</ele>
        <time>2026-09-19T08:38:00.000Z</time>
        <extensions>
          <ns3:TrackPointExtension>
            <ns3:hr>127</ns3:hr>
            <ns3:cad>81</ns3:cad>
          </ns3:TrackPointExtension>
        </extensions>
      </trkpt>
      <trkpt lat="24.4911633431911468505859375" lon="117.96733397059142589569091796875">
        <ele>59.799999237060546875</ele>
        <time>2026-09-19T08:38:01.000Z</time>
        <extensions>
          <ns3:TrackPointExtension>
            <ns3:hr>127</ns3:hr>
            <ns3:cad>81</ns3:cad>
          </ns3:TrackPointExtension>
        </extensions>
      </trkpt>
      <trkpt lat="24.49113761074841022491455078125" lon="117.967317290604114532470703125">
        <ele>59.59999847412109375</ele>
        <time>2026-09-19T08:38:02.000Z</time>
        <extensions>
          <ns3:TrackPointExtension>
            <ns3:hr>127</ns3:hr>
            <ns3:cad>81</ns3:cad>
          </ns3:TrackPointExtension>
        </extensions>
      </trkpt>
      <trkpt lat="24.491116739809513092041015625" lon="117.9673080705106258392333984375">
        <ele>59.40000152587890625</ele>
        <time>2026-09-19T08:38:03.000Z</time>
        <extensions>
          <ns3:TrackPointExtension>
            <ns3:hr>127</ns3:hr>
            <ns3:cad>81</ns3:cad>
          </ns3:TrackPointExtension>
        </extensions>
      </trkpt>
      <trkpt lat="24.49108832515776157379150390625" lon="117.96730044297873973846435546875">
        <ele>59.200000762939453125</ele>
        <time>2026-09-19T08:38:04.000Z</time>
        <extensions>
          <ns3:TrackPointExtension>
            <ns3:hr>127</ns3:hr>
            <ns3:cad>81</ns3:cad>
          </ns3:TrackPointExtension>
        </extensions>
      </trkpt>
      <trkpt lat="24.491064436733722686767578125" lon="117.96728837303817272186279296875">
        <ele>59</ele>
        <time>2026-09-19T08:38:05.000Z</time>
        <extensions>
          <ns3:TrackPointExtension>
            <ns3:hr>127</ns3:hr>
            <ns3:cad>82</ns3:cad>
          </ns3:TrackPointExtension>
        </extensions>
      </trkpt>
      <trkpt lat="24.49104490689933300018310546875" lon="117.96727848239243030548095703125">
        <ele>58.59999847412109375</ele>
        <time>2026-09-19T08:38:06.000Z</time>
        <extensions>
          <ns3:TrackPointExtension>
            <ns3:hr>127</ns3:hr>
            <ns3:cad>82</ns3:cad>
          </ns3:TrackPointExtension>
        </extensions>
      </trkpt>
      <trkpt lat="24.49101825244724750518798828125" lon="117.9672701843082904815673828125">
        <ele>58.59999847412109375</ele>
        <time>2026-09-19T08:38:07.000Z</time>
        <extensions>
          <ns3:TrackPointExtension>
            <ns3:hr>127</ns3:hr>
            <ns3:cad>82</ns3:cad>
          </ns3:TrackPointExtension>
        </extensions>
      </trkpt>
      <trkpt lat="24.49099495075643062591552734375" lon="117.96726406551897525787353515625">
        <ele>58.40000152587890625</ele>
        <time>2026-09-19T08:38:08.000Z</time>
        <extensions>
          <ns3:TrackPointExtension>
            <ns3:hr>127</ns3:hr>
            <ns3:cad>82</ns3:cad>
          </ns3:TrackPointExtension>
        </extensions>
      </trkpt>
      <trkpt lat="24.4909734092652797698974609375" lon="117.96725870110094547271728515625">
        <ele>58.200000762939453125</ele>
        <time>2026-09-19T08:38:09.000Z</time>
        <extensions>
          <ns3:TrackPointExtension>
            <ns3:hr>127</ns3:hr>
            <ns3:cad>81</ns3:cad>
          </ns3:TrackPointExtension>
        </extensions>
      </trkpt>
      <trkpt lat="24.4909460842609405517578125" lon="117.9672423563897609710693359375">
        <ele>58</ele>
        <time>2026-09-19T08:38:10.000Z</time>
        <extensions>
          <ns3:TrackPointExtension>
            <ns3:hr>127</ns3:hr>
            <ns3:cad>81</ns3:cad>
          </ns3:TrackPointExtension>
        </extensions>
      </trkpt>
      <trkpt lat="24.49092529714107513427734375" lon="117.9672311246395111083984375">
        <ele>57.799999237060546875</ele>
        <time>2026-09-19T08:38:11.000Z</time>
        <extensions>
          <ns3:TrackPointExtension>
            <ns3:hr>128</ns3:hr>
            <ns3:cad>81</ns3:cad>
          </ns3:TrackPointExtension>
        </extensions>
      </trkpt>
      <trkpt lat="24.490904845297336578369140625" lon="117.96721997670829296112060546875">
        <ele>57.59999847412109375</ele>
        <time>2026-09-19T08:38:12.000Z</time>
        <extensions>
          <ns3:TrackPointExtension>
            <ns3:hr>127</ns3:hr>
            <ns3:cad>82</ns3:cad>
          </ns3:TrackPointExtension>
        </extensions>
      </trkpt>
      <trkpt lat="24.4908790290355682373046875" lon="117.9672078229486942291259765625">
        <ele>57.59999847412109375</ele>
        <time>2026-09-19T08:38:13.000Z</time>
        <extensions>
          <ns3:TrackPointExtension>
            <ns3:hr>127</ns3:hr>
            <ns3:cad>82</ns3:cad>
          </ns3:TrackPointExtension>
        </extensions>
      </trkpt>
      <trkpt lat="24.490858577191829681396484375" lon="117.967197932302951812744140625">
        <ele>57.40000152587890625</ele>
        <time>2026-09-19T08:38:14.000Z</time>
        <extensions>
          <ns3:TrackPointExtension>
            <ns3:hr>128</ns3:hr>
            <ns3:cad>81</ns3:cad>
          </ns3:TrackPointExtension>
        </extensions>
      </trkpt>
      <trkpt lat="24.4908305816352367401123046875" lon="117.967181839048862457275390625">
        <ele>57.40000152587890625</ele>
        <time>2026-09-19T08:38:15.000Z</time>
        <extensions>
          <ns3:TrackPointExtension>
            <ns3:hr>127</ns3:hr>
            <ns3:cad>81</ns3:cad>
          </ns3:TrackPointExtension>
        </extensions>
      </trkpt>
      <trkpt lat="24.49081038124859333038330078125" lon="117.96717303805053234100341796875">
        <ele>57.200000762939453125</ele>
        <time>2026-09-19T08:38:16.000Z</time>
        <extensions>
          <ns3:TrackPointExtension>
            <ns3:hr>128</ns3:hr>
            <ns3:cad>81</ns3:cad>
          </ns3:TrackPointExtension>
        </extensions>
      </trkpt>
      <trkpt lat="24.490791857242584228515625" lon="117.9671675898134708404541015625">
        <ele>57</ele>
        <time>2026-09-19T08:38:17.000Z</time>
        <extensions>
          <ns3:TrackPointExtension>
            <ns3:hr>128</ns3:hr>
            <ns3:cad>82</ns3:cad>
          </ns3:TrackPointExtension>
        </extensions>
      </trkpt>
      <trkpt lat="24.49076327495276927947998046875" lon="117.967161722481250762939453125">
        <ele>57</ele>
        <time>2026-09-19T08:38:18.000Z</time>
        <extensions>
          <ns3:TrackPointExtension>
            <ns3:hr>129</ns3:hr>
            <ns3:cad>83</ns3:cad>
          </ns3:TrackPointExtension>
        </extensions>
      </trkpt>
      <trkpt lat="24.490745253860950469970703125" lon="117.9671640694141387939453125">
        <ele>56.799999237060546875</ele>
        <time>2026-09-19T08:38:19.000Z</time>
        <extensions>
          <ns3:TrackPointExtension>
            <ns3:hr>129</ns3:hr>
            <ns3:cad>83</ns3:cad>
          </ns3:TrackPointExtension>
        </extensions>
      </trkpt>
      <trkpt lat="24.4907162524759769439697265625" lon="117.96716750599443912506103515625">
        <ele>56.799999237060546875</ele>
        <time>2026-09-19T08:38:20.000Z</time>
        <extensions>
          <ns3:TrackPointExtension>
            <ns3:hr>129</ns3:hr>
            <ns3:cad>83</ns3:cad>
          </ns3:TrackPointExtension>
        </extensions>
      </trkpt>
      <trkpt lat="24.4906864129006862640380859375" lon="117.96717354096472263336181640625">
        <ele>56.59999847412109375</ele>
        <time>2026-09-19T08:38:21.000Z</time>
        <extensions>
          <ns3:TrackPointExtension>
            <ns3:hr>129</ns3:hr>
            <ns3:cad>83</ns3:cad>
          </ns3:TrackPointExtension>
        </extensions>
      </trkpt>
      <trkpt lat="24.4906659610569477081298828125" lon="117.9671840183436870574951171875">
        <ele>56.59999847412109375</ele>
        <time>2026-09-19T08:38:22.000Z</time>
        <extensions>
          <ns3:TrackPointExtension>
            <ns3:hr>129</ns3:hr>
            <ns3:cad>82</ns3:cad>
          </ns3:TrackPointExtension>
        </extensions>
      </trkpt>
      <trkpt lat="24.49063519947230815887451171875" lon="117.96718527562916278839111328125">
        <ele>56.40000152587890625</ele>
        <time>2026-09-19T08:38:23.000Z</time>
        <extensions>
          <ns3:TrackPointExtension>
            <ns3:hr>129</ns3:hr>
            <ns3:cad>82</ns3:cad>
          </ns3:TrackPointExtension>
        </extensions>
      </trkpt>
      <trkpt lat="24.490613825619220733642578125" lon="117.96719248406589031219482421875">
        <ele>56.40000152587890625</ele>
        <time>2026-09-19T08:38:24.000Z</time>
        <extensions>
          <ns3:TrackPointExtension>
            <ns3:hr>129</ns3:hr>
            <ns3:cad>82</ns3:cad>
          </ns3:TrackPointExtension>
        </extensions>
      </trkpt>
      <trkpt lat="24.490590356290340423583984375" lon="117.96720354817807674407958984375">
        <ele>56.200000762939453125</ele>
        <time>2026-09-19T08:38:25.000Z</time>
        <extensions>
          <ns3:TrackPointExtension>
            <ns3:hr>129</ns3:hr>
            <ns3:cad>82</ns3:cad>
          </ns3:TrackPointExtension>
        </extensions>
      </trkpt>
      <trkpt lat="24.49056345038115978240966796875" lon="117.9672145284712314605712890625">
        <ele>56.200000762939453125</ele>
        <time>2026-09-19T08:38:26.000Z</time>
        <extensions>
          <ns3:TrackPointExtension>
            <ns3:hr>129</ns3:hr>
            <ns3:cad>82</ns3:cad>
          </ns3:TrackPointExtension>
        </extensions>
      </trkpt>
      <trkpt lat="24.49054065160453319549560546875" lon="117.9672255925834178924560546875">
        <ele>56.200000762939453125</ele>
        <time>2026-09-19T08:38:27.000Z</time>
        <extensions>
          <ns3:TrackPointExtension>
            <ns3:hr>129</ns3:hr>
            <ns3:cad>82</ns3:cad>
          </ns3:TrackPointExtension>
        </extensions>
      </trkpt>
      <trkpt lat="24.49050645343959331512451171875" lon="117.96723539941012859344482421875">
        <ele>56</ele>
        <time>2026-09-19T08:38:28.000Z</time>
        <extensions>
          <ns3:TrackPointExtension>
            <ns3:hr>129</ns3:hr>
            <ns3:cad>84</ns3:cad>
          </ns3:TrackPointExtension>
        </extensions>
      </trkpt>
      <trkpt lat="24.490480720996856689453125" lon="117.96724227257072925567626953125">
        <ele>56</ele>
        <time>2026-09-19T08:38:29.000Z</time>
        <extensions>
          <ns3:TrackPointExtension>
            <ns3:hr>129</ns3:hr>
            <ns3:cad>84</ns3:cad>
          </ns3:TrackPointExtension>
        </extensions>
      </trkpt>
      <trkpt lat="24.49045783840119838714599609375" lon="117.9672510735690593719482421875">
        <ele>55.799999237060546875</ele>
        <time>2026-09-19T08:38:30.000Z</time>
        <extensions>
          <ns3:TrackPointExtension>
            <ns3:hr>129</ns3:hr>
            <ns3:cad>84</ns3:cad>
          </ns3:TrackPointExtension>
        </extensions>
      </trkpt>
      <trkpt lat="24.490423388779163360595703125" lon="117.96725953929126262664794921875">
        <ele>55.799999237060546875</ele>
        <time>2026-09-19T08:38:31.000Z</time>
        <extensions>
          <ns3:TrackPointExtension>
            <ns3:hr>129</ns3:hr>
            <ns3:cad>83</ns3:cad>
          </ns3:TrackPointExtension>
        </extensions>
      </trkpt>
      <trkpt lat="24.4904007576406002044677734375" lon="117.96726934611797332763671875">
        <ele>55.799999237060546875</ele>
        <time>2026-09-19T08:38:32.000Z</time>
        <extensions>
          <ns3:TrackPointExtension>
            <ns3:hr>130</ns3:hr>
            <ns3:cad>83</ns3:cad>
          </ns3:TrackPointExtension>
        </extensions>
      </trkpt>
      <trkpt lat="24.49037267826497554779052734375" lon="117.96727647073566913604736328125">
        <ele>55.59999847412109375</ele>
        <time>2026-09-19T08:38:33.000Z</time>
        <extensions>
          <ns3:TrackPointExtension>
            <ns3:hr>130</ns3:hr>
            <ns3:cad>82</ns3:cad>
          </ns3:TrackPointExtension>
        </extensions>
      </trkpt>
      <trkpt lat="24.49034862220287322998046875" lon="117.96728351153433322906494140625">
        <ele>55.59999847412109375</ele>
        <time>2026-09-19T08:38:34.000Z</time>
        <extensions>
          <ns3:TrackPointExtension>
            <ns3:hr>130</ns3:hr>
            <ns3:cad>82</ns3:cad>
          </ns3:TrackPointExtension>
        </extensions>
      </trkpt>
      <trkpt lat="24.490324817597866058349609375" lon="117.9672876186668872833251953125">
        <ele>55.40000152587890625</ele>
        <time>2026-09-19T08:38:35.000Z</time>
        <extensions>
          <ns3:TrackPointExtension>
            <ns3:hr>131</ns3:hr>
            <ns3:cad>82</ns3:cad>
          </ns3:TrackPointExtension>
        </extensions>
      </trkpt>
      <trkpt lat="24.4902934692800045013427734375" lon="117.96728485263884067535400390625">
        <ele>55.200000762939453125</ele>
        <time>2026-09-19T08:38:36.000Z</time>
        <extensions>
          <ns3:TrackPointExtension>
            <ns3:hr>131</ns3:hr>
            <ns3:cad>83</ns3:cad>
          </ns3:TrackPointExtension>
        </extensions>
      </trkpt>
      <trkpt lat="24.490273185074329376220703125" lon="117.9672822542488574981689453125">
        <ele>55</ele>
        <time>2026-09-19T08:38:37.000Z</time>
        <extensions>
          <ns3:TrackPointExtension>
            <ns3:hr>131</ns3:hr>
            <ns3:cad>83</ns3:cad>
          </ns3:TrackPointExtension>
        </extensions>
      </trkpt>
      <trkpt lat="24.4902438484132289886474609375" lon="117.967279739677906036376953125">
        <ele>54.59999847412109375</ele>
        <time>2026-09-19T08:38:38.000Z</time>
        <extensions>
          <ns3:TrackPointExtension>
            <ns3:hr>130</ns3:hr>
            <ns3:cad>83</ns3:cad>
          </ns3:TrackPointExtension>
        </extensions>
      </trkpt>
      <trkpt lat="24.4902163557708263397216796875" lon="117.9672698490321636199951171875">
        <ele>54.200000762939453125</ele>
        <time>2026-09-19T08:38:39.000Z</time>
        <extensions>
          <ns3:TrackPointExtension>
            <ns3:hr>131</ns3:hr>
            <ns3:cad>83</ns3:cad>
          </ns3:TrackPointExtension>
        </extensions>
      </trkpt>
      <trkpt lat="24.49019732885062694549560546875" lon="117.96726666390895843505859375">
        <ele>53.799999237060546875</ele>
        <time>2026-09-19T08:38:40.000Z</time>
        <extensions>
          <ns3:TrackPointExtension>
            <ns3:hr>131</ns3:hr>
            <ns3:cad>83</ns3:cad>
          </ns3:TrackPointExtension>
        </extensions>
      </trkpt>
      <trkpt lat="24.49016715399920940399169921875" lon="117.967265658080577850341796875">
        <ele>53.40000152587890625</ele>
        <time>2026-09-19T08:38:41.000Z</time>
        <extensions>
          <ns3:TrackPointExtension>
            <ns3:hr>131</ns3:hr>
            <ns3:cad>83</ns3:cad>
          </ns3:TrackPointExtension>
        </extensions>
      </trkpt>
      <trkpt lat="24.490137398242950439453125" lon="117.96726507134735584259033203125">
        <ele>52.799999237060546875</ele>
        <time>2026-09-19T08:38:42.000Z</time>
        <extensions>
          <ns3:TrackPointExtension>
            <ns3:hr>132</ns3:hr>
            <ns3:cad>83</ns3:cad>
          </ns3:TrackPointExtension>
        </extensions>
      </trkpt>
      <trkpt lat="24.49011233635246753692626953125" lon="117.967268340289592742919921875">
        <ele>52.40000152587890625</ele>
        <time>2026-09-19T08:38:43.000Z</time>
        <extensions>
          <ns3:TrackPointExtension>
            <ns3:hr>132</ns3:hr>
            <ns3:cad>83</ns3:cad>
          </ns3:TrackPointExtension>
        </extensions>
      </trkpt>
      <trkpt lat="24.490080736577510833740234375" lon="117.967277728021144866943359375">
        <ele>52</ele>
        <time>2026-09-19T08:38:44.000Z</time>
        <extensions>
          <ns3:TrackPointExtension>
            <ns3:hr>132</ns3:hr>
            <ns3:cad>83</ns3:cad>
          </ns3:TrackPointExtension>
        </extensions>
      </trkpt>
      <trkpt lat="24.49006036855280399322509765625" lon="117.9672842659056186676025390625">
        <ele>51.59999847412109375</ele>
        <time>2026-09-19T08:38:45.000Z</time>
        <extensions>
          <ns3:TrackPointExtension>
            <ns3:hr>132</ns3:hr>
            <ns3:cad>83</ns3:cad>
          </ns3:TrackPointExtension>
        </extensions>
      </trkpt>
      <trkpt lat="24.49004159308969974517822265625" lon="117.96729994006454944610595703125">
        <ele>51.200000762939453125</ele>
        <time>2026-09-19T08:38:46.000Z</time>
        <extensions>
          <ns3:TrackPointExtension>
            <ns3:hr>132</ns3:hr>
            <ns3:cad>81</ns3:cad>
          </ns3:TrackPointExtension>
        </extensions>
      </trkpt>
      <trkpt lat="24.49001678265631198883056640625" lon="117.9673218168318271636962890625">
        <ele>50.799999237060546875</ele>
        <time>2026-09-19T08:38:47.000Z</time>
        <extensions>
          <ns3:TrackPointExtension>
            <ns3:hr>133</ns3:hr>
            <ns3:cad>81</ns3:cad>
          </ns3:TrackPointExtension>
        </extensions>
      </trkpt>
      <trkpt lat="24.48999783955514430999755859375" lon="117.9673357307910919189453125">
        <ele>50.59999847412109375</ele>
        <time>2026-09-19T08:38:48.000Z</time>
        <extensions>
          <ns3:TrackPointExtension>
            <ns3:hr>133</ns3:hr>
            <ns3:cad>81</ns3:cad>
          </ns3:TrackPointExtension>
        </extensions>
      </trkpt>
      <trkpt lat="24.48997973464429378509521484375" lon="117.9673536680638790130615234375">
        <ele>50.200000762939453125</ele>
        <time>2026-09-19T08:38:49.000Z</time>
        <extensions>
          <ns3:TrackPointExtension>
            <ns3:hr>133</ns3:hr>
            <ns3:cad>82</ns3:cad>
          </ns3:TrackPointExtension>
        </extensions>
      </trkpt>
      <trkpt lat="24.48995769023895263671875" lon="117.96736850403249263763427734375">
        <ele>49.799999237060546875</ele>
        <time>2026-09-19T08:38:50.000Z</time>
        <extensions>
          <ns3:TrackPointExtension>
            <ns3:hr>133</ns3:hr>
            <ns3:cad>83</ns3:cad>
          </ns3:TrackPointExtension>
        </extensions>
      </trkpt>
      <trkpt lat="24.48994201608002185821533203125" lon="117.96739406883716583251953125">
        <ele>49.200000762939453125</ele>
        <time>2026-09-19T08:38:51.000Z</time>
        <extensions>
          <ns3:TrackPointExtension>
            <ns3:hr>133</ns3:hr>
            <ns3:cad>82</ns3:cad>
          </ns3:TrackPointExtension>
        </extensions>
      </trkpt>
      <trkpt lat="24.4899115897715091705322265625" lon="117.96741208992898464202880859375">
        <ele>48.799999237060546875</ele>
        <time>2026-09-19T08:38:52.000Z</time>
        <extensions>
          <ns3:TrackPointExtension>
            <ns3:hr>133</ns3:hr>
            <ns3:cad>82</ns3:cad>
          </ns3:TrackPointExtension>
        </extensions>
      </trkpt>
      <trkpt lat="24.489890970289707183837890625" lon="117.9674327932298183441162109375">
        <ele>48.40000152587890625</ele>
        <time>2026-09-19T08:38:53.000Z</time>
        <extensions>
          <ns3:TrackPointExtension>
            <ns3:hr>133</ns3:hr>
            <ns3:cad>82</ns3:cad>
          </ns3:TrackPointExtension>
        </extensions>
      </trkpt>
      <trkpt lat="24.4898730330169200897216796875" lon="117.96745198778808116912841796875">
        <ele>48</ele>
        <time>2026-09-19T08:38:54.000Z</time>
        <extensions>
          <ns3:TrackPointExtension>
            <ns3:hr>134</ns3:hr>
            <ns3:cad>82</ns3:cad>
          </ns3:TrackPointExtension>
        </extensions>
      </trkpt>
      <trkpt lat="24.4898509047925472259521484375" lon="117.9674669913947582244873046875">
        <ele>47.799999237060546875</ele>
        <time>2026-09-19T08:38:55.000Z</time>
        <extensions>
          <ns3:TrackPointExtension>
            <ns3:hr>133</ns3:hr>
            <ns3:cad>82</ns3:cad>
          </ns3:TrackPointExtension>
        </extensions>
      </trkpt>
      <trkpt lat="24.489831961691379547119140625" lon="117.96748769469559192657470703125">
        <ele>47.799999237060546875</ele>
        <time>2026-09-19T08:38:56.000Z</time>
        <extensions>
          <ns3:TrackPointExtension>
            <ns3:hr>133</ns3:hr>
            <ns3:cad>82</ns3:cad>
          </ns3:TrackPointExtension>
        </extensions>
      </trkpt>
      <trkpt lat="24.4898089952766895294189453125" lon="117.96750496141612529754638671875">
        <ele>47.59999847412109375</ele>
        <time>2026-09-19T08:38:57.000Z</time>
        <extensions>
          <ns3:TrackPointExtension>
            <ns3:hr>134</ns3:hr>
            <ns3:cad>82</ns3:cad>
          </ns3:TrackPointExtension>
        </extensions>
      </trkpt>
      <trkpt lat="24.48978225700557231903076171875" lon="117.96752574853599071502685546875">
        <ele>47.59999847412109375</ele>
        <time>2026-09-19T08:38:58.000Z</time>
        <extensions>
          <ns3:TrackPointExtension>
            <ns3:hr>133</ns3:hr>
            <ns3:cad>82</ns3:cad>
          </ns3:TrackPointExtension>
        </extensions>
      </trkpt>
      <trkpt lat="24.489758200943470001220703125" lon="117.9675487987697124481201171875">
        <ele>47.200000762939453125</ele>
        <time>2026-09-19T08:38:59.000Z</time>
        <extensions>
          <ns3:TrackPointExtension>
            <ns3:hr>133</ns3:hr>
            <ns3:cad>84</ns3:cad>
          </ns3:TrackPointExtension>
        </extensions>
      </trkpt>
      <trkpt lat="24.48973565362393856048583984375" lon="117.96756246127188205718994140625">
        <ele>47.200000762939453125</ele>
        <time>2026-09-19T08:39:00.000Z</time>
        <extensions>
          <ns3:TrackPointExtension>
            <ns3:hr>134</ns3:hr>
            <ns3:cad>84</ns3:cad>
          </ns3:TrackPointExtension>
        </extensions>
      </trkpt>
      <trkpt lat="24.48971687816083431243896484375" lon="117.9675798118114471435546875">
        <ele>46.799999237060546875</ele>
        <time>2026-09-19T08:39:01.000Z</time>
        <extensions>
          <ns3:TrackPointExtension>
            <ns3:hr>133</ns3:hr>
            <ns3:cad>85</ns3:cad>
          </ns3:TrackPointExtension>
        </extensions>
      </trkpt>
      <trkpt lat="24.4896903075277805328369140625" lon="117.96759448014199733734130859375">
        <ele>46.59999847412109375</ele>
        <time>2026-09-19T08:39:02.000Z</time>
        <extensions>
          <ns3:TrackPointExtension>
            <ns3:hr>133</ns3:hr>
            <ns3:cad>85</ns3:cad>
          </ns3:TrackPointExtension>
        </extensions>
      </trkpt>
      <trkpt lat="24.48966826312243938446044921875" lon="117.967608310282230377197265625">
        <ele>46.59999847412109375</ele>
        <time>2026-09-19T08:39:03.000Z</time>
        <extensions>
          <ns3:TrackPointExtension>
            <ns3:hr>133</ns3:hr>
            <ns3:cad>84</ns3:cad>
          </ns3:TrackPointExtension>
        </extensions>
      </trkpt>
      <trkpt lat="24.48963775299489498138427734375" lon="117.96762339770793914794921875">
        <ele>46.59999847412109375</ele>
        <time>2026-09-19T08:39:04.000Z</time>
        <extensions>
          <ns3:TrackPointExtension>
            <ns3:hr>133</ns3:hr>
            <ns3:cad>84</ns3:cad>
          </ns3:TrackPointExtension>
        </extensions>
      </trkpt>
      <trkpt lat="24.48961629532277584075927734375" lon="117.9676373116672039031982421875">
        <ele>46.59999847412109375</ele>
        <time>2026-09-19T08:39:05.000Z</time>
        <extensions>
          <ns3:TrackPointExtension>
            <ns3:hr>133</ns3:hr>
            <ns3:cad>84</ns3:cad>
          </ns3:TrackPointExtension>
        </extensions>
      </trkpt>
      <trkpt lat="24.4895914010703563690185546875" lon="117.967653572559356689453125">
        <ele>46.59999847412109375</ele>
        <time>2026-09-19T08:39:06.000Z</time>
        <extensions>
          <ns3:TrackPointExtension>
            <ns3:hr>133</ns3:hr>
            <ns3:cad>85</ns3:cad>
          </ns3:TrackPointExtension>
        </extensions>
      </trkpt>
      <trkpt lat="24.4895679317414760589599609375" lon="117.96766740269958972930908203125">
        <ele>46.40000152587890625</ele>
        <time>2026-09-19T08:39:07.000Z</time>
        <extensions>
          <ns3:TrackPointExtension>
            <ns3:hr>134</ns3:hr>
            <ns3:cad>86</ns3:cad>
          </ns3:TrackPointExtension>
        </extensions>
      </trkpt>
      <trkpt lat="24.4895484857261180877685546875" lon="117.9676798917353153228759765625">
        <ele>46.200000762939453125</ele>
        <time>2026-09-19T08:39:08.000Z</time>
        <extensions>
          <ns3:TrackPointExtension>
            <ns3:hr>133</ns3:hr>
            <ns3:cad>86</ns3:cad>
          </ns3:TrackPointExtension>
        </extensions>
      </trkpt>
      <trkpt lat="24.489523507654666900634765625" lon="117.96768785454332828521728515625">
        <ele>46</ele>
        <time>2026-09-19T08:39:09.000Z</time>
        <extensions>
          <ns3:TrackPointExtension>
            <ns3:hr>133</ns3:hr>
            <ns3:cad>86</ns3:cad>
          </ns3:TrackPointExtension>
        </extensions>
      </trkpt>
      <trkpt lat="24.48950615711510181427001953125" lon="117.96769690699875354766845703125">
        <ele>46</ele>
        <time>2026-09-19T08:39:10.000Z</time>
        <extensions>
          <ns3:TrackPointExtension>
            <ns3:hr>133</ns3:hr>
            <ns3:cad>86</ns3:cad>
          </ns3:TrackPointExtension>
        </extensions>
      </trkpt>
      <trkpt lat="24.4894842803478240966796875" lon="117.967704869806766510009765625">
        <ele>45.799999237060546875</ele>
        <time>2026-09-19T08:39:11.000Z</time>
        <extensions>
          <ns3:TrackPointExtension>
            <ns3:hr>132</ns3:hr>
            <ns3:cad>85</ns3:cad>
          </ns3:TrackPointExtension>
        </extensions>
      </trkpt>
      <trkpt lat="24.48946625925600528717041015625" lon="117.9677164368331432342529296875">
        <ele>45.799999237060546875</ele>
        <time>2026-09-19T08:39:12.000Z</time>
        <extensions>
          <ns3:TrackPointExtension>
            <ns3:hr>132</ns3:hr>
            <ns3:cad>85</ns3:cad>
          </ns3:TrackPointExtension>
        </extensions>
      </trkpt>
      <trkpt lat="24.4894495792686939239501953125" lon="117.96772305853664875030517578125">
        <ele>45.799999237060546875</ele>
        <time>2026-09-19T08:39:13.000Z</time>
        <extensions>
          <ns3:TrackPointExtension>
            <ns3:hr>132</ns3:hr>
            <ns3:cad>84</ns3:cad>
          </ns3:TrackPointExtension>
        </extensions>
      </trkpt>
      <trkpt lat="24.48942367918789386749267578125" lon="117.96772808767855167388916015625">
        <ele>45.799999237060546875</ele>
        <time>2026-09-19T08:39:14.000Z</time>
        <extensions>
          <ns3:TrackPointExtension>
            <ns3:hr>132</ns3:hr>
            <ns3:cad>84</ns3:cad>
          </ns3:TrackPointExtension>
        </extensions>
      </trkpt>
      <trkpt lat="24.48941412381827831268310546875" lon="117.9677449353039264678955078125">
        <ele>45.799999237060546875</ele>
        <time>2026-09-19T08:39:15.000Z</time>
        <extensions>
          <ns3:TrackPointExtension>
            <ns3:hr>132</ns3:hr>
            <ns3:cad>85</ns3:cad>
          </ns3:TrackPointExtension>
        </extensions>
      </trkpt>
      <trkpt lat="24.489395432174205780029296875" lon="117.9677653871476650238037109375">
        <ele>45.799999237060546875</ele>
        <time>2026-09-19T08:39:16.000Z</time>
        <extensions>
          <ns3:TrackPointExtension>
            <ns3:hr>131</ns3:hr>
            <ns3:cad>86</ns3:cad>
          </ns3:TrackPointExtension>
        </extensions>
      </trkpt>
      <trkpt lat="24.48938093148171901702880859375" lon="117.9677781276404857635498046875">
        <ele>45.799999237060546875</ele>
        <time>2026-09-19T08:39:17.000Z</time>
        <extensions>
          <ns3:TrackPointExtension>
            <ns3:hr>131</ns3:hr>
            <ns3:cad>86</ns3:cad>
          </ns3:TrackPointExtension>
        </extensions>
      </trkpt>
      <trkpt lat="24.48935595341026782989501953125" lon="117.96779514290392398834228515625">
        <ele>45.799999237060546875</ele>
        <time>2026-09-19T08:39:18.000Z</time>
        <extensions>
          <ns3:TrackPointExtension>
            <ns3:hr>131</ns3:hr>
            <ns3:cad>86</ns3:cad>
          </ns3:TrackPointExtension>
        </extensions>
      </trkpt>
      <trkpt lat="24.48933474719524383544921875" lon="117.96781442128121852874755859375">
        <ele>45.59999847412109375</ele>
        <time>2026-09-19T08:39:19.000Z</time>
        <extensions>
          <ns3:TrackPointExtension>
            <ns3:hr>131</ns3:hr>
            <ns3:cad>86</ns3:cad>
          </ns3:TrackPointExtension>
        </extensions>
      </trkpt>
      <trkpt lat="24.489309601485729217529296875" lon="117.96783797442913055419921875">
        <ele>45.40000152587890625</ele>
        <time>2026-09-19T08:39:20.000Z</time>
        <extensions>
          <ns3:TrackPointExtension>
            <ns3:hr>132</ns3:hr>
            <ns3:cad>86</ns3:cad>
          </ns3:TrackPointExtension>
        </extensions>
      </trkpt>
      <trkpt lat="24.48928789235651493072509765625" lon="117.96785633079707622528076171875">
        <ele>45.40000152587890625</ele>
        <time>2026-09-19T08:39:21.000Z</time>
        <extensions>
          <ns3:TrackPointExtension>
            <ns3:hr>131</ns3:hr>
            <ns3:cad>86</ns3:cad>
          </ns3:TrackPointExtension>
        </extensions>
      </trkpt>
      <trkpt lat="24.48927029035985469818115234375" lon="117.96787477098405361175537109375">
        <ele>45.40000152587890625</ele>
        <time>2026-09-19T08:39:22.000Z</time>
        <extensions>
          <ns3:TrackPointExtension>
            <ns3:hr>131</ns3:hr>
            <ns3:cad>86</ns3:cad>
          </ns3:TrackPointExtension>
        </extensions>
      </trkpt>
      <trkpt lat="24.489252604544162750244140625" lon="117.96789103187620639801025390625">
        <ele>45.59999847412109375</ele>
        <time>2026-09-19T08:39:23.000Z</time>
        <extensions>
          <ns3:TrackPointExtension>
            <ns3:hr>131</ns3:hr>
            <ns3:cad>86</ns3:cad>
          </ns3:TrackPointExtension>
        </extensions>
      </trkpt>
      <trkpt lat="24.48923408053815364837646484375" lon="117.96790637075901031494140625">
        <ele>45.59999847412109375</ele>
        <time>2026-09-19T08:39:24.000Z</time>
        <extensions>
          <ns3:TrackPointExtension>
            <ns3:hr>131</ns3:hr>
            <ns3:cad>86</ns3:cad>
          </ns3:TrackPointExtension>
        </extensions>
      </trkpt>
      <trkpt lat="24.48922553099691867828369140625" lon="117.96790662221610546112060546875">
        <ele>45.40000152587890625</ele>
        <time>2026-09-19T08:39:25.000Z</time>
        <extensions>
          <ns3:TrackPointExtension>
            <ns3:hr>131</ns3:hr>
            <ns3:cad>85</ns3:cad>
          </ns3:TrackPointExtension>
        </extensions>
      </trkpt>
      <trkpt lat="24.4892209209501743316650390625" lon="117.967906706035137176513671875">
        <ele>45.40000152587890625</ele>
        <time>2026-09-19T08:39:26.000Z</time>
        <extensions>
          <ns3:TrackPointExtension>
            <ns3:hr>131</ns3:hr>
            <ns3:cad>84</ns3:cad>
          </ns3:TrackPointExtension>
        </extensions>
      </trkpt>
      <trkpt lat="24.4892118684947490692138671875" lon="117.9679149203002452850341796875">
        <ele>45.200000762939453125</ele>
        <time>2026-09-19T08:39:27.000Z</time>
        <extensions>
          <ns3:TrackPointExtension>
            <ns3:hr>131</ns3:hr>
            <ns3:cad>84</ns3:cad>
          </ns3:TrackPointExtension>
        </extensions>
      </trkpt>
      <trkpt lat="24.489196948707103729248046875" lon="117.96792774461209774017333984375">
        <ele>45</ele>
        <time>2026-09-19T08:39:28.000Z</time>
        <extensions>
          <ns3:TrackPointExtension>
            <ns3:hr>132</ns3:hr>
            <ns3:cad>84</ns3:cad>
          </ns3:TrackPointExtension>
        </extensions>
      </trkpt>
      <trkpt lat="24.48918362148106098175048828125" lon="117.9679392278194427490234375">
        <ele>44.59999847412109375</ele>
        <time>2026-09-19T08:39:29.000Z</time>
        <extensions>
          <ns3:TrackPointExtension>
            <ns3:hr>132</ns3:hr>
            <ns3:cad>84</ns3:cad>
          </ns3:TrackPointExtension>
        </extensions>
      </trkpt>
      <trkpt lat="24.48917607776820659637451171875" lon="117.9679499566555023193359375">
        <ele>44.200000762939453125</ele>
        <time>2026-09-19T08:39:30.000Z</time>
        <extensions>
          <ns3:TrackPointExtension>
            <ns3:hr>132</ns3:hr>
            <ns3:cad>79</ns3:cad>
          </ns3:TrackPointExtension>
        </extensions>
      </trkpt>
      <trkpt lat="24.4891672767698764801025390625" lon="117.9679615236818790435791015625">
        <ele>43.799999237060546875</ele>
        <time>2026-09-19T08:39:31.000Z</time>
        <extensions>
          <ns3:TrackPointExtension>
            <ns3:hr>132</ns3:hr>
            <ns3:cad>79</ns3:cad>
          </ns3:TrackPointExtension>
        </extensions>
      </trkpt>
      <trkpt lat="24.48915663175284862518310546875" lon="117.96797300688922405242919921875">
        <ele>43.40000152587890625</ele>
        <time>2026-09-19T08:39:32.000Z</time>
        <extensions>
          <ns3:TrackPointExtension>
            <ns3:hr>132</ns3:hr>
            <ns3:cad>0</ns3:cad>
          </ns3:TrackPointExtension>
        </extensions>
      </trkpt>
      <trkpt lat="24.4891464896500110626220703125" lon="117.967987842857837677001953125">
        <ele>42.799999237060546875</ele>
        <time>2026-09-19T08:39:33.000Z</time>
        <extensions>
          <ns3:TrackPointExtension>
            <ns3:hr>132</ns3:hr>
            <ns3:cad>0</ns3:cad>
          </ns3:TrackPointExtension>
        </extensions>
      </trkpt>
      <trkpt lat="24.48913198895752429962158203125" lon="117.96800351701676845550537109375">
        <ele>42.40000152587890625</ele>
        <time>2026-09-19T08:39:34.000Z</time>
        <extensions>
          <ns3:TrackPointExtension>
            <ns3:hr>132</ns3:hr>
            <ns3:cad>0</ns3:cad>
          </ns3:TrackPointExtension>
        </extensions>
      </trkpt>
      <trkpt lat="24.489132575690746307373046875" lon="117.96801709569990634918212890625">
        <ele>41.799999237060546875</ele>
        <time>2026-09-19T08:39:35.000Z</time>
        <extensions>
          <ns3:TrackPointExtension>
            <ns3:hr>131</ns3:hr>
            <ns3:cad>0</ns3:cad>
          </ns3:TrackPointExtension>
        </extensions>
      </trkpt>
      <trkpt lat="24.4891314022243022918701171875" lon="117.96802648343145847320556640625">
        <ele>41.40000152587890625</ele>
        <time>2026-09-19T08:39:36.000Z</time>
        <extensions>
          <ns3:TrackPointExtension>
            <ns3:hr>131</ns3:hr>
            <ns3:cad>0</ns3:cad>
          </ns3:TrackPointExtension>
        </extensions>
      </trkpt>
      <trkpt lat="24.48912310414016246795654296875" lon="117.96804341487586498260498046875">
        <ele>40.799999237060546875</ele>
        <time>2026-09-19T08:39:37.000Z</time>
        <extensions>
          <ns3:TrackPointExtension>
            <ns3:hr>131</ns3:hr>
            <ns3:cad>0</ns3:cad>
          </ns3:TrackPointExtension>
        </extensions>
      </trkpt>
      <trkpt lat="24.4891139678657054901123046875" lon="117.9680597595870494842529296875">
        <ele>40.40000152587890625</ele>
        <time>2026-09-19T08:39:38.000Z</time>
        <extensions>
          <ns3:TrackPointExtension>
            <ns3:hr>131</ns3:hr>
            <ns3:cad>0</ns3:cad>
          </ns3:TrackPointExtension>
        </extensions>
      </trkpt>
      <trkpt lat="24.4891007244586944580078125" lon="117.96807928942143917083740234375">
        <ele>40</ele>
        <time>2026-09-19T08:39:39.000Z</time>
        <extensions>
          <ns3:TrackPointExtension>
            <ns3:hr>132</ns3:hr>
            <ns3:cad>0</ns3:cad>
          </ns3:TrackPointExtension>
        </extensions>
      </trkpt>
      <trkpt lat="24.4890975393354892730712890625" lon="117.968087755143642425537109375">
        <ele>39.40000152587890625</ele>
        <time>2026-09-19T08:39:40.000Z</time>
        <extensions>
          <ns3:TrackPointExtension>
            <ns3:hr>131</ns3:hr>
            <ns3:cad>0</ns3:cad>
          </ns3:TrackPointExtension>
        </extensions>
      </trkpt>
      <trkpt lat="24.48909376747906208038330078125" lon="117.96809739433228969573974609375">
        <ele>39</ele>
        <time>2026-09-19T08:39:41.000Z</time>
        <extensions>
          <ns3:TrackPointExtension>
            <ns3:hr>131</ns3:hr>
            <ns3:cad>44</ns3:cad>
          </ns3:TrackPointExtension>
        </extensions>
      </trkpt>
      <trkpt lat="24.48908052407205104827880859375" lon="117.96810963191092014312744140625">
        <ele>38.59999847412109375</ele>
        <time>2026-09-19T08:39:42.000Z</time>
        <extensions>
          <ns3:TrackPointExtension>
            <ns3:hr>131</ns3:hr>
            <ns3:cad>44</ns3:cad>
          </ns3:TrackPointExtension>
        </extensions>
      </trkpt>
      <trkpt lat="24.48906828649342060089111328125" lon="117.968121953308582305908203125">
        <ele>38</ele>
        <time>2026-09-19T08:39:43.000Z</time>
        <extensions>
          <ns3:TrackPointExtension>
            <ns3:hr>131</ns3:hr>
            <ns3:cad>44</ns3:cad>
          </ns3:TrackPointExtension>
        </extensions>
      </trkpt>
      <trkpt lat="24.4890552945435047149658203125" lon="117.96813243068754673004150390625">
        <ele>37.59999847412109375</ele>
        <time>2026-09-19T08:39:44.000Z</time>
        <extensions>
          <ns3:TrackPointExtension>
            <ns3:hr>132</ns3:hr>
            <ns3:cad>44</ns3:cad>
          </ns3:TrackPointExtension>
        </extensions>
      </trkpt>
      <trkpt lat="24.489035345613956451416015625" lon="117.9681476019322872161865234375">
        <ele>37.200000762939453125</ele>
        <time>2026-09-19T08:39:45.000Z</time>
        <extensions>
          <ns3:TrackPointExtension>
            <ns3:hr>133</ns3:hr>
            <ns3:cad>85</ns3:cad>
          </ns3:TrackPointExtension>
        </extensions>
      </trkpt>
      <trkpt lat="24.4890187494456768035888671875" lon="117.9681593365967273712158203125">
        <ele>36.59999847412109375</ele>
        <time>2026-09-19T08:39:46.000Z</time>
        <extensions>
          <ns3:TrackPointExtension>
            <ns3:hr>133</ns3:hr>
            <ns3:cad>85</ns3:cad>
          </ns3:TrackPointExtension>
        </extensions>
      </trkpt>
      <trkpt lat="24.48900726623833179473876953125" lon="117.968167550861835479736328125">
        <ele>36.200000762939453125</ele>
        <time>2026-09-19T08:39:47.000Z</time>
        <extensions>
          <ns3:TrackPointExtension>
            <ns3:hr>132</ns3:hr>
            <ns3:cad>85</ns3:cad>
          </ns3:TrackPointExtension>
        </extensions>
      </trkpt>
      <trkpt lat="24.48899209499359130859375" lon="117.96818196773529052734375">
        <ele>35.799999237060546875</ele>
        <time>2026-09-19T08:39:48.000Z</time>
        <extensions>
          <ns3:TrackPointExtension>
            <ns3:hr>132</ns3:hr>
            <ns3:cad>85</ns3:cad>
          </ns3:TrackPointExtension>
        </extensions>
      </trkpt>
      <trkpt lat="24.48897725902497768402099609375" lon="117.96819596551358699798583984375">
        <ele>35.40000152587890625</ele>
        <time>2026-09-19T08:39:49.000Z</time>
        <extensions>
          <ns3:TrackPointExtension>
            <ns3:hr>131</ns3:hr>
            <ns3:cad>85</ns3:cad>
          </ns3:TrackPointExtension>
        </extensions>
      </trkpt>
      <trkpt lat="24.48896066285669803619384765625" lon="117.96821591444313526153564453125">
        <ele>35</ele>
        <time>2026-09-19T08:39:50.000Z</time>
        <extensions>
          <ns3:TrackPointExtension>
            <ns3:hr>131</ns3:hr>
            <ns3:cad>85</ns3:cad>
          </ns3:TrackPointExtension>
        </extensions>
      </trkpt>
      <trkpt lat="24.48894624598324298858642578125" lon="117.9682294093072414398193359375">
        <ele>34.40000152587890625</ele>
        <time>2026-09-19T08:39:51.000Z</time>
        <extensions>
          <ns3:TrackPointExtension>
            <ns3:hr>130</ns3:hr>
            <ns3:cad>83</ns3:cad>
          </ns3:TrackPointExtension>
        </extensions>
      </trkpt>
      <trkpt lat="24.48893467895686626434326171875" lon="117.96824106015264987945556640625">
        <ele>33.799999237060546875</ele>
        <time>2026-09-19T08:39:52.000Z</time>
        <extensions>
          <ns3:TrackPointExtension>
            <ns3:hr>130</ns3:hr>
            <ns3:cad>83</ns3:cad>
          </ns3:TrackPointExtension>
        </extensions>
      </trkpt>
      <trkpt lat="24.4889238663017749786376953125" lon="117.968257404863834381103515625">
        <ele>33.200000762939453125</ele>
        <time>2026-09-19T08:39:53.000Z</time>
        <extensions>
          <ns3:TrackPointExtension>
            <ns3:hr>130</ns3:hr>
            <ns3:cad>83</ns3:cad>
          </ns3:TrackPointExtension>
        </extensions>
      </trkpt>
      <trkpt lat="24.48891439475119113922119140625" lon="117.968274168670177459716796875">
        <ele>32.799999237060546875</ele>
        <time>2026-09-19T08:39:54.000Z</time>
        <extensions>
          <ns3:TrackPointExtension>
            <ns3:hr>130</ns3:hr>
            <ns3:cad>83</ns3:cad>
          </ns3:TrackPointExtension>
        </extensions>
      </trkpt>
      <trkpt lat="24.48890098370611667633056640625" lon="117.96829738654196262359619140625">
        <ele>32.40000152587890625</ele>
        <time>2026-09-19T08:39:55.000Z</time>
        <extensions>
          <ns3:TrackPointExtension>
            <ns3:hr>130</ns3:hr>
            <ns3:cad>83</ns3:cad>
          </ns3:TrackPointExtension>
        </extensions>
      </trkpt>
      <trkpt lat="24.48889662511646747589111328125" lon="117.96831364743411540985107421875">
        <ele>32</ele>
        <time>2026-09-19T08:39:56.000Z</time>
        <extensions>
          <ns3:TrackPointExtension>
            <ns3:hr>130</ns3:hr>
            <ns3:cad>83</ns3:cad>
          </ns3:TrackPointExtension>
        </extensions>
      </trkpt>
      <trkpt lat="24.48888723738491535186767578125" lon="117.96833191998302936553955078125">
        <ele>31.799999237060546875</ele>
        <time>2026-09-19T08:39:57.000Z</time>
        <extensions>
          <ns3:TrackPointExtension>
            <ns3:hr>130</ns3:hr>
            <ns3:cad>83</ns3:cad>
          </ns3:TrackPointExtension>
        </extensions>
      </trkpt>
      <trkpt lat="24.48887466453015804290771484375" lon="117.96835220418870449066162109375">
        <ele>31.3999996185302734375</ele>
        <time>2026-09-19T08:39:58.000Z</time>
        <extensions>
          <ns3:TrackPointExtension>
            <ns3:hr>130</ns3:hr>
            <ns3:cad>83</ns3:cad>
          </ns3:TrackPointExtension>
        </extensions>
      </trkpt>
      <trkpt lat="24.48886678554117679595947265625" lon="117.96837114728987216949462890625">
        <ele>31.200000762939453125</ele>
        <time>2026-09-19T08:39:59.000Z</time>
        <extensions>
          <ns3:TrackPointExtension>
            <ns3:hr>130</ns3:hr>
            <ns3:cad>83</ns3:cad>
          </ns3:TrackPointExtension>
        </extensions>
      </trkpt>
      <trkpt lat="24.48885136283934116363525390625" lon="117.96839377842843532562255859375">
        <ele>31</ele>
        <time>2026-09-19T08:40:00.000Z</time>
        <extensions>
          <ns3:TrackPointExtension>
            <ns3:hr>130</ns3:hr>
            <ns3:cad>83</ns3:cad>
          </ns3:TrackPointExtension>
        </extensions>
      </trkpt>
      <trkpt lat="24.4888457469642162322998046875" lon="117.96841054223477840423583984375">
        <ele>30.799999237060546875</ele>
        <time>2026-09-19T08:40:01.000Z</time>
        <extensions>
          <ns3:TrackPointExtension>
            <ns3:hr>130</ns3:hr>
            <ns3:cad>83</ns3:cad>
          </ns3:TrackPointExtension>
        </extensions>
      </trkpt>
      <trkpt lat="24.4888407178223133087158203125" lon="117.9684408009052276611328125">
        <ele>30.799999237060546875</ele>
        <time>2026-09-19T08:40:02.000Z</time>
        <extensions>
          <ns3:TrackPointExtension>
            <ns3:hr>129</ns3:hr>
            <ns3:cad>83</ns3:cad>
          </ns3:TrackPointExtension>
        </extensions>
      </trkpt>
      <trkpt lat="24.4888407178223133087158203125" lon="117.96846636570990085601806640625">
        <ele>30.6000003814697265625</ele>
        <time>2026-09-19T08:40:03.000Z</time>
        <extensions>
          <ns3:TrackPointExtension>
            <ns3:hr>129</ns3:hr>
            <ns3:cad>83</ns3:cad>
          </ns3:TrackPointExtension>
        </extensions>
      </trkpt>
      <trkpt lat="24.48884197510778903961181640625" lon="117.96848799102008342742919921875">
        <ele>30.6000003814697265625</ele>
        <time>2026-09-19T08:40:04.000Z</time>
        <extensions>
          <ns3:TrackPointExtension>
            <ns3:hr>129</ns3:hr>
            <ns3:cad>83</ns3:cad>
          </ns3:TrackPointExtension>
        </extensions>
      </trkpt>
      <trkpt lat="24.4888460822403430938720703125" lon="117.96850182116031646728515625">
        <ele>30.3999996185302734375</ele>
        <time>2026-09-19T08:40:05.000Z</time>
        <extensions>
          <ns3:TrackPointExtension>
            <ns3:hr>129</ns3:hr>
            <ns3:cad>85</ns3:cad>
          </ns3:TrackPointExtension>
        </extensions>
      </trkpt>
      <trkpt lat="24.48884784244000911712646484375" lon="117.96851791441440582275390625">
        <ele>30.3999996185302734375</ele>
        <time>2026-09-19T08:40:06.000Z</time>
        <extensions>
          <ns3:TrackPointExtension>
            <ns3:hr>129</ns3:hr>
            <ns3:cad>85</ns3:cad>
          </ns3:TrackPointExtension>
        </extensions>
      </trkpt>
      <trkpt lat="24.48884717188775539398193359375" lon="117.96853878535330295562744140625">
        <ele>30.3999996185302734375</ele>
        <time>2026-09-19T08:40:07.000Z</time>
        <extensions>
          <ns3:TrackPointExtension>
            <ns3:hr>129</ns3:hr>
            <ns3:cad>85</ns3:cad>
          </ns3:TrackPointExtension>
        </extensions>
      </trkpt>
      <trkpt lat="24.4888464175164699554443359375" lon="117.96855789609253406524658203125">
        <ele>30.3999996185302734375</ele>
        <time>2026-09-19T08:40:08.000Z</time>
        <extensions>
          <ns3:TrackPointExtension>
            <ns3:hr>128</ns3:hr>
            <ns3:cad>85</ns3:cad>
          </ns3:TrackPointExtension>
        </extensions>
      </trkpt>
      <trkpt lat="24.488850273191928863525390625" lon="117.968567200005054473876953125">
        <ele>30.3999996185302734375</ele>
        <time>2026-09-19T08:40:09.000Z</time>
        <extensions>
          <ns3:TrackPointExtension>
            <ns3:hr>128</ns3:hr>
            <ns3:cad>85</ns3:cad>
          </ns3:TrackPointExtension>
        </extensions>
      </trkpt>
      <trkpt lat="24.48885370977222919464111328125" lon="117.96857750974595546722412109375">
        <ele>30.3999996185302734375</ele>
        <time>2026-09-19T08:40:10.000Z</time>
        <extensions>
          <ns3:TrackPointExtension>
            <ns3:hr>127</ns3:hr>
            <ns3:cad>85</ns3:cad>
          </ns3:TrackPointExtension>
        </extensions>
      </trkpt>
      <trkpt lat="24.48885018937289714813232421875" lon="117.9685864783823490142822265625">
        <ele>30.3999996185302734375</ele>
        <time>2026-09-19T08:40:11.000Z</time>
        <extensions>
          <ns3:TrackPointExtension>
            <ns3:hr>124</ns3:hr>
            <ns3:cad>85</ns3:cad>
          </ns3:TrackPointExtension>
        </extensions>
      </trkpt>
      <trkpt lat="24.48884599842131137847900390625" lon="117.9686045832931995391845703125">
        <ele>30.200000762939453125</ele>
        <time>2026-09-19T08:40:12.000Z</time>
        <extensions>
          <ns3:TrackPointExtension>
            <ns3:hr>123</ns3:hr>
            <ns3:cad>0</ns3:cad>
          </ns3:TrackPointExtension>
        </extensions>
      </trkpt>
      <trkpt lat="24.48883845470845699310302734375" lon="117.96862545423209667205810546875">
        <ele>30</ele>
        <time>2026-09-19T08:40:13.000Z</time>
        <extensions>
          <ns3:TrackPointExtension>
            <ns3:hr>122</ns3:hr>
            <ns3:cad>0</ns3:cad>
          </ns3:TrackPointExtension>
        </extensions>
      </trkpt>
      <trkpt lat="24.4888306595385074615478515625" lon="117.9686428047716617584228515625">
        <ele>29.6000003814697265625</ele>
        <time>2026-09-19T08:40:14.000Z</time>
        <extensions>
          <ns3:TrackPointExtension>
            <ns3:hr>121</ns3:hr>
            <ns3:cad>0</ns3:cad>
          </ns3:TrackPointExtension>
        </extensions>
      </trkpt>
      <trkpt lat="24.488826803863048553466796875" lon="117.968653030693531036376953125">
        <ele>29</ele>
        <time>2026-09-19T08:40:15.000Z</time>
        <extensions>
          <ns3:TrackPointExtension>
            <ns3:hr>120</ns3:hr>
            <ns3:cad>0</ns3:cad>
          </ns3:TrackPointExtension>
        </extensions>
      </trkpt>
      <trkpt lat="24.48881632648408412933349609375" lon="117.96866887249052524566650390625">
        <ele>28.6000003814697265625</ele>
        <time>2026-09-19T08:40:16.000Z</time>
        <extensions>
          <ns3:TrackPointExtension>
            <ns3:hr>119</ns3:hr>
            <ns3:cad>80</ns3:cad>
          </ns3:TrackPointExtension>
        </extensions>
      </trkpt>
      <trkpt lat="24.488806687295436859130859375" lon="117.96868395991623401641845703125">
        <ele>28.200000762939453125</ele>
        <time>2026-09-19T08:40:17.000Z</time>
        <extensions>
          <ns3:TrackPointExtension>
            <ns3:hr>119</ns3:hr>
            <ns3:cad>80</ns3:cad>
          </ns3:TrackPointExtension>
        </extensions>
      </trkpt>
      <trkpt lat="24.4888008199632167816162109375" lon="117.96869401820003986358642578125">
        <ele>28</ele>
        <time>2026-09-19T08:40:18.000Z</time>
        <extensions>
          <ns3:TrackPointExtension>
            <ns3:hr>119</ns3:hr>
            <ns3:cad>80</ns3:cad>
          </ns3:TrackPointExtension>
        </extensions>
      </trkpt>
      <trkpt lat="24.48879637755453586578369140625" lon="117.96870256774127483367919921875">
        <ele>27.799999237060546875</ele>
        <time>2026-09-19T08:40:19.000Z</time>
        <extensions>
          <ns3:TrackPointExtension>
            <ns3:hr>119</ns3:hr>
            <ns3:cad>80</ns3:cad>
          </ns3:TrackPointExtension>
        </extensions>
      </trkpt>
      <trkpt lat="24.48878598399460315704345703125" lon="117.9687158949673175811767578125">
        <ele>27.6000003814697265625</ele>
        <time>2026-09-19T08:40:20.000Z</time>
        <extensions>
          <ns3:TrackPointExtension>
            <ns3:hr>118</ns3:hr>
            <ns3:cad>80</ns3:cad>
          </ns3:TrackPointExtension>
        </extensions>
      </trkpt>
      <trkpt lat="24.48877609334886074066162109375" lon="117.9687269590795040130615234375">
        <ele>27.6000003814697265625</ele>
        <time>2026-09-19T08:40:21.000Z</time>
        <extensions>
          <ns3:TrackPointExtension>
            <ns3:hr>119</ns3:hr>
            <ns3:cad>0</ns3:cad>
          </ns3:TrackPointExtension>
        </extensions>
      </trkpt>
      <trkpt lat="24.48876678943634033203125" lon="117.9687363468110561370849609375">
        <ele>27.200000762939453125</ele>
        <time>2026-09-19T08:40:22.000Z</time>
        <extensions>
          <ns3:TrackPointExtension>
            <ns3:hr>119</ns3:hr>
            <ns3:cad>0</ns3:cad>
          </ns3:TrackPointExtension>
        </extensions>
      </trkpt>
      <trkpt lat="24.4887558929622173309326171875" lon="117.9687527753412723541259765625">
        <ele>26.799999237060546875</ele>
        <time>2026-09-19T08:40:23.000Z</time>
        <extensions>
          <ns3:TrackPointExtension>
            <ns3:hr>118</ns3:hr>
            <ns3:cad>0</ns3:cad>
          </ns3:TrackPointExtension>
        </extensions>
      </trkpt>
      <trkpt lat="24.48875128291547298431396484375" lon="117.968766689300537109375">
        <ele>26.3999996185302734375</ele>
        <time>2026-09-19T08:40:24.000Z</time>
        <extensions>
          <ns3:TrackPointExtension>
            <ns3:hr>118</ns3:hr>
            <ns3:cad>0</ns3:cad>
          </ns3:TrackPointExtension>
        </extensions>
      </trkpt>
      <trkpt lat="24.48874005116522312164306640625" lon="117.96878471039235591888427734375">
        <ele>25.799999237060546875</ele>
        <time>2026-09-19T08:40:25.000Z</time>
        <extensions>
          <ns3:TrackPointExtension>
            <ns3:hr>118</ns3:hr>
            <ns3:cad>0</ns3:cad>
          </ns3:TrackPointExtension>
        </extensions>
      </trkpt>
      <trkpt lat="24.48873200453817844390869140625" lon="117.96880147419869899749755859375">
        <ele>25.3999996185302734375</ele>
        <time>2026-09-19T08:40:26.000Z</time>
        <extensions>
          <ns3:TrackPointExtension>
            <ns3:hr>119</ns3:hr>
            <ns3:cad>0</ns3:cad>
          </ns3:TrackPointExtension>
        </extensions>
      </trkpt>
      <trkpt lat="24.48872077278792858123779296875" lon="117.96882041729986667633056640625">
        <ele>24.799999237060546875</ele>
        <time>2026-09-19T08:40:27.000Z</time>
        <extensions>
          <ns3:TrackPointExtension>
            <ns3:hr>118</ns3:hr>
            <ns3:cad>0</ns3:cad>
          </ns3:TrackPointExtension>
        </extensions>
      </trkpt>
      <trkpt lat="24.48870954103767871856689453125" lon="117.9688396118581295013427734375">
        <ele>24.200000762939453125</ele>
        <time>2026-09-19T08:40:28.000Z</time>
        <extensions>
          <ns3:TrackPointExtension>
            <ns3:hr>118</ns3:hr>
            <ns3:cad>0</ns3:cad>
          </ns3:TrackPointExtension>
        </extensions>
      </trkpt>
      <trkpt lat="24.4886948727071285247802734375" lon="117.9688583873212337493896484375">
        <ele>23.799999237060546875</ele>
        <time>2026-09-19T08:40:29.000Z</time>
        <extensions>
          <ns3:TrackPointExtension>
            <ns3:hr>118</ns3:hr>
            <ns3:cad>0</ns3:cad>
          </ns3:TrackPointExtension>
        </extensions>
      </trkpt>
      <trkpt lat="24.48868162930011749267578125" lon="117.9688754864037036895751953125">
        <ele>23.200000762939453125</ele>
        <time>2026-09-19T08:40:30.000Z</time>
        <extensions>
          <ns3:TrackPointExtension>
            <ns3:hr>118</ns3:hr>
            <ns3:cad>0</ns3:cad>
          </ns3:TrackPointExtension>
        </extensions>
      </trkpt>
      <trkpt lat="24.48866813443601131439208984375" lon="117.96889602206647396087646484375">
        <ele>23</ele>
        <time>2026-09-19T08:40:31.000Z</time>
        <extensions>
          <ns3:TrackPointExtension>
            <ns3:hr>118</ns3:hr>
            <ns3:cad>0</ns3:cad>
          </ns3:TrackPointExtension>
        </extensions>
      </trkpt>
      <trkpt lat="24.48865480720996856689453125" lon="117.9689163900911808013916015625">
        <ele>23</ele>
        <time>2026-09-19T08:40:32.000Z</time>
        <extensions>
          <ns3:TrackPointExtension>
            <ns3:hr>119</ns3:hr>
            <ns3:cad>0</ns3:cad>
          </ns3:TrackPointExtension>
        </extensions>
      </trkpt>
      <trkpt lat="24.48864080943167209625244140625" lon="117.96893441118299961090087890625">
        <ele>23</ele>
        <time>2026-09-19T08:40:33.000Z</time>
        <extensions>
          <ns3:TrackPointExtension>
            <ns3:hr>120</ns3:hr>
            <ns3:cad>0</ns3:cad>
          </ns3:TrackPointExtension>
        </extensions>
      </trkpt>
      <trkpt lat="24.4886157475411891937255859375" lon="117.96896039508283138275146484375">
        <ele>23</ele>
        <time>2026-09-19T08:40:34.000Z</time>
        <extensions>
          <ns3:TrackPointExtension>
            <ns3:hr>120</ns3:hr>
            <ns3:cad>0</ns3:cad>
          </ns3:TrackPointExtension>
        </extensions>
      </trkpt>
      <trkpt lat="24.48860979638993740081787109375" lon="117.96896517276763916015625">
        <ele>23.200000762939453125</ele>
        <time>2026-09-19T08:40:35.000Z</time>
        <extensions>
          <ns3:TrackPointExtension>
            <ns3:hr>120</ns3:hr>
            <ns3:cad>0</ns3:cad>
          </ns3:TrackPointExtension>
        </extensions>
      </trkpt>
      <trkpt lat="24.4886060245335102081298828125" lon="117.96897414140403270721435546875">
        <ele>23.3999996185302734375</ele>
        <time>2026-09-19T08:40:36.000Z</time>
        <extensions>
          <ns3:TrackPointExtension>
            <ns3:hr>120</ns3:hr>
            <ns3:cad>0</ns3:cad>
          </ns3:TrackPointExtension>
        </extensions>
      </trkpt>
    </trkseg>
  </trk>
</gpx>
